0 -24060.25390  -6695.88334   5426.76296   0.6957334   0.3042598   3.4726557 2026 01 14 08 56 01.84
0 -24046.24113  -6689.79356   5496.18983   0.7055509   0.3047008   3.4700469 2026 01 14 08 56 21.84
0 -24032.03206  -6683.69526   5565.56418   0.7153644   0.3051108   3.4674049 2026 01 14 08 56 41.84
0 -24017.62677  -6677.58907   5634.88537   0.7251736   0.3054900   3.4647298 2026 01 14 08 57 01.84
0 -24003.02533  -6671.47561   5704.15272   0.7349785   0.3058382   3.4620217 2026 01 14 08 57 21.84
0 -23988.22784  -6665.35549   5773.36558   0.7447787   0.3061556   3.4592805 2026 01 14 08 57 41.84
0 -23973.23440  -6659.22934   5842.52329   0.7545743   0.3064421   3.4565062 2026 01 14 08 58 01.84
0 -23958.04509  -6653.09776   5911.62518   0.7643649   0.3066977   3.4536989 2026 01 14 08 58 21.84
0 -23942.66002  -6646.96138   5980.67059   0.7741505   0.3069225   3.4508587 2026 01 14 08 58 41.84
0 -23927.07929  -6640.82081   6049.65888   0.7839309   0.3071164   3.4479855 2026 01 14 08 59 01.84
0 -23911.30301  -6634.67667   6118.58937   0.7937059   0.3072796   3.4450794 2026 01 14 08 59 21.84
0 -23895.33128  -6628.52957   6187.46140   0.8034754   0.3074119   3.4421405 2026 01 14 08 59 41.84
0 -23879.16422  -6622.38014   6256.27434   0.8132392   0.3075134   3.4391686 2026 01 14 09 00 01.84
0 -23862.80195  -6616.22898   6325.02750   0.8229972   0.3075842   3.4361639 2026 01 14 09 00 21.84
0 -23846.24457  -6610.07672   6393.72025   0.8327491   0.3076242   3.4331264 2026 01 14 09 00 41.84
0 -23829.49222  -6603.92396   6462.35191   0.8424948   0.3076334   3.4300561 2026 01 14 09 01 01.84
0 -23812.54502  -6597.77132   6530.92185   0.8522342   0.3076120   3.4269531 2026 01 14 09 01 21.84
0 -23795.40310  -6591.61942   6599.42939   0.8619671   0.3075598   3.4238174 2026 01 14 09 01 41.84
0 -23778.06658  -6585.46887   6667.87390   0.8716933   0.3074770   3.4206490 2026 01 14 09 02 01.84
0 -23760.53561  -6579.32029   6736.25471   0.8814128   0.3073635   3.4174479 2026 01 14 09 02 21.84
0 -23742.81032  -6573.17428   6804.57117   0.8911252   0.3072193   3.4142142 2026 01 14 09 02 41.84
0 -23724.89086  -6567.03146   6872.82263   0.9008304   0.3070446   3.4109479 2026 01 14 09 03 01.84
0 -23706.77736  -6560.89244   6941.00845   0.9105284   0.3068392   3.4076490 2026 01 14 09 03 21.84
0 -23688.46998  -6554.75783   7009.12796   0.9202189   0.3066033   3.4043176 2026 01 14 09 03 41.84
0 -23669.96886  -6548.62824   7077.18051   0.9299018   0.3063368   3.4009537 2026 01 14 09 04 01.84
0 -23651.27417  -6542.50430   7145.16547   0.9395769   0.3060398   3.3975573 2026 01 14 09 04 21.84
0 -23632.38605  -6536.38659   7213.08217   0.9492440   0.3057123   3.3941285 2026 01 14 09 04 41.84
0 -23613.30467  -6530.27574   7280.92997   0.9589031   0.3053544   3.3906673 2026 01 14 09 05 01.84
0 -23594.03020  -6524.17236   7348.70823   0.9685538   0.3049660   3.3871737 2026 01 14 09 05 21.84
0 -23574.56279  -6518.07704   7416.41629   0.9781962   0.3045471   3.3836478 2026 01 14 09 05 41.84
0 -23554.90263  -6511.99041   7484.05351   0.9878299   0.3040979   3.3800896 2026 01 14 09 06 01.84
0 -23535.04987  -6505.91306   7551.61924   0.9974549   0.3036183   3.3764991 2026 01 14 09 06 21.84
0 -23515.00471  -6499.84561   7619.11284   1.0070710   0.3031084   3.3728764 2026 01 14 09 06 41.84
0 -23494.76731  -6493.78866   7686.53367   1.0166781   0.3025682   3.3692215 2026 01 14 09 07 01.84
0 -23474.33787  -6487.74282   7753.88107   1.0262759   0.3019977   3.3655344 2026 01 14 09 07 21.84
0 -23453.71656  -6481.70869   7821.15442   1.0358643   0.3013970   3.3618152 2026 01 14 09 07 41.84
0 -23432.90358  -6475.68688   7888.35306   1.0454432   0.3007660   3.3580639 2026 01 14 09 08 01.84
0 -23411.89913  -6469.67798   7955.47635   1.0550124   0.3001049   3.3542806 2026 01 14 09 08 21.84
0 -23390.70338  -6463.68261   8022.52366   1.0645717   0.2994137   3.3504652 2026 01 14 09 08 41.84
0 -23369.31655  -6457.70137   8089.49434   1.0741210   0.2986923   3.3466178 2026 01 14 09 09 01.84
0 -23347.73884  -6451.73485   8156.38775   1.0836602   0.2979409   3.3427385 2026 01 14 09 09 21.84
0 -23325.97044  -6445.78367   8223.20326   1.0931890   0.2971595   3.3388273 2026 01 14 09 09 41.84
0 -23304.01158  -6439.84841   8289.94022   1.1027073   0.2963480   3.3348842 2026 01 14 09 10 01.84
0 -23281.86246  -6433.92968   8356.59801   1.1122150   0.2955066   3.3309093 2026 01 14 09 10 21.84
0 -23259.52329  -6428.02807   8423.17598   1.1217119   0.2946353   3.3269026 2026 01 14 09 10 41.84
0 -23236.99429  -6422.14420   8489.67350   1.1311978   0.2937340   3.3228641 2026 01 14 09 11 01.84
0 -23214.27568  -6416.27864   8556.08993   1.1406726   0.2928030   3.3187939 2026 01 14 09 11 21.84
0 -23191.36770  -6410.43201   8622.42464   1.1501361   0.2918421   3.3146921 2026 01 14 09 11 41.84
0 -23168.27055  -6404.60489   8688.67700   1.1595882   0.2908514   3.3105585 2026 01 14 09 12 01.84
0 -23144.98449  -6398.79788   8754.84637   1.1690288   0.2898311   3.3063934 2026 01 14 09 12 21.84
0 -23121.50972  -6393.01157   8820.93212   1.1784575   0.2887810   3.3021967 2026 01 14 09 12 41.84
0 -23097.84651  -6387.24656   8886.93363   1.1878744   0.2877013   3.2979685 2026 01 14 09 13 01.84
0 -23073.99507  -6381.50344   8952.85025   1.1972792   0.2865920   3.2937089 2026 01 14 09 13 21.84
0 -23049.95567  -6375.78281   9018.68137   1.2066718   0.2854532   3.2894177 2026 01 14 09 13 41.84
0 -23025.72853  -6370.08524   9084.42636   1.2160521   0.2842848   3.2850952 2026 01 14 09 14 01.84
0 -23001.31391  -6364.41134   9150.08458   1.2254198   0.2830870   3.2807413 2026 01 14 09 14 21.84
0 -22976.71207  -6358.76168   9215.65541   1.2347749   0.2818598   3.2763561 2026 01 14 09 14 41.84
0 -22951.92325  -6353.13687   9281.13822   1.2441171   0.2806032   3.2719396 2026 01 14 09 15 01.84
0 -22926.94772  -6347.53748   9346.53239   1.2534463   0.2793172   3.2674919 2026 01 14 09 15 21.84
0 -22901.78574  -6341.96410   9411.83729   1.2627624   0.2780020   3.2630130 2026 01 14 09 15 41.84
0 -22876.43757  -6336.41732   9477.05231   1.2720653   0.2766576   3.2585030 2026 01 14 09 16 01.84
0 -22850.90348  -6330.89772   9542.17681   1.2813546   0.2752840   3.2539618 2026 01 14 09 16 21.84
0 -22825.18373  -6325.40588   9607.21019   1.2906304   0.2738812   3.2493896 2026 01 14 09 16 41.84
0 -22799.27861  -6319.94239   9672.15180   1.2998925   0.2724494   3.2447864 2026 01 14 09 17 01.84
0 -22773.18838  -6314.50782   9737.00105   1.3091406   0.2709886   3.2401522 2026 01 14 09 17 21.84
0 -22746.91334  -6309.10276   9801.75730   1.3183747   0.2694987   3.2354870 2026 01 14 09 17 41.84
0 -22720.45375  -6303.72779   9866.41993   1.3275945   0.2679800   3.2307910 2026 01 14 09 18 01.84
0 -22693.80991  -6298.38348   9930.98834   1.3368000   0.2664323   3.2260641 2026 01 14 09 18 21.84
0 -22666.98211  -6293.07041   9995.46191   1.3459910   0.2648559   3.2213065 2026 01 14 09 18 41.84
0 -22639.97063  -6287.78916  10059.84001   1.3551674   0.2632507   3.2165181 2026 01 14 09 19 01.84
0 -22612.77578  -6282.54030  10124.12204   1.3643289   0.2616168   3.2116990 2026 01 14 09 19 21.84
0 -22585.39784  -6277.32440  10188.30739   1.3734755   0.2599542   3.2068492 2026 01 14 09 19 41.84
0 -22557.83713  -6272.14204  10252.39543   1.3826069   0.2582631   3.2019688 2026 01 14 09 20 01.84
0 -22530.09394  -6266.99379  10316.38555   1.3917231   0.2565434   3.1970579 2026 01 14 09 20 21.84
0 -22502.16858  -6261.88022  10380.27716   1.4008238   0.2547952   3.1921164 2026 01 14 09 20 41.84
0 -22474.06136  -6256.80190  10444.06963   1.4099090   0.2530186   3.1871444 2026 01 14 09 21 01.84
0 -22445.77259  -6251.75939  10507.76235   1.4189785   0.2512137   3.1821421 2026 01 14 09 21 21.84
0 -22417.30260  -6246.75326  10571.35473   1.4280321   0.2493804   3.1771093 2026 01 14 09 21 41.84
0 -22388.65169  -6241.78408  10634.84615   1.4370697   0.2475189   3.1720463 2026 01 14 09 22 01.84
0 -22359.82019  -6236.85241  10698.23600   1.4460912   0.2456292   3.1669529 2026 01 14 09 22 21.84
0 -22330.80843  -6231.95882  10761.52369   1.4550963   0.2437114   3.1618293 2026 01 14 09 22 41.84
0 -22301.61673  -6227.10386  10824.70860   1.4640850   0.2417655   3.1566755 2026 01 14 09 23 01.84
0 -22272.24542  -6222.28810  10887.79014   1.4730571   0.2397917   3.1514916 2026 01 14 09 23 21.84
0 -22242.69484  -6217.51210  10950.76770   1.4820124   0.2377899   3.1462776 2026 01 14 09 23 41.84
0 -22212.96532  -6212.77641  11013.64067   1.4909508   0.2357602   3.1410336 2026 01 14 09 24 01.84
0 -22183.05720  -6208.08159  11076.40847   1.4998722   0.2337028   3.1357596 2026 01 14 09 24 21.84
0 -22152.97083  -6203.42820  11139.07049   1.5087763   0.2316176   3.1304556 2026 01 14 09 24 41.84
0 -22122.70655  -6198.81679  11201.62613   1.5176632   0.2295047   3.1251218 2026 01 14 09 25 01.84
0 -22092.26470  -6194.24792  11264.07480   1.5265325   0.2273642   3.1197581 2026 01 14 09 25 21.84
0 -22061.64565  -6189.72213  11326.41589   1.5353842   0.2251962   3.1143647 2026 01 14 09 25 41.84
0 -22030.84974  -6185.23997  11388.64882   1.5442182   0.2230007   3.1089415 2026 01 14 09 26 01.84
0 -21999.87733  -6180.80200  11450.77299   1.5530342   0.2207778   3.1034886 2026 01 14 09 26 21.84
0 -21968.72878  -6176.40875  11512.78781   1.5618321   0.2185276   3.0980061 2026 01 14 09 26 41.84
0 -21937.40446  -6172.06079  11574.69268   1.5706119   0.2162501   3.0924941 2026 01 14 09 27 01.84
0 -21905.90472  -6167.75864  11636.48702   1.5793733   0.2139455   3.0869525 2026 01 14 09 27 21.84
0 -21874.22994  -6163.50287  11698.17023   1.5881161   0.2116137   3.0813814 2026 01 14 09 27 41.84
0 -21842.38049  -6159.29399  11759.74172   1.5968404   0.2092548   3.0757809 2026 01 14 09 28 01.84
0 -21810.35675  -6155.13257  11821.20091   1.6055459   0.2068690   3.0701511 2026 01 14 09 28 21.84
0 -21778.15908  -6151.01913  11882.54721   1.6142324   0.2044563   3.0644919 2026 01 14 09 28 41.84
0 -21745.78788  -6146.95421  11943.78004   1.6228999   0.2020167   3.0588035 2026 01 14 09 29 01.84
0 -21713.24351  -6142.93835  12004.89880   1.6315481   0.1995504   3.0530859 2026 01 14 09 29 21.84
0 -21680.52638  -6138.97208  12065.90292   1.6401770   0.1970574   3.0473391 2026 01 14 09 29 41.84
0 -21647.63686  -6135.05594  12126.79182   1.6487864   0.1945379   3.0415632 2026 01 14 09 30 01.84
0 -21614.57535  -6131.19045  12187.56491   1.6573762   0.1919917   3.0357583 2026 01 14 09 30 21.84
0 -21581.34225  -6127.37616  12248.22161   1.6659462   0.1894191   3.0299244 2026 01 14 09 30 41.84
0 -21547.93794  -6123.61358  12308.76135   1.6744963   0.1868202   3.0240616 2026 01 14 09 31 01.84
0 -21514.36283  -6119.90324  12369.18353   1.6830264   0.1841949   3.0181699 2026 01 14 09 31 21.84
0 -21480.61732  -6116.24566  12429.48760   1.6915362   0.1815435   3.0122494 2026 01 14 09 31 41.84
0 -21446.70182  -6112.64138  12489.67297   1.7000257   0.1788658   3.0063001 2026 01 14 09 32 01.84
0 -21412.61674  -6109.09091  12549.73907   1.7084948   0.1761622   3.0003221 2026 01 14 09 32 21.84
0 -21378.36248  -6105.59478  12609.68532   1.7169432   0.1734325   2.9943155 2026 01 14 09 32 41.84
0 -21343.93946  -6102.15350  12669.51116   1.7253709   0.1706769   2.9882803 2026 01 14 09 33 01.84
0 -21309.34809  -6098.76758  12729.21600   1.7337777   0.1678956   2.9822165 2026 01 14 09 33 21.84
0 -21274.58880  -6095.43756  12788.79929   1.7421635   0.1650884   2.9761243 2026 01 14 09 33 41.84
0 -21239.66201  -6092.16393  12848.26045   1.7505281   0.1622557   2.9700036 2026 01 14 09 34 01.84
0 -21204.56813  -6088.94721  12907.59891   1.7588714   0.1593973   2.9638546 2026 01 14 09 34 21.84
0 -21169.30761  -6085.78791  12966.81410   1.7671933   0.1565135   2.9576773 2026 01 14 09 34 41.84
0 -21133.88086  -6082.68655  13025.90547   1.7754937   0.1536042   2.9514717 2026 01 14 09 35 01.84
0 -21098.28832  -6079.64362  13084.87245   1.7837723   0.1506697   2.9452380 2026 01 14 09 35 21.84
0 -21062.53043  -6076.65963  13143.71447   1.7920291   0.1477099   2.9389761 2026 01 14 09 35 41.84
0 -21026.60762  -6073.73510  13202.43098   1.8002639   0.1447249   2.9326862 2026 01 14 09 36 01.84
0 -20990.52033  -6070.87051  13261.02140   1.8084767   0.1417149   2.9263682 2026 01 14 09 36 21.84
0 -20954.26902  -6068.06637  13319.48519   1.8166672   0.1386799   2.9200224 2026 01 14 09 36 41.84
0 -20917.85412  -6065.32318  13377.82178   1.8248353   0.1356201   2.9136486 2026 01 14 09 37 01.84
0 -20881.27608  -6062.64144  13436.03062   1.8329809   0.1325354   2.9072470 2026 01 14 09 37 21.84
0 -20844.53535  -6060.02164  13494.11115   1.8411039   0.1294260   2.9008176 2026 01 14 09 37 41.84
0 -20807.63239  -6057.46427  13552.06281   1.8492042   0.1262921   2.8943605 2026 01 14 09 38 01.84
0 -20770.56766  -6054.96982  13609.88506   1.8572815   0.1231335   2.8878758 2026 01 14 09 38 21.84
0 -20733.34161  -6052.53879  13667.57734   1.8653358   0.1199506   2.8813635 2026 01 14 09 38 41.84
0 -20695.95470  -6050.17166  13725.13909   1.8733670   0.1167433   2.8748237 2026 01 14 09 39 01.84
0 -20658.40741  -6047.86892  13782.56978   1.8813749   0.1135117   2.8682564 2026 01 14 09 39 21.84
0 -20620.70019  -6045.63106  13839.86885   1.8893593   0.1102560   2.8616618 2026 01 14 09 39 41.84
0 -20582.83352  -6043.45855  13897.03575   1.8973202   0.1069762   2.8550398 2026 01 14 09 40 01.84
0 -20544.80787  -6041.35187  13954.06994   1.9052575   0.1036724   2.8483905 2026 01 14 09 40 21.84
0 -20506.62371  -6039.31151  14010.97087   1.9131709   0.1003447   2.8417140 2026 01 14 09 40 41.84
0 -20468.28152  -6037.33794  14067.73800   1.9210604   0.0969933   2.8350104 2026 01 14 09 41 01.84
0 -20429.78178  -6035.43164  14124.37079   1.9289259   0.0936181   2.8282797 2026 01 14 09 41 21.84
0 -20391.12498  -6033.59308  14180.86870   1.9367671   0.0902194   2.8215220 2026 01 14 09 41 41.84
0 -20352.31159  -6031.82272  14237.23118   1.9445841   0.0867971   2.8147373 2026 01 14 09 42 01.84
0 -20313.34211  -6030.12105  14293.45770   1.9523766   0.0833515   2.8079257 2026 01 14 09 42 21.84
0 -20274.21702  -6028.48852  14349.54772   1.9601446   0.0798825   2.8010873 2026 01 14 09 42 41.84
0 -20234.93683  -6026.92560  14405.50070   1.9678879   0.0763904   2.7942222 2026 01 14 09 43 01.84
0 -20195.50201  -6025.43275  14461.31612   1.9756063   0.0728751   2.7873304 2026 01 14 09 43 21.84
0 -20155.91308  -6024.01045  14516.99344   1.9832999   0.0693368   2.7804119 2026 01 14 09 43 41.84
0 -20116.17052  -6022.65913  14572.53212   1.9909683   0.0657756   2.7734669 2026 01 14 09 44 01.84
0 -20076.27485  -6021.37927  14627.93163   1.9986116   0.0621915   2.7664954 2026 01 14 09 44 21.84
0 -20036.22656  -6020.17132  14683.19145   2.0062296   0.0585848   2.7594974 2026 01 14 09 44 41.84
0 -19996.02617  -6019.03573  14738.31105   2.0138222   0.0549554   2.7524731 2026 01 14 09 45 01.84
0 -19955.67419  -6017.97295  14793.28990   2.0213892   0.0513036   2.7454225 2026 01 14 09 45 21.84
0 -19915.17112  -6016.98343  14848.12747   2.0289306   0.0476293   2.7383456 2026 01 14 09 45 41.84
0 -19874.51748  -6016.06762  14902.82325   2.0364461   0.0439327   2.7312426 2026 01 14 09 46 01.84
0 -19833.71379  -6015.22597  14957.37671   2.0439358   0.0402139   2.7241135 2026 01 14 09 46 21.84
0 -19792.76056  -6014.45891  15011.78732   2.0513994   0.0364730   2.7169584 2026 01 14 09 46 41.84
0 -19751.65833  -6013.76689  15066.05457   2.0588369   0.0327101   2.7097773 2026 01 14 09 47 01.84
0 -19710.40761  -6013.15035  15120.17794   2.0662481   0.0289253   2.7025703 2026 01 14 09 47 21.84
0 -19669.00893  -6012.60972  15174.15692   2.0736329   0.0251188   2.6953375 2026 01 14 09 47 41.84
0 -19627.46282  -6012.14543  15227.99098   2.0809912   0.0212905   2.6880789 2026 01 14 09 48 01.84
0 -19585.76981  -6011.75793  15281.67961   2.0883229   0.0174407   2.6807946 2026 01 14 09 48 21.84
0 -19543.93043  -6011.44764  15335.22230   2.0956279   0.0135694   2.6734847 2026 01 14 09 48 41.84
0 -19501.94522  -6011.21499  15388.61854   2.1029060   0.0096767   2.6661493 2026 01 14 09 49 01.84
0 -19459.81472  -6011.06041  15441.86782   2.1101571   0.0057628   2.6587884 2026 01 14 09 49 21.84
0 -19417.53947  -6010.98431  15494.96963   2.1173812   0.0018278   2.6514021 2026 01 14 09 49 41.84
0 -19375.12000  -6010.98713  15547.92345   2.1245781  -0.0021283   2.6439904 2026 01 14 09 50 01.84
0 -19332.55688  -6011.06928  15600.72879   2.1317476  -0.0061054   2.6365535 2026 01 14 09 50 21.84
0 -19289.85064  -6011.23117  15653.38514   2.1388897  -0.0101032   2.6290914 2026 01 14 09 50 41.84
0 -19247.00183  -6011.47323  15705.89200   2.1460043  -0.0141218   2.6216041 2026 01 14 09 51 01.84
0 -19204.01100  -6011.79587  15758.24886   2.1530912  -0.0181609   2.6140918 2026 01 14 09 51 21.84
0 -19160.87872  -6012.19950  15810.45522   2.1601504  -0.0222206   2.6065545 2026 01 14 09 51 41.84
0 -19117.60553  -6012.68452  15862.51060   2.1671817  -0.0263006   2.5989923 2026 01 14 09 52 01.84
0 -19074.19199  -6013.25134  15914.41447   2.1741850  -0.0304009   2.5914052 2026 01 14 09 52 21.84
0 -19030.63867  -6013.90038  15966.16636   2.1811602  -0.0345213   2.5837934 2026 01 14 09 52 41.84
0 -18986.94613  -6014.63202  16017.76577   2.1881072  -0.0386618   2.5761568 2026 01 14 09 53 01.84
0 -18943.11493  -6015.44667  16069.21220   2.1950259  -0.0428222   2.5684957 2026 01 14 09 53 21.84
0 -18899.14564  -6016.34473  16120.50516   2.2019161  -0.0470024   2.5608099 2026 01 14 09 53 41.84
0 -18855.03884  -6017.32658  16171.64417   2.2087779  -0.0512023   2.5530997 2026 01 14 09 54 01.84
0 -18810.79508  -6018.39264  16222.62872   2.2156109  -0.0554218   2.5453651 2026 01 14 09 54 21.84
0 -18766.41495  -6019.54327  16273.45834   2.2224153  -0.0596608   2.5376062 2026 01 14 09 54 41.84
0 -18721.89902  -6020.77888  16324.13254   2.2291908  -0.0639191   2.5298230 2026 01 14 09 55 01.84
0 -18677.24788  -6022.09985  16374.65083   2.2359373  -0.0681966   2.5220156 2026 01 14 09 55 21.84
0 -18632.46209  -6023.50656  16425.01274   2.2426547  -0.0724933   2.5141841 2026 01 14 09 55 41.84
0 -18587.54225  -6024.99940  16475.21777   2.2493430  -0.0768090   2.5063285 2026 01 14 09 56 01.84
0 -18542.48893  -6026.57873  16525.26546   2.2560020  -0.0811436   2.4984490 2026 01 14 09 56 21.84
0 -18497.30273  -6028.24495  16575.15531   2.2626316  -0.0854969   2.4905456 2026 01 14 09 56 41.84
0 -18451.98423  -6029.99842  16624.88686   2.2692318  -0.0898689   2.4826183 2026 01 14 09 57 01.84
0 -18406.53402  -6031.83951  16674.45963   2.2758023  -0.0942594   2.4746674 2026 01 14 09 57 21.84
0 -18360.95270  -6033.76860  16723.87314   2.2823432  -0.0986683   2.4666927 2026 01 14 09 57 41.84
0 -18315.24086  -6035.78605  16773.12693   2.2888542  -0.1030955   2.4586945 2026 01 14 09 58 01.84
0 -18269.39910  -6037.89222  16822.22051   2.2953354  -0.1075409   2.4506727 2026 01 14 09 58 21.84
0 -18223.42801  -6040.08748  16871.15343   2.3017866  -0.1120043   2.4426276 2026 01 14 09 58 41.84
0 -18177.32820  -6042.37219  16919.92521   2.3082077  -0.1164857   2.4345590 2026 01 14 09 59 01.84
0 -18131.10027  -6044.74671  16968.53538   2.3145986  -0.1209848   2.4264672 2026 01 14 09 59 21.84
0 -18084.74483  -6047.21139  17016.98349   2.3209592  -0.1255017   2.4183521 2026 01 14 09 59 41.84
0 -18038.26248  -6049.76658  17065.26907   2.3272894  -0.1300361   2.4102139 2026 01 14 10 00 01.84
0 -17991.65383  -6052.41263  17113.39165   2.3335892  -0.1345880   2.4020527 2026 01 14 10 00 21.84
0 -17944.91949  -6055.14989  17161.35077   2.3398583  -0.1391571   2.3938685 2026 01 14 10 00 41.84
0 -17898.06008  -6057.97871  17209.14599   2.3460968  -0.1437435   2.3856613 2026 01 14 10 01 01.84
0 -17851.07620  -6060.89942  17256.77683   2.3523045  -0.1483470   2.3774314 2026 01 14 10 01 21.84
0 -17803.96848  -6063.91238  17304.24285   2.3584813  -0.1529674   2.3691787 2026 01 14 10 01 41.84
0 -17756.73753  -6067.01791  17351.54359   2.3646271  -0.1576046   2.3609033 2026 01 14 10 02 01.84
0 -17709.38397  -6070.21635  17398.67860   2.3707419  -0.1622585   2.3526054 2026 01 14 10 02 21.84
0 -17661.90843  -6073.50804  17445.64742   2.3768256  -0.1669290   2.3442849 2026 01 14 10 02 41.84
0 -17614.31154  -6076.89330  17492.44961   2.3828780  -0.1716159   2.3359420 2026 01 14 10 03 01.84
0 -17566.59390  -6080.37246  17539.08471   2.3888990  -0.1763192   2.3275768 2026 01 14 10 03 21.84
0 -17518.75616  -6083.94585  17585.55229   2.3948886  -0.1810386   2.3191892 2026 01 14 10 03 41.84
0 -17470.79895  -6087.61379  17631.85190   2.4008467  -0.1857741   2.3107795 2026 01 14 10 04 01.84
0 -17422.72288  -6091.37660  17677.98310   2.4067732  -0.1905256   2.3023477 2026 01 14 10 04 21.84
0 -17374.52861  -6095.23460  17723.94543   2.4126680  -0.1952928   2.2938938 2026 01 14 10 04 41.84
0 -17326.21676  -6099.18809  17769.73847   2.4185310  -0.2000758   2.2854180 2026 01 14 10 05 01.84
0 -17277.78796  -6103.23741  17815.36178   2.4243621  -0.2048743   2.2769203 2026 01 14 10 05 21.84
0 -17229.24287  -6107.38284  17860.81491   2.4301612  -0.2096882   2.2684008 2026 01 14 10 05 41.84
0 -17180.58211  -6111.62471  17906.09744   2.4359283  -0.2145174   2.2598596 2026 01 14 10 06 01.84
0 -17131.80633  -6115.96332  17951.20893   2.4416632  -0.2193618   2.2512967 2026 01 14 10 06 21.84
0 -17082.91618  -6120.39896  17996.14894   2.4473659  -0.2242212   2.2427123 2026 01 14 10 06 41.84
0 -17033.91229  -6124.93194  18040.91705   2.4530363  -0.2290956   2.2341064 2026 01 14 10 07 01.84
0 -16984.79533  -6129.56255  18085.51284   2.4586743  -0.2339847   2.2254792 2026 01 14 10 07 21.84
0 -16935.56592  -6134.29110  18129.93586   2.4642798  -0.2388884   2.2168306 2026 01 14 10 07 41.84
0 -16886.22474  -6139.11786  18174.18570   2.4698527  -0.2438067   2.2081608 2026 01 14 10 08 01.84
0 -16836.77242  -6144.04313  18218.26194   2.4753929  -0.2487393   2.1994698 2026 01 14 10 08 21.84
0 -16787.20962  -6149.06720  18262.16414   2.4809005  -0.2536862   2.1907578 2026 01 14 10 08 41.84
0 -16737.53700  -6154.19035  18305.89190   2.4863752  -0.2586472   2.1820248 2026 01 14 10 09 01.84
0 -16687.75522  -6159.41285  18349.44478   2.4918170  -0.2636222   2.1732710 2026 01 14 10 09 21.84
0 -16637.86493  -6164.73500  18392.82238   2.4972258  -0.2686110   2.1644963 2026 01 14 10 09 41.84
0 -16587.86679  -6170.15706  18436.02429   2.5026016  -0.2736136   2.1557008 2026 01 14 10 10 01.84
0 -16537.76147  -6175.67930  18479.05007   2.5079442  -0.2786297   2.1468848 2026 01 14 10 10 21.84
0 -16487.54963  -6181.30200  18521.89933   2.5132537  -0.2836593   2.1380481 2026 01 14 10 10 41.84
0 -16437.23194  -6187.02543  18564.57165   2.5185298  -0.2887022   2.1291910 2026 01 14 10 11 01.84
0 -16386.80905  -6192.84985  18607.06663   2.5237725  -0.2937583   2.1203135 2026 01 14 10 11 21.84
0 -16336.28165  -6198.77552  18649.38385   2.5289818  -0.2988274   2.1114156 2026 01 14 10 11 41.84
0 -16285.65040  -6204.80270  18691.52292   2.5341576  -0.3039094   2.1024976 2026 01 14 10 12 01.84
0 -16234.91596  -6210.93165  18733.48342   2.5392997  -0.3090042   2.0935593 2026 01 14 10 12 21.84
0 -16184.07902  -6217.16262  18775.26496   2.5444082  -0.3141116   2.0846011 2026 01 14 10 12 41.84
0 -16133.14025  -6223.49587  18816.86713   2.5494829  -0.3192316   2.0756228 2026 01 14 10 13 01.84
0 -16082.10032  -6229.93163  18858.28954   2.5545238  -0.3243639   2.0666247 2026 01 14 10 13 21.84
0 -16030.95992  -6236.47017  18899.53179   2.5595308  -0.3295084   2.0576067 2026 01 14 10 13 41.84
0 -15979.71971  -6243.11172  18940.59349   2.5645038  -0.3346650   2.0485691 2026 01 14 10 14 01.84
0 -15928.38039  -6249.85652  18981.47423   2.5694428  -0.3398336   2.0395118 2026 01 14 10 14 21.84
0 -15876.94262  -6256.70481  19022.17364   2.5743476  -0.3450139   2.0304349 2026 01 14 10 14 41.84
0 -15825.40710  -6263.65682  19062.69131   2.5792183  -0.3502060   2.0213386 2026 01 14 10 15 01.84
0 -15773.77451  -6270.71279  19103.02686   2.5840547  -0.3554096   2.0122229 2026 01 14 10 15 21.84
0 -15722.04554  -6277.87294  19143.17991   2.5888568  -0.3606245   2.0030880 2026 01 14 10 15 41.84
0 -15670.22086  -6285.13751  19183.15007   2.5936245  -0.3658508   1.9939338 2026 01 14 10 16 01.84
0 -15618.30118  -6292.50671  19222.93695   2.5983577  -0.3710881   1.9847605 2026 01 14 10 16 21.84
0 -15566.28718  -6299.98077  19262.54018   2.6030564  -0.3763365   1.9755682 2026 01 14 10 16 41.84
0 -15514.17955  -6307.55991  19301.95937   2.6077205  -0.3815956   1.9663569 2026 01 14 10 17 01.84
0 -15461.97899  -6315.24433  19341.19414   2.6123500  -0.3868655   1.9571268 2026 01 14 10 17 21.84
0 -15409.68618  -6323.03426  19380.24413   2.6169447  -0.3921459   1.9478779 2026 01 14 10 17 41.84
0 -15357.30183  -6330.92990  19419.10895   2.6215046  -0.3974368   1.9386103 2026 01 14 10 18 01.84
0 -15304.82663  -6338.93146  19457.78824   2.6260297  -0.4027379   1.9293241 2026 01 14 10 18 21.84
0 -15252.26127  -6347.03915  19496.28162   2.6305198  -0.4080491   1.9200194 2026 01 14 10 18 41.84
0 -15199.60647  -6355.25316  19534.58872   2.6349750  -0.4133704   1.9106963 2026 01 14 10 19 01.84
0 -15146.86291  -6363.57369  19572.70918   2.6393951  -0.4187015   1.9013549 2026 01 14 10 19 21.84
0 -15094.03130  -6372.00094  19610.64262   2.6437801  -0.4240423   1.8919952 2026 01 14 10 19 41.84
0 -15041.11234  -6380.53510  19648.38869   2.6481299  -0.4293926   1.8826174 2026 01 14 10 20 01.84
0 -14988.10673  -6389.17637  19685.94703   2.6524445  -0.4347524   1.8732215 2026 01 14 10 20 21.84
0 -14935.01519  -6397.92492  19723.31727   2.6567239  -0.4401215   1.8638076 2026 01 14 10 20 41.84
0 -14881.83842  -6406.78095  19760.49905   2.6609679  -0.4454997   1.8543759 2026 01 14 10 21 01.84
0 -14828.57711  -6415.74463  19797.49202   2.6651764  -0.4508869   1.8449264 2026 01 14 10 21 21.84
0 -14775.23199  -6424.81614  19834.29582   2.6693496  -0.4562829   1.8354591 2026 01 14 10 21 41.84
0 -14721.80377  -6433.99566  19870.91010   2.6734872  -0.4616877   1.8259742 2026 01 14 10 22 01.84
0 -14668.29315  -6443.28337  19907.33451   2.6775892  -0.4671010   1.8164718 2026 01 14 10 22 21.84
0 -14614.70084  -6452.67942  19943.56870   2.6816556  -0.4725228   1.8069520 2026 01 14 10 22 41.84
0 -14561.02756  -6462.18399  19979.61232   2.6856864  -0.4779528   1.7974148 2026 01 14 10 23 01.84
0 -14507.27403  -6471.79724  20015.46502   2.6896813  -0.4833909   1.7878604 2026 01 14 10 23 21.84
0 -14453.44095  -6481.51934  20051.12646   2.6936405  -0.4888370   1.7782888 2026 01 14 10 23 41.84
0 -14399.52905  -6491.35044  20086.59630   2.6975639  -0.4942910   1.7687001 2026 01 14 10 24 01.84
0 -14345.53904  -6501.29069  20121.87419   2.7014514  -0.4997526   1.7590944 2026 01 14 10 24 21.84
0 -14291.47164  -6511.34025  20156.95981   2.7053029  -0.5052218   1.7494718 2026 01 14 10 24 41.84
0 -14237.32757  -6521.49927  20191.85281   2.7091184  -0.5106985   1.7398325 2026 01 14 10 25 01.84
0 -14183.10755  -6531.76789  20226.55285   2.7128979  -0.5161823   1.7301764 2026 01 14 10 25 21.84
0 -14128.81230  -6542.14626  20261.05960   2.7166413  -0.5216733   1.7205037 2026 01 14 10 25 41.84
0 -14074.44254  -6552.63453  20295.37274   2.7203485  -0.5271712   1.7108144 2026 01 14 10 26 01.84
0 -14019.99900  -6563.23281  20329.49192   2.7240196  -0.5326760   1.7011088 2026 01 14 10 26 21.84
0 -13965.48241  -6573.94126  20363.41683   2.7276544  -0.5381874   1.6913868 2026 01 14 10 26 41.84
0 -13910.89347  -6584.76001  20397.14714   2.7312529  -0.5437053   1.6816485 2026 01 14 10 27 01.84
0 -13856.23294  -6595.68918  20430.68252   2.7348151  -0.5492297   1.6718941 2026 01 14 10 27 21.84
0 -13801.50152  -6606.72889  20464.02266   2.7383410  -0.5547602   1.6621235 2026 01 14 10 27 41.84
0 -13746.69995  -6617.87928  20497.16722   2.7418304  -0.5602968   1.6523371 2026 01 14 10 28 01.84
0 -13691.82895  -6629.14046  20530.11590   2.7452833  -0.5658394   1.6425347 2026 01 14 10 28 21.84
0 -13636.88926  -6640.51255  20562.86837   2.7486998  -0.5713877   1.6327166 2026 01 14 10 28 41.84
0 -13581.88161  -6651.99566  20595.42432   2.7520797  -0.5769417   1.6228827 2026 01 14 10 29 01.84
0 -13526.80673  -6663.58991  20627.78344   2.7554230  -0.5825012   1.6130332 2026 01 14 10 29 21.84
0 -13471.66535  -6675.29540  20659.94541   2.7587297  -0.5880660   1.6031683 2026 01 14 10 29 41.84
0 -13416.45820  -6687.11223  20691.90993   2.7619997  -0.5936360   1.5932879 2026 01 14 10 30 01.84
0 -13361.18601  -6699.04052  20723.67669   2.7652330  -0.5992111   1.5833922 2026 01 14 10 30 21.84
0 -13305.84953  -6711.08036  20755.24539   2.7684296  -0.6047910   1.5734812 2026 01 14 10 30 41.84
0 -13250.44948  -6723.23185  20786.61572   2.7715893  -0.6103757   1.5635551 2026 01 14 10 31 01.84
0 -13194.98661  -6735.49507  20817.78737   2.7747123  -0.6159650   1.5536140 2026 01 14 10 31 21.84
0 -13139.46165  -6747.87013  20848.76005   2.7777984  -0.6215587   1.5436579 2026 01 14 10 31 41.84
0 -13083.87533  -6760.35710  20879.53346   2.7808476  -0.6271567   1.5336870 2026 01 14 10 32 01.84
0 -13028.22840  -6772.95608  20910.10731   2.7838598  -0.6327589   1.5237013 2026 01 14 10 32 21.84
0 -12972.52160  -6785.66714  20940.48130   2.7868351  -0.6383651   1.5137010 2026 01 14 10 32 41.84
0 -12916.75565  -6798.49036  20970.65513   2.7897734  -0.6439751   1.5036860 2026 01 14 10 33 01.84
0 -12860.93132  -6811.42582  21000.62852   2.7926747  -0.6495889   1.4936566 2026 01 14 10 33 21.84
0 -12805.04932  -6824.47358  21030.40118   2.7955389  -0.6552061   1.4836128 2026 01 14 10 33 41.84
0 -12749.11042  -6837.63373  21059.97283   2.7983660  -0.6608268   1.4735548 2026 01 14 10 34 01.84
0 -12693.11534  -6850.90633  21089.34317   2.8011560  -0.6664507   1.4634825 2026 01 14 10 34 21.84
0 -12637.06484  -6864.29143  21118.51192   2.8039089  -0.6720777   1.4533961 2026 01 14 10 34 41.84
0 -12580.95965  -6877.78911  21147.47881   2.8066245  -0.6777077   1.4432958 2026 01 14 10 35 01.84
0 -12524.80052  -6891.39941  21176.24355   2.8093029  -0.6833405   1.4331815 2026 01 14 10 35 21.84
0 -12468.58819  -6905.12239  21204.80587   2.8119441  -0.6889759   1.4230534 2026 01 14 10 35 41.84
0 -12412.32341  -6918.95811  21233.16549   2.8145480  -0.6946138   1.4129116 2026 01 14 10 36 01.84
0 -12356.00693  -6932.90660  21261.32214   2.8171147  -0.7002540   1.4027562 2026 01 14 10 36 21.84
0 -12299.63949  -6946.96793  21289.27554   2.8196440  -0.7058964   1.3925873 2026 01 14 10 36 41.84
0 -12243.22184  -6961.14212  21317.02544   2.8221359  -0.7115409   1.3824050 2026 01 14 10 37 01.84
0 -12186.75472  -6975.42923  21344.57155   2.8245905  -0.7171873   1.3722093 2026 01 14 10 37 21.84
0 -12130.23888  -6989.82927  21371.91362   2.8270077  -0.7228354   1.3620004 2026 01 14 10 37 41.84
0 -12073.67507  -7004.34230  21399.05138   2.8293875  -0.7284851   1.3517783 2026 01 14 10 38 01.84
0 -12017.06404  -7018.96833  21425.98457   2.8317298  -0.7341362   1.3415433 2026 01 14 10 38 21.84
0 -11960.40654  -7033.70740  21452.71293   2.8340346  -0.7397887   1.3312953 2026 01 14 10 38 41.84
0 -11903.70332  -7048.55953  21479.23620   2.8363020  -0.7454422   1.3210344 2026 01 14 10 39 01.84
0 -11846.95513  -7063.52474  21505.55412   2.8385319  -0.7510967   1.3107608 2026 01 14 10 39 21.84
0 -11790.16271  -7078.60305  21531.66645   2.8407242  -0.7567521   1.3004745 2026 01 14 10 39 41.84
0 -11733.32683  -7093.79448  21557.57293   2.8428790  -0.7624081   1.2901757 2026 01 14 10 40 01.84
0 -11676.44822  -7109.09903  21583.27331   2.8449963  -0.7680647   1.2798645 2026 01 14 10 40 21.84
0 -11619.52764  -7124.51671  21608.76734   2.8470759  -0.7737216   1.2695408 2026 01 14 10 40 41.84
0 -11562.56585  -7140.04754  21634.05477   2.8491180  -0.7793788   1.2592050 2026 01 14 10 41 01.84
0 -11505.56359  -7155.69151  21659.13537   2.8511225  -0.7850360   1.2488569 2026 01 14 10 41 21.84
0 -11448.52161  -7171.44863  21684.00888   2.8530893  -0.7906932   1.2384968 2026 01 14 10 41 41.84
0 -11391.44068  -7187.31888  21708.67508   2.8550185  -0.7963501   1.2281248 2026 01 14 10 42 01.84
0 -11334.32154  -7203.30227  21733.13371   2.8569100  -0.8020066   1.2177408 2026 01 14 10 42 21.84
0 -11277.16495  -7219.39878  21757.38455   2.8587639  -0.8076626   1.2073451 2026 01 14 10 42 41.84
0 -11219.97165  -7235.60841  21781.42736   2.8605801  -0.8133179   1.1969378 2026 01 14 10 43 01.84
0 -11162.74241  -7251.93114  21805.26191   2.8623586  -0.8189723   1.1865189 2026 01 14 10 43 21.84
0 -11105.47798  -7268.36694  21828.88796   2.8640994  -0.8246258   1.1760885 2026 01 14 10 43 41.84
0 -11048.17910  -7284.91580  21852.30530   2.8658025  -0.8302781   1.1656467 2026 01 14 10 44 01.84
0 -10990.84654  -7301.57770  21875.51368   2.8674679  -0.8359291   1.1551936 2026 01 14 10 44 21.84
0 -10933.48106  -7318.35260  21898.51289   2.8690955  -0.8415786   1.1447294 2026 01 14 10 44 41.84
0 -10876.08339  -7335.24048  21921.30271   2.8706854  -0.8472266   1.1342541 2026 01 14 10 45 01.84
0 -10818.65431  -7352.24129  21943.88292   2.8722375  -0.8528728   1.1237678 2026 01 14 10 45 21.84
0 -10761.19456  -7369.35502  21966.25329   2.8737519  -0.8585170   1.1132707 2026 01 14 10 45 41.84
0 -10703.70490  -7386.58160  21988.41361   2.8752286  -0.8641592   1.1027628 2026 01 14 10 46 01.84
0 -10646.18609  -7403.92101  22010.36366   2.8766675  -0.8697992   1.0922442 2026 01 14 10 46 21.84
0 -10588.63887  -7421.37320  22032.10324   2.8780686  -0.8754369   1.0817150 2026 01 14 10 46 41.84
0 -10531.06401  -7438.93811  22053.63213   2.8794319  -0.8810720   1.0711753 2026 01 14 10 47 01.84
0 -10473.46227  -7456.61570  22074.95012   2.8807575  -0.8867044   1.0606253 2026 01 14 10 47 21.84
0 -10415.83439  -7474.40591  22096.05701   2.8820452  -0.8923340   1.0500650 2026 01 14 10 47 41.84
0 -10358.18113  -7492.30868  22116.95259   2.8832952  -0.8979606   1.0394945 2026 01 14 10 48 01.84
0 -10300.50325  -7510.32395  22137.63666   2.8845075  -0.9035841   1.0289139 2026 01 14 10 48 21.84
0 -10242.80150  -7528.45166  22158.10903   2.8856819  -0.9092044   1.0183234 2026 01 14 10 48 41.84
0 -10185.07664  -7546.69174  22178.36948   2.8868186  -0.9148211   1.0077230 2026 01 14 10 49 01.84
0 -10127.32943  -7565.04413  22198.41783   2.8879175  -0.9204343   0.9971128 2026 01 14 10 49 21.84
0 -10069.56061  -7583.50873  22218.25387   2.8889786  -0.9260438   0.9864929 2026 01 14 10 49 41.84
0 -10011.77095  -7602.08549  22237.87743   2.8900019  -0.9316493   0.9758635 2026 01 14 10 50 01.84
0  -9953.96120  -7620.77432  22257.28830   2.8909875  -0.9372508   0.9652246 2026 01 14 10 50 21.84
0  -9896.13212  -7639.57513  22276.48630   2.8919353  -0.9428482   0.9545763 2026 01 14 10 50 41.84
0  -9838.28446  -7658.48785  22295.47124   2.8928454  -0.9484411   0.9439187 2026 01 14 10 51 01.84
0  -9780.41898  -7677.51239  22314.24294   2.8937177  -0.9540296   0.9332520 2026 01 14 10 51 21.84
0  -9722.53643  -7696.64865  22332.80122   2.8945522  -0.9596134   0.9225762 2026 01 14 10 51 41.84
0  -9664.63756  -7715.89653  22351.14589   2.8953490  -0.9651924   0.9118914 2026 01 14 10 52 01.84
0  -9606.72314  -7735.25595  22369.27678   2.8961081  -0.9707665   0.9011978 2026 01 14 10 52 21.84
0  -9548.79391  -7754.72679  22387.19370   2.8968294  -0.9763354   0.8904954 2026 01 14 10 52 41.84
0  -9490.85063  -7774.30897  22404.89650   2.8975131  -0.9818991   0.8797844 2026 01 14 10 53 01.84
0  -9432.89406  -7794.00236  22422.38498   2.8981590  -0.9874574   0.8690647 2026 01 14 10 53 21.84
0  -9374.92494  -7813.80686  22439.65899   2.8987672  -0.9930101   0.8583367 2026 01 14 10 53 41.84
0  -9316.94404  -7833.72236  22456.71836   2.8993378  -0.9985570   0.8476002 2026 01 14 10 54 01.84
0  -9258.95210  -7853.74874  22473.56291   2.8998707  -1.0040982   0.8368555 2026 01 14 10 54 21.84
0  -9200.94988  -7873.88588  22490.19250   2.9003659  -1.0096333   0.8261027 2026 01 14 10 54 41.84
0  -9142.93813  -7894.13367  22506.60694   2.9008235  -1.0151622   0.8153418 2026 01 14 10 55 01.84
0  -9084.91761  -7914.49197  22522.80609   2.9012434  -1.0206848   0.8045730 2026 01 14 10 55 21.84
0  -9026.88907  -7934.96065  22538.78978   2.9016257  -1.0262009   0.7937963 2026 01 14 10 55 41.84
0  -8968.85325  -7955.53959  22554.55786   2.9019705  -1.0317104   0.7830118 2026 01 14 10 56 01.84
0  -8910.81092  -7976.22866  22570.11018   2.9022776  -1.0372131   0.7722198 2026 01 14 10 56 21.84
0  -8852.76282  -7997.02771  22585.44658   2.9025472  -1.0427089   0.7614201 2026 01 14 10 56 41.84
0  -8794.70970  -8017.93661  22600.56691   2.9027792  -1.0481977   0.7506131 2026 01 14 10 57 01.84
0  -8736.65232  -8038.95520  22615.47103   2.9029737  -1.0536792   0.7397987 2026 01 14 10 57 21.84
0  -8678.59142  -8060.08336  22630.15879   2.9031307  -1.0591533   0.7289771 2026 01 14 10 57 41.84
0  -8620.52776  -8081.32092  22644.63005   2.9032502  -1.0646199   0.7181483 2026 01 14 10 58 01.84
0  -8562.46208  -8102.66774  22658.88466   2.9033323  -1.0700788   0.7073125 2026 01 14 10 58 21.84
0  -8504.39514  -8124.12366  22672.92249   2.9033769  -1.0755299   0.6964698 2026 01 14 10 58 41.84
0  -8446.32768  -8145.68852  22686.74339   2.9033840  -1.0809729   0.6856203 2026 01 14 10 59 01.84
0  -8388.26045  -8167.36215  22700.34724   2.9033538  -1.0864079   0.6747641 2026 01 14 10 59 21.84
0  -8330.19420  -8189.14441  22713.73390   2.9032861  -1.0918346   0.6639012 2026 01 14 10 59 41.84
0  -8272.12967  -8211.03512  22726.90324   2.9031812  -1.0972528   0.6530319 2026 01 14 11 00 01.84
0  -8214.06762  -8233.03410  22739.85512   2.9030388  -1.1026625   0.6421561 2026 01 14 11 00 21.84
0  -8156.00879  -8255.14119  22752.58943   2.9028592  -1.1080635   0.6312740 2026 01 14 11 00 41.84
0  -8097.95392  -8277.35622  22765.10604   2.9026423  -1.1134555   0.6203857 2026 01 14 11 01 01.84
0  -8039.90376  -8299.67899  22777.40482   2.9023882  -1.1188385   0.6094914 2026 01 14 11 01 21.84
0  -7981.85906  -8322.10933  22789.48565   2.9020968  -1.1242124   0.5985910 2026 01 14 11 01 41.84
0  -7923.82056  -8344.64706  22801.34841   2.9017683  -1.1295769   0.5876847 2026 01 14 11 02 01.84
0  -7865.78900  -8367.29198  22812.99300   2.9014025  -1.1349320   0.5767727 2026 01 14 11 02 21.84
0  -7807.76513  -8390.04391  22824.41929   2.9009997  -1.1402774   0.5658550 2026 01 14 11 02 41.84
0  -7749.74968  -8412.90264  22835.62716   2.9005597  -1.1456130   0.5549316 2026 01 14 11 03 01.84
0  -7691.74341  -8435.86800  22846.61652   2.9000826  -1.1509388   0.5440029 2026 01 14 11 03 21.84
0  -7633.74704  -8458.93976  22857.38725   2.8995685  -1.1562544   0.5330687 2026 01 14 11 03 41.84
0  -7575.76133  -8482.11774  22867.93924   2.8990174  -1.1615599   0.5221293 2026 01 14 11 04 01.84
0  -7517.78701  -8505.40172  22878.27239   2.8984294  -1.1668550   0.5111847 2026 01 14 11 04 21.84
0  -7459.82482  -8528.79150  22888.38660   2.8978044  -1.1721395   0.5002351 2026 01 14 11 04 41.84
0  -7401.87551  -8552.28687  22898.28177   2.8971424  -1.1774134   0.4892805 2026 01 14 11 05 01.84
0  -7343.93979  -8575.88760  22907.95780   2.8964436  -1.1826765   0.4783210 2026 01 14 11 05 21.84
0  -7286.01843  -8599.59349  22917.41460   2.8957080  -1.1879286   0.4673568 2026 01 14 11 05 41.84
0  -7228.11214  -8623.40430  22926.65206   2.8949356  -1.1931697   0.4563880 2026 01 14 11 06 01.84
0  -7170.22167  -8647.31983  22935.67010   2.8941264  -1.1983995   0.4454146 2026 01 14 11 06 21.84
0  -7112.34775  -8671.33984  22944.46863   2.8932805  -1.2036178   0.4344368 2026 01 14 11 06 41.84
0  -7054.49111  -8695.46410  22953.04756   2.8923979  -1.2088247   0.4234546 2026 01 14 11 07 01.84
0  -6996.65250  -8719.69238  22961.40681   2.8914787  -1.2140198   0.4124683 2026 01 14 11 07 21.84
0  -6938.83263  -8744.02445  22969.54629   2.8905228  -1.2192032   0.4014778 2026 01 14 11 07 41.84
0  -6881.03225  -8768.46006  22977.46592   2.8895304  -1.2243745   0.3904833 2026 01 14 11 08 01.84
0  -6823.25208  -8792.99898  22985.16562   2.8885015  -1.2295337   0.3794849 2026 01 14 11 08 21.84
0  -6765.49285  -8817.64096  22992.64531   2.8874361  -1.2346807   0.3684827 2026 01 14 11 08 41.84
0  -6707.75530  -8842.38576  22999.90493   2.8863343  -1.2398152   0.3574767 2026 01 14 11 09 01.84
0  -6650.04014  -8867.23312  23006.94439   2.8851960  -1.2449371   0.3464672 2026 01 14 11 09 21.84
0  -6592.34812  -8892.18279  23013.76363   2.8840215  -1.2500464   0.3354542 2026 01 14 11 09 41.84
0  -6534.67995  -8917.23452  23020.36257   2.8828106  -1.2551428   0.3244378 2026 01 14 11 10 01.84
0  -6477.03635  -8942.38805  23026.74115   2.8815635  -1.2602262   0.3134181 2026 01 14 11 10 21.84
0  -6419.41807  -8967.64311  23032.89931   2.8802802  -1.2652965   0.3023953 2026 01 14 11 10 41.84
0  -6361.82581  -8992.99945  23038.83698   2.8789607  -1.2703534   0.2913693 2026 01 14 11 11 01.84
0  -6304.26030  -9018.45679  23044.55410   2.8776051  -1.2753970   0.2803404 2026 01 14 11 11 21.84
0  -6246.72226  -9044.01487  23050.05061   2.8762134  -1.2804270   0.2693087 2026 01 14 11 11 41.84
0  -6189.21242  -9069.67341  23055.32647   2.8747857  -1.2854433   0.2582742 2026 01 14 11 12 01.84
0  -6131.73150  -9095.43214  23060.38160   2.8733221  -1.2904457   0.2472370 2026 01 14 11 12 21.84
0  -6074.28020  -9121.29078  23065.21597   2.8718225  -1.2954341   0.2361973 2026 01 14 11 12 41.84
0  -6016.85925  -9147.24904  23069.82952   2.8702871  -1.3004084   0.2251551 2026 01 14 11 13 01.84
0  -5959.46937  -9173.30665  23074.22221   2.8687159  -1.3053683   0.2141106 2026 01 14 11 13 21.84
0  -5902.11128  -9199.46331  23078.39398   2.8671089  -1.3103139   0.2030639 2026 01 14 11 13 41.84
0  -5844.78567  -9225.71874  23082.34480   2.8654662  -1.3152449   0.1920150 2026 01 14 11 14 01.84
0  -5787.49328  -9252.07264  23086.07462   2.8637878  -1.3201612   0.1809641 2026 01 14 11 14 21.84
0  -5730.23482  -9278.52472  23089.58340   2.8620739  -1.3250626   0.1699113 2026 01 14 11 14 41.84
0  -5673.01098  -9305.07468  23092.87111   2.8603244  -1.3299491   0.1588567 2026 01 14 11 15 01.84
0  -5615.82249  -9331.72222  23095.93771   2.8585395  -1.3348204   0.1478004 2026 01 14 11 15 21.84
0  -5558.67006  -9358.46703  23098.78317   2.8567191  -1.3396764   0.1367425 2026 01 14 11 15 41.84
0  -5501.55439  -9385.30880  23101.40746   2.8548633  -1.3445170   0.1256831 2026 01 14 11 16 01.84
0  -5444.47618  -9412.24724  23103.81054   2.8529723  -1.3493421   0.1146223 2026 01 14 11 16 21.84
0  -5387.43615  -9439.28201  23105.99240   2.8510460  -1.3541515   0.1035602 2026 01 14 11 16 41.84
0  -5330.43499  -9466.41282  23107.95300   2.8490845  -1.3589451   0.0924969 2026 01 14 11 17 01.84
0  -5273.47342  -9493.63934  23109.69233   2.8470878  -1.3637226   0.0814326 2026 01 14 11 17 21.84
0  -5216.55213  -9520.96125  23111.21037   2.8450561  -1.3684841   0.0703673 2026 01 14 11 17 41.84
0  -5159.67183  -9548.37823  23112.50708   2.8429894  -1.3732294   0.0593011 2026 01 14 11 18 01.84
0  -5102.83321  -9575.88995  23113.58247   2.8408877  -1.3779582   0.0482342 2026 01 14 11 18 21.84
0  -5046.03697  -9603.49608  23114.43652   2.8387512  -1.3826705   0.0371666 2026 01 14 11 18 41.84
0  -4989.28381  -9631.19629  23115.06920   2.8365798  -1.3873662   0.0260985 2026 01 14 11 19 01.84
0  -4932.57443  -9658.99025  23115.48053   2.8343737  -1.3920451   0.0150299 2026 01 14 11 19 21.84
0  -4875.90951  -9686.87761  23115.67047   2.8321328  -1.3967070   0.0039610 2026 01 14 11 19 41.84
0  -4819.28976  -9714.85805  23115.63904   2.8298574  -1.4013519  -0.0071081 2026 01 14 11 20 01.84
0  -4762.71587  -9742.93121  23115.38622   2.8275474  -1.4059795  -0.0181773 2026 01 14 11 20 21.84
0  -4706.18851  -9771.09675  23114.91202   2.8252029  -1.4105898  -0.0292466 2026 01 14 11 20 41.84
0  -4649.70840  -9799.35432  23114.21644   2.8228239  -1.4151827  -0.0403158 2026 01 14 11 21 01.84
0  -4593.27620  -9827.70357  23113.29947   2.8204106  -1.4197579  -0.0513848 2026 01 14 11 21 21.84
0  -4536.89262  -9856.14415  23112.16113   2.8179631  -1.4243154  -0.0624535 2026 01 14 11 21 41.84
0  -4480.55832  -9884.67570  23110.80142   2.8154813  -1.4288550  -0.0735217 2026 01 14 11 22 01.84
0  -4424.27401  -9913.29786  23109.22035   2.8129653  -1.4333766  -0.0845895 2026 01 14 11 22 21.84
0  -4368.04036  -9942.01027  23107.41793   2.8104153  -1.4378800  -0.0956567 2026 01 14 11 22 41.84
0  -4311.85804  -9970.81257  23105.39417   2.8078312  -1.4423652  -0.1067231 2026 01 14 11 23 01.84
0  -4255.72775  -9999.70439  23103.14910   2.8052132  -1.4468319  -0.1177887 2026 01 14 11 23 21.84
0  -4199.65015 -10028.68536  23100.68272   2.8025614  -1.4512801  -0.1288534 2026 01 14 11 23 41.84
0  -4143.62593 -10057.75510  23097.99506   2.7998758  -1.4557096  -0.1399170 2026 01 14 11 24 01.84
0  -4087.65576 -10086.91325  23095.08614   2.7971564  -1.4601203  -0.1509795 2026 01 14 11 24 21.84
0  -4031.74031 -10116.15942  23091.95598   2.7944034  -1.4645121  -0.1620408 2026 01 14 11 24 41.84
0  -3975.88026 -10145.49324  23088.60461   2.7916169  -1.4688847  -0.1731007 2026 01 14 11 25 01.84
0  -3920.07628 -10174.91432  23085.03206   2.7887968  -1.4732382  -0.1841591 2026 01 14 11 25 21.84
0  -3864.32903 -10204.42227  23081.23836   2.7859433  -1.4775723  -0.1952160 2026 01 14 11 25 41.84
0  -3808.63918 -10234.01671  23077.22353   2.7830565  -1.4818870  -0.2062712 2026 01 14 11 26 01.84
0  -3753.00740 -10263.69725  23072.98762   2.7801365  -1.4861820  -0.2173246 2026 01 14 11 26 21.84
0  -3697.43436 -10293.46350  23068.53066   2.7771832  -1.4904573  -0.2283761 2026 01 14 11 26 41.84
0  -3641.92071 -10323.31505  23063.85269   2.7741968  -1.4947128  -0.2394257 2026 01 14 11 27 01.84
0  -3586.46712 -10353.25151  23058.95376   2.7711775  -1.4989483  -0.2504732 2026 01 14 11 27 21.84
0  -3531.07424 -10383.27248  23053.83389   2.7681251  -1.5031637  -0.2615184 2026 01 14 11 27 41.84
0  -3475.74275 -10413.37756  23048.49314   2.7650399  -1.5073588  -0.2725614 2026 01 14 11 28 01.84
0  -3420.47328 -10443.56633  23042.93156   2.7619220  -1.5115335  -0.2836019 2026 01 14 11 28 21.84
0  -3365.26650 -10473.83840  23037.14919   2.7587713  -1.5156878  -0.2946399 2026 01 14 11 28 41.84
0  -3310.12306 -10504.19334  23031.14609   2.7555880  -1.5198214  -0.3056753 2026 01 14 11 29 01.84
0  -3255.04361 -10534.63075  23024.92231   2.7523722  -1.5239343  -0.3167080 2026 01 14 11 29 21.84
0  -3200.02880 -10565.15021  23018.47791   2.7491239  -1.5280263  -0.3277379 2026 01 14 11 29 41.84
0  -3145.07928 -10595.75130  23011.81294   2.7458433  -1.5320973  -0.3387648 2026 01 14 11 30 01.84
0  -3090.19569 -10626.43359  23004.92746   2.7425303  -1.5361472  -0.3497886 2026 01 14 11 30 21.84
0  -3035.37869 -10657.19667  22997.82153   2.7391852  -1.5401758  -0.3608094 2026 01 14 11 30 41.84
0  -2980.62891 -10688.04012  22990.49522   2.7358080  -1.5441830  -0.3718268 2026 01 14 11 31 01.84
0  -2925.94700 -10718.96349  22982.94860   2.7323987  -1.5481687  -0.3828409 2026 01 14 11 31 21.84
0  -2871.33359 -10749.96636  22975.18173   2.7289575  -1.5521328  -0.3938516 2026 01 14 11 31 41.84
0  -2816.78932 -10781.04829  22967.19469   2.7254845  -1.5560752  -0.4048586 2026 01 14 11 32 01.84
0  -2762.31483 -10812.20885  22958.98754   2.7219797  -1.5599957  -0.4158620 2026 01 14 11 32 21.84
0  -2707.91075 -10843.44761  22950.56036   2.7184432  -1.5638942  -0.4268617 2026 01 14 11 32 41.84
0  -2653.57772 -10874.76411  22941.91323   2.7148752  -1.5677705  -0.4378574 2026 01 14 11 33 01.84
0  -2599.31637 -10906.15791  22933.04622   2.7112756  -1.5716247  -0.4488491 2026 01 14 11 33 21.84
0  -2545.12732 -10937.62858  22923.95942   2.7076447  -1.5754564  -0.4598368 2026 01 14 11 33 41.84
0  -2491.01120 -10969.17566  22914.65291   2.7039824  -1.5792657  -0.4708202 2026 01 14 11 34 01.84
0  -2436.96864 -11000.79870  22905.12678   2.7002890  -1.5830524  -0.4817994 2026 01 14 11 34 21.84
0  -2383.00026 -11032.49724  22895.38111   2.6965644  -1.5868164  -0.4927741 2026 01 14 11 34 41.84
0  -2329.10668 -11064.27084  22885.41598   2.6928088  -1.5905575  -0.5037443 2026 01 14 11 35 01.84
0  -2275.28852 -11096.11902  22875.23150   2.6890222  -1.5942757  -0.5147099 2026 01 14 11 35 21.84
0  -2221.54640 -11128.04135  22864.82776   2.6852048  -1.5979708  -0.5256708 2026 01 14 11 35 41.84
0  -2167.88094 -11160.03734  22854.20485   2.6813567  -1.6016426  -0.5366268 2026 01 14 11 36 01.84
0  -2114.29275 -11192.10653  22843.36286   2.6774779  -1.6052912  -0.5475779 2026 01 14 11 36 21.84
0  -2060.78243 -11224.24847  22832.30191   2.6735686  -1.6089164  -0.5585240 2026 01 14 11 36 41.84
0  -2007.35061 -11256.46267  22821.02209   2.6696288  -1.6125180  -0.5694649 2026 01 14 11 37 01.84
0  -1953.99789 -11288.74867  22809.52350   2.6656586  -1.6160959  -0.5804006 2026 01 14 11 37 21.84
0  -1900.72488 -11321.10599  22797.80625   2.6616582  -1.6196501  -0.5913309 2026 01 14 11 37 41.84
0  -1847.53217 -11353.53415  22785.87045   2.6576276  -1.6231803  -0.6022557 2026 01 14 11 38 01.84
0  -1794.42038 -11386.03268  22773.71621   2.6535669  -1.6266866  -0.6131750 2026 01 14 11 38 21.84
0  -1741.39010 -11418.60109  22761.34364   2.6494763  -1.6301687  -0.6240887 2026 01 14 11 38 41.84
0  -1688.44193 -11451.23890  22748.75286   2.6453558  -1.6336266  -0.6349965 2026 01 14 11 39 01.84
0  -1635.57647 -11483.94563  22735.94398   2.6412056  -1.6370601  -0.6458985 2026 01 14 11 39 21.84
0  -1582.79431 -11516.72079  22722.91712   2.6370257  -1.6404692  -0.6567945 2026 01 14 11 39 41.84
0  -1530.09605 -11549.56388  22709.67240   2.6328162  -1.6438537  -0.6676844 2026 01 14 11 40 01.84
0  -1477.48227 -11582.47441  22696.20994   2.6285773  -1.6472135  -0.6785681 2026 01 14 11 40 21.84
0  -1424.95356 -11615.45189  22682.52988   2.6243090  -1.6505485  -0.6894455 2026 01 14 11 40 41.84
0  -1372.51051 -11648.49583  22668.63233   2.6200114  -1.6538586  -0.7003165 2026 01 14 11 41 01.84
0  -1320.15370 -11681.60571  22654.51743   2.6156848  -1.6571437  -0.7111810 2026 01 14 11 41 21.84
0  -1267.88371 -11714.78105  22640.18530   2.6113290  -1.6604036  -0.7220390 2026 01 14 11 41 41.84
0  -1215.70113 -11748.02133  22625.63608   2.6069443  -1.6636383  -0.7328902 2026 01 14 11 42 01.84
0  -1163.60653 -11781.32605  22610.86991   2.6025308  -1.6668476  -0.7437345 2026 01 14 11 42 21.84
0  -1111.60049 -11814.69471  22595.88692   2.5980886  -1.6700315  -0.7545720 2026 01 14 11 42 41.84
0  -1059.68359 -11848.12678  22580.68725   2.5936177  -1.6731898  -0.7654025 2026 01 14 11 43 01.84
0  -1007.85638 -11881.62177  22565.27104   2.5891183  -1.6763224  -0.7762258 2026 01 14 11 43 21.84
0   -956.11944 -11915.17915  22549.63844   2.5845906  -1.6794293  -0.7870418 2026 01 14 11 43 41.84
0   -904.47335 -11948.79841  22533.78959   2.5800345  -1.6825102  -0.7978506 2026 01 14 11 44 01.84
0   -852.91865 -11982.47903  22517.72465   2.5754502  -1.6855652  -0.8086519 2026 01 14 11 44 21.84
0   -801.45593 -12016.22049  22501.44375   2.5708378  -1.6885940  -0.8194457 2026 01 14 11 44 41.84
0   -750.08573 -12050.02226  22484.94705   2.5661975  -1.6915967  -0.8302318 2026 01 14 11 45 01.84
0   -698.80861 -12083.88382  22468.23471   2.5615293  -1.6945730  -0.8410102 2026 01 14 11 45 21.84
0   -647.62514 -12117.80465  22451.30688   2.5568334  -1.6975230  -0.8517807 2026 01 14 11 45 41.84
0   -596.53586 -12151.78421  22434.16372   2.5521098  -1.7004464  -0.8625433 2026 01 14 11 46 01.84
0   -545.54133 -12185.82197  22416.80539   2.5473587  -1.7033431  -0.8732978 2026 01 14 11 46 21.84
0   -494.64209 -12219.91740  22399.23205   2.5425802  -1.7062132  -0.8840441 2026 01 14 11 46 41.84
0   -443.83870 -12254.06997  22381.44387   2.5377744  -1.7090564  -0.8947822 2026 01 14 11 47 01.84
0   -393.13170 -12288.27913  22363.44101   2.5329414  -1.7118727  -0.9055119 2026 01 14 11 47 21.84
0   -342.52163 -12322.54434  22345.22364   2.5280813  -1.7146620  -0.9162332 2026 01 14 11 47 41.84
0   -292.00903 -12356.86507  22326.79194   2.5231942  -1.7174241  -0.9269458 2026 01 14 11 48 01.84
0   -241.59443 -12391.24077  22308.14606   2.5182803  -1.7201590  -0.9376498 2026 01 14 11 48 21.84
0   -191.27839 -12425.67090  22289.28620   2.5133397  -1.7228666  -0.9483450 2026 01 14 11 48 41.84
0   -141.06142 -12460.15490  22270.21252   2.5083725  -1.7255467  -0.9590314 2026 01 14 11 49 01.84
0    -90.94406 -12494.69223  22250.92520   2.5033788  -1.7281993  -0.9697087 2026 01 14 11 49 21.84
0    -40.92684 -12529.28234  22231.42443   2.4983586  -1.7308243  -0.9803770 2026 01 14 11 49 41.84
0      8.98971 -12563.92467  22211.71039   2.4933123  -1.7334216  -0.9910360 2026 01 14 11 50 01.84
0     58.80508 -12598.61866  22191.78326   2.4882397  -1.7359911  -1.0016858 2026 01 14 11 50 21.84
0    108.51873 -12633.36377  22171.64322   2.4831412  -1.7385326  -1.0123262 2026 01 14 11 50 41.84
0    158.13016 -12668.15943  22151.29048   2.4780167  -1.7410461  -1.0229571 2026 01 14 11 51 01.84
0    207.63883 -12703.00508  22130.72521   2.4728665  -1.7435315  -1.0335783 2026 01 14 11 51 21.84
0    257.04425 -12737.90015  22109.94762   2.4676905  -1.7459888  -1.0441899 2026 01 14 11 51 41.84
0    306.34589 -12772.84409  22088.95789   2.4624890  -1.7484177  -1.0547917 2026 01 14 11 52 01.84
0    355.54325 -12807.83632  22067.75623   2.4572621  -1.7508182  -1.0653836 2026 01 14 11 52 21.84
0    404.63581 -12842.87628  22046.34283   2.4520099  -1.7531903  -1.0759654 2026 01 14 11 52 41.84
0    453.62308 -12877.96340  22024.71790   2.4467325  -1.7555338  -1.0865372 2026 01 14 11 53 01.84
0    502.50455 -12913.09710  22002.88163   2.4414300  -1.7578486  -1.0970988 2026 01 14 11 53 21.84
0    551.27973 -12948.27680  21980.83423   2.4361026  -1.7601347  -1.1076500 2026 01 14 11 53 41.84
0    599.94810 -12983.50195  21958.57592   2.4307504  -1.7623919  -1.1181908 2026 01 14 11 54 01.84
0    648.50918 -13018.77194  21936.10689   2.4253734  -1.7646202  -1.1287211 2026 01 14 11 54 21.84
0    696.96248 -13054.08622  21913.42737   2.4199719  -1.7668195  -1.1392408 2026 01 14 11 54 41.84
0    745.30751 -13089.44418  21890.53756   2.4145460  -1.7689897  -1.1497498 2026 01 14 11 55 01.84
0    793.54377 -13124.84526  21867.43767   2.4090957  -1.7711306  -1.1602479 2026 01 14 11 55 21.84
0    841.67078 -13160.28887  21844.12794   2.4036212  -1.7732423  -1.1707352 2026 01 14 11 55 41.84
0    889.68807 -13195.77442  21820.60857   2.3981226  -1.7753246  -1.1812114 2026 01 14 11 56 01.84
0    937.59514 -13231.30131  21796.87979   2.3926001  -1.7773774  -1.1916765 2026 01 14 11 56 21.84
0    985.39152 -13266.86897  21772.94181   2.3870538  -1.7794007  -1.2021304 2026 01 14 11 56 41.84
0   1033.07674 -13302.47680  21748.79488   2.3814837  -1.7813944  -1.2125729 2026 01 14 11 57 01.84
0   1080.65033 -13338.12421  21724.43921   2.3758901  -1.7833583  -1.2230041 2026 01 14 11 57 21.84
0   1128.11180 -13373.81059  21699.87503   2.3702731  -1.7852925  -1.2334237 2026 01 14 11 57 41.84
0   1175.46071 -13409.53536  21675.10258   2.3646327  -1.7871967  -1.2438316 2026 01 14 11 58 01.84
0   1222.69657 -13445.29792  21650.12208   2.3589692  -1.7890710  -1.2542279 2026 01 14 11 58 21.84
0   1269.81894 -13481.09766  21624.93378   2.3532826  -1.7909152  -1.2646123 2026 01 14 11 58 41.84
0   1316.82734 -13516.93399  21599.53791   2.3475731  -1.7927293  -1.2749849 2026 01 14 11 59 01.84
0   1363.72132 -13552.80629  21573.93471   2.3418408  -1.7945132  -1.2853453 2026 01 14 11 59 21.84
0   1410.50043 -13588.71398  21548.12442   2.3360858  -1.7962668  -1.2956937 2026 01 14 11 59 41.84
0   1457.16422 -13624.65643  21522.10728   2.3303083  -1.7979900  -1.3060299 2026 01 14 12 00 01.84
0   1503.71223 -13660.63304  21495.88355   2.3245084  -1.7996828  -1.3163537 2026 01 14 12 00 21.84
0   1550.14402 -13696.64320  21469.45347   2.3186862  -1.8013450  -1.3266651 2026 01 14 12 00 41.84
0   1596.45915 -13732.68630  21442.81728   2.3128418  -1.8029767  -1.3369639 2026 01 14 12 01 01.84
0   1642.65716 -13768.76172  21415.97524   2.3069755  -1.8045776  -1.3472502 2026 01 14 12 01 21.84
0   1688.73764 -13804.86886  21388.92761   2.3010872  -1.8061478  -1.3575237 2026 01 14 12 01 41.84
0   1734.70013 -13841.00709  21361.67463   2.2951773  -1.8076871  -1.3677845 2026 01 14 12 02 01.84
0   1780.54420 -13877.17580  21334.21657   2.2892457  -1.8091956  -1.3780323 2026 01 14 12 02 21.84
0   1826.26943 -13913.37437  21306.55369   2.2832926  -1.8106730  -1.3882670 2026 01 14 12 02 41.84
0   1871.87538 -13949.60218  21278.68624   2.2773182  -1.8121194  -1.3984887 2026 01 14 12 03 01.84
0   1917.36164 -13985.85861  21250.61449   2.2713226  -1.8135346  -1.4086972 2026 01 14 12 03 21.84
0   1962.72777 -14022.14302  21222.33870   2.2653059  -1.8149186  -1.4188923 2026 01 14 12 03 41.84
0   2007.97335 -14058.45481  21193.85914   2.2592683  -1.8162714  -1.4290741 2026 01 14 12 04 01.84
0   2053.09798 -14094.79334  21165.17609   2.2532099  -1.8175928  -1.4392423 2026 01 14 12 04 21.84
0   2098.10123 -14131.15798  21136.28981   2.2471308  -1.8188827  -1.4493969 2026 01 14 12 04 41.84
0   2142.98270 -14167.54810  21107.20057   2.2410312  -1.8201412  -1.4595378 2026 01 14 12 05 01.84
0   2187.74196 -14203.96308  21077.90866   2.2349111  -1.8213681  -1.4696649 2026 01 14 12 05 21.84
0   2232.37863 -14240.40228  21048.41434   2.2287709  -1.8225633  -1.4797781 2026 01 14 12 05 41.84
0   2276.89229 -14276.86508  21018.71789   2.2226105  -1.8237269  -1.4898774 2026 01 14 12 06 01.84
0   2321.28254 -14313.35082  20988.81961   2.2164301  -1.8248587  -1.4999625 2026 01 14 12 06 21.84
0   2365.54898 -14349.85888  20958.71976   2.2102299  -1.8259586  -1.5100334 2026 01 14 12 06 41.84
0   2409.69122 -14386.38862  20928.41864   2.2040099  -1.8270266  -1.5200900 2026 01 14 12 07 01.84
0   2453.70887 -14422.93941  20897.91653   2.1977704  -1.8280627  -1.5301323 2026 01 14 12 07 21.84
0   2497.60154 -14459.51059  20867.21372   2.1915115  -1.8290667  -1.5401601 2026 01 14 12 07 41.84
0   2541.36883 -14496.10153  20836.31051   2.1852333  -1.8300386  -1.5501732 2026 01 14 12 08 01.84
0   2585.01037 -14532.71159  20805.20717   2.1789359  -1.8309784  -1.5601718 2026 01 14 12 08 21.84
0   2628.52577 -14569.34013  20773.90401   2.1726195  -1.8318859  -1.5701555 2026 01 14 12 08 41.84
0   2671.91465 -14605.98649  20742.40133   2.1662843  -1.8327611  -1.5801244 2026 01 14 12 09 01.84
0   2715.17664 -14642.65003  20710.69942   2.1599303  -1.8336040  -1.5900783 2026 01 14 12 09 21.84
0   2758.31137 -14679.33011  20678.79859   2.1535578  -1.8344145  -1.6000171 2026 01 14 12 09 41.84
0   2801.31846 -14716.02607  20646.69913   2.1471668  -1.8351924  -1.6099408 2026 01 14 12 10 01.84
0   2844.19754 -14752.73727  20614.40135   2.1407575  -1.8359379  -1.6198492 2026 01 14 12 10 21.84
0   2886.94826 -14789.46305  20581.90555   2.1343300  -1.8366507  -1.6297423 2026 01 14 12 10 41.84
0   2929.57025 -14826.20276  20549.21205   2.1278845  -1.8373309  -1.6396199 2026 01 14 12 11 01.84
0   2972.06315 -14862.95575  20516.32115   2.1214211  -1.8379784  -1.6494820 2026 01 14 12 11 21.84
0   3014.42661 -14899.72136  20483.23317   2.1149400  -1.8385931  -1.6593284 2026 01 14 12 11 41.84
0   3056.66027 -14936.49893  20449.94841   2.1084413  -1.8391749  -1.6691592 2026 01 14 12 12 01.84
0   3098.76378 -14973.28781  20416.46720   2.1019252  -1.8397239  -1.6789741 2026 01 14 12 12 21.84
0   3140.73679 -15010.08735  20382.78985   2.0953918  -1.8402399  -1.6887730 2026 01 14 12 12 41.84
0   3182.57897 -15046.89687  20348.91669   2.0888412  -1.8407230  -1.6985560 2026 01 14 12 13 01.84
0   3224.28996 -15083.71573  20314.84802   2.0822736  -1.8411730  -1.7083228 2026 01 14 12 13 21.84
0   3265.86943 -15120.54326  20280.58418   2.0756891  -1.8415899  -1.7180735 2026 01 14 12 13 41.84
0   3307.31705 -15157.37879  20246.12549   2.0690879  -1.8419736  -1.7278078 2026 01 14 12 14 01.84
0   3348.63247 -15194.22166  20211.47228   2.0624701  -1.8423241  -1.7375258 2026 01 14 12 14 21.84
0   3389.81537 -15231.07122  20176.62488   2.0558359  -1.8426413  -1.7472272 2026 01 14 12 14 41.84
0   3430.86543 -15267.92678  20141.58361   2.0491854  -1.8429253  -1.7569121 2026 01 14 12 15 01.84
0   3471.78232 -15304.78769  20106.34881   2.0425187  -1.8431759  -1.7665803 2026 01 14 12 15 21.84
0   3512.56571 -15341.65328  20070.92082   2.0358361  -1.8433930  -1.7762317 2026 01 14 12 15 41.84
0   3553.21529 -15378.52288  20035.29997   2.0291376  -1.8435768  -1.7858663 2026 01 14 12 16 01.84
0   3593.73075 -15415.39582  19999.48659   2.0224234  -1.8437270  -1.7954839 2026 01 14 12 16 21.84
0   3634.11176 -15452.27142  19963.48104   2.0156936  -1.8438436  -1.8050845 2026 01 14 12 16 41.84
0   3674.35803 -15489.14903  19927.28364   2.0089485  -1.8439266  -1.8146679 2026 01 14 12 17 01.84
0   3714.46924 -15526.02796  19890.89475   2.0021881  -1.8439760  -1.8242341 2026 01 14 12 17 21.84
0   3754.44509 -15562.90753  19854.31471   1.9954126  -1.8439917  -1.8337830 2026 01 14 12 17 41.84
0   3794.28528 -15599.78709  19817.54387   1.9886221  -1.8439737  -1.8433144 2026 01 14 12 18 01.84
0   3833.98952 -15636.66595  19780.58257   1.9818168  -1.8439219  -1.8528283 2026 01 14 12 18 21.84
0   3873.55750 -15673.54343  19743.43117   1.9749968  -1.8438362  -1.8623247 2026 01 14 12 18 41.84
0   3912.98893 -15710.41887  19706.09002   1.9681623  -1.8437167  -1.8718033 2026 01 14 12 19 01.84
0   3952.28353 -15747.29157  19668.55948   1.9613135  -1.8435632  -1.8812642 2026 01 14 12 19 21.84
0   3991.44102 -15784.16087  19630.83990   1.9544504  -1.8433758  -1.8907071 2026 01 14 12 19 41.84
0   4030.46110 -15821.02607  19592.93164   1.9475732  -1.8431545  -1.9001321 2026 01 14 12 20 01.84
0   4069.34350 -15857.88651  19554.83507   1.9406822  -1.8428990  -1.9095391 2026 01 14 12 20 21.84
0   4108.08794 -15894.74151  19516.55053   1.9337773  -1.8426096  -1.9189278 2026 01 14 12 20 41.84
0   4146.69415 -15931.59037  19478.07840   1.9268589  -1.8422860  -1.9282984 2026 01 14 12 21 01.84
0   4185.16185 -15968.43242  19439.41905   1.9199270  -1.8419282  -1.9376506 2026 01 14 12 21 21.84
0   4223.49078 -16005.26697  19400.57284   1.9129817  -1.8415363  -1.9469843 2026 01 14 12 21 41.84
0   4261.68068 -16042.09334  19361.54013   1.9060233  -1.8411101  -1.9562996 2026 01 14 12 22 01.84
0   4299.73128 -16078.91085  19322.32131   1.8990519  -1.8406497  -1.9655963 2026 01 14 12 22 21.84
0   4337.64232 -16115.71880  19282.91674   1.8920677  -1.8401550  -1.9748742 2026 01 14 12 22 41.84
0   4375.41355 -16152.51652  19243.32681   1.8850707  -1.8396259  -1.9841334 2026 01 14 12 23 01.84
0   4413.04471 -16189.30331  19203.55187   1.8780611  -1.8390625  -1.9933737 2026 01 14 12 23 21.84
0   4450.53556 -16226.07850  19163.59233   1.8710391  -1.8384647  -2.0025950 2026 01 14 12 23 41.84
0   4487.88584 -16262.84138  19123.44854   1.8640049  -1.8378325  -2.0117973 2026 01 14 12 24 01.84
0   4525.09532 -16299.59127  19083.12091   1.8569586  -1.8371658  -2.0209804 2026 01 14 12 24 21.84
0   4562.16376 -16336.32749  19042.60980   1.8499003  -1.8364646  -2.0301443 2026 01 14 12 24 41.84
0   4599.09091 -16373.04933  19001.91561   1.8428303  -1.8357289  -2.0392889 2026 01 14 12 25 01.84
0   4635.87654 -16409.75612  18961.03872   1.8357486  -1.8349587  -2.0484140 2026 01 14 12 25 21.84
0   4672.52043 -16446.44716  18919.97952   1.8286553  -1.8341539  -2.0575197 2026 01 14 12 25 41.84
0   4709.02233 -16483.12176  18878.73841   1.8215508  -1.8333144  -2.0666057 2026 01 14 12 26 01.84
0   4745.38204 -16519.77922  18837.31578   1.8144351  -1.8324404  -2.0756721 2026 01 14 12 26 21.84
0   4781.59932 -16556.41885  18795.71201   1.8073083  -1.8315317  -2.0847187 2026 01 14 12 26 41.84
0   4817.67395 -16593.03997  18753.92751   1.8001706  -1.8305883  -2.0937455 2026 01 14 12 27 01.84
0   4853.60572 -16629.64187  18711.96268   1.7930223  -1.8296101  -2.1027524 2026 01 14 12 27 21.84
0   4889.39443 -16666.22386  18669.81791   1.7858633  -1.8285973  -2.1117392 2026 01 14 12 27 41.84
0   4925.03984 -16702.78524  18627.49360   1.7786940  -1.8275497  -2.1207058 2026 01 14 12 28 01.84
0   4960.54177 -16739.32533  18584.99016   1.7715143  -1.8264673  -2.1296523 2026 01 14 12 28 21.84
0   4995.90001 -16775.84342  18542.30800   1.7643246  -1.8253501  -2.1385785 2026 01 14 12 28 41.84
0   5031.11435 -16812.33882  18499.44752   1.7571249  -1.8241981  -2.1474843 2026 01 14 12 29 01.84
0   5066.18460 -16848.81083  18456.40912   1.7499154  -1.8230112  -2.1563697 2026 01 14 12 29 21.84
0   5101.11056 -16885.25875  18413.19323   1.7426963  -1.8217895  -2.1652345 2026 01 14 12 29 41.84
0   5135.89205 -16921.68189  18369.80024   1.7354677  -1.8205328  -2.1740787 2026 01 14 12 30 01.84
0   5170.52887 -16958.07955  18326.23058   1.7282298  -1.8192413  -2.1829021 2026 01 14 12 30 21.84
0   5205.02084 -16994.45103  18282.48466   1.7209826  -1.8179148  -2.1917048 2026 01 14 12 30 41.84
0   5239.36777 -17030.79564  18238.56290   1.7137265  -1.8165534  -2.2004865 2026 01 14 12 31 01.84
0   5273.56950 -17067.11266  18194.46571   1.7064615  -1.8151571  -2.2092473 2026 01 14 12 31 21.84
0   5307.62584 -17103.40141  18150.19352   1.6991878  -1.8137258  -2.2179870 2026 01 14 12 31 41.84
0   5341.53662 -17139.66119  18105.74674   1.6919055  -1.8122595  -2.2267056 2026 01 14 12 32 01.84
0   5375.30167 -17175.89128  18061.12581   1.6846148  -1.8107581  -2.2354029 2026 01 14 12 32 21.84
0   5408.92082 -17212.09101  18016.33114   1.6773159  -1.8092218  -2.2440789 2026 01 14 12 32 41.84
0   5442.39391 -17248.25965  17971.36317   1.6700089  -1.8076504  -2.2527335 2026 01 14 12 33 01.84
0   5475.72079 -17284.39652  17926.22232   1.6626939  -1.8060440  -2.2613667 2026 01 14 12 33 21.84
0   5508.90128 -17320.50091  17880.90902   1.6553712  -1.8044026  -2.2699782 2026 01 14 12 33 41.84
0   5541.93525 -17356.57212  17835.42371   1.6480409  -1.8027261  -2.2785681 2026 01 14 12 34 01.84
0   5574.82254 -17392.60945  17789.76682   1.6407031  -1.8010145  -2.2871363 2026 01 14 12 34 21.84
0   5607.56299 -17428.61220  17743.93878   1.6333580  -1.7992678  -2.2956826 2026 01 14 12 34 41.84
0   5640.15648 -17464.57966  17697.94004   1.6260058  -1.7974860  -2.3042071 2026 01 14 12 35 01.84
0   5672.60285 -17500.51114  17651.77103   1.6186465  -1.7956691  -2.3127095 2026 01 14 12 35 21.84
0   5704.90196 -17536.40592  17605.43219   1.6112805  -1.7938171  -2.3211899 2026 01 14 12 35 41.84
0   5737.05369 -17572.26332  17558.92396   1.6039077  -1.7919300  -2.3296481 2026 01 14 12 36 01.84
0   5769.05790 -17608.08263  17512.24680   1.5965285  -1.7900078  -2.3380841 2026 01 14 12 36 21.84
0   5800.91446 -17643.86314  17465.40113   1.5891428  -1.7880505  -2.3464978 2026 01 14 12 36 41.84
0   5832.62324 -17679.60415  17418.38742   1.5817510  -1.7860580  -2.3548891 2026 01 14 12 37 01.84
0   5864.18413 -17715.30497  17371.20611   1.5743531  -1.7840304  -2.3632578 2026 01 14 12 37 21.84
0   5895.59700 -17750.96488  17323.85765   1.5669493  -1.7819677  -2.3716041 2026 01 14 12 37 41.84
0   5926.86174 -17786.58318  17276.34249   1.5595398  -1.7798698  -2.3799277 2026 01 14 12 38 01.84
0   5957.97823 -17822.15918  17228.66109   1.5521247  -1.7777368  -2.3882285 2026 01 14 12 38 21.84
0   5988.94636 -17857.69216  17180.81389   1.5447042  -1.7755686  -2.3965066 2026 01 14 12 38 41.84
0   6019.76604 -17893.18143  17132.80137   1.5372785  -1.7733653  -2.4047618 2026 01 14 12 39 01.84
0   6050.43714 -17928.62628  17084.62397   1.5298476  -1.7711269  -2.4129940 2026 01 14 12 39 21.84
0   6080.95958 -17964.02602  17036.28216   1.5224118  -1.7688533  -2.4212031 2026 01 14 12 39 41.84
0   6111.33326 -17999.37993  16987.77640   1.5149712  -1.7665446  -2.4293891 2026 01 14 12 40 01.84
0   6141.55808 -18034.68732  16939.10715   1.5075259  -1.7642007  -2.4375520 2026 01 14 12 40 21.84
0   6171.63394 -18069.94747  16890.27488   1.5000762  -1.7618218  -2.4456915 2026 01 14 12 40 41.84
0   6201.56077 -18105.15970  16841.28005   1.4926222  -1.7594077  -2.4538076 2026 01 14 12 41 01.84
0   6231.33848 -18140.32330  16792.12313   1.4851640  -1.7569585  -2.4619004 2026 01 14 12 41 21.84
0   6260.96699 -18175.43756  16742.80459   1.4777018  -1.7544741  -2.4699696 2026 01 14 12 41 41.84
0   6290.44621 -18210.50178  16693.32491   1.4702358  -1.7519547  -2.4780152 2026 01 14 12 42 01.84
0   6319.77607 -18245.51527  16643.68455   1.4627661  -1.7494001  -2.4860371 2026 01 14 12 42 21.84
0   6348.95651 -18280.47731  16593.88399   1.4552928  -1.7468105  -2.4940352 2026 01 14 12 42 41.84
0   6377.98745 -18315.38721  16543.92370   1.4478162  -1.7441858  -2.5020095 2026 01 14 12 43 01.84
0   6406.86882 -18350.24426  16493.80417   1.4403364  -1.7415260  -2.5099599 2026 01 14 12 43 21.84
0   6435.60056 -18385.04777  16443.52588   1.4328535  -1.7388312  -2.5178863 2026 01 14 12 43 41.84
0   6464.18262 -18419.79704  16393.08929   1.4253677  -1.7361013  -2.5257886 2026 01 14 12 44 01.84
0   6492.61494 -18454.49135  16342.49490   1.4178792  -1.7333363  -2.5336668 2026 01 14 12 44 21.84
0   6520.89746 -18489.13002  16291.74319   1.4103881  -1.7305364  -2.5415208 2026 01 14 12 44 41.84
0   6549.03014 -18523.71234  16240.83465   1.4028946  -1.7277014  -2.5493504 2026 01 14 12 45 01.84
0   6577.01292 -18558.23760  16189.76975   1.3953988  -1.7248314  -2.5571557 2026 01 14 12 45 21.84
0   6604.84576 -18592.70512  16138.54900   1.3879010  -1.7219264  -2.5649365 2026 01 14 12 45 41.84
0   6632.52863 -18627.11419  16087.17287   1.3804011  -1.7189865  -2.5726928 2026 01 14 12 46 01.84
0   6660.06148 -18661.46411  16035.64187   1.3728995  -1.7160116  -2.5804245 2026 01 14 12 46 21.84
0   6687.44429 -18695.75419  15983.95647   1.3653962  -1.7130017  -2.5881315 2026 01 14 12 46 41.84
0   6714.67701 -18729.98372  15932.11719   1.3578915  -1.7099570  -2.5958137 2026 01 14 12 47 01.84
0   6741.75963 -18764.15200  15880.12451   1.3503855  -1.7068773  -2.6034711 2026 01 14 12 47 21.84
0   6768.69211 -18798.25835  15827.97893   1.3428782  -1.7037627  -2.6111036 2026 01 14 12 47 41.84
0   6795.47444 -18832.30205  15775.68095   1.3353700  -1.7006133  -2.6187111 2026 01 14 12 48 01.84
0   6822.10660 -18866.28242  15723.23108   1.3278610  -1.6974291  -2.6262936 2026 01 14 12 48 21.84
0   6848.58857 -18900.19876  15670.62980   1.3203512  -1.6942100  -2.6338509 2026 01 14 12 48 41.84
0   6874.92034 -18934.05036  15617.87763   1.3128409  -1.6909561  -2.6413831 2026 01 14 12 49 01.84
0   6901.10190 -18967.83655  15564.97507   1.3053303  -1.6876675  -2.6488899 2026 01 14 12 49 21.84
0   6927.13324 -19001.55661  15511.92263   1.2978194  -1.6843440  -2.6563714 2026 01 14 12 49 41.84
0   6953.01437 -19035.20985  15458.72082   1.2903085  -1.6809859  -2.6638275 2026 01 14 12 50 01.84
0   6978.74528 -19068.79559  15405.37013   1.2827977  -1.6775930  -2.6712580 2026 01 14 12 50 21.84
0   7004.32597 -19102.31312  15351.87109   1.2752871  -1.6741655  -2.6786630 2026 01 14 12 50 41.84
0   7029.75646 -19135.76176  15298.22421   1.2677769  -1.6707033  -2.6860424 2026 01 14 12 51 01.84
0   7055.03675 -19169.14081  15244.43000   1.2602673  -1.6672065  -2.6933960 2026 01 14 12 51 21.84
0   7080.16686 -19202.44957  15190.48898   1.2527584  -1.6636751  -2.7007239 2026 01 14 12 51 41.84
0   7105.14679 -19235.68737  15136.40165   1.2452505  -1.6601091  -2.7080258 2026 01 14 12 52 01.84
0   7129.97658 -19268.85349  15082.16855   1.2377435  -1.6565086  -2.7153019 2026 01 14 12 52 21.84
0   7154.65624 -19301.94727  15027.79019   1.2302378  -1.6528735  -2.7225520 2026 01 14 12 52 41.84
0   7179.18580 -19334.96799  14973.26708   1.2227334  -1.6492040  -2.7297759 2026 01 14 12 53 01.84
0   7203.56529 -19367.91499  14918.59976   1.2152305  -1.6455000  -2.7369738 2026 01 14 12 53 21.84
0   7227.79473 -19400.78755  14863.78874   1.2077292  -1.6417616  -2.7441454 2026 01 14 12 53 41.84
0   7251.87417 -19433.58501  14808.83456   1.2002298  -1.6379888  -2.7512907 2026 01 14 12 54 01.84
0   7275.80364 -19466.30667  14753.73773   1.1927324  -1.6341817  -2.7584097 2026 01 14 12 54 21.84
0   7299.58319 -19498.95185  14698.49879   1.1852371  -1.6303402  -2.7655023 2026 01 14 12 54 41.84
0   7323.21285 -19531.51985  14643.11826   1.1777441  -1.6264645  -2.7725683 2026 01 14 12 55 01.84
0   7346.69267 -19564.00999  14587.59667   1.1702536  -1.6225545  -2.7796078 2026 01 14 12 55 21.84
0   7370.02271 -19596.42160  14531.93456   1.1627656  -1.6186103  -2.7866207 2026 01 14 12 55 41.84
0   7393.20302 -19628.75398  14476.13247   1.1552804  -1.6146319  -2.7936069 2026 01 14 12 56 01.84
0   7416.23365 -19661.00645  14420.19091   1.1477981  -1.6106194  -2.8005662 2026 01 14 12 56 21.84
0   7439.11467 -19693.17832  14364.11044   1.1403189  -1.6065728  -2.8074988 2026 01 14 12 56 41.84
0   7461.84614 -19725.26893  14307.89159   1.1328429  -1.6024921  -2.8144044 2026 01 14 12 57 01.84
0   7484.42812 -19757.27759  14251.53489   1.1253703  -1.5983774  -2.8212831 2026 01 14 12 57 21.84
0   7506.86068 -19789.20361  14195.04089   1.1179012  -1.5942288  -2.8281347 2026 01 14 12 57 41.84
0   7529.14390 -19821.04631  14138.41013   1.1104358  -1.5900461  -2.8349593 2026 01 14 12 58 01.84
0   7551.27785 -19852.80503  14081.64315   1.1029742  -1.5858296  -2.8417566 2026 01 14 12 58 21.84
0   7573.26260 -19884.47908  14024.74050   1.0955167  -1.5815793  -2.8485267 2026 01 14 12 58 41.84
0   7595.09825 -19916.06778  13967.70271   1.0880632  -1.5772951  -2.8552695 2026 01 14 12 59 01.84
0   7616.78487 -19947.57047  13910.53035   1.0806141  -1.5729771  -2.8619849 2026 01 14 12 59 21.84
0   7638.32256 -19978.98646  13853.22395   1.0731695  -1.5686255  -2.8686729 2026 01 14 12 59 41.84
0   7659.71140 -20010.31507  13795.78407   1.0657294  -1.5642401  -2.8753334 2026 01 14 13 00 01.84
0   7680.95148 -20041.55565  13738.21126   1.0582942  -1.5598212  -2.8819663 2026 01 14 13 00 21.84
0   7702.04291 -20072.70751  13680.50606   1.0508638  -1.5553686  -2.8885715 2026 01 14 13 00 41.84
0   7722.98578 -20103.76999  13622.66904   1.0434385  -1.5508825  -2.8951491 2026 01 14 13 01 01.84
0   7743.78020 -20134.74241  13564.70074   1.0360185  -1.5463629  -2.9016988 2026 01 14 13 01 21.84
0   7764.42627 -20165.62410  13506.60173   1.0286038  -1.5418099  -2.9082208 2026 01 14 13 01 41.84
0   7784.92411 -20196.41440  13448.37255   1.0211947  -1.5372235  -2.9147149 2026 01 14 13 02 01.84
0   7805.27382 -20227.11264  13390.01378   1.0137912  -1.5326038  -2.9211809 2026 01 14 13 02 21.84
0   7825.47551 -20257.71815  13331.52596   1.0063936  -1.5279508  -2.9276190 2026 01 14 13 02 41.84
0   7845.52932 -20288.23027  13272.90967   0.9990020  -1.5232645  -2.9340290 2026 01 14 13 03 01.84
0   7865.43535 -20318.64833  13214.16545   0.9916165  -1.5185451  -2.9404108 2026 01 14 13 03 21.84
0   7885.19374 -20348.97167  13155.29388   0.9842373  -1.5137925  -2.9467645 2026 01 14 13 03 41.84
0   7904.80461 -20379.19964  13096.29553   0.9768645  -1.5090068  -2.9530898 2026 01 14 13 04 01.84
0   7924.26808 -20409.33156  13037.17094   0.9694984  -1.5041882  -2.9593868 2026 01 14 13 04 21.84
0   7943.58431 -20439.36677  12977.92071   0.9621390  -1.4993365  -2.9656554 2026 01 14 13 04 41.84
0   7962.75341 -20469.30463  12918.54538   0.9547865  -1.4944520  -2.9718956 2026 01 14 13 05 01.84
0   7981.77554 -20499.14446  12859.04554   0.9474410  -1.4895346  -2.9781072 2026 01 14 13 05 21.84
0   8000.65082 -20528.88562  12799.42175   0.9401028  -1.4845844  -2.9842902 2026 01 14 13 05 41.84
0   8019.37942 -20558.52745  12739.67459   0.9327719  -1.4796015  -2.9904446 2026 01 14 13 06 01.84
0   8037.96147 -20588.06930  12679.80462   0.9254485  -1.4745859  -2.9965703 2026 01 14 13 06 21.84
0   8056.39713 -20617.51051  12619.81244   0.9181327  -1.4695376  -3.0026673 2026 01 14 13 06 41.84
0   8074.68656 -20646.85042  12559.69860   0.9108248  -1.4644569  -3.0087354 2026 01 14 13 07 01.84
0   8092.82990 -20676.08840  12499.46368   0.9035248  -1.4593436  -3.0147746 2026 01 14 13 07 21.84
0   8110.82733 -20705.22379  12439.10828   0.8962329  -1.4541979  -3.0207848 2026 01 14 13 07 41.84
0   8128.67900 -20734.25594  12378.63296   0.8889492  -1.4490198  -3.0267661 2026 01 14 13 08 01.84
0   8146.38508 -20763.18421  12318.03830   0.8816739  -1.4438094  -3.0327183 2026 01 14 13 08 21.84
0   8163.94574 -20792.00794  12257.32489   0.8744072  -1.4385667  -3.0386414 2026 01 14 13 08 41.84
0   8181.36115 -20820.72651  12196.49331   0.8671492  -1.4332919  -3.0445353 2026 01 14 13 09 01.84
0   8198.63150 -20849.33925  12135.54415   0.8599001  -1.4279850  -3.0503999 2026 01 14 13 09 21.84
0   8215.75694 -20877.84554  12074.47799   0.8526599  -1.4226460  -3.0562353 2026 01 14 13 09 41.84
0   8232.73768 -20906.24472  12013.29541   0.8454288  -1.4172750  -3.0620413 2026 01 14 13 10 01.84
0   8249.57389 -20934.53617  11951.99701   0.8382071  -1.4118721  -3.0678179 2026 01 14 13 10 21.84
0   8266.26576 -20962.71924  11890.58337   0.8309947  -1.4064373  -3.0735650 2026 01 14 13 10 41.84
0   8282.81348 -20990.79330  11829.05508   0.8237920  -1.4009708  -3.0792826 2026 01 14 13 11 01.84
0   8299.21724 -21018.75772  11767.41274   0.8165990  -1.3954725  -3.0849706 2026 01 14 13 11 21.84
0   8315.47723 -21046.61185  11705.65693   0.8094158  -1.3899426  -3.0906290 2026 01 14 13 11 41.84
0   8331.59367 -21074.35507  11643.78825   0.8022427  -1.3843812  -3.0962577 2026 01 14 13 12 01.84
0   8347.56674 -21101.98674  11581.80730   0.7950797  -1.3787882  -3.1018567 2026 01 14 13 12 21.84
0   8363.39666 -21129.50624  11519.71466   0.7879271  -1.3731638  -3.1074258 2026 01 14 13 12 41.84
0   8379.08363 -21156.91294  11457.51095   0.7807849  -1.3675080  -3.1129651 2026 01 14 13 13 01.84
0   8394.62786 -21184.20621  11395.19674   0.7736533  -1.3618210  -3.1184744 2026 01 14 13 13 21.84
0   8410.02957 -21211.38543  11332.77265   0.7665324  -1.3561027  -3.1239538 2026 01 14 13 13 41.84
0   8425.28897 -21238.44998  11270.23927   0.7594224  -1.3503533  -3.1294032 2026 01 14 13 14 01.84
0   8440.40628 -21265.39922  11207.59721   0.7523235  -1.3445729  -3.1348225 2026 01 14 13 14 21.84
0   8455.38172 -21292.23255  11144.84706   0.7452357  -1.3387614  -3.1402117 2026 01 14 13 14 41.84
0   8470.21552 -21318.94934  11081.98943   0.7381593  -1.3329190  -3.1455706 2026 01 14 13 15 01.84
0   8484.90791 -21345.54897  11019.02492   0.7310943  -1.3270459  -3.1508994 2026 01 14 13 15 21.84
0   8499.45911 -21372.03084  10955.95414   0.7240410  -1.3211419  -3.1561978 2026 01 14 13 15 41.84
0   8513.86936 -21398.39432  10892.77769   0.7169993  -1.3152073  -3.1614660 2026 01 14 13 16 01.84
0   8528.13890 -21424.63880  10829.49619   0.7099696  -1.3092421  -3.1667037 2026 01 14 13 16 21.84
0   8542.26797 -21450.76367  10766.11024   0.7029519  -1.3032463  -3.1719109 2026 01 14 13 16 41.84
0   8556.25680 -21476.76832  10702.62044   0.6959463  -1.2972201  -3.1770877 2026 01 14 13 17 01.84
0   8570.10565 -21502.65215  10639.02742   0.6889531  -1.2911636  -3.1822339 2026 01 14 13 17 21.84
0   8583.81475 -21528.41454  10575.33178   0.6819724  -1.2850768  -3.1873496 2026 01 14 13 17 41.84
0   8597.38437 -21554.05490  10511.53413   0.6750042  -1.2789598  -3.1924346 2026 01 14 13 18 01.84
0   8610.81475 -21579.57261  10447.63509   0.6680488  -1.2728127  -3.1974888 2026 01 14 13 18 21.84
0   8624.10615 -21604.96708  10383.63527   0.6611062  -1.2666355  -3.2025124 2026 01 14 13 18 41.84
0   8637.25883 -21630.23771  10319.53529   0.6541767  -1.2604284  -3.2075051 2026 01 14 13 19 01.84
0   8650.27305 -21655.38391  10255.33577   0.6472603  -1.2541915  -3.2124670 2026 01 14 13 19 21.84
0   8663.14907 -21680.40506  10191.03731   0.6403572  -1.2479248  -3.2173979 2026 01 14 13 19 41.84
0   8675.88717 -21705.30058  10126.64055   0.6334675  -1.2416283  -3.2222980 2026 01 14 13 20 01.84
0   8688.48761 -21730.06988  10062.14610   0.6265915  -1.2353023  -3.2271670 2026 01 14 13 20 21.84
0   8700.95067 -21754.71237   9997.55457   0.6197291  -1.2289468  -3.2320050 2026 01 14 13 20 41.84
0   8713.27662 -21779.22745   9932.86660   0.6128805  -1.2225619  -3.2368119 2026 01 14 13 21 01.84
0   8725.46573 -21803.61454   9868.08280   0.6060460  -1.2161476  -3.2415876 2026 01 14 13 21 21.84
0   8737.51830 -21827.87305   9803.20379   0.5992256  -1.2097040  -3.2463322 2026 01 14 13 21 41.84
0   8749.43460 -21852.00240   9738.23021   0.5924194  -1.2032314  -3.2510455 2026 01 14 13 22 01.84
0   8761.21492 -21876.00200   9673.16268   0.5856276  -1.1967296  -3.2557276 2026 01 14 13 22 21.84
0   8772.85955 -21899.87129   9608.00181   0.5788504  -1.1901989  -3.2603783 2026 01 14 13 22 41.84
0   8784.36878 -21923.60966   9542.74825   0.5720878  -1.1836392  -3.2649977 2026 01 14 13 23 01.84
0   8795.74291 -21947.21656   9477.40261   0.5653400  -1.1770508  -3.2695856 2026 01 14 13 23 21.84
0   8806.98223 -21970.69141   9411.96553   0.5586071  -1.1704337  -3.2741421 2026 01 14 13 23 41.84
0   8818.08705 -21994.03362   9346.43764   0.5518893  -1.1637880  -3.2786670 2026 01 14 13 24 01.84
0   8829.05766 -22017.24264   9280.81956   0.5451867  -1.1571138  -3.2831604 2026 01 14 13 24 21.84
0   8839.89437 -22040.31789   9215.11193   0.5384995  -1.1504111  -3.2876222 2026 01 14 13 24 41.84
0   8850.59749 -22063.25880   9149.31538   0.5318277  -1.1436801  -3.2920524 2026 01 14 13 25 01.84
0   8861.16733 -22086.06481   9083.43055   0.5251715  -1.1369210  -3.2964508 2026 01 14 13 25 21.84
0   8871.60421 -22108.73536   9017.45806   0.5185310  -1.1301336  -3.3008176 2026 01 14 13 25 41.84
0   8881.90844 -22131.26988   8951.39856   0.5119064  -1.1233183  -3.3051525 2026 01 14 13 26 01.84
0   8892.08033 -22153.66781   8885.25268   0.5052978  -1.1164750  -3.3094556 2026 01 14 13 26 21.84
0   8902.12021 -22175.92860   8819.02105   0.4987053  -1.1096039  -3.3137269 2026 01 14 13 26 41.84
0   8912.02841 -22198.05170   8752.70431   0.4921291  -1.1027050  -3.3179663 2026 01 14 13 27 01.84
0   8921.80524 -22220.03653   8686.30311   0.4855693  -1.0957785  -3.3221737 2026 01 14 13 27 21.84
0   8931.45105 -22241.88257   8619.81808   0.4790260  -1.0888245  -3.3263491 2026 01 14 13 27 41.84
0   8940.96615 -22263.58925   8553.24986   0.4724993  -1.0818430  -3.3304925 2026 01 14 13 28 01.84
0   8950.35089 -22285.15602   8486.59910   0.4659894  -1.0748342  -3.3346039 2026 01 14 13 28 21.84
0   8959.60560 -22306.58235   8419.86643   0.4594964  -1.0677981  -3.3386831 2026 01 14 13 28 41.84
0   8968.73062 -22327.86769   8353.05249   0.4530205  -1.0607350  -3.3427302 2026 01 14 13 29 01.84
0   8977.72629 -22349.01149   8286.15794   0.4465617  -1.0536448  -3.3467450 2026 01 14 13 29 21.84
0   8986.59296 -22370.01322   8219.18341   0.4401202  -1.0465276  -3.3507277 2026 01 14 13 29 41.84
0   8995.33098 -22390.87235   8152.12955   0.4336961  -1.0393837  -3.3546780 2026 01 14 13 30 01.84
0   9003.94068 -22411.58832   8084.99701   0.4272895  -1.0322130  -3.3585961 2026 01 14 13 30 21.84
0   9012.42244 -22432.16062   8017.78643   0.4209007  -1.0250158  -3.3624818 2026 01 14 13 30 41.84
0   9020.77659 -22452.58870   7950.49846   0.4145296  -1.0177920  -3.3663351 2026 01 14 13 31 01.84
0   9029.00350 -22472.87205   7883.13375   0.4081764  -1.0105418  -3.3701560 2026 01 14 13 31 21.84
0   9037.10353 -22493.01013   7815.69294   0.4018412  -1.0032654  -3.3739444 2026 01 14 13 31 41.84
0   9045.07703 -22513.00242   7748.17670   0.3955243  -0.9959627  -3.3777003 2026 01 14 13 32 01.84
0   9052.92438 -22532.84840   7680.58566   0.3892256  -0.9886340  -3.3814237 2026 01 14 13 32 21.84
0   9060.64594 -22552.54755   7612.92047   0.3829453  -0.9812793  -3.3851145 2026 01 14 13 32 41.84
0   9068.24209 -22572.09934   7545.18180   0.3766836  -0.9738988  -3.3887726 2026 01 14 13 33 01.84
0   9075.71318 -22591.50327   7477.37029   0.3704405  -0.9664925  -3.3923982 2026 01 14 13 33 21.84
0   9083.05960 -22610.75881   7409.48660   0.3642162  -0.9590606  -3.3959910 2026 01 14 13 33 41.84
0   9090.28172 -22629.86546   7341.53138   0.3580109  -0.9516032  -3.3995511 2026 01 14 13 34 01.84
0   9097.37992 -22648.82271   7273.50529   0.3518245  -0.9441203  -3.4030784 2026 01 14 13 34 21.84
0   9104.35459 -22667.63005   7205.40897   0.3456573  -0.9366122  -3.4065730 2026 01 14 13 34 41.84
0   9111.20611 -22686.28698   7137.24309   0.3395093  -0.9290788  -3.4100347 2026 01 14 13 35 01.84
0   9117.93486 -22704.79298   7069.00831   0.3333807  -0.9215204  -3.4134636 2026 01 14 13 35 21.84
0   9124.54124 -22723.14758   7000.70528   0.3272717  -0.9139371  -3.4168595 2026 01 14 13 35 41.84
0   9131.02563 -22741.35025   6932.33466   0.3211822  -0.9063288  -3.4202225 2026 01 14 13 36 01.84
0   9137.38842 -22759.40052   6863.89711   0.3151125  -0.8986959  -3.4235526 2026 01 14 13 36 21.84
0   9143.63003 -22777.29787   6795.39329   0.3090627  -0.8910383  -3.4268496 2026 01 14 13 36 41.84
0   9149.75083 -22795.04184   6726.82386   0.3030328  -0.8833563  -3.4301137 2026 01 14 13 37 01.84
0   9155.75124 -22812.63192   6658.18948   0.2970230  -0.8756498  -3.4333446 2026 01 14 13 37 21.84
0   9161.63166 -22830.06763   6589.49081   0.2910334  -0.8679191  -3.4365425 2026 01 14 13 37 41.84
0   9167.39248 -22847.34848   6520.72851   0.2850642  -0.8601642  -3.4397072 2026 01 14 13 38 01.84
0   9173.03413 -22864.47399   6451.90325   0.2791154  -0.8523854  -3.4428387 2026 01 14 13 38 21.84
0   9178.55701 -22881.44369   6383.01569   0.2731871  -0.8445826  -3.4459371 2026 01 14 13 38 41.84
0   9183.96152 -22898.25710   6314.06650   0.2672795  -0.8367560  -3.4490022 2026 01 14 13 39 01.84
0   9189.24810 -22914.91374   6245.05634   0.2613927  -0.8289057  -3.4520341 2026 01 14 13 39 21.84
0   9194.41714 -22931.41313   6175.98587   0.2555268  -0.8210319  -3.4550327 2026 01 14 13 39 41.84
0   9199.46908 -22947.75482   6106.85577   0.2496819  -0.8131346  -3.4579980 2026 01 14 13 40 01.84
0   9204.40433 -22963.93833   6037.66669   0.2438581  -0.8052140  -3.4609299 2026 01 14 13 40 21.84
0   9209.22332 -22979.96319   5968.41931   0.2380555  -0.7972703  -3.4638285 2026 01 14 13 40 41.84
0   9213.92647 -22995.82896   5899.11429   0.2322743  -0.7893035  -3.4666936 2026 01 14 13 41 01.84
0   9218.51421 -23011.53515   5829.75230   0.2265146  -0.7813137  -3.4695253 2026 01 14 13 41 21.84
0   9222.98697 -23027.08132   5760.33401   0.2207764  -0.7733011  -3.4723236 2026 01 14 13 41 41.84
0   9227.34518 -23042.46702   5690.86010   0.2150599  -0.7652658  -3.4750883 2026 01 14 13 42 01.84
0   9231.58928 -23057.69178   5621.33122   0.2093651  -0.7572080  -3.4778196 2026 01 14 13 42 21.84
0   9235.71971 -23072.75516   5551.74805   0.2036923  -0.7491276  -3.4805173 2026 01 14 13 42 41.84
0   9239.73690 -23087.65672   5482.11127   0.1980414  -0.7410250  -3.4831814 2026 01 14 13 43 01.84
0   9243.64129 -23102.39599   5412.42154   0.1924127  -0.7329002  -3.4858119 2026 01 14 13 43 21.84
0   9247.43333 -23116.97256   5342.67953   0.1868062  -0.7247533  -3.4884088 2026 01 14 13 43 41.84
0   9251.11346 -23131.38596   5272.88593   0.1812220  -0.7165844  -3.4909720 2026 01 14 13 44 01.84
0   9254.68214 -23145.63577   5203.04139   0.1756602  -0.7083938  -3.4935016 2026 01 14 13 44 21.84
0   9258.13980 -23159.72155   5133.14660   0.1701210  -0.7001814  -3.4959974 2026 01 14 13 44 41.84
0   9261.48690 -23173.64287   5063.20223   0.1646044  -0.6919475  -3.4984596 2026 01 14 13 45 01.84
0   9264.72390 -23187.39929   4993.20896   0.1591105  -0.6836921  -3.5008879 2026 01 14 13 45 21.84
0   9267.85126 -23200.99040   4923.16746   0.1536395  -0.6754155  -3.5032825 2026 01 14 13 45 41.84
0   9270.86942 -23214.41576   4853.07840   0.1481915  -0.6671176  -3.5056433 2026 01 14 13 46 01.84
0   9273.77885 -23227.67496   4782.94247   0.1427665  -0.6587988  -3.5079703 2026 01 14 13 46 21.84
0   9276.58001 -23240.76757   4712.76033   0.1373646  -0.6504590  -3.5102634 2026 01 14 13 46 41.84
0   9279.27337 -23253.69317   4642.53267   0.1319860  -0.6420984  -3.5125226 2026 01 14 13 47 01.84
0   9281.85939 -23266.45136   4572.26017   0.1266308  -0.6337172  -3.5147480 2026 01 14 13 47 21.84
0   9284.33854 -23279.04172   4501.94350   0.1212990  -0.6253154  -3.5169394 2026 01 14 13 47 41.84
0   9286.71129 -23291.46384   4431.58334   0.1159908  -0.6168933  -3.5190968 2026 01 14 13 48 01.84
0   9288.97811 -23303.71731   4361.18037   0.1107062  -0.6084509  -3.5212204 2026 01 14 13 48 21.84
0   9291.13947 -23315.80174   4290.73527   0.1054454  -0.5999884  -3.5233099 2026 01 14 13 48 41.84
0   9293.19586 -23327.71672   4220.24872   0.1002085  -0.5915059  -3.5253654 2026 01 14 13 49 01.84
0   9295.14775 -23339.46184   4149.72140   0.0949955  -0.5830035  -3.5273869 2026 01 14 13 49 21.84
0   9296.99563 -23351.03673   4079.15399   0.0898065  -0.5744814  -3.5293743 2026 01 14 13 49 41.84
0   9298.73996 -23362.44098   4008.54717   0.0846417  -0.5659397  -3.5313277 2026 01 14 13 50 01.84
0   9300.38124 -23373.67420   3937.90162   0.0795012  -0.5573786  -3.5332470 2026 01 14 13 50 21.84
0   9301.91995 -23384.73600   3867.21803   0.0743850  -0.5487982  -3.5351322 2026 01 14 13 50 41.84
0   9303.35658 -23395.62601   3796.49708   0.0692932  -0.5401986  -3.5369832 2026 01 14 13 51 01.84
0   9304.69163 -23406.34383   3725.73945   0.0642259  -0.5315799  -3.5388001 2026 01 14 13 51 21.84
0   9305.92557 -23416.88909   3654.94582   0.0591833  -0.5229424  -3.5405828 2026 01 14 13 51 41.84
0   9307.05891 -23427.26141   3584.11688   0.0541654  -0.5142860  -3.5423314 2026 01 14 13 52 01.84
0   9308.09213 -23437.46042   3513.25331   0.0491722  -0.5056111  -3.5440457 2026 01 14 13 52 21.84
0   9309.02575 -23447.48575   3442.35580   0.0442040  -0.4969176  -3.5457259 2026 01 14 13 52 41.84
0   9309.86024 -23457.33702   3371.42502   0.0392608  -0.4882058  -3.5473718 2026 01 14 13 53 01.84
0   9310.59613 -23467.01388   3300.46167   0.0343427  -0.4794758  -3.5489834 2026 01 14 13 53 21.84
0   9311.23390 -23476.51596   3229.46643   0.0294497  -0.4707277  -3.5505608 2026 01 14 13 53 41.84
0   9311.77407 -23485.84289   3158.43999   0.0245820  -0.4619617  -3.5521039 2026 01 14 13 54 01.84
0   9312.21714 -23494.99433   3087.38302   0.0197396  -0.4531779  -3.5536127 2026 01 14 13 54 21.84
0   9312.56361 -23503.96992   3016.29623   0.0149227  -0.4443764  -3.5550871 2026 01 14 13 54 41.84
0   9312.81400 -23512.76930   2945.18028   0.0101313  -0.4355575  -3.5565273 2026 01 14 13 55 01.84
0   9312.96882 -23521.39213   2874.03588   0.0053655  -0.4267211  -3.5579331 2026 01 14 13 55 21.84
0   9313.02858 -23529.83806   2802.86371   0.0006254  -0.4178675  -3.5593045 2026 01 14 13 55 41.84
0   9312.99379 -23538.10674   2731.66445  -0.0040889  -0.4089969  -3.5606415 2026 01 14 13 56 01.84
0   9312.86498 -23546.19785   2660.43879  -0.0087773  -0.4001093  -3.5619442 2026 01 14 13 56 21.84
0   9312.64266 -23554.11104   2589.18743  -0.0134398  -0.3912049  -3.5632124 2026 01 14 13 56 41.84
0   9312.32735 -23561.84597   2517.91104  -0.0180763  -0.3822838  -3.5644463 2026 01 14 13 57 01.84
0   9311.91957 -23569.40231   2446.61032  -0.0226866  -0.3733462  -3.5656457 2026 01 14 13 57 21.84
0   9311.41985 -23576.77975   2375.28596  -0.0272707  -0.3643923  -3.5668107 2026 01 14 13 57 41.84
0   9310.82871 -23583.97794   2303.93864  -0.0318285  -0.3554221  -3.5679412 2026 01 14 13 58 01.84
0   9310.14667 -23590.99656   2232.56906  -0.0363599  -0.3464359  -3.5690372 2026 01 14 13 58 21.84
0   9309.37427 -23597.83531   2161.17790  -0.0408649  -0.3374337  -3.5700988 2026 01 14 13 58 41.84
0   9308.51204 -23604.49385   2089.76586  -0.0453434  -0.3284158  -3.5711259 2026 01 14 13 59 01.84
0   9307.56050 -23610.97188   2018.33362  -0.0497952  -0.3193821  -3.5721184 2026 01 14 13 59 21.84
0   9306.52020 -23617.26908   1946.88187  -0.0542204  -0.3103330  -3.5730765 2026 01 14 13 59 41.84
0   9305.39166 -23623.38514   1875.41130  -0.0586188  -0.3012686  -3.5740000 2026 01 14 14 00 01.84
0   9304.17541 -23629.31977   1803.92261  -0.0629903  -0.2921889  -3.5748891 2026 01 14 14 00 21.84
0   9302.87201 -23635.07265   1732.41649  -0.0673349  -0.2830942  -3.5757435 2026 01 14 14 00 41.84
0   9301.48199 -23640.64349   1660.89362  -0.0716525  -0.2739846  -3.5765635 2026 01 14 14 01 01.84
0   9300.00588 -23646.03199   1589.35470  -0.0759431  -0.2648603  -3.5773488 2026 01 14 14 01 21.84
0   9298.44423 -23651.23786   1517.80041  -0.0802065  -0.2557213  -3.5780996 2026 01 14 14 01 41.84
0   9296.79759 -23656.26080   1446.23146  -0.0844426  -0.2465678  -3.5788159 2026 01 14 14 02 01.84
0   9295.06650 -23661.10053   1374.64853  -0.0886515  -0.2374001  -3.5794975 2026 01 14 14 02 21.84
0   9293.25151 -23665.75677   1303.05231  -0.0928329  -0.2282182  -3.5801446 2026 01 14 14 02 41.84
0   9291.35316 -23670.22922   1231.44349  -0.0969869  -0.2190222  -3.5807570 2026 01 14 14 03 01.84
0   9289.37200 -23674.51762   1159.82277  -0.1011135  -0.2098124  -3.5813349 2026 01 14 14 03 21.84
0   9287.30860 -23678.62169   1088.19084  -0.1052124  -0.2005889  -3.5818781 2026 01 14 14 03 41.84
0   9285.16349 -23682.54115   1016.54840  -0.1092836  -0.1913519  -3.5823867 2026 01 14 14 04 01.84
0   9282.93723 -23686.27574    944.89612  -0.1133271  -0.1821014  -3.5828607 2026 01 14 14 04 21.84
0   9280.63038 -23689.82519    873.23471  -0.1173428  -0.1728377  -3.5833001 2026 01 14 14 04 41.84
0   9278.24349 -23693.18923    801.56486  -0.1213307  -0.1635608  -3.5837049 2026 01 14 14 05 01.84
0   9275.77713 -23696.36760    729.88727  -0.1252906  -0.1542710  -3.5840750 2026 01 14 14 05 21.84
0   9273.23185 -23699.36005    658.20261  -0.1292224  -0.1449684  -3.5844104 2026 01 14 14 05 41.84
0   9270.60821 -23702.16633    586.51160  -0.1331263  -0.1356532  -3.5847112 2026 01 14 14 06 01.84
0   9267.90678 -23704.78617    514.81491  -0.1370019  -0.1263254  -3.5849774 2026 01 14 14 06 21.84
0   9265.12811 -23707.21934    443.11324  -0.1408494  -0.1169853  -3.5852089 2026 01 14 14 06 41.84
0   9262.27278 -23709.46558    371.40730  -0.1446686  -0.1076331  -3.5854058 2026 01 14 14 07 01.84
0   9259.34135 -23711.52466    299.69776  -0.1484594  -0.0982687  -3.5855680 2026 01 14 14 07 21.84
0   9256.33439 -23713.39633    227.98532  -0.1522219  -0.0888925  -3.5856955 2026 01 14 14 07 41.84
0   9253.25246 -23715.08036    156.27068  -0.1559559  -0.0795046  -3.5857884 2026 01 14 14 08 01.84
0   9250.09614 -23716.57651     84.55453  -0.1596613  -0.0701051  -3.5858466 2026 01 14 14 08 21.84
0   9246.86599 -23717.88457     12.83756  -0.1633382  -0.0606942  -3.5858702 2026 01 14 14 08 41.84
0   9243.56259 -23719.00429    -58.87953  -0.1669864  -0.0512720  -3.5858591 2026 01 14 14 09 01.84
0   9240.18652 -23719.93546   -130.59605  -0.1706059  -0.0418387  -3.5858133 2026 01 14 14 09 21.84
0   9236.73834 -23720.67785   -202.31132  -0.1741966  -0.0323944  -3.5857328 2026 01 14 14 09 41.84
0   9233.21864 -23721.23125   -274.02462  -0.1777586  -0.0229393  -3.5856177 2026 01 14 14 10 01.84
0   9229.62798 -23721.59544   -345.73528  -0.1812916  -0.0134737  -3.5854679 2026 01 14 14 10 21.84
0   9225.96696 -23721.77021   -417.44259  -0.1847957  -0.0039975  -3.5852834 2026 01 14 14 10 41.84
0   9222.23615 -23721.75536   -489.14587  -0.1882707   0.0054890  -3.5850643 2026 01 14 14 11 01.84
0   9218.43612 -23721.55068   -560.84442  -0.1917167   0.0149857  -3.5848105 2026 01 14 14 11 21.84
0   9214.56746 -23721.15596   -632.53755  -0.1951336   0.0244924  -3.5845221 2026 01 14 14 11 41.84
0   9210.63076 -23720.57101   -704.22456  -0.1985214   0.0340090  -3.5841990 2026 01 14 14 12 01.84
0   9206.62660 -23719.79563   -775.90477  -0.2018799   0.0435352  -3.5838412 2026 01 14 14 12 21.84
0   9202.55555 -23718.82964   -847.57747  -0.2052091   0.0530710  -3.5834488 2026 01 14 14 12 41.84
0   9198.41822 -23717.67283   -919.24197  -0.2085090   0.0626162  -3.5830217 2026 01 14 14 13 01.84
0   9194.21518 -23716.32503   -990.89759  -0.2117795   0.0721706  -3.5825600 2026 01 14 14 13 21.84
0   9189.94703 -23714.78605  -1062.54363  -0.2150206   0.0817341  -3.5820636 2026 01 14 14 13 41.84
0   9185.61435 -23713.05571  -1134.17940  -0.2182322   0.0913064  -3.5815326 2026 01 14 14 14 01.84
0   9181.21773 -23711.13384  -1205.80419  -0.2214143   0.1008876  -3.5809670 2026 01 14 14 14 21.84
0   9176.75777 -23709.02025  -1277.41733  -0.2245668   0.1104773  -3.5803667 2026 01 14 14 14 41.84
0   9172.23505 -23706.71480  -1349.01812  -0.2276896   0.1200754  -3.5797318 2026 01 14 14 15 01.84
0   9167.65018 -23704.21729  -1420.60586  -0.2307828   0.1296819  -3.5790623 2026 01 14 14 15 21.84
0   9163.00374 -23701.52758  -1492.17987  -0.2338462   0.1392964  -3.5783581 2026 01 14 14 15 41.84
0   9158.29632 -23698.64549  -1563.73945  -0.2368798   0.1489189  -3.5776194 2026 01 14 14 16 01.84
0   9153.52854 -23695.57088  -1635.28390  -0.2398837   0.1585491  -3.5768460 2026 01 14 14 16 21.84
0   9148.70097 -23692.30359  -1706.81255  -0.2428576   0.1681870  -3.5760381 2026 01 14 14 16 41.84
0   9143.81422 -23688.84347  -1778.32469  -0.2458017   0.1778324  -3.5751955 2026 01 14 14 17 01.84
0   9138.86890 -23685.19036  -1849.81963  -0.2487158   0.1874851  -3.5743184 2026 01 14 14 17 21.84
0   9133.86559 -23681.34413  -1921.29669  -0.2515999   0.1971449  -3.5734067 2026 01 14 14 17 41.84
0   9128.80490 -23677.30464  -1992.75516  -0.2544539   0.2068117  -3.5724605 2026 01 14 14 18 01.84
0   9123.68743 -23673.07174  -2064.19437  -0.2572779   0.2164854  -3.5714797 2026 01 14 14 18 21.84
0   9118.51378 -23668.64530  -2135.61361  -0.2600717   0.2261657  -3.5704643 2026 01 14 14 18 41.84
0   9113.28455 -23664.02519  -2207.01220  -0.2628354   0.2358525  -3.5694144 2026 01 14 14 19 01.84
0   9108.00036 -23659.21129  -2278.38945  -0.2655688   0.2455456  -3.5683300 2026 01 14 14 19 21.84
0   9102.66180 -23654.20345  -2349.74467  -0.2682720   0.2552449  -3.5672111 2026 01 14 14 19 41.84
0   9097.26947 -23649.00158  -2421.07716  -0.2709450   0.2649503  -3.5660577 2026 01 14 14 20 01.84
0   9091.82400 -23643.60553  -2492.38624  -0.2735876   0.2746615  -3.5648697 2026 01 14 14 20 21.84
0   9086.32597 -23638.01521  -2563.67121  -0.2761998   0.2843784  -3.5636473 2026 01 14 14 20 41.84
0   9080.77600 -23632.23049  -2634.93139  -0.2787817   0.2941008  -3.5623904 2026 01 14 14 21 01.84
0   9075.17470 -23626.25127  -2706.16609  -0.2813331   0.3038286  -3.5610990 2026 01 14 14 21 21.84
0   9069.52267 -23620.07745  -2777.37462  -0.2838540   0.3135615  -3.5597732 2026 01 14 14 21 41.84
0   9063.82054 -23613.70891  -2848.55629  -0.2863445   0.3232996  -3.5584129 2026 01 14 14 22 01.84
0   9058.06889 -23607.14557  -2919.71041  -0.2888044   0.3330425  -3.5570183 2026 01 14 14 22 21.84
0   9052.26836 -23600.38732  -2990.83629  -0.2912338   0.3427901  -3.5555892 2026 01 14 14 22 41.84
0   9046.41954 -23593.43408  -3061.93324  -0.2936325   0.3525422  -3.5541257 2026 01 14 14 23 01.84
0   9040.52306 -23586.28574  -3133.00058  -0.2960006   0.3622988  -3.5526278 2026 01 14 14 23 21.84
0   9034.57952 -23578.94224  -3204.03762  -0.2983381   0.3720595  -3.5510955 2026 01 14 14 23 41.84
0   9028.58953 -23571.40348  -3275.04367  -0.3006448   0.3818244  -3.5495289 2026 01 14 14 24 01.84
0   9022.55372 -23563.66938  -3346.01805  -0.3029209   0.3915931  -3.5479280 2026 01 14 14 24 21.84
0   9016.47270 -23555.73988  -3416.96006  -0.3051662   0.4013655  -3.5462927 2026 01 14 14 24 41.84
0   9010.34707 -23547.61489  -3487.86902  -0.3073807   0.4111416  -3.5446231 2026 01 14 14 25 01.84
0   9004.17747 -23539.29434  -3558.74425  -0.3095644   0.4209210  -3.5429192 2026 01 14 14 25 21.84
0   8997.96450 -23530.77818  -3629.58506  -0.3117173   0.4307036  -3.5411810 2026 01 14 14 25 41.84
0   8991.70878 -23522.06633  -3700.39077  -0.3138393   0.4404894  -3.5394086 2026 01 14 14 26 01.84
0   8985.41093 -23513.15873  -3771.16068  -0.3159304   0.4502780  -3.5376019 2026 01 14 14 26 21.84
0   8979.07156 -23504.05534  -3841.89411  -0.3179907   0.4600694  -3.5357610 2026 01 14 14 26 41.84
0   8972.69130 -23494.75610  -3912.59039  -0.3200200   0.4698633  -3.5338859 2026 01 14 14 27 01.84
0   8966.27076 -23485.26095  -3983.24882  -0.3220183   0.4796597  -3.5319766 2026 01 14 14 27 21.84
0   8959.81057 -23475.56985  -4053.86873  -0.3239857   0.4894583  -3.5300331 2026 01 14 14 27 41.84
0   8953.31134 -23465.68276  -4124.44942  -0.3259220   0.4992590  -3.5280554 2026 01 14 14 28 01.84
0   8946.77369 -23455.59964  -4194.99022  -0.3278274   0.5090616  -3.5260436 2026 01 14 14 28 21.84
0   8940.19824 -23445.32045  -4265.49044  -0.3297017   0.5188660  -3.5239977 2026 01 14 14 28 41.84
0   8933.58562 -23434.84515  -4335.94940  -0.3315450   0.5286720  -3.5219177 2026 01 14 14 29 01.84
0   8926.93644 -23424.17373  -4406.36642  -0.3333572   0.5384793  -3.5198035 2026 01 14 14 29 21.84
0   8920.25133 -23413.30614  -4476.74082  -0.3351383   0.5482880  -3.5176554 2026 01 14 14 29 41.84
0   8913.53091 -23402.24237  -4547.07191  -0.3368883   0.5580977  -3.5154732 2026 01 14 14 30 01.84
0   8906.77581 -23390.98239  -4617.35902  -0.3386071   0.5679083  -3.5132569 2026 01 14 14 30 21.84
0   8899.98663 -23379.52620  -4687.60147  -0.3402948   0.5777198  -3.5110067 2026 01 14 14 30 41.84
0   8893.16401 -23367.87377  -4757.79857  -0.3419514   0.5875318  -3.5087225 2026 01 14 14 31 01.84
0   8886.30858 -23356.02510  -4827.94965  -0.3435768   0.5973442  -3.5064044 2026 01 14 14 31 21.84
0   8879.42094 -23343.98017  -4898.05403  -0.3451710   0.6071569  -3.5040523 2026 01 14 14 31 41.84
0   8872.50174 -23331.73900  -4968.11102  -0.3467340   0.6169697  -3.5016662 2026 01 14 14 32 01.84
0   8865.55159 -23319.30156  -5038.11996  -0.3482657   0.6267824  -3.4992464 2026 01 14 14 32 21.84
0   8858.57111 -23306.66788  -5108.08016  -0.3497663   0.6365949  -3.4967926 2026 01 14 14 32 41.84
0   8851.56093 -23293.83795  -5177.99094  -0.3512356   0.6464070  -3.4943050 2026 01 14 14 33 01.84
0   8844.52169 -23280.81178  -5247.85164  -0.3526737   0.6562185  -3.4917836 2026 01 14 14 33 21.84
0   8837.45399 -23267.58939  -5317.66157  -0.3540806   0.6660293  -3.4892284 2026 01 14 14 33 41.84
0   8830.35846 -23254.17080  -5387.42006  -0.3554561   0.6758392  -3.4866394 2026 01 14 14 34 01.84
0   8823.23574 -23240.55602  -5457.12643  -0.3568004   0.6856480  -3.4840166 2026 01 14 14 34 21.84
0   8816.08645 -23226.74507  -5526.78001  -0.3581135   0.6954556  -3.4813602 2026 01 14 14 34 41.84
0   8808.91120 -23212.73799  -5596.38012  -0.3593952   0.7052618  -3.4786700 2026 01 14 14 35 01.84
0   8801.71064 -23198.53480  -5665.92610  -0.3606457   0.7150664  -3.4759462 2026 01 14 14 35 21.84
0   8794.48538 -23184.13554  -5735.41726  -0.3618648   0.7248693  -3.4731888 2026 01 14 14 35 41.84
0   8787.23604 -23169.54023  -5804.85294  -0.3630527   0.7346703  -3.4703977 2026 01 14 14 36 01.84
0   8779.96327 -23154.74893  -5874.23246  -0.3642093   0.7444693  -3.4675730 2026 01 14 14 36 21.84
0   8772.66767 -23139.76167  -5943.55515  -0.3653346   0.7542660  -3.4647148 2026 01 14 14 36 41.84
0   8765.34989 -23124.57850  -6012.82034  -0.3664285   0.7640603  -3.4618231 2026 01 14 14 37 01.84
0   8758.01053 -23109.19947  -6082.02736  -0.3674912   0.7738521  -3.4588978 2026 01 14 14 37 21.84
0   8750.65024 -23093.62463  -6151.17554  -0.3685225   0.7836411  -3.4559391 2026 01 14 14 37 41.84
0   8743.26963 -23077.85404  -6220.26421  -0.3695225   0.7934273  -3.4529469 2026 01 14 14 38 01.84
0   8735.86934 -23061.88776  -6289.29271  -0.3704913   0.8032103  -3.4499213 2026 01 14 14 38 21.84
0   8728.44998 -23045.72585  -6358.26036  -0.3714287   0.8129902  -3.4468623 2026 01 14 14 38 41.84
0   8721.01219 -23029.36838  -6427.16649  -0.3723348   0.8227667  -3.4437699 2026 01 14 14 39 01.84
0   8713.55658 -23012.81541  -6496.01045  -0.3732097   0.8325396  -3.4406442 2026 01 14 14 39 21.84
0   8706.08380 -22996.06702  -6564.79156  -0.3740532   0.8423088  -3.4374852 2026 01 14 14 39 41.84
0   8698.59446 -22979.12329  -6633.50915  -0.3748654   0.8520741  -3.4342929 2026 01 14 14 40 01.84
0   8691.08918 -22961.98429  -6702.16257  -0.3756464   0.8618354  -3.4310674 2026 01 14 14 40 21.84
0   8683.56860 -22944.65011  -6770.75115  -0.3763960   0.8715924  -3.4278087 2026 01 14 14 40 41.84
0   8676.03334 -22927.12084  -6839.27422  -0.3771144   0.8813451  -3.4245168 2026 01 14 14 41 01.84
0   8668.48402 -22909.39655  -6907.73112  -0.3778016   0.8910932  -3.4211917 2026 01 14 14 41 21.84
0   8660.92127 -22891.47735  -6976.12118  -0.3784574   0.9008366  -3.4178335 2026 01 14 14 41 41.84
0   8653.34572 -22873.36334  -7044.44376  -0.3790820   0.9105751  -3.4144423 2026 01 14 14 42 01.84
0   8645.75799 -22855.05460  -7112.69818  -0.3796754   0.9203085  -3.4110180 2026 01 14 14 42 21.84
0   8638.15870 -22836.55125  -7180.88378  -0.3802376   0.9300368  -3.4075607 2026 01 14 14 42 41.84
0   8630.54848 -22817.85338  -7248.99991  -0.3807685   0.9397597  -3.4040704 2026 01 14 14 43 01.84
0   8622.92796 -22798.96112  -7317.04590  -0.3812682   0.9494770  -3.4005471 2026 01 14 14 43 21.84
0   8615.29775 -22779.87456  -7385.02110  -0.3817367   0.9591886  -3.3969910 2026 01 14 14 43 41.84
0   8607.65848 -22760.59383  -7452.92484  -0.3821741   0.9688944  -3.3934019 2026 01 14 14 44 01.84
0   8600.01078 -22741.11905  -7520.75648  -0.3825803   0.9785941  -3.3897800 2026 01 14 14 44 21.84
0   8592.35527 -22721.45034  -7588.51535  -0.3829553   0.9882876  -3.3861253 2026 01 14 14 44 41.84
0   8584.69256 -22701.58782  -7656.20080  -0.3832991   0.9979747  -3.3824378 2026 01 14 14 45 01.84
0   8577.02330 -22681.53162  -7723.81217  -0.3836119   1.0076553  -3.3787176 2026 01 14 14 45 21.84
0   8569.34808 -22661.28188  -7791.34881  -0.3838936   1.0173292  -3.3749647 2026 01 14 14 45 41.84
0   8561.66755 -22640.83872  -7858.81007  -0.3841441   1.0269963  -3.3711791 2026 01 14 14 46 01.84
0   8553.98231 -22620.20230  -7926.19529  -0.3843636   1.0366563  -3.3673609 2026 01 14 14 46 21.84
0   8546.29300 -22599.37275  -7993.50382  -0.3845520   1.0463092  -3.3635101 2026 01 14 14 46 41.84
0   8538.60022 -22578.35022  -8060.73500  -0.3847094   1.0559546  -3.3596267 2026 01 14 14 47 01.84
0   8530.90461 -22557.13485  -8127.88820  -0.3848358   1.0655926  -3.3557108 2026 01 14 14 47 21.84
0   8523.20678 -22535.72680  -8194.96275  -0.3849312   1.0752229  -3.3517624 2026 01 14 14 47 41.84
0   8515.50735 -22514.12622  -8261.95801  -0.3849956   1.0848453  -3.3477816 2026 01 14 14 48 01.84
0   8507.80695 -22492.33328  -8328.87333  -0.3850291   1.0944598  -3.3437684 2026 01 14 14 48 21.84
0   8500.10618 -22470.34813  -8395.70806  -0.3850317   1.1040660  -3.3397228 2026 01 14 14 48 41.84
0   8492.40567 -22448.17094  -8462.46156  -0.3850033   1.1136639  -3.3356448 2026 01 14 14 49 01.84
0   8484.70604 -22425.80187  -8529.13317  -0.3849441   1.1232533  -3.3315346 2026 01 14 14 49 21.84
0   8477.00790 -22403.24110  -8595.72226  -0.3848540   1.1328341  -3.3273922 2026 01 14 14 49 41.84
0   8469.31187 -22380.48881  -8662.22818  -0.3847331   1.1424060  -3.3232175 2026 01 14 14 50 01.84
0   8461.61856 -22357.54517  -8728.65028  -0.3845814   1.1519690  -3.3190107 2026 01 14 14 50 21.84
0   8453.92860 -22334.41036  -8794.98793  -0.3843990   1.1615227  -3.3147717 2026 01 14 14 50 41.84
0   8446.24259 -22311.08457  -8861.24048  -0.3841857   1.1710672  -3.3105007 2026 01 14 14 51 01.84
0   8438.56115 -22287.56798  -8927.40728  -0.3839418   1.1806022  -3.3061976 2026 01 14 14 51 21.84
0   8430.88490 -22263.86080  -8993.48771  -0.3836672   1.1901276  -3.3018625 2026 01 14 14 51 41.84
0   8423.21445 -22239.96320  -9059.48111  -0.3833619   1.1996431  -3.2974955 2026 01 14 14 52 01.84
0   8415.55041 -22215.87539  -9125.38685  -0.3830260   1.2091487  -3.2930965 2026 01 14 14 52 21.84
0   8407.89340 -22191.59757  -9191.20430  -0.3826595   1.2186442  -3.2886657 2026 01 14 14 52 41.84
0   8400.24402 -22167.12995  -9256.93281  -0.3822625   1.2281293  -3.2842030 2026 01 14 14 53 01.84
0   8392.60288 -22142.47273  -9322.57175  -0.3818349   1.2376041  -3.2797086 2026 01 14 14 53 21.84
0   8384.97060 -22117.62612  -9388.12048  -0.3813768   1.2470682  -3.2751824 2026 01 14 14 53 41.84
0   8377.34779 -22092.59033  -9453.57837  -0.3808883   1.2565215  -3.2706245 2026 01 14 14 54 01.84
0   8369.73506 -22067.36559  -9518.94479  -0.3803694   1.2659640  -3.2660349 2026 01 14 14 54 21.84
0   8362.13300 -22041.95211  -9584.21911  -0.3798200   1.2753953  -3.2614138 2026 01 14 14 54 41.84
0   8354.54224 -22016.35012  -9649.40068  -0.3792403   1.2848153  -3.2567610 2026 01 14 14 55 01.84
0   8346.96337 -21990.55984  -9714.48888  -0.3786303   1.2942240  -3.2520768 2026 01 14 14 55 21.84
0   8339.39701 -21964.58150  -9779.48309  -0.3779900   1.3036211  -3.2473610 2026 01 14 14 55 41.84
0   8331.84375 -21938.41534  -9844.38266  -0.3773195   1.3130064  -3.2426139 2026 01 14 14 56 01.84
0   8324.30421 -21912.06159  -9909.18698  -0.3766188   1.3223799  -3.2378353 2026 01 14 14 56 21.84
0   8316.77898 -21885.52049  -9973.89541  -0.3758879   1.3317413  -3.2330255 2026 01 14 14 56 41.84
0   8309.26867 -21858.79229 -10038.50734  -0.3751269   1.3410905  -3.2281843 2026 01 14 14 57 01.84
0   8301.77389 -21831.87723 -10103.02213  -0.3743358   1.3504273  -3.2233119 2026 01 14 14 57 21.84
0   8294.29522 -21804.77556 -10167.43916  -0.3735146   1.3597516  -3.2184083 2026 01 14 14 57 41.84
0   8286.83328 -21777.48752 -10231.75780  -0.3726635   1.3690632  -3.2134735 2026 01 14 14 58 01.84
0   8279.38866 -21750.01339 -10295.97744  -0.3717825   1.3783620  -3.2085076 2026 01 14 14 58 21.84
0   8271.96196 -21722.35341 -10360.09745  -0.3708715   1.3876477  -3.2035107 2026 01 14 14 58 41.84
0   8264.55377 -21694.50785 -10424.11722  -0.3699306   1.3969203  -3.1984828 2026 01 14 14 59 01.84
0   8257.16471 -21666.47697 -10488.03611  -0.3689600   1.4061796  -3.1934239 2026 01 14 14 59 21.84
0   8249.79535 -21638.26103 -10551.85352  -0.3679596   1.4154254  -3.1883342 2026 01 14 14 59 41.84
0   8242.44630 -21609.86032 -10615.56883  -0.3669294   1.4246575  -3.1832135 2026 01 14 15 00 01.84
0   8235.11815 -21581.27511 -10679.18142  -0.3658696   1.4338759  -3.1780621 2026 01 14 15 00 21.84
0   8227.81149 -21552.50567 -10742.69067  -0.3647802   1.4430803  -3.1728799 2026 01 14 15 00 41.84
0   8220.52691 -21523.55228 -10806.09597  -0.3636612   1.4522706  -3.1676670 2026 01 14 15 01 01.84
0   8213.26501 -21494.41523 -10869.39670  -0.3625126   1.4614466  -3.1624235 2026 01 14 15 01 21.84
0   8206.02638 -21465.09480 -10932.59226  -0.3613346   1.4706083  -3.1571493 2026 01 14 15 01 41.84
0   8198.81160 -21435.59128 -10995.68203  -0.3601271   1.4797553  -3.1518446 2026 01 14 15 02 01.84
0   8191.62126 -21405.90498 -11058.66540  -0.3588903   1.4888876  -3.1465094 2026 01 14 15 02 21.84
0   8184.45596 -21376.03617 -11121.54177  -0.3576241   1.4980051  -3.1411437 2026 01 14 15 02 41.84
0   8177.31627 -21345.98517 -11184.31051  -0.3563287   1.5071074  -3.1357477 2026 01 14 15 03 01.84
0   8170.20278 -21315.75227 -11246.97104  -0.3550041   1.5161946  -3.1303213 2026 01 14 15 03 21.84
0   8163.11607 -21285.33778 -11309.52273  -0.3536503   1.5252665  -3.1248646 2026 01 14 15 03 41.84
0   8156.05673 -21254.74201 -11371.96498  -0.3522673   1.5343228  -3.1193777 2026 01 14 15 04 01.84
0   8149.02534 -21223.96527 -11434.29720  -0.3508554   1.5433635  -3.1138606 2026 01 14 15 04 21.84
0   8142.02248 -21193.00787 -11496.51877  -0.3494144   1.5523884  -3.1083133 2026 01 14 15 04 41.84
0   8135.04873 -21161.87014 -11558.62910  -0.3479445   1.5613973  -3.1027360 2026 01 14 15 05 01.84
0   8128.10466 -21130.55239 -11620.62758  -0.3464457   1.5703901  -3.0971287 2026 01 14 15 05 21.84
0   8121.19086 -21099.05495 -11682.51362  -0.3449181   1.5793667  -3.0914914 2026 01 14 15 05 41.84
0   8114.30790 -21067.37814 -11744.28661  -0.3433618   1.5883268  -3.0858242 2026 01 14 15 06 01.84
0   8107.45635 -21035.52229 -11805.94596  -0.3417767   1.5972703  -3.0801271 2026 01 14 15 06 21.84
0   8100.63679 -21003.48774 -11867.49106  -0.3401630   1.6061971  -3.0744002 2026 01 14 15 06 41.84
0   8093.84980 -20971.27483 -11928.92134  -0.3385207   1.6151070  -3.0686436 2026 01 14 15 07 01.84
0   8087.09593 -20938.88388 -11990.23618  -0.3368498   1.6239999  -3.0628573 2026 01 14 15 07 21.84
0   8080.37576 -20906.31525 -12051.43501  -0.3351506   1.6328757  -3.0570413 2026 01 14 15 07 41.84
0   8073.68986 -20873.56928 -12112.51721  -0.3334229   1.6417340  -3.0511958 2026 01 14 15 08 01.84
0   8067.03880 -20840.64632 -12173.48222  -0.3316669   1.6505750  -3.0453208 2026 01 14 15 08 21.84
0   8060.42314 -20807.54672 -12234.32943  -0.3298826   1.6593982  -3.0394163 2026 01 14 15 08 41.84
0   8053.84345 -20774.27083 -12295.05825  -0.3280701   1.6682037  -3.0334824 2026 01 14 15 09 01.84
0   8047.30029 -20740.81900 -12355.66810  -0.3262295   1.6769913  -3.0275191 2026 01 14 15 09 21.84
0   8040.79423 -20707.19161 -12416.15840  -0.3243608   1.6857608  -3.0215266 2026 01 14 15 09 41.84
0   8034.32582 -20673.38901 -12476.52855  -0.3224641   1.6945121  -3.0155048 2026 01 14 15 10 01.84
0   8027.89562 -20639.41157 -12536.77798  -0.3205394   1.7032450  -3.0094539 2026 01 14 15 10 21.84
0   8021.50419 -20605.25966 -12596.90609  -0.3185869   1.7119593  -3.0033738 2026 01 14 15 10 41.84
0   8015.15209 -20570.93364 -12656.91232  -0.3166066   1.7206550  -2.9972647 2026 01 14 15 11 01.84
0   8008.83987 -20536.43391 -12716.79607  -0.3145986   1.7293319  -2.9911266 2026 01 14 15 11 21.84
0   8002.56810 -20501.76082 -12776.55677  -0.3125629   1.7379898  -2.9849596 2026 01 14 15 11 41.84
0   7996.33731 -20466.91477 -12836.19385  -0.3104996   1.7466286  -2.9787637 2026 01 14 15 12 01.84
0   7990.14806 -20431.89613 -12895.70672  -0.3084088   1.7552482  -2.9725389 2026 01 14 15 12 21.84
0   7984.00090 -20396.70530 -12955.09480  -0.3062905   1.7638483  -2.9662855 2026 01 14 15 12 41.84
0   7977.89639 -20361.34266 -13014.35753  -0.3041449   1.7724289  -2.9600033 2026 01 14 15 13 01.84
0   7971.83505 -20325.80860 -13073.49433  -0.3019719   1.7809898  -2.9536925 2026 01 14 15 13 21.84
0   7965.81745 -20290.10353 -13132.50463  -0.2997718   1.7895309  -2.9473531 2026 01 14 15 13 41.84
0   7959.84413 -20254.22783 -13191.38786  -0.2975444   1.7980520  -2.9409853 2026 01 14 15 14 01.84
0   7953.91562 -20218.18191 -13250.14344  -0.2952900   1.8065529  -2.9345890 2026 01 14 15 14 21.84
0   7948.03247 -20181.96618 -13308.77082  -0.2930086   1.8150336  -2.9281643 2026 01 14 15 14 41.84
0   7942.19521 -20145.58104 -13367.26942  -0.2907003   1.8234939  -2.9217112 2026 01 14 15 15 01.84
0   7936.40440 -20109.02690 -13425.63867  -0.2883651   1.8319336  -2.9152300 2026 01 14 15 15 21.84
0   7930.66055 -20072.30417 -13483.87802  -0.2860032   1.8403526  -2.9087205 2026 01 14 15 15 41.84
0   7924.96421 -20035.41328 -13541.98690  -0.2836145   1.8487508  -2.9021829 2026 01 14 15 16 01.84
0   7919.31591 -19998.35462 -13599.96475  -0.2811992   1.8571280  -2.8956173 2026 01 14 15 16 21.84
0   7913.71617 -19961.12864 -13657.81101  -0.2787574   1.8654841  -2.8890236 2026 01 14 15 16 41.84
0   7908.16554 -19923.73575 -13715.52511  -0.2762892   1.8738189  -2.8824020 2026 01 14 15 17 01.84
0   7902.66454 -19886.17637 -13773.10650  -0.2737945   1.8821323  -2.8757525 2026 01 14 15 17 21.84
0   7897.21370 -19848.45094 -13830.55463  -0.2712736   1.8904241  -2.8690753 2026 01 14 15 17 41.84
0   7891.81353 -19810.55990 -13887.86893  -0.2687265   1.8986943  -2.8623702 2026 01 14 15 18 01.84
0   7886.46457 -19772.50367 -13945.04885  -0.2661532   1.9069426  -2.8556375 2026 01 14 15 18 21.84
0   7881.16733 -19734.28269 -14002.09385  -0.2635539   1.9151690  -2.8488772 2026 01 14 15 18 41.84
0   7875.92234 -19695.89740 -14059.00337  -0.2609286   1.9233733  -2.8420894 2026 01 14 15 19 01.84
0   7870.73012 -19657.34825 -14115.77685  -0.2582775   1.9315553  -2.8352741 2026 01 14 15 19 21.84
0   7865.59117 -19618.63569 -14172.41375  -0.2556005   1.9397150  -2.8284313 2026 01 14 15 19 41.84
0   7860.50602 -19579.76016 -14228.91353  -0.2528978   1.9478522  -2.8215612 2026 01 14 15 20 01.84
0   7855.47518 -19540.72211 -14285.27563  -0.2501696   1.9559667  -2.8146639 2026 01 14 15 20 21.84
0   7850.49917 -19501.52200 -14341.49951  -0.2474157   1.9640584  -2.8077393 2026 01 14 15 20 41.84
0   7845.57848 -19462.16028 -14397.58463  -0.2446365   1.9721272  -2.8007876 2026 01 14 15 21 01.84
0   7840.71363 -19422.63742 -14453.53045  -0.2418318   1.9801729  -2.7938088 2026 01 14 15 21 21.84
0   7835.90513 -19382.95388 -14509.33641  -0.2390019   1.9881954  -2.7868030 2026 01 14 15 21 41.84
0   7831.15348 -19343.11012 -14565.00200  -0.2361468   1.9961946  -2.7797702 2026 01 14 15 22 01.84
0   7826.45918 -19303.10662 -14620.52666  -0.2332667   2.0041704  -2.7727106 2026 01 14 15 22 21.84
0   7821.82273 -19262.94383 -14675.90986  -0.2303615   2.0121225  -2.7656242 2026 01 14 15 22 41.84
0   7817.24463 -19222.62224 -14731.15107  -0.2274314   2.0200509  -2.7585111 2026 01 14 15 23 01.84
0   7812.72539 -19182.14231 -14786.24975  -0.2244765   2.0279555  -2.7513713 2026 01 14 15 23 21.84
0   7808.26549 -19141.50454 -14841.20536  -0.2214968   2.0358361  -2.7442049 2026 01 14 15 23 41.84
0   7803.86543 -19100.70940 -14896.01738  -0.2184925   2.0436925  -2.7370119 2026 01 14 15 24 01.84
0   7799.52571 -19059.75737 -14950.68528  -0.2154637   2.0515247  -2.7297926 2026 01 14 15 24 21.84
0   7795.24680 -19018.64895 -15005.20853  -0.2124104   2.0593324  -2.7225468 2026 01 14 15 24 41.84
0   7791.02920 -18977.38461 -15059.58660  -0.2093328   2.0671157  -2.7152747 2026 01 14 15 25 01.84
0   7786.87340 -18935.96485 -15113.81897  -0.2062309   2.0748743  -2.7079764 2026 01 14 15 25 21.84
0   7782.77988 -18894.39017 -15167.90511  -0.2031048   2.0826082  -2.7006520 2026 01 14 15 25 41.84
0   7778.74912 -18852.66107 -15221.84450  -0.1999546   2.0903171  -2.6933014 2026 01 14 15 26 01.84
0   7774.78160 -18810.77803 -15275.63662  -0.1967805   2.0980010  -2.6859248 2026 01 14 15 26 21.84
0   7770.87780 -18768.74157 -15329.28095  -0.1935825   2.1056597  -2.6785222 2026 01 14 15 26 41.84
0   7767.03821 -18726.55219 -15382.77697  -0.1903608   2.1132931  -2.6710938 2026 01 14 15 27 01.84
0   7763.26328 -18684.21039 -15436.12416  -0.1871153   2.1209012  -2.6636396 2026 01 14 15 27 21.84
0   7759.55350 -18641.71669 -15489.32202  -0.1838463   2.1284836  -2.6561596 2026 01 14 15 27 41.84
0   7755.90933 -18599.07160 -15542.37001  -0.1805537   2.1360404  -2.6486539 2026 01 14 15 28 01.84
0   7752.33125 -18556.27563 -15595.26764  -0.1772378   2.1435714  -2.6411227 2026 01 14 15 28 21.84
0   7748.81972 -18513.32930 -15648.01439  -0.1738986   2.1510765  -2.6335660 2026 01 14 15 28 41.84
0   7745.37520 -18470.23313 -15700.60974  -0.1705363   2.1585555  -2.6259838 2026 01 14 15 29 01.84
0   7741.99817 -18426.98764 -15753.05321  -0.1671508   2.1660083  -2.6183762 2026 01 14 15 29 21.84
0   7738.68907 -18383.59335 -15805.34426  -0.1637424   2.1734349  -2.6107434 2026 01 14 15 29 41.84
0   7735.44837 -18340.05080 -15857.48241  -0.1603110   2.1808350  -2.6030853 2026 01 14 15 30 01.84
0   7732.27652 -18296.36052 -15909.46715  -0.1568569   2.1882086  -2.5954021 2026 01 14 15 30 21.84
0   7729.17399 -18252.52302 -15961.29798  -0.1533802   2.1955555  -2.5876938 2026 01 14 15 30 41.84
0   7726.14121 -18208.53886 -16012.97438  -0.1498808   2.2028757  -2.5799606 2026 01 14 15 31 01.84
0   7723.17864 -18164.40857 -16064.49588  -0.1463590   2.2101689  -2.5722024 2026 01 14 15 31 21.84
0   7720.28674 -18120.13268 -16115.86196  -0.1428149   2.2174351  -2.5644194 2026 01 14 15 31 41.84
0   7717.46594 -18075.71174 -16167.07213  -0.1392485   2.2246741  -2.5566116 2026 01 14 15 32 01.84
0   7714.71669 -18031.14629 -16218.12591  -0.1356599   2.2318859  -2.5487791 2026 01 14 15 32 21.84
0   7712.03943 -17986.43688 -16269.02278  -0.1320493   2.2390703  -2.5409220 2026 01 14 15 32 41.84
0   7709.43460 -17941.58405 -16319.76227  -0.1284168   2.2462272  -2.5330403 2026 01 14 15 33 01.84
0   7706.90264 -17896.58837 -16370.34389  -0.1247624   2.2533565  -2.5251342 2026 01 14 15 33 21.84
0   7704.44399 -17851.45038 -16420.76713  -0.1210864   2.2604580  -2.5172038 2026 01 14 15 33 41.84
0   7702.05907 -17806.17064 -16471.03153  -0.1173887   2.2675316  -2.5092490 2026 01 14 15 34 01.84
0   7699.74832 -17760.74970 -16521.13659  -0.1136695   2.2745773  -2.5012700 2026 01 14 15 34 21.84
0   7697.51217 -17715.18813 -16571.08182  -0.1099289   2.2815949  -2.4932668 2026 01 14 15 34 41.84
0   7695.35105 -17669.48649 -16620.86676  -0.1061671   2.2885843  -2.4852396 2026 01 14 15 35 01.84
0   7693.26537 -17623.64535 -16670.49091  -0.1023841   2.2955453  -2.4771884 2026 01 14 15 35 21.84
0   7691.25556 -17577.66527 -16719.95379  -0.0985800   2.3024780  -2.4691132 2026 01 14 15 35 41.84
0   7689.32204 -17531.54683 -16769.25494  -0.0947550   2.3093820  -2.4610143 2026 01 14 15 36 01.84
0   7687.46524 -17485.29059 -16818.39387  -0.0909091   2.3162575  -2.4528915 2026 01 14 15 36 21.84
0   7685.68555 -17438.89713 -16867.37011  -0.0870425   2.3231041  -2.4447451 2026 01 14 15 36 41.84
0   7683.98341 -17392.36702 -16916.18318  -0.0831553   2.3299218  -2.4365751 2026 01 14 15 37 01.84
0   7682.35921 -17345.70086 -16964.83262  -0.0792476   2.3367106  -2.4283816 2026 01 14 15 37 21.84
0   7680.81337 -17298.89920 -17013.31796  -0.0753196   2.3434702  -2.4201647 2026 01 14 15 37 41.84
0   7679.34630 -17251.96265 -17061.63872  -0.0713712   2.3502006  -2.4119243 2026 01 14 15 38 01.84
0   7677.95839 -17204.89179 -17109.79445  -0.0674027   2.3569017  -2.4036608 2026 01 14 15 38 21.84
0   7676.65006 -17157.68719 -17157.78467  -0.0634142   2.3635733  -2.3953740 2026 01 14 15 38 41.84
0   7675.42169 -17110.34946 -17205.60893  -0.0594058   2.3702154  -2.3870641 2026 01 14 15 39 01.84
0   7674.27369 -17062.87919 -17253.26675  -0.0553775   2.3768279  -2.3787312 2026 01 14 15 39 21.84
0   7673.20645 -17015.27696 -17300.75770  -0.0513296   2.3834105  -2.3703753 2026 01 14 15 39 41.84
0   7672.22037 -16967.54338 -17348.08129  -0.0472621   2.3899633  -2.3619965 2026 01 14 15 40 01.84
0   7671.31583 -16919.67905 -17395.23708  -0.0431751   2.3964861  -2.3535950 2026 01 14 15 40 21.84
0   7670.49322 -16871.68456 -17442.22462  -0.0390688   2.4029789  -2.3451708 2026 01 14 15 40 41.84
0   7669.75293 -16823.56051 -17489.04344  -0.0349433   2.4094414  -2.3367239 2026 01 14 15 41 01.84
0   7669.09534 -16775.30752 -17535.69311  -0.0307987   2.4158736  -2.3282545 2026 01 14 15 41 21.84
0   7668.52084 -16726.92619 -17582.17316  -0.0266351   2.4222755  -2.3197626 2026 01 14 15 41 41.84
0   7668.02979 -16678.41713 -17628.48315  -0.0224527   2.4286468  -2.3112484 2026 01 14 15 42 01.84
0   7667.62258 -16629.78095 -17674.62263  -0.0182515   2.4349876  -2.3027118 2026 01 14 15 42 21.84
0   7667.29958 -16581.01825 -17720.59116  -0.0140317   2.4412976  -2.2941531 2026 01 14 15 42 41.84
0   7667.06116 -16532.12967 -17766.38829  -0.0097935   2.4475768  -2.2855722 2026 01 14 15 43 01.84
0   7666.90769 -16483.11581 -17812.01359  -0.0055368   2.4538251  -2.2769693 2026 01 14 15 43 21.84
0   7666.83954 -16433.97730 -17857.46661  -0.0012619   2.4600424  -2.2683444 2026 01 14 15 43 41.84
0   7666.85707 -16384.71475 -17902.74692   0.0030311   2.4662286  -2.2596977 2026 01 14 15 44 01.84
0   7666.96063 -16335.32880 -17947.85407   0.0073422   2.4723835  -2.2510292 2026 01 14 15 44 21.84
0   7667.15060 -16285.82005 -17992.78763   0.0116711   2.4785072  -2.2423389 2026 01 14 15 44 41.84
0   7667.42732 -16236.18915 -18037.54718   0.0160178   2.4845994  -2.2336271 2026 01 14 15 45 01.84
0   7667.79115 -16186.43672 -18082.13227   0.0203821   2.4906602  -2.2248937 2026 01 14 15 45 21.84
0   7668.24244 -16136.56338 -18126.54248   0.0247639   2.4966893  -2.2161389 2026 01 14 15 45 41.84
0   7668.78155 -16086.56979 -18170.77738   0.0291631   2.5026867  -2.2073627 2026 01 14 15 46 01.84
0   7669.40881 -16036.45656 -18214.83655   0.0335795   2.5086524  -2.1985652 2026 01 14 15 46 21.84
0   7670.12457 -15986.22434 -18258.71955   0.0380131   2.5145861  -2.1897465 2026 01 14 15 46 41.84
0   7670.92917 -15935.87376 -18302.42597   0.0424637   2.5204879  -2.1809068 2026 01 14 15 47 01.84
0   7671.82295 -15885.40547 -18345.95539   0.0469312   2.5263576  -2.1720460 2026 01 14 15 47 21.84
0   7672.80625 -15834.82011 -18389.30738   0.0514154   2.5321951  -2.1631642 2026 01 14 15 47 41.84
0   7673.87940 -15784.11832 -18432.48153   0.0559163   2.5380003  -2.1542617 2026 01 14 15 48 01.84
0   7675.04273 -15733.30076 -18475.47742   0.0604336   2.5437732  -2.1453383 2026 01 14 15 48 21.84
0   7676.29657 -15682.36805 -18518.29464   0.0649673   2.5495136  -2.1363943 2026 01 14 15 48 41.84
0   7677.64125 -15631.32087 -18560.93277   0.0695173   2.5552215  -2.1274298 2026 01 14 15 49 01.84
0   7679.07709 -15580.15985 -18603.39141   0.0740833   2.5608968  -2.1184447 2026 01 14 15 49 21.84
0   7680.60441 -15528.88566 -18645.67014   0.0786654   2.5665393  -2.1094392 2026 01 14 15 49 41.84
0   7682.22353 -15477.49894 -18687.76856   0.0832632   2.5721491  -2.1004134 2026 01 14 15 50 01.84
0   7683.93476 -15426.00036 -18729.68626   0.0878768   2.5777259  -2.0913673 2026 01 14 15 50 21.84
0   7685.73842 -15374.39057 -18771.42283   0.0925060   2.5832698  -2.0823011 2026 01 14 15 50 41.84
0   7687.63482 -15322.67023 -18812.97789   0.0971507   2.5887806  -2.0732149 2026 01 14 15 51 01.84
0   7689.62427 -15270.84001 -18854.35102   0.1018107   2.5942582  -2.0641087 2026 01 14 15 51 21.84
0   7691.70707 -15218.90057 -18895.54183   0.1064858   2.5997026  -2.0549826 2026 01 14 15 51 41.84
0   7693.88352 -15166.85258 -18936.54992   0.1111761   2.6051136  -2.0458367 2026 01 14 15 52 01.84
0   7696.15393 -15114.69670 -18977.37489   0.1158812   2.6104912  -2.0366712 2026 01 14 15 52 21.84
0   7698.51859 -15062.43360 -19018.01636   0.1206012   2.6158354  -2.0274860 2026 01 14 15 52 41.84
0   7700.97779 -15010.06396 -19058.47393   0.1253358   2.6211459  -2.0182813 2026 01 14 15 53 01.84
0   7703.53183 -14957.58844 -19098.74722   0.1300850   2.6264228  -2.0090571 2026 01 14 15 53 21.84
0   7706.18100 -14905.00772 -19138.83582   0.1348485   2.6316660  -1.9998136 2026 01 14 15 53 41.84
0   7708.92558 -14852.32248 -19178.73937   0.1396263   2.6368753  -1.9905509 2026 01 14 15 54 01.84
0   7711.76586 -14799.53339 -19218.45747   0.1444183   2.6420507  -1.9812690 2026 01 14 15 54 21.84
0   7714.70212 -14746.64114 -19257.98974   0.1492242   2.6471921  -1.9719681 2026 01 14 15 54 41.84
0   7717.73463 -14693.64639 -19297.33580   0.1540440   2.6522995  -1.9626481 2026 01 14 15 55 01.84
0   7720.86368 -14640.54984 -19336.49528   0.1588775   2.6573727  -1.9533093 2026 01 14 15 55 21.84
0   7724.08954 -14587.35217 -19375.46779   0.1637246   2.6624117  -1.9439517 2026 01 14 15 55 41.84
0   7727.41247 -14534.05406 -19414.25296   0.1685852   2.6674164  -1.9345754 2026 01 14 15 56 01.84
0   7730.83274 -14480.65620 -19452.85043   0.1734590   2.6723867  -1.9251804 2026 01 14 15 56 21.84
0   7734.35063 -14427.15928 -19491.25980   0.1783461   2.6773225  -1.9157670 2026 01 14 15 56 41.84
0   7737.96638 -14373.56399 -19529.48073   0.1832462   2.6822239  -1.9063351 2026 01 14 15 57 01.84
0   7741.68027 -14319.87102 -19567.51283   0.1881591   2.6870906  -1.8968848 2026 01 14 15 57 21.84
0   7745.49254 -14266.08106 -19605.35575   0.1930849   2.6919226  -1.8874164 2026 01 14 15 57 41.84
0   7749.40346 -14212.19481 -19643.00912   0.1980233   2.6967199  -1.8779297 2026 01 14 15 58 01.84
0   7753.41327 -14158.21296 -19680.47257   0.2029741   2.7014824  -1.8684251 2026 01 14 15 58 21.84
0   7757.52222 -14104.13621 -19717.74576   0.2079373   2.7062100  -1.8589024 2026 01 14 15 58 41.84
0   7761.73055 -14049.96526 -19754.82831   0.2129127   2.7109026  -1.8493619 2026 01 14 15 59 01.84
0   7766.03851 -13995.70080 -19791.71987   0.2179002   2.7155602  -1.8398036 2026 01 14 15 59 21.84
0   7770.44634 -13941.34355 -19828.42009   0.2228996   2.7201826  -1.8302276 2026 01 14 15 59 41.84
0   7774.95428 -13886.89420 -19864.92862   0.2279108   2.7247699  -1.8206340 2026 01 14 16 00 01.84
0   7779.56256 -13832.35345 -19901.24510   0.2329337   2.7293220  -1.8110229 2026 01 14 16 00 21.84
0   7784.27141 -13777.72202 -19937.36918   0.2379681   2.7338387  -1.8013944 2026 01 14 16 00 41.84
0   7789.08107 -13723.00061 -19973.30052   0.2430138   2.7383201  -1.7917485 2026 01 14 16 01 01.84
0   7793.99175 -13668.18993 -20009.03878   0.2480708   2.7427660  -1.7820855 2026 01 14 16 01 21.84
0   7799.00368 -13613.29068 -20044.58360   0.2531388   2.7471764  -1.7724053 2026 01 14 16 01 41.84
0   7804.11708 -13558.30358 -20079.93465   0.2582178   2.7515512  -1.7627082 2026 01 14 16 02 01.84
0   7809.33216 -13503.22934 -20115.09158   0.2633076   2.7558904  -1.7529940 2026 01 14 16 02 21.84
0   7814.64915 -13448.06867 -20150.05407   0.2684080   2.7601938  -1.7432631 2026 01 14 16 02 41.84
0   7820.06826 -13392.82230 -20184.82177   0.2735190   2.7644615  -1.7335153 2026 01 14 16 03 01.84
0   7825.58969 -13337.49093 -20219.39435   0.2786404   2.7686934  -1.7237510 2026 01 14 16 03 21.84
0   7831.21364 -13282.07527 -20253.77148   0.2837720   2.7728894  -1.7139701 2026 01 14 16 03 41.84
0   7836.94033 -13226.57606 -20287.95282   0.2889136   2.7770494  -1.7041727 2026 01 14 16 04 01.84
0   7842.76996 -13170.99401 -20321.93805   0.2940652   2.7811734  -1.6943589 2026 01 14 16 04 21.84
0   7848.70271 -13115.32984 -20355.72685   0.2992267   2.7852613  -1.6845289 2026 01 14 16 04 41.84
0   7854.73879 -13059.58428 -20389.31889   0.3043977   2.7893131  -1.6746827 2026 01 14 16 05 01.84
0   7860.87838 -13003.75804 -20422.71384   0.3095783   2.7933287  -1.6648205 2026 01 14 16 05 21.84
0   7867.12169 -12947.85185 -20455.91139   0.3147683   2.7973081  -1.6549422 2026 01 14 16 05 41.84
0   7873.46888 -12891.86643 -20488.91121   0.3199675   2.8012512  -1.6450481 2026 01 14 16 06 01.84
0   7879.92014 -12835.80252 -20521.71300   0.3251757   2.8051579  -1.6351381 2026 01 14 16 06 21.84
0   7886.47567 -12779.66084 -20554.31642   0.3303929   2.8090281  -1.6252125 2026 01 14 16 06 41.84
0   7893.13562 -12723.44212 -20586.72119   0.3356189   2.8128619  -1.6152713 2026 01 14 16 07 01.84
0   7899.90018 -12667.14709 -20618.92697   0.3408536   2.8166592  -1.6053146 2026 01 14 16 07 21.84
0   7906.76952 -12610.77648 -20650.93347   0.3460967   2.8204199  -1.5953425 2026 01 14 16 07 41.84
0   7913.74380 -12554.33102 -20682.74037   0.3513482   2.8241440  -1.5853551 2026 01 14 16 08 01.84
0   7920.82320 -12497.81144 -20714.34737   0.3566079   2.8278314  -1.5753525 2026 01 14 16 08 21.84
0   7928.00787 -12441.21849 -20745.75417   0.3618756   2.8314820  -1.5653348 2026 01 14 16 08 41.84
0   7935.29797 -12384.55289 -20776.96046   0.3671513   2.8350959  -1.5553020 2026 01 14 16 09 01.84
0   7942.69367 -12327.81538 -20807.96595   0.3724347   2.8386729  -1.5452544 2026 01 14 16 09 21.84
0   7950.19511 -12271.00670 -20838.77035   0.3777258   2.8422131  -1.5351919 2026 01 14 16 09 41.84
0   7957.80244 -12214.12759 -20869.37334   0.3830243   2.8457163  -1.5251147 2026 01 14 16 10 01.84
0   7965.51582 -12157.17878 -20899.77465   0.3883301   2.8491825  -1.5150229 2026 01 14 16 10 21.84
0   7973.33539 -12100.16102 -20929.97397   0.3936432   2.8526117  -1.5049166 2026 01 14 16 10 41.84
0   7981.26129 -12043.07505 -20959.97103   0.3989632   2.8560039  -1.4947959 2026 01 14 16 11 01.84
0   7989.29366 -11985.92160 -20989.76553   0.4042901   2.8593589  -1.4846608 2026 01 14 16 11 21.84
0   7997.43263 -11928.70143 -21019.35718   0.4096238   2.8626768  -1.4745115 2026 01 14 16 11 41.84
0   8005.67835 -11871.41527 -21048.74571   0.4149640   2.8659574  -1.4643481 2026 01 14 16 12 01.84
0   8014.03093 -11814.06387 -21077.93083   0.4203107   2.8692008  -1.4541707 2026 01 14 16 12 21.84
0   8022.49051 -11756.64797 -21106.91227   0.4256637   2.8724069  -1.4439793 2026 01 14 16 12 41.84
0   8031.05721 -11699.16833 -21135.68973   0.4310228   2.8755757  -1.4337741 2026 01 14 16 13 01.84
0   8039.73116 -11641.62568 -21164.26296   0.4363879   2.8787071  -1.4235552 2026 01 14 16 13 21.84
0   8048.51246 -11584.02079 -21192.63168   0.4417588   2.8818010  -1.4133226 2026 01 14 16 13 41.84
0   8057.40124 -11526.35438 -21220.79560   0.4471355   2.8848576  -1.4030765 2026 01 14 16 14 01.84
0   8066.39761 -11468.62723 -21248.75448   0.4525176   2.8878766  -1.3928170 2026 01 14 16 14 21.84
0   8075.50167 -11410.84006 -21276.50803   0.4579052   2.8908581  -1.3825442 2026 01 14 16 14 41.84
0   8084.71354 -11352.99365 -21304.05599   0.4632980   2.8938020  -1.3722581 2026 01 14 16 15 01.84
0   8094.03331 -11295.08873 -21331.39810   0.4686959   2.8967083  -1.3619589 2026 01 14 16 15 21.84
0   8103.46110 -11237.12606 -21358.53409   0.4740987   2.8995770  -1.3516467 2026 01 14 16 15 41.84
0   8112.99698 -11179.10639 -21385.46372   0.4795063   2.9024080  -1.3413215 2026 01 14 16 16 01.84
0   8122.64107 -11121.03048 -21412.18671   0.4849186   2.9052013  -1.3309835 2026 01 14 16 16 21.84
0   8132.39344 -11062.89909 -21438.70281   0.4903353   2.9079568  -1.3206328 2026 01 14 16 16 41.84
0   8142.25420 -11004.71296 -21465.01178   0.4957564   2.9106745  -1.3102695 2026 01 14 16 17 01.84
0   8152.22342 -10946.47285 -21491.11335   0.5011817   2.9133545  -1.2998936 2026 01 14 16 17 21.84
0   8162.30118 -10888.17953 -21517.00728   0.5066110   2.9159966  -1.2895053 2026 01 14 16 17 41.84
0   8172.48757 -10829.83374 -21542.69333   0.5120442   2.9186008  -1.2791047 2026 01 14 16 18 01.84
0   8182.78267 -10771.43625 -21568.17124   0.5174812   2.9211671  -1.2686918 2026 01 14 16 18 21.84
0   8193.18653 -10712.98781 -21593.44077   0.5229217   2.9236955  -1.2582669 2026 01 14 16 18 41.84
0   8203.69924 -10654.48918 -21618.50169   0.5283657   2.9261859  -1.2478299 2026 01 14 16 19 01.84
0   8214.32087 -10595.94112 -21643.35375   0.5338129   2.9286383  -1.2373810 2026 01 14 16 19 21.84
0   8225.05147 -10537.34440 -21667.99671   0.5392633   2.9310527  -1.2269203 2026 01 14 16 19 41.84
0   8235.89110 -10478.69977 -21692.43034   0.5447166   2.9334290  -1.2164479 2026 01 14 16 20 01.84
0   8246.83984 -10420.00799 -21716.65441   0.5501728   2.9357673  -1.2059639 2026 01 14 16 20 21.84
0   8257.89772 -10361.26983 -21740.66868   0.5556317   2.9380675  -1.1954683 2026 01 14 16 20 41.84
0   8269.06480 -10302.48605 -21764.47293   0.5610930   2.9403296  -1.1849614 2026 01 14 16 21 01.84
0   8280.34114 -10243.65740 -21788.06692   0.5665568   2.9425535  -1.1744431 2026 01 14 16 21 21.84
0   8291.72677 -10184.78467 -21811.45044   0.5720227   2.9447392  -1.1639137 2026 01 14 16 21 41.84
0   8303.22175 -10125.86859 -21834.62326   0.5774908   2.9468868  -1.1533731 2026 01 14 16 22 01.84
0   8314.82610 -10066.90995 -21857.58516   0.5829607   2.9489961  -1.1428215 2026 01 14 16 22 21.84
0   8326.53987 -10007.90951 -21880.33592   0.5884324   2.9510672  -1.1322591 2026 01 14 16 22 41.84
0   8338.36309  -9948.86802 -21902.87533   0.5939057   2.9531001  -1.1216858 2026 01 14 16 23 01.84
0   8350.29579  -9889.78626 -21925.20316   0.5993805   2.9550947  -1.1111019 2026 01 14 16 23 21.84
0   8362.33800  -9830.66499 -21947.31921   0.6048566   2.9570510  -1.1005074 2026 01 14 16 23 41.84
0   8374.48974  -9771.50498 -21969.22327   0.6103338   2.9589690  -1.0899024 2026 01 14 16 24 01.84
0   8386.75104  -9712.30699 -21990.91512   0.6158120   2.9608486  -1.0792870 2026 01 14 16 24 21.84
0   8399.12191  -9653.07180 -22012.39456   0.6212911   2.9626899  -1.0686613 2026 01 14 16 24 41.84
0   8411.60237  -9593.80016 -22033.66139   0.6267709   2.9644929  -1.0580255 2026 01 14 16 25 01.84
0   8424.19243  -9534.49284 -22054.71540   0.6322512   2.9662575  -1.0473796 2026 01 14 16 25 21.84
0   8436.89210  -9475.15062 -22075.55639   0.6377319   2.9679837  -1.0367237 2026 01 14 16 25 41.84
0   8449.70139  -9415.77425 -22096.18417   0.6432128   2.9696715  -1.0260580 2026 01 14 16 26 01.84
0   8462.62029  -9356.36452 -22116.59854   0.6486938   2.9713209  -1.0153825 2026 01 14 16 26 21.84
0   8475.64882  -9296.92218 -22136.79930   0.6541747   2.9729319  -1.0046974 2026 01 14 16 26 41.84
0   8488.78696  -9237.44800 -22156.78626   0.6596554   2.9745044  -0.9940027 2026 01 14 16 27 01.84
0   8502.03471  -9177.94276 -22176.55924   0.6651358   2.9760385  -0.9832985 2026 01 14 16 27 21.84
0   8515.39207  -9118.40722 -22196.11804   0.6706156   2.9775342  -0.9725850 2026 01 14 16 27 41.84
0   8528.85901  -9058.84216 -22215.46248   0.6760947   2.9789914  -0.9618623 2026 01 14 16 28 01.84
0   8542.43553  -8999.24833 -22234.59237   0.6815730   2.9804101  -0.9511304 2026 01 14 16 28 21.84
0   8556.12160  -8939.62652 -22253.50754   0.6870503   2.9817903  -0.9403895 2026 01 14 16 28 41.84
0   8569.91721  -8879.97749 -22272.20780   0.6925265   2.9831321  -0.9296397 2026 01 14 16 29 01.84
0   8583.82233  -8820.30200 -22290.69297   0.6980013   2.9844353  -0.9188811 2026 01 14 16 29 21.84
0   8597.83693  -8760.60084 -22308.96289   0.7034747   2.9857001  -0.9081137 2026 01 14 16 29 41.84
0   8611.96099  -8700.87476 -22327.01737   0.7089465   2.9869263  -0.8973378 2026 01 14 16 30 01.84
0   8626.19446  -8641.12455 -22344.85626   0.7144166   2.9881141  -0.8865533 2026 01 14 16 30 21.84
0   8640.53731  -8581.35096 -22362.47936   0.7198847   2.9892634  -0.8757604 2026 01 14 16 30 41.84
0   8654.98951  -8521.55478 -22379.88653   0.7253508   2.9903741  -0.8649592 2026 01 14 16 31 01.84
0   8669.55101  -8461.73677 -22397.07759   0.7308147   2.9914463  -0.8541499 2026 01 14 16 31 21.84
0   8684.22176  -8401.89769 -22414.05239   0.7362762   2.9924800  -0.8433324 2026 01 14 16 31 41.84
0   8699.00172  -8342.03833 -22430.81076   0.7417352   2.9934753  -0.8325070 2026 01 14 16 32 01.84
0   8713.89083  -8282.15945 -22447.35254   0.7471915   2.9944319  -0.8216736 2026 01 14 16 32 21.84
0   8728.88903  -8222.26182 -22463.67757   0.7526450   2.9953501  -0.8108325 2026 01 14 16 32 41.84
0   8743.99628  -8162.34621 -22479.78571   0.7580955   2.9962298  -0.7999838 2026 01 14 16 33 01.84
0   8759.21250  -8102.41339 -22495.67680   0.7635428   2.9970710  -0.7891275 2026 01 14 16 33 21.84
0   8774.53765  -8042.46414 -22511.35069   0.7689869   2.9978737  -0.7782637 2026 01 14 16 33 41.84
0   8789.97163  -7982.49921 -22526.80723   0.7744276   2.9986379  -0.7673926 2026 01 14 16 34 01.84
0   8805.51440  -7922.51939 -22542.04627   0.7798646   2.9993636  -0.7565142 2026 01 14 16 34 21.84
0   8821.16587  -7862.52544 -22557.06768   0.7852979   3.0000508  -0.7456287 2026 01 14 16 34 41.84
0   8836.92596  -7802.51813 -22571.87131   0.7907273   3.0006995  -0.7347361 2026 01 14 16 35 01.84
0   8852.79461  -7742.49823 -22586.45702   0.7961527   3.0013098  -0.7238367 2026 01 14 16 35 21.84
0   8868.77172  -7682.46651 -22600.82467   0.8015739   3.0018816  -0.7129304 2026 01 14 16 35 41.84
0   8884.85721  -7622.42373 -22614.97413   0.8069907   3.0024149  -0.7020174 2026 01 14 16 36 01.84
0   8901.05099  -7562.37068 -22628.90526   0.8124030   3.0029098  -0.6910977 2026 01 14 16 36 21.84
0   8917.35297  -7502.30811 -22642.61794   0.8178106   3.0033663  -0.6801716 2026 01 14 16 36 41.84
0   8933.76305  -7442.23680 -22656.11203   0.8232134   3.0037843  -0.6692391 2026 01 14 16 37 01.84
0   8950.28114  -7382.15750 -22669.38741   0.8286113   3.0041640  -0.6583003 2026 01 14 16 37 21.84
0   8966.90714  -7322.07101 -22682.44395   0.8340040   3.0045052  -0.6473553 2026 01 14 16 37 41.84
0   8983.64094  -7261.97806 -22695.28153   0.8393915   3.0048081  -0.6364042 2026 01 14 16 38 01.84
0   9000.48244  -7201.87945 -22707.90003   0.8447736   3.0050725  -0.6254472 2026 01 14 16 38 21.84
0   9017.43152  -7141.77593 -22720.29934   0.8501501   3.0052987  -0.6144843 2026 01 14 16 38 41.84
0   9034.48808  -7081.66827 -22732.47932   0.8555208   3.0054865  -0.6035156 2026 01 14 16 39 01.84
0   9051.65199  -7021.55724 -22744.43988   0.8608857   3.0056359  -0.5925413 2026 01 14 16 39 21.84
0   9068.92314  -6961.44360 -22756.18090   0.8662446   3.0057471  -0.5815614 2026 01 14 16 39 41.84
0   9086.30140  -6901.32812 -22767.70226   0.8715972   3.0058200  -0.5705761 2026 01 14 16 40 01.84
0   9103.78666  -6841.21157 -22779.00387   0.8769436   3.0058546  -0.5595854 2026 01 14 16 40 21.84
0   9121.37877  -6781.09471 -22790.08561   0.8822834   3.0058509  -0.5485895 2026 01 14 16 40 41.84
0   9139.07762  -6720.97830 -22800.94738   0.8876167   3.0058091  -0.5375885 2026 01 14 16 41 01.84
0   9156.88307  -6660.86311 -22811.58908   0.8929431   3.0057290  -0.5265825 2026 01 14 16 41 21.84
0   9174.79497  -6600.74991 -22822.01062   0.8982626   3.0056107  -0.5155716 2026 01 14 16 41 41.84
0   9192.81319  -6540.63945 -22832.21189   0.9035750   3.0054543  -0.5045559 2026 01 14 16 42 01.84
0   9210.93759  -6480.53251 -22842.19280   0.9088802   3.0052597  -0.4935355 2026 01 14 16 42 21.84
0   9229.16802  -6420.42983 -22851.95325   0.9141780   3.0050270  -0.4825105 2026 01 14 16 42 41.84
0   9247.50434  -6360.33219 -22861.49316   0.9194683   3.0047562  -0.4714810 2026 01 14 16 43 01.84
0   9265.94637  -6300.24035 -22870.81244   0.9247508   3.0044473  -0.4604471 2026 01 14 16 43 21.84
0   9284.49399  -6240.15507 -22879.91100   0.9300256   3.0041004  -0.4494090 2026 01 14 16 43 41.84
0   9303.14701  -6180.07710 -22888.78876   0.9352923   3.0037155  -0.4383667 2026 01 14 16 44 01.84
0   9321.90529  -6120.00722 -22897.44563   0.9405509   3.0032925  -0.4273204 2026 01 14 16 44 21.84
0   9340.76866  -6059.94617 -22905.88153   0.9458012   3.0028316  -0.4162701 2026 01 14 16 44 41.84
0   9359.73696  -5999.89472 -22914.09639   0.9510431   3.0023328  -0.4052160 2026 01 14 16 45 01.84
0   9378.81000  -5939.85362 -22922.09014   0.9562763   3.0017961  -0.3941582 2026 01 14 16 45 21.84
0   9397.98762  -5879.82364 -22929.86269   0.9615009   3.0012215  -0.3830967 2026 01 14 16 45 41.84
0   9417.26964  -5819.80552 -22937.41397   0.9667165   3.0006091  -0.3720317 2026 01 14 16 46 01.84
0   9436.65589  -5759.80004 -22944.74393   0.9719231   2.9999588  -0.3609633 2026 01 14 16 46 21.84
0   9456.14618  -5699.80794 -22951.85248   0.9771205   2.9992708  -0.3498916 2026 01 14 16 46 41.84
0   9475.74032  -5639.82997 -22958.73957   0.9823086   2.9985450  -0.3388168 2026 01 14 16 47 01.84
0   9495.43813  -5579.86690 -22965.40513   0.9874872   2.9977815  -0.3277388 2026 01 14 16 47 21.84
0   9515.23941  -5519.91948 -22971.84910   0.9926562   2.9969803  -0.3166578 2026 01 14 16 47 41.84
0   9535.14398  -5459.98845 -22978.07143   0.9978154   2.9961415  -0.3055740 2026 01 14 16 48 01.84
0   9555.15163  -5400.07458 -22984.07205   1.0029647   2.9952651  -0.2944874 2026 01 14 16 48 21.84
0   9575.26217  -5340.17861 -22989.85092   1.0081039   2.9943511  -0.2833982 2026 01 14 16 48 41.84
0   9595.47539  -5280.30130 -22995.40797   1.0132328   2.9933995  -0.2723064 2026 01 14 16 49 01.84
0   9615.79108  -5220.44339 -23000.74317   1.0183514   2.9924105  -0.2612122 2026 01 14 16 49 21.84
0   9636.20904  -5160.60564 -23005.85645   1.0234595   2.9913840  -0.2501156 2026 01 14 16 49 41.84
0   9656.72906  -5100.78879 -23010.74779   1.0285569   2.9903201  -0.2390168 2026 01 14 16 50 01.84
0   9677.35092  -5040.99360 -23015.41713   1.0336435   2.9892189  -0.2279159 2026 01 14 16 50 21.84
0   9698.07439  -4981.22080 -23019.86443   1.0387191   2.9880803  -0.2168129 2026 01 14 16 50 41.84
0   9718.89928  -4921.47115 -23024.08965   1.0437837   2.9869043  -0.2057081 2026 01 14 16 51 01.84
0   9739.82533  -4861.74539 -23028.09276   1.0488369   2.9856912  -0.1946015 2026 01 14 16 51 21.84
0   9760.85235  -4802.04426 -23031.87372   1.0538788   2.9844408  -0.1834931 2026 01 14 16 51 41.84
0   9781.98008  -4742.36851 -23035.43250   1.0589092   2.9831533  -0.1723832 2026 01 14 16 52 01.84
0   9803.20830  -4682.71889 -23038.76907   1.0639278   2.9818286  -0.1612719 2026 01 14 16 52 21.84
0   9824.53678  -4623.09613 -23041.88339   1.0689346   2.9804669  -0.1501591 2026 01 14 16 52 41.84
0   9845.96528  -4563.50097 -23044.77545   1.0739294   2.9790682  -0.1390451 2026 01 14 16 53 01.84
0   9867.49355  -4503.93416 -23047.44522   1.0789122   2.9776324  -0.1279299 2026 01 14 16 53 21.84
0   9889.12135  -4444.39643 -23049.89268   1.0838826   2.9761597  -0.1168137 2026 01 14 16 53 41.84
0   9910.84844  -4384.88852 -23052.11780   1.0888406   2.9746502  -0.1056966 2026 01 14 16 54 01.84
0   9932.67456  -4325.41118 -23054.12057   1.0937861   2.9731038  -0.0945786 2026 01 14 16 54 21.84
0   9954.59946  -4265.96513 -23055.90098   1.0987188   2.9715206  -0.0834599 2026 01 14 16 54 41.84
0   9976.62289  -4206.55111 -23057.45901   1.1036387   2.9699007  -0.0723406 2026 01 14 16 55 01.84
0   9998.74459  -4147.16986 -23058.79464   1.1085456   2.9682440  -0.0612208 2026 01 14 16 55 21.84
0  10020.96430  -4087.82210 -23059.90788   1.1134394   2.9665508  -0.0501006 2026 01 14 16 55 41.84
0  10043.28175  -4028.50858 -23060.79871   1.1183199   2.9648209  -0.0389801 2026 01 14 16 56 01.84
0  10065.69667  -3969.23002 -23061.46713   1.1231870   2.9630546  -0.0278594 2026 01 14 16 56 21.84
0  10088.20881  -3909.98715 -23061.91314   1.1280405   2.9612517  -0.0167387 2026 01 14 16 56 41.84
0  10110.81787  -3850.78070 -23062.13673   1.1328804   2.9594124  -0.0056179 2026 01 14 16 57 01.84
0  10133.52360  -3791.61140 -23062.13791   1.1377063   2.9575368   0.0055026 2026 01 14 16 57 21.84
0  10156.32570  -3732.47998 -23061.91668   1.1425183   2.9556248   0.0166230 2026 01 14 16 57 41.84
0  10179.22390  -3673.38716 -23061.47305   1.1473162   2.9536766   0.0277430 2026 01 14 16 58 01.84
0  10202.21792  -3614.33366 -23060.80702   1.1520997   2.9516922   0.0388625 2026 01 14 16 58 21.84
0  10225.30746  -3555.32022 -23059.91861   1.1568689   2.9496716   0.0499815 2026 01 14 16 58 41.84
0  10248.49225  -3496.34755 -23058.80783   1.1616235   2.9476150   0.0610997 2026 01 14 16 59 01.84
0  10271.77197  -3437.41637 -23057.47469   1.1663634   2.9455223   0.0722172 2026 01 14 16 59 21.84
0  10295.14635  -3378.52740 -23055.91921   1.1710885   2.9433937   0.0833338 2026 01 14 16 59 41.84
0  10318.61508  -3319.68137 -23054.14141   1.1757987   2.9412292   0.0944495 2026 01 14 17 00 01.84
0  10342.17787  -3260.87898 -23052.14131   1.1804937   2.9390288   0.1055640 2026 01 14 17 00 21.84
0  10365.83440  -3202.12096 -23049.91893   1.1851734   2.9367926   0.1166772 2026 01 14 17 00 41.84
0  10389.58437  -3143.40802 -23047.47430   1.1898378   2.9345207   0.1277892 2026 01 14 17 01 01.84
0  10413.42747  -3084.74088 -23044.80744   1.1944866   2.9322132   0.1388998 2026 01 14 17 01 21.84
0  10437.36340  -3026.12024 -23041.91839   1.1991198   2.9298700   0.1500088 2026 01 14 17 01 41.84
0  10461.39183  -2967.54682 -23038.80718   1.2037371   2.9274914   0.1611161 2026 01 14 17 02 01.84
0  10485.51244  -2909.02133 -23035.47384   1.2083385   2.9250772   0.1722217 2026 01 14 17 02 21.84
0  10509.72493  -2850.54447 -23031.91840   1.2129239   2.9226277   0.1833255 2026 01 14 17 02 41.84
0  10534.02896  -2792.11696 -23028.14091   1.2174930   2.9201429   0.1944273 2026 01 14 17 03 01.84
0  10558.42421  -2733.73950 -23024.14141   1.2220457   2.9176227   0.2055270 2026 01 14 17 03 21.84
0  10582.91035  -2675.41279 -23019.91993   1.2265820   2.9150674   0.2166245 2026 01 14 17 03 41.84
0  10607.48705  -2617.13754 -23015.47653   1.2311016   2.9124770   0.2277197 2026 01 14 17 04 01.84
0  10632.15397  -2558.91445 -23010.81125   1.2356045   2.9098515   0.2388126 2026 01 14 17 04 21.84
0  10656.91078  -2500.74422 -23005.92413   1.2400905   2.9071910   0.2499030 2026 01 14 17 04 41.84
0  10681.75715  -2442.62754 -23000.81524   1.2445595   2.9044956   0.2609907 2026 01 14 17 05 01.84
0  10706.69272  -2384.56513 -22995.48461   1.2490112   2.9017653   0.2720757 2026 01 14 17 05 21.84
0  10731.71715  -2326.55767 -22989.93232   1.2534457   2.8990003   0.2831579 2026 01 14 17 05 41.84
0  10756.83010  -2268.60585 -22984.15841   1.2578628   2.8962005   0.2942372 2026 01 14 17 06 01.84
0  10782.03121  -2210.71038 -22978.16295   1.2622622   2.8933662   0.3053134 2026 01 14 17 06 21.84
0  10807.32014  -2152.87194 -22971.94600   1.2666440   2.8904973   0.3163865 2026 01 14 17 06 41.84
0  10832.69652  -2095.09122 -22965.50761   1.2710079   2.8875939   0.3274564 2026 01 14 17 07 01.84
0  10858.16001  -2037.36891 -22958.84787   1.2753539   2.8846561   0.3385229 2026 01 14 17 07 21.84
0  10883.71023  -1979.70571 -22951.96682   1.2796817   2.8816839   0.3495859 2026 01 14 17 07 41.84
0  10909.34682  -1922.10229 -22944.86456   1.2839914   2.8786775   0.3606454 2026 01 14 17 08 01.84
0  10935.06943  -1864.55933 -22937.54114   1.2882826   2.8756369   0.3717012 2026 01 14 17 08 21.84
0  10960.87768  -1807.07754 -22929.99665   1.2925554   2.8725623   0.3827531 2026 01 14 17 08 41.84
0  10986.77119  -1749.65757 -22922.23115   1.2968095   2.8694536   0.3938013 2026 01 14 17 09 01.84
0  11012.74960  -1692.30012 -22914.24474   1.3010449   2.8663109   0.4048454 2026 01 14 17 09 21.84
0  11038.81253  -1635.00586 -22906.03748   1.3052614   2.8631344   0.4158854 2026 01 14 17 09 41.84
0  11064.95960  -1577.77546 -22897.60947   1.3094588   2.8599241   0.4269212 2026 01 14 17 10 01.84
0  11091.19043  -1520.60961 -22888.96078   1.3136372   2.8566802   0.4379527 2026 01 14 17 10 21.84
0  11117.50463  -1463.50898 -22880.09151   1.3177962   2.8534025   0.4489797 2026 01 14 17 10 41.84
0  11143.90182  -1406.47423 -22871.00174   1.3219358   2.8500914   0.4600022 2026 01 14 17 11 01.84
0  11170.38161  -1349.50605 -22861.69157   1.3260559   2.8467468   0.4710201 2026 01 14 17 11 21.84
0  11196.94360  -1292.60508 -22852.16110   1.3301564   2.8433688   0.4820333 2026 01 14 17 11 41.84
0  11223.58740  -1235.77201 -22842.41040   1.3342371   2.8399575   0.4930416 2026 01 14 17 12 01.84
0  11250.31262  -1179.00750 -22832.43959   1.3382978   2.8365131   0.5040449 2026 01 14 17 12 21.84
0  11277.11885  -1122.31221 -22822.24877   1.3423385   2.8330355   0.5150432 2026 01 14 17 12 41.84
0  11304.00570  -1065.68680 -22811.83803   1.3463590   2.8295248   0.5260364 2026 01 14 17 13 01.84
0  11330.97275  -1009.13193 -22801.20748   1.3503593   2.8259813   0.5370242 2026 01 14 17 13 21.84
0  11358.01960   -952.64826 -22790.35723   1.3543391   2.8224048   0.5480067 2026 01 14 17 13 41.84
0  11385.14585   -896.23645 -22779.28739   1.3582984   2.8187956   0.5589837 2026 01 14 17 14 01.84
0  11412.35107   -839.89715 -22767.99806   1.3622370   2.8151537   0.5699551 2026 01 14 17 14 21.84
0  11439.63486   -783.63101 -22756.48936   1.3661548   2.8114792   0.5809208 2026 01 14 17 14 41.84
0  11466.99680   -727.43869 -22744.76141   1.3700517   2.8077722   0.5918807 2026 01 14 17 15 01.84
0  11494.43646   -671.32083 -22732.81431   1.3739275   2.8040328   0.6028347 2026 01 14 17 15 21.84
0  11521.95343   -615.27808 -22720.64820   1.3777822   2.8002611   0.6137827 2026 01 14 17 15 41.84
0  11549.54728   -559.31109 -22708.26319   1.3816156   2.7964571   0.6247246 2026 01 14 17 16 01.84
0  11577.21759   -503.42051 -22695.65941   1.3854276   2.7926210   0.6356602 2026 01 14 17 16 21.84
0  11604.96392   -447.60696 -22682.83697   1.3892181   2.7887528   0.6465895 2026 01 14 17 16 41.84
0  11632.78584   -391.87110 -22669.79602   1.3929869   2.7848527   0.6575124 2026 01 14 17 17 01.84
0  11660.68292   -336.21356 -22656.53667   1.3967339   2.7809207   0.6684288 2026 01 14 17 17 21.84
0  11688.65473   -280.63497 -22643.05907   1.4004591   2.7769569   0.6793385 2026 01 14 17 17 41.84
0  11716.70081   -225.13598 -22629.36333   1.4041622   2.7729615   0.6902415 2026 01 14 17 18 01.84
0  11744.82074   -169.71721 -22615.44961   1.4078432   2.7689344   0.7011376 2026 01 14 17 18 21.84
0  11773.01407   -114.37930 -22601.31804   1.4115020   2.7648759   0.7120267 2026 01 14 17 18 41.84
0  11801.28035    -59.12287 -22586.96875   1.4151384   2.7607860   0.7229088 2026 01 14 17 19 01.84
0  11829.61913     -3.94856 -22572.40189   1.4187523   2.7566649   0.7337837 2026 01 14 17 19 21.84
0  11858.02997     51.14303 -22557.61761   1.4223436   2.7525125   0.7446514 2026 01 14 17 19 41.84
0  11886.51240    106.15125 -22542.61605   1.4259121   2.7483290   0.7555116 2026 01 14 17 20 01.84
0  11915.06598    161.07549 -22527.39736   1.4294579   2.7441146   0.7663644 2026 01 14 17 20 21.84
0  11943.69024    215.91514 -22511.96170   1.4329806   2.7398692   0.7772096 2026 01 14 17 20 41.84
0  11972.38473    270.66957 -22496.30920   1.4364804   2.7355930   0.7880471 2026 01 14 17 21 01.84
0  12001.14898    325.33817 -22480.44003   1.4399569   2.7312862   0.7988768 2026 01 14 17 21 21.84
0  12029.98253    379.92033 -22464.35435   1.4434101   2.7269487   0.8096987 2026 01 14 17 21 41.84
0  12058.88490    434.41543 -22448.05231   1.4468399   2.7225808   0.8205125 2026 01 14 17 22 01.84
0  12087.85564    488.82288 -22431.53408   1.4502462   2.7181825   0.8313182 2026 01 14 17 22 21.84
0  12116.89427    543.14205 -22414.79982   1.4536288   2.7137539   0.8421157 2026 01 14 17 22 41.84
0  12146.00032    597.37235 -22397.84969   1.4569877   2.7092951   0.8529049 2026 01 14 17 23 01.84
0  12175.17330    651.51317 -22380.68386   1.4603227   2.7048062   0.8636856 2026 01 14 17 23 21.84
0  12204.41275    705.56391 -22363.30250   1.4636338   2.7002873   0.8744579 2026 01 14 17 23 41.84
0  12233.71817    759.52398 -22345.70579   1.4669207   2.6957386   0.8852215 2026 01 14 17 24 01.84
0  12263.08910    813.39278 -22327.89389   1.4701834   2.6911601   0.8959764 2026 01 14 17 24 21.84
0  12292.52503    867.16971 -22309.86698   1.4734219   2.6865519   0.9067224 2026 01 14 17 24 41.84
0  12322.02549    920.85418 -22291.62524   1.4766359   2.6819142   0.9174595 2026 01 14 17 25 01.84
0  12351.58998    974.44560 -22273.16885   1.4798253   2.6772471   0.9281876 2026 01 14 17 25 21.84
0  12381.21802   1027.94339 -22254.49799   1.4829902   2.6725506   0.9389066 2026 01 14 17 25 41.84
0  12410.90911   1081.34695 -22235.61284   1.4861302   2.6678249   0.9496163 2026 01 14 17 26 01.84
0  12440.66275   1134.65571 -22216.51359   1.4892455   2.6630700   0.9603166 2026 01 14 17 26 21.84
0  12470.47844   1187.86908 -22197.20043   1.4923357   2.6582862   0.9710075 2026 01 14 17 26 41.84
0  12500.35569   1240.98648 -22177.67355   1.4954009   2.6534734   0.9816889 2026 01 14 17 27 01.84
0  12530.29399   1294.00735 -22157.93314   1.4984409   2.6486319   0.9923605 2026 01 14 17 27 21.84
0  12560.29284   1346.93109 -22137.97940   1.5014556   2.6437616   1.0030225 2026 01 14 17 27 41.84
0  12590.35173   1399.75715 -22117.81251   1.5044450   2.6388628   1.0136745 2026 01 14 17 28 01.84
0  12620.47016   1452.48494 -22097.43268   1.5074088   2.6339356   1.0243166 2026 01 14 17 28 21.84
0  12650.64760   1505.11391 -22076.84012   1.5103470   2.6289800   1.0349487 2026 01 14 17 28 41.84
0  12680.88355   1557.64348 -22056.03501   1.5132595   2.6239962   1.0455706 2026 01 14 17 29 01.84
0  12711.17750   1610.07309 -22035.01757   1.5161463   2.6189842   1.0561822 2026 01 14 17 29 21.84
0  12741.52892   1662.40219 -22013.78800   1.5190071   2.6139442   1.0667834 2026 01 14 17 29 41.84
0  12771.93729   1714.63020 -21992.34652   1.5218419   2.6088764   1.0773741 2026 01 14 17 30 01.84
0  12802.40210   1766.75659 -21970.69332   1.5246505   2.6037808   1.0879543 2026 01 14 17 30 21.84
0  12832.92283   1818.78078 -21948.82863   1.5274330   2.5986575   1.0985238 2026 01 14 17 30 41.84
0  12863.49894   1870.70223 -21926.75265   1.5301892   2.5935067   1.1090826 2026 01 14 17 31 01.84
0  12894.12990   1922.52039 -21904.46561   1.5329189   2.5883284   1.1196304 2026 01 14 17 31 21.84
0  12924.81520   1974.23472 -21881.96773   1.5356221   2.5831229   1.1301673 2026 01 14 17 31 41.84
0  12955.55430   2025.84466 -21859.25922   1.5382987   2.5778901   1.1406931 2026 01 14 17 32 01.84
0  12986.34666   2077.34967 -21836.34030   1.5409486   2.5726303   1.1512077 2026 01 14 17 32 21.84
0  13017.19175   2128.74922 -21813.21121   1.5435717   2.5673435   1.1617110 2026 01 14 17 32 41.84
0  13048.08904   2180.04277 -21789.87216   1.5461678   2.5620299   1.1722030 2026 01 14 17 33 01.84
0  13079.03798   2231.22977 -21766.32339   1.5487370   2.5566896   1.1826834 2026 01 14 17 33 21.84
0  13110.03803   2282.30970 -21742.56513   1.5512790   2.5513226   1.1931523 2026 01 14 17 33 41.84
0  13141.08865   2333.28203 -21718.59761   1.5537939   2.5459292   1.2036095 2026 01 14 17 34 01.84
0  13172.18930   2384.14623 -21694.42106   1.5562815   2.5405095   1.2140549 2026 01 14 17 34 21.84
0  13203.33942   2434.90177 -21670.03572   1.5587416   2.5350635   1.2244884 2026 01 14 17 34 41.84
0  13234.53847   2485.54813 -21645.44184   1.5611743   2.5295913   1.2349099 2026 01 14 17 35 01.84
0  13265.78590   2536.08479 -21620.63964   1.5635794   2.5240932   1.2453193 2026 01 14 17 35 21.84
0  13297.08116   2586.51122 -21595.62938   1.5659569   2.5185693   1.2557166 2026 01 14 17 35 41.84
0  13328.42369   2636.82692 -21570.41130   1.5683066   2.5130195   1.2661016 2026 01 14 17 36 01.84
0  13359.81293   2687.03137 -21544.98564   1.5706284   2.5074442   1.2764742 2026 01 14 17 36 21.84
0  13391.24833   2737.12406 -21519.35265   1.5729223   2.5018434   1.2868343 2026 01 14 17 36 41.84
0  13422.72933   2787.10448 -21493.51259   1.5751881   2.4962171   1.2971818 2026 01 14 17 37 01.84
0  13454.25536   2836.97212 -21467.46571   1.5774258   2.4905657   1.3075166 2026 01 14 17 37 21.84
0  13485.82587   2886.72648 -21441.21226   1.5796354   2.4848891   1.3178387 2026 01 14 17 37 41.84
0  13517.44028   2936.36705 -21414.75250   1.5818166   2.4791875   1.3281478 2026 01 14 17 38 01.84
0  13549.09804   2985.89335 -21388.08668   1.5839694   2.4734611   1.3384440 2026 01 14 17 38 21.84
0  13580.79857   3035.30487 -21361.21507   1.5860937   2.4677099   1.3487271 2026 01 14 17 38 41.84
0  13612.54129   3084.60112 -21334.13793   1.5881894   2.4619341   1.3589971 2026 01 14 17 39 01.84
0  13644.32565   3133.78161 -21306.85553   1.5902565   2.4561338   1.3692537 2026 01 14 17 39 21.84
0  13676.15106   3182.84585 -21279.36813   1.5922949   2.4503091   1.3794970 2026 01 14 17 39 41.84
0  13708.01695   3231.79336 -21251.67599   1.5943044   2.4444602   1.3897269 2026 01 14 17 40 01.84
0  13739.92275   3280.62365 -21223.77940   1.5962851   2.4385872   1.3999431 2026 01 14 17 40 21.84
0  13771.86786   3329.33623 -21195.67862   1.5982367   2.4326903   1.4101457 2026 01 14 17 40 41.84
0  13803.85172   3377.93064 -21167.37392   1.6001592   2.4267694   1.4203345 2026 01 14 17 41 01.84
0  13835.87374   3426.40640 -21138.86559   1.6020526   2.4208249   1.4305095 2026 01 14 17 41 21.84
0  13867.93333   3474.76303 -21110.15390   1.6039168   2.4148568   1.4406705 2026 01 14 17 41 41.84
0  13900.02992   3523.00006 -21081.23913   1.6057516   2.4088653   1.4508174 2026 01 14 17 42 01.84
0  13932.16290   3571.11703 -21052.12156   1.6075570   2.4028504   1.4609502 2026 01 14 17 42 21.84
0  13964.33170   3619.11347 -21022.80148   1.6093329   2.3968123   1.4710687 2026 01 14 17 42 41.84
0  13996.53573   3666.98892 -20993.27917   1.6110792   2.3907512   1.4811729 2026 01 14 17 43 01.84
0  14028.77438   3714.74291 -20963.55493   1.6127959   2.3846671   1.4912626 2026 01 14 17 43 21.84
0  14061.04707   3762.37500 -20933.62903   1.6144829   2.3785603   1.5013378 2026 01 14 17 43 41.84
0  14093.35320   3809.88473 -20903.50178   1.6161400   2.3724308   1.5113984 2026 01 14 17 44 01.84
0  14125.69218   3857.27163 -20873.17347   1.6177673   2.3662788   1.5214442 2026 01 14 17 44 21.84
0  14158.06340   3904.53528 -20842.64439   1.6193646   2.3601044   1.5314752 2026 01 14 17 44 41.84
0  14190.46627   3951.67521 -20811.91483   1.6209319   2.3539077   1.5414913 2026 01 14 17 45 01.84
0  14222.90018   3998.69099 -20780.98511   1.6224691   2.3476889   1.5514924 2026 01 14 17 45 21.84
0  14255.36454   4045.58218 -20749.85552   1.6239761   2.3414482   1.5614783 2026 01 14 17 45 41.84
0  14287.85873   4092.34833 -20718.52636   1.6254528   2.3351856   1.5714490 2026 01 14 17 46 01.84
0  14320.38216   4138.98901 -20686.99794   1.6268991   2.3289012   1.5814044 2026 01 14 17 46 21.84
0  14352.93421   4185.50379 -20655.27057   1.6283151   2.3225953   1.5913445 2026 01 14 17 46 41.84
0  14385.51427   4231.89223 -20623.34455   1.6297006   2.3162680   1.6012690 2026 01 14 17 47 01.84
0  14418.12174   4278.15392 -20591.22020   1.6310555   2.3099194   1.6111779 2026 01 14 17 47 21.84
0  14450.75600   4324.28842 -20558.89782   1.6323798   2.3035495   1.6210711 2026 01 14 17 47 41.84
0  14483.41644   4370.29532 -20526.37774   1.6336734   2.2971587   1.6309486 2026 01 14 17 48 01.84
0  14516.10244   4416.17419 -20493.66027   1.6349363   2.2907470   1.6408102 2026 01 14 17 48 21.84
0  14548.81339   4461.92462 -20460.74573   1.6361683   2.2843145   1.6506558 2026 01 14 17 48 41.84
0  14581.54868   4507.54619 -20427.63444   1.6373694   2.2778615   1.6604853 2026 01 14 17 49 01.84
0  14614.30768   4553.03850 -20394.32672   1.6385395   2.2713879   1.6702987 2026 01 14 17 49 21.84
0  14647.08977   4598.40114 -20360.82290   1.6396786   2.2648940   1.6800958 2026 01 14 17 49 41.84
0  14679.89433   4643.63369 -20327.12329   1.6407865   2.2583800   1.6898766 2026 01 14 17 50 01.84
0  14712.72074   4688.73576 -20293.22824   1.6418633   2.2518459   1.6996409 2026 01 14 17 50 21.84
0  14745.56837   4733.70695 -20259.13806   1.6429089   2.2452918   1.7093887 2026 01 14 17 50 41.84
0  14778.43660   4778.54687 -20224.85310   1.6439231   2.2387180   1.7191199 2026 01 14 17 51 01.84
0  14811.32480   4823.25511 -20190.37368   1.6449060   2.2321246   1.7288344 2026 01 14 17 51 21.84
0  14844.23235   4867.83129 -20155.70014   1.6458574   2.2255117   1.7385321 2026 01 14 17 51 41.84
0  14877.15861   4912.27501 -20120.83281   1.6467774   2.2188795   1.7482128 2026 01 14 17 52 01.84
0  14910.10295   4956.58590 -20085.77204   1.6476658   2.2122280   1.7578766 2026 01 14 17 52 21.84
0  14943.06475   5000.76357 -20050.51817   1.6485225   2.2055575   1.7675232 2026 01 14 17 52 41.84
0  14976.04336   5044.80764 -20015.07154   1.6493476   2.1988681   1.7771527 2026 01 14 17 53 01.84
0  15009.03816   5088.71774 -19979.43248   1.6501409   2.1921599   1.7867649 2026 01 14 17 53 21.84
0  15042.04851   5132.49348 -19943.60136   1.6509025   2.1854331   1.7963598 2026 01 14 17 53 41.84
0  15075.07377   5176.13451 -19907.57852   1.6516321   2.1786878   1.8059372 2026 01 14 17 54 01.84
0  15108.11331   5219.64044 -19871.36431   1.6523299   2.1719242   1.8154970 2026 01 14 17 54 21.84
0  15141.16648   5263.01092 -19834.95907   1.6529956   2.1651424   1.8250392 2026 01 14 17 54 41.84
0  15174.23264   5306.24559 -19798.36317   1.6536294   2.1583425   1.8345637 2026 01 14 17 55 01.84
0  15207.31116   5349.34407 -19761.57696   1.6542310   2.1515247   1.8440704 2026 01 14 17 55 21.84
0  15240.40139   5392.30603 -19724.60079   1.6548005   2.1446891   1.8535591 2026 01 14 17 55 41.84
0  15273.50269   5435.13109 -19687.43503   1.6553378   2.1378360   1.8630298 2026 01 14 17 56 01.84
0  15306.61442   5477.81892 -19650.08004   1.6558428   2.1309654   1.8724825 2026 01 14 17 56 21.84
0  15339.73592   5520.36916 -19612.53617   1.6563155   2.1240774   1.8819170 2026 01 14 17 56 41.84
0  15372.86655   5562.78148 -19574.80380   1.6567559   2.1171723   1.8913332 2026 01 14 17 57 01.84
0  15406.00567   5605.05552 -19536.88329   1.6571638   2.1102502   1.9007310 2026 01 14 17 57 21.84
0  15439.15262   5647.19095 -19498.77501   1.6575393   2.1033112   1.9101104 2026 01 14 17 57 41.84
0  15472.30675   5689.18743 -19460.47933   1.6578822   2.0963554   1.9194712 2026 01 14 17 58 01.84
0  15505.46742   5731.04463 -19421.99661   1.6581926   2.0893831   1.9288134 2026 01 14 17 58 21.84
0  15538.63397   5772.76222 -19383.32724   1.6584703   2.0823943   1.9381369 2026 01 14 17 58 41.84
0  15571.80575   5814.33987 -19344.47159   1.6587154   2.0753892   1.9474416 2026 01 14 17 59 01.84
0  15604.98210   5855.77726 -19305.43003   1.6589277   2.0683680   1.9567274 2026 01 14 17 59 21.84
0  15638.16237   5897.07406 -19266.20295   1.6591073   2.0613308   1.9659942 2026 01 14 17 59 41.84
0  15671.34591   5938.22996 -19226.79073   1.6592541   2.0542778   1.9752420 2026 01 14 18 00 01.84
0  15704.53206   5979.24465 -19187.19374   1.6593680   2.0472091   1.9844705 2026 01 14 18 00 21.84
0  15737.72015   6020.11780 -19147.41237   1.6594490   2.0401248   1.9936799 2026 01 14 18 00 41.84
0  15770.90953   6060.84912 -19107.44701   1.6594971   2.0330252   2.0028699 2026 01 14 18 01 01.84
0  15804.09955   6101.43829 -19067.29804   1.6595121   2.0259103   2.0120404 2026 01 14 18 01 21.84
0  15837.28954   6141.88501 -19026.96586   1.6594941   2.0187803   2.0211915 2026 01 14 18 01 41.84
0  15870.47883   6182.18898 -18986.45085   1.6594431   2.0116353   2.0303229 2026 01 14 18 02 01.84
0  15903.66678   6222.34991 -18945.75342   1.6593589   2.0044756   2.0394347 2026 01 14 18 02 21.84
0  15936.85271   6262.36749 -18904.87394   1.6592415   1.9973012   2.0485267 2026 01 14 18 02 41.84
0  15970.03596   6302.24144 -18863.81282   1.6590909   1.9901124   2.0575988 2026 01 14 18 03 01.84
0  16003.21587   6341.97148 -18822.57047   1.6589071   1.9829092   2.0666510 2026 01 14 18 03 21.84
0  16036.39176   6381.55730 -18781.14726   1.6586900   1.9756918   2.0756832 2026 01 14 18 03 41.84
0  16069.56299   6420.99864 -18739.54362   1.6584396   1.9684604   2.0846952 2026 01 14 18 04 01.84
0  16102.72887   6460.29521 -18697.75994   1.6581558   1.9612151   2.0936870 2026 01 14 18 04 21.84
0  16135.88874   6499.44674 -18655.79662   1.6578386   1.9539561   2.1026586 2026 01 14 18 04 41.84
0  16169.04193   6538.45295 -18613.65408   1.6574879   1.9466835   2.1116098 2026 01 14 18 05 01.84
0  16202.18778   6577.31358 -18571.33272   1.6571038   1.9393974   2.1205405 2026 01 14 18 05 21.84
0  16235.32561   6616.02835 -18528.83295   1.6566861   1.9320981   2.1294507 2026 01 14 18 05 41.84
0  16268.45475   6654.59700 -18486.15519   1.6562350   1.9247857   2.1383402 2026 01 14 18 06 01.84
0  16301.57453   6693.01928 -18443.29984   1.6557502   1.9174603   2.1472090 2026 01 14 18 06 21.84
0  16334.68428   6731.29492 -18400.26732   1.6552318   1.9101221   2.1560571 2026 01 14 18 06 41.84
0  16367.78333   6769.42367 -18357.05805   1.6546798   1.9027713   2.1648842 2026 01 14 18 07 01.84
0  16400.87100   6807.40528 -18313.67245   1.6540941   1.8954079   2.1736904 2026 01 14 18 07 21.84
0  16433.94662   6845.23950 -18270.11094   1.6534747   1.8880322   2.1824755 2026 01 14 18 07 41.84
0  16467.00951   6882.92608 -18226.37393   1.6528215   1.8806443   2.1912395 2026 01 14 18 08 01.84
0  16500.05901   6920.46479 -18182.46186   1.6521346   1.8732444   2.1999823 2026 01 14 18 08 21.84
0  16533.09443   6957.85537 -18138.37514   1.6514138   1.8658325   2.2087038 2026 01 14 18 08 41.84
0  16566.11509   6995.09760 -18094.11421   1.6506593   1.8584090   2.2174039 2026 01 14 18 09 01.84
0  16599.12033   7032.19125 -18049.67950   1.6498709   1.8509738   2.2260826 2026 01 14 18 09 21.84
0  16632.10946   7069.13608 -18005.07142   1.6490486   1.8435272   2.2347397 2026 01 14 18 09 41.84
0  16665.08180   7105.93186 -17960.29042   1.6481924   1.8360694   2.2433751 2026 01 14 18 10 01.84
0  16698.03668   7142.57838 -17915.33693   1.6473022   1.8286005   2.2519889 2026 01 14 18 10 21.84
0  16730.97342   7179.07540 -17870.21138   1.6463781   1.8211206   2.2605808 2026 01 14 18 10 41.84
0  16763.89134   7215.42272 -17824.91422   1.6454200   1.8136298   2.2691509 2026 01 14 18 11 01.84
0  16796.78976   7251.62012 -17779.44587   1.6444279   1.8061285   2.2776990 2026 01 14 18 11 21.84
0  16829.66799   7287.66739 -17733.80678   1.6434018   1.7986167   2.2862251 2026 01 14 18 11 41.84
0  16862.52537   7323.56432 -17687.99738   1.6423416   1.7910945   2.2947291 2026 01 14 18 12 01.84
0  16895.36119   7359.31071 -17642.01814   1.6412474   1.7835621   2.3032109 2026 01 14 18 12 21.84
0  16928.17480   7394.90634 -17595.86947   1.6401190   1.7760198   2.3116704 2026 01 14 18 12 41.84
0  16960.96549   7430.35103 -17549.55185   1.6389565   1.7684675   2.3201075 2026 01 14 18 13 01.84
0  16993.73260   7465.64458 -17503.06570   1.6377599   1.7609056   2.3285222 2026 01 14 18 13 21.84
0  17026.47543   7500.78679 -17456.41149   1.6365292   1.7533341   2.3369144 2026 01 14 18 13 41.84
0  17059.19330   7535.77749 -17409.58966   1.6352642   1.7457532   2.3452839 2026 01 14 18 14 01.84
0  17091.88554   7570.61647 -17362.60067   1.6339651   1.7381631   2.3536308 2026 01 14 18 14 21.84
0  17124.55145   7605.30355 -17315.44496   1.6326318   1.7305639   2.3619550 2026 01 14 18 14 41.84
0  17157.19035   7639.83857 -17268.12301   1.6312642   1.7229557   2.3702563 2026 01 14 18 15 01.84
0  17189.80156   7674.22133 -17220.63525   1.6298624   1.7153388   2.3785346 2026 01 14 18 15 21.84
0  17222.38439   7708.45167 -17172.98216   1.6284264   1.7077133   2.3867900 2026 01 14 18 15 41.84
0  17254.93816   7742.52941 -17125.16419   1.6269561   1.7000794   2.3950223 2026 01 14 18 16 01.84
0  17287.46218   7776.45440 -17077.18181   1.6254515   1.6924371   2.4032315 2026 01 14 18 16 21.84
0  17319.95577   7810.22645 -17029.03548   1.6239126   1.6847867   2.4114174 2026 01 14 18 16 41.84
0  17352.41823   7843.84542 -16980.72566   1.6223395   1.6771284   2.4195801 2026 01 14 18 17 01.84
0  17384.84889   7877.31115 -16932.25282   1.6207320   1.6694622   2.4277193 2026 01 14 18 17 21.84
0  17417.24706   7910.62347 -16883.61744   1.6190902   1.6617884   2.4358351 2026 01 14 18 17 41.84
0  17449.61205   7943.78224 -16834.81997   1.6174141   1.6541070   2.4439274 2026 01 14 18 18 01.84
0  17481.94317   7976.78731 -16785.86089   1.6157036   1.6464183   2.4519960 2026 01 14 18 18 21.84
0  17514.23974   8009.63854 -16736.74068   1.6139588   1.6387224   2.4600409 2026 01 14 18 18 41.84
0  17546.50107   8042.33578 -16687.45981   1.6121796   1.6310195   2.4680621 2026 01 14 18 19 01.84
0  17578.72648   8074.87889 -16638.01876   1.6103660   1.6233098   2.4760594 2026 01 14 18 19 21.84
0  17610.91527   8107.26774 -16588.41799   1.6085181   1.6155933   2.4840329 2026 01 14 18 19 41.84
0  17643.06676   8139.50219 -16538.65800   1.6066358   1.6078702   2.4919823 2026 01 14 18 20 01.84
0  17675.18026   8171.58212 -16488.73927   1.6047192   1.6001408   2.4999076 2026 01 14 18 20 21.84
0  17707.25508   8203.50739 -16438.66226   1.6027681   1.5924051   2.5078088 2026 01 14 18 20 41.84
0  17739.29054   8235.27790 -16388.42748   1.6007827   1.5846633   2.5156858 2026 01 14 18 21 01.84
0  17771.28595   8266.89350 -16338.03540   1.5987629   1.5769157   2.5235385 2026 01 14 18 21 21.84
0  17803.24061   8298.35410 -16287.48651   1.5967087   1.5691622   2.5313668 2026 01 14 18 21 41.84
0  17835.15385   8329.65957 -16236.78129   1.5946201   1.5614032   2.5391707 2026 01 14 18 22 01.84
0  17867.02498   8360.80981 -16185.92025   1.5924972   1.5536387   2.5469501 2026 01 14 18 22 21.84
0  17898.85330   8391.80470 -16134.90386   1.5903398   1.5458689   2.5547049 2026 01 14 18 22 41.84
0  17930.63813   8422.64415 -16083.73263   1.5881480   1.5380940   2.5624350 2026 01 14 18 23 01.84
0  17962.37879   8453.32805 -16032.40704   1.5859219   1.5303141   2.5701404 2026 01 14 18 23 21.84
0  17994.07457   8483.85631 -15980.92759   1.5836614   1.5225295   2.5778209 2026 01 14 18 23 41.84
0  18025.72481   8514.22882 -15929.29478   1.5813665   1.5147401   2.5854766 2026 01 14 18 24 01.84
0  18057.32880   8544.44550 -15877.50911   1.5790372   1.5069463   2.5931073 2026 01 14 18 24 21.84
0  18088.88586   8574.50627 -15825.57107   1.5766736   1.4991482   2.6007130 2026 01 14 18 24 41.84
0  18120.39531   8604.41103 -15773.48117   1.5742756   1.4913459   2.6082936 2026 01 14 18 25 01.84
0  18151.85646   8634.15970 -15721.23991   1.5718433   1.4835395   2.6158491 2026 01 14 18 25 21.84
0  18183.26861   8663.75221 -15668.84779   1.5693766   1.4757293   2.6233793 2026 01 14 18 25 41.84
0  18214.63109   8693.18847 -15616.30533   1.5668755   1.4679154   2.6308842 2026 01 14 18 26 01.84
0  18245.94321   8722.46843 -15563.61302   1.5643401   1.4600980   2.6383636 2026 01 14 18 26 21.84
0  18277.20427   8751.59200 -15510.77137   1.5617704   1.4522772   2.6458177 2026 01 14 18 26 41.84
0  18308.41360   8780.55912 -15457.78090   1.5591664   1.4444532   2.6532462 2026 01 14 18 27 01.84
0  18339.57050   8809.36973 -15404.64212   1.5565281   1.4366261   2.6606491 2026 01 14 18 27 21.84
0  18370.67430   8838.02377 -15351.35553   1.5538555   1.4287961   2.6680264 2026 01 14 18 27 41.84
0  18401.72430   8866.52119 -15297.92166   1.5511486   1.4209634   2.6753779 2026 01 14 18 28 01.84
0  18432.71982   8894.86192 -15244.34101   1.5484075   1.4131281   2.6827036 2026 01 14 18 28 21.84
0  18463.66018   8923.04593 -15190.61411   1.5456320   1.4052904   2.6900035 2026 01 14 18 28 41.84
0  18494.54469   8951.07315 -15136.74147   1.5428224   1.3974504   2.6972774 2026 01 14 18 29 01.84
0  18525.37266   8978.94356 -15082.72362   1.5399785   1.3896083   2.7045253 2026 01 14 18 29 21.84
0  18556.14341   9006.65710 -15028.56107   1.5371005   1.3817642   2.7117471 2026 01 14 18 29 41.84
0  18586.85626   9034.21375 -14974.25434   1.5341882   1.3739184   2.7189427 2026 01 14 18 30 01.84
0  18617.51052   9061.61346 -14919.80396   1.5312417   1.3660709   2.7261122 2026 01 14 18 30 21.84
0  18648.10552   9088.85621 -14865.21046   1.5282611   1.3582220   2.7332554 2026 01 14 18 30 41.84
0  18678.64056   9115.94196 -14810.47436   1.5252464   1.3503717   2.7403722 2026 01 14 18 31 01.84
0  18709.11496   9142.87070 -14755.59618   1.5221975   1.3425203   2.7474626 2026 01 14 18 31 21.84
0  18739.52805   9169.64240 -14700.57647   1.5191146   1.3346679   2.7545265 2026 01 14 18 31 41.84
0  18769.87914   9196.25705 -14645.41574   1.5159975   1.3268146   2.7615638 2026 01 14 18 32 01.84
0  18800.16754   9222.71462 -14590.11453   1.5128464   1.3189607   2.7685746 2026 01 14 18 32 21.84
0  18830.39259   9249.01511 -14534.67337   1.5096613   1.3111062   2.7755586 2026 01 14 18 32 41.84
0  18860.55359   9275.15850 -14479.09280   1.5064422   1.3032514   2.7825159 2026 01 14 18 33 01.84
0  18890.64987   9301.14480 -14423.37335   1.5031890   1.2953964   2.7894464 2026 01 14 18 33 21.84
0  18920.68075   9326.97400 -14367.51556   1.4999019   1.2875413   2.7963500 2026 01 14 18 33 41.84
0  18950.64554   9352.64609 -14311.51997   1.4965809   1.2796864   2.8032267 2026 01 14 18 34 01.84
0  18980.54358   9378.16109 -14255.38711   1.4932259   1.2718317   2.8100764 2026 01 14 18 34 21.84
0  19010.37418   9403.51900 -14199.11754   1.4898371   1.2639774   2.8168989 2026 01 14 18 34 41.84
0  19040.13667   9428.71983 -14142.71178   1.4864144   1.2561238   2.8236944 2026 01 14 18 35 01.84
0  19069.83036   9453.76360 -14086.17039   1.4829579   1.2482708   2.8304626 2026 01 14 18 35 21.84
0  19099.45459   9478.65031 -14029.49390   1.4794676   1.2404188   2.8372036 2026 01 14 18 35 41.84
0  19129.00867   9503.38000 -13972.68287   1.4759435   1.2325678   2.8439172 2026 01 14 18 36 01.84
0  19158.49194   9527.95268 -13915.73785   1.4723856   1.2247180   2.8506035 2026 01 14 18 36 21.84
0  19187.90371   9552.36837 -13858.65937   1.4687940   1.2168697   2.8572623 2026 01 14 18 36 41.84
0  19217.24331   9576.62712 -13801.44799   1.4651688   1.2090228   2.8638935 2026 01 14 18 37 01.84
0  19246.51007   9600.72894 -13744.10426   1.4615099   1.2011776   2.8704972 2026 01 14 18 37 21.84
0  19275.70332   9624.67388 -13686.62874   1.4578174   1.1933343   2.8770732 2026 01 14 18 37 41.84
0  19304.82238   9648.46197 -13629.02197   1.4540913   1.1854929   2.8836216 2026 01 14 18 38 01.84
0  19333.86658   9672.09326 -13571.28451   1.4503316   1.1776538   2.8901421 2026 01 14 18 38 21.84
0  19362.83526   9695.56778 -13513.41692   1.4465385   1.1698169   2.8966349 2026 01 14 18 38 41.84
0  19391.72774   9718.88560 -13455.41976   1.4427118   1.1619825   2.9030997 2026 01 14 18 39 01.84
0  19420.54335   9742.04675 -13397.29357   1.4388517   1.1541507   2.9095366 2026 01 14 18 39 21.84
0  19449.28143   9765.05129 -13339.03893   1.4349582   1.1463218   2.9159455 2026 01 14 18 39 41.84
0  19477.94130   9787.89929 -13280.65640   1.4310314   1.1384957   2.9223263 2026 01 14 18 40 01.84
0  19506.52230   9810.59079 -13222.14653   1.4270712   1.1306728   2.9286790 2026 01 14 18 40 21.84
0  19535.02377   9833.12587 -13163.50989   1.4230777   1.1228530   2.9350035 2026 01 14 18 40 41.84
0  19563.44504   9855.50459 -13104.74704   1.4190509   1.1150367   2.9412997 2026 01 14 18 41 01.84
0  19591.78544   9877.72701 -13045.85855   1.4149910   1.1072240   2.9475676 2026 01 14 18 41 21.84
0  19620.04431   9899.79322 -12986.84498   1.4108979   1.0994150   2.9538072 2026 01 14 18 41 41.84
0  19648.22098   9921.70329 -12927.70691   1.4067716   1.0916098   2.9600183 2026 01 14 18 42 01.84
0  19676.31480   9943.45730 -12868.44491   1.4026123   1.0838087   2.9662009 2026 01 14 18 42 21.84
0  19704.32511   9965.05532 -12809.05953   1.3984199   1.0760118   2.9723550 2026 01 14 18 42 41.84
0  19732.25123   9986.49745 -12749.55136   1.3941945   1.0682192   2.9784805 2026 01 14 18 43 01.84
0  19760.09252  10007.78377 -12689.92097   1.3899362   1.0604311   2.9845773 2026 01 14 18 43 21.84
0  19787.84832  10028.91438 -12630.16893   1.3856449   1.0526476   2.9906454 2026 01 14 18 43 41.84
0  19815.51796  10049.88936 -12570.29581   1.3813208   1.0448689   2.9966847 2026 01 14 18 44 01.84
0  19843.10079  10070.70882 -12510.30220   1.3769639   1.0370952   3.0026952 2026 01 14 18 44 21.84
0  19870.59616  10091.37286 -12450.18866   1.3725742   1.0293266   3.0086769 2026 01 14 18 44 41.84
0  19898.00341  10111.88158 -12389.95579   1.3681518   1.0215633   3.0146295 2026 01 14 18 45 01.84
0  19925.32188  10132.23509 -12329.60415   1.3636967   1.0138053   3.0205532 2026 01 14 18 45 21.84
0  19952.55092  10152.43349 -12269.13432   1.3592090   1.0060530   3.0264478 2026 01 14 18 45 41.84
0  19979.68989  10172.47690 -12208.54690   1.3546888   0.9983063   3.0323133 2026 01 14 18 46 01.84
0  20006.73812  10192.36544 -12147.84246   1.3501360   0.9905655   3.0381496 2026 01 14 18 46 21.84
0  20033.69498  10212.09922 -12087.02158   1.3455507   0.9828308   3.0439568 2026 01 14 18 46 41.84
0  20060.55980  10231.67837 -12026.08486   1.3409330   0.9751022   3.0497346 2026 01 14 18 47 01.84
0  20087.33195  10251.10301 -11965.03287   1.3362830   0.9673800   3.0554831 2026 01 14 18 47 21.84
0  20114.01078  10270.37328 -11903.86620   1.3316006   0.9596642   3.0612022 2026 01 14 18 47 41.84
0  20140.59564  10289.48929 -11842.58545   1.3268860   0.9519551   3.0668919 2026 01 14 18 48 01.84
0  20167.08588  10308.45119 -11781.19120   1.3221392   0.9442528   3.0725521 2026 01 14 18 48 21.84
0  20193.48087  10327.25911 -11719.68404   1.3173602   0.9365574   3.0781828 2026 01 14 18 48 41.84
0  20219.77995  10345.91320 -11658.06457   1.3125492   0.9288691   3.0837838 2026 01 14 18 49 01.84
0  20245.98250  10364.41359 -11596.33337   1.3077061   0.9211880   3.0893552 2026 01 14 18 49 21.84
0  20272.08786  10382.76043 -11534.49104   1.3028310   0.9135144   3.0948969 2026 01 14 18 49 41.84
0  20298.09540  10400.95388 -11472.53817   1.2979240   0.9058483   3.1004089 2026 01 14 18 50 01.84
0  20324.00449  10418.99408 -11410.47536   1.2929852   0.8981898   3.1058910 2026 01 14 18 50 21.84
0  20349.81448  10436.88119 -11348.30321   1.2880146   0.8905392   3.1113433 2026 01 14 18 50 41.84
0  20375.52475  10454.61537 -11286.02231   1.2830122   0.8828966   3.1167657 2026 01 14 18 51 01.84
0  20401.13464  10472.19678 -11223.63326   1.2779781   0.8752622   3.1221581 2026 01 14 18 51 21.84
0  20426.64355  10489.62558 -11161.13667   1.2729125   0.8676360   3.1275206 2026 01 14 18 51 41.84
0  20452.05082  10506.90194 -11098.53313   1.2678152   0.8600183   3.1328529 2026 01 14 18 52 01.84
0  20477.35583  10524.02603 -11035.82324   1.2626865   0.8524091   3.1381552 2026 01 14 18 52 21.84
0  20502.55796  10540.99803 -10973.00761   1.2575264   0.8448087   3.1434273 2026 01 14 18 52 41.84
0  20527.65657  10557.81811 -10910.08684   1.2523349   0.8372172   3.1486692 2026 01 14 18 53 01.84
0  20552.65104  10574.48645 -10847.06153   1.2471121   0.8296347   3.1538808 2026 01 14 18 53 21.84
0  20577.54074  10591.00323 -10783.93229   1.2418580   0.8220614   3.1590621 2026 01 14 18 53 41.84
0  20602.32505  10607.36864 -10720.69974   1.2365728   0.8144975   3.1642131 2026 01 14 18 54 01.84
0  20627.00334  10623.58287 -10657.36446   1.2312565   0.8069430   3.1693336 2026 01 14 18 54 21.84
0  20651.57500  10639.64610 -10593.92709   1.2259092   0.7993981   3.1744238 2026 01 14 18 54 41.84
0  20676.03940  10655.55853 -10530.38821   1.2205309   0.7918630   3.1794834 2026 01 14 18 55 01.84
0  20700.39593  10671.32036 -10466.74845   1.2151217   0.7843378   3.1845124 2026 01 14 18 55 21.84
0  20724.64397  10686.93178 -10403.00841   1.2096817   0.7768227   3.1895109 2026 01 14 18 55 41.84
0  20748.78290  10702.39301 -10339.16871   1.2042110   0.7693178   3.1944788 2026 01 14 18 56 01.84
0  20772.81211  10717.70424 -10275.22996   1.1987095   0.7618233   3.1994159 2026 01 14 18 56 21.84
0  20796.73098  10732.86569 -10211.19277   1.1931774   0.7543392   3.2043224 2026 01 14 18 56 41.84
0  20820.53891  10747.87756 -10147.05776   1.1876148   0.7468658   3.2091980 2026 01 14 18 57 01.84
0  20844.23528  10762.74007 -10082.82555   1.1820218   0.7394032   3.2140428 2026 01 14 18 57 21.84
0  20867.81949  10777.45343 -10018.49675   1.1763983   0.7319515   3.2188568 2026 01 14 18 57 41.84
0  20891.29092  10792.01788  -9954.07198   1.1707445   0.7245109   3.2236398 2026 01 14 18 58 01.84
0  20914.64898  10806.43362  -9889.55186   1.1650605   0.7170815   3.2283919 2026 01 14 18 58 21.84
0  20937.89305  10820.70089  -9824.93701   1.1593463   0.7096635   3.2331130 2026 01 14 18 58 41.84
0  20961.02254  10834.81992  -9760.22805   1.1536020   0.7022570   3.2378030 2026 01 14 18 59 01.84
0  20984.03685  10848.79093  -9695.42560   1.1478277   0.6948621   3.2424620 2026 01 14 18 59 21.84
0  21006.93537  10862.61416  -9630.53028   1.1420234   0.6874791   3.2470898 2026 01 14 18 59 41.84
0  21029.71750  10876.28985  -9565.54271   1.1361893   0.6801079   3.2516864 2026 01 14 19 00 01.84
0  21052.38266  10889.81824  -9500.46353   1.1303254   0.6727489   3.2562519 2026 01 14 19 00 21.84
0  21074.93025  10903.19957  -9435.29335   1.1244318   0.6654021   3.2607860 2026 01 14 19 00 41.84
0  21097.35966  10916.43409  -9370.03280   1.1185086   0.6580676   3.2652889 2026 01 14 19 01 01.84
0  21119.67032  10929.52204  -9304.68251   1.1125559   0.6507456   3.2697604 2026 01 14 19 01 21.84
0  21141.86162  10942.46368  -9239.24310   1.1065736   0.6434363   3.2742005 2026 01 14 19 01 41.84
0  21163.93299  10955.25926  -9173.71520   1.1005620   0.6361398   3.2786092 2026 01 14 19 02 01.84
0  21185.88384  10967.90904  -9108.09945   1.0945211   0.6288562   3.2829864 2026 01 14 19 02 21.84
0  21207.71357  10980.41328  -9042.39646   1.0884510   0.6215856   3.2873321 2026 01 14 19 02 41.84
0  21229.42161  10992.77224  -8976.60688   1.0823517   0.6143283   3.2916463 2026 01 14 19 03 01.84
0  21251.00738  11004.98619  -8910.73133   1.0762234   0.6070843   3.2959288 2026 01 14 19 03 21.84
0  21272.47029  11017.05539  -8844.77044   1.0700661   0.5998538   3.3001798 2026 01 14 19 03 41.84
0  21293.80977  11028.98011  -8778.72486   1.0638800   0.5926368   3.3043990 2026 01 14 19 04 01.84
0  21315.02523  11040.76064  -8712.59520   1.0576650   0.5854337   3.3085866 2026 01 14 19 04 21.84
0  21336.11611  11052.39724  -8646.38212   1.0514214   0.5782444   3.3127424 2026 01 14 19 04 41.84
0  21357.08184  11063.89020  -8580.08623   1.0451491   0.5710692   3.3168664 2026 01 14 19 05 01.84
0  21377.92183  11075.23979  -8513.70818   1.0388483   0.5639082   3.3209586 2026 01 14 19 05 21.84
0  21398.63552  11086.44631  -8447.24861   1.0325191   0.5567614   3.3250189 2026 01 14 19 05 41.84
0  21419.22235  11097.51003  -8380.70815   1.0261615   0.5496291   3.3290473 2026 01 14 19 06 01.84
0  21439.68174  11108.43126  -8314.08744   1.0197756   0.5425113   3.3330438 2026 01 14 19 06 21.84
0  21460.01313  11119.21028  -8247.38712   1.0133616   0.5354083   3.3370083 2026 01 14 19 06 41.84
0  21480.21596  11129.84738  -8180.60783   1.0069195   0.5283201   3.3409408 2026 01 14 19 07 01.84
0  21500.28967  11140.34287  -8113.75022   1.0004494   0.5212469   3.3448413 2026 01 14 19 07 21.84
0  21520.23370  11150.69705  -8046.81491   0.9939514   0.5141888   3.3487096 2026 01 14 19 07 41.84
0  21540.04750  11160.91022  -7979.80256   0.9874256   0.5071460   3.3525458 2026 01 14 19 08 01.84
0  21559.73049  11170.98269  -7912.71381   0.9808721   0.5001185   3.3563499 2026 01 14 19 08 21.84
0  21579.28215  11180.91476  -7845.54930   0.9742909   0.4931066   3.3601218 2026 01 14 19 08 41.84
0  21598.70190  11190.70675  -7778.30967   0.9676823   0.4861103   3.3638615 2026 01 14 19 09 01.84
0  21617.98921  11200.35897  -7710.99557   0.9610462   0.4791298   3.3675688 2026 01 14 19 09 21.84
0  21637.14353  11209.87174  -7643.60765   0.9543827   0.4721652   3.3712439 2026 01 14 19 09 41.84
0  21656.16430  11219.24538  -7576.14654   0.9476921   0.4652166   3.3748867 2026 01 14 19 10 01.84
0  21675.05099  11228.48021  -7508.61291   0.9409742   0.4582842   3.3784971 2026 01 14 19 10 21.84
0  21693.80305  11237.57656  -7441.00740   0.9342294   0.4513681   3.3820751 2026 01 14 19 10 41.84
0  21712.41995  11246.53474  -7373.33064   0.9274576   0.4444685   3.3856207 2026 01 14 19 11 01.84
0  21730.90114  11255.35510  -7305.58331   0.9206589   0.4375854   3.3891338 2026 01 14 19 11 21.84
0  21749.24609  11264.03797  -7237.76603   0.9138335   0.4307190   3.3926144 2026 01 14 19 11 41.84
0  21767.45427  11272.58367  -7169.87947   0.9069815   0.4238694   3.3960624 2026 01 14 19 12 01.84
0  21785.52515  11280.99256  -7101.92427   0.9001029   0.4170368   3.3994779 2026 01 14 19 12 21.84
0  21803.45818  11289.26496  -7033.90109   0.8931978   0.4102213   3.4028609 2026 01 14 19 12 41.84
0  21821.25286  11297.40122  -6965.81057   0.8862664   0.4034229   3.4062112 2026 01 14 19 13 01.84
0  21838.90864  11305.40169  -6897.65338   0.8793088   0.3966419   3.4095288 2026 01 14 19 13 21.84
0  21856.42501  11313.26672  -6829.43016   0.8723250   0.3898784   3.4128138 2026 01 14 19 13 41.84
0  21873.80144  11320.99665  -6761.14157   0.8653152   0.3831324   3.4160660 2026 01 14 19 14 01.84
0  21891.03742  11328.59184  -6692.78826   0.8582794   0.3764042   3.4192855 2026 01 14 19 14 21.84
0  21908.13243  11336.05264  -6624.37090   0.8512178   0.3696938   3.4224722 2026 01 14 19 14 41.84
0  21925.08594  11343.37941  -6555.89012   0.8441305   0.3630014   3.4256261 2026 01 14 19 15 01.84
0  21941.89746  11350.57251  -6487.34659   0.8370175   0.3563270   3.4287472 2026 01 14 19 15 21.84
0  21958.56646  11357.63232  -6418.74098   0.8298791   0.3496709   3.4318354 2026 01 14 19 15 41.84
0  21975.09244  11364.55918  -6350.07392   0.8227152   0.3430331   3.4348907 2026 01 14 19 16 01.84
0  21991.47489  11371.35347  -6281.34609   0.8155260   0.3364137   3.4379131 2026 01 14 19 16 21.84
0  22007.71330  11378.01555  -6212.55814   0.8083116   0.3298130   3.4409026 2026 01 14 19 16 41.84
0  22023.80718  11384.54581  -6143.71073   0.8010722   0.3232309   3.4438591 2026 01 14 19 17 01.84
0  22039.75601  11390.94462  -6074.80453   0.7938077   0.3166677   3.4467826 2026 01 14 19 17 21.84
0  22055.55931  11397.21235  -6005.84018   0.7865184   0.3101234   3.4496730 2026 01 14 19 17 41.84
0  22071.21658  11403.34939  -5936.81835   0.7792043   0.3035982   3.4525304 2026 01 14 19 18 01.84
0  22086.72732  11409.35612  -5867.73971   0.7718656   0.2970922   3.4553547 2026 01 14 19 18 21.84
0  22102.09104  11415.23291  -5798.60491   0.7645023   0.2906054   3.4581459 2026 01 14 19 18 41.84
0  22117.30725  11420.98017  -5729.41462   0.7571146   0.2841382   3.4609040 2026 01 14 19 19 01.84
0  22132.37546  11426.59828  -5660.16950   0.7497026   0.2776904   3.4636289 2026 01 14 19 19 21.84
0  22147.29519  11432.08763  -5590.87022   0.7422664   0.2712623   3.4663206 2026 01 14 19 19 41.84
0  22162.06596  11437.44861  -5521.51743   0.7348061   0.2648541   3.4689791 2026 01 14 19 20 01.84
0  22176.68728  11442.68163  -5452.11181   0.7273218   0.2584657   3.4716044 2026 01 14 19 20 21.84
0  22191.15868  11447.78708  -5382.65401   0.7198136   0.2520973   3.4741964 2026 01 14 19 20 41.84
0  22205.47967  11452.76537  -5313.14470   0.7122817   0.2457491   3.4767552 2026 01 14 19 21 01.84
0  22219.64980  11457.61689  -5243.58455   0.7047261   0.2394211   3.4792806 2026 01 14 19 21 21.84
0  22233.66857  11462.34206  -5173.97423   0.6971470   0.2331135   3.4817727 2026 01 14 19 21 41.84
0  22247.53553  11466.94128  -5104.31440   0.6895445   0.2268264   3.4842315 2026 01 14 19 22 01.84
0  22261.25021  11471.41496  -5034.60572   0.6819188   0.2205598   3.4866569 2026 01 14 19 22 21.84
0  22274.81215  11475.76353  -4964.84888   0.6742698   0.2143140   3.4890489 2026 01 14 19 22 41.84
0  22288.22087  11479.98738  -4895.04452   0.6665978   0.2080890   3.4914074 2026 01 14 19 23 01.84
0  22301.47592  11484.08694  -4825.19334   0.6589029   0.2018850   3.4937326 2026 01 14 19 23 21.84
0  22314.57685  11488.06263  -4755.29598   0.6511851   0.1957020   3.4960243 2026 01 14 19 23 41.84
0  22327.52320  11491.91487  -4685.35312   0.6434446   0.1895401   3.4982824 2026 01 14 19 24 01.84
0  22340.31451  11495.64409  -4615.36544   0.6356816   0.1833996   3.5005071 2026 01 14 19 24 21.84
0  22352.95034  11499.25071  -4545.33359   0.6278960   0.1772804   3.5026983 2026 01 14 19 24 41.84
0  22365.43023  11502.73517  -4475.25826   0.6200882   0.1711827   3.5048559 2026 01 14 19 25 01.84
0  22377.75374  11506.09788  -4405.14011   0.6122581   0.1651066   3.5069800 2026 01 14 19 25 21.84
0  22389.92043  11509.33929  -4334.97982   0.6044059   0.1590523   3.5090705 2026 01 14 19 25 41.84
0  22401.92986  11512.45984  -4264.77805   0.5965317   0.1530198   3.5111274 2026 01 14 19 26 01.84
0  22413.78159  11515.45995  -4194.53548   0.5886357   0.1470092   3.5131507 2026 01 14 19 26 21.84
0  22425.47518  11518.34007  -4124.25279   0.5807180   0.1410206   3.5151403 2026 01 14 19 26 41.84
0  22437.01020  11521.10064  -4053.93063   0.5727786   0.1350542   3.5170963 2026 01 14 19 27 01.84
0  22448.38622  11523.74211  -3983.56970   0.5648177   0.1291101   3.5190186 2026 01 14 19 27 21.84
0  22459.60281  11526.26491  -3913.17065   0.5568355   0.1231883   3.5209072 2026 01 14 19 27 41.84
0  22470.65954  11528.66951  -3842.73417   0.5488321   0.1172890   3.5227621 2026 01 14 19 28 01.84
0  22481.55599  11530.95634  -3772.26093   0.5408075   0.1114123   3.5245833 2026 01 14 19 28 21.84
0  22492.29174  11533.12587  -3701.75160   0.5327619   0.1055583   3.5263707 2026 01 14 19 28 41.84
0  22502.86637  11535.17855  -3631.20686   0.5246955   0.0997270   3.5281244 2026 01 14 19 29 01.84
0  22513.27947  11537.11483  -3560.62739   0.5166083   0.0939186   3.5298443 2026 01 14 19 29 21.84
0  22523.53062  11538.93517  -3490.01385   0.5085005   0.0881333   3.5315304 2026 01 14 19 29 41.84
0  22533.61940  11540.64003  -3419.36693   0.5003723   0.0823710   3.5331828 2026 01 14 19 30 01.84
0  22543.54542  11542.22988  -3348.68730   0.4922237   0.0766319   3.5348013 2026 01 14 19 30 21.84
0  22553.30827  11543.70519  -3277.97564   0.4840548   0.0709161   3.5363859 2026 01 14 19 30 41.84
0  22562.90754  11545.06641  -3207.23263   0.4758659   0.0652237   3.5379368 2026 01 14 19 31 01.84
0  22572.34283  11546.31401  -3136.45894   0.4676570   0.0595548   3.5394537 2026 01 14 19 31 21.84
0  22581.61374  11547.44848  -3065.65524   0.4594282   0.0539095   3.5409368 2026 01 14 19 31 41.84
0  22590.71988  11548.47028  -2994.82223   0.4511798   0.0482880   3.5423860 2026 01 14 19 32 01.84
0  22599.66086  11549.37988  -2923.96057   0.4429117   0.0426902   3.5438013 2026 01 14 19 32 21.84
0  22608.43628  11550.17777  -2853.07094   0.4346242   0.0371163   3.5451827 2026 01 14 19 32 41.84
0  22617.04576  11550.86442  -2782.15402   0.4263174   0.0315664   3.5465302 2026 01 14 19 33 01.84
0  22625.48892  11551.44031  -2711.21050   0.4179914   0.0260406   3.5478437 2026 01 14 19 33 21.84
0  22633.76536  11551.90593  -2640.24104   0.4096463   0.0205390   3.5491233 2026 01 14 19 33 41.84
0  22641.87471  11552.26176  -2569.24633   0.4012824   0.0150616   3.5503689 2026 01 14 19 34 01.84
0  22649.81660  11552.50829  -2498.22705   0.3928996   0.0096087   3.5515806 2026 01 14 19 34 21.84
0  22657.59064  11552.64600  -2427.18387   0.3844982   0.0041802   3.5527582 2026 01 14 19 34 41.84
0  22665.19648  11552.67539  -2356.11749   0.3760782  -0.0012237   3.5539019 2026 01 14 19 35 01.84
0  22672.63372  11552.59694  -2285.02856   0.3676399  -0.0066029   3.5550116 2026 01 14 19 35 21.84
0  22679.90202  11552.41116  -2213.91779   0.3591833  -0.0119574   3.5560872 2026 01 14 19 35 41.84
0  22687.00101  11552.11854  -2142.78584   0.3507086  -0.0172870   3.5571289 2026 01 14 19 36 01.84
0  22693.93033  11551.71958  -2071.63340   0.3422158  -0.0225917   3.5581365 2026 01 14 19 36 21.84
0  22700.68961  11551.21477  -2000.46115   0.3337053  -0.0278714   3.5591100 2026 01 14 19 36 41.84
0  22707.27850  11550.60462  -1929.26977   0.3251770  -0.0331259   3.5600496 2026 01 14 19 37 01.84
0  22713.69666  11549.88963  -1858.05993   0.3166312  -0.0383553   3.5609550 2026 01 14 19 37 21.84
0  22719.94372  11549.07031  -1786.83233   0.3080679  -0.0435593   3.5618264 2026 01 14 19 37 41.84
0  22726.01935  11548.14716  -1715.58764   0.2994873  -0.0487379   3.5626637 2026 01 14 19 38 01.84
0  22731.92319  11547.12069  -1644.32655   0.2908896  -0.0538910   3.5634670 2026 01 14 19 38 21.84
0  22737.65491  11545.99142  -1573.04973   0.2822748  -0.0590186   3.5642362 2026 01 14 19 38 41.84
0  22743.21416  11544.75985  -1501.75787   0.2736431  -0.0641205   3.5649712 2026 01 14 19 39 01.84
0  22748.60061  11543.42650  -1430.45165   0.2649947  -0.0691967   3.5656722 2026 01 14 19 39 21.84
0  22753.81393  11541.99189  -1359.13175   0.2563297  -0.0742471   3.5663391 2026 01 14 19 39 41.84
0  22758.85379  11540.45653  -1287.79885   0.2476482  -0.0792715   3.5669718 2026 01 14 19 40 01.84
0  22763.71985  11538.82094  -1216.45364   0.2389504  -0.0842699   3.5675705 2026 01 14 19 40 21.84
0  22768.41179  11537.08564  -1145.09680   0.2302363  -0.0892423   3.5681350 2026 01 14 19 40 41.84
0  22772.92930  11535.25116  -1073.72901   0.2215063  -0.0941885   3.5686654 2026 01 14 19 41 01.84
0  22777.27204  11533.31801  -1002.35095   0.2127603  -0.0991084   3.5691617 2026 01 14 19 41 21.84
0  22781.43971  11531.28673   -930.96331   0.2039985  -0.1040020   3.5696238 2026 01 14 19 41 41.84
0  22785.43198  11529.15784   -859.56676   0.1952211  -0.1088692   3.5700519 2026 01 14 19 42 01.84
0  22789.24856  11526.93188   -788.16200   0.1864283  -0.1137099   3.5704457 2026 01 14 19 42 21.84
0  22792.88912  11524.60936   -716.74970   0.1776200  -0.1185240   3.5708054 2026 01 14 19 42 41.84
0  22796.35337  11522.19083   -645.33055   0.1687966  -0.1233114   3.5711310 2026 01 14 19 43 01.84
0  22799.64100  11519.67682   -573.90523   0.1599582  -0.1280721   3.5714225 2026 01 14 19 43 21.84
0  22802.75171  11517.06787   -502.47442   0.1511048  -0.1328060   3.5716797 2026 01 14 19 43 41.84
0  22805.68521  11514.36450   -431.03880   0.1422366  -0.1375130   3.5719029 2026 01 14 19 44 01.84
0  22808.44120  11511.56726   -359.59907   0.1333538  -0.1421931   3.5720919 2026 01 14 19 44 21.84
0  22811.01938  11508.67670   -288.15590   0.1244566  -0.1468461   3.5722467 2026 01 14 19 44 41.84
0  22813.41948  11505.69334   -216.70997   0.1155450  -0.1514719   3.5723674 2026 01 14 19 45 01.84
0  22815.64121  11502.61774   -145.26197   0.1066192  -0.1560706   3.5724539 2026 01 14 19 45 21.84
0  22817.68428  11499.45044    -73.81258   0.0976793  -0.1606420   3.5725062 2026 01 14 19 45 41.84
0  22819.54842  11496.19198     -2.36248   0.0887256  -0.1651860   3.5725245 2026 01 14 19 46 01.84
0  22821.23334  11492.84292     69.08763   0.0797581  -0.1697026   3.5725085 2026 01 14 19 46 21.84
0  22822.73878  11489.40380    140.53709   0.0707769  -0.1741917   3.5724584 2026 01 14 19 46 41.84
0  22824.06446  11485.87518    211.98520   0.0617824  -0.1786533   3.5723742 2026 01 14 19 47 01.84
0  22825.21012  11482.25760    283.43129   0.0527745  -0.1830872   3.5722558 2026 01 14 19 47 21.84
0  22826.17548  11478.55162    354.87467   0.0437534  -0.1874934   3.5721032 2026 01 14 19 47 41.84
0  22826.96030  11474.75779    426.31466   0.0347193  -0.1918718   3.5719165 2026 01 14 19 48 01.84
0  22827.56431  11470.87667    497.75057   0.0256724  -0.1962223   3.5716957 2026 01 14 19 48 21.84
0  22827.98725  11466.90883    569.18172   0.0166127  -0.2005450   3.5714407 2026 01 14 19 48 41.84
0  22828.22887  11462.85481    640.60743   0.0075404  -0.2048396   3.5711516 2026 01 14 19 49 01.84
0  22828.28893  11458.71517    712.02702  -0.0015443  -0.2091062   3.5708284 2026 01 14 19 49 21.84
0  22828.16716  11454.49049    783.43980  -0.0106412  -0.2133447   3.5704710 2026 01 14 19 49 41.84
0  22827.86334  11450.18132    854.84510  -0.0197503  -0.2175549   3.5700795 2026 01 14 19 50 01.84
0  22827.37722  11445.78822    926.24222  -0.0288714  -0.2217369   3.5696539 2026 01 14 19 50 21.84
0  22826.70855  11441.31177    997.63049  -0.0380043  -0.2258906   3.5691941 2026 01 14 19 50 41.84
0  22825.85712  11436.75253   1069.00922  -0.0471489  -0.2300159   3.5687003 2026 01 14 19 51 01.84
0  22824.82267  11432.11107   1140.37773  -0.0563051  -0.2341127   3.5681723 2026 01 14 19 51 21.84
0  22823.60499  11427.38796   1211.73535  -0.0654726  -0.2381810   3.5676102 2026 01 14 19 51 41.84
0  22822.20385  11422.58377   1283.08138  -0.0746513  -0.2422208   3.5670141 2026 01 14 19 52 01.84
0  22820.61902  11417.69907   1354.41515  -0.0838411  -0.2462319   3.5663838 2026 01 14 19 52 21.84
0  22818.85029  11412.73443   1425.73597  -0.0930419  -0.2502143   3.5657195 2026 01 14 19 52 41.84
0  22816.89743  11407.69044   1497.04317  -0.1022534  -0.2541679   3.5650211 2026 01 14 19 53 01.84
0  22814.76024  11402.56765   1568.33606  -0.1114756  -0.2580927   3.5642886 2026 01 14 19 53 21.84
0  22812.43850  11397.36667   1639.61395  -0.1207082  -0.2619886   3.5635221 2026 01 14 19 53 41.84
0  22809.93201  11392.08805   1710.87618  -0.1299511  -0.2658556   3.5627215 2026 01 14 19 54 01.84
0  22807.24056  11386.73239   1782.12205  -0.1392042  -0.2696935   3.5618869 2026 01 14 19 54 21.84
0  22804.36394  11381.30025   1853.35090  -0.1484673  -0.2735025   3.5610182 2026 01 14 19 54 41.84
0  22801.30197  11375.79223   1924.56202  -0.1577403  -0.2772822   3.5601156 2026 01 14 19 55 01.84
0  22798.05444  11370.20891   1995.75476  -0.1670230  -0.2810329   3.5591789 2026 01 14 19 55 21.84
0  22794.62116  11364.55086   2066.92842  -0.1763152  -0.2847542   3.5582081 2026 01 14 19 55 41.84
0  22791.00194  11358.81868   2138.08233  -0.1856169  -0.2884464   3.5572034 2026 01 14 19 56 01.84
0  22787.19660  11353.01295   2209.21580  -0.1949278  -0.2921091   3.5561647 2026 01 14 19 56 21.84
0  22783.20494  11347.13426   2280.32816  -0.2042478  -0.2957425   3.5550921 2026 01 14 19 56 41.84
0  22779.02680  11341.18320   2351.41872  -0.2135767  -0.2993464   3.5539854 2026 01 14 19 57 01.84
0  22774.66200  11335.16035   2422.48682  -0.2229144  -0.3029209   3.5528448 2026 01 14 19 57 21.84
0  22770.11035  11329.06631   2493.53176  -0.2322607  -0.3064657   3.5516703 2026 01 14 19 57 41.84
0  22765.37170  11322.90167   2564.55287  -0.2416155  -0.3099810   3.5504618 2026 01 14 19 58 01.84
0  22760.44586  11316.66702   2635.54948  -0.2509786  -0.3134667   3.5492194 2026 01 14 19 58 21.84
0  22755.33269  11310.36295   2706.52089  -0.2603499  -0.3169226   3.5479431 2026 01 14 19 58 41.84
0  22750.03200  11303.99007   2777.46645  -0.2697292  -0.3203488   3.5466329 2026 01 14 19 59 01.84
0  22744.54366  11297.54895   2848.38546  -0.2791163  -0.3237452   3.5452889 2026 01 14 19 59 21.84
0  22738.86749  11291.04021   2919.27725  -0.2885112  -0.3271117   3.5439109 2026 01 14 19 59 41.84
0  22733.00335  11284.46444   2990.14114  -0.2979135  -0.3304484   3.5424991 2026 01 14 20 00 01.84
0  22726.95109  11277.82223   3060.97646  -0.3073233  -0.3337551   3.5410535 2026 01 14 20 00 21.84
0  22720.71057  11271.11419   3131.78253  -0.3167403  -0.3370318   3.5395740 2026 01 14 20 00 41.84
0  22714.28163  11264.34091   3202.55867  -0.3261643  -0.3402785   3.5380608 2026 01 14 20 01 01.84
0  22707.66415  11257.50300   3273.30421  -0.3355953  -0.3434952   3.5365137 2026 01 14 20 01 21.84
0  22700.85798  11250.60106   3344.01847  -0.3450330  -0.3466817   3.5349329 2026 01 14 20 01 41.84
0  22693.86299  11243.63569   3414.70077  -0.3544773  -0.3498380   3.5333182 2026 01 14 20 02 01.84
0  22686.67905  11236.60749   3485.35045  -0.3639280  -0.3529642   3.5316699 2026 01 14 20 02 21.84
0  22679.30603  11229.51708   3555.96682  -0.3733851  -0.3560601   3.5299878 2026 01 14 20 02 41.84
0  22671.74381  11222.36505   3626.54921  -0.3828482  -0.3591258   3.5282720 2026 01 14 20 03 01.84
0  22663.99227  11215.15200   3697.09695  -0.3923173  -0.3621611   3.5265224 2026 01 14 20 03 21.84
0  22656.05129  11207.87856   3767.60936  -0.4017923  -0.3651660   3.5247392 2026 01 14 20 03 41.84
0  22647.92076  11200.54532   3838.08577  -0.4112728  -0.3681406   3.5229224 2026 01 14 20 04 01.84
0  22639.60055  11193.15290   3908.52551  -0.4207589  -0.3710847   3.5210719 2026 01 14 20 04 21.84
0  22631.09058  11185.70189   3978.92790  -0.4302503  -0.3739983   3.5191877 2026 01 14 20 04 41.84
0  22622.39073  11178.19292   4049.29227  -0.4397469  -0.3768815   3.5172700 2026 01 14 20 05 01.84
0  22613.50089  11170.62660   4119.61795  -0.4492484  -0.3797340   3.5153186 2026 01 14 20 05 21.84
0  22604.42098  11163.00352   4189.90427  -0.4587549  -0.3825560   3.5133337 2026 01 14 20 05 41.84
0  22595.15089  11155.32432   4260.15056  -0.4682660  -0.3853474   3.5113153 2026 01 14 20 06 01.84
0  22585.69053  11147.58959   4330.35614  -0.4777817  -0.3881081   3.5092633 2026 01 14 20 06 21.84
0  22576.03981  11139.79995   4400.52035  -0.4873017  -0.3908382   3.5071777 2026 01 14 20 06 41.84
0  22566.19866  11131.95603   4470.64251  -0.4968260  -0.3935375   3.5050587 2026 01 14 20 07 01.84
0  22556.16698  11124.05842   4540.72195  -0.5063543  -0.3962060   3.5029062 2026 01 14 20 07 21.84
0  22545.94469  11116.10775   4610.75802  -0.5158865  -0.3988438   3.5007203 2026 01 14 20 07 41.84
0  22535.53172  11108.10463   4680.75003  -0.5254225  -0.4014508   3.4985009 2026 01 14 20 08 01.84
0  22524.92800  11100.04968   4750.69731  -0.5349620  -0.4040269   3.4962482 2026 01 14 20 08 21.84
0  22514.13345  11091.94352   4820.59921  -0.5445050  -0.4065722   3.4939620 2026 01 14 20 08 41.84
0  22503.14801  11083.78676   4890.45506  -0.5540512  -0.4090866   3.4916425 2026 01 14 20 09 01.84
0  22491.97162  11075.58002   4960.26418  -0.5636005  -0.4115700   3.4892896 2026 01 14 20 09 21.84
0  22480.60421  11067.32392   5030.02590  -0.5731527  -0.4140225   3.4869034 2026 01 14 20 09 41.84
0  22469.04574  11059.01908   5099.73958  -0.5827077  -0.4164440   3.4844839 2026 01 14 20 10 01.84
0  22457.29613  11050.66613   5169.40453  -0.5922654  -0.4188345   3.4820312 2026 01 14 20 10 21.84
0  22445.35535  11042.26567   5239.02009  -0.6018254  -0.4211940   3.4795452 2026 01 14 20 10 41.84
0  22433.22334  11033.81833   5308.58560  -0.6113878  -0.4235225   3.4770259 2026 01 14 20 11 01.84
0  22420.90007  11025.32474   5378.10039  -0.6209523  -0.4258198   3.4744735 2026 01 14 20 11 21.84
0  22408.38548  11016.78551   5447.56381  -0.6305188  -0.4280861   3.4718879 2026 01 14 20 11 41.84
0  22395.67955  11008.20127   5516.97518  -0.6400871  -0.4303212   3.4692691 2026 01 14 20 12 01.84
0  22382.78224  10999.57263   5586.33384  -0.6496570  -0.4325252   3.4666172 2026 01 14 20 12 21.84
0  22369.69352  10990.90023   5655.63914  -0.6592285  -0.4346980   3.4639322 2026 01 14 20 12 41.84
0  22356.41335  10982.18468   5724.89040  -0.6688012  -0.4368396   3.4612142 2026 01 14 20 13 01.84
0  22342.94171  10973.42661   5794.08698  -0.6783751  -0.4389501   3.4584631 2026 01 14 20 13 21.84
0  22329.27859  10964.62665   5863.22820  -0.6879501  -0.4410293   3.4556789 2026 01 14 20 13 41.84
0  22315.42397  10955.78541   5932.31341  -0.6975258  -0.4430773   3.4528618 2026 01 14 20 14 01.84
0  22301.37782  10946.90353   6001.34194  -0.7071023  -0.4450940   3.4500117 2026 01 14 20 14 21.84
0  22287.14013  10937.98162   6070.31315  -0.7166792  -0.4470795   3.4471287 2026 01 14 20 14 41.84
0  22272.71091  10929.02032   6139.22637  -0.7262566  -0.4490336   3.4442127 2026 01 14 20 15 01.84
0  22258.09014  10920.02025   6208.08094  -0.7358341  -0.4509565   3.4412639 2026 01 14 20 15 21.84
0  22243.27781  10910.98203   6276.87620  -0.7454116  -0.4528480   3.4382822 2026 01 14 20 15 41.84
0  22228.27394  10901.90630   6345.61150  -0.7549890  -0.4547083   3.4352677 2026 01 14 20 16 01.84
0  22213.07852  10892.79367   6414.28619  -0.7645662  -0.4565371   3.4322204 2026 01 14 20 16 21.84
0  22197.69157  10883.64479   6482.89960  -0.7741429  -0.4583347   3.4291403 2026 01 14 20 16 41.84
0  22182.11308  10874.46026   6551.45108  -0.7837189  -0.4601008   3.4260275 2026 01 14 20 17 01.84
0  22166.34309  10865.24073   6619.93998  -0.7932942  -0.4618356   3.4228820 2026 01 14 20 17 21.84
0  22150.38160  10855.98681   6688.36565  -0.8028686  -0.4635390   3.4197038 2026 01 14 20 17 41.84
0  22134.22863  10846.69914   6756.72742  -0.8124418  -0.4652110   3.4164929 2026 01 14 20 18 01.84
0  22117.88421  10837.37835   6825.02465  -0.8220138  -0.4668515   3.4132495 2026 01 14 20 18 21.84
0  22101.34837  10828.02505   6893.25668  -0.8315844  -0.4684607   3.4099734 2026 01 14 20 18 41.84
0  22084.62113  10818.63989   6961.42287  -0.8411534  -0.4700385   3.4066648 2026 01 14 20 19 01.84
0  22067.70253  10809.22349   7029.52256  -0.8507206  -0.4715848   3.4033237 2026 01 14 20 19 21.84
0  22050.59260  10799.77648   7097.55511  -0.8602859  -0.4730997   3.3999501 2026 01 14 20 19 41.84
0  22033.29139  10790.29948   7165.51986  -0.8698492  -0.4745831   3.3965440 2026 01 14 20 20 01.84
0  22015.79894  10780.79313   7233.41616  -0.8794102  -0.4760351   3.3931055 2026 01 14 20 20 21.84
0  21998.11529  10771.25805   7301.24337  -0.8889688  -0.4774557   3.3896346 2026 01 14 20 20 41.84
0  21980.24049  10761.69487   7369.00083  -0.8985249  -0.4788448   3.3861313 2026 01 14 20 21 01.84
0  21962.17460  10752.10423   7436.68791  -0.9080783  -0.4802025   3.3825958 2026 01 14 20 21 21.84
0  21943.91767  10742.48675   7504.30396  -0.9176287  -0.4815287   3.3790279 2026 01 14 20 21 41.84
0  21925.46977  10732.84306   7571.84832  -0.9271762  -0.4828234   3.3754277 2026 01 14 20 22 01.84
0  21906.83095  10723.17379   7639.32036  -0.9367204  -0.4840867   3.3717954 2026 01 14 20 22 21.84
0  21888.00127  10713.47957   7706.71944  -0.9462612  -0.4853186   3.3681309 2026 01 14 20 22 41.84
0  21868.98082  10703.76102   7774.04490  -0.9557985  -0.4865190   3.3644342 2026 01 14 20 23 01.84
0  21849.76966  10694.01879   7841.29610  -0.9653322  -0.4876879   3.3607054 2026 01 14 20 23 21.84
0  21830.36786  10684.25348   7908.47241  -0.9748620  -0.4888254   3.3569445 2026 01 14 20 23 41.84
0  21810.77551  10674.46574   7975.57318  -0.9843877  -0.4899315   3.3531515 2026 01 14 20 24 01.84
0  21790.99269  10664.65620   8042.59777  -0.9939093  -0.4910061   3.3493266 2026 01 14 20 24 21.84
0  21771.01947  10654.82548   8109.54555  -1.0034266  -0.4920493   3.3454697 2026 01 14 20 24 41.84
0  21750.85596  10644.97421   8176.41586  -1.0129393  -0.4930610   3.3415808 2026 01 14 20 25 01.84
0  21730.50224  10635.10301   8243.20809  -1.0224474  -0.4940413   3.3376600 2026 01 14 20 25 21.84
0  21709.95841  10625.21253   8309.92157  -1.0319507  -0.4949902   3.3337074 2026 01 14 20 25 41.84
0  21689.22456  10615.30338   8376.55569  -1.0414489  -0.4959077   3.3297230 2026 01 14 20 26 01.84
0  21668.30080  10605.37620   8443.10980  -1.0509421  -0.4967938   3.3257068 2026 01 14 20 26 21.84
0  21647.18723  10595.43161   8509.58327  -1.0604299  -0.4976485   3.3216588 2026 01 14 20 26 41.84
0  21625.88396  10585.47023   8575.97546  -1.0699123  -0.4984719   3.3175791 2026 01 14 20 27 01.84
0  21604.39110  10575.49271   8642.28575  -1.0793890  -0.4992638   3.3134678 2026 01 14 20 27 21.84
0  21582.70876  10565.49966   8708.51349  -1.0888599  -0.5000244   3.3093248 2026 01 14 20 27 41.84
0  21560.83706  10555.49171   8774.65805  -1.0983249  -0.5007536   3.3051502 2026 01 14 20 28 01.84
0  21538.77612  10545.46949   8840.71881  -1.1077838  -0.5014515   3.3009441 2026 01 14 20 28 21.84
0  21516.52607  10535.43363   8906.69514  -1.1172364  -0.5021181   3.2967065 2026 01 14 20 28 41.84
0  21494.08704  10525.38474   8972.58639  -1.1266826  -0.5027534   3.2924374 2026 01 14 20 29 01.84
0  21471.45914  10515.32347   9038.39195  -1.1361221  -0.5033574   3.2881369 2026 01 14 20 29 21.84
0  21448.64252  10505.25042   9104.11119  -1.1455549  -0.5039301   3.2838050 2026 01 14 20 29 41.84
0  21425.63732  10495.16624   9169.74347  -1.1549808  -0.5044715   3.2794417 2026 01 14 20 30 01.84
0  21402.44367  10485.07154   9235.28818  -1.1643997  -0.5049817   3.2750471 2026 01 14 20 30 21.84
0  21379.06171  10474.96695   9300.74468  -1.1738112  -0.5054607   3.2706213 2026 01 14 20 30 41.84
0  21355.49160  10464.85309   9366.11235  -1.1832154  -0.5059084   3.2661643 2026 01 14 20 31 01.84
0  21331.73348  10454.73059   9431.39057  -1.1926121  -0.5063250   3.2616760 2026 01 14 20 31 21.84
0  21307.78751  10444.60007   9496.57872  -1.2020010  -0.5067103   3.2571567 2026 01 14 20 31 41.84
0  21283.65383  10434.46216   9561.67617  -1.2113820  -0.5070646   3.2526062 2026 01 14 20 32 01.84
0  21259.33262  10424.31747   9626.68230  -1.2207550  -0.5073877   3.2480247 2026 01 14 20 32 21.84
0  21234.82403  10414.16663   9691.59649  -1.2301198  -0.5076797   3.2434122 2026 01 14 20 32 41.84
0  21210.12823  10404.01026   9756.41812  -1.2394762  -0.5079406   3.2387687 2026 01 14 20 33 01.84
0  21185.24538  10393.84898   9821.14657  -1.2488242  -0.5081704   3.2340944 2026 01 14 20 33 21.84
0  21160.17566  10383.68342   9885.78123  -1.2581634  -0.5083692   3.2293891 2026 01 14 20 33 41.84
0  21134.91925  10373.51419   9950.32147  -1.2674938  -0.5085370   3.2246530 2026 01 14 20 34 01.84
0  21109.47632  10363.34192  10014.76669  -1.2768153  -0.5086737   3.2198862 2026 01 14 20 34 21.84
0  21083.84705  10353.16722  10079.11626  -1.2861275  -0.5087796   3.2150886 2026 01 14 20 34 41.84
0  21058.03163  10342.99071  10143.36957  -1.2954305  -0.5088544   3.2102603 2026 01 14 20 35 01.84
0  21032.03024  10332.81301  10207.52601  -1.3047240  -0.5088984   3.2054013 2026 01 14 20 35 21.84
0  21005.84309  10322.63475  10271.58496  -1.3140078  -0.5089115   3.2005118 2026 01 14 20 35 41.84
0  20979.47035  10312.45653  10335.54582  -1.3232819  -0.5088937   3.1955917 2026 01 14 20 36 01.84
0  20952.91223  10302.27898  10399.40798  -1.3325460  -0.5088451   3.1906411 2026 01 14 20 36 21.84
0  20926.16893  10292.10270  10463.17082  -1.3418001  -0.5087657   3.1856601 2026 01 14 20 36 41.84
0  20899.24065  10281.92832  10526.83373  -1.3510438  -0.5086556   3.1806486 2026 01 14 20 37 01.84
0  20872.12761  10271.75645  10590.39611  -1.3602772  -0.5085147   3.1756068 2026 01 14 20 37 21.84
0  20844.83000  10261.58771  10653.85735  -1.3695000  -0.5083431   3.1705346 2026 01 14 20 37 41.84
0  20817.34804  10251.42271  10717.21684  -1.3787120  -0.5081408   3.1654322 2026 01 14 20 38 01.84
0  20789.68195  10241.26205  10780.47399  -1.3879132  -0.5079079   3.1602996 2026 01 14 20 38 21.84
0  20761.83195  10231.10636  10843.62818  -1.3971033  -0.5076444   3.1551368 2026 01 14 20 38 41.84
0  20733.79826  10220.95625  10906.67882  -1.4062822  -0.5073503   3.1499439 2026 01 14 20 39 01.84
0  20705.58111  10210.81233  10969.62530  -1.4154497  -0.5070257   3.1447209 2026 01 14 20 39 21.84
0  20677.18072  10200.67520  11032.46701  -1.4246057  -0.5066706   3.1394679 2026 01 14 20 39 41.84
0  20648.59733  10190.54548  11095.20337  -1.4337501  -0.5062850   3.1341849 2026 01 14 20 40 01.84
0  20619.83116  10180.42377  11157.83377  -1.4428826  -0.5058690   3.1288721 2026 01 14 20 40 21.84
0  20590.88247  10170.31069  11220.35762  -1.4520032  -0.5054227   3.1235293 2026 01 14 20 40 41.84
0  20561.75149  10160.20684  11282.77431  -1.4611116  -0.5049459   3.1181567 2026 01 14 20 41 01.84
0  20532.43847  10150.11282  11345.08325  -1.4702077  -0.5044389   3.1127544 2026 01 14 20 41 21.84
0  20502.94365  10140.02925  11407.28385  -1.4792913  -0.5039016   3.1073223 2026 01 14 20 41 41.84
0  20473.26728  10129.95673  11469.37551  -1.4883624  -0.5033341   3.1018605 2026 01 14 20 42 01.84
0  20443.40961  10119.89586  11531.35764  -1.4974207  -0.5027364   3.0963692 2026 01 14 20 42 21.84
0  20413.37092  10109.84725  11593.22965  -1.5064660  -0.5021086   3.0908483 2026 01 14 20 42 41.84
0  20383.15144  10099.81149  11654.99094  -1.5154983  -0.5014506   3.0852979 2026 01 14 20 43 01.84
0  20352.75145  10089.78919  11716.64094  -1.5245174  -0.5007626   3.0797180 2026 01 14 20 43 21.84
0  20322.17122  10079.78096  11778.17904  -1.5335231  -0.5000446   3.0741087 2026 01 14 20 43 41.84
0  20291.41100  10069.78738  11839.60466  -1.5425153  -0.4992967   3.0684701 2026 01 14 20 44 01.84
0  20260.47108  10059.80906  11900.91722  -1.5514938  -0.4985188   3.0628022 2026 01 14 20 44 21.84
0  20229.35173  10049.84660  11962.11613  -1.5604584  -0.4977110   3.0571050 2026 01 14 20 44 41.84
0  20198.05323  10039.90059  12023.20080  -1.5694091  -0.4968734   3.0513787 2026 01 14 20 45 01.84
0  20166.57585  10029.97163  12084.17066  -1.5783456  -0.4960060   3.0456232 2026 01 14 20 45 21.84
0  20134.91989  10020.06032  12145.02511  -1.5872678  -0.4951089   3.0398386 2026 01 14 20 45 41.84
0  20103.08563  10010.16724  12205.76359  -1.5961756  -0.4941821   3.0340250 2026 01 14 20 46 01.84
0  20071.07336  10000.29300  12266.38550  -1.6050687  -0.4932257   3.0281825 2026 01 14 20 46 21.84
0  20038.88337   9990.43818  12326.89028  -1.6139472  -0.4922397   3.0223110 2026 01 14 20 46 41.84
0  20006.51597   9980.60338  12387.27733  -1.6228107  -0.4912242   3.0164107 2026 01 14 20 47 01.84
0  19973.97145   9970.78918  12447.54609  -1.6316591  -0.4901792   3.0104816 2026 01 14 20 47 21.84
0  19941.25010   9960.99618  12507.69599  -1.6404924  -0.4891047   3.0045237 2026 01 14 20 47 41.84
0  19908.35225   9951.22496  12567.72644  -1.6493103  -0.4880009   2.9985371 2026 01 14 20 48 01.84
0  19875.27820   9941.47611  12627.63687  -1.6581127  -0.4868678   2.9925219 2026 01 14 20 48 21.84
0  19842.02825   9931.75021  12687.42671  -1.6668994  -0.4857054   2.9864782 2026 01 14 20 48 41.84
0  19808.60273   9922.04786  12747.09540  -1.6756703  -0.4845137   2.9804059 2026 01 14 20 49 01.84
0  19775.00195   9912.36963  12806.64235  -1.6844253  -0.4832930   2.9743052 2026 01 14 20 49 21.84
0  19741.22623   9902.71610  12866.06700  -1.6931641  -0.4820431   2.9681760 2026 01 14 20 49 41.84
0  19707.27590   9893.08787  12925.36879  -1.7018868  -0.4807642   2.9620185 2026 01 14 20 50 01.84
0  19673.15128   9883.48550  12984.54715  -1.7105930  -0.4794562   2.9558328 2026 01 14 20 50 21.84
0  19638.85270   9873.90958  13043.60151  -1.7192826  -0.4781194   2.9496188 2026 01 14 20 50 41.84
0  19604.38049   9864.36069  13102.53131  -1.7279556  -0.4767537   2.9433766 2026 01 14 20 51 01.84
0  19569.73500   9854.83940  13161.33598  -1.7366117  -0.4753592   2.9371063 2026 01 14 20 51 21.84
0  19534.91655   9845.34628  13220.01497  -1.7452508  -0.4739359   2.9308080 2026 01 14 20 51 41.84
0  19499.92550   9835.88192  13278.56772  -1.7538727  -0.4724839   2.9244817 2026 01 14 20 52 01.84
0  19464.76217   9826.44689  13336.99365  -1.7624774  -0.4710033   2.9181275 2026 01 14 20 52 21.84
0  19429.42693   9817.04175  13395.29223  -1.7710646  -0.4694942   2.9117454 2026 01 14 20 52 41.84
0  19393.92012   9807.66708  13453.46289  -1.7796343  -0.4679565   2.9053354 2026 01 14 20 53 01.84
0  19358.24210   9798.32345  13511.50507  -1.7881862  -0.4663904   2.8988978 2026 01 14 20 53 21.84
0  19322.39321   9789.01142  13569.41822  -1.7967203  -0.4647959   2.8924324 2026 01 14 20 53 41.84
0  19286.37383   9779.73157  13627.20179  -1.8052363  -0.4631731   2.8859395 2026 01 14 20 54 01.84
0  19250.18430   9770.48446  13684.85522  -1.8137341  -0.4615221   2.8794189 2026 01 14 20 54 21.84
0  19213.82500   9761.27065  13742.37797  -1.8222137  -0.4598428   2.8728709 2026 01 14 20 54 41.84
0  19177.29630   9752.09070  13799.76948  -1.8306748  -0.4581355   2.8662954 2026 01 14 20 55 01.84
0  19140.59856   9742.94518  13857.02922  -1.8391173  -0.4564001   2.8596926 2026 01 14 20 55 21.84
0  19103.73216   9733.83465  13914.15662  -1.8475410  -0.4546367   2.8530624 2026 01 14 20 55 41.84
0  19066.69747   9724.75967  13971.15114  -1.8559459  -0.4528454   2.8464050 2026 01 14 20 56 01.84
0  19029.49488   9715.72079  14028.01225  -1.8643317  -0.4510263   2.8397204 2026 01 14 20 56 21.84
0  18992.12476   9706.71857  14084.73939  -1.8726984  -0.4491794   2.8330087 2026 01 14 20 56 41.84
0  18954.58750   9697.75357  14141.33203  -1.8810457  -0.4473048   2.8262699 2026 01 14 20 57 01.84
0  18916.88349   9688.82634  14197.78963  -1.8893736  -0.4454025   2.8195041 2026 01 14 20 57 21.84
0  18879.01312   9679.93742  14254.11164  -1.8976819  -0.4434727   2.8127114 2026 01 14 20 57 41.84
0  18840.97678   9671.08738  14310.29752  -1.9059704  -0.4415154   2.8058918 2026 01 14 20 58 01.84
0  18802.77487   9662.27676  14366.34675  -1.9142391  -0.4395307   2.7990454 2026 01 14 20 58 21.84
0  18764.40778   9653.50610  14422.25878  -1.9224878  -0.4375186   2.7921722 2026 01 14 20 58 41.84
0  18725.87593   9644.77596  14478.03309  -1.9307162  -0.4354793   2.7852724 2026 01 14 20 59 01.84
0  18687.17971   9636.08688  14533.66913  -1.9389244  -0.4334128   2.7783460 2026 01 14 20 59 21.84
0  18648.31953   9627.43940  14589.16638  -1.9471121  -0.4313191   2.7713931 2026 01 14 20 59 41.84
0  18609.29580   9618.83407  14644.52431  -1.9552793  -0.4291984   2.7644136 2026 01 14 21 00 01.84
0  18570.10893   9610.27142  14699.74238  -1.9634257  -0.4270508   2.7574078 2026 01 14 21 00 21.84
0  18530.75935   9601.75199  14754.82007  -1.9715513  -0.4248762   2.7503756 2026 01 14 21 00 41.84
0  18491.24746   9593.27632  14809.75686  -1.9796559  -0.4226748   2.7433171 2026 01 14 21 01 01.84
0  18451.57370   9584.84494  14864.55222  -1.9877393  -0.4204467   2.7362324 2026 01 14 21 01 21.84
0  18411.73848   9576.45839  14919.20562  -1.9958015  -0.4181919   2.7291216 2026 01 14 21 01 41.84
0  18371.74223   9568.11721  14973.71654  -2.0038423  -0.4159106   2.7219847 2026 01 14 21 02 01.84
0  18331.58538   9559.82192  15028.08447  -2.0118615  -0.4136027   2.7148218 2026 01 14 21 02 21.84
0  18291.26836   9551.57305  15082.30888  -2.0198590  -0.4112684   2.7076330 2026 01 14 21 02 41.84
0  18250.79161   9543.37112  15136.38926  -2.0278347  -0.4089078   2.7004182 2026 01 14 21 03 01.84
0  18210.15557   9535.21668  15190.32508  -2.0357885  -0.4065210   2.6931777 2026 01 14 21 03 21.84
0  18169.36067   9527.11023  15244.11584  -2.0437201  -0.4041079   2.6859115 2026 01 14 21 03 41.84
0  18128.40736   9519.05230  15297.76101  -2.0516296  -0.4016688   2.6786195 2026 01 14 21 04 01.84
0  18087.29608   9511.04342  15351.26009  -2.0595167  -0.3992036   2.6713020 2026 01 14 21 04 21.84
0  18046.02729   9503.08410  15404.61257  -2.0673813  -0.3967126   2.6639589 2026 01 14 21 04 41.84
0  18004.60144   9495.17486  15457.81793  -2.0752232  -0.3941957   2.6565904 2026 01 14 21 05 01.84
0  17963.01897   9487.31621  15510.87567  -2.0830425  -0.3916530   2.6491965 2026 01 14 21 05 21.84
0  17921.28035   9479.50867  15563.78527  -2.0908388  -0.3890847   2.6417773 2026 01 14 21 05 41.84
0  17879.38603   9471.75276  15616.54624  -2.0986121  -0.3864908   2.6343328 2026 01 14 21 06 01.84
0  17837.33648   9464.04898  15669.15807  -2.1063622  -0.3838714   2.6268632 2026 01 14 21 06 21.84
0  17795.13215   9456.39784  15721.62025  -2.1140891  -0.3812265   2.6193684 2026 01 14 21 06 41.84
0  17752.77353   9448.79986  15773.93229  -2.1217925  -0.3785564   2.6118486 2026 01 14 21 07 01.84
0  17710.26107   9441.25552  15826.09369  -2.1294724  -0.3758610   2.6043039 2026 01 14 21 07 21.84
0  17667.59525   9433.76535  15878.10394  -2.1371287  -0.3731405   2.5967342 2026 01 14 21 07 41.84
0  17624.77654   9426.32984  15929.96255  -2.1447611  -0.3703950   2.5891397 2026 01 14 21 08 01.84
0  17581.80543   9418.94948  15981.66903  -2.1523695  -0.3676244   2.5815205 2026 01 14 21 08 21.84
0  17538.68239   9411.62479  16033.22287  -2.1599540  -0.3648290   2.5738766 2026 01 14 21 08 41.84
0  17495.40790   9404.35625  16084.62359  -2.1675142  -0.3620089   2.5662081 2026 01 14 21 09 01.84
0  17451.98245   9397.14437  16135.87069  -2.1750501  -0.3591640   2.5585150 2026 01 14 21 09 21.84
0  17408.40652   9389.98963  16186.96369  -2.1825615  -0.3562945   2.5507975 2026 01 14 21 09 41.84
0  17364.68062   9382.89252  16237.90210  -2.1900484  -0.3534006   2.5430556 2026 01 14 21 10 01.84
0  17320.80522   9375.85353  16288.68542  -2.1975106  -0.3504822   2.5352894 2026 01 14 21 10 21.84
0  17276.78083   9368.87316  16339.31318  -2.2049479  -0.3475395   2.5274989 2026 01 14 21 10 41.84
0  17232.60794   9361.95188  16389.78489  -2.2123603  -0.3445726   2.5196843 2026 01 14 21 11 01.84
0  17188.28706   9355.09018  16440.10007  -2.2197476  -0.3415815   2.5118456 2026 01 14 21 11 21.84
0  17143.81868   9348.28855  16490.25823  -2.2271097  -0.3385665   2.5039829 2026 01 14 21 11 41.84
0  17099.20331   9341.54745  16540.25890  -2.2344465  -0.3355275   2.4960962 2026 01 14 21 12 01.84
0  17054.44146   9334.86737  16590.10160  -2.2417579  -0.3324646   2.4881857 2026 01 14 21 12 21.84
0  17009.53364   9328.24879  16639.78585  -2.2490436  -0.3293781   2.4802513 2026 01 14 21 12 41.84
0  16964.48036   9321.69217  16689.31117  -2.2563037  -0.3262678   2.4722933 2026 01 14 21 13 01.84
0  16919.28214   9315.19800  16738.67710  -2.2635379  -0.3231341   2.4643116 2026 01 14 21 13 21.84
0  16873.93949   9308.76673  16787.88316  -2.2707462  -0.3199769   2.4563063 2026 01 14 21 13 41.84
0  16828.45294   9302.39884  16836.92888  -2.2779284  -0.3167963   2.4482775 2026 01 14 21 14 01.84
0  16782.82301   9296.09480  16885.81379  -2.2850845  -0.3135925   2.4402253 2026 01 14 21 14 21.84
0  16737.05022   9289.85506  16934.53742  -2.2922142  -0.3103656   2.4321498 2026 01 14 21 14 41.84
0  16691.13510   9283.68009  16983.09931  -2.2993175  -0.3071156   2.4240510 2026 01 14 21 15 01.84
0  16645.07818   9277.57035  17031.49900  -2.3063943  -0.3038427   2.4159291 2026 01 14 21 15 21.84
0  16598.87999   9271.52630  17079.73601  -2.3134444  -0.3005469   2.4077840 2026 01 14 21 15 41.84
0  16552.54106   9265.54839  17127.80990  -2.3204677  -0.2972285   2.3996159 2026 01 14 21 16 01.84
0  16506.06194   9259.63708  17175.72019  -2.3274642  -0.2938873   2.3914248 2026 01 14 21 16 21.84
0  16459.44316   9253.79281  17223.46643  -2.3344336  -0.2905237   2.3832108 2026 01 14 21 16 41.84
0  16412.68526   9248.01605  17271.04816  -2.3413759  -0.2871376   2.3749741 2026 01 14 21 17 01.84
0  16365.78879   9242.30722  17318.46494  -2.3482909  -0.2837292   2.3667146 2026 01 14 21 17 21.84
0  16318.75429   9236.66679  17365.71629  -2.3551786  -0.2802986   2.3584325 2026 01 14 21 17 41.84
0  16271.58232   9231.09519  17412.80178  -2.3620387  -0.2768458   2.3501278 2026 01 14 21 18 01.84
0  16224.27342   9225.59287  17459.72096  -2.3688713  -0.2733711   2.3418006 2026 01 14 21 18 21.84
0  16176.82814   9220.16026  17506.47336  -2.3756762  -0.2698745   2.3334510 2026 01 14 21 18 41.84
0  16129.24705   9214.79780  17553.05855  -2.3824532  -0.2663561   2.3250791 2026 01 14 21 19 01.84
0  16081.53069   9209.50592  17599.47608  -2.3892023  -0.2628160   2.3166849 2026 01 14 21 19 21.84
0  16033.67963   9204.28507  17645.72551  -2.3959234  -0.2592543   2.3082686 2026 01 14 21 19 41.84
0  15985.69443   9199.13566  17691.80639  -2.4026163  -0.2556712   2.2998301 2026 01 14 21 20 01.84
0  15937.57566   9194.05812  17737.71828  -2.4092809  -0.2520667   2.2913697 2026 01 14 21 20 21.84
0  15889.32388   9189.05289  17783.46074  -2.4159171  -0.2484410   2.2828873 2026 01 14 21 20 41.84
0  15840.93966   9184.12039  17829.03333  -2.4225248  -0.2447941   2.2743831 2026 01 14 21 21 01.84
0  15792.42358   9179.26103  17874.43563  -2.4291039  -0.2411262   2.2658571 2026 01 14 21 21 21.84
0  15743.77619   9174.47524  17919.66719  -2.4356543  -0.2374374   2.2573094 2026 01 14 21 21 41.84
0  15694.99809   9169.76344  17964.72758  -2.4421759  -0.2337278   2.2487401 2026 01 14 21 22 01.84
0  15646.08985   9165.12603  18009.61637  -2.4486685  -0.2299975   2.2401492 2026 01 14 21 22 21.84
0  15597.05204   9160.56344  18054.33312  -2.4551321  -0.2262466   2.2315370 2026 01 14 21 22 41.84
0  15547.88526   9156.07607  18098.87742  -2.4615665  -0.2224752   2.2229033 2026 01 14 21 23 01.84
0  15498.59007   9151.66433  18143.24884  -2.4679717  -0.2186835   2.2142484 2026 01 14 21 23 21.84
0  15449.16708   9147.32862  18187.44694  -2.4743475  -0.2148716   2.2055723 2026 01 14 21 23 41.84
0  15399.61687   9143.06936  18231.47131  -2.4806939  -0.2110396   2.1968750 2026 01 14 21 24 01.84
0  15349.94003   9138.88693  18275.32153  -2.4870106  -0.2071875   2.1881567 2026 01 14 21 24 21.84
0  15300.13715   9134.78175  18318.99717  -2.4932977  -0.2033155   2.1794175 2026 01 14 21 24 41.84
0  15250.20882   9130.75421  18362.49782  -2.4995550  -0.1994238   2.1706574 2026 01 14 21 25 01.84
0  15200.15565   9126.80469  18405.82306  -2.5057824  -0.1955124   2.1618765 2026 01 14 21 25 21.84
0  15149.97823   9122.93360  18448.97247  -2.5119798  -0.1915814   2.1530748 2026 01 14 21 25 41.84
0  15099.67717   9119.14132  18491.94565  -2.5181471  -0.1876311   2.1442526 2026 01 14 21 26 01.84
0  15049.25306   9115.42825  18534.74217  -2.5242842  -0.1836614   2.1354098 2026 01 14 21 26 21.84
0  14998.70651   9111.79476  18577.36164  -2.5303910  -0.1796725   2.1265466 2026 01 14 21 26 41.84
0  14948.03813   9108.24124  18619.80364  -2.5364674  -0.1756646   2.1176630 2026 01 14 21 27 01.84
0  14897.24852   9104.76806  18662.06776  -2.5425133  -0.1716377   2.1087591 2026 01 14 21 27 21.84
0  14846.33831   9101.37561  18704.15361  -2.5485286  -0.1675919   2.0998350 2026 01 14 21 27 41.84
0  14795.30809   9098.06427  18746.06077  -2.5545132  -0.1635275   2.0908908 2026 01 14 21 28 01.84
0  14744.15850   9094.83440  18787.78885  -2.5604670  -0.1594444   2.0819265 2026 01 14 21 28 21.84
0  14692.89013   9091.68638  18829.33744  -2.5663899  -0.1553429   2.0729423 2026 01 14 21 28 41.84
0  14641.50362   9088.62057  18870.70616  -2.5722818  -0.1512230   2.0639383 2026 01 14 21 29 01.84
0  14589.99958   9085.63734  18911.89459  -2.5781426  -0.1470849   2.0549144 2026 01 14 21 29 21.84
0  14538.37864   9082.73705  18952.90235  -2.5839722  -0.1429287   2.0458709 2026 01 14 21 29 41.84
0  14486.64141   9079.92007  18993.72905  -2.5897705  -0.1387544   2.0368077 2026 01 14 21 30 01.84
0  14434.78854   9077.18675  19034.37428  -2.5955375  -0.1345624   2.0277250 2026 01 14 21 30 21.84
0  14382.82064   9074.53745  19074.83767  -2.6012730  -0.1303525   2.0186229 2026 01 14 21 30 41.84
0  14330.73835   9071.97253  19115.11883  -2.6069769  -0.1261251   2.0095015 2026 01 14 21 31 01.84
0  14278.54229   9069.49233  19155.21736  -2.6126491  -0.1218801   2.0003607 2026 01 14 21 31 21.84
0  14226.23311   9067.09720  19195.13289  -2.6182896  -0.1176178   1.9912008 2026 01 14 21 31 41.84
0  14173.81144   9064.78749  19234.86503  -2.6238982  -0.1133383   1.9820218 2026 01 14 21 32 01.84
0  14121.27791   9062.56354  19274.41340  -2.6294749  -0.1090416   1.9728238 2026 01 14 21 32 21.84
0  14068.63317   9060.42569  19313.77762  -2.6350196  -0.1047279   1.9636069 2026 01 14 21 32 41.84
0  14015.87786   9058.37429  19352.95731  -2.6405322  -0.1003973   1.9543712 2026 01 14 21 33 01.84
0  13963.01262   9056.40967  19391.95210  -2.6460125  -0.0960500   1.9451167 2026 01 14 21 33 21.84
0  13910.03809   9054.53216  19430.76162  -2.6514605  -0.0916861   1.9358435 2026 01 14 21 33 41.84
0  13856.95493   9052.74209  19469.38549  -2.6568762  -0.0873057   1.9265518 2026 01 14 21 34 01.84
0  13803.76378   9051.03980  19507.82334  -2.6622593  -0.0829090   1.9172416 2026 01 14 21 34 21.84
0  13750.46530   9049.42560  19546.07480  -2.6676099  -0.0784959   1.9079130 2026 01 14 21 34 41.84
0  13697.06012   9047.89982  19584.13951  -2.6729279  -0.0740668   1.8985661 2026 01 14 21 35 01.84
0  13643.54892   9046.46279  19622.01710  -2.6782131  -0.0696217   1.8892010 2026 01 14 21 35 21.84
0  13589.93234   9045.11481  19659.70721  -2.6834655  -0.0651608   1.8798178 2026 01 14 21 35 41.84
0  13536.21104   9043.85622  19697.20947  -2.6886850  -0.0606841   1.8704165 2026 01 14 21 36 01.84
0  13482.38569   9042.68731  19734.52353  -2.6938715  -0.0561919   1.8609973 2026 01 14 21 36 21.84
0  13428.45693   9041.60840  19771.64902  -2.6990249  -0.0516842   1.8515602 2026 01 14 21 36 41.84
0  13374.42544   9040.61980  19808.58560  -2.7041451  -0.0471611   1.8421054 2026 01 14 21 37 01.84
0  13320.29187   9039.72181  19845.33290  -2.7092321  -0.0426229   1.8326329 2026 01 14 21 37 21.84
0  13266.05690   9038.91474  19881.89058  -2.7142858  -0.0380695   1.8231427 2026 01 14 21 37 41.84
0  13211.72119   9038.19889  19918.25828  -2.7193061  -0.0335013   1.8136351 2026 01 14 21 38 01.84
0  13157.28541   9037.57455  19954.43566  -2.7242929  -0.0289182   1.8041101 2026 01 14 21 38 21.84
0  13102.75022   9037.04201  19990.42236  -2.7292461  -0.0243205   1.7945677 2026 01 14 21 38 41.84
0  13048.11632   9036.60158  20026.21804  -2.7341657  -0.0197082   1.7850081 2026 01 14 21 39 01.84
0  12993.38435   9036.25354  20061.82236  -2.7390515  -0.0150815   1.7754314 2026 01 14 21 39 21.84
0  12938.55501   9035.99817  20097.23498  -2.7439035  -0.0104405   1.7658377 2026 01 14 21 39 41.84
0  12883.62897   9035.83576  20132.45555  -2.7487217  -0.0057854   1.7562269 2026 01 14 21 40 01.84
0  12828.60690   9035.76660  20167.48374  -2.7535059  -0.0011163   1.7465993 2026 01 14 21 40 21.84
0  12773.48949   9035.79096  20202.31921  -2.7582561   0.0035667   1.7369549 2026 01 14 21 40 41.84
0  12718.27741   9035.90911  20236.96162  -2.7629721   0.0082634   1.7272939 2026 01 14 21 41 01.84
0  12662.97136   9036.12134  20271.41065  -2.7676540   0.0129738   1.7176162 2026 01 14 21 41 21.84
0  12607.57201   9036.42791  20305.66597  -2.7723016   0.0176976   1.7079221 2026 01 14 21 41 41.84
0  12552.08006   9036.82909  20339.72723  -2.7769149   0.0224347   1.6982115 2026 01 14 21 42 01.84
0  12496.49618   9037.32514  20373.59412  -2.7814938   0.0271851   1.6884846 2026 01 14 21 42 21.84
0  12440.82107   9037.91633  20407.26631  -2.7860381   0.0319485   1.6787415 2026 01 14 21 42 41.84
0  12385.05542   9038.60292  20440.74348  -2.7905480   0.0367248   1.6689823 2026 01 14 21 43 01.84
0  12329.19992   9039.38516  20474.02531  -2.7950232   0.0415140   1.6592070 2026 01 14 21 43 21.84
0  12273.25526   9040.26331  20507.11147  -2.7994637   0.0463157   1.6494157 2026 01 14 21 43 41.84
0  12217.22214   9041.23763  20540.00164  -2.8038695   0.0511300   1.6396086 2026 01 14 21 44 01.84
0  12161.10125   9042.30835  20572.69552  -2.8082404   0.0559567   1.6297858 2026 01 14 21 44 21.84
0  12104.89329   9043.47573  20605.19279  -2.8125764   0.0607956   1.6199473 2026 01 14 21 44 41.84
0  12048.59896   9044.74001  20637.49312  -2.8168775   0.0656467   1.6100932 2026 01 14 21 45 01.84
0  11992.21896   9046.10143  20669.59623  -2.8211435   0.0705096   1.6002236 2026 01 14 21 45 21.84
0  11935.75399   9047.56022  20701.50178  -2.8253745   0.0753845   1.5903386 2026 01 14 21 45 41.84
0  11879.20475   9049.11663  20733.20949  -2.8295702   0.0802710   1.5804383 2026 01 14 21 46 01.84
0  11822.57195   9050.77089  20764.71904  -2.8337307   0.0851690   1.5705228 2026 01 14 21 46 21.84
0  11765.85630   9052.52322  20796.03013  -2.8378560   0.0900785   1.5605922 2026 01 14 21 46 41.84
0  11709.05849   9054.37385  20827.14245  -2.8419458   0.0949992   1.5506466 2026 01 14 21 47 01.84
0  11652.17924   9056.32301  20858.05572  -2.8460003   0.0999310   1.5406861 2026 01 14 21 47 21.84
0  11595.21926   9058.37092  20888.76963  -2.8500192   0.1048739   1.5307108 2026 01 14 21 47 41.84
0  11538.17925   9060.51779  20919.28388  -2.8540026   0.1098276   1.5207207 2026 01 14 21 48 01.84
0  11481.05993   9062.76384  20949.59819  -2.8579504   0.1147920   1.5107159 2026 01 14 21 48 21.84
0  11423.86201   9065.10929  20979.71226  -2.8618625   0.1197669   1.5006967 2026 01 14 21 48 41.84
0  11366.58621   9067.55434  21009.62579  -2.8657389   0.1247523   1.4906630 2026 01 14 21 49 01.84
0  11309.23324   9070.09920  21039.33852  -2.8695795   0.1297480   1.4806149 2026 01 14 21 49 21.84
0  11251.80381   9072.74408  21068.85013  -2.8733842   0.1347538   1.4705526 2026 01 14 21 49 41.84
0  11194.29865   9075.48917  21098.16036  -2.8771531   0.1397696   1.4604761 2026 01 14 21 50 01.84
0  11136.71847   9078.33467  21127.26892  -2.8808860   0.1447952   1.4503855 2026 01 14 21 50 21.84
0  11079.06400   9081.28079  21156.17553  -2.8845828   0.1498306   1.4402810 2026 01 14 21 50 41.84
0  11021.33595   9084.32771  21184.87992  -2.8882436   0.1548756   1.4301626 2026 01 14 21 51 01.84
0  10963.53504   9087.47563  21213.38179  -2.8918682   0.1599299   1.4200304 2026 01 14 21 51 21.84
0  10905.66200   9090.72472  21241.68089  -2.8954567   0.1649936   1.4098845 2026 01 14 21 51 41.84
0  10847.71756   9094.07518  21269.77693  -2.8990089   0.1700664   1.3997251 2026 01 14 21 52 01.84
0  10789.70243   9097.52719  21297.66965  -2.9025248   0.1751482   1.3895521 2026 01 14 21 52 21.84
0  10731.61735   9101.08092  21325.35878  -2.9060044   0.1802389   1.3793658 2026 01 14 21 52 41.84
0  10673.46305   9104.73655  21352.84405  -2.9094476   0.1853382   1.3691662 2026 01 14 21 53 01.84
0  10615.24024   9108.49425  21380.12519  -2.9128543   0.1904461   1.3589533 2026 01 14 21 53 21.84
0  10556.94966   9112.35420  21407.20195  -2.9162246   0.1955625   1.3487274 2026 01 14 21 53 41.84
0  10498.59205   9116.31655  21434.07406  -2.9195583   0.2006871   1.3384884 2026 01 14 21 54 01.84
0  10440.16812   9120.38148  21460.74126  -2.9228553   0.2058199   1.3282365 2026 01 14 21 54 21.84
0  10381.67863   9124.54915  21487.20329  -2.9261158   0.2109606   1.3179719 2026 01 14 21 54 41.84
0  10323.12429   9128.81971  21513.45991  -2.9293395   0.2161092   1.3076945 2026 01 14 21 55 01.84
0  10264.50584   9133.19331  21539.51085  -2.9325265   0.2212654   1.2974044 2026 01 14 21 55 21.84
0  10205.82402   9137.67012  21565.35587  -2.9356767   0.2264293   1.2871019 2026 01 14 21 55 41.84
0  10147.07957   9142.25028  21590.99471  -2.9387901   0.2316005   1.2767869 2026 01 14 21 56 01.84
0  10088.27321   9146.93393  21616.42713  -2.9418666   0.2367789   1.2664596 2026 01 14 21 56 21.84
0  10029.40570   9151.72123  21641.65289  -2.9449062   0.2419645   1.2561201 2026 01 14 21 56 41.84
0   9970.47776   9156.61231  21666.67173  -2.9479088   0.2471571   1.2457685 2026 01 14 21 57 01.84
0   9911.49014   9161.60731  21691.48342  -2.9508744   0.2523564   1.2354048 2026 01 14 21 57 21.84
0   9852.44358   9166.70636  21716.08772  -2.9538030   0.2575625   1.2250292 2026 01 14 21 57 41.84
0   9793.33882   9171.90959  21740.48438  -2.9566945   0.2627750   1.2146417 2026 01 14 21 58 01.84
0   9734.17660   9177.21715  21764.67318  -2.9595488   0.2679939   1.2042425 2026 01 14 21 58 21.84
0   9674.95767   9182.62914  21788.65389  -2.9623660   0.2732191   1.1938317 2026 01 14 21 58 41.84
0   9615.68276   9188.14570  21812.42626  -2.9651459   0.2784503   1.1834093 2026 01 14 21 59 01.84
0   9556.35263   9193.76694  21835.99006  -2.9678886   0.2836875   1.1729755 2026 01 14 21 59 21.84
0   9496.96802   9199.49298  21859.34508  -2.9705940   0.2889304   1.1625304 2026 01 14 21 59 41.84
0   9437.52968   9205.32394  21882.49109  -2.9732621   0.2941790   1.1520740 2026 01 14 22 00 01.84
0   9378.03834   9211.25992  21905.42785  -2.9758928   0.2994331   1.1416064 2026 01 14 22 00 21.84
0   9318.49477   9217.30104  21928.15516  -2.9784861   0.3046925   1.1311278 2026 01 14 22 00 41.84
0   9258.89970   9223.44740  21950.67278  -2.9810420   0.3099571   1.1206383 2026 01 14 22 01 01.84
0   9199.25389   9229.69910  21972.98051  -2.9835605   0.3152267   1.1101379 2026 01 14 22 01 21.84
0   9139.55808   9236.05625  21995.07812  -2.9860414   0.3205013   1.0996268 2026 01 14 22 01 41.84
0   9079.81304   9242.51893  22016.96541  -2.9884848   0.3257806   1.0891050 2026 01 14 22 02 01.84
0   9020.01950   9249.08725  22038.64215  -2.9908906   0.3310644   1.0785727 2026 01 14 22 02 21.84
0   8960.17822   9255.76128  22060.10814  -2.9932588   0.3363528   1.0680299 2026 01 14 22 02 41.84
0   8900.28995   9262.54113  22081.36317  -2.9955894   0.3416454   1.0574768 2026 01 14 22 03 01.84
0   8840.35545   9269.42687  22102.40704  -2.9978823   0.3469421   1.0469134 2026 01 14 22 03 21.84
0   8780.37547   9276.41858  22123.23955  -3.0001376   0.3522429   1.0363399 2026 01 14 22 03 41.84
0   8720.35076   9283.51635  22143.86048  -3.0023551   0.3575475   1.0257564 2026 01 14 22 04 01.84
0   8660.28207   9290.72025  22164.26964  -3.0045349   0.3628558   1.0151629 2026 01 14 22 04 21.84
0   8600.17017   9298.03035  22184.46683  -3.0066769   0.3681677   1.0045595 2026 01 14 22 04 41.84
0   8540.01580   9305.44672  22204.45186  -3.0087811   0.3734829   0.9939464 2026 01 14 22 05 01.84
0   8479.81973   9312.96943  22224.22454  -3.0108475   0.3788014   0.9833237 2026 01 14 22 05 21.84
0   8419.58271   9320.59854  22243.78466  -3.0128761   0.3841230   0.9726914 2026 01 14 22 05 41.84
0   8359.30550   9328.33412  22263.13204  -3.0148667   0.3894475   0.9620497 2026 01 14 22 06 01.84
0   8298.98885   9336.17621  22282.26650  -3.0168195   0.3947749   0.9513986 2026 01 14 22 06 21.84
0   8238.63353   9344.12487  22301.18784  -3.0187343   0.4001049   0.9407383 2026 01 14 22 06 41.84
0   8178.24029   9352.18016  22319.89589  -3.0206112   0.4054374   0.9300689 2026 01 14 22 07 01.84
0   8117.80989   9360.34212  22338.39045  -3.0224502   0.4107722   0.9193904 2026 01 14 22 07 21.84
0   8057.34310   9368.61081  22356.67136  -3.0242511   0.4161092   0.9087029 2026 01 14 22 07 41.84
0   7996.84066   9376.98625  22374.73844  -3.0260141   0.4214483   0.8980067 2026 01 14 22 08 01.84
0   7936.30335   9385.46849  22392.59150  -3.0277390   0.4267892   0.8873017 2026 01 14 22 08 21.84
0   7875.73192   9394.05757  22410.23037  -3.0294259   0.4321319   0.8765881 2026 01 14 22 08 41.84
0   7815.12713   9402.75352  22427.65489  -3.0310747   0.4374762   0.8658659 2026 01 14 22 09 01.84
0   7754.48974   9411.55637  22444.86488  -3.0326854   0.4428219   0.8551353 2026 01 14 22 09 21.84
0   7693.82052   9420.46615  22461.86017  -3.0342580   0.4481689   0.8443964 2026 01 14 22 09 41.84
0   7633.12024   9429.48288  22478.64061  -3.0357926   0.4535171   0.8336493 2026 01 14 22 10 01.84
0   7572.38964   9438.60658  22495.20602  -3.0372890   0.4588662   0.8228940 2026 01 14 22 10 21.84
0   7511.62949   9447.83727  22511.55625  -3.0387472   0.4642162   0.8121307 2026 01 14 22 10 41.84
0   7450.84056   9457.17497  22527.69114  -3.0401673   0.4695669   0.8013595 2026 01 14 22 11 01.84
0   7390.02362   9466.61969  22543.61052  -3.0415492   0.4749180   0.7905805 2026 01 14 22 11 21.84
0   7329.17941   9476.17144  22559.31424  -3.0428930   0.4802696   0.7797938 2026 01 14 22 11 41.84
0   7268.30871   9485.83022  22574.80216  -3.0441986   0.4856214   0.7689994 2026 01 14 22 12 01.84
0   7207.41228   9495.59603  22590.07411  -3.0454659   0.4909733   0.7581976 2026 01 14 22 12 21.84
0   7146.49089   9505.46889  22605.12996  -3.0466951   0.4963251   0.7473883 2026 01 14 22 12 41.84
0   7085.54530   9515.44878  22619.96954  -3.0478860   0.5016766   0.7365717 2026 01 14 22 13 01.84
0   7024.57627   9525.53569  22634.59273  -3.0490387   0.5070278   0.7257480 2026 01 14 22 13 21.84
0   6963.58457   9535.72963  22648.99936  -3.0501531   0.5123785   0.7149171 2026 01 14 22 13 41.84
0   6902.57096   9546.03057  22663.18931  -3.0512293   0.5177284   0.7040793 2026 01 14 22 14 01.84
0   6841.53621   9556.43850  22677.16244  -3.0522673   0.5230776   0.6932345 2026 01 14 22 14 21.84
0   6780.48109   9566.95340  22690.91860  -3.0532670   0.5284257   0.6823830 2026 01 14 22 14 41.84
0   6719.40635   9577.57526  22704.45767  -3.0542284   0.5337728   0.6715247 2026 01 14 22 15 01.84
0   6658.31277   9588.30404  22717.77951  -3.0551516   0.5391185   0.6606599 2026 01 14 22 15 21.84
0   6597.20111   9599.13973  22730.88398  -3.0560365   0.5444628   0.6497886 2026 01 14 22 15 41.84
0   6536.07213   9610.08229  22743.77097  -3.0568831   0.5498055   0.6389110 2026 01 14 22 16 01.84
0   6474.92660   9621.13168  22756.44034  -3.0576914   0.5551464   0.6280270 2026 01 14 22 16 21.84
0   6413.76529   9632.28787  22768.89197  -3.0584615   0.5604855   0.6171369 2026 01 14 22 16 41.84
0   6352.58896   9643.55082  22781.12574  -3.0591933   0.5658225   0.6062407 2026 01 14 22 17 01.84
0   6291.39838   9654.92049  22793.14153  -3.0598868   0.5711573   0.5953386 2026 01 14 22 17 21.84
0   6230.19430   9666.39684  22804.93921  -3.0605420   0.5764898   0.5844306 2026 01 14 22 17 41.84
0   6168.97751   9677.97981  22816.51868  -3.0611590   0.5818197   0.5735168 2026 01 14 22 18 01.84
0   6107.74876   9689.66935  22827.87982  -3.0617377   0.5871470   0.5625974 2026 01 14 22 18 21.84
0   6046.50882   9701.46541  22839.02251  -3.0622781   0.5924715   0.5516725 2026 01 14 22 18 41.84
0   5985.25846   9713.36793  22849.94665  -3.0627803   0.5977931   0.5407421 2026 01 14 22 19 01.84
0   5923.99843   9725.37685  22860.65213  -3.0632441   0.6031115   0.5298063 2026 01 14 22 19 21.84
0   5862.72951   9737.49211  22871.13885  -3.0636698   0.6084267   0.5188653 2026 01 14 22 19 41.84
0   5801.45246   9749.71363  22881.40669  -3.0640571   0.6137384   0.5079192 2026 01 14 22 20 01.84
0   5740.16805   9762.04136  22891.45556  -3.0644063   0.6190466   0.4969681 2026 01 14 22 20 21.84
0   5678.87703   9774.47521  22901.28537  -3.0647172   0.6243511   0.4860120 2026 01 14 22 20 41.84
0   5617.58018   9787.01512  22910.89600  -3.0649898   0.6296517   0.4750511 2026 01 14 22 21 01.84
0   5556.27826   9799.66099  22920.28737  -3.0652243   0.6349483   0.4640856 2026 01 14 22 21 21.84
0   5494.97203   9812.41276  22929.45938  -3.0654205   0.6402407   0.4531153 2026 01 14 22 21 41.84
0   5433.66226   9825.27033  22938.41194  -3.0655785   0.6455288   0.4421406 2026 01 14 22 22 01.84
0   5372.34971   9838.23362  22947.14496  -3.0656983   0.6508125   0.4311615 2026 01 14 22 22 21.84
0   5311.03514   9851.30254  22955.65836  -3.0657800   0.6560915   0.4201781 2026 01 14 22 22 41.84
0   5249.71933   9864.47698  22963.95205  -3.0658235   0.6613657   0.4091905 2026 01 14 22 23 01.84
0   5188.40302   9877.75687  22972.02595  -3.0658288   0.6666350   0.3981988 2026 01 14 22 23 21.84
0   5127.08700   9891.14209  22979.87997  -3.0657960   0.6718992   0.3872031 2026 01 14 22 23 41.84
0   5065.77200   9904.63254  22987.51404  -3.0657251   0.6771582   0.3762035 2026 01 14 22 24 01.84
0   5004.45881   9918.22812  22994.92809  -3.0656160   0.6824119   0.3652002 2026 01 14 22 24 21.84
0   4943.14818   9931.92872  23002.12203  -3.0654689   0.6876600   0.3541932 2026 01 14 22 24 41.84
0   4881.84088   9945.73422  23009.09579  -3.0652837   0.6929024   0.3431826 2026 01 14 22 25 01.84
0   4820.53765   9959.64451  23015.84931  -3.0650604   0.6981390   0.3321686 2026 01 14 22 25 21.84
0   4759.23928   9973.65947  23022.38252  -3.0647991   0.7033696   0.3211512 2026 01 14 22 25 41.84
0   4697.94651   9987.77899  23028.69534  -3.0644997   0.7085941   0.3101305 2026 01 14 22 26 01.84
0   4636.66011  10002.00293  23034.78773  -3.0641624   0.7138123   0.2991067 2026 01 14 22 26 21.84
0   4575.38083  10016.33118  23040.65960  -3.0637871   0.7190240   0.2880799 2026 01 14 22 26 41.84
0   4514.10944  10030.76359  23046.31092  -3.0633738   0.7242292   0.2770501 2026 01 14 22 27 01.84
0   4452.84670  10045.30004  23051.74161  -3.0629225   0.7294277   0.2660175 2026 01 14 22 27 21.84
0   4391.59336  10059.94039  23056.95162  -3.0624334   0.7346193   0.2549822 2026 01 14 22 27 41.84
0   4330.35019  10074.68450  23061.94089  -3.0619063   0.7398038   0.2439443 2026 01 14 22 28 01.84
0   4269.11793  10089.53223  23066.70939  -3.0613414   0.7449812   0.2329038 2026 01 14 22 28 21.84
0   4207.89735  10104.48343  23071.25705  -3.0607386   0.7501513   0.2218609 2026 01 14 22 28 41.84
0   4146.68920  10119.53797  23075.58383  -3.0600980   0.7553138   0.2108157 2026 01 14 22 29 01.84
0   4085.49425  10134.69567  23079.68969  -3.0594196   0.7604688   0.1997683 2026 01 14 22 29 21.84
0   4024.31324  10149.95640  23083.57458  -3.0587034   0.7656159   0.1887189 2026 01 14 22 29 41.84
0   3963.14693  10165.31999  23087.23846  -3.0579495   0.7707552   0.1776674 2026 01 14 22 30 01.84
0   3901.99607  10180.78629  23090.68129  -3.0571579   0.7758863   0.1666140 2026 01 14 22 30 21.84
0   3840.86143  10196.35513  23093.90304  -3.0563286   0.7810093   0.1555589 2026 01 14 22 30 41.84
0   3779.74374  10212.02634  23096.90367  -3.0554616   0.7861238   0.1445021 2026 01 14 22 31 01.84
0   3718.64378  10227.79976  23099.68314  -3.0545570   0.7912299   0.1334437 2026 01 14 22 31 21.84
0   3657.56228  10243.67522  23102.24144  -3.0536148   0.7963273   0.1223839 2026 01 14 22 31 41.84
0   3596.50000  10259.65253  23104.57853  -3.0526351   0.8014159   0.1113227 2026 01 14 22 32 01.84
0   3535.45769  10275.73153  23106.69438  -3.0516178   0.8064955   0.1002602 2026 01 14 22 32 21.84
0   3474.43610  10291.91203  23108.58897  -3.0505630   0.8115660   0.0891966 2026 01 14 22 32 41.84
0   3413.43599  10308.19384  23110.26228  -3.0494708   0.8166272   0.0781320 2026 01 14 22 33 01.84
0   3352.45809  10324.57679  23111.71428  -3.0483411   0.8216790   0.0670664 2026 01 14 22 33 21.84
0   3291.50316  10341.06068  23112.94497  -3.0471740   0.8267213   0.0560000 2026 01 14 22 33 41.84
0   3230.57194  10357.64531  23113.95433  -3.0459696   0.8317539   0.0449329 2026 01 14 22 34 01.84
0   3169.66519  10374.33050  23114.74233  -3.0447278   0.8367766   0.0338651 2026 01 14 22 34 21.84
0   3108.78364  10391.11605  23115.30898  -3.0434488   0.8417894   0.0227969 2026 01 14 22 34 41.84
0   3047.92805  10408.00175  23115.65425  -3.0421325   0.8467920   0.0117282 2026 01 14 22 35 01.84
0   2987.09916  10424.98739  23115.77816  -3.0407790   0.8517843   0.0006592 2026 01 14 22 35 21.84
0   2926.29770  10442.07278  23115.68068  -3.0393883   0.8567661  -0.0104100 2026 01 14 22 35 41.84
0   2865.52444  10459.25771  23115.36181  -3.0379605   0.8617374  -0.0214792 2026 01 14 22 36 01.84
0   2804.78010  10476.54195  23114.82156  -3.0364956   0.8666980  -0.0325485 2026 01 14 22 36 21.84
0   2744.06542  10493.92529  23114.05993  -3.0349937   0.8716477  -0.0436176 2026 01 14 22 36 41.84
0   2683.38116  10511.40752  23113.07692  -3.0334547   0.8765864  -0.0546866 2026 01 14 22 37 01.84
0   2622.72805  10528.98841  23111.87253  -3.0318788   0.8815140  -0.0657551 2026 01 14 22 37 21.84
0   2562.10682  10546.66774  23110.44678  -3.0302660   0.8864302  -0.0768233 2026 01 14 22 37 41.84
0   2501.51822  10564.44528  23108.79967  -3.0286163   0.8913350  -0.0878909 2026 01 14 22 38 01.84
0   2440.96298  10582.32080  23106.93122  -3.0269298   0.8962281  -0.0989579 2026 01 14 22 38 21.84
0   2380.44183  10600.29406  23104.84143  -3.0252065   0.9011096  -0.1100241 2026 01 14 22 38 41.84
0   2319.95553  10618.36484  23102.53033  -3.0234464   0.9059791  -0.1210894 2026 01 14 22 39 01.84
0   2259.50479  10636.53288  23099.99793  -3.0216497   0.9108367  -0.1321538 2026 01 14 22 39 21.84
0   2199.09035  10654.79796  23097.24426  -3.0198163   0.9156820  -0.1432171 2026 01 14 22 39 41.84
0   2138.71294  10673.15982  23094.26933  -3.0179463   0.9205151  -0.1542793 2026 01 14 22 40 01.84
0   2078.37330  10691.61822  23091.07318  -3.0160398   0.9253357  -0.1653401 2026 01 14 22 40 21.84
0   2018.07216  10710.17290  23087.65582  -3.0140967   0.9301437  -0.1763996 2026 01 14 22 40 41.84
0   1957.81024  10728.82361  23084.01728  -3.0121173   0.9349389  -0.1874576 2026 01 14 22 41 01.84
0   1897.58828  10747.57011  23080.15761  -3.0101014   0.9397213  -0.1985140 2026 01 14 22 41 21.84
0   1837.40699  10766.41212  23076.07682  -3.0080492   0.9444906  -0.2095686 2026 01 14 22 41 41.84
0   1777.26711  10785.34938  23071.77496  -3.0059607   0.9492468  -0.2206215 2026 01 14 22 42 01.84
0   1717.16937  10804.38163  23067.25206  -3.0038360   0.9539896  -0.2316725 2026 01 14 22 42 21.84
0   1657.11448  10823.50861  23062.50816  -3.0016750   0.9587190  -0.2427214 2026 01 14 22 42 41.84
0   1597.10317  10842.73004  23057.54331  -2.9994780   0.9634348  -0.2537682 2026 01 14 22 43 01.84
0   1537.13616  10862.04565  23052.35754  -2.9972449   0.9681369  -0.2648128 2026 01 14 22 43 21.84
0   1477.21418  10881.45516  23046.95090  -2.9949757   0.9728251  -0.2758551 2026 01 14 22 43 41.84
0   1417.33794  10900.95830  23041.32345  -2.9926706   0.9774993  -0.2868949 2026 01 14 22 44 01.84
0   1357.50815  10920.55477  23035.47522  -2.9903296   0.9821593  -0.2979321 2026 01 14 22 44 21.84
0   1297.72555  10940.24431  23029.40628  -2.9879528   0.9868050  -0.3089668 2026 01 14 22 44 41.84
0   1237.99084  10960.02662  23023.11667  -2.9855401   0.9914363  -0.3199986 2026 01 14 22 45 01.84
0   1178.30474  10979.90140  23016.60645  -2.9830918   0.9960530  -0.3310276 2026 01 14 22 45 21.84
0   1118.66797  10999.86838  23009.87569  -2.9806077   1.0006550  -0.3420536 2026 01 14 22 45 41.84
0   1059.08123  11019.92724  23002.92443  -2.9780881   1.0052422  -0.3530766 2026 01 14 22 46 01.84
0    999.54524  11040.07770  22995.75275  -2.9755329   1.0098143  -0.3640963 2026 01 14 22 46 21.84
0    940.06071  11060.31945  22988.36071  -2.9729422   1.0143714  -0.3751128 2026 01 14 22 46 41.84
0    880.62835  11080.65219  22980.74838  -2.9703161   1.0189131  -0.3861259 2026 01 14 22 47 01.84
0    821.24886  11101.07561  22972.91581  -2.9676547   1.0234395  -0.3971355 2026 01 14 22 47 21.84
0    761.92296  11121.58940  22964.86309  -2.9649579   1.0279503  -0.4081415 2026 01 14 22 47 41.84
0    702.65134  11142.19326  22956.59029  -2.9622260   1.0324454  -0.4191438 2026 01 14 22 48 01.84
0    643.43471  11162.88685  22948.09749  -2.9594588   1.0369247  -0.4301422 2026 01 14 22 48 21.84
0    584.27378  11183.66988  22939.38475  -2.9566566   1.0413881  -0.4411368 2026 01 14 22 48 41.84
0    525.16924  11204.54201  22930.45216  -2.9538193   1.0458354  -0.4521273 2026 01 14 22 49 01.84
0    466.12180  11225.50292  22921.29980  -2.9509471   1.0502664  -0.4631137 2026 01 14 22 49 21.84
0    407.13215  11246.55230  22911.92776  -2.9480400   1.0546811  -0.4740959 2026 01 14 22 49 41.84
0    348.20099  11267.68980  22902.33612  -2.9450980   1.0590793  -0.4850738 2026 01 14 22 50 01.84
0    289.32902  11288.91510  22892.52497  -2.9421213   1.0634609  -0.4960472 2026 01 14 22 50 21.84
0    230.51693  11310.22786  22882.49439  -2.9391099   1.0678257  -0.5070160 2026 01 14 22 50 41.84
0    171.76542  11331.62775  22872.24449  -2.9360638   1.0721736  -0.5179802 2026 01 14 22 51 01.84
0    113.07517  11353.11443  22861.77535  -2.9329832   1.0765044  -0.5289397 2026 01 14 22 51 21.84
0     54.44687  11374.68755  22851.08707  -2.9298682   1.0808181  -0.5398942 2026 01 14 22 51 41.84
0     -4.11877  11396.34678  22840.17975  -2.9267187   1.0851145  -0.5508439 2026 01 14 22 52 01.84
0    -62.62109  11418.09176  22829.05348  -2.9235349   1.0893935  -0.5617884 2026 01 14 22 52 21.84
0   -121.05939  11439.92214  22817.70838  -2.9203169   1.0936549  -0.5727278 2026 01 14 22 52 41.84
0   -179.43298  11461.83757  22806.14455  -2.9170647   1.0978986  -0.5836619 2026 01 14 22 53 01.84
0   -237.74119  11483.83770  22794.36209  -2.9137783   1.1021245  -0.5945906 2026 01 14 22 53 21.84
0   -295.98333  11505.92217  22782.36111  -2.9104580   1.1063324  -0.6055138 2026 01 14 22 53 41.84
0   -354.15873  11528.09062  22770.14172  -2.9071036   1.1105222  -0.6164314 2026 01 14 22 54 01.84
0   -412.26670  11550.34268  22757.70403  -2.9037154   1.1146938  -0.6273433 2026 01 14 22 54 21.84
0   -470.30657  11572.67799  22745.04817  -2.9002934   1.1188471  -0.6382494 2026 01 14 22 54 41.84
0   -528.27766  11595.09618  22732.17425  -2.8968377   1.1229819  -0.6491496 2026 01 14 22 55 01.84
0   -586.17930  11617.59689  22719.08238  -2.8933483   1.1270980  -0.6600438 2026 01 14 22 55 21.84
0   -644.01081  11640.17972  22705.77269  -2.8898254   1.1311954  -0.6709319 2026 01 14 22 55 41.84
0   -701.77154  11662.84432  22692.24530  -2.8862690   1.1352740  -0.6818137 2026 01 14 22 56 01.84
0   -759.46080  11685.59030  22678.50034  -2.8826792   1.1393335  -0.6926893 2026 01 14 22 56 21.84
0   -817.07793  11708.41727  22664.53793  -2.8790560   1.1433740  -0.7035584 2026 01 14 22 56 41.84
0   -874.62226  11731.32487  22650.35820  -2.8753996   1.1473951  -0.7144209 2026 01 14 22 57 01.84
0   -932.09314  11754.31269  22635.96130  -2.8717101   1.1513969  -0.7252769 2026 01 14 22 57 21.84
0   -989.48989  11777.38036  22621.34734  -2.8679875   1.1553792  -0.7361260 2026 01 14 22 57 41.84
0  -1046.81186  11800.52747  22606.51646  -2.8642318   1.1593418  -0.7469684 2026 01 14 22 58 01.84
0  -1104.05839  11823.75364  22591.46881  -2.8604433   1.1632847  -0.7578038 2026 01 14 22 58 21.84
0  -1161.22883  11847.05847  22576.20453  -2.8566220   1.1672077  -0.7686321 2026 01 14 22 58 41.84
0  -1218.32250  11870.44156  22560.72375  -2.8527679   1.1711107  -0.7794533 2026 01 14 22 59 01.84
0  -1275.33877  11893.90251  22545.02662  -2.8488812   1.1749935  -0.7902672 2026 01 14 22 59 21.84
0  -1332.27698  11917.44091  22529.11328  -2.8449619   1.1788561  -0.8010737 2026 01 14 22 59 41.84
0  -1389.13648  11941.05636  22512.98389  -2.8410101   1.1826983  -0.8118728 2026 01 14 23 00 01.84
0  -1445.91662  11964.74844  22496.63860  -2.8370259   1.1865199  -0.8226643 2026 01 14 23 00 21.84
0  -1502.61676  11988.51676  22480.07755  -2.8330095   1.1903210  -0.8334482 2026 01 14 23 00 41.84
0  -1559.23624  12012.36089  22463.30090  -2.8289608   1.1941012  -0.8442242 2026 01 14 23 01 01.84
0  -1615.77443  12036.28041  22446.30881  -2.8248800   1.1978606  -0.8549924 2026 01 14 23 01 21.84
0  -1672.23068  12060.27492  22429.10144  -2.8207672   1.2015990  -0.8657526 2026 01 14 23 01 41.84
0  -1728.60435  12084.34398  22411.67895  -2.8166225   1.2053163  -0.8765046 2026 01 14 23 02 01.84
0  -1784.89482  12108.48717  22394.04150  -2.8124459   1.2090123  -0.8872485 2026 01 14 23 02 21.84
0  -1841.10143  12132.70407  22376.18925  -2.8082375   1.2126870  -0.8979841 2026 01 14 23 02 41.84
0  -1897.22356  12156.99425  22358.12238  -2.8039975   1.2163402  -0.9087113 2026 01 14 23 03 01.84
0  -1953.26057  12181.35728  22339.84104  -2.7997259   1.2199717  -0.9194301 2026 01 14 23 03 21.84
0  -2009.21184  12205.79272  22321.34542  -2.7954228   1.2235816  -0.9301401 2026 01 14 23 03 41.84
0  -2065.07673  12230.30014  22302.63569  -2.7910884   1.2271695  -0.9408415 2026 01 14 23 04 01.84
0  -2120.85462  12254.87911  22283.71202  -2.7867227   1.2307356  -0.9515341 2026 01 14 23 04 21.84
0  -2176.54488  12279.52917  22264.57458  -2.7823257   1.2342795  -0.9622178 2026 01 14 23 04 41.84
0  -2232.14690  12304.24988  22245.22356  -2.7778977   1.2378012  -0.9728924 2026 01 14 23 05 01.84
0  -2287.66004  12329.04081  22225.65915  -2.7734387   1.2413007  -0.9835580 2026 01 14 23 05 21.84
0  -2343.08370  12353.90151  22205.88151  -2.7689488   1.2447776  -0.9942143 2026 01 14 23 05 41.84
0  -2398.41725  12378.83152  22185.89084  -2.7644281   1.2482321  -1.0048613 2026 01 14 23 06 01.84
0  -2453.66007  12403.83039  22165.68733  -2.7598767   1.2516638  -1.0154988 2026 01 14 23 06 21.84
0  -2508.81157  12428.89767  22145.27116  -2.7552947   1.2550728  -1.0261269 2026 01 14 23 06 41.84
0  -2563.87112  12454.03290  22124.64253  -2.7506822   1.2584589  -1.0367453 2026 01 14 23 07 01.84
0  -2618.83811  12479.23562  22103.80162  -2.7460393   1.2618219  -1.0473539 2026 01 14 23 07 21.84
0  -2673.71194  12504.50537  22082.74865  -2.7413660   1.2651619  -1.0579528 2026 01 14 23 07 41.84
0  -2728.49201  12529.84169  22061.48379  -2.7366626   1.2684786  -1.0685417 2026 01 14 23 08 01.84
0  -2783.17771  12555.24410  22040.00726  -2.7319291   1.2717719  -1.0791206 2026 01 14 23 08 21.84
0  -2837.76843  12580.71216  22018.31925  -2.7271656   1.2750418  -1.0896893 2026 01 14 23 08 41.84
0  -2892.26359  12606.24537  21996.41998  -2.7223722   1.2782881  -1.1002478 2026 01 14 23 09 01.84
0  -2946.66258  12631.84327  21974.30963  -2.7175490   1.2815107  -1.1107959 2026 01 14 23 09 21.84
0  -3000.96482  12657.50539  21951.98843  -2.7126961   1.2847095  -1.1213336 2026 01 14 23 09 41.84
0  -3055.16969  12683.23124  21929.45658  -2.7078136   1.2878843  -1.1318608 2026 01 14 23 10 01.84
0  -3109.27663  12709.02035  21906.71430  -2.7029017   1.2910352  -1.1423773 2026 01 14 23 10 21.84
0  -3163.28503  12734.87224  21883.76179  -2.6979604   1.2941619  -1.1528831 2026 01 14 23 10 41.84
0  -3217.19431  12760.78642  21860.59927  -2.6929898   1.2972644  -1.1633780 2026 01 14 23 11 01.84
0  -3271.00389  12786.76240  21837.22697  -2.6879901   1.3003425  -1.1738620 2026 01 14 23 11 21.84
0  -3324.71318  12812.79970  21813.64510  -2.6829613   1.3033961  -1.1843349 2026 01 14 23 11 41.84
0  -3378.32161  12838.89784  21789.85388  -2.6779036   1.3064252  -1.1947966 2026 01 14 23 12 01.84
0  -3431.82860  12865.05630  21765.85355  -2.6728171   1.3094296  -1.2052472 2026 01 14 23 12 21.84
0  -3485.23357  12891.27461  21741.64431  -2.6677018   1.3124092  -1.2156863 2026 01 14 23 12 41.84
0  -3538.53595  12917.55226  21717.22641  -2.6625579   1.3153639  -1.2261140 2026 01 14 23 13 01.84
0  -3591.73516  12943.88875  21692.60007  -2.6573855   1.3182937  -1.2365302 2026 01 14 23 13 21.84
0  -3644.83065  12970.28359  21667.76552  -2.6521847   1.3211983  -1.2469347 2026 01 14 23 13 41.84
0  -3697.82183  12996.73627  21642.72300  -2.6469557   1.3240777  -1.2573274 2026 01 14 23 14 01.84
0  -3750.70815  13023.24629  21617.47275  -2.6416984   1.3269318  -1.2677083 2026 01 14 23 14 21.84
0  -3803.48905  13049.81313  21592.01499  -2.6364132   1.3297605  -1.2780773 2026 01 14 23 14 41.84
0  -3856.16396  13076.43629  21566.34998  -2.6310999   1.3325637  -1.2884342 2026 01 14 23 15 01.84
0  -3908.73233  13103.11526  21540.47796  -2.6257589   1.3353412  -1.2987789 2026 01 14 23 15 21.84
0  -3961.19360  13129.84953  21514.39916  -2.6203901   1.3380930  -1.3091114 2026 01 14 23 15 41.84
0  -4013.54722  13156.63857  21488.11384  -2.6149937   1.3408190  -1.3194315 2026 01 14 23 16 01.84
0  -4065.79264  13183.48187  21461.62224  -2.6095698   1.3435191  -1.3297392 2026 01 14 23 16 21.84
0  -4117.92930  13210.37892  21434.92461  -2.6041186   1.3461931  -1.3400344 2026 01 14 23 16 41.84
0  -4169.95667  13237.32918  21408.02120  -2.5986400   1.3488410  -1.3503168 2026 01 14 23 17 01.84
0  -4221.87420  13264.33214  21380.91228  -2.5931344   1.3514627  -1.3605866 2026 01 14 23 17 21.84
0  -4273.68134  13291.38727  21353.59809  -2.5876017   1.3540581  -1.3708434 2026 01 14 23 17 41.84
0  -4325.37756  13318.49405  21326.07889  -2.5820421   1.3566270  -1.3810874 2026 01 14 23 18 01.84
0  -4376.96232  13345.65193  21298.35494  -2.5764557   1.3591694  -1.3913183 2026 01 14 23 18 21.84
0  -4428.43509  13372.86040  21270.42651  -2.5708427   1.3616851  -1.4015360 2026 01 14 23 18 41.84
0  -4479.79533  13400.11892  21242.29386  -2.5652031   1.3641742  -1.4117405 2026 01 14 23 19 01.84
0  -4531.04251  13427.42695  21213.95725  -2.5595371   1.3666364  -1.4219317 2026 01 14 23 19 21.84
0  -4582.17611  13454.78396  21185.41695  -2.5538447   1.3690717  -1.4321094 2026 01 14 23 19 41.84
0  -4633.19560  13482.18940  21156.67323  -2.5481262   1.3714800  -1.4422736 2026 01 14 23 20 01.84
0  -4684.10046  13509.64274  21127.72637  -2.5423815   1.3738613  -1.4524242 2026 01 14 23 20 21.84
0  -4734.89017  13537.14343  21098.57663  -2.5366110   1.3762153  -1.4625610 2026 01 14 23 20 41.84
0  -4785.56420  13564.69093  21069.22430  -2.5308146   1.3785420  -1.4726840 2026 01 14 23 21 01.84
0  -4836.12206  13592.28469  21039.66965  -2.5249924   1.3808413  -1.4827930 2026 01 14 23 21 21.84
0  -4886.56321  13619.92417  21009.91295  -2.5191447   1.3831132  -1.4928880 2026 01 14 23 21 41.84
0  -4936.88716  13647.60880  20979.95450  -2.5132716   1.3853575  -1.5029689 2026 01 14 23 22 01.84
0  -4987.09339  13675.33804  20949.79457  -2.5073731   1.3875741  -1.5130356 2026 01 14 23 22 21.84
0  -5037.18139  13703.11134  20919.43346  -2.5014493   1.3897630  -1.5230880 2026 01 14 23 22 41.84
0  -5087.15068  13730.92814  20888.87144  -2.4955005   1.3919240  -1.5331259 2026 01 14 23 23 01.84
0  -5137.00073  13758.78788  20858.10880  -2.4895267   1.3940571  -1.5431494 2026 01 14 23 23 21.84
0  -5186.73106  13786.69001  20827.14585  -2.4835281   1.3961622  -1.5531582 2026 01 14 23 23 41.84
0  -5236.34118  13814.63395  20795.98287  -2.4775048   1.3982392  -1.5631523 2026 01 14 23 24 01.84
0  -5285.83057  13842.61915  20764.62015  -2.4714568   1.4002880  -1.5731317 2026 01 14 23 24 21.84
0  -5335.19877  13870.64505  20733.05799  -2.4653844   1.4023084  -1.5830961 2026 01 14 23 24 41.84
0  -5384.44528  13898.71107  20701.29670  -2.4592877   1.4043006  -1.5930455 2026 01 14 23 25 01.84
0  -5433.56960  13926.81665  20669.33657  -2.4531668   1.4062642  -1.6029798 2026 01 14 23 25 21.84
0  -5482.57127  13954.96122  20637.17791  -2.4470217   1.4081993  -1.6128990 2026 01 14 23 25 41.84
0  -5531.44980  13983.14420  20604.82101  -2.4408528   1.4101058  -1.6228029 2026 01 14 23 26 01.84
0  -5580.20471  14011.36503  20572.26620  -2.4346599   1.4119836  -1.6326913 2026 01 14 23 26 21.84
0  -5628.83553  14039.62312  20539.51377  -2.4284434   1.4138326  -1.6425644 2026 01 14 23 26 41.84
0  -5677.34178  14067.91791  20506.56403  -2.4222034   1.4156527  -1.6524218 2026 01 14 23 27 01.84
0  -5725.72300  14096.24881  20473.41731  -2.4159399   1.4174438  -1.6622636 2026 01 14 23 27 21.84
0  -5773.97871  14124.61524  20440.07390  -2.4096531   1.4192059  -1.6720896 2026 01 14 23 27 41.84
0  -5822.10846  14153.01662  20406.53414  -2.4033431   1.4209388  -1.6818998 2026 01 14 23 28 01.84
0  -5870.11178  14181.45237  20372.79833  -2.3970101   1.4226426  -1.6916940 2026 01 14 23 28 21.84
0  -5917.98820  14209.92190  20338.86680  -2.3906541   1.4243170  -1.7014721 2026 01 14 23 28 41.84
0  -5965.73728  14238.42463  20304.73987  -2.3842754   1.4259621  -1.7112342 2026 01 14 23 29 01.84
0  -6013.35856  14266.95997  20270.41786  -2.3778740   1.4275778  -1.7209800 2026 01 14 23 29 21.84
0  -6060.85159  14295.52732  20235.90110  -2.3714501   1.4291639  -1.7307094 2026 01 14 23 29 41.84
0  -6108.21591  14324.12610  20201.18991  -2.3650039   1.4307204  -1.7404225 2026 01 14 23 30 01.84
0  -6155.45109  14352.75571  20166.28463  -2.3585354   1.4322472  -1.7501190 2026 01 14 23 30 21.84
0  -6202.55668  14381.41557  20131.18558  -2.3520447   1.4337443  -1.7597990 2026 01 14 23 30 41.84
0  -6249.53223  14410.10506  20095.89310  -2.3455321   1.4352115  -1.7694622 2026 01 14 23 31 01.84
0  -6296.37731  14438.82360  20060.40753  -2.3389977   1.4366488  -1.7791086 2026 01 14 23 31 21.84
0  -6343.09149  14467.57059  20024.72920  -2.3324415   1.4380562  -1.7887381 2026 01 14 23 31 41.84
0  -6389.67433  14496.34543  19988.85845  -2.3258638   1.4394335  -1.7983507 2026 01 14 23 32 01.84
0  -6436.12540  14525.14751  19952.79562  -2.3192646   1.4407806  -1.8079462 2026 01 14 23 32 21.84
0  -6482.44428  14553.97623  19916.54105  -2.3126442   1.4420975  -1.8175245 2026 01 14 23 32 41.84
0  -6528.63053  14582.83099  19880.09509  -2.3060025   1.4433842  -1.8270855 2026 01 14 23 33 01.84
0  -6574.68374  14611.71118  19843.45808  -2.2993399   1.4446405  -1.8366292 2026 01 14 23 33 21.84
0  -6620.60349  14640.61619  19806.63037  -2.2926563   1.4458664  -1.8461554 2026 01 14 23 33 41.84
0  -6666.38936  14669.54541  19769.61231  -2.2859520   1.4470618  -1.8556641 2026 01 14 23 34 01.84
0  -6712.04094  14698.49824  19732.40426  -2.2792271   1.4482266  -1.8651552 2026 01 14 23 34 21.84
0  -6757.55781  14727.47405  19695.00656  -2.2724817   1.4493608  -1.8746286 2026 01 14 23 34 41.84
0  -6802.93958  14756.47225  19657.41958  -2.2657160   1.4504643  -1.8840841 2026 01 14 23 35 01.84
0  -6848.18583  14785.49220  19619.64366  -2.2589301   1.4515370  -1.8935217 2026 01 14 23 35 21.84
0  -6893.29616  14814.53331  19581.67918  -2.2521241   1.4525789  -1.9029413 2026 01 14 23 35 41.84
0  -6938.27017  14843.59494  19543.52648  -2.2452982   1.4535899  -1.9123429 2026 01 14 23 36 01.84
0  -6983.10746  14872.67648  19505.18593  -2.2384526   1.4545699  -1.9217262 2026 01 14 23 36 21.84
0  -7027.80765  14901.77732  19466.65790  -2.2315873   1.4555189  -1.9310913 2026 01 14 23 36 41.84
0  -7072.37033  14930.89682  19427.94275  -2.2247025   1.4564368  -1.9404381 2026 01 14 23 37 01.84
0  -7116.79513  14960.03437  19389.04085  -2.2177983   1.4573236  -1.9497663 2026 01 14 23 37 21.84
0  -7161.08165  14989.18934  19349.95257  -2.2108750   1.4581791  -1.9590761 2026 01 14 23 37 41.84
0  -7205.22951  15018.36111  19310.67829  -2.2039325   1.4590033  -1.9683672 2026 01 14 23 38 01.84
0  -7249.23834  15047.54906  19271.21837  -2.1969712   1.4597961  -1.9776395 2026 01 14 23 38 21.84
0  -7293.10775  15076.75254  19231.57319  -2.1899910   1.4605576  -1.9868931 2026 01 14 23 38 41.84
0  -7336.83737  15105.97094  19191.74313  -2.1829922   1.4612876  -1.9961277 2026 01 14 23 39 01.84
0  -7380.42683  15135.20362  19151.72857  -2.1759750   1.4619860  -2.0053434 2026 01 14 23 39 21.84
0  -7423.87576  15164.44996  19111.52988  -2.1689393   1.4626529  -2.0145400 2026 01 14 23 39 41.84
0  -7467.18380  15193.70932  19071.14746  -2.1618855   1.4632881  -2.0237174 2026 01 14 23 40 01.84
0  -7510.35058  15222.98107  19030.58168  -2.1548136   1.4638916  -2.0328755 2026 01 14 23 40 21.84
0  -7553.37574  15252.26456  18989.83293  -2.1477237   1.4644633  -2.0420143 2026 01 14 23 40 41.84
0  -7596.25893  15281.55918  18948.90160  -2.1406161   1.4650032  -2.0511337 2026 01 14 23 41 01.84
0  -7638.99979  15310.86427  18907.78809  -2.1334909   1.4655112  -2.0602335 2026 01 14 23 41 21.84
0  -7681.59797  15340.17921  18866.49277  -2.1263482   1.4659873  -2.0693138 2026 01 14 23 41 41.84
0  -7724.05312  15369.50335  18825.01604  -2.1191881   1.4664313  -2.0783743 2026 01 14 23 42 01.84
0  -7766.36490  15398.83605  18783.35830  -2.1120109   1.4668434  -2.0874150 2026 01 14 23 42 21.84
0  -7808.53297  15428.17667  18741.51995  -2.1048166   1.4672233  -2.0964359 2026 01 14 23 42 41.84
0  -7850.55698  15457.52456  18699.50138  -2.0976054   1.4675711  -2.1054367 2026 01 14 23 43 01.84
0  -7892.43659  15486.87909  18657.30299  -2.0903774   1.4678867  -2.1144176 2026 01 14 23 43 21.84
0  -7934.17149  15516.23961  18614.92519  -2.0831328   1.4681700  -2.1233782 2026 01 14 23 43 41.84
0  -7975.76132  15545.60548  18572.36838  -2.0758718   1.4684210  -2.1323187 2026 01 14 23 44 01.84
0  -8017.20578  15574.97604  18529.63296  -2.0685945   1.4686397  -2.1412388 2026 01 14 23 44 21.84
0  -8058.50452  15604.35065  18486.71934  -2.0613010   1.4688259  -2.1501386 2026 01 14 23 44 41.84
0  -8099.65724  15633.72866  18443.62794  -2.0539915   1.4689797  -2.1590178 2026 01 14 23 45 01.84
0  -8140.66361  15663.10943  18400.35915  -2.0466661   1.4691010  -2.1678765 2026 01 14 23 45 21.84
0  -8181.52331  15692.49229  18356.91340  -2.0393250   1.4691897  -2.1767145 2026 01 14 23 45 41.84
0  -8222.23603  15721.87660  18313.29110  -2.0319684   1.4692459  -2.1855318 2026 01 14 23 46 01.84
0  -8262.80147  15751.26171  18269.49266  -2.0245963   1.4692694  -2.1943282 2026 01 14 23 46 21.84
0  -8303.21932  15780.64696  18225.51850  -2.0172089   1.4692602  -2.2031037 2026 01 14 23 46 41.84
0  -8343.48926  15810.03171  18181.36904  -2.0098065   1.4692182  -2.2118583 2026 01 14 23 47 01.84
0  -8383.61101  15839.41528  18137.04471  -2.0023891   1.4691435  -2.2205917 2026 01 14 23 47 21.84
0  -8423.58426  15868.79704  18092.54592  -1.9949568   1.4690360  -2.2293039 2026 01 14 23 47 41.84
0  -8463.40872  15898.17631  18047.87309  -1.9875099   1.4688956  -2.2379949 2026 01 14 23 48 01.84
0  -8503.08410  15927.55245  18003.02666  -1.9800485   1.4687223  -2.2466646 2026 01 14 23 48 21.84
0  -8542.61010  15956.92479  17958.00705  -1.9725727   1.4685160  -2.2553128 2026 01 14 23 48 41.84
0  -8581.98645  15986.29268  17912.81469  -1.9650827   1.4682768  -2.2639395 2026 01 14 23 49 01.84
0  -8621.21285  16015.65546  17867.45002  -1.9575786   1.4680045  -2.2725446 2026 01 14 23 49 21.84
0  -8660.28904  16045.01245  17821.91346  -1.9500606   1.4676991  -2.2811281 2026 01 14 23 49 41.84
0  -8699.21473  16074.36301  17776.20545  -1.9425289   1.4673607  -2.2896897 2026 01 14 23 50 01.84
0  -8737.98964  16103.70647  17730.32642  -1.9349835   1.4669891  -2.2982296 2026 01 14 23 50 21.84
0  -8776.61352  16133.04217  17684.27682  -1.9274247   1.4665843  -2.3067475 2026 01 14 23 50 41.84
0  -8815.08609  16162.36944  17638.05708  -1.9198526   1.4661463  -2.3152434 2026 01 14 23 51 01.84
0  -8853.40708  16191.68761  17591.66764  -1.9122674   1.4656750  -2.3237172 2026 01 14 23 51 21.84
0  -8891.57624  16220.99603  17545.10895  -1.9046691   1.4651705  -2.3321688 2026 01 14 23 51 41.84
0  -8929.59331  16250.29403  17498.38145  -1.8970580   1.4646326  -2.3405981 2026 01 14 23 52 01.84
0  -8967.45802  16279.58093  17451.48559  -1.8894343   1.4640613  -2.3490052 2026 01 14 23 52 21.84
0  -9005.17014  16308.85608  17404.42181  -1.8817980   1.4634567  -2.3573897 2026 01 14 23 52 41.84
0  -9042.72941  16338.11880  17357.19057  -1.8741493   1.4628187  -2.3657518 2026 01 14 23 53 01.84
0  -9080.13558  16367.36842  17309.79231  -1.8664884   1.4621472  -2.3740913 2026 01 14 23 53 21.84
0  -9117.38841  16396.60428  17262.22749  -1.8588154   1.4614422  -2.3824082 2026 01 14 23 53 41.84
0  -9154.48767  16425.82571  17214.49655  -1.8511305   1.4607037  -2.3907022 2026 01 14 23 54 01.84
0  -9191.43311  16455.03203  17166.59997  -1.8434338   1.4599316  -2.3989735 2026 01 14 23 54 21.84
0  -9228.22450  16484.22257  17118.53819  -1.8357256   1.4591260  -2.4072218 2026 01 14 23 54 41.84
0  -9264.86161  16513.39667  17070.31168  -1.8280058   1.4582867  -2.4154472 2026 01 14 23 55 01.84
0  -9301.34421  16542.55364  17021.92088  -1.8202748   1.4574139  -2.4236495 2026 01 14 23 55 21.84
0  -9337.67208  16571.69283  16973.36628  -1.8125327   1.4565073  -2.4318286 2026 01 14 23 55 41.84
0  -9373.84500  16600.81354  16924.64832  -1.8047795   1.4555671  -2.4399845 2026 01 14 23 56 01.84
0  -9409.86275  16629.91512  16875.76749  -1.7970155   1.4545932  -2.4481171 2026 01 14 23 56 21.84
0  -9445.72511  16658.99687  16826.72423  -1.7892409   1.4535856  -2.4562263 2026 01 14 23 56 41.84
0  -9481.43187  16688.05814  16777.51902  -1.7814557   1.4525441  -2.4643120 2026 01 14 23 57 01.84
0  -9516.98283  16717.09825  16728.15234  -1.7736602   1.4514690  -2.4723742 2026 01 14 23 57 21.84
0  -9552.37777  16746.11651  16678.62465  -1.7658545   1.4503600  -2.4804127 2026 01 14 23 57 41.84
0  -9587.61650  16775.11225  16628.93643  -1.7580387   1.4492172  -2.4884276 2026 01 14 23 58 01.84
0  -9622.69882  16804.08480  16579.08814  -1.7502130   1.4480405  -2.4964186 2026 01 14 23 58 21.84
0  -9657.62452  16833.03348  16529.08028  -1.7423776   1.4468300  -2.5043858 2026 01 14 23 58 41.84
0  -9692.39342  16861.95761  16478.91331  -1.7345326   1.4455856  -2.5123291 2026 01 14 23 59 01.84
0  -9727.00532  16890.85651  16428.58772  -1.7266781   1.4443072  -2.5202483 2026 01 14 23 59 21.84
0  -9761.46005  16919.72951  16378.10398  -1.7188145   1.4429950  -2.5281435 2026 01 14 23 59 41.84
0  -9795.75741  16948.57592  16327.46258  -1.7109417   1.4416488  -2.5360145 2026 01 15 00 00 01.84
0  -9829.89722  16977.39508  16276.66401  -1.7030599   1.4402687  -2.5438612 2026 01 15 00 00 21.84
0  -9863.87932  17006.18629  16225.70874  -1.6951694   1.4388546  -2.5516836 2026 01 15 00 00 41.84
0  -9897.70351  17034.94887  16174.59728  -1.6872702   1.4374065  -2.5594816 2026 01 15 00 01 01.84
0  -9931.36964  17063.68216  16123.33009  -1.6793626   1.4359244  -2.5672551 2026 01 15 00 01 21.84
0  -9964.87753  17092.38546  16071.90769  -1.6714466   1.4344083  -2.5750041 2026 01 15 00 01 41.84
0  -9998.22702  17121.05811  16020.33054  -1.6635225   1.4328581  -2.5827284 2026 01 15 00 02 01.84
0 -10031.41795  17149.69941  15968.59916  -1.6555903   1.4312740  -2.5904281 2026 01 15 00 02 21.84
0 -10064.45016  17178.30868  15916.71404  -1.6476503   1.4296557  -2.5981029 2026 01 15 00 02 41.84
0 -10097.32349  17206.88526  15864.67567  -1.6397027   1.4280034  -2.6057529 2026 01 15 00 03 01.84
0 -10130.03779  17235.42844  15812.48455  -1.6317475   1.4263170  -2.6133780 2026 01 15 00 03 21.84
0 -10162.59291  17263.93756  15760.14117  -1.6237849   1.4245966  -2.6209781 2026 01 15 00 03 41.84
0 -10194.98871  17292.41192  15707.64605  -1.6158151   1.4228420  -2.6285531 2026 01 15 00 04 01.84
0 -10227.22505  17320.85086  15654.99968  -1.6078383   1.4210534  -2.6361029 2026 01 15 00 04 21.84
0 -10259.30178  17349.25368  15602.20256  -1.5998546   1.4192306  -2.6436275 2026 01 15 00 04 41.84
0 -10291.21877  17377.61971  15549.25521  -1.5918641   1.4173737  -2.6511268 2026 01 15 00 05 01.84
0 -10322.97588  17405.94826  15496.15812  -1.5838671   1.4154827  -2.6586007 2026 01 15 00 05 21.84
0 -10354.57299  17434.23864  15442.91181  -1.5758636   1.4135576  -2.6660492 2026 01 15 00 05 41.84
0 -10386.00997  17462.49019  15389.51679  -1.5678539   1.4115984  -2.6734722 2026 01 15 00 06 01.84
0 -10417.28669  17490.70221  15335.97356  -1.5598381   1.4096050  -2.6808696 2026 01 15 00 06 21.84
0 -10448.40304  17518.87402  15282.28264  -1.5518164   1.4075774  -2.6882413 2026 01 15 00 06 41.84
0 -10479.35889  17547.00493  15228.44455  -1.5437888   1.4055158  -2.6955872 2026 01 15 00 07 01.84
0 -10510.15414  17575.09428  15174.45979  -1.5357557   1.4034200  -2.7029074 2026 01 15 00 07 21.84
0 -10540.78867  17603.14136  15120.32890  -1.5277170   1.4012900  -2.7102017 2026 01 15 00 07 41.84
0 -10571.26238  17631.14551  15066.05237  -1.5196731   1.3991259  -2.7174700 2026 01 15 00 08 01.84
0 -10601.57515  17659.10603  15011.63074  -1.5116241   1.3969277  -2.7247123 2026 01 15 00 08 21.84
0 -10631.72690  17687.02225  14957.06453  -1.5035700   1.3946953  -2.7319285 2026 01 15 00 08 41.84
0 -10661.71751  17714.89348  14902.35425  -1.4955111   1.3924288  -2.7391186 2026 01 15 00 09 01.84
0 -10691.54691  17742.71904  14847.50044  -1.4874476   1.3901282  -2.7462824 2026 01 15 00 09 21.84
0 -10721.21498  17770.49825  14792.50361  -1.4793796   1.3877934  -2.7534199 2026 01 15 00 09 41.84
0 -10750.72165  17798.23041  14737.36430  -1.4713072   1.3854245  -2.7605310 2026 01 15 00 10 01.84
0 -10780.06684  17825.91486  14682.08302  -1.4632306   1.3830215  -2.7676157 2026 01 15 00 10 21.84
0 -10809.25045  17853.55091  14626.66033  -1.4551500   1.3805843  -2.7746738 2026 01 15 00 10 41.84
0 -10838.27241  17881.13788  14571.09673  -1.4470655   1.3781131  -2.7817054 2026 01 15 00 11 01.84
0 -10867.13264  17908.67508  14515.39277  -1.4389774   1.3756077  -2.7887103 2026 01 15 00 11 21.84
0 -10895.83108  17936.16183  14459.54898  -1.4308856   1.3730682  -2.7956885 2026 01 15 00 11 41.84
0 -10924.36764  17963.59745  14403.56589  -1.4227905   1.3704947  -2.8026400 2026 01 15 00 12 01.84
0 -10952.74228  17990.98126  14347.44404  -1.4146922   1.3678871  -2.8095645 2026 01 15 00 12 21.84
0 -10980.95491  18018.31258  14291.18398  -1.4065908   1.3652454  -2.8164621 2026 01 15 00 12 41.84
0 -11009.00549  18045.59072  14234.78623  -1.3984865   1.3625697  -2.8233328 2026 01 15 00 13 01.84
0 -11036.89396  18072.81501  14178.25133  -1.3903794   1.3598599  -2.8301763 2026 01 15 00 13 21.84
0 -11064.62026  18099.98477  14121.57984  -1.3822697   1.3571160  -2.8369928 2026 01 15 00 13 41.84
0 -11092.18434  18127.09931  14064.77230  -1.3741577   1.3543382  -2.8437820 2026 01 15 00 14 01.84
0 -11119.58615  18154.15795  14007.82924  -1.3660433   1.3515264  -2.8505440 2026 01 15 00 14 21.84
0 -11146.82566  18181.16001  13950.75121  -1.3579268   1.3486805  -2.8572786 2026 01 15 00 14 41.84
0 -11173.90282  18208.10482  13893.53877  -1.3498084   1.3458007  -2.8639859 2026 01 15 00 15 01.84
0 -11200.81760  18234.99170  13836.19245  -1.3416882   1.3428869  -2.8706657 2026 01 15 00 15 21.84
0 -11227.56995  18261.81996  13778.71282  -1.3335664   1.3399392  -2.8773180 2026 01 15 00 15 41.84
0 -11254.15985  18288.58892  13721.10041  -1.3254431   1.3369575  -2.8839426 2026 01 15 00 16 01.84
0 -11280.58728  18315.29792  13663.35579  -1.3173185   1.3339420  -2.8905397 2026 01 15 00 16 21.84
0 -11306.85220  18341.94626  13605.47951  -1.3091927   1.3308925  -2.8971090 2026 01 15 00 16 41.84
0 -11332.95459  18368.53328  13547.47212  -1.3010659   1.3278092  -2.9036505 2026 01 15 00 17 01.84
0 -11358.89445  18395.05829  13489.33418  -1.2929383   1.3246920  -2.9101641 2026 01 15 00 17 21.84
0 -11384.67174  18421.52062  13431.06624  -1.2848101   1.3215410  -2.9166499 2026 01 15 00 17 41.84
0 -11410.28646  18447.91960  13372.66887  -1.2766813   1.3183562  -2.9231076 2026 01 15 00 18 01.84
0 -11435.73860  18474.25454  13314.14263  -1.2685521   1.3151376  -2.9295373 2026 01 15 00 18 21.84
0 -11461.02816  18500.52477  13255.48807  -1.2604228   1.3118853  -2.9359390 2026 01 15 00 18 41.84
0 -11486.15514  18526.72962  13196.70576  -1.2522934   1.3085992  -2.9423124 2026 01 15 00 19 01.84
0 -11511.11952  18552.86841  13137.79627  -1.2441641   1.3052794  -2.9486576 2026 01 15 00 19 21.84
0 -11535.92133  18578.94047  13078.76015  -1.2360352   1.3019259  -2.9549745 2026 01 15 00 19 41.84
0 -11560.56055  18604.94512  13019.59798  -1.2279066   1.2985387  -2.9612631 2026 01 15 00 20 01.84
0 -11585.03722  18630.88169  12960.31033  -1.2197787   1.2951179  -2.9675233 2026 01 15 00 20 21.84
0 -11609.35133  18656.74951  12900.89775  -1.2116515   1.2916635  -2.9737549 2026 01 15 00 20 41.84
0 -11633.50291  18682.54790  12841.36083  -1.2035253   1.2881755  -2.9799580 2026 01 15 00 21 01.84
0 -11657.49198  18708.27620  12781.70013  -1.1954001   1.2846540  -2.9861326 2026 01 15 00 21 21.84
0 -11681.31855  18733.93374  12721.91623  -1.1872761   1.2810989  -2.9922784 2026 01 15 00 21 41.84
0 -11704.98266  18759.51984  12662.00970  -1.1791535   1.2775104  -2.9983956 2026 01 15 00 22 01.84
0 -11728.48433  18785.03384  12601.98111  -1.1710325   1.2738883  -3.0044839 2026 01 15 00 22 21.84
0 -11751.82360  18810.47506  12541.83105  -1.1629132   1.2702329  -3.0105434 2026 01 15 00 22 41.84
0 -11775.00050  18835.84283  12481.56008  -1.1547958   1.2665441  -3.0165740 2026 01 15 00 23 01.84
0 -11798.01508  18861.13650  12421.16880  -1.1466804   1.2628218  -3.0225757 2026 01 15 00 23 21.84
0 -11820.86737  18886.35539  12360.65777  -1.1385671   1.2590663  -3.0285483 2026 01 15 00 23 41.84
0 -11843.55741  18911.49884  12300.02758  -1.1304562   1.2552775  -3.0344918 2026 01 15 00 24 01.84
0 -11866.08527  18936.56618  12239.27881  -1.1223478   1.2514554  -3.0404062 2026 01 15 00 24 21.84
0 -11888.45098  18961.55675  12178.41204  -1.1142421   1.2476001  -3.0462914 2026 01 15 00 24 41.84
0 -11910.65461  18986.46988  12117.42786  -1.1061392   1.2437116  -3.0521474 2026 01 15 00 25 01.84
0 -11932.69620  19011.30490  12056.32686  -1.0980392   1.2397899  -3.0579740 2026 01 15 00 25 21.84
0 -11954.57584  19036.06117  11995.10962  -1.0899424   1.2358351  -3.0637713 2026 01 15 00 25 41.84
0 -11976.29356  19060.73800  11933.77673  -1.0818489   1.2318473  -3.0695391 2026 01 15 00 26 01.84
0 -11997.84945  19085.33476  11872.32878  -1.0737588   1.2278264  -3.0752775 2026 01 15 00 26 21.84
0 -12019.24358  19109.85076  11810.76635  -1.0656723   1.2237726  -3.0809863 2026 01 15 00 26 41.84
0 -12040.47601  19134.28536  11749.09005  -1.0575895   1.2196858  -3.0866655 2026 01 15 00 27 01.84
0 -12061.54683  19158.63789  11687.30046  -1.0495107   1.2155660  -3.0923150 2026 01 15 00 27 21.84
0 -12082.45611  19182.90770  11625.39817  -1.0414359   1.2114134  -3.0979349 2026 01 15 00 27 41.84
0 -12103.20394  19207.09413  11563.38379  -1.0333654   1.2072280  -3.1035250 2026 01 15 00 28 01.84
0 -12123.79040  19231.19653  11501.25790  -1.0252992   1.2030098  -3.1090852 2026 01 15 00 28 21.84
0 -12144.21558  19255.21423  11439.02111  -1.0172376   1.1987589  -3.1146156 2026 01 15 00 28 41.84
0 -12164.47958  19279.14659  11376.67401  -1.0091807   1.1944753  -3.1201160 2026 01 15 00 29 01.84
0 -12184.58249  19302.99295  11314.21720  -1.0011286   1.1901590  -3.1255865 2026 01 15 00 29 21.84
0 -12204.52441  19326.75267  11251.65128  -0.9930815   1.1858101  -3.1310269 2026 01 15 00 29 41.84
0 -12224.30544  19350.42507  11188.97685  -0.9850396   1.1814287  -3.1364373 2026 01 15 00 30 01.84
0 -12243.92568  19374.00953  11126.19452  -0.9770030   1.1770148  -3.1418175 2026 01 15 00 30 21.84
0 -12263.38525  19397.50538  11063.30489  -0.9689718   1.1725684  -3.1471674 2026 01 15 00 30 41.84
0 -12282.68424  19420.91198  11000.30856  -0.9609463   1.1680897  -3.1524872 2026 01 15 00 31 01.84
0 -12301.82279  19444.22869  10937.20614  -0.9529266   1.1635785  -3.1577766 2026 01 15 00 31 21.84
0 -12320.80100  19467.45484  10873.99823  -0.9449128   1.1590351  -3.1630357 2026 01 15 00 31 41.84
0 -12339.61900  19490.58981  10810.68545  -0.9369051   1.1544594  -3.1682644 2026 01 15 00 32 01.84
0 -12358.27691  19513.63294  10747.26840  -0.9289036   1.1498515  -3.1734626 2026 01 15 00 32 21.84
0 -12376.77485  19536.58360  10683.74769  -0.9209085   1.1452115  -3.1786302 2026 01 15 00 32 41.84
0 -12395.11295  19559.44113  10620.12393  -0.9129200   1.1405394  -3.1837674 2026 01 15 00 33 01.84
0 -12413.29135  19582.20490  10556.39774  -0.9049382   1.1358352  -3.1888739 2026 01 15 00 33 21.84
0 -12431.31019  19604.87427  10492.56972  -0.8969632   1.1310991  -3.1939497 2026 01 15 00 33 41.84
0 -12449.16959  19627.44859  10428.64049  -0.8889953   1.1263310  -3.1989949 2026 01 15 00 34 01.84
0 -12466.86971  19649.92724  10364.61067  -0.8810345   1.1215310  -3.2040092 2026 01 15 00 34 21.84
0 -12484.41068  19672.30957  10300.48087  -0.8730810   1.1166993  -3.2089928 2026 01 15 00 34 41.84
0 -12501.79266  19694.59494  10236.25171  -0.8651350   1.1118358  -3.2139455 2026 01 15 00 35 01.84
0 -12519.01580  19716.78273  10171.92380  -0.8571966   1.1069405  -3.2188673 2026 01 15 00 35 21.84
0 -12536.08024  19738.87231  10107.49777  -0.8492660   1.1020137  -3.2237581 2026 01 15 00 35 41.84
0 -12552.98616  19760.86302  10042.97423  -0.8413432   1.0970553  -3.2286179 2026 01 15 00 36 01.84
0 -12569.73370  19782.75426   9978.35380  -0.8334286   1.0920653  -3.2334466 2026 01 15 00 36 21.84
0 -12586.32302  19804.54538   9913.63712  -0.8255222   1.0870439  -3.2382442 2026 01 15 00 36 41.84
0 -12602.75431  19826.23576   9848.82479  -0.8176242   1.0819911  -3.2430107 2026 01 15 00 37 01.84
0 -12619.02772  19847.82477   9783.91744  -0.8097347   1.0769070  -3.2477460 2026 01 15 00 37 21.84
0 -12635.14343  19869.31179   9718.91570  -0.8018539   1.0717916  -3.2524500 2026 01 15 00 37 41.84
0 -12651.10161  19890.69618   9653.82020  -0.7939819   1.0666450  -3.2571228 2026 01 15 00 38 01.84
0 -12666.90244  19911.97734   9588.63155  -0.7861189   1.0614672  -3.2617642 2026 01 15 00 38 21.84
0 -12682.54610  19933.15463   9523.35039  -0.7782650   1.0562584  -3.2663742 2026 01 15 00 38 41.84
0 -12698.03277  19954.22743   9457.97734  -0.7704203   1.0510186  -3.2709527 2026 01 15 00 39 01.84
0 -12713.36265  19975.19513   9392.51304  -0.7625852   1.0457478  -3.2754998 2026 01 15 00 39 21.84
0 -12728.53592  19996.05710   9326.95811  -0.7547596   1.0404462  -3.2800154 2026 01 15 00 39 41.84
0 -12743.55277  20016.81274   9261.31318  -0.7469437   1.0351137  -3.2844994 2026 01 15 00 40 01.84
0 -12758.41341  20037.46141   9195.57890  -0.7391377   1.0297506  -3.2889518 2026 01 15 00 40 21.84
0 -12773.11803  20058.00252   9129.75588  -0.7313417   1.0243567  -3.2933725 2026 01 15 00 40 41.84
0 -12787.66683  20078.43545   9063.84476  -0.7235559   1.0189322  -3.2977615 2026 01 15 00 41 01.84
0 -12802.06001  20098.75958   8997.84618  -0.7157804   1.0134773  -3.3021188 2026 01 15 00 41 21.84
0 -12816.29779  20118.97431   8931.76077  -0.7080153   1.0079918  -3.3064443 2026 01 15 00 41 41.84
0 -12830.38038  20139.07902   8865.58917  -0.7002609   1.0024760  -3.3107380 2026 01 15 00 42 01.84
0 -12844.30799  20159.07312   8799.33202  -0.6925172   0.9969299  -3.3149998 2026 01 15 00 42 21.84
0 -12858.08083  20178.95599   8732.98995  -0.6847845   0.9913535  -3.3192296 2026 01 15 00 42 41.84
0 -12871.69912  20198.72703   8666.56361  -0.6770627   0.9857470  -3.3234275 2026 01 15 00 43 01.84
0 -12885.16310  20218.38564   8600.05362  -0.6693522   0.9801103  -3.3275934 2026 01 15 00 43 21.84
0 -12898.47298  20237.93122   8533.46064  -0.6616531   0.9744437  -3.3317273 2026 01 15 00 43 41.84
0 -12911.62899  20257.36317   8466.78530  -0.6539654   0.9687471  -3.3358291 2026 01 15 00 44 01.84
0 -12924.63136  20276.68089   8400.02825  -0.6462893   0.9630207  -3.3398987 2026 01 15 00 44 21.84
0 -12937.48033  20295.88378   8333.19012  -0.6386251   0.9572644  -3.3439362 2026 01 15 00 44 41.84
0 -12950.17613  20314.97125   8266.27157  -0.6309727   0.9514785  -3.3479415 2026 01 15 00 45 01.84
0 -12962.71901  20333.94271   8199.27324  -0.6233324   0.9456630  -3.3519146 2026 01 15 00 45 21.84
0 -12975.10921  20352.79756   8132.19577  -0.6157044   0.9398179  -3.3558553 2026 01 15 00 45 41.84
0 -12987.34696  20371.53522   8065.03980  -0.6080887   0.9339433  -3.3597637 2026 01 15 00 46 01.84
0 -12999.43253  20390.15509   7997.80599  -0.6004854   0.9280393  -3.3636398 2026 01 15 00 46 21.84
0 -13011.36616  20408.65658   7930.49499  -0.5928949   0.9221060  -3.3674835 2026 01 15 00 46 41.84
0 -13023.14811  20427.03913   7863.10743  -0.5853171   0.9161436  -3.3712947 2026 01 15 00 47 01.84
0 -13034.77863  20445.30212   7795.64398  -0.5777522   0.9101519  -3.3750735 2026 01 15 00 47 21.84
0 -13046.25798  20463.44500   7728.10527  -0.5702004   0.9041312  -3.3788197 2026 01 15 00 47 41.84
0 -13057.58643  20481.46718   7660.49197  -0.5626618   0.8980816  -3.3825334 2026 01 15 00 48 01.84
0 -13068.76424  20499.36807   7592.80472  -0.5551366   0.8920030  -3.3862145 2026 01 15 00 48 21.84
0 -13079.79168  20517.14710   7525.04417  -0.5476248   0.8858956  -3.3898629 2026 01 15 00 48 41.84
0 -13090.66903  20534.80370   7457.21099  -0.5401267   0.8797595  -3.3934787 2026 01 15 00 49 01.84
0 -13101.39655  20552.33729   7389.30581  -0.5326423   0.8735948  -3.3970618 2026 01 15 00 49 21.84
0 -13111.97452  20569.74730   7321.32930  -0.5251719   0.8674015  -3.4006122 2026 01 15 00 49 41.84
0 -13122.40322  20587.03317   7253.28211  -0.5177155   0.8611798  -3.4041298 2026 01 15 00 50 01.84
0 -13132.68294  20604.19431   7185.16489  -0.5102733   0.8549297  -3.4076145 2026 01 15 00 50 21.84
0 -13142.81395  20621.23017   7116.97831  -0.5028454   0.8486513  -3.4110665 2026 01 15 00 50 41.84
0 -13152.79656  20638.14018   7048.72302  -0.4954320   0.8423448  -3.4144856 2026 01 15 00 51 01.84
0 -13162.63104  20654.92378   6980.39967  -0.4880332   0.8360101  -3.4178717 2026 01 15 00 51 21.84
0 -13172.31770  20671.58041   6912.00894  -0.4806492   0.8296474  -3.4212249 2026 01 15 00 51 41.84
0 -13181.85682  20688.10950   6843.55146  -0.4732800   0.8232568  -3.4245452 2026 01 15 00 52 01.84
0 -13191.24871  20704.51051   6775.02792  -0.4659259   0.8168383  -3.4278324 2026 01 15 00 52 21.84
0 -13200.49366  20720.78287   6706.43896  -0.4585869   0.8103922  -3.4310866 2026 01 15 00 52 41.84
0 -13209.59200  20736.92603   6637.78525  -0.4512631   0.8039184  -3.4343077 2026 01 15 00 53 01.84
0 -13218.54401  20752.93943   6569.06744  -0.4439549   0.7974170  -3.4374957 2026 01 15 00 53 21.84
0 -13227.35001  20768.82254   6500.28621  -0.4366621   0.7908882  -3.4406505 2026 01 15 00 53 41.84
0 -13236.01031  20784.57479   6431.44221  -0.4293851   0.7843320  -3.4437722 2026 01 15 00 54 01.84
0 -13244.52523  20800.19565   6362.53611  -0.4221239   0.7777485  -3.4468607 2026 01 15 00 54 21.84
0 -13252.89509  20815.68458   6293.56858  -0.4148787   0.7711379  -3.4499159 2026 01 15 00 54 41.84
0 -13261.12020  20831.04101   6224.54027  -0.4076495   0.7645002  -3.4529379 2026 01 15 00 55 01.84
0 -13269.20090  20846.26443   6155.45185  -0.4004366   0.7578355  -3.4559266 2026 01 15 00 55 21.84
0 -13277.13749  20861.35428   6086.30400  -0.3932401   0.7511440  -3.4588819 2026 01 15 00 55 41.84
0 -13284.93033  20876.31003   6017.09737  -0.3860600   0.7444257  -3.4618039 2026 01 15 00 56 01.84
0 -13292.57973  20891.13116   5947.83264  -0.3788966   0.7376807  -3.4646926 2026 01 15 00 56 21.84
0 -13300.08602  20905.81711   5878.51046  -0.3717500   0.7309091  -3.4675478 2026 01 15 00 56 41.84
0 -13307.44956  20920.36737   5809.13152  -0.3646202   0.7241110  -3.4703695 2026 01 15 00 57 01.84
0 -13314.67067  20934.78141   5739.69648  -0.3575075   0.7172866  -3.4731578 2026 01 15 00 57 21.84
0 -13321.74969  20949.05870   5670.20601  -0.3504119   0.7104359  -3.4759126 2026 01 15 00 57 41.84
0 -13328.68698  20963.19871   5600.66077  -0.3433336   0.7035590  -3.4786339 2026 01 15 00 58 01.84
0 -13335.48288  20977.20092   5531.06145  -0.3362727   0.6966560  -3.4813216 2026 01 15 00 58 21.84
0 -13342.13773  20991.06481   5461.40871  -0.3292294   0.6897271  -3.4839757 2026 01 15 00 58 41.84
0 -13348.65190  21004.78987   5391.70322  -0.3222037   0.6827723  -3.4865962 2026 01 15 00 59 01.84
0 -13355.02573  21018.37557   5321.94566  -0.3151958   0.6757918  -3.4891831 2026 01 15 00 59 21.84
0 -13361.25958  21031.82141   5252.13670  -0.3082059   0.6687856  -3.4917363 2026 01 15 00 59 41.84
0 -13367.35381  21045.12687   5182.27700  -0.3012340   0.6617538  -3.4942559 2026 01 15 01 00 01.84
0 -13373.30879  21058.29143   5112.36726  -0.2942803   0.6546966  -3.4967417 2026 01 15 01 00 21.84
0 -13379.12487  21071.31461   5042.40814  -0.2873449   0.6476141  -3.4991938 2026 01 15 01 00 41.84
0 -13384.80244  21084.19587   4972.40031  -0.2804280   0.6405063  -3.5016121 2026 01 15 01 01 01.84
0 -13390.34185  21096.93474   4902.34446  -0.2735296   0.6333734  -3.5039966 2026 01 15 01 01 21.84
0 -13395.74348  21109.53069   4832.24125  -0.2666499   0.6262155  -3.5063473 2026 01 15 01 01 41.84
0 -13401.00770  21121.98324   4762.09137  -0.2597890   0.6190327  -3.5086642 2026 01 15 01 02 01.84
0 -13406.13490  21134.29189   4691.89548  -0.2529470   0.6118251  -3.5109473 2026 01 15 01 02 21.84
0 -13411.12544  21146.45614   4621.65428  -0.2461241   0.6045928  -3.5131964 2026 01 15 01 02 41.84
0 -13415.97973  21158.47549   4551.36843  -0.2393204   0.5973360  -3.5154117 2026 01 15 01 03 01.84
0 -13420.69813  21170.34947   4481.03861  -0.2325360   0.5900547  -3.5175930 2026 01 15 01 03 21.84
0 -13425.28103  21182.07757   4410.66551  -0.2257710   0.5827490  -3.5197404 2026 01 15 01 03 41.84
0 -13429.72884  21193.65932   4340.24980  -0.2190256   0.5754191  -3.5218538 2026 01 15 01 04 01.84
0 -13434.04193  21205.09423   4269.79217  -0.2122999   0.5680650  -3.5239332 2026 01 15 01 04 21.84
0 -13438.22070  21216.38182   4199.29328  -0.2055939   0.5606870  -3.5259786 2026 01 15 01 04 41.84
0 -13442.26556  21227.52161   4128.75383  -0.1989079   0.5532850  -3.5279899 2026 01 15 01 05 01.84
0 -13446.17689  21238.51313   4058.17449  -0.1922419   0.5458593  -3.5299672 2026 01 15 01 05 21.84
0 -13449.95511  21249.35589   3987.55595  -0.1855960   0.5384099  -3.5319105 2026 01 15 01 05 41.84
0 -13453.60061  21260.04943   3916.89888  -0.1789705   0.5309369  -3.5338196 2026 01 15 01 06 01.84
0 -13457.11381  21270.59328   3846.20397  -0.1723653   0.5234405  -3.5356946 2026 01 15 01 06 21.84
0 -13460.49510  21280.98697   3775.47190  -0.1657806   0.5159208  -3.5375355 2026 01 15 01 06 41.84
0 -13463.74491  21291.23003   3704.70336  -0.1592166   0.5083779  -3.5393422 2026 01 15 01 07 01.84
0 -13466.86365  21301.32200   3633.89902  -0.1526733   0.5008119  -3.5411148 2026 01 15 01 07 21.84
0 -13469.85173  21311.26242   3563.05957  -0.1461508   0.4932229  -3.5428532 2026 01 15 01 07 41.84
0 -13472.70957  21321.05084   3492.18570  -0.1396494   0.4856110  -3.5445574 2026 01 15 01 08 01.84
0 -13475.43759  21330.68679   3421.27808  -0.1331690   0.4779765  -3.5462273 2026 01 15 01 08 21.84
0 -13478.03622  21340.16982   3350.33741  -0.1267099   0.4703193  -3.5478630 2026 01 15 01 08 41.84
0 -13480.50588  21349.49949   3279.36437  -0.1202721   0.4626396  -3.5494645 2026 01 15 01 09 01.84
0 -13482.84699  21358.67534   3208.35964  -0.1138557   0.4549376  -3.5510316 2026 01 15 01 09 21.84
0 -13485.06000  21367.69692   3137.32392  -0.1074608   0.4472133  -3.5525645 2026 01 15 01 09 41.84
0 -13487.14532  21376.56380   3066.25787  -0.1010877   0.4394669  -3.5540631 2026 01 15 01 10 01.84
0 -13489.10340  21385.27553   2995.16220  -0.0947363   0.4316985  -3.5555274 2026 01 15 01 10 21.84
0 -13490.93467  21393.83168   2924.03759  -0.0884068   0.4239082  -3.5569573 2026 01 15 01 10 41.84
0 -13492.63957  21402.23180   2852.88472  -0.0820993   0.4160961  -3.5583528 2026 01 15 01 11 01.84
0 -13494.21855  21410.47547   2781.70428  -0.0758139   0.4082624  -3.5597140 2026 01 15 01 11 21.84
0 -13495.67203  21418.56224   2710.49697  -0.0695508   0.4004072  -3.5610409 2026 01 15 01 11 41.84
0 -13497.00048  21426.49170   2639.26346  -0.0633100   0.3925306  -3.5623333 2026 01 15 01 12 01.84
0 -13498.20434  21434.26341   2568.00445  -0.0570916   0.3846327  -3.5635913 2026 01 15 01 12 21.84
0 -13499.28405  21441.87696   2496.72062  -0.0508958   0.3767137  -3.5648149 2026 01 15 01 12 41.84
0 -13500.24008  21449.33192   2425.41266  -0.0447226   0.3687737  -3.5660041 2026 01 15 01 13 01.84
0 -13501.07287  21456.62786   2354.08127  -0.0385722   0.3608128  -3.5671588 2026 01 15 01 13 21.84
0 -13501.78288  21463.76439   2282.72712  -0.0324447   0.3528311  -3.5682790 2026 01 15 01 13 41.84
0 -13502.37057  21470.74107   2211.35092  -0.0263402   0.3448289  -3.5693648 2026 01 15 01 14 01.84
0 -13502.83640  21477.55750   2139.95334  -0.0202588   0.3368061  -3.5704161 2026 01 15 01 14 21.84
0 -13503.18083  21484.21328   2068.53508  -0.0142005   0.3287629  -3.5714329 2026 01 15 01 14 41.84
0 -13503.40434  21490.70799   1997.09683  -0.0081656   0.3206995  -3.5724152 2026 01 15 01 15 01.84
0 -13503.50738  21497.04123   1925.63928  -0.0021541   0.3126160  -3.5733630 2026 01 15 01 15 21.84
0 -13503.49042  21503.21260   1854.16312   0.0038340   0.3045125  -3.5742763 2026 01 15 01 15 41.84
0 -13503.35394  21509.22170   1782.66904   0.0097984   0.2963891  -3.5751550 2026 01 15 01 16 01.84
0 -13503.09841  21515.06814   1711.15773   0.0157390   0.2882461  -3.5759992 2026 01 15 01 16 21.84
0 -13502.72430  21520.75152   1639.62988   0.0216559   0.2800834  -3.5768089 2026 01 15 01 16 41.84
0 -13502.23209  21526.27146   1568.08619   0.0275489   0.2719012  -3.5775840 2026 01 15 01 17 01.84
0 -13501.62227  21531.62756   1496.52734   0.0334178   0.2636998  -3.5783245 2026 01 15 01 17 21.84
0 -13500.89531  21536.81943   1424.95402   0.0392626   0.2554791  -3.5790304 2026 01 15 01 17 41.84
0 -13500.05169  21541.84671   1353.36693   0.0450832   0.2472394  -3.5797018 2026 01 15 01 18 01.84
0 -13499.09191  21546.70900   1281.76676   0.0508794   0.2389807  -3.5803385 2026 01 15 01 18 21.84
0 -13498.01645  21551.40593   1210.15420   0.0566513   0.2307033  -3.5809407 2026 01 15 01 18 41.84
0 -13496.82579  21555.93712   1138.52994   0.0623986   0.2224072  -3.5815083 2026 01 15 01 19 01.84
0 -13495.52044  21560.30221   1066.89468   0.0681213   0.2140925  -3.5820412 2026 01 15 01 19 21.84
0 -13494.10088  21564.50082    995.24911   0.0738192   0.2057595  -3.5825395 2026 01 15 01 19 41.84
0 -13492.56760  21568.53259    923.59391   0.0794924   0.1974082  -3.5830032 2026 01 15 01 20 01.84
0 -13490.92112  21572.39716    851.92979   0.0851406   0.1890388  -3.5834323 2026 01 15 01 20 21.84
0 -13489.16192  21576.09415    780.25743   0.0907639   0.1806514  -3.5838267 2026 01 15 01 20 41.84
0 -13487.29050  21579.62322    708.57753   0.0963620   0.1722462  -3.5841865 2026 01 15 01 21 01.84
0 -13485.30737  21582.98401    636.89078   0.1019350   0.1638232  -3.5845117 2026 01 15 01 21 21.84
0 -13483.21304  21586.17616    565.19788   0.1074827   0.1553827  -3.5848022 2026 01 15 01 21 41.84
0 -13481.00801  21589.19933    493.49951   0.1130049   0.1469248  -3.5850581 2026 01 15 01 22 01.84
0 -13478.69279  21592.05317    421.79637   0.1185017   0.1384495  -3.5852793 2026 01 15 01 22 21.84
0 -13476.26789  21594.73733    350.08915   0.1239730   0.1299571  -3.5854658 2026 01 15 01 22 41.84
0 -13473.73382  21597.25148    278.37855   0.1294186   0.1214477  -3.5856177 2026 01 15 01 23 01.84
0 -13471.09109  21599.59527    206.66525   0.1348384   0.1129214  -3.5857349 2026 01 15 01 23 21.84
0 -13468.34023  21601.76836    134.94996   0.1402324   0.1043784  -3.5858175 2026 01 15 01 23 41.84
0 -13465.48175  21603.77043     63.23336   0.1456005   0.0958187  -3.5858654 2026 01 15 01 24 01.84
0 -13462.51616  21605.60114     -8.48385   0.1509425   0.0872427  -3.5858786 2026 01 15 01 24 21.84
0 -13459.44400  21607.26017    -80.20097   0.1562585   0.0786503  -3.5858572 2026 01 15 01 24 41.84
0 -13456.26578  21608.74719   -151.91732   0.1615482   0.0700417  -3.5858011 2026 01 15 01 25 01.84
0 -13452.98202  21610.06187   -223.63220   0.1668117   0.0614171  -3.5857103 2026 01 15 01 25 21.84
0 -13449.59327  21611.20391   -295.34492   0.1720488   0.0527766  -3.5855849 2026 01 15 01 25 41.84
0 -13446.10003  21612.17298   -367.05479   0.1772594   0.0441203  -3.5854248 2026 01 15 01 26 01.84
0 -13442.50285  21612.96877   -438.76111   0.1824435   0.0354485  -3.5852300 2026 01 15 01 26 21.84
0 -13438.80225  21613.59097   -510.46318   0.1876010   0.0267612  -3.5850006 2026 01 15 01 26 41.84
0 -13434.99877  21614.03927   -582.16032   0.1927318   0.0180586  -3.5847365 2026 01 15 01 27 01.84
0 -13431.09294  21614.31336   -653.85183   0.1978357   0.0093408  -3.5844377 2026 01 15 01 27 21.84
0 -13427.08530  21614.41295   -725.53702   0.2029128   0.0006080  -3.5841043 2026 01 15 01 27 41.84
0 -13422.97639  21614.33774   -797.21519   0.2079630  -0.0081397  -3.5837362 2026 01 15 01 28 01.84
0 -13418.76675  21614.08742   -868.88565   0.2129861  -0.0169021  -3.5833335 2026 01 15 01 28 21.84
0 -13414.45692  21613.66172   -940.54772   0.2179821  -0.0256791  -3.5828961 2026 01 15 01 28 41.84
0 -13410.04743  21613.06032  -1012.20069   0.2229508  -0.0344706  -3.5824240 2026 01 15 01 29 01.84
0 -13405.53885  21612.28296  -1083.84387   0.2278923  -0.0432764  -3.5819174 2026 01 15 01 29 21.84
0 -13400.93171  21611.32934  -1155.47658   0.2328065  -0.0520963  -3.5813761 2026 01 15 01 29 41.84
0 -13396.22656  21610.19918  -1227.09811   0.2376932  -0.0609302  -3.5808001 2026 01 15 01 30 01.84
0 -13391.42395  21608.89220  -1298.70777   0.2425524  -0.0697780  -3.5801895 2026 01 15 01 30 21.84
0 -13386.52444  21607.40813  -1370.30488   0.2473840  -0.0786394  -3.5795443 2026 01 15 01 30 41.84
0 -13381.52857  21605.74670  -1441.88874   0.2521879  -0.0875145  -3.5788645 2026 01 15 01 31 01.84
0 -13376.43690  21603.90764  -1513.45865   0.2569641  -0.0964029  -3.5781501 2026 01 15 01 31 21.84
0 -13371.24998  21601.89067  -1585.01393   0.2617124  -0.1053046  -3.5774010 2026 01 15 01 31 41.84
0 -13365.96837  21599.69554  -1656.55389   0.2664329  -0.1142195  -3.5766174 2026 01 15 01 32 01.84
0 -13360.59264  21597.32198  -1728.07782   0.2711254  -0.1231473  -3.5757991 2026 01 15 01 32 21.84
0 -13355.12334  21594.76974  -1799.58504   0.2757898  -0.1320879  -3.5749463 2026 01 15 01 32 41.84
0 -13349.56103  21592.03856  -1871.07487   0.2804261  -0.1410411  -3.5740589 2026 01 15 01 33 01.84
0 -13343.90627  21589.12819  -1942.54659   0.2850343  -0.1500069  -3.5731369 2026 01 15 01 33 21.84
0 -13338.15964  21586.03838  -2013.99954   0.2896141  -0.1589851  -3.5721804 2026 01 15 01 33 41.84
0 -13332.32169  21582.76888  -2085.43301   0.2941657  -0.1679754  -3.5711893 2026 01 15 01 34 01.84
0 -13326.39299  21579.31946  -2156.84631   0.2986888  -0.1769779  -3.5701637 2026 01 15 01 34 21.84
0 -13320.37412  21575.68987  -2228.23875   0.3031835  -0.1859922  -3.5691035 2026 01 15 01 34 41.84
0 -13314.26564  21571.87988  -2299.60964   0.3076496  -0.1950183  -3.5680088 2026 01 15 01 35 01.84
0 -13308.06812  21567.88925  -2370.95830   0.3120872  -0.2040560  -3.5668796 2026 01 15 01 35 21.84
0 -13301.78214  21563.71775  -2442.28402   0.3164960  -0.2131052  -3.5657159 2026 01 15 01 35 41.84
0 -13295.40827  21559.36516  -2513.58613   0.3208761  -0.2221656  -3.5645177 2026 01 15 01 36 01.84
0 -13288.94708  21554.83124  -2584.86393   0.3252274  -0.2312372  -3.5632850 2026 01 15 01 36 21.84
0 -13282.39916  21550.11579  -2656.11673   0.3295498  -0.2403198  -3.5620179 2026 01 15 01 36 41.84
0 -13275.76508  21545.21857  -2727.34384   0.3338433  -0.2494133  -3.5607162 2026 01 15 01 37 01.84
0 -13269.04542  21540.13938  -2798.54458   0.3381078  -0.2585174  -3.5593802 2026 01 15 01 37 21.84
0 -13262.24076  21534.87800  -2869.71825   0.3423432  -0.2676321  -3.5580097 2026 01 15 01 37 41.84
0 -13255.35168  21529.43423  -2940.86416   0.3465495  -0.2767571  -3.5566048 2026 01 15 01 38 01.84
0 -13248.37877  21523.80785  -3011.98164   0.3507266  -0.2858924  -3.5551654 2026 01 15 01 38 21.84
0 -13241.32261  21517.99867  -3083.06998   0.3548744  -0.2950377  -3.5536917 2026 01 15 01 38 41.84
0 -13234.18379  21512.00648  -3154.12850   0.3589929  -0.3041930  -3.5521836 2026 01 15 01 39 01.84
0 -13226.96289  21505.83109  -3225.15652   0.3630821  -0.3133580  -3.5506411 2026 01 15 01 39 21.84
0 -13219.66050  21499.47230  -3296.15335   0.3671418  -0.3225326  -3.5490643 2026 01 15 01 39 41.84
0 -13212.27722  21492.92993  -3367.11830   0.3711720  -0.3317167  -3.5474531 2026 01 15 01 40 01.84
0 -13204.81362  21486.20378  -3438.05068   0.3751727  -0.3409100  -3.5458076 2026 01 15 01 40 21.84
0 -13197.27031  21479.29367  -3508.94980   0.3791437  -0.3501125  -3.5441278 2026 01 15 01 40 41.84
0 -13189.64787  21472.19943  -3579.81499   0.3830851  -0.3593240  -3.5424137 2026 01 15 01 41 01.84
0 -13181.94690  21464.92087  -3650.64555   0.3869968  -0.3685443  -3.5406653 2026 01 15 01 41 21.84
0 -13174.16800  21457.45781  -3721.44081   0.3908787  -0.3777732  -3.5388827 2026 01 15 01 41 41.84
0 -13166.31176  21449.81010  -3792.20007   0.3947308  -0.3870107  -3.5370658 2026 01 15 01 42 01.84
0 -13158.37877  21441.97755  -3862.92265   0.3985529  -0.3962565  -3.5352147 2026 01 15 01 42 21.84
0 -13150.36964  21433.96000  -3933.60786   0.4023452  -0.4055105  -3.5333294 2026 01 15 01 42 41.84
0 -13142.28497  21425.75729  -4004.25503   0.4061074  -0.4147726  -3.5314099 2026 01 15 01 43 01.84
0 -13134.12535  21417.36926  -4074.86346   0.4098396  -0.4240425  -3.5294563 2026 01 15 01 43 21.84
0 -13125.89139  21408.79576  -4145.43249   0.4135417  -0.4333201  -3.5274685 2026 01 15 01 43 41.84
0 -13117.58369  21400.03663  -4215.96141   0.4172137  -0.4426053  -3.5254465 2026 01 15 01 44 01.84
0 -13109.20285  21391.09172  -4286.44955   0.4208554  -0.4518979  -3.5233904 2026 01 15 01 44 21.84
0 -13100.74948  21381.96089  -4356.89623   0.4244669  -0.4611978  -3.5213003 2026 01 15 01 44 41.84
0 -13092.22419  21372.64399  -4427.30077   0.4280481  -0.4705047  -3.5191760 2026 01 15 01 45 01.84
0 -13083.62757  21363.14088  -4497.66248   0.4315990  -0.4798186  -3.5170177 2026 01 15 01 45 21.84
0 -13074.96024  21353.45143  -4567.98069   0.4351195  -0.4891392  -3.5148254 2026 01 15 01 45 41.84
0 -13066.22280  21343.57550  -4638.25471   0.4386095  -0.4984664  -3.5125990 2026 01 15 01 46 01.84
0 -13057.41587  21333.51297  -4708.48386   0.4420691  -0.5078001  -3.5103387 2026 01 15 01 46 21.84
0 -13048.54005  21323.26369  -4778.66747   0.4454981  -0.5171400  -3.5080444 2026 01 15 01 46 41.84
0 -13039.59595  21312.82756  -4848.80485   0.4488966  -0.5264861  -3.5057161 2026 01 15 01 47 01.84
0 -13030.58420  21302.20445  -4918.89532   0.4522645  -0.5358381  -3.5033539 2026 01 15 01 47 21.84
0 -13021.50539  21291.39424  -4988.93822   0.4556017  -0.5451959  -3.5009578 2026 01 15 01 47 41.84
0 -13012.36014  21280.39681  -5058.93285   0.4589081  -0.5545594  -3.4985279 2026 01 15 01 48 01.84
0 -13003.14908  21269.21207  -5128.87854   0.4621839  -0.5639284  -3.4960640 2026 01 15 01 48 21.84
0 -12993.87280  21257.83989  -5198.77462   0.4654289  -0.5733026  -3.4935663 2026 01 15 01 48 41.84
0 -12984.53194  21246.28017  -5268.62041   0.4686430  -0.5826821  -3.4910349 2026 01 15 01 49 01.84
0 -12975.12710  21234.53282  -5338.41523   0.4718263  -0.5920665  -3.4884696 2026 01 15 01 49 21.84
0 -12965.65891  21222.59773  -5408.15841   0.4749786  -0.6014558  -3.4858706 2026 01 15 01 49 41.84
0 -12956.12797  21210.47480  -5477.84927   0.4781001  -0.6108497  -3.4832378 2026 01 15 01 50 01.84
0 -12946.53492  21198.16396  -5547.48714   0.4811905  -0.6202481  -3.4805713 2026 01 15 01 50 21.84
0 -12936.88037  21185.66510  -5617.07134   0.4842500  -0.6296509  -3.4778711 2026 01 15 01 50 41.84
0 -12927.16494  21172.97815  -5686.60121   0.4872784  -0.6390579  -3.4751373 2026 01 15 01 51 01.84
0 -12917.38926  21160.10301  -5756.07606   0.4902757  -0.6484689  -3.4723699 2026 01 15 01 51 21.84
0 -12907.55394  21147.03962  -5825.49522   0.4932419  -0.6578838  -3.4695688 2026 01 15 01 51 41.84
0 -12897.65961  21133.78789  -5894.85803   0.4961769  -0.6673024  -3.4667341 2026 01 15 01 52 01.84
0 -12887.70688  21120.34776  -5964.16381   0.4990808  -0.6767245  -3.4638659 2026 01 15 01 52 21.84
0 -12877.69640  21106.71915  -6033.41189   0.5019534  -0.6861500  -3.4609642 2026 01 15 01 52 41.84
0 -12867.62877  21092.90200  -6102.60160   0.5047948  -0.6955787  -3.4580290 2026 01 15 01 53 01.84
0 -12857.50463  21078.89625  -6171.73227   0.5076048  -0.7050104  -3.4550603 2026 01 15 01 53 21.84
0 -12847.32460  21064.70183  -6240.80323   0.5103836  -0.7144450  -3.4520581 2026 01 15 01 53 41.84
0 -12837.08931  21050.31869  -6309.81382   0.5131311  -0.7238824  -3.4490226 2026 01 15 01 54 01.84
0 -12826.79939  21035.74678  -6378.76336   0.5158471  -0.7333223  -3.4459536 2026 01 15 01 54 21.84
0 -12816.45545  21020.98605  -6447.65119   0.5185318  -0.7427646  -3.4428513 2026 01 15 01 54 41.84
0 -12806.05814  21006.03646  -6516.47664   0.5211850  -0.7522091  -3.4397157 2026 01 15 01 55 01.84
0 -12795.60808  20990.89795  -6585.23905   0.5238068  -0.7616557  -3.4365468 2026 01 15 01 55 21.84
0 -12785.10589  20975.57049  -6653.93774   0.5263971  -0.7711042  -3.4333447 2026 01 15 01 55 41.84
0 -12774.55222  20960.05404  -6722.57206   0.5289559  -0.7805544  -3.4301092 2026 01 15 01 56 01.84
0 -12763.94769  20944.34858  -6791.14134   0.5314832  -0.7900062  -3.4268406 2026 01 15 01 56 21.84
0 -12753.29292  20928.45406  -6859.64492   0.5339789  -0.7994595  -3.4235389 2026 01 15 01 56 41.84
0 -12742.58856  20912.37047  -6928.08213   0.5364431  -0.8089139  -3.4202040 2026 01 15 01 57 01.84
0 -12731.83523  20896.09777  -6996.45231   0.5388756  -0.8183695  -3.4168359 2026 01 15 01 57 21.84
0 -12721.03356  20879.63596  -7064.75480   0.5412765  -0.8278260  -3.4134348 2026 01 15 01 57 41.84
0 -12710.18420  20862.98501  -7132.98893   0.5436458  -0.8372832  -3.4100007 2026 01 15 01 58 01.84
0 -12699.28776  20846.14491  -7201.15406   0.5459834  -0.8467410  -3.4065336 2026 01 15 01 58 21.84
0 -12688.34489  20829.11565  -7269.24951   0.5482894  -0.8561993  -3.4030335 2026 01 15 01 58 41.84
0 -12677.35622  20811.89723  -7337.27463   0.5505636  -0.8656578  -3.3995004 2026 01 15 01 59 01.84
0 -12666.32238  20794.48963  -7405.22876   0.5528061  -0.8751164  -3.3959345 2026 01 15 01 59 21.84
0 -12655.24401  20776.89286  -7473.11125   0.5550169  -0.8845749  -3.3923356 2026 01 15 01 59 41.84
0 -12644.12174  20759.10693  -7540.92143   0.5571959  -0.8940332  -3.3887040 2026 01 15 02 00 01.84
0 -12632.95620  20741.13183  -7608.65865   0.5593432  -0.9034911  -3.3850395 2026 01 15 02 00 21.84
0 -12621.74804  20722.96758  -7676.32225   0.5614586  -0.9129484  -3.3813423 2026 01 15 02 00 41.84
0 -12610.49789  20704.61419  -7743.91158   0.5635423  -0.9224050  -3.3776123 2026 01 15 02 01 01.84
0 -12599.20639  20686.07168  -7811.42598   0.5655942  -0.9318607  -3.3738497 2026 01 15 02 01 21.84
0 -12587.87416  20667.34007  -7878.86481   0.5676142  -0.9413154  -3.3700543 2026 01 15 02 01 41.84
0 -12576.50185  20648.41938  -7946.22740   0.5696024  -0.9507688  -3.3662264 2026 01 15 02 02 01.84
0 -12565.09010  20629.30963  -8013.51311   0.5715588  -0.9602209  -3.3623659 2026 01 15 02 02 21.84
0 -12553.63954  20610.01085  -8080.72128   0.5734833  -0.9696714  -3.3584728 2026 01 15 02 02 41.84
0 -12542.15080  20590.52309  -8147.85127   0.5753759  -0.9791202  -3.3545473 2026 01 15 02 03 01.84
0 -12530.62454  20570.84636  -8214.90242   0.5772366  -0.9885671  -3.3505892 2026 01 15 02 03 21.84
0 -12519.06137  20550.98072  -8281.87408   0.5790655  -0.9980119  -3.3465988 2026 01 15 02 03 41.84
0 -12507.46195  20530.92621  -8348.76561   0.5808624  -1.0074545  -3.3425759 2026 01 15 02 04 01.84
0 -12495.82691  20510.68287  -8415.57637   0.5826275  -1.0168948  -3.3385207 2026 01 15 02 04 21.84
0 -12484.15689  20490.25075  -8482.30569   0.5843606  -1.0263325  -3.3344331 2026 01 15 02 04 41.84
0 -12472.45253  20469.62990  -8548.95294   0.5860618  -1.0357675  -3.3303133 2026 01 15 02 05 01.84
0 -12460.71446  20448.82038  -8615.51748   0.5877311  -1.0451997  -3.3261613 2026 01 15 02 05 21.84
0 -12448.94332  20427.82225  -8681.99865   0.5893685  -1.0546288  -3.3219770 2026 01 15 02 05 41.84
0 -12437.13975  20406.63556  -8748.39581   0.5909739  -1.0640547  -3.3177606 2026 01 15 02 06 01.84
0 -12425.30440  20385.26040  -8814.70833   0.5925474  -1.0734772  -3.3135121 2026 01 15 02 06 21.84
0 -12413.43790  20363.69682  -8880.93555   0.5940890  -1.0828962  -3.3092315 2026 01 15 02 06 41.84
0 -12401.54088  20341.94490  -8947.07684   0.5955987  -1.0923115  -3.3049189 2026 01 15 02 07 01.84
0 -12389.61399  20320.00471  -9013.13157   0.5970764  -1.1017229  -3.3005743 2026 01 15 02 07 21.84
0 -12377.65786  20297.87633  -9079.09908   0.5985221  -1.1111303  -3.2961978 2026 01 15 02 07 41.84
0 -12365.67314  20275.55985  -9144.97874   0.5999359  -1.1205335  -3.2917893 2026 01 15 02 08 01.84
0 -12353.66046  20253.05534  -9210.76991   0.6013178  -1.1299324  -3.2873490 2026 01 15 02 08 21.84
0 -12341.62047  20230.36291  -9276.47196   0.6026678  -1.1393267  -3.2828769 2026 01 15 02 08 41.84
0 -12329.55379  20207.48264  -9342.08425   0.6039858  -1.1487164  -3.2783730 2026 01 15 02 09 01.84
0 -12317.46107  20184.41462  -9407.60614   0.6052719  -1.1581012  -3.2738373 2026 01 15 02 09 21.84
0 -12305.34296  20161.15895  -9473.03700   0.6065261  -1.1674810  -3.2692700 2026 01 15 02 09 41.84
0 -12293.20007  20137.71575  -9538.37621   0.6077483  -1.1768556  -3.2646710 2026 01 15 02 10 01.84
0 -12281.03306  20114.08510  -9603.62311   0.6089387  -1.1862248  -3.2600405 2026 01 15 02 10 21.84
0 -12268.84256  20090.26713  -9668.77709   0.6100971  -1.1955886  -3.2553783 2026 01 15 02 10 41.84
0 -12256.62922  20066.26193  -9733.83751   0.6112237  -1.2049466  -3.2506847 2026 01 15 02 11 01.84
0 -12244.39366  20042.06964  -9798.80375   0.6123183  -1.2142989  -3.2459596 2026 01 15 02 11 21.84
0 -12232.13652  20017.69036  -9863.67517   0.6133811  -1.2236451  -3.2412031 2026 01 15 02 11 41.84
0 -12219.85845  19993.12422  -9928.45114   0.6144120  -1.2329852  -3.2364152 2026 01 15 02 12 01.84
0 -12207.56008  19968.37134  -9993.13105   0.6154110  -1.2423189  -3.2315960 2026 01 15 02 12 21.84
0 -12195.24205  19943.43185 -10057.71426   0.6163782  -1.2516461  -3.2267456 2026 01 15 02 12 41.84
0 -12182.90500  19918.30588 -10122.20015   0.6173135  -1.2609667  -3.2218638 2026 01 15 02 13 01.84
0 -12170.54955  19892.99357 -10186.58809   0.6182171  -1.2702805  -3.2169510 2026 01 15 02 13 21.84
0 -12158.17636  19867.49506 -10250.87746   0.6190887  -1.2795872  -3.2120069 2026 01 15 02 13 41.84
0 -12145.78604  19841.81048 -10315.06764   0.6199286  -1.2888869  -3.2070318 2026 01 15 02 14 01.84
0 -12133.37925  19815.93998 -10379.15801   0.6207367  -1.2981792  -3.2020257 2026 01 15 02 14 21.84
0 -12120.95661  19789.88372 -10443.14795   0.6215131  -1.3074640  -3.1969885 2026 01 15 02 14 41.84
0 -12108.51877  19763.64183 -10507.03684   0.6222577  -1.3167412  -3.1919205 2026 01 15 02 15 01.84
0 -12096.06635  19737.21448 -10570.82405   0.6229705  -1.3260106  -3.1868215 2026 01 15 02 15 21.84
0 -12083.59999  19710.60182 -10634.50898   0.6236516  -1.3352720  -3.1816917 2026 01 15 02 15 41.84
0 -12071.12033  19683.80401 -10698.09100   0.6243010  -1.3445253  -3.1765311 2026 01 15 02 16 01.84
0 -12058.62799  19656.82122 -10761.56951   0.6249187  -1.3537703  -3.1713397 2026 01 15 02 16 21.84
0 -12046.12362  19629.65362 -10824.94388   0.6255048  -1.3630068  -3.1661177 2026 01 15 02 16 41.84
0 -12033.60784  19602.30137 -10888.21350   0.6260592  -1.3722347  -3.1608650 2026 01 15 02 17 01.84
0 -12021.08129  19574.76465 -10951.37777   0.6265820  -1.3814538  -3.1555818 2026 01 15 02 17 21.84
0 -12008.54460  19547.04364 -11014.43607   0.6270732  -1.3906640  -3.1502680 2026 01 15 02 17 41.84
0 -11995.99840  19519.13852 -11077.38778   0.6275328  -1.3998651  -3.1449237 2026 01 15 02 18 01.84
0 -11983.44333  19491.04947 -11140.23231   0.6279608  -1.4090569  -3.1395490 2026 01 15 02 18 21.84
0 -11970.88001  19462.77667 -11202.96903   0.6283573  -1.4182393  -3.1341439 2026 01 15 02 18 41.84
0 -11958.30908  19434.32033 -11265.59736   0.6287223  -1.4274121  -3.1287085 2026 01 15 02 19 01.84
0 -11945.73116  19405.68063 -11328.11667   0.6290558  -1.4365751  -3.1232428 2026 01 15 02 19 21.84
0 -11933.14689  19376.85776 -11390.52637   0.6293578  -1.4457283  -3.1177469 2026 01 15 02 19 41.84
0 -11920.55689  19347.85194 -11452.82584   0.6296284  -1.4548713  -3.1122208 2026 01 15 02 20 01.84
0 -11907.96179  19318.66336 -11515.01450   0.6298676  -1.4640041  -3.1066646 2026 01 15 02 20 21.84
0 -11895.36222  19289.29222 -11577.09173   0.6300755  -1.4731265  -3.1010783 2026 01 15 02 20 41.84
0 -11882.75881  19259.73874 -11639.05693   0.6302519  -1.4822384  -3.0954621 2026 01 15 02 21 01.84
0 -11870.15219  19230.00314 -11700.90951   0.6303971  -1.4913395  -3.0898158 2026 01 15 02 21 21.84
0 -11857.54297  19200.08562 -11762.64887   0.6305109  -1.5004297  -3.0841397 2026 01 15 02 21 41.84
0 -11844.93179  19169.98641 -11824.27441   0.6305935  -1.5095089  -3.0784338 2026 01 15 02 22 01.84
0 -11832.31927  19139.70572 -11885.78553   0.6306449  -1.5185769  -3.0726980 2026 01 15 02 22 21.84
0 -11819.70603  19109.24379 -11947.18164   0.6306651  -1.5276336  -3.0669326 2026 01 15 02 22 41.84
0 -11807.09270  19078.60084 -12008.46214   0.6306541  -1.5366787  -3.0611374 2026 01 15 02 23 01.84
0 -11794.47991  19047.77711 -12069.62644   0.6306120  -1.5457121  -3.0553127 2026 01 15 02 23 21.84
0 -11781.86826  19016.77283 -12130.67396   0.6305388  -1.5547337  -3.0494583 2026 01 15 02 23 41.84
0 -11769.25840  18985.58823 -12191.60409   0.6304345  -1.5637433  -3.0435745 2026 01 15 02 24 01.84
0 -11756.65092  18954.22357 -12252.41625   0.6302992  -1.5727407  -3.0376613 2026 01 15 02 24 21.84
0 -11744.04647  18922.67908 -12313.10986   0.6301329  -1.5817258  -3.0317186 2026 01 15 02 24 41.84
0 -11731.44565  18890.95501 -12373.68431   0.6299356  -1.5906985  -3.0257466 2026 01 15 02 25 01.84
0 -11718.84908  18859.05162 -12434.13904   0.6297075  -1.5996584  -3.0197454 2026 01 15 02 25 21.84
0 -11706.25739  18826.96916 -12494.47345   0.6294484  -1.6086056  -3.0137149 2026 01 15 02 25 41.84
0 -11693.67118  18794.70788 -12554.68696   0.6291586  -1.6175399  -3.0076553 2026 01 15 02 26 01.84
0 -11681.09108  18762.26805 -12614.77898   0.6288379  -1.6264610  -3.0015666 2026 01 15 02 26 21.84
0 -11668.51770  18729.64993 -12674.74894   0.6284865  -1.6353689  -2.9954488 2026 01 15 02 26 41.84
0 -11655.95166  18696.85379 -12734.59626   0.6281043  -1.6442633  -2.9893021 2026 01 15 02 27 01.84
0 -11643.39356  18663.87990 -12794.32035   0.6276915  -1.6531442  -2.9831264 2026 01 15 02 27 21.84
0 -11630.84403  18630.72852 -12853.92065   0.6272481  -1.6620113  -2.9769219 2026 01 15 02 27 41.84
0 -11618.30368  18597.39995 -12913.39656   0.6267741  -1.6708645  -2.9706887 2026 01 15 02 28 01.84
0 -11605.77311  18563.89444 -12972.74752   0.6262695  -1.6797037  -2.9644266 2026 01 15 02 28 21.84
0 -11593.25293  18530.21230 -13031.97296   0.6257344  -1.6885286  -2.9581359 2026 01 15 02 28 41.84
0 -11580.74377  18496.35381 -13091.07229   0.6251689  -1.6973392  -2.9518166 2026 01 15 02 29 01.84
0 -11568.24621  18462.31924 -13150.04496   0.6245730  -1.7061353  -2.9454688 2026 01 15 02 29 21.84
0 -11555.76088  18428.10891 -13208.89038   0.6239467  -1.7149167  -2.9390924 2026 01 15 02 29 41.84
0 -11543.28838  18393.72309 -13267.60799   0.6232901  -1.7236833  -2.9326876 2026 01 15 02 30 01.84
0 -11530.82931  18359.16209 -13326.19722   0.6226032  -1.7324348  -2.9262545 2026 01 15 02 30 21.84
0 -11518.38429  18324.42622 -13384.65751   0.6218861  -1.7411713  -2.9197931 2026 01 15 02 30 41.84
0 -11505.95390  18289.51577 -13442.98829   0.6211388  -1.7498924  -2.9133034 2026 01 15 02 31 01.84
0 -11493.53877  18254.43105 -13501.18899   0.6203615  -1.7585981  -2.9067855 2026 01 15 02 31 21.84
0 -11481.13948  18219.17237 -13559.25905   0.6195540  -1.7672882  -2.9002396 2026 01 15 02 31 41.84
0 -11468.75664  18183.74005 -13617.19792   0.6187166  -1.7759625  -2.8936656 2026 01 15 02 32 01.84
0 -11456.39085  18148.13440 -13675.00502   0.6178492  -1.7846209  -2.8870636 2026 01 15 02 32 21.84
0 -11444.04270  18112.35575 -13732.67981   0.6169519  -1.7932632  -2.8804337 2026 01 15 02 32 41.84
0 -11431.71280  18076.40441 -13790.22172   0.6160247  -1.8018894  -2.8737759 2026 01 15 02 33 01.84
0 -11419.40175  18040.28071 -13847.63020   0.6150677  -1.8104991  -2.8670904 2026 01 15 02 33 21.84
0 -11407.11013  18003.98498 -13904.90469   0.6140810  -1.8190923  -2.8603771 2026 01 15 02 33 41.84
0 -11394.83854  17967.51756 -13962.04464   0.6130646  -1.8276689  -2.8536362 2026 01 15 02 34 01.84
0 -11382.58758  17930.87877 -14019.04949   0.6120185  -1.8362286  -2.8468676 2026 01 15 02 34 21.84
0 -11370.35783  17894.06896 -14075.91870   0.6109429  -1.8447714  -2.8400716 2026 01 15 02 34 41.84
0 -11358.14989  17857.08847 -14132.65172   0.6098377  -1.8532970  -2.8332481 2026 01 15 02 35 01.84
0 -11345.96435  17819.93764 -14189.24799   0.6087031  -1.8618054  -2.8263972 2026 01 15 02 35 21.84
0 -11333.80179  17782.61681 -14245.70697   0.6075391  -1.8702963  -2.8195190 2026 01 15 02 35 41.84
0 -11321.66281  17745.12634 -14302.02811   0.6063458  -1.8787696  -2.8126135 2026 01 15 02 36 01.84
0 -11309.54799  17707.46659 -14358.21087   0.6051231  -1.8872252  -2.8056808 2026 01 15 02 36 21.84
0 -11297.45792  17669.63790 -14414.25471   0.6038713  -1.8956629  -2.7987210 2026 01 15 02 36 41.84
0 -11285.39317  17631.64063 -14470.15908   0.6025902  -1.9040826  -2.7917342 2026 01 15 02 37 01.84
0 -11273.35433  17593.47516 -14525.92345   0.6012801  -1.9124841  -2.7847203 2026 01 15 02 37 21.84
0 -11261.34199  17555.14184 -14581.54727   0.5999409  -1.9208673  -2.7776796 2026 01 15 02 37 41.84
0 -11249.35672  17516.64104 -14637.03001   0.5985728  -1.9292320  -2.7706120 2026 01 15 02 38 01.84
0 -11237.39910  17477.97313 -14692.37112   0.5971758  -1.9375781  -2.7635176 2026 01 15 02 38 21.84
0 -11225.46972  17439.13849 -14747.57009   0.5957499  -1.9459054  -2.7563965 2026 01 15 02 38 41.84
0 -11213.56913  17400.13749 -14802.62636   0.5942952  -1.9542138  -2.7492488 2026 01 15 02 39 01.84
0 -11201.69793  17360.97051 -14857.53942   0.5928118  -1.9625032  -2.7420745 2026 01 15 02 39 21.84
0 -11189.85668  17321.63794 -14912.30872   0.5912998  -1.9707733  -2.7348736 2026 01 15 02 39 41.84
0 -11178.04596  17282.14017 -14966.93375   0.5897592  -1.9790241  -2.7276464 2026 01 15 02 40 01.84
0 -11166.26634  17242.47757 -15021.41396   0.5881901  -1.9872553  -2.7203928 2026 01 15 02 40 21.84
0 -11154.51838  17202.65054 -15075.74884   0.5865925  -1.9954669  -2.7131129 2026 01 15 02 40 41.84
0 -11142.80266  17162.65948 -15129.93787   0.5849666  -2.0036588  -2.7058068 2026 01 15 02 41 01.84
0 -11131.11974  17122.50479 -15183.98051   0.5833124  -2.0118306  -2.6984745 2026 01 15 02 41 21.84
0 -11119.47018  17082.18685 -15237.87624   0.5816299  -2.0199824  -2.6911162 2026 01 15 02 41 41.84
0 -11107.85456  17041.70609 -15291.62455   0.5799193  -2.0281140  -2.6837319 2026 01 15 02 42 01.84
0 -11096.27343  17001.06289 -15345.22491   0.5781806  -2.0362252  -2.6763216 2026 01 15 02 42 21.84
0 -11084.72736  16960.25768 -15398.67681   0.5764139  -2.0443159  -2.6688854 2026 01 15 02 42 41.84
0 -11073.21690  16919.29086 -15451.97972   0.5746192  -2.0523859  -2.6614235 2026 01 15 02 43 01.84
0 -11061.74261  16878.16285 -15505.13315   0.5727967  -2.0604351  -2.6539359 2026 01 15 02 43 21.84
0 -11050.30505  16836.87407 -15558.13656   0.5709463  -2.0684634  -2.6464226 2026 01 15 02 43 41.84
0 -11038.90477  16795.42493 -15610.98946   0.5690683  -2.0764706  -2.6388838 2026 01 15 02 44 01.84
0 -11027.54233  16753.81586 -15663.69132   0.5671626  -2.0844566  -2.6313194 2026 01 15 02 44 21.84
0 -11016.21828  16712.04728 -15716.24164   0.5652293  -2.0924212  -2.6237297 2026 01 15 02 44 41.84
0 -11004.93318  16670.11963 -15768.63991   0.5632685  -2.1003643  -2.6161146 2026 01 15 02 45 01.84
0 -10993.68756  16628.03333 -15820.88563   0.5612804  -2.1082857  -2.6084742 2026 01 15 02 45 21.84
0 -10982.48198  16585.78882 -15872.97830   0.5592648  -2.1161854  -2.6008087 2026 01 15 02 45 41.84
0 -10971.31698  16543.38654 -15924.91739   0.5572221  -2.1240631  -2.5931180 2026 01 15 02 46 01.84
0 -10960.19311  16500.82692 -15976.70243   0.5551521  -2.1319188  -2.5854022 2026 01 15 02 46 21.84
0 -10949.11091  16458.11042 -16028.33290   0.5530551  -2.1397522  -2.5776615 2026 01 15 02 46 41.84
0 -10938.07092  16415.23747 -16079.80831   0.5509310  -2.1475633  -2.5698959 2026 01 15 02 47 01.84
0 -10927.07368  16372.20852 -16131.12816   0.5487800  -2.1553520  -2.5621055 2026 01 15 02 47 21.84
0 -10916.11972  16329.02402 -16182.29195   0.5466022  -2.1631180  -2.5542903 2026 01 15 02 47 41.84
0 -10905.20960  16285.68443 -16233.29920   0.5443975  -2.1708612  -2.5464505 2026 01 15 02 48 01.84
0 -10894.34383  16242.19021 -16284.14940   0.5421662  -2.1785816  -2.5385861 2026 01 15 02 48 21.84
0 -10883.52296  16198.54181 -16334.84207   0.5399083  -2.1862789  -2.5306971 2026 01 15 02 48 41.84
0 -10872.74751  16154.73970 -16385.37671   0.5376239  -2.1939531  -2.5227838 2026 01 15 02 49 01.84
0 -10862.01801  16110.78433 -16435.75285   0.5353130  -2.2016040  -2.5148460 2026 01 15 02 49 21.84
0 -10851.33500  16066.67619 -16485.96999   0.5329757  -2.2092314  -2.5068840 2026 01 15 02 49 41.84
0 -10840.69899  16022.41573 -16536.02765   0.5306122  -2.2168353  -2.4988978 2026 01 15 02 50 01.84
0 -10830.11051  15978.00343 -16585.92534   0.5282226  -2.2244154  -2.4908875 2026 01 15 02 50 21.84
0 -10819.57009  15933.43977 -16635.66258   0.5258068  -2.2319718  -2.4828531 2026 01 15 02 50 41.84
0 -10809.07824  15888.72522 -16685.23890   0.5233650  -2.2395041  -2.4747947 2026 01 15 02 51 01.84
0 -10798.63549  15843.86026 -16734.65381   0.5208973  -2.2470124  -2.4667125 2026 01 15 02 51 21.84
0 -10788.24235  15798.84538 -16783.90685   0.5184038  -2.2544964  -2.4586064 2026 01 15 02 51 41.84
0 -10777.89934  15753.68107 -16832.99752   0.5158845  -2.2619560  -2.4504766 2026 01 15 02 52 01.84
0 -10767.60697  15708.36781 -16881.92536   0.5133396  -2.2693911  -2.4423232 2026 01 15 02 52 21.84
0 -10757.36576  15662.90609 -16930.68989   0.5107692  -2.2768017  -2.4341461 2026 01 15 02 52 41.84
0 -10747.17621  15617.29641 -16979.29065   0.5081732  -2.2841874  -2.4259456 2026 01 15 02 53 01.84
0 -10737.03883  15571.53926 -17027.72717   0.5055519  -2.2915483  -2.4177217 2026 01 15 02 53 21.84
0 -10726.95413  15525.63515 -17075.99898   0.5029053  -2.2988841  -2.4094744 2026 01 15 02 53 41.84
0 -10716.92261  15479.58458 -17124.10561   0.5002336  -2.3061948  -2.4012039 2026 01 15 02 54 01.84
0 -10706.94478  15433.38804 -17172.04660   0.4975367  -2.3134802  -2.3929103 2026 01 15 02 54 21.84
0 -10697.02114  15387.04605 -17219.82148   0.4948148  -2.3207402  -2.3845935 2026 01 15 02 54 41.84
0 -10687.15219  15340.55911 -17267.42980   0.4920680  -2.3279747  -2.3762537 2026 01 15 02 55 01.84
0 -10677.33841  15293.92774 -17314.87109   0.4892965  -2.3351835  -2.3678910 2026 01 15 02 55 21.84
0 -10667.58032  15247.15245 -17362.14490   0.4865001  -2.3423665  -2.3595054 2026 01 15 02 55 41.84
0 -10657.87840  15200.23377 -17409.25078   0.4836792  -2.3495237  -2.3510971 2026 01 15 02 56 01.84
0 -10648.23315  15153.17220 -17456.18826   0.4808338  -2.3566547  -2.3426661 2026 01 15 02 56 21.84
0 -10638.64504  15105.96827 -17502.95690   0.4779639  -2.3637596  -2.3342125 2026 01 15 02 56 41.84
0 -10629.11458  15058.62250 -17549.55624   0.4750697  -2.3708383  -2.3257364 2026 01 15 02 57 01.84
0 -10619.64225  15011.13543 -17595.98583   0.4721512  -2.3778905  -2.3172379 2026 01 15 02 57 21.84
0 -10610.22852  14963.50758 -17642.24523   0.4692087  -2.3849161  -2.3087170 2026 01 15 02 57 41.84
0 -10600.87389  14915.73949 -17688.33399   0.4662421  -2.3919151  -2.3001738 2026 01 15 02 58 01.84
0 -10591.57883  14867.83168 -17734.25166   0.4632515  -2.3988873  -2.2916084 2026 01 15 02 58 21.84
0 -10582.34381  14819.78470 -17779.99781   0.4602372  -2.4058326  -2.2830210 2026 01 15 02 58 41.84
0 -10573.16933  14771.59908 -17825.57199   0.4571991  -2.4127509  -2.2744115 2026 01 15 02 59 01.84
0 -10564.05584  14723.27537 -17870.97376   0.4541374  -2.4196421  -2.2657801 2026 01 15 02 59 21.84
0 -10555.00382  14674.81411 -17916.20268   0.4510521  -2.4265059  -2.2571269 2026 01 15 02 59 41.84
0 -10546.01374  14626.21584 -17961.25833   0.4479435  -2.4333424  -2.2484518 2026 01 15 03 00 01.84
0 -10537.08606  14577.48112 -18006.14025   0.4448115  -2.4401514  -2.2397552 2026 01 15 03 00 21.84
0 -10528.22126  14528.61050 -18050.84803   0.4416563  -2.4469327  -2.2310369 2026 01 15 03 00 41.84
0 -10519.41979  14479.60453 -18095.38123   0.4384780  -2.4536863  -2.2222971 2026 01 15 03 01 01.84
0 -10510.68212  14430.46377 -18139.73941   0.4352767  -2.4604120  -2.2135359 2026 01 15 03 01 21.84
0 -10502.00870  14381.18877 -18183.92216   0.4320524  -2.4671097  -2.2047533 2026 01 15 03 01 41.84
0 -10493.40000  14331.78010 -18227.92905   0.4288054  -2.4737793  -2.1959495 2026 01 15 03 02 01.84
0 -10484.85647  14282.23832 -18271.75965   0.4255357  -2.4804208  -2.1871245 2026 01 15 03 02 21.84
0 -10476.37855  14232.56400 -18315.41354   0.4222434  -2.4870338  -2.1782785 2026 01 15 03 02 41.84
0 -10467.96671  14182.75770 -18358.89030   0.4189287  -2.4936184  -2.1694114 2026 01 15 03 03 01.84
0 -10459.62138  14132.81999 -18402.18951   0.4155916  -2.5001745  -2.1605235 2026 01 15 03 03 21.84
0 -10451.34302  14082.75145 -18445.31075   0.4122322  -2.5067019  -2.1516147 2026 01 15 03 03 41.84
0 -10443.13207  14032.55265 -18488.25361   0.4088506  -2.5132005  -2.1426852 2026 01 15 03 04 01.84
0 -10434.98896  13982.22416 -18531.01768   0.4054471  -2.5196702  -2.1337350 2026 01 15 03 04 21.84
0 -10426.91415  13931.76658 -18573.60254   0.4020216  -2.5261108  -2.1247643 2026 01 15 03 04 41.84
0 -10418.90807  13881.18047 -18616.00778   0.3985743  -2.5325223  -2.1157731 2026 01 15 03 05 01.84
0 -10410.97116  13830.46642 -18658.23299   0.3951052  -2.5389046  -2.1067616 2026 01 15 03 05 21.84
0 -10403.10383  13779.62503 -18700.27777   0.3916146  -2.5452575  -2.0977297 2026 01 15 03 05 41.84
0 -10395.30654  13728.65687 -18742.14171   0.3881025  -2.5515810  -2.0886777 2026 01 15 03 06 01.84
0 -10387.57970  13677.56253 -18783.82441   0.3845690  -2.5578749  -2.0796055 2026 01 15 03 06 21.84
0 -10379.92375  13626.34262 -18825.32546   0.3810143  -2.5641391  -2.0705133 2026 01 15 03 06 41.84
0 -10372.33910  13574.99772 -18866.64447   0.3774384  -2.5703735  -2.0614011 2026 01 15 03 07 01.84
0 -10364.82618  13523.52843 -18907.78104   0.3738415  -2.5765780  -2.0522691 2026 01 15 03 07 21.84
0 -10357.38540  13471.93535 -18948.73478   0.3702236  -2.5827525  -2.0431173 2026 01 15 03 07 41.84
0 -10350.01719  13420.21908 -18989.50528   0.3665850  -2.5888968  -2.0339459 2026 01 15 03 08 01.84
0 -10342.72197  13368.38023 -19030.09216   0.3629257  -2.5950110  -2.0247549 2026 01 15 03 08 21.84
0 -10335.50013  13316.41940 -19070.49502   0.3592458  -2.6010948  -2.0155444 2026 01 15 03 08 41.84
0 -10328.35210  13264.33720 -19110.71348   0.3555454  -2.6071482  -2.0063144 2026 01 15 03 09 01.84
0 -10321.27827  13212.13424 -19150.74715   0.3518247  -2.6131710  -1.9970652 2026 01 15 03 09 21.84
0 -10314.27907  13159.81112 -19190.59564   0.3480838  -2.6191632  -1.9877967 2026 01 15 03 09 41.84
0 -10307.35488  13107.36847 -19230.25858   0.3443227  -2.6251246  -1.9785092 2026 01 15 03 10 01.84
0 -10300.50611  13054.80690 -19269.73557   0.3405417  -2.6310552  -1.9692025 2026 01 15 03 10 21.84
0 -10293.73317  13002.12703 -19309.02624   0.3367409  -2.6369548  -1.9598769 2026 01 15 03 10 41.84
0 -10287.03643  12949.32948 -19348.13021   0.3329202  -2.6428234  -1.9505325 2026 01 15 03 11 01.84
0 -10280.41631  12896.41487 -19387.04710   0.3290800  -2.6486608  -1.9411693 2026 01 15 03 11 21.84
0 -10273.87319  12843.38382 -19425.77655   0.3252202  -2.6544670  -1.9317874 2026 01 15 03 11 41.84
0 -10267.40746  12790.23696 -19464.31817   0.3213410  -2.6602417  -1.9223869 2026 01 15 03 12 01.84
0 -10261.01950  12736.97493 -19502.67159   0.3174426  -2.6659851  -1.9129679 2026 01 15 03 12 21.84
0 -10254.70970  12683.59834 -19540.83646   0.3135250  -2.6716968  -1.9035305 2026 01 15 03 12 41.84
0 -10248.47845  12630.10783 -19578.81239   0.3095884  -2.6773769  -1.8940749 2026 01 15 03 13 01.84
0 -10242.32612  12576.50404 -19616.59903   0.3056329  -2.6830253  -1.8846010 2026 01 15 03 13 21.84
0 -10236.25308  12522.78760 -19654.19601   0.3016586  -2.6886418  -1.8751089 2026 01 15 03 13 41.84
0 -10230.25972  12468.95915 -19691.60297   0.2976656  -2.6942263  -1.8655989 2026 01 15 03 14 01.84
0 -10224.34640  12415.01933 -19728.81955   0.2936541  -2.6997788  -1.8560709 2026 01 15 03 14 21.84
0 -10218.51350  12360.96879 -19765.84539   0.2896242  -2.7052992  -1.8465250 2026 01 15 03 14 41.84
0 -10212.76138  12306.80816 -19802.68014   0.2855760  -2.7107873  -1.8369614 2026 01 15 03 15 01.84
0 -10207.09040  12252.53809 -19839.32344   0.2815096  -2.7162431  -1.8273801 2026 01 15 03 15 21.84
0 -10201.50093  12198.15923 -19875.77494   0.2774252  -2.7216664  -1.8177813 2026 01 15 03 15 41.84
0 -10195.99333  12143.67222 -19912.03429   0.2733229  -2.7270572  -1.8081650 2026 01 15 03 16 01.84
0 -10190.56796  12089.07773 -19948.10113   0.2692028  -2.7324155  -1.7985313 2026 01 15 03 16 21.84
0 -10185.22516  12034.37640 -19983.97514   0.2650651  -2.7377410  -1.7888803 2026 01 15 03 16 41.84
0 -10179.96529  11979.56889 -20019.65595   0.2609097  -2.7430337  -1.7792122 2026 01 15 03 17 01.84
0 -10174.78870  11924.65585 -20055.14323   0.2567370  -2.7482936  -1.7695269 2026 01 15 03 17 21.84
0 -10169.69575  11869.63795 -20090.43664   0.2525470  -2.7535204  -1.7598247 2026 01 15 03 17 41.84
0 -10164.68676  11814.51583 -20125.53583   0.2483399  -2.7587142  -1.7501055 2026 01 15 03 18 01.84
0 -10159.76208  11759.29018 -20160.44047   0.2441157  -2.7638749  -1.7403695 2026 01 15 03 18 21.84
0 -10154.92206  11703.96164 -20195.15022   0.2398746  -2.7690023  -1.7306168 2026 01 15 03 18 41.84
0 -10150.16703  11648.53089 -20229.66476   0.2356168  -2.7740964  -1.7208475 2026 01 15 03 19 01.84
0 -10145.49732  11592.99860 -20263.98374   0.2313423  -2.7791571  -1.7110616 2026 01 15 03 19 21.84
0 -10140.91327  11537.36542 -20298.10684   0.2270513  -2.7841842  -1.7012593 2026 01 15 03 19 41.84
0 -10136.41520  11481.63204 -20332.03374   0.2227440  -2.7891778  -1.6914407 2026 01 15 03 20 01.84
0 -10132.00343  11425.79912 -20365.76410   0.2184203  -2.7941377  -1.6816059 2026 01 15 03 20 21.84
0 -10127.67831  11369.86734 -20399.29760   0.2140806  -2.7990638  -1.6717548 2026 01 15 03 20 41.84
0 -10123.44014  11313.83738 -20432.63392   0.2097249  -2.8039562  -1.6618878 2026 01 15 03 21 01.84
0 -10119.28924  11257.70991 -20465.77274   0.2053533  -2.8088145  -1.6520048 2026 01 15 03 21 21.84
0 -10115.22593  11201.48561 -20498.71375   0.2009660  -2.8136389  -1.6421059 2026 01 15 03 21 41.84
0 -10111.25052  11145.16517 -20531.45662   0.1965631  -2.8184292  -1.6321913 2026 01 15 03 22 01.84
0 -10107.36333  11088.74927 -20564.00104   0.1921447  -2.8231853  -1.6222610 2026 01 15 03 22 21.84
0 -10103.56465  11032.23858 -20596.34670   0.1877110  -2.8279072  -1.6123152 2026 01 15 03 22 41.84
0 -10099.85481  10975.63380 -20628.49329   0.1832621  -2.8325948  -1.6023538 2026 01 15 03 23 01.84
0 -10096.23409  10918.93561 -20660.44050   0.1787982  -2.8372479  -1.5923771 2026 01 15 03 23 21.84
0 -10092.70279  10862.14471 -20692.18803   0.1743193  -2.8418666  -1.5823852 2026 01 15 03 23 41.84
0 -10089.26123  10805.26178 -20723.73556   0.1698257  -2.8464507  -1.5723780 2026 01 15 03 24 01.84
0 -10085.90968  10748.28751 -20755.08280   0.1653173  -2.8510001  -1.5623558 2026 01 15 03 24 21.84
0 -10082.64845  10691.22260 -20786.22945   0.1607945  -2.8555149  -1.5523186 2026 01 15 03 24 41.84
0 -10079.47782  10634.06774 -20817.17521   0.1562573  -2.8599948  -1.5422665 2026 01 15 03 25 01.84
0 -10076.39807  10576.82364 -20847.91978   0.1517058  -2.8644399  -1.5321996 2026 01 15 03 25 21.84
0 -10073.40949  10519.49098 -20878.46286   0.1471402  -2.8688500  -1.5221181 2026 01 15 03 25 41.84
0 -10070.51237  10462.07047 -20908.80416   0.1425606  -2.8732251  -1.5120219 2026 01 15 03 26 01.84
0 -10067.70698  10404.56281 -20938.94340   0.1379672  -2.8775651  -1.5019113 2026 01 15 03 26 21.84
0 -10064.99359  10346.96870 -20968.88029   0.1333601  -2.8818700  -1.4917862 2026 01 15 03 26 41.84
0 -10062.37248  10289.28885 -20998.61453   0.1287394  -2.8861396  -1.4816469 2026 01 15 03 27 01.84
0 -10059.84392  10231.52395 -21028.14584   0.1241053  -2.8903740  -1.4714934 2026 01 15 03 27 21.84
0 -10057.40817  10173.67473 -21057.47394   0.1194578  -2.8945729  -1.4613257 2026 01 15 03 27 41.84
0 -10055.06551  10115.74188 -21086.59855   0.1147973  -2.8987364  -1.4511441 2026 01 15 03 28 01.84
0 -10052.81619  10057.72611 -21115.51939   0.1101237  -2.9028644  -1.4409486 2026 01 15 03 28 21.84
0 -10050.66046   9999.62814 -21144.23618   0.1054372  -2.9069568  -1.4307393 2026 01 15 03 28 41.84
0 -10048.59860   9941.44868 -21172.74865   0.1007380  -2.9110136  -1.4205163 2026 01 15 03 29 01.84
0 -10046.63084   9883.18845 -21201.05652   0.0960262  -2.9150346  -1.4102797 2026 01 15 03 29 21.84
0 -10044.75745   9824.84814 -21229.15953   0.0913019  -2.9190199  -1.4000295 2026 01 15 03 29 41.84
0 -10042.97866   9766.42850 -21257.05740   0.0865653  -2.9229693  -1.3897660 2026 01 15 03 30 01.84
0 -10041.29473   9707.93022 -21284.74987   0.0818165  -2.9268828  -1.3794892 2026 01 15 03 30 21.84
0 -10039.70589   9649.35403 -21312.23667   0.0770557  -2.9307603  -1.3691992 2026 01 15 03 30 41.84
0 -10038.21239   9590.70066 -21339.51754   0.0722830  -2.9346018  -1.3588961 2026 01 15 03 31 01.84
0 -10036.81446   9531.97081 -21366.59222   0.0674986  -2.9384072  -1.3485800 2026 01 15 03 31 21.84
0 -10035.51234   9473.16522 -21393.46045   0.0627025  -2.9421764  -1.3382510 2026 01 15 03 31 41.84
0 -10034.30626   9414.28461 -21420.12197   0.0578949  -2.9459093  -1.3279091 2026 01 15 03 32 01.84
0 -10033.19643   9355.32971 -21446.57653   0.0530760  -2.9496060  -1.3175546 2026 01 15 03 32 21.84
0 -10032.18310   9296.30123 -21472.82387   0.0482459  -2.9532664  -1.3071875 2026 01 15 03 32 41.84
0 -10031.26648   9237.19991 -21498.86375   0.0434048  -2.9568903  -1.2968079 2026 01 15 03 33 01.84
0 -10030.44680   9178.02647 -21524.69591   0.0385527  -2.9604777  -1.2864159 2026 01 15 03 33 21.84
0 -10029.72426   9118.78166 -21550.32011   0.0336899  -2.9640287  -1.2760117 2026 01 15 03 33 41.84
0 -10029.09908   9059.46619 -21575.73610   0.0288165  -2.9675430  -1.2655952 2026 01 15 03 34 01.84
0 -10028.57148   9000.08080 -21600.94365   0.0239326  -2.9710207  -1.2551666 2026 01 15 03 34 21.84
0 -10028.14166   8940.62622 -21625.94250   0.0190383  -2.9744617  -1.2447261 2026 01 15 03 34 41.84
0 -10027.80983   8881.10319 -21650.73242   0.0141339  -2.9778660  -1.2342736 2026 01 15 03 35 01.84
0 -10027.57618   8821.51244 -21675.31318   0.0092194  -2.9812334  -1.2238094 2026 01 15 03 35 21.84
0 -10027.44093   8761.85472 -21699.68454   0.0042950  -2.9845640  -1.2133335 2026 01 15 03 35 41.84
0 -10027.40426   8702.13075 -21723.84626  -0.0006391  -2.9878577  -1.2028460 2026 01 15 03 36 01.84
0 -10027.46637   8642.34127 -21747.79812  -0.0055829  -2.9911144  -1.1923470 2026 01 15 03 36 21.84
0 -10027.62745   8582.48704 -21771.53989  -0.0105361  -2.9943341  -1.1818367 2026 01 15 03 36 41.84
0 -10027.88769   8522.56878 -21795.07134  -0.0154986  -2.9975167  -1.1713150 2026 01 15 03 37 01.84
0 -10028.24727   8462.58724 -21818.39224  -0.0204704  -3.0006623  -1.1607822 2026 01 15 03 37 21.84
0 -10028.70637   8402.54316 -21841.50238  -0.0254511  -3.0037706  -1.1502384 2026 01 15 03 37 41.84
0 -10029.26518   8342.43728 -21864.40153  -0.0304408  -3.0068417  -1.1396835 2026 01 15 03 38 01.84
0 -10029.92387   8282.27036 -21887.08948  -0.0354392  -3.0098756  -1.1291178 2026 01 15 03 38 21.84
0 -10030.68261   8222.04313 -21909.56601  -0.0404461  -3.0128721  -1.1185414 2026 01 15 03 38 41.84
0 -10031.54158   8161.75635 -21931.83090  -0.0454616  -3.0158313  -1.1079543 2026 01 15 03 39 01.84
0 -10032.50094   8101.41076 -21953.88395  -0.0504853  -3.0187531  -1.0973566 2026 01 15 03 39 21.84
0 -10033.56086   8041.00710 -21975.72493  -0.0555172  -3.0216374  -1.0867484 2026 01 15 03 39 41.84
0 -10034.72149   7980.54613 -21997.35366  -0.0605571  -3.0244842  -1.0761300 2026 01 15 03 40 01.84
0 -10035.98300   7920.02861 -22018.76991  -0.0656048  -3.0272935  -1.0655012 2026 01 15 03 40 21.84
0 -10037.34555   7859.45527 -22039.97348  -0.0706603  -3.0300652  -1.0548624 2026 01 15 03 40 41.84
0 -10038.80927   7798.82688 -22060.96418  -0.0757233  -3.0327993  -1.0442135 2026 01 15 03 41 01.84
0 -10040.37434   7738.14418 -22081.74180  -0.0807938  -3.0354957  -1.0335546 2026 01 15 03 41 21.84
0 -10042.04088   7677.40793 -22102.30615  -0.0858715  -3.0381544  -1.0228860 2026 01 15 03 41 41.84
0 -10043.80905   7616.61888 -22122.65703  -0.0909563  -3.0407753  -1.0122075 2026 01 15 03 42 01.84
0 -10045.67899   7555.77779 -22142.79424  -0.0960482  -3.0433585  -1.0015195 2026 01 15 03 42 21.84
0 -10047.65083   7494.88542 -22162.71760  -0.1011468  -3.0459038  -0.9908220 2026 01 15 03 42 41.84
0 -10049.72472   7433.94252 -22182.42692  -0.1062521  -3.0484113  -0.9801150 2026 01 15 03 43 01.84
0 -10051.90077   7372.94985 -22201.92200  -0.1113640  -3.0508809  -0.9693987 2026 01 15 03 43 21.84
0 -10054.17912   7311.90817 -22221.20267  -0.1164822  -3.0533125  -0.9586732 2026 01 15 03 43 41.84
0 -10056.55991   7250.81824 -22240.26873  -0.1216067  -3.0557062  -0.9479387 2026 01 15 03 44 01.84
0 -10059.04324   7189.68081 -22259.12002  -0.1267372  -3.0580618  -0.9371951 2026 01 15 03 44 21.84
0 -10061.62924   7128.49665 -22277.75634  -0.1318737  -3.0603794  -0.9264426 2026 01 15 03 44 41.84
0 -10064.31803   7067.26652 -22296.17753  -0.1370159  -3.0626589  -0.9156813 2026 01 15 03 45 01.84
0 -10067.10972   7005.99118 -22314.38341  -0.1421638  -3.0649003  -0.9049114 2026 01 15 03 45 21.84
0 -10070.00443   6944.67139 -22332.37380  -0.1473172  -3.0671036  -0.8941328 2026 01 15 03 45 41.84
0 -10073.00225   6883.30792 -22350.14854  -0.1524759  -3.0692687  -0.8833458 2026 01 15 03 46 01.84
0 -10076.10330   6821.90153 -22367.70746  -0.1576397  -3.0713955  -0.8725504 2026 01 15 03 46 21.84
0 -10079.30768   6760.45299 -22385.05038  -0.1628087  -3.0734842  -0.8617468 2026 01 15 03 46 41.84
0 -10082.61549   6698.96305 -22402.17715  -0.1679825  -3.0755345  -0.8509349 2026 01 15 03 47 01.84
0 -10086.02682   6637.43250 -22419.08761  -0.1731610  -3.0775466  -0.8401151 2026 01 15 03 47 21.84
0 -10089.54176   6575.86208 -22435.78159  -0.1783441  -3.0795204  -0.8292872 2026 01 15 03 47 41.84
0 -10093.16041   6514.25257 -22452.25893  -0.1835316  -3.0814558  -0.8184516 2026 01 15 03 48 01.84
0 -10096.88286   6452.60474 -22468.51949  -0.1887235  -3.0833528  -0.8076082 2026 01 15 03 48 21.84
0 -10100.70919   6390.91935 -22484.56310  -0.1939194  -3.0852114  -0.7967571 2026 01 15 03 48 41.84
0 -10104.63947   6329.19718 -22500.38961  -0.1991194  -3.0870316  -0.7858985 2026 01 15 03 49 01.84
0 -10108.67379   6267.43898 -22515.99888  -0.2043231  -3.0888133  -0.7750325 2026 01 15 03 49 21.84
0 -10112.81222   6205.64553 -22531.39076  -0.2095306  -3.0905566  -0.7641592 2026 01 15 03 49 41.84
0 -10117.05484   6143.81761 -22546.56510  -0.2147415  -3.0922614  -0.7532787 2026 01 15 03 50 01.84
0 -10121.40171   6081.95597 -22561.52176  -0.2199559  -3.0939276  -0.7423910 2026 01 15 03 50 21.84
0 -10125.85290   6020.06140 -22576.26060  -0.2251734  -3.0955553  -0.7314964 2026 01 15 03 50 41.84
0 -10130.40847   5958.13466 -22590.78148  -0.2303941  -3.0971444  -0.7205949 2026 01 15 03 51 01.84
0 -10135.06849   5896.17652 -22605.08425  -0.2356176  -3.0986950  -0.7096865 2026 01 15 03 51 21.84
0 -10139.83300   5834.18775 -22619.16880  -0.2408439  -3.1002069  -0.6987715 2026 01 15 03 51 41.84
0 -10144.70207   5772.16914 -22633.03498  -0.2460729  -3.1016803  -0.6878499 2026 01 15 03 52 01.84
0 -10149.67574   5710.12144 -22646.68267  -0.2513043  -3.1031150  -0.6769219 2026 01 15 03 52 21.84
0 -10154.75406   5648.04543 -22660.11173  -0.2565380  -3.1045110  -0.6659874 2026 01 15 03 52 41.84
0 -10159.93707   5585.94189 -22673.32204  -0.2617739  -3.1058684  -0.6550467 2026 01 15 03 53 01.84
0 -10165.22483   5523.81160 -22686.31347  -0.2670117  -3.1071870  -0.6440999 2026 01 15 03 53 21.84
0 -10170.61736   5461.65531 -22699.08591  -0.2722515  -3.1084670  -0.6331470 2026 01 15 03 53 41.84
0 -10176.11470   5399.47381 -22711.63923  -0.2774929  -3.1097083  -0.6221882 2026 01 15 03 54 01.84
0 -10181.71689   5337.26788 -22723.97332  -0.2827359  -3.1109108  -0.6112235 2026 01 15 03 54 21.84
0 -10187.42395   5275.03828 -22736.08806  -0.2879803  -3.1120746  -0.6002531 2026 01 15 03 54 41.84
0 -10193.23592   5212.78579 -22747.98333  -0.2932260  -3.1131996  -0.5892771 2026 01 15 03 55 01.84
0 -10199.15280   5150.51119 -22759.65903  -0.2984727  -3.1142859  -0.5782955 2026 01 15 03 55 21.84
0 -10205.17463   5088.21526 -22771.11505  -0.3037204  -3.1153334  -0.5673086 2026 01 15 03 55 41.84
0 -10211.30143   5025.89876 -22782.35127  -0.3089689  -3.1163421  -0.5563163 2026 01 15 03 56 01.84
0 -10217.53320   4963.56247 -22793.36760  -0.3142180  -3.1173120  -0.5453189 2026 01 15 03 56 21.84
0 -10223.86995   4901.20717 -22804.16393  -0.3194676  -3.1182432  -0.5343164 2026 01 15 03 56 41.84
0 -10230.31171   4838.83364 -22814.74016  -0.3247176  -3.1191355  -0.5233088 2026 01 15 03 57 01.84
0 -10236.85846   4776.44266 -22825.09619  -0.3299677  -3.1199890  -0.5122965 2026 01 15 03 57 21.84
0 -10243.51022   4714.03498 -22835.23193  -0.3352178  -3.1208036  -0.5012793 2026 01 15 03 57 41.84
0 -10250.26698   4651.61141 -22845.14728  -0.3404679  -3.1215795  -0.4902575 2026 01 15 03 58 01.84
0 -10257.12873   4589.17271 -22854.84215  -0.3457176  -3.1223165  -0.4792311 2026 01 15 03 58 21.84
0 -10264.09548   4526.71965 -22864.31644  -0.3509669  -3.1230147  -0.4682003 2026 01 15 03 58 41.84
0 -10271.16721   4464.25302 -22873.57008  -0.3562157  -3.1236741  -0.4571651 2026 01 15 03 59 01.84
0 -10278.34390   4401.77359 -22882.60297  -0.3614637  -3.1242946  -0.4461257 2026 01 15 03 59 21.84
0 -10285.62555   4339.28214 -22891.41503  -0.3667108  -3.1248762  -0.4350822 2026 01 15 03 59 41.84
0 -10293.01213   4276.77944 -22900.00619  -0.3719569  -3.1254191  -0.4240347 2026 01 15 04 00 01.84
0 -10300.50362   4214.26628 -22908.37635  -0.3772018  -3.1259231  -0.4129832 2026 01 15 04 00 21.84
0 -10308.10000   4151.74342 -22916.52545  -0.3824454  -3.1263882  -0.4019279 2026 01 15 04 00 41.84
0 -10315.80123   4089.21165 -22924.45341  -0.3876874  -3.1268145  -0.3908690 2026 01 15 04 01 01.84
0 -10323.60729   4026.67174 -22932.16015  -0.3929279  -3.1272020  -0.3798064 2026 01 15 04 01 21.84
0 -10331.51813   3964.12447 -22939.64561  -0.3981665  -3.1275506  -0.3687404 2026 01 15 04 01 41.84
0 -10339.53373   3901.57062 -22946.90971  -0.4034031  -3.1278604  -0.3576710 2026 01 15 04 02 01.84
0 -10347.65405   3839.01095 -22953.95239  -0.4086377  -3.1281314  -0.3465983 2026 01 15 04 02 21.84
0 -10355.87903   3776.44626 -22960.77359  -0.4138700  -3.1283636  -0.3355224 2026 01 15 04 02 41.84
0 -10364.20863   3713.87731 -22967.37324  -0.4190999  -3.1285570  -0.3244435 2026 01 15 04 03 01.84
0 -10372.64281   3651.30488 -22973.75129  -0.4243272  -3.1287115  -0.3133617 2026 01 15 04 03 21.84
0 -10381.18150   3588.72975 -22979.90767  -0.4295518  -3.1288273  -0.3022770 2026 01 15 04 03 41.84
0 -10389.82466   3526.15269 -22985.84233  -0.4347736  -3.1289042  -0.2911896 2026 01 15 04 04 01.84
0 -10398.57223   3463.57448 -22991.55522  -0.4399923  -3.1289424  -0.2800995 2026 01 15 04 04 21.84
0 -10407.42413   3400.99590 -22997.04628  -0.4452079  -3.1289418  -0.2690070 2026 01 15 04 04 41.84
0 -10416.38032   3338.41771 -23002.31546  -0.4504201  -3.1289024  -0.2579120 2026 01 15 04 05 01.84
0 -10425.44072   3275.84070 -23007.36273  -0.4556289  -3.1288243  -0.2468147 2026 01 15 04 05 21.84
0 -10434.60525   3213.26564 -23012.18803  -0.4608340  -3.1287075  -0.2357153 2026 01 15 04 05 41.84
0 -10443.87385   3150.69330 -23016.79132  -0.4660354  -3.1285519  -0.2246137 2026 01 15 04 06 01.84
0 -10453.24644   3088.12447 -23021.17255  -0.4712328  -3.1283576  -0.2135102 2026 01 15 04 06 21.84
0 -10462.72294   3025.55990 -23025.33170  -0.4764262  -3.1281246  -0.2024048 2026 01 15 04 06 41.84
0 -10472.30326   2963.00038 -23029.26873  -0.4816153  -3.1278530  -0.1912976 2026 01 15 04 07 01.84
0 -10481.98732   2900.44668 -23032.98360  -0.4868000  -3.1275426  -0.1801887 2026 01 15 04 07 21.84
0 -10491.77503   2837.89958 -23036.47627  -0.4919802  -3.1271936  -0.1690784 2026 01 15 04 07 41.84
0 -10501.66630   2775.35984 -23039.74672  -0.4971557  -3.1268060  -0.1579665 2026 01 15 04 08 01.84
0 -10511.66103   2712.82824 -23042.79493  -0.5023264  -3.1263798  -0.1468534 2026 01 15 04 08 21.84
0 -10521.75912   2650.30555 -23045.62085  -0.5074921  -3.1259149  -0.1357390 2026 01 15 04 08 41.84
0 -10531.96047   2587.79254 -23048.22449  -0.5126526  -3.1254115  -0.1246235 2026 01 15 04 09 01.84
0 -10542.26499   2525.28999 -23050.60580  -0.5178079  -3.1248695  -0.1135069 2026 01 15 04 09 21.84
0 -10552.67255   2462.79866 -23052.76477  -0.5229577  -3.1242890  -0.1023895 2026 01 15 04 09 41.84
0 -10563.18306   2400.31933 -23054.70139  -0.5281019  -3.1236699  -0.0912713 2026 01 15 04 10 01.84
0 -10573.79639   2337.85276 -23056.41563  -0.5332404  -3.1230124  -0.0801524 2026 01 15 04 10 21.84
0 -10584.51243   2275.39973 -23057.90749  -0.5383729  -3.1223164  -0.0690329 2026 01 15 04 10 41.84
0 -10595.33107   2212.96100 -23059.17696  -0.5434995  -3.1215820  -0.0579129 2026 01 15 04 11 01.84
0 -10606.25217   2150.53735 -23060.22403  -0.5486198  -3.1208091  -0.0467926 2026 01 15 04 11 21.84
0 -10617.27562   2088.12954 -23061.04869  -0.5537338  -3.1199978  -0.0356720 2026 01 15 04 11 41.84
0 -10628.40128   2025.73834 -23061.65093  -0.5588413  -3.1191482  -0.0245512 2026 01 15 04 12 01.84
0 -10639.62902   1963.36451 -23062.03076  -0.5639422  -3.1182602  -0.0134304 2026 01 15 04 12 21.84
0 -10650.95872   1901.00883 -23062.18818  -0.5690362  -3.1173338  -0.0023097 2026 01 15 04 12 41.84
0 -10662.39023   1838.67205 -23062.12318  -0.5741233  -3.1163692   0.0088109 2026 01 15 04 13 01.84
0 -10673.92341   1776.35495 -23061.83578  -0.5792033  -3.1153664   0.0199311 2026 01 15 04 13 21.84
0 -10685.55811   1714.05829 -23061.32597  -0.5842761  -3.1143253   0.0310510 2026 01 15 04 13 41.84
0 -10697.29420   1651.78284 -23060.59378  -0.5893415  -3.1132459   0.0421704 2026 01 15 04 14 01.84
0 -10709.13152   1589.52935 -23059.63920  -0.5943993  -3.1121285   0.0532892 2026 01 15 04 14 21.84
0 -10721.06992   1527.29859 -23058.46225  -0.5994495  -3.1109729   0.0644073 2026 01 15 04 14 41.84
0 -10733.10925   1465.09133 -23057.06295  -0.6044918  -3.1097791   0.0755246 2026 01 15 04 15 01.84
0 -10745.24934   1402.90832 -23055.44132  -0.6095261  -3.1085473   0.0866410 2026 01 15 04 15 21.84
0 -10757.49004   1340.75033 -23053.59737  -0.6145523  -3.1072775   0.0977563 2026 01 15 04 15 41.84
0 -10769.83118   1278.61812 -23051.53112  -0.6195702  -3.1059696   0.1088705 2026 01 15 04 16 01.84
0 -10782.27259   1216.51244 -23049.24261  -0.6245796  -3.1046238   0.1199834 2026 01 15 04 16 21.84
0 -10794.81410   1154.43406 -23046.73185  -0.6295805  -3.1032401   0.1310950 2026 01 15 04 16 41.84
0 -10807.45555   1092.38373 -23043.99887  -0.6345727  -3.1018184   0.1422051 2026 01 15 04 17 01.84
0 -10820.19675   1030.36221 -23041.04371  -0.6395559  -3.1003589   0.1533137 2026 01 15 04 17 21.84
0 -10833.03753    968.37027 -23037.86639  -0.6445302  -3.0988615   0.1644205 2026 01 15 04 17 41.84
0 -10845.97770    906.40864 -23034.46696  -0.6494953  -3.0973264   0.1755256 2026 01 15 04 18 01.84
0 -10859.01708    844.47810 -23030.84544  -0.6544510  -3.0957536   0.1866288 2026 01 15 04 18 21.84
0 -10872.15547    782.57939 -23027.00188  -0.6593973  -3.0941430   0.1977301 2026 01 15 04 18 41.84
0 -10885.39270    720.71327 -23022.93632  -0.6643340  -3.0924947   0.2088292 2026 01 15 04 19 01.84
0 -10898.72857    658.88049 -23018.64880  -0.6692609  -3.0908089   0.2199261 2026 01 15 04 19 21.84
0 -10912.16287    597.08180 -23014.13936  -0.6741779  -3.0890854   0.2310206 2026 01 15 04 19 41.84
0 -10925.69542    535.31796 -23009.40806  -0.6790849  -3.0873245   0.2421128 2026 01 15 04 20 01.84
0 -10939.32600    473.58971 -23004.45494  -0.6839817  -3.0855260   0.2532024 2026 01 15 04 20 21.84
0 -10953.05442    411.89781 -22999.28005  -0.6888681  -3.0836901   0.2642894 2026 01 15 04 20 41.84
0 -10966.88046    350.24299 -22993.88346  -0.6937440  -3.0818168   0.2753736 2026 01 15 04 21 01.84
0 -10980.80391    288.62602 -22988.26521  -0.6986093  -3.0799061   0.2864550 2026 01 15 04 21 21.84
0 -10994.82456    227.04763 -22982.42536  -0.7034638  -3.0779581   0.2975334 2026 01 15 04 21 41.84
0 -11008.94219    165.50858 -22976.36397  -0.7083074  -3.0759729   0.3086088 2026 01 15 04 22 01.84
0 -11023.15658    104.00960 -22970.08111  -0.7131399  -3.0739504   0.3196809 2026 01 15 04 22 21.84
0 -11037.46751     42.55145 -22963.57684  -0.7179613  -3.0718908   0.3307498 2026 01 15 04 22 41.84
0 -11051.87475    -18.86515 -22956.85123  -0.7227712  -3.0697940   0.3418153 2026 01 15 04 23 01.84
0 -11066.37808    -80.23943 -22949.90434  -0.7275697  -3.0676602   0.3528773 2026 01 15 04 23 21.84
0 -11080.97726   -141.57067 -22942.73625  -0.7323565  -3.0654894   0.3639357 2026 01 15 04 23 41.84
0 -11095.67206   -202.85813 -22935.34703  -0.7371315  -3.0632816   0.3749904 2026 01 15 04 24 01.84
0 -11110.46224   -264.10106 -22927.73675  -0.7418946  -3.0610369   0.3860413 2026 01 15 04 24 21.84
0 -11125.34757   -325.29873 -22919.90550  -0.7466456  -3.0587553   0.3970883 2026 01 15 04 24 41.84
0 -11140.32779   -386.45039 -22911.85335  -0.7513844  -3.0564370   0.4081312 2026 01 15 04 25 01.84
0 -11155.40266   -447.55533 -22903.58038  -0.7561108  -3.0540819   0.4191700 2026 01 15 04 25 21.84
0 -11170.57194   -508.61279 -22895.08668  -0.7608248  -3.0516900   0.4302046 2026 01 15 04 25 41.84
0 -11185.83537   -569.62205 -22886.37233  -0.7655261  -3.0492616   0.4412348 2026 01 15 04 26 01.84
0 -11201.19270   -630.58238 -22877.43742  -0.7702146  -3.0467966   0.4522605 2026 01 15 04 26 21.84
0 -11216.64367   -691.49304 -22868.28204  -0.7748902  -3.0442950   0.4632817 2026 01 15 04 26 41.84
0 -11232.18802   -752.35330 -22858.90629  -0.7795527  -3.0417570   0.4742983 2026 01 15 04 27 01.84
0 -11247.82549   -813.16244 -22849.31026  -0.7842020  -3.0391825   0.4853100 2026 01 15 04 27 21.84
0 -11263.55581   -873.91973 -22839.49404  -0.7888379  -3.0365717   0.4963169 2026 01 15 04 27 41.84
0 -11279.37872   -934.62444 -22829.45773  -0.7934604  -3.0339246   0.5073188 2026 01 15 04 28 01.84
0 -11295.29394   -995.27585 -22819.20144  -0.7980692  -3.0312413   0.5183156 2026 01 15 04 28 21.84
0 -11311.30119  -1055.87322 -22808.72526  -0.8026643  -3.0285218   0.5293072 2026 01 15 04 28 41.84
0 -11327.40021  -1116.41585 -22798.02931  -0.8072454  -3.0257662   0.5402935 2026 01 15 04 29 01.84
0 -11343.59072  -1176.90301 -22787.11368  -0.8118125  -3.0229746   0.5512744 2026 01 15 04 29 21.84
0 -11359.87242  -1237.33397 -22775.97849  -0.8163654  -3.0201470   0.5622497 2026 01 15 04 29 41.84
0 -11376.24504  -1297.70802 -22764.62385  -0.8209040  -3.0172834   0.5732195 2026 01 15 04 30 01.84
0 -11392.70829  -1358.02444 -22753.04988  -0.8254281  -3.0143841   0.5841835 2026 01 15 04 30 21.84
0 -11409.26187  -1418.28251 -22741.25668  -0.8299377  -3.0114489   0.5951417 2026 01 15 04 30 41.84
0 -11425.90550  -1478.48153 -22729.24438  -0.8344324  -3.0084780   0.6060940 2026 01 15 04 31 01.84
0 -11442.63887  -1538.62077 -22717.01310  -0.8389123  -3.0054714   0.6170402 2026 01 15 04 31 21.84
0 -11459.46170  -1598.69952 -22704.56295  -0.8433772  -3.0024293   0.6279802 2026 01 15 04 31 41.84
0 -11476.37366  -1658.71708 -22691.89407  -0.8478270  -2.9993516   0.6389140 2026 01 15 04 32 01.84
0 -11493.37448  -1718.67273 -22679.00657  -0.8522614  -2.9962385   0.6498415 2026 01 15 04 32 21.84
0 -11510.46382  -1778.56576 -22665.90059  -0.8566804  -2.9930900   0.6607625 2026 01 15 04 32 41.84
0 -11527.64139  -1838.39547 -22652.57626  -0.8610839  -2.9899062   0.6716769 2026 01 15 04 33 01.84
0 -11544.90687  -1898.16114 -22639.03370  -0.8654716  -2.9866871   0.6825846 2026 01 15 04 33 21.84
0 -11562.25995  -1957.86209 -22625.27306  -0.8698436  -2.9834329   0.6934856 2026 01 15 04 33 41.84
0 -11579.70031  -2017.49760 -22611.29447  -0.8741995  -2.9801435   0.7043797 2026 01 15 04 34 01.84
0 -11597.22763  -2077.06698 -22597.09807  -0.8785394  -2.9768192   0.7152668 2026 01 15 04 34 21.84
0 -11614.84159  -2136.56952 -22582.68400  -0.8828630  -2.9734599   0.7261468 2026 01 15 04 34 41.84
0 -11632.54185  -2196.00452 -22568.05240  -0.8871703  -2.9700657   0.7370196 2026 01 15 04 35 01.84
0 -11650.32809  -2255.37129 -22553.20342  -0.8914610  -2.9666367   0.7478851 2026 01 15 04 35 21.84
0 -11668.19998  -2314.66913 -22538.13721  -0.8957352  -2.9631730   0.7587431 2026 01 15 04 35 41.84
0 -11686.15719  -2373.89736 -22522.85390  -0.8999925  -2.9596746   0.7695937 2026 01 15 04 36 01.84
0 -11704.19938  -2433.05527 -22507.35367  -0.9042330  -2.9561416   0.7804367 2026 01 15 04 36 21.84
0 -11722.32620  -2492.14217 -22491.63665  -0.9084564  -2.9525742   0.7912719 2026 01 15 04 36 41.84
0 -11740.53732  -2551.15739 -22475.70301  -0.9126626  -2.9489723   0.8020993 2026 01 15 04 37 01.84
0 -11758.83240  -2610.10022 -22459.55290  -0.9168516  -2.9453361   0.8129188 2026 01 15 04 37 21.84
0 -11777.21108  -2668.96999 -22443.18648  -0.9210231  -2.9416656   0.8237302 2026 01 15 04 37 41.84
0 -11795.67301  -2727.76600 -22426.60391  -0.9251771  -2.9379609   0.8345335 2026 01 15 04 38 01.84
0 -11814.21785  -2786.48758 -22409.80536  -0.9293134  -2.9342221   0.8453286 2026 01 15 04 38 21.84
0 -11832.84523  -2845.13404 -22392.79099  -0.9334318  -2.9304493   0.8561153 2026 01 15 04 38 41.84
0 -11851.55481  -2903.70471 -22375.56098  -0.9375324  -2.9266426   0.8668936 2026 01 15 04 39 01.84
0 -11870.34621  -2962.19890 -22358.11548  -0.9416148  -2.9228020   0.8776633 2026 01 15 04 39 21.84
0 -11889.21908  -3020.61595 -22340.45468  -0.9456790  -2.9189276   0.8884244 2026 01 15 04 39 41.84
0 -11908.17306  -3078.95517 -22322.57874  -0.9497249  -2.9150195   0.8991767 2026 01 15 04 40 01.84
0 -11927.20777  -3137.21589 -22304.48785  -0.9537524  -2.9110778   0.9099201 2026 01 15 04 40 21.84
0 -11946.32284  -3195.39745 -22286.18218  -0.9577612  -2.9071026   0.9206546 2026 01 15 04 40 41.84
0 -11965.51790  -3253.49916 -22267.66191  -0.9617513  -2.9030939   0.9313800 2026 01 15 04 41 01.84
0 -11984.79257  -3311.52037 -22248.92723  -0.9657226  -2.8990519   0.9420962 2026 01 15 04 41 21.84
0 -12004.14648  -3369.46040 -22229.97831  -0.9696749  -2.8949766   0.9528032 2026 01 15 04 41 41.84
0 -12023.57925  -3427.31860 -22210.81535  -0.9736081  -2.8908682   0.9635008 2026 01 15 04 42 01.84
0 -12043.09049  -3485.09430 -22191.43854  -0.9775221  -2.8867266   0.9741889 2026 01 15 04 42 21.84
0 -12062.67981  -3542.78684 -22171.84806  -0.9814168  -2.8825521   0.9848674 2026 01 15 04 42 41.84
0 -12082.34684  -3600.39555 -22152.04410  -0.9852919  -2.8783446   0.9955362 2026 01 15 04 43 01.84
0 -12102.09117  -3657.91979 -22132.02687  -0.9891475  -2.8741043   1.0061952 2026 01 15 04 43 21.84
0 -12121.91242  -3715.35890 -22111.79656  -0.9929834  -2.8698313   1.0168444 2026 01 15 04 43 41.84
0 -12141.81018  -3772.71222 -22091.35336  -0.9967994  -2.8655256   1.0274835 2026 01 15 04 44 01.84
0 -12161.78407  -3829.97910 -22070.69748  -1.0005954  -2.8611873   1.0381126 2026 01 15 04 44 21.84
0 -12181.83367  -3887.15889 -22049.82913  -1.0043713  -2.8568166   1.0487315 2026 01 15 04 44 41.84
0 -12201.95859  -3944.25094 -22028.74850  -1.0081271  -2.8524136   1.0593400 2026 01 15 04 45 01.84
0 -12222.15843  -4001.25461 -22007.45580  -1.0118625  -2.8479782   1.0699382 2026 01 15 04 45 21.84
0 -12242.43277  -4058.16925 -21985.95125  -1.0155774  -2.8435107   1.0805258 2026 01 15 04 45 41.84
0 -12262.78120  -4114.99422 -21964.23505  -1.0192717  -2.8390111   1.0911029 2026 01 15 04 46 01.84
0 -12283.20331  -4171.72888 -21942.30742  -1.0229454  -2.8344795   1.1016692 2026 01 15 04 46 21.84
0 -12303.69869  -4228.37258 -21920.16857  -1.0265982  -2.8299160   1.1122247 2026 01 15 04 46 41.84
0 -12324.26691  -4284.92470 -21897.81872  -1.0302301  -2.8253207   1.1227694 2026 01 15 04 47 01.84
0 -12344.90756  -4341.38460 -21875.25808  -1.0338410  -2.8206937   1.1333030 2026 01 15 04 47 21.84
0 -12365.62022  -4397.75164 -21852.48689  -1.0374306  -2.8160350   1.1438255 2026 01 15 04 47 41.84
0 -12386.40446  -4454.02519 -21829.50536  -1.0409990  -2.8113449   1.1543368 2026 01 15 04 48 01.84
0 -12407.25985  -4510.20462 -21806.31372  -1.0445459  -2.8066234   1.1648368 2026 01 15 04 48 21.84
0 -12428.18596  -4566.28931 -21782.91219  -1.0480713  -2.8018705   1.1753253 2026 01 15 04 48 41.84
0 -12449.18237  -4622.27864 -21759.30101  -1.0515751  -2.7970865   1.1858024 2026 01 15 04 49 01.84
0 -12470.24864  -4678.17197 -21735.48040  -1.0550571  -2.7922713   1.1962678 2026 01 15 04 49 21.84
0 -12491.38432  -4733.96869 -21711.45060  -1.0585172  -2.7874251   1.2067215 2026 01 15 04 49 41.84
0 -12512.58899  -4789.66817 -21687.21185  -1.0619553  -2.7825481   1.2171634 2026 01 15 04 50 01.84
0 -12533.86220  -4845.26981 -21662.76437  -1.0653713  -2.7776402   1.2275934 2026 01 15 04 50 21.84
0 -12555.20351  -4900.77298 -21638.10842  -1.0687651  -2.7727016   1.2380114 2026 01 15 04 50 41.84
0 -12576.61247  -4956.17707 -21613.24423  -1.0721365  -2.7677324   1.2484173 2026 01 15 04 51 01.84
0 -12598.08864  -5011.48147 -21588.17205  -1.0754855  -2.7627327   1.2588109 2026 01 15 04 51 21.84
0 -12619.63156  -5066.68558 -21562.89212  -1.0788119  -2.7577026   1.2691922 2026 01 15 04 51 41.84
0 -12641.24078  -5121.78878 -21537.40468  -1.0821156  -2.7526422   1.2795611 2026 01 15 04 52 01.84
0 -12662.91585  -5176.79047 -21511.71000  -1.0853966  -2.7475516   1.2899175 2026 01 15 04 52 21.84
0 -12684.65631  -5231.69005 -21485.80831  -1.0886546  -2.7424310   1.3002613 2026 01 15 04 52 41.84
0 -12706.46169  -5286.48692 -21459.69988  -1.0918896  -2.7372804   1.3105924 2026 01 15 04 53 01.84
0 -12728.33155  -5341.18048 -21433.38495  -1.0951014  -2.7320999   1.3209106 2026 01 15 04 53 21.84
0 -12750.26541  -5395.77013 -21406.86378  -1.0982901  -2.7268897   1.3312160 2026 01 15 04 53 41.84
0 -12772.26282  -5450.25528 -21380.13664  -1.1014553  -2.7216498   1.3415083 2026 01 15 04 54 01.84
0 -12794.32329  -5504.63533 -21353.20379  -1.1045972  -2.7163804   1.3517876 2026 01 15 04 54 21.84
0 -12816.44636  -5558.90971 -21326.06548  -1.1077154  -2.7110815   1.3620536 2026 01 15 04 54 41.84
0 -12838.63157  -5613.07781 -21298.72199  -1.1108100  -2.7057533   1.3723063 2026 01 15 04 55 01.84
0 -12860.87842  -5667.13906 -21271.17357  -1.1138807  -2.7003959   1.3825456 2026 01 15 04 55 21.84
0 -12883.18646  -5721.09287 -21243.42051  -1.1169276  -2.6950095   1.3927715 2026 01 15 04 55 41.84
0 -12905.55519  -5774.93866 -21215.46307  -1.1199505  -2.6895940   1.4029837 2026 01 15 04 56 01.84
0 -12927.98414  -5828.67585 -21187.30151  -1.1229493  -2.6841496   1.4131822 2026 01 15 04 56 21.84
0 -12950.47282  -5882.30387 -21158.93613  -1.1259239  -2.6786765   1.4233670 2026 01 15 04 56 41.84
0 -12973.02075  -5935.82214 -21130.36719  -1.1288741  -2.6731747   1.4335378 2026 01 15 04 57 01.84
0 -12995.62744  -5989.23008 -21101.59498  -1.1317999  -2.6676444   1.4436946 2026 01 15 04 57 21.84
0 -13018.29240  -6042.52714 -21072.61977  -1.1347012  -2.6620857   1.4538374 2026 01 15 04 57 41.84
0 -13041.01515  -6095.71274 -21043.44184  -1.1375779  -2.6564986   1.4639660 2026 01 15 04 58 01.84
0 -13063.79518  -6148.78632 -21014.06149  -1.1404298  -2.6508834   1.4740803 2026 01 15 04 58 21.84
0 -13086.63199  -6201.74731 -20984.47900  -1.1432569  -2.6452400   1.4841802 2026 01 15 04 58 41.84
0 -13109.52511  -6254.59515 -20954.69465  -1.1460590  -2.6395688   1.4942657 2026 01 15 04 59 01.84
0 -13132.47401  -6307.32929 -20924.70875  -1.1488361  -2.6338696   1.5043366 2026 01 15 04 59 21.84
0 -13155.47821  -6359.94917 -20894.52157  -1.1515880  -2.6281427   1.5143928 2026 01 15 04 59 41.84
0 -13178.53719  -6412.45424 -20864.13341  -1.1543147  -2.6223882   1.5244343 2026 01 15 05 00 01.84
0 -13201.65045  -6464.84394 -20833.54457  -1.1570161  -2.6166063   1.5344609 2026 01 15 05 00 21.84
0 -13224.81749  -6517.11773 -20802.75536  -1.1596920  -2.6107969   1.5444725 2026 01 15 05 00 41.84
0 -13248.03779  -6569.27506 -20771.76606  -1.1623424  -2.6049603   1.5544691 2026 01 15 05 01 01.84
0 -13271.31084  -6621.31539 -20740.57698  -1.1649671  -2.5990965   1.5644505 2026 01 15 05 01 21.84
0 -13294.63612  -6673.23817 -20709.18842  -1.1675661  -2.5932057   1.5744167 2026 01 15 05 01 41.84
0 -13318.01313  -6725.04286 -20677.60070  -1.1701392  -2.5872881   1.5843676 2026 01 15 05 02 01.84
0 -13341.44134  -6776.72894 -20645.81411  -1.1726864  -2.5813436   1.5943031 2026 01 15 05 02 21.84
0 -13364.92024  -6828.29586 -20613.82897  -1.1752075  -2.5753725   1.6042230 2026 01 15 05 02 41.84
0 -13388.44930  -6879.74309 -20581.64559  -1.1777026  -2.5693748   1.6141273 2026 01 15 05 03 01.84
0 -13412.02800  -6931.07010 -20549.26428  -1.1801714  -2.5633507   1.6240158 2026 01 15 05 03 21.84
0 -13435.65581  -6982.27637 -20516.68535  -1.1826139  -2.5573004   1.6338886 2026 01 15 05 03 41.84
0 -13459.33220  -7033.36138 -20483.90914  -1.1850299  -2.5512239   1.6437455 2026 01 15 05 04 01.84
0 -13483.05666  -7084.32459 -20450.93594  -1.1874195  -2.5451213   1.6535863 2026 01 15 05 04 21.84
0 -13506.82864  -7135.16549 -20417.76609  -1.1897825  -2.5389928   1.6634111 2026 01 15 05 04 41.84
0 -13530.64761  -7185.88356 -20384.39990  -1.1921187  -2.5328385   1.6732197 2026 01 15 05 05 01.84
0 -13554.51304  -7236.47829 -20350.83771  -1.1944282  -2.5266585   1.6830120 2026 01 15 05 05 21.84
0 -13578.42439  -7286.94917 -20317.07984  -1.1967108  -2.5204530   1.6927879 2026 01 15 05 05 41.84
0 -13602.38112  -7337.29568 -20283.12661  -1.1989665  -2.5142221   1.7025474 2026 01 15 05 06 01.84
0 -13626.38270  -7387.51732 -20248.97836  -1.2011950  -2.5079659   1.7122903 2026 01 15 05 06 21.84
0 -13650.42857  -7437.61358 -20214.63542  -1.2033965  -2.5016845   1.7220165 2026 01 15 05 06 41.84
0 -13674.51821  -7487.58397 -20180.09812  -1.2055706  -2.4953781   1.7317260 2026 01 15 05 07 01.84
0 -13698.65105  -7537.42798 -20145.36680  -1.2077175  -2.4890468   1.7414187 2026 01 15 05 07 21.84
0 -13722.82656  -7587.14511 -20110.44180  -1.2098369  -2.4826907   1.7510944 2026 01 15 05 07 41.84
0 -13747.04418  -7636.73488 -20075.32345  -1.2119289  -2.4763099   1.7607531 2026 01 15 05 08 01.84
0 -13771.30336  -7686.19679 -20040.01210  -1.2139932  -2.4699046   1.7703947 2026 01 15 05 08 21.84
0 -13795.60356  -7735.53034 -20004.50809  -1.2160299  -2.4634749   1.7800191 2026 01 15 05 08 41.84
0 -13819.94421  -7784.73506 -19968.81177  -1.2180388  -2.4570210   1.7896262 2026 01 15 05 09 01.84
0 -13844.32476  -7833.81046 -19932.92348  -1.2200199  -2.4505429   1.7992159 2026 01 15 05 09 21.84
0 -13868.74466  -7882.75606 -19896.84357  -1.2219730  -2.4440408   1.8087881 2026 01 15 05 09 41.84
0 -13893.20333  -7931.57138 -19860.57240  -1.2238981  -2.4375148   1.8183427 2026 01 15 05 10 01.84
0 -13917.70023  -7980.25594 -19824.11031  -1.2257952  -2.4309651   1.8278797 2026 01 15 05 10 21.84
0 -13942.23479  -8028.80927 -19787.45765  -1.2276640  -2.4243918   1.8373989 2026 01 15 05 10 41.84
0 -13966.80644  -8077.23090 -19750.61480  -1.2295046  -2.4177950   1.8469003 2026 01 15 05 11 01.84
0 -13991.41462  -8125.52036 -19713.58209  -1.2313168  -2.4111748   1.8563837 2026 01 15 05 11 21.84
0 -14016.05876  -8173.67719 -19676.35990  -1.2331006  -2.4045315   1.8658491 2026 01 15 05 11 41.84
0 -14040.73830  -8221.70092 -19638.94858  -1.2348559  -2.3978651   1.8752964 2026 01 15 05 12 01.84
0 -14065.45265  -8269.59109 -19601.34850  -1.2365826  -2.3911757   1.8847255 2026 01 15 05 12 21.84
0 -14090.20125  -8317.34724 -19563.56002  -1.2382806  -2.3844635   1.8941362 2026 01 15 05 12 41.84
0 -14114.98352  -8364.96893 -19525.58351  -1.2399499  -2.3777286   1.9035286 2026 01 15 05 13 01.84
0 -14139.79890  -8412.45569 -19487.41934  -1.2415904  -2.3709713   1.9129025 2026 01 15 05 13 21.84
0 -14164.64679  -8459.80708 -19449.06787  -1.2432020  -2.3641915   1.9222579 2026 01 15 05 13 41.84
0 -14189.52663  -8507.02265 -19410.52949  -1.2447846  -2.3573894   1.9315945 2026 01 15 05 14 01.84
0 -14214.43782  -8554.10196 -19371.80456  -1.2463381  -2.3505652   1.9409125 2026 01 15 05 14 21.84
0 -14239.37980  -8601.04457 -19332.89346  -1.2478625  -2.3437190   1.9502116 2026 01 15 05 14 41.84
0 -14264.35198  -8647.85003 -19293.79656  -1.2493578  -2.3368509   1.9594918 2026 01 15 05 15 01.84
0 -14289.35376  -8694.51792 -19254.51426  -1.2508237  -2.3299612   1.9687529 2026 01 15 05 15 21.84
0 -14314.38457  -8741.04779 -19215.04692  -1.2522603  -2.3230498   1.9779950 2026 01 15 05 15 41.84
0 -14339.44382  -8787.43923 -19175.39494  -1.2536674  -2.3161170   1.9872179 2026 01 15 05 16 01.84
0 -14364.53092  -8833.69179 -19135.55869  -1.2550451  -2.3091629   1.9964215 2026 01 15 05 16 21.84
0 -14389.64528  -8879.80506 -19095.53856  -1.2563932  -2.3021876   2.0056057 2026 01 15 05 16 41.84
0 -14414.78630  -8925.77862 -19055.33494  -1.2577116  -2.2951914   2.0147705 2026 01 15 05 17 01.84
0 -14439.95339  -8971.61204 -19014.94822  -1.2590004  -2.2881742   2.0239158 2026 01 15 05 17 21.84
0 -14465.14596  -9017.30491 -18974.37880  -1.2602593  -2.2811362   2.0330414 2026 01 15 05 17 41.84
0 -14490.36342  -9062.85681 -18933.62706  -1.2614885  -2.2740777   2.0421473 2026 01 15 05 18 01.84
0 -14515.60515  -9108.26734 -18892.69340  -1.2626876  -2.2669987   2.0512334 2026 01 15 05 18 21.84
0 -14540.87057  -9153.53609 -18851.57821  -1.2638569  -2.2598994   2.0602997 2026 01 15 05 18 41.84
0 -14566.15908  -9198.66265 -18810.28190  -1.2649960  -2.2527799   2.0693459 2026 01 15 05 19 01.84
0 -14591.47007  -9243.64662 -18768.80487  -1.2661050  -2.2456403   2.0783722 2026 01 15 05 19 21.84
0 -14616.80293  -9288.48760 -18727.14752  -1.2671839  -2.2384809   2.0873782 2026 01 15 05 19 41.84
0 -14642.15707  -9333.18519 -18685.31024  -1.2682325  -2.2313017   2.0963641 2026 01 15 05 20 01.84
0 -14667.53188  -9377.73900 -18643.29346  -1.2692508  -2.2241029   2.1053296 2026 01 15 05 20 21.84
0 -14692.92675  -9422.14864 -18601.09756  -1.2702387  -2.2168846   2.1142747 2026 01 15 05 20 41.84
0 -14718.34108  -9466.41373 -18558.72297  -1.2711961  -2.2096470   2.1231993 2026 01 15 05 21 01.84
0 -14743.77425  -9510.53386 -18516.17010  -1.2721230  -2.2023902   2.1321034 2026 01 15 05 21 21.84
0 -14769.22565  -9554.50868 -18473.43935  -1.2730194  -2.1951143   2.1409868 2026 01 15 05 21 41.84
0 -14794.69468  -9598.33778 -18430.53114  -1.2738852  -2.1878196   2.1498495 2026 01 15 05 22 01.84
0 -14820.18071  -9642.02081 -18387.44588  -1.2747202  -2.1805061   2.1586913 2026 01 15 05 22 21.84
0 -14845.68314  -9685.55738 -18344.18400  -1.2755245  -2.1731740   2.1675123 2026 01 15 05 22 41.84
0 -14871.20134  -9728.94712 -18300.74591  -1.2762980  -2.1658235   2.1763122 2026 01 15 05 23 01.84
0 -14896.73471  -9772.18967 -18257.13203  -1.2770406  -2.1584546   2.1850911 2026 01 15 05 23 21.84
0 -14922.28262  -9815.28466 -18213.34278  -1.2777523  -2.1510676   2.1938489 2026 01 15 05 23 41.84
0 -14947.84446  -9858.23173 -18169.37860  -1.2784330  -2.1436625   2.2025853 2026 01 15 05 24 01.84
0 -14973.41960  -9901.03052 -18125.23990  -1.2790826  -2.1362396   2.2113005 2026 01 15 05 24 21.84
0 -14999.00742  -9943.68068 -18080.92711  -1.2797012  -2.1287990   2.2199942 2026 01 15 05 24 41.84
0 -15024.60730  -9986.18184 -18036.44066  -1.2802886  -2.1213407   2.2286665 2026 01 15 05 25 01.84
0 -15050.21861 -10028.53367 -17991.78098  -1.2808447  -2.1138651   2.2373172 2026 01 15 05 25 21.84
0 -15075.84074 -10070.73581 -17946.94850  -1.2813697  -2.1063721   2.2459462 2026 01 15 05 25 41.84
0 -15101.47305 -10112.78793 -17901.94366  -1.2818633  -2.0988620   2.2545535 2026 01 15 05 26 01.84
0 -15127.11493 -10154.68967 -17856.76690  -1.2823255  -2.0913350   2.2631390 2026 01 15 05 26 21.84
0 -15152.76573 -10196.44070 -17811.41864  -1.2827563  -2.0837910   2.2717026 2026 01 15 05 26 41.84
0 -15178.42483 -10238.04068 -17765.89933  -1.2831556  -2.0762304   2.2802442 2026 01 15 05 27 01.84
0 -15204.09161 -10279.48929 -17720.20941  -1.2835234  -2.0686533   2.2887637 2026 01 15 05 27 21.84
0 -15229.76543 -10320.78619 -17674.34933  -1.2838596  -2.0610597   2.2972611 2026 01 15 05 27 41.84
0 -15255.44565 -10361.93106 -17628.31951  -1.2841642  -2.0534499   2.3057363 2026 01 15 05 28 01.84
0 -15281.13165 -10402.92357 -17582.12042  -1.2844371  -2.0458241   2.3141892 2026 01 15 05 28 21.84
0 -15306.82279 -10443.76340 -17535.75249  -1.2846783  -2.0381822   2.3226197 2026 01 15 05 28 41.84
0 -15332.51844 -10484.45024 -17489.21618  -1.2848877  -2.0305246   2.3310277 2026 01 15 05 29 01.84
0 -15358.21796 -10524.98377 -17442.51194  -1.2850653  -2.0228513   2.3394132 2026 01 15 05 29 21.84
0 -15383.92071 -10565.36368 -17395.64021  -1.2852110  -2.0151626   2.3477760 2026 01 15 05 29 41.84
0 -15409.62606 -10605.58966 -17348.60146  -1.2853248  -2.0074585   2.3561162 2026 01 15 05 30 01.84
0 -15435.33336 -10645.66141 -17301.39612  -1.2854067  -1.9997392   2.3644335 2026 01 15 05 30 21.84
0 -15461.04199 -10685.57862 -17254.02467  -1.2854565  -1.9920049   2.3727281 2026 01 15 05 30 41.84
0 -15486.75128 -10725.34100 -17206.48756  -1.2854743  -1.9842557   2.3809996 2026 01 15 05 31 01.84
0 -15512.46062 -10764.94825 -17158.78525  -1.2854600  -1.9764917   2.3892482 2026 01 15 05 31 21.84
0 -15538.16935 -10804.40007 -17110.91820  -1.2854136  -1.9687132   2.3974736 2026 01 15 05 31 41.84
0 -15563.87683 -10843.69618 -17062.88687  -1.2853351  -1.9609202   2.4056759 2026 01 15 05 32 01.84
0 -15589.58241 -10882.83628 -17014.69173  -1.2852243  -1.9531130   2.4138550 2026 01 15 05 32 21.84
0 -15615.28546 -10921.82010 -16966.33325  -1.2850812  -1.9452917   2.4220107 2026 01 15 05 32 41.84
0 -15640.98532 -10960.64736 -16917.81188  -1.2849059  -1.9374564   2.4301430 2026 01 15 05 33 01.84
0 -15666.68136 -10999.31777 -16869.12810  -1.2846982  -1.9296072   2.4382518 2026 01 15 05 33 21.84
0 -15692.37292 -11037.83106 -16820.28238  -1.2844581  -1.9217444   2.4463370 2026 01 15 05 33 41.84
0 -15718.05935 -11076.18695 -16771.27520  -1.2841857  -1.9138681   2.4543986 2026 01 15 05 34 01.84
0 -15743.74001 -11114.38519 -16722.10702  -1.2838808  -1.9059784   2.4624365 2026 01 15 05 34 21.84
0 -15769.41425 -11152.42551 -16672.77832  -1.2835434  -1.8980756   2.4704506 2026 01 15 05 34 41.84
0 -15795.08141 -11190.30763 -16623.28958  -1.2831735  -1.8901597   2.4784409 2026 01 15 05 35 01.84
0 -15820.74085 -11228.03131 -16573.64127  -1.2827711  -1.8822309   2.4864072 2026 01 15 05 35 21.84
0 -15846.39192 -11265.59629 -16523.83387  -1.2823361  -1.8742893   2.4943495 2026 01 15 05 35 41.84
0 -15872.03396 -11303.00231 -16473.86788  -1.2818684  -1.8663352   2.5022677 2026 01 15 05 36 01.84
0 -15897.66633 -11340.24912 -16423.74376  -1.2813681  -1.8583687   2.5101617 2026 01 15 05 36 21.84
0 -15923.28836 -11377.33649 -16373.46200  -1.2808352  -1.8503899   2.5180315 2026 01 15 05 36 41.84
0 -15948.89940 -11414.26415 -16323.02309  -1.2802695  -1.8423989   2.5258770 2026 01 15 05 37 01.84
0 -15974.49881 -11451.03187 -16272.42752  -1.2796711  -1.8343960   2.5336980 2026 01 15 05 37 21.84
0 -16000.08592 -11487.63942 -16221.67577  -1.2790399  -1.8263813   2.5414946 2026 01 15 05 37 41.84
0 -16025.66007 -11524.08656 -16170.76833  -1.2783758  -1.8183550   2.5492667 2026 01 15 05 38 01.84
0 -16051.22062 -11560.37306 -16119.70570  -1.2776790  -1.8103172   2.5570142 2026 01 15 05 38 21.84
0 -16076.76691 -11596.49869 -16068.48836  -1.2769493  -1.8022680   2.5647370 2026 01 15 05 38 41.84
0 -16102.29827 -11632.46322 -16017.11682  -1.2761867  -1.7942077   2.5724350 2026 01 15 05 39 01.84
0 -16127.81405 -11668.26644 -15965.59157  -1.2753912  -1.7861363   2.5801082 2026 01 15 05 39 21.84
0 -16153.31359 -11703.90812 -15913.91310  -1.2745628  -1.7780541   2.5877565 2026 01 15 05 39 41.84
0 -16178.79624 -11739.38804 -15862.08192  -1.2737014  -1.7699611   2.5953798 2026 01 15 05 40 01.84
0 -16204.26132 -11774.70601 -15810.09852  -1.2728070  -1.7618576   2.6029780 2026 01 15 05 40 21.84
0 -16229.70819 -11809.86180 -15757.96340  -1.2718796  -1.7537437   2.6105512 2026 01 15 05 40 41.84
0 -16255.13619 -11844.85521 -15705.67708  -1.2709192  -1.7456196   2.6180991 2026 01 15 05 41 01.84
0 -16280.54464 -11879.68604 -15653.24005  -1.2699257  -1.7374854   2.6256218 2026 01 15 05 41 21.84
0 -16305.93289 -11914.35408 -15600.65283  -1.2688992  -1.7293413   2.6331192 2026 01 15 05 41 41.84
0 -16331.30029 -11948.85915 -15547.91590  -1.2678395  -1.7211874   2.6405911 2026 01 15 05 42 01.84
0 -16356.64615 -11983.20104 -15495.02980  -1.2667467  -1.7130239   2.6480376 2026 01 15 05 42 21.84
0 -16381.96984 -12017.37957 -15441.99502  -1.2656208  -1.7048510   2.6554585 2026 01 15 05 42 41.84
0 -16407.27067 -12051.39454 -15388.81208  -1.2644618  -1.6966688   2.6628538 2026 01 15 05 43 01.84
0 -16432.54799 -12085.24578 -15335.48149  -1.2632695  -1.6884774   2.6702235 2026 01 15 05 43 21.84
0 -16457.80113 -12118.93311 -15282.00377  -1.2620441  -1.6802771   2.6775673 2026 01 15 05 43 41.84
0 -16483.02943 -12152.45633 -15228.37943  -1.2607855  -1.6720680   2.6848854 2026 01 15 05 44 01.84
0 -16508.23223 -12185.81529 -15174.60898  -1.2594936  -1.6638502   2.6921775 2026 01 15 05 44 21.84
0 -16533.40886 -12219.00981 -15120.69295  -1.2581685  -1.6556239   2.6994437 2026 01 15 05 44 41.84
0 -16558.55866 -12252.03972 -15066.63186  -1.2568102  -1.6473893   2.7066839 2026 01 15 05 45 01.84
0 -16583.68096 -12284.90486 -15012.42623  -1.2554185  -1.6391464   2.7138979 2026 01 15 05 45 21.84
0 -16608.77509 -12317.60506 -14958.07658  -1.2539936  -1.6308956   2.7210858 2026 01 15 05 45 41.84
0 -16633.84039 -12350.14017 -14903.58344  -1.2525355  -1.6226369   2.7282475 2026 01 15 05 46 01.84
0 -16658.87619 -12382.51002 -14848.94732  -1.2510440  -1.6143706   2.7353828 2026 01 15 05 46 21.84
0 -16683.88184 -12414.71447 -14794.16876  -1.2495192  -1.6060966   2.7424918 2026 01 15 05 46 41.84
0 -16708.85665 -12446.75337 -14739.24829  -1.2479610  -1.5978153   2.7495743 2026 01 15 05 47 01.84
0 -16733.79997 -12478.62658 -14684.18643  -1.2463696  -1.5895268   2.7566304 2026 01 15 05 47 21.84
0 -16758.71113 -12510.33394 -14628.98372  -1.2447448  -1.5812312   2.7636598 2026 01 15 05 47 41.84
0 -16783.58945 -12541.87532 -14573.64068  -1.2430866  -1.5729287   2.7706627 2026 01 15 05 48 01.84
0 -16808.43428 -12573.25058 -14518.15786  -1.2413951  -1.5646195   2.7776388 2026 01 15 05 48 21.84
0 -16833.24495 -12604.45959 -14462.53578  -1.2396702  -1.5563037   2.7845881 2026 01 15 05 48 41.84
0 -16858.02079 -12635.50223 -14406.77499  -1.2379120  -1.5479814   2.7915107 2026 01 15 05 49 01.84
0 -16882.76113 -12666.37835 -14350.87601  -1.2361204  -1.5396529   2.7984063 2026 01 15 05 49 21.84
0 -16907.46530 -12697.08784 -14294.83939  -1.2342954  -1.5313183   2.8052749 2026 01 15 05 49 41.84
0 -16932.13264 -12727.63059 -14238.66567  -1.2324370  -1.5229777   2.8121165 2026 01 15 05 50 01.84
0 -16956.76248 -12758.00646 -14182.35538  -1.2305453  -1.5146314   2.8189311 2026 01 15 05 50 21.84
0 -16981.35415 -12788.21535 -14125.90908  -1.2286201  -1.5062794   2.8257184 2026 01 15 05 50 41.84
0 -17005.90698 -12818.25715 -14069.32730  -1.2266616  -1.4979220   2.8324786 2026 01 15 05 51 01.84
0 -17030.42031 -12848.13174 -14012.61060  -1.2246696  -1.4895593   2.8392114 2026 01 15 05 51 21.84
0 -17054.89347 -12877.83903 -13955.75951  -1.2226443  -1.4811914   2.8459170 2026 01 15 05 51 41.84
0 -17079.32579 -12907.37891 -13898.77458  -1.2205856  -1.4728185   2.8525950 2026 01 15 05 52 01.84
0 -17103.71660 -12936.75129 -13841.65637  -1.2184935  -1.4644409   2.8592457 2026 01 15 05 52 21.84
0 -17128.06524 -12965.95607 -13784.40542  -1.2163680  -1.4560585   2.8658687 2026 01 15 05 52 41.84
0 -17152.37103 -12994.99315 -13727.02229  -1.2142092  -1.4476717   2.8724642 2026 01 15 05 53 01.84
0 -17176.63331 -13023.86246 -13669.50752  -1.2120169  -1.4392805   2.8790320 2026 01 15 05 53 21.84
0 -17200.85141 -13052.56390 -13611.86168  -1.2097913  -1.4308851   2.8855721 2026 01 15 05 53 41.84
0 -17225.02467 -13081.09739 -13554.08531  -1.2075323  -1.4224857   2.8920844 2026 01 15 05 54 01.84
0 -17249.15242 -13109.46286 -13496.17898  -1.2052400  -1.4140824   2.8985689 2026 01 15 05 54 21.84
0 -17273.23398 -13137.66022 -13438.14323  -1.2029142  -1.4056755   2.9050254 2026 01 15 05 54 41.84
0 -17297.26870 -13165.68941 -13379.97863  -1.2005552  -1.3972650   2.9114540 2026 01 15 05 55 01.84
0 -17321.25590 -13193.55035 -13321.68575  -1.1981627  -1.3888511   2.9178546 2026 01 15 05 55 21.84
0 -17345.19492 -13221.24299 -13263.26513  -1.1957370  -1.3804340   2.9242270 2026 01 15 05 55 41.84
0 -17369.08510 -13248.76725 -13204.71735  -1.1932779  -1.3720139   2.9305713 2026 01 15 05 56 01.84
0 -17392.92575 -13276.12309 -13146.04296  -1.1907855  -1.3635908   2.9368874 2026 01 15 05 56 21.84
0 -17416.71623 -13303.31043 -13087.24253  -1.1882598  -1.3551650   2.9431752 2026 01 15 05 56 41.84
0 -17440.45587 -13330.32923 -13028.31664  -1.1857008  -1.3467366   2.9494347 2026 01 15 05 57 01.84
0 -17464.14399 -13357.17944 -12969.26583  -1.1831086  -1.3383058   2.9556658 2026 01 15 05 57 21.84
0 -17487.77993 -13383.86101 -12910.09069  -1.1804830  -1.3298728   2.9618685 2026 01 15 05 57 41.84
0 -17511.36303 -13410.37390 -12850.79178  -1.1778242  -1.3214376   2.9680427 2026 01 15 05 58 01.84
0 -17534.89262 -13436.71807 -12791.36967  -1.1751321  -1.3130005   2.9741883 2026 01 15 05 58 21.84
0 -17558.36804 -13462.89348 -12731.82494  -1.1724069  -1.3045617   2.9803052 2026 01 15 05 58 41.84
0 -17581.78862 -13488.90010 -12672.15816  -1.1696484  -1.2961212   2.9863935 2026 01 15 05 59 01.84
0 -17605.15370 -13514.73789 -12612.36989  -1.1668567  -1.2876793   2.9924531 2026 01 15 05 59 21.84
0 -17628.46261 -13540.40683 -12552.46073  -1.1640318  -1.2792360   2.9984839 2026 01 15 05 59 41.84
0 -17651.71470 -13565.90689 -12492.43123  -1.1611738  -1.2707916   3.0044858 2026 01 15 06 00 01.84
0 -17674.90930 -13591.23806 -12432.28199  -1.1582826  -1.2623463   3.0104588 2026 01 15 06 00 21.84
0 -17698.04574 -13616.40031 -12372.01358  -1.1553583  -1.2539001   3.0164029 2026 01 15 06 00 41.84
0 -17721.12336 -13641.39363 -12311.62658  -1.1524010  -1.2454533   3.0223179 2026 01 15 06 01 01.84
0 -17744.14151 -13666.21801 -12251.12157  -1.1494105  -1.2370060   3.0282039 2026 01 15 06 01 21.84
0 -17767.09951 -13690.87344 -12190.49913  -1.1463869  -1.2285583   3.0340607 2026 01 15 06 01 41.84
0 -17789.99672 -13715.35992 -12129.75984  -1.1433303  -1.2201105   3.0398884 2026 01 15 06 02 01.84
0 -17812.83246 -13739.67744 -12068.90430  -1.1402407  -1.2116626   3.0456868 2026 01 15 06 02 21.84
0 -17835.60609 -13763.82600 -12007.93308  -1.1371182  -1.2032149   3.0514559 2026 01 15 06 02 41.84
0 -17858.31693 -13787.80561 -11946.84677  -1.1339626  -1.1947674   3.0571957 2026 01 15 06 03 01.84
0 -17880.96433 -13811.61628 -11885.64596  -1.1307741  -1.1863205   3.0629061 2026 01 15 06 03 21.84
0 -17903.54763 -13835.25802 -11824.33124  -1.1275526  -1.1778741   3.0685870 2026 01 15 06 03 41.84
0 -17926.06618 -13858.73083 -11762.90319  -1.1242983  -1.1694286   3.0742384 2026 01 15 06 04 01.84
0 -17948.51931 -13882.03475 -11701.36241  -1.1210111  -1.1609839   3.0798603 2026 01 15 06 04 21.84
0 -17970.90637 -13905.16978 -11639.70949  -1.1176911  -1.1525404   3.0854526 2026 01 15 06 04 41.84
0 -17993.22670 -13928.13596 -11577.94503  -1.1143383  -1.1440981   3.0910151 2026 01 15 06 05 01.84
0 -18015.47965 -13950.93330 -11516.06960  -1.1109526  -1.1356573   3.0965480 2026 01 15 06 05 21.84
0 -18037.66456 -13973.56184 -11454.08382  -1.1075343  -1.1272180   3.1020511 2026 01 15 06 05 41.84
0 -18059.78077 -13996.02162 -11391.98828  -1.1040832  -1.1187804   3.1075244 2026 01 15 06 06 01.84
0 -18081.82763 -14018.31266 -11329.78357  -1.1005994  -1.1103447   3.1129678 2026 01 15 06 06 21.84
0 -18103.80450 -14040.43501 -11267.47029  -1.0970829  -1.1019111   3.1183813 2026 01 15 06 06 41.84
0 -18125.71071 -14062.38871 -11205.04904  -1.0935339  -1.0934797   3.1237648 2026 01 15 06 07 01.84
0 -18147.54561 -14084.17380 -11142.52042  -1.0899522  -1.0850506   3.1291183 2026 01 15 06 07 21.84
0 -18169.30855 -14105.79034 -11079.88503  -1.0863380  -1.0766241   3.1344417 2026 01 15 06 07 41.84
0 -18190.99889 -14127.23837 -11017.14348  -1.0826912  -1.0682002   3.1397350 2026 01 15 06 08 01.84
0 -18212.61596 -14148.51796 -10954.29636  -1.0790120  -1.0597792   3.1449981 2026 01 15 06 08 21.84
0 -18234.15913 -14169.62916 -10891.34428  -1.0753003  -1.0513612   3.1502310 2026 01 15 06 08 41.84
0 -18255.62773 -14190.57202 -10828.28785  -1.0715562  -1.0429463   3.1554336 2026 01 15 06 09 01.84
0 -18277.02114 -14211.34663 -10765.12767  -1.0677797  -1.0345347   3.1606059 2026 01 15 06 09 21.84
0 -18298.33869 -14231.95303 -10701.86435  -1.0639709  -1.0261266   3.1657479 2026 01 15 06 09 41.84
0 -18319.57974 -14252.39131 -10638.49849  -1.0601298  -1.0177222   3.1708594 2026 01 15 06 10 01.84
0 -18340.74365 -14272.66154 -10575.03071  -1.0562564  -1.0093215   3.1759405 2026 01 15 06 10 21.84
0 -18361.82976 -14292.76380 -10511.46161  -1.0523507  -1.0009247   3.1809910 2026 01 15 06 10 41.84
0 -18382.83745 -14312.69816 -10447.79180  -1.0484130  -0.9925321   3.1860110 2026 01 15 06 11 01.84
0 -18403.76605 -14332.46471 -10384.02191  -1.0444430  -0.9841437   3.1910004 2026 01 15 06 11 21.84
0 -18424.61494 -14352.06354 -10320.15253  -1.0404410  -0.9757597   3.1959591 2026 01 15 06 11 41.84
0 -18445.38347 -14371.49473 -10256.18428  -1.0364069  -0.9673802   3.2008871 2026 01 15 06 12 01.84
0 -18466.07099 -14390.75838 -10192.11779  -1.0323408  -0.9590055   3.2057844 2026 01 15 06 12 21.84
0 -18486.67688 -14409.85459 -10127.95365  -1.0282427  -0.9506357   3.2106509 2026 01 15 06 12 41.84
0 -18507.20048 -14428.78345 -10063.69249  -1.0241128  -0.9422709   3.2154865 2026 01 15 06 13 01.84
0 -18527.64117 -14447.54507  -9999.33493  -1.0199509  -0.9339112   3.2202913 2026 01 15 06 13 21.84
0 -18547.99830 -14466.13954  -9934.88159  -1.0157572  -0.9255570   3.2250651 2026 01 15 06 13 41.84
0 -18568.27124 -14484.56699  -9870.33308  -1.0115317  -0.9172082   3.2298080 2026 01 15 06 14 01.84
0 -18588.45936 -14502.82752  -9805.69002  -1.0072745  -0.9088650   3.2345199 2026 01 15 06 14 21.84
0 -18608.56201 -14520.92124  -9740.95303  -1.0029856  -0.9005277   3.2392007 2026 01 15 06 14 41.84
0 -18628.57857 -14538.84828  -9676.12274  -0.9986651  -0.8921963   3.2438504 2026 01 15 06 15 01.84
0 -18648.50840 -14556.60875  -9611.19977  -0.9943130  -0.8838711   3.2484689 2026 01 15 06 15 21.84
0 -18668.35088 -14574.20278  -9546.18474  -0.9899293  -0.8755521   3.2530563 2026 01 15 06 15 41.84
0 -18688.10537 -14591.63049  -9481.07827  -0.9855142  -0.8672396   3.2576124 2026 01 15 06 16 01.84
0 -18707.77124 -14608.89202  -9415.88099  -0.9810676  -0.8589336   3.2621372 2026 01 15 06 16 21.84
0 -18727.34787 -14625.98749  -9350.59353  -0.9765897  -0.8506343   3.2666308 2026 01 15 06 16 41.84
0 -18746.83463 -14642.91705  -9285.21652  -0.9720804  -0.8423419   3.2710930 2026 01 15 06 17 01.84
0 -18766.23089 -14659.68083  -9219.75057  -0.9675398  -0.8340566   3.2755237 2026 01 15 06 17 21.84
0 -18785.53602 -14676.27898  -9154.19633  -0.9629681  -0.8257785   3.2799231 2026 01 15 06 17 41.84
0 -18804.74941 -14692.71164  -9088.55441  -0.9583651  -0.8175077   3.2842909 2026 01 15 06 18 01.84
0 -18823.87043 -14708.97896  -9022.82545  -0.9537311  -0.8092444   3.2886273 2026 01 15 06 18 21.84
0 -18842.89846 -14725.08109  -8957.01008  -0.9490660  -0.8009887   3.2929320 2026 01 15 06 18 41.84
0 -18861.83288 -14741.01818  -8891.10893  -0.9443699  -0.7927409   3.2972052 2026 01 15 06 19 01.84
0 -18880.67307 -14756.79040  -8825.12264  -0.9396429  -0.7845009   3.3014467 2026 01 15 06 19 21.84
0 -18899.41840 -14772.39790  -8759.05183  -0.9348850  -0.7762691   3.3056565 2026 01 15 06 19 41.84
0 -18918.06828 -14787.84084  -8692.89714  -0.9300962  -0.7680456   3.3098346 2026 01 15 06 20 01.84
0 -18936.62207 -14803.11940  -8626.65921  -0.9252768  -0.7598304   3.3139810 2026 01 15 06 20 21.84
0 -18955.07916 -14818.23375  -8560.33867  -0.9204266  -0.7516239   3.3180956 2026 01 15 06 20 41.84
0 -18973.43895 -14833.18404  -8493.93615  -0.9155458  -0.7434260   3.3221783 2026 01 15 06 21 01.84
0 -18991.70081 -14847.97047  -8427.45230  -0.9106344  -0.7352369   3.3262291 2026 01 15 06 21 21.84
0 -19009.86414 -14862.59321  -8360.88776  -0.9056925  -0.7270569   3.3302480 2026 01 15 06 21 41.84
0 -19027.92833 -14877.05244  -8294.24315  -0.9007201  -0.7188861   3.3342350 2026 01 15 06 22 01.84
0 -19045.89277 -14891.34835  -8227.51913  -0.8957174  -0.7107245   3.3381900 2026 01 15 06 22 21.84
0 -19063.75686 -14905.48112  -8160.71633  -0.8906844  -0.7025724   3.3421129 2026 01 15 06 22 41.84
0 -19081.51997 -14919.45094  -8093.83538  -0.8856210  -0.6944299   3.3460038 2026 01 15 06 23 01.84
0 -19099.18153 -14933.25801  -8026.87695  -0.8805275  -0.6862971   3.3498627 2026 01 15 06 23 21.84
0 -19116.74091 -14946.90253  -7959.84165  -0.8754039  -0.6781743   3.3536893 2026 01 15 06 23 41.84
0 -19134.19752 -14960.38469  -7892.73015  -0.8702502  -0.6700615   3.3574838 2026 01 15 06 24 01.84
0 -19151.55075 -14973.70469  -7825.54308  -0.8650666  -0.6619589   3.3612461 2026 01 15 06 24 21.84
0 -19168.80001 -14986.86275  -7758.28108  -0.8598530  -0.6538666   3.3649762 2026 01 15 06 24 41.84
0 -19185.94471 -14999.85907  -7690.94481  -0.8546096  -0.6457849   3.3686740 2026 01 15 06 25 01.84
0 -19202.98424 -15012.69385  -7623.53490  -0.8493364  -0.6377138   3.3723394 2026 01 15 06 25 21.84
0 -19219.91800 -15025.36733  -7556.05201  -0.8440334  -0.6296534   3.3759726 2026 01 15 06 25 41.84
0 -19236.74542 -15037.87971  -7488.49678  -0.8387009  -0.6216040   3.3795733 2026 01 15 06 26 01.84
0 -19253.46588 -15050.23121  -7420.86986  -0.8333388  -0.6135657   3.3831417 2026 01 15 06 26 21.84
0 -19270.07881 -15062.42205  -7353.17189  -0.8279471  -0.6055386   3.3866776 2026 01 15 06 26 41.84
0 -19286.58362 -15074.45247  -7285.40354  -0.8225261  -0.5975229   3.3901810 2026 01 15 06 27 01.84
0 -19302.97971 -15086.32269  -7217.56544  -0.8170757  -0.5895187   3.3936520 2026 01 15 06 27 21.84
0 -19319.26650 -15098.03294  -7149.65824  -0.8115960  -0.5815261   3.3970904 2026 01 15 06 27 41.84
0 -19335.44340 -15109.58346  -7081.68261  -0.8060872  -0.5735454   3.4004962 2026 01 15 06 28 01.84
0 -19351.50984 -15120.97448  -7013.63918  -0.8005492  -0.5655766   3.4038694 2026 01 15 06 28 21.84
0 -19367.46523 -15132.20625  -6945.52862  -0.7949822  -0.5576199   3.4072100 2026 01 15 06 28 41.84
0 -19383.30899 -15143.27901  -6877.35157  -0.7893862  -0.5496754   3.4105179 2026 01 15 06 29 01.84
0 -19399.04054 -15154.19300  -6809.10869  -0.7837613  -0.5417433   3.4137931 2026 01 15 06 29 21.84
0 -19414.65930 -15164.94848  -6740.80063  -0.7781076  -0.5338238   3.4170356 2026 01 15 06 29 41.84
0 -19430.16470 -15175.54569  -6672.42806  -0.7724251  -0.5259169   3.4202454 2026 01 15 06 30 01.84
0 -19445.55617 -15185.98489  -6603.99161  -0.7667140  -0.5180228   3.4234223 2026 01 15 06 30 21.84
0 -19460.83313 -15196.26634  -6535.49195  -0.7609743  -0.5101417   3.4265665 2026 01 15 06 30 41.84
0 -19475.99501 -15206.39030  -6466.92974  -0.7552062  -0.5022736   3.4296778 2026 01 15 06 31 01.84
0 -19491.04125 -15216.35703  -6398.30564  -0.7494096  -0.4944188   3.4327562 2026 01 15 06 31 21.84
0 -19505.97127 -15226.16680  -6329.62029  -0.7435846  -0.4865774   3.4358017 2026 01 15 06 31 41.84
0 -19520.78451 -15235.81987  -6260.87436  -0.7377315  -0.4787495   3.4388143 2026 01 15 06 32 01.84
0 -19535.48041 -15245.31653  -6192.06851  -0.7318501  -0.4709352   3.4417940 2026 01 15 06 32 21.84
0 -19550.05840 -15254.65703  -6123.20340  -0.7259407  -0.4631348   3.4447406 2026 01 15 06 32 41.84
0 -19564.51792 -15263.84167  -6054.27968  -0.7200033  -0.4553482   3.4476543 2026 01 15 06 33 01.84
0 -19578.85841 -15272.87072  -5985.29802  -0.7140380  -0.4475758   3.4505349 2026 01 15 06 33 21.84
0 -19593.07932 -15281.74446  -5916.25908  -0.7080448  -0.4398176   3.4533824 2026 01 15 06 33 41.84
0 -19607.18009 -15290.46318  -5847.16352  -0.7020239  -0.4320737   3.4561969 2026 01 15 06 34 01.84
0 -19621.16017 -15299.02717  -5778.01200  -0.6959753  -0.4243443   3.4589782 2026 01 15 06 34 21.84
0 -19635.01900 -15307.43671  -5708.80519  -0.6898992  -0.4166296   3.4617264 2026 01 15 06 34 41.84
0 -19648.75603 -15315.69211  -5639.54375  -0.6837956  -0.4089296   3.4644415 2026 01 15 06 35 01.84
0 -19662.37072 -15323.79366  -5570.22833  -0.6776646  -0.4012445   3.4671233 2026 01 15 06 35 21.84
0 -19675.86251 -15331.74166  -5500.85961  -0.6715062  -0.3935744   3.4697720 2026 01 15 06 35 41.84
0 -19689.23087 -15339.53641  -5431.43826  -0.6653207  -0.3859196   3.4723873 2026 01 15 06 36 01.84
0 -19702.47524 -15347.17822  -5361.96492  -0.6591081  -0.3782800   3.4749695 2026 01 15 06 36 21.84
0 -19715.59509 -15354.66739  -5292.44028  -0.6528684  -0.3706559   3.4775183 2026 01 15 06 36 41.84
0 -19728.58988 -15362.00423  -5222.86499  -0.6466018  -0.3630474   3.4800338 2026 01 15 06 37 01.84
0 -19741.45907 -15369.18906  -5153.23973  -0.6403083  -0.3554546   3.4825160 2026 01 15 06 37 21.84
0 -19754.20212 -15376.22219  -5083.56516  -0.6339881  -0.3478777   3.4849648 2026 01 15 06 37 41.84
0 -19766.81851 -15383.10395  -5013.84194  -0.6276412  -0.3403167   3.4873803 2026 01 15 06 38 01.84
0 -19779.30768 -15389.83464  -4944.07075  -0.6212677  -0.3327719   3.4897623 2026 01 15 06 38 21.84
0 -19791.66913 -15396.41461  -4874.25226  -0.6148678  -0.3252433   3.4921109 2026 01 15 06 38 41.84
0 -19803.90231 -15402.84416  -4804.38712  -0.6084415  -0.3177311   3.4944261 2026 01 15 06 39 01.84
0 -19816.00671 -15409.12364  -4734.47602  -0.6019889  -0.3102355   3.4967078 2026 01 15 06 39 21.84
0 -19827.98179 -15415.25337  -4664.51962  -0.5955101  -0.3027564   3.4989561 2026 01 15 06 39 41.84
0 -19839.82704 -15421.23369  -4594.51859  -0.5890052  -0.2952942   3.5011708 2026 01 15 06 40 01.84
0 -19851.54193 -15427.06493  -4524.47359  -0.5824743  -0.2878489   3.5033520 2026 01 15 06 40 21.84
0 -19863.12594 -15432.74744  -4454.38532  -0.5759176  -0.2804206   3.5054996 2026 01 15 06 40 41.84
0 -19874.57856 -15438.28155  -4384.25442  -0.5693350  -0.2730095   3.5076137 2026 01 15 06 41 01.84
0 -19885.89927 -15443.66762  -4314.08158  -0.5627267  -0.2656157   3.5096942 2026 01 15 06 41 21.84
0 -19897.08756 -15448.90598  -4243.86746  -0.5560929  -0.2582394   3.5117410 2026 01 15 06 41 41.84
0 -19908.14292 -15453.99700  -4173.61275  -0.5494335  -0.2508806   3.5137543 2026 01 15 06 42 01.84
0 -19919.06484 -15458.94101  -4103.31810  -0.5427488  -0.2435395   3.5157339 2026 01 15 06 42 21.84
0 -19929.85281 -15463.73838  -4032.98420  -0.5360387  -0.2362162   3.5176799 2026 01 15 06 42 41.84
0 -19940.50633 -15468.38947  -3962.61172  -0.5293035  -0.2289109   3.5195921 2026 01 15 06 43 01.84
0 -19951.02490 -15472.89463  -3892.20133  -0.5225431  -0.2216237   3.5214707 2026 01 15 06 43 21.84
0 -19961.40801 -15477.25422  -3821.75371  -0.5157578  -0.2143546   3.5233156 2026 01 15 06 43 41.84
0 -19971.65516 -15481.46862  -3751.26952  -0.5089476  -0.2071039   3.5251267 2026 01 15 06 44 01.84
0 -19981.76586 -15485.53819  -3680.74945  -0.5021126  -0.1998717   3.5269041 2026 01 15 06 44 21.84
0 -19991.73961 -15489.46331  -3610.19417  -0.4952529  -0.1926580   3.5286477 2026 01 15 06 44 41.84
0 -20001.57593 -15493.24433  -3539.60436  -0.4883686  -0.1854630   3.5303576 2026 01 15 06 45 01.84
0 -20011.27432 -15496.88165  -3468.98068  -0.4814599  -0.1782869   3.5320337 2026 01 15 06 45 21.84
0 -20020.83429 -15500.37563  -3398.32382  -0.4745268  -0.1711298   3.5336759 2026 01 15 06 45 41.84
0 -20030.25535 -15503.72666  -3327.63446  -0.4675695  -0.1639917   3.5352843 2026 01 15 06 46 01.84
0 -20039.53703 -15506.93512  -3256.91327  -0.4605880  -0.1568728   3.5368589 2026 01 15 06 46 21.84
0 -20048.67884 -15510.00140  -3186.16092  -0.4535825  -0.1497732   3.5383997 2026 01 15 06 46 41.84
0 -20057.68030 -15512.92588  -3115.37810  -0.4465530  -0.1426931   3.5399066 2026 01 15 06 47 01.84
0 -20066.54093 -15515.70895  -3044.56547  -0.4394998  -0.1356326   3.5413796 2026 01 15 06 47 21.84
0 -20075.26026 -15518.35101  -2973.72373  -0.4324228  -0.1285917   3.5428187 2026 01 15 06 47 41.84
0 -20083.83782 -15520.85246  -2902.85354  -0.4253222  -0.1215707   3.5442239 2026 01 15 06 48 01.84
0 -20092.27313 -15523.21368  -2831.95559  -0.4181981  -0.1145696   3.5455952 2026 01 15 06 48 21.84
0 -20100.56572 -15525.43508  -2761.03055  -0.4110507  -0.1075886   3.5469325 2026 01 15 06 48 41.84
0 -20108.71514 -15527.51706  -2690.07911  -0.4038799  -0.1006277   3.5482359 2026 01 15 06 49 01.84
0 -20116.72091 -15529.46003  -2619.10193  -0.3966860  -0.0936872   3.5495054 2026 01 15 06 49 21.84
0 -20124.58257 -15531.26439  -2548.09971  -0.3894691  -0.0867670   3.5507409 2026 01 15 06 49 41.84
0 -20132.29966 -15532.93055  -2477.07312  -0.3822293  -0.0798674   3.5519424 2026 01 15 06 50 01.84
0 -20139.87173 -15534.45893  -2406.02283  -0.3749666  -0.0729884   3.5531100 2026 01 15 06 50 21.84
0 -20147.29832 -15535.84993  -2334.94954  -0.3676812  -0.0661302   3.5542435 2026 01 15 06 50 41.84
0 -20154.57897 -15537.10399  -2263.85391  -0.3603732  -0.0592929   3.5553431 2026 01 15 06 51 01.84
0 -20161.71324 -15538.22150  -2192.73663  -0.3530428  -0.0524766   3.5564086 2026 01 15 06 51 21.84
0 -20168.70068 -15539.20290  -2121.59839  -0.3456900  -0.0456814   3.5574401 2026 01 15 06 51 41.84
0 -20175.54085 -15540.04861  -2050.43985  -0.3383149  -0.0389074   3.5584376 2026 01 15 06 52 01.84
0 -20182.23329 -15540.75905  -1979.26170  -0.3309177  -0.0321547   3.5594010 2026 01 15 06 52 21.84
0 -20188.77756 -15541.33465  -1908.06463  -0.3234986  -0.0254236   3.5603304 2026 01 15 06 52 41.84
0 -20195.17324 -15541.77585  -1836.84931  -0.3160575  -0.0187140   3.5612257 2026 01 15 06 53 01.84
0 -20201.41987 -15542.08307  -1765.61642  -0.3085946  -0.0120260   3.5620869 2026 01 15 06 53 21.84
0 -20207.51704 -15542.25675  -1694.36665  -0.3011101  -0.0053599   3.5629141 2026 01 15 06 53 41.84
0 -20213.46430 -15542.29733  -1623.10068  -0.2936041   0.0012843   3.5637072 2026 01 15 06 54 01.84
0 -20219.26122 -15542.20525  -1551.81919  -0.2860766   0.0079065   3.5644662 2026 01 15 06 54 21.84
0 -20224.90738 -15541.98094  -1480.52285  -0.2785279   0.0145065   3.5651911 2026 01 15 06 54 41.84
0 -20230.40236 -15541.62485  -1409.21236  -0.2709580   0.0210843   3.5658820 2026 01 15 06 55 01.84
0 -20235.74573 -15541.13743  -1337.88839  -0.2633670   0.0276398   3.5665387 2026 01 15 06 55 21.84
0 -20240.93707 -15540.51913  -1266.55164  -0.2557551   0.0341728   3.5671613 2026 01 15 06 55 41.84
0 -20245.97596 -15539.77040  -1195.20277  -0.2481223   0.0406832   3.5677498 2026 01 15 06 56 01.84
0 -20250.86199 -15538.89168  -1123.84247  -0.2404689   0.0471709   3.5683041 2026 01 15 06 56 21.84
0 -20255.59475 -15537.88343  -1052.47142  -0.2327949   0.0536359   3.5688244 2026 01 15 06 56 41.84
0 -20260.17383 -15536.74612   -981.09032  -0.2251005   0.0600779   3.5693105 2026 01 15 06 57 01.84
0 -20264.59881 -15535.48020   -909.69983  -0.2173858   0.0664970   3.5697624 2026 01 15 06 57 21.84
0 -20268.86930 -15534.08612   -838.30064  -0.2096508   0.0728929   3.5701803 2026 01 15 06 57 41.84
0 -20272.98489 -15532.56436   -766.89344  -0.2018958   0.0792656   3.5705640 2026 01 15 06 58 01.84
0 -20276.94518 -15530.91538   -695.47890  -0.1941208   0.0856150   3.5709135 2026 01 15 06 58 21.84
0 -20280.74977 -15529.13965   -624.05772  -0.1863261   0.0919410   3.5712289 2026 01 15 06 58 41.84
0 -20284.39827 -15527.23763   -552.63057  -0.1785116   0.0982434   3.5715102 2026 01 15 06 59 01.84
0 -20287.89029 -15525.20980   -481.19813  -0.1706775   0.1045222   3.5717573 2026 01 15 06 59 21.84
0 -20291.22543 -15523.05663   -409.76110  -0.1628241   0.1107773   3.5719703 2026 01 15 06 59 41.84
0 -20294.40331 -15520.77860   -338.32014  -0.1549513   0.1170085   3.5721491 2026 01 15 07 00 01.84
0 -20297.42354 -15518.37618   -266.87596  -0.1470593   0.1232158   3.5722937 2026 01 15 07 00 21.84
0 -20300.28575 -15515.84986   -195.42922  -0.1391483   0.1293990   3.5724042 2026 01 15 07 00 41.84
0 -20302.98954 -15513.20012   -123.98061  -0.1312183   0.1355581   3.5724806 2026 01 15 07 01 01.84
0 -20305.53455 -15510.42743    -52.53082  -0.1232695   0.1416929   3.5725227 2026 01 15 07 01 21.84
0 -20307.92039 -15507.53230     18.91948  -0.1153021   0.1478034   3.5725308 2026 01 15 07 01 41.84
0 -20310.14670 -15504.51520     90.36959  -0.1073161   0.1538895   3.5725047 2026 01 15 07 02 01.84
0 -20312.21311 -15501.37662    161.81884  -0.0993117   0.1599510   3.5724444 2026 01 15 07 02 21.84
0 -20314.11925 -15498.11706    233.26655  -0.0912891   0.1659879   3.5723500 2026 01 15 07 02 41.84
0 -20315.86476 -15494.73701    304.71202  -0.0832483   0.1720000   3.5722214 2026 01 15 07 03 01.84
0 -20317.44926 -15491.23697    376.15458  -0.0751894   0.1779873   3.5720587 2026 01 15 07 03 21.84
0 -20318.87242 -15487.61743    447.59354  -0.0671127   0.1839496   3.5718618 2026 01 15 07 03 41.84
0 -20320.13386 -15483.87889    519.02823  -0.0590182   0.1898870   3.5716308 2026 01 15 07 04 01.84
0 -20321.23324 -15480.02186    590.45796  -0.0509062   0.1957992   3.5713656 2026 01 15 07 04 21.84
0 -20322.17020 -15476.04684    661.88204  -0.0427766   0.2016862   3.5710664 2026 01 15 07 04 41.84
0 -20322.94440 -15471.95433    733.29979  -0.0346297   0.2075478   3.5707329 2026 01 15 07 05 01.84
0 -20323.55549 -15467.74484    804.71053  -0.0264655   0.2133841   3.5703654 2026 01 15 07 05 21.84
0 -20324.00312 -15463.41888    876.11358  -0.0182843   0.2191949   3.5699637 2026 01 15 07 05 41.84
0 -20324.28696 -15458.97696    947.50826  -0.0100861   0.2249800   3.5695279 2026 01 15 07 06 01.84
0 -20324.40667 -15454.41960   1018.89388  -0.0018712   0.2307395   3.5690580 2026 01 15 07 06 21.84
0 -20324.36191 -15449.74730   1090.26976   0.0063605   0.2364733   3.5685540 2026 01 15 07 06 41.84
0 -20324.15236 -15444.96059   1161.63522   0.0146087   0.2421811   3.5680159 2026 01 15 07 07 01.84
0 -20323.77768 -15440.05998   1232.98958   0.0228733   0.2478630   3.5674436 2026 01 15 07 07 21.84
0 -20323.23754 -15435.04599   1304.33215   0.0311542   0.2535189   3.5668373 2026 01 15 07 07 41.84
0 -20322.53163 -15429.91915   1375.66225   0.0394512   0.2591486   3.5661969 2026 01 15 07 08 01.84
0 -20321.65961 -15424.67998   1446.97921   0.0477642   0.2647521   3.5655224 2026 01 15 07 08 21.84
0 -20320.62118 -15419.32900   1518.28233   0.0560931   0.2703292   3.5648139 2026 01 15 07 08 41.84
0 -20319.41602 -15413.86674   1589.57094   0.0644377   0.2758800   3.5640713 2026 01 15 07 09 01.84
0 -20318.04380 -15408.29373   1660.84436   0.0727978   0.2814043   3.5632946 2026 01 15 07 09 21.84
0 -20316.50423 -15402.61050   1732.10191   0.0811734   0.2869021   3.5624839 2026 01 15 07 09 41.84
0 -20314.79700 -15396.81758   1803.34290   0.0895643   0.2923731   3.5616391 2026 01 15 07 10 01.84
0 -20312.92180 -15390.91551   1874.56666   0.0979704   0.2978175   3.5607603 2026 01 15 07 10 21.84
0 -20310.87832 -15384.90482   1945.77249   0.1063915   0.3032350   3.5598474 2026 01 15 07 10 41.84
0 -20308.66628 -15378.78605   2016.95974   0.1148274   0.3086256   3.5589006 2026 01 15 07 11 01.84
0 -20306.28537 -15372.55973   2088.12770   0.1232781   0.3139892   3.5579198 2026 01 15 07 11 21.84
0 -20303.73530 -15366.22642   2159.27571   0.1317434   0.3193258   3.5569049 2026 01 15 07 11 41.84
0 -20301.01578 -15359.78664   2230.40308   0.1402232   0.3246352   3.5558561 2026 01 15 07 12 01.84
0 -20298.12652 -15353.24096   2301.50914   0.1487173   0.3299173   3.5547733 2026 01 15 07 12 21.84
0 -20295.06724 -15346.58990   2372.59320   0.1572255   0.3351722   3.5536565 2026 01 15 07 12 41.84
0 -20291.83766 -15339.83401   2443.65459   0.1657478   0.3403996   3.5525058 2026 01 15 07 13 01.84
0 -20288.43749 -15332.97386   2514.69262   0.1742839   0.3455996   3.5513212 2026 01 15 07 13 21.84
0 -20284.86646 -15326.00998   2585.70662   0.1828339   0.3507720   3.5501026 2026 01 15 07 13 41.84
0 -20281.12429 -15318.94293   2656.69591   0.1913974   0.3559168   3.5488501 2026 01 15 07 14 01.84
0 -20277.21073 -15311.77326   2727.65981   0.1999743   0.3610339   3.5475637 2026 01 15 07 14 21.84
0 -20273.12549 -15304.50152   2798.59764   0.2085646   0.3661232   3.5462434 2026 01 15 07 14 41.84
0 -20268.86831 -15297.12828   2869.50873   0.2171681   0.3711847   3.5448892 2026 01 15 07 15 01.84
0 -20264.43894 -15289.65409   2940.39240   0.2257846   0.3762182   3.5435012 2026 01 15 07 15 21.84
0 -20259.83710 -15282.07951   3011.24797   0.2344139   0.3812237   3.5420793 2026 01 15 07 15 41.84
0 -20255.06256 -15274.40510   3082.07476   0.2430560   0.3862011   3.5406236 2026 01 15 07 16 01.84
0 -20250.11504 -15266.63143   3152.87210   0.2517107   0.3911504   3.5391340 2026 01 15 07 16 21.84
0 -20244.99431 -15258.75905   3223.63931   0.2603778   0.3960714   3.5376107 2026 01 15 07 16 41.84
0 -20239.70012 -15250.78853   3294.37572   0.2690573   0.4009641   3.5360535 2026 01 15 07 17 01.84
0 -20234.23221 -15242.72045   3365.08064   0.2777488   0.4058285   3.5344626 2026 01 15 07 17 21.84
0 -20228.59035 -15234.55536   3435.75341   0.2864524   0.4106644   3.5328379 2026 01 15 07 17 41.84
0 -20222.77431 -15226.29384   3506.39335   0.2951678   0.4154718   3.5311795 2026 01 15 07 18 01.84
0 -20216.78384 -15217.93646   3576.99979   0.3038950   0.4202506   3.5294874 2026 01 15 07 18 21.84
0 -20210.61871 -15209.48379   3647.57204   0.3126337   0.4250007   3.5277615 2026 01 15 07 18 41.84
0 -20204.27869 -15200.93640   3718.10944   0.3213838   0.4297221   3.5260019 2026 01 15 07 19 01.84
0 -20197.76356 -15192.29487   3788.61131   0.3301451   0.4344148   3.5242087 2026 01 15 07 19 21.84
0 -20191.07309 -15183.55978   3859.07698   0.3389176   0.4390786   3.5223818 2026 01 15 07 19 41.84
0 -20184.20706 -15174.73170   3929.50578   0.3477011   0.4437134   3.5205213 2026 01 15 07 20 01.84
0 -20177.16526 -15165.81121   3999.89703   0.3564954   0.4483193   3.5186271 2026 01 15 07 20 21.84
0 -20169.94746 -15156.79890   4070.25006   0.3653003   0.4528961   3.5166993 2026 01 15 07 20 41.84
0 -20162.55346 -15147.69535   4140.56420   0.3741158   0.4574438   3.5147380 2026 01 15 07 21 01.84
0 -20154.98305 -15138.50113   4210.83878   0.3829416   0.4619623   3.5127430 2026 01 15 07 21 21.84
0 -20147.23602 -15129.21683   4281.07312   0.3917776   0.4664516   3.5107146 2026 01 15 07 21 41.84
0 -20139.31217 -15119.84304   4351.26656   0.4006238   0.4709116   3.5086526 2026 01 15 07 22 01.84
0 -20131.21129 -15110.38035   4421.41842   0.4094798   0.4753422   3.5065571 2026 01 15 07 22 21.84
0 -20122.93320 -15100.82934   4491.52804   0.4183456   0.4797433   3.5044281 2026 01 15 07 22 41.84
0 -20114.47770 -15091.19060   4561.59474   0.4272210   0.4841150   3.5022656 2026 01 15 07 23 01.84
0 -20105.84460 -15081.46472   4631.61786   0.4361059   0.4884571   3.5000697 2026 01 15 07 23 21.84
0 -20097.03370 -15071.65230   4701.59673   0.4450001   0.4927696   3.4978404 2026 01 15 07 23 41.84
0 -20088.04483 -15061.75392   4771.53068   0.4539034   0.4970525   3.4955776 2026 01 15 07 24 01.84
0 -20078.87781 -15051.77019   4841.41904   0.4628158   0.5013056   3.4932815 2026 01 15 07 24 21.84
0 -20069.53245 -15041.70169   4911.26114   0.4717370   0.5055289   3.4909520 2026 01 15 07 24 41.84
0 -20060.00857 -15031.54902   4981.05633   0.4806669   0.5097224   3.4885892 2026 01 15 07 25 01.84
0 -20050.30602 -15021.31278   5050.80392   0.4896054   0.5138860   3.4861931 2026 01 15 07 25 21.84
0 -20040.42461 -15010.99357   5120.50326   0.4985522   0.5180196   3.4837637 2026 01 15 07 25 41.84
0 -20030.36418 -15000.59199   5190.15367   0.5075073   0.5221233   3.4813010 2026 01 15 07 26 01.84
0 -20020.12457 -14990.10863   5259.75450   0.5164705   0.5261969   3.4788051 2026 01 15 07 26 21.84
0 -20009.70562 -14979.54411   5329.30508   0.5254417   0.5302403   3.4762759 2026 01 15 07 26 41.84
0 -19999.10717 -14968.89902   5398.80475   0.5344206   0.5342536   3.4737136 2026 01 15 07 27 01.84
0 -19988.32906 -14958.17396   5468.25284   0.5434071   0.5382367   3.4711181 2026 01 15 07 27 21.84
0 -19977.37115 -14947.36955   5537.64868   0.5524011   0.5421895   3.4684895 2026 01 15 07 27 41.84
0 -19966.23329 -14936.48638   5606.99163   0.5614025   0.5461120   3.4658277 2026 01 15 07 28 01.84
0 -19954.91533 -14925.52507   5676.28100   0.5704110   0.5500041   3.4631328 2026 01 15 07 28 21.84
0 -19943.41712 -14914.48622   5745.51615   0.5794265   0.5538658   3.4604049 2026 01 15 07 28 41.84
0 -19931.73854 -14903.37044   5814.69641   0.5884488   0.5576971   3.4576440 2026 01 15 07 29 01.84
0 -19919.87945 -14892.17834   5883.82113   0.5974779   0.5614978   3.4548500 2026 01 15 07 29 21.84
0 -19907.83971 -14880.91053   5952.88963   0.6065135   0.5652680   3.4520230 2026 01 15 07 29 41.84
0 -19895.61920 -14869.56762   6021.90126   0.6155555   0.5690075   3.4491631 2026 01 15 07 30 01.84
0 -19883.21778 -14858.15023   6090.85537   0.6246037   0.5727164   3.4462702 2026 01 15 07 30 21.84
0 -19870.63534 -14846.65897   6159.75129   0.6336580   0.5763946   3.4433445 2026 01 15 07 30 41.84
0 -19857.87175 -14835.09446   6228.58837   0.6427183   0.5800421   3.4403858 2026 01 15 07 31 01.84
0 -19844.92690 -14823.45730   6297.36594   0.6517843   0.5836588   3.4373944 2026 01 15 07 31 21.84
0 -19831.80068 -14811.74811   6366.08336   0.6608559   0.5872446   3.4343701 2026 01 15 07 31 41.84
0 -19818.49297 -14799.96752   6434.73997   0.6699329   0.5907996   3.4313130 2026 01 15 07 32 01.84
0 -19805.00366 -14788.11614   6503.33510   0.6790152   0.5943237   3.4282231 2026 01 15 07 32 21.84
0 -19791.33266 -14776.19459   6571.86811   0.6881027   0.5978168   3.4251006 2026 01 15 07 32 41.84
0 -19777.47986 -14764.20348   6640.33835   0.6971952   0.6012789   3.4219453 2026 01 15 07 33 01.84
0 -19763.44517 -14752.14345   6708.74515   0.7062924   0.6047100   3.4187573 2026 01 15 07 33 21.84
0 -19749.22848 -14740.01510   6777.08787   0.7153944   0.6081100   3.4155367 2026 01 15 07 33 41.84
0 -19734.82971 -14727.81906   6845.36584   0.7245008   0.6114789   3.4122836 2026 01 15 07 34 01.84
0 -19720.24876 -14715.55596   6913.57843   0.7336116   0.6148166   3.4089978 2026 01 15 07 34 21.84
0 -19705.48556 -14703.22642   6981.72498   0.7427266   0.6181232   3.4056795 2026 01 15 07 34 41.84
0 -19690.54002 -14690.83105   7049.80484   0.7518456   0.6213986   3.4023286 2026 01 15 07 35 01.84
0 -19675.41207 -14678.37049   7117.81736   0.7609685   0.6246427   3.3989453 2026 01 15 07 35 21.84
0 -19660.10161 -14665.84537   7185.76189   0.7700951   0.6278554   3.3955296 2026 01 15 07 35 41.84
0 -19644.60859 -14653.25630   7253.63777   0.7792253   0.6310369   3.3920814 2026 01 15 07 36 01.84
0 -19628.93294 -14640.60391   7321.44438   0.7883588   0.6341870   3.3886008 2026 01 15 07 36 21.84
0 -19613.07457 -14627.88884   7389.18104   0.7974957   0.6373058   3.3850879 2026 01 15 07 36 41.84
0 -19597.03345 -14615.11170   7456.84713   0.8066355   0.6403931   3.3815427 2026 01 15 07 37 01.84
0 -19580.80949 -14602.27314   7524.44199   0.8157784   0.6434489   3.3779652 2026 01 15 07 37 21.84
0 -19564.40266 -14589.37377   7591.96497   0.8249239   0.6464733   3.3743555 2026 01 15 07 37 41.84
0 -19547.81288 -14576.41424   7659.41544   0.8340721   0.6494661   3.3707135 2026 01 15 07 38 01.84
0 -19531.04012 -14563.39516   7726.79275   0.8432227   0.6524274   3.3670394 2026 01 15 07 38 21.84
0 -19514.08433 -14550.31717   7794.09626   0.8523756   0.6553572   3.3633331 2026 01 15 07 38 41.84
0 -19496.94545 -14537.18090   7861.32532   0.8615307   0.6582553   3.3595947 2026 01 15 07 39 01.84
0 -19479.62346 -14523.98699   7928.47929   0.8706877   0.6611218   3.3558242 2026 01 15 07 39 21.84
0 -19462.11830 -14510.73606   7995.55753   0.8798465   0.6639566   3.3520217 2026 01 15 07 39 41.84
0 -19444.42996 -14497.42875   8062.55940   0.8890069   0.6667598   3.3481873 2026 01 15 07 40 01.84
0 -19426.55839 -14484.06570   8129.48426   0.8981689   0.6695313   3.3443208 2026 01 15 07 40 21.84
0 -19408.50357 -14470.64753   8196.33148   0.9073321   0.6722710   3.3404224 2026 01 15 07 40 41.84
0 -19390.26547 -14457.17489   8263.10041   0.9164966   0.6749790   3.3364922 2026 01 15 07 41 01.84
0 -19371.84408 -14443.64841   8329.79041   0.9256620   0.6776552   3.3325300 2026 01 15 07 41 21.84
0 -19353.23937 -14430.06872   8396.40086   0.9348283   0.6802997   3.3285361 2026 01 15 07 41 41.84
0 -19334.45132 -14416.43646   8462.93111   0.9439953   0.6829123   3.3245104 2026 01 15 07 42 01.84
0 -19315.47993 -14402.75226   8529.38053   0.9531628   0.6854930   3.3204530 2026 01 15 07 42 21.84
0 -19296.32519 -14389.01677   8595.74848   0.9623307   0.6880419   3.3163638 2026 01 15 07 42 41.84
0 -19276.98709 -14375.23062   8662.03433   0.9714988   0.6905590   3.3122430 2026 01 15 07 43 01.84
0 -19257.46563 -14361.39445   8728.23746   0.9806669   0.6930441   3.3080906 2026 01 15 07 43 21.84
0 -19237.76081 -14347.50890   8794.35721   0.9898349   0.6954973   3.3039066 2026 01 15 07 43 41.84
0 -19217.87262 -14333.57460   8860.39298   0.9990027   0.6979186   3.2996911 2026 01 15 07 44 01.84
0 -19197.80109 -14319.59219   8926.34412   1.0081700   0.7003079   3.2954441 2026 01 15 07 44 21.84
0 -19177.54622 -14305.56232   8992.21000   1.0173367   0.7026653   3.2911656 2026 01 15 07 44 41.84
0 -19157.10803 -14291.48562   9057.99000   1.0265026   0.7049907   3.2868557 2026 01 15 07 45 01.84
0 -19136.48652 -14277.36274   9123.68349   1.0356676   0.7072841   3.2825144 2026 01 15 07 45 21.84
0 -19115.68173 -14263.19430   9189.28984   1.0448316   0.7095455   3.2781418 2026 01 15 07 45 41.84
0 -19094.69367 -14248.98096   9254.80843   1.0539943   0.7117749   3.2737379 2026 01 15 07 46 01.84
0 -19073.52236 -14234.72335   9320.23862   1.0631556   0.7139722   3.2693028 2026 01 15 07 46 21.84
0 -19052.16785 -14220.42212   9385.57981   1.0723154   0.7161375   3.2648364 2026 01 15 07 46 41.84
0 -19030.63016 -14206.07790   9450.83135   1.0814734   0.7182708   3.2603389 2026 01 15 07 47 01.84
0 -19008.90933 -14191.69133   9515.99263   1.0906295   0.7203719   3.2558102 2026 01 15 07 47 21.84
0 -18987.00540 -14177.26307   9581.06303   1.0997836   0.7224410   3.2512505 2026 01 15 07 47 41.84
0 -18964.91841 -14162.79374   9646.04192   1.1089355   0.7244781   3.2466598 2026 01 15 07 48 01.84
0 -18942.64841 -14148.28399   9710.92869   1.1180851   0.7264830   3.2420380 2026 01 15 07 48 21.84
0 -18920.19544 -14133.73447   9775.72272   1.1272321   0.7284558   3.2373853 2026 01 15 07 48 41.84
0 -18897.55955 -14119.14581   9840.42338   1.1363764   0.7303966   3.2327017 2026 01 15 07 49 01.84
0 -18874.74081 -14104.51866   9905.03006   1.1455179   0.7323052   3.2279872 2026 01 15 07 49 21.84
0 -18851.73927 -14089.85365   9969.54215   1.1546563   0.7341817   3.2232420 2026 01 15 07 49 41.84
0 -18828.55500 -14075.15144  10033.95902   1.1637916   0.7360261   3.2184659 2026 01 15 07 50 01.84
0 -18805.18805 -14060.41266  10098.28006   1.1729236   0.7378383   3.2136591 2026 01 15 07 50 21.84
0 -18781.63850 -14045.63796  10162.50466   1.1820520   0.7396185   3.2088217 2026 01 15 07 50 41.84
0 -18757.90641 -14030.82797  10226.63221   1.1911768   0.7413665   3.2039536 2026 01 15 07 51 01.84
0 -18733.99187 -14015.98335  10290.66209   1.2002978   0.7430823   3.1990550 2026 01 15 07 51 21.84
0 -18709.89495 -14001.10473  10354.59370   1.2094149   0.7447661   3.1941258 2026 01 15 07 51 41.84
0 -18685.61573 -13986.19276  10418.42641   1.2185278   0.7464177   3.1891661 2026 01 15 07 52 01.84
0 -18661.15429 -13971.24808  10482.15963   1.2276364   0.7480372   3.1841759 2026 01 15 07 52 21.84
0 -18636.51073 -13956.27133  10545.79274   1.2367405   0.7496245   3.1791554 2026 01 15 07 52 41.84
0 -18611.68513 -13941.26316  10609.32513   1.2458400   0.7511797   3.1741045 2026 01 15 07 53 01.84
0 -18586.67759 -13926.22420  10672.75621   1.2549348   0.7527028   3.1690233 2026 01 15 07 53 21.84
0 -18561.48820 -13911.15510  10736.08536   1.2640246   0.7541938   3.1639119 2026 01 15 07 53 41.84
0 -18536.11707 -13896.05650  10799.31198   1.2731093   0.7556526   3.1587703 2026 01 15 07 54 01.84
0 -18510.56430 -13880.92905  10862.43547   1.2821887   0.7570794   3.1535985 2026 01 15 07 54 21.84
0 -18484.83000 -13865.77338  10925.45522   1.2912627   0.7584740   3.1483966 2026 01 15 07 54 41.84
0 -18458.91427 -13850.59015  10988.37063   1.3003312   0.7598365   3.1431646 2026 01 15 07 55 01.84
0 -18432.81722 -13835.37998  11051.18110   1.3093939   0.7611670   3.1379027 2026 01 15 07 55 21.84
0 -18406.53899 -13820.14353  11113.88603   1.3184507   0.7624653   3.1326107 2026 01 15 07 55 41.84
0 -18380.07968 -13804.88143  11176.48483   1.3275014   0.7637316   3.1272889 2026 01 15 07 56 01.84
0 -18353.43941 -13789.59433  11238.97690   1.3365459   0.7649658   3.1219372 2026 01 15 07 56 21.84
0 -18326.61833 -13774.28286  11301.36163   1.3455841   0.7661679   3.1165558 2026 01 15 07 56 41.84
0 -18299.61654 -13758.94767  11363.63843   1.3546157   0.7673380   3.1111445 2026 01 15 07 57 01.84
0 -18272.43419 -13743.58940  11425.80672   1.3636406   0.7684760   3.1057036 2026 01 15 07 57 21.84
0 -18245.07141 -13728.20869  11487.86589   1.3726586   0.7695820   3.1002330 2026 01 15 07 57 41.84
0 -18217.52834 -13712.80618  11549.81535   1.3816696   0.7706560   3.0947328 2026 01 15 07 58 01.84
0 -18189.80512 -13697.38251  11611.65451   1.3906734   0.7716980   3.0892031 2026 01 15 07 58 21.84
0 -18161.90190 -13681.93833  11673.38279   1.3996699   0.7727080   3.0836439 2026 01 15 07 58 41.84
0 -18133.81883 -13666.47426  11734.99959   1.4086589   0.7736860   3.0780552 2026 01 15 07 59 01.84
0 -18105.55605 -13650.99095  11796.50432   1.4176402   0.7746321   3.0724372 2026 01 15 07 59 21.84
0 -18077.11372 -13635.48904  11857.89639   1.4266138   0.7755462   3.0667898 2026 01 15 07 59 41.84
0 -18048.49201 -13619.96916  11919.17523   1.4355793   0.7764284   3.0611131 2026 01 15 08 00 01.84
0 -18019.69106 -13604.43196  11980.34024   1.4445367   0.7772787   3.0554072 2026 01 15 08 00 21.84
0 -17990.71106 -13588.87808  12041.39084   1.4534858   0.7780971   3.0496722 2026 01 15 08 00 41.84
0 -17961.55215 -13573.30814  12102.32645   1.4624264   0.7788836   3.0439080 2026 01 15 08 01 01.84
0 -17932.21452 -13557.72280  12163.14649   1.4713585   0.7796383   3.0381148 2026 01 15 08 01 21.84
0 -17902.69833 -13542.12268  12223.85037   1.4802817   0.7803612   3.0322925 2026 01 15 08 01 41.84
0 -17873.00377 -13526.50842  12284.43752   1.4891960   0.7810522   3.0264413 2026 01 15 08 02 01.84
0 -17843.13102 -13510.88065  12344.90736   1.4981013   0.7817114   3.0205612 2026 01 15 08 02 21.84
0 -17813.08025 -13495.24002  12405.25930   1.5069973   0.7823389   3.0146523 2026 01 15 08 02 41.84
0 -17782.85165 -13479.58716  12465.49278   1.5158839   0.7829346   3.0087146 2026 01 15 08 03 01.84
0 -17752.44543 -13463.92271  12525.60722   1.5247609   0.7834986   3.0027481 2026 01 15 08 03 21.84
0 -17721.86175 -13448.24729  12585.60205   1.5336282   0.7840309   2.9967530 2026 01 15 08 03 41.84
0 -17691.10084 -13432.56154  12645.47668   1.5424856   0.7845316   2.9907293 2026 01 15 08 04 01.84
0 -17660.16287 -13416.86609  12705.23056   1.5513330   0.7850006   2.9846770 2026 01 15 08 04 21.84
0 -17629.04806 -13401.16158  12764.86310   1.5601702   0.7854379   2.9785962 2026 01 15 08 04 41.84
0 -17597.75661 -13385.44864  12824.37375   1.5689970   0.7858437   2.9724870 2026 01 15 08 05 01.84
0 -17566.28872 -13369.72790  12883.76193   1.5778134   0.7862179   2.9663494 2026 01 15 08 05 21.84
0 -17534.64462 -13353.99999  12943.02707   1.5866190   0.7865606   2.9601834 2026 01 15 08 05 41.84
0 -17502.82451 -13338.26554  13002.16861   1.5954139   0.7868718   2.9539892 2026 01 15 08 06 01.84
0 -17470.82862 -13322.52518  13061.18599   1.6041977   0.7871515   2.9477668 2026 01 15 08 06 21.84
0 -17438.65716 -13306.77955  13120.07863   1.6129705   0.7873997   2.9415162 2026 01 15 08 06 41.84
0 -17406.31036 -13291.02926  13178.84599   1.6217319   0.7876166   2.9352376 2026 01 15 08 07 01.84
0 -17373.78844 -13275.27496  13237.48749   1.6304819   0.7878020   2.9289309 2026 01 15 08 07 21.84
0 -17341.09164 -13259.51725  13296.00258   1.6392203   0.7879561   2.9225962 2026 01 15 08 07 41.84
0 -17308.22019 -13243.75678  13354.39070   1.6479469   0.7880789   2.9162336 2026 01 15 08 08 01.84
0 -17275.17433 -13227.99416  13412.65129   1.6566617   0.7881704   2.9098432 2026 01 15 08 08 21.84
0 -17241.95430 -13212.23003  13470.78379   1.6653643   0.7882306   2.9034250 2026 01 15 08 08 41.84
0 -17208.56033 -13196.46501  13528.78765   1.6740547   0.7882597   2.8969791 2026 01 15 08 09 01.84
0 -17174.99268 -13180.69972  13586.66232   1.6827328   0.7882575   2.8905055 2026 01 15 08 09 21.84
0 -17141.25159 -13164.93478  13644.40723   1.6913983   0.7882242   2.8840042 2026 01 15 08 09 41.84
0 -17107.33733 -13149.17081  13702.02185   1.7000511   0.7881599   2.8774755 2026 01 15 08 10 01.84
0 -17073.25013 -13133.40845  13759.50562   1.7086911   0.7880644   2.8709192 2026 01 15 08 10 21.84
0 -17038.99027 -13117.64831  13816.85799   1.7173180   0.7879379   2.8643356 2026 01 15 08 10 41.84
0 -17004.55799 -13101.89100  13874.07842   1.7259319   0.7877805   2.8577246 2026 01 15 08 11 01.84
0 -16969.95358 -13086.13716  13931.16635   1.7345324   0.7875920   2.8510862 2026 01 15 08 11 21.84
0 -16935.17729 -13070.38739  13988.12125   1.7431194   0.7873727   2.8444207 2026 01 15 08 11 41.84
0 -16900.22939 -13054.64232  14044.94256   1.7516929   0.7871225   2.8377280 2026 01 15 08 12 01.84
0 -16865.11016 -13038.90256  14101.62974   1.7602526   0.7868415   2.8310082 2026 01 15 08 12 21.84
0 -16829.81988 -13023.16873  14158.18226   1.7687983   0.7865298   2.8242613 2026 01 15 08 12 41.84
0 -16794.35883 -13007.44144  14214.59958   1.7773300   0.7861872   2.8174874 2026 01 15 08 13 01.84
0 -16758.72728 -12991.72131  14270.88115   1.7858475   0.7858140   2.8106867 2026 01 15 08 13 21.84
0 -16722.92553 -12976.00895  14327.02643   1.7943506   0.7854102   2.8038591 2026 01 15 08 13 41.84
0 -16686.95386 -12960.30497  14383.03490   1.8028391   0.7849757   2.7970047 2026 01 15 08 14 01.84
0 -16650.81257 -12944.60999  14438.90601   1.8113130   0.7845107   2.7901236 2026 01 15 08 14 21.84
0 -16614.50195 -12928.92462  14494.63923   1.8197721   0.7840151   2.7832158 2026 01 15 08 14 41.84
0 -16578.02230 -12913.24946  14550.23404   1.8282161   0.7834892   2.7762815 2026 01 15 08 15 01.84
0 -16541.37392 -12897.58512  14605.68989   1.8366451   0.7829328   2.7693206 2026 01 15 08 15 21.84
0 -16504.55711 -12881.93222  14661.00626   1.8450587   0.7823460   2.7623332 2026 01 15 08 15 41.84
0 -16467.57218 -12866.29135  14716.18261   1.8534569   0.7817289   2.7553195 2026 01 15 08 16 01.84
0 -16430.41945 -12850.66313  14771.21844   1.8618396   0.7810816   2.7482795 2026 01 15 08 16 21.84
0 -16393.09922 -12835.04816  14826.11320   1.8702065   0.7804040   2.7412131 2026 01 15 08 16 41.84
0 -16355.61182 -12819.44704  14880.86637   1.8785575   0.7796963   2.7341206 2026 01 15 08 17 01.84
0 -16317.95755 -12803.86038  14935.47743   1.8868924   0.7789585   2.7270020 2026 01 15 08 17 21.84
0 -16280.13675 -12788.28877  14989.94586   1.8952112   0.7781906   2.7198573 2026 01 15 08 17 41.84
0 -16242.14973 -12772.73282  15044.27113   1.9035137   0.7773927   2.7126867 2026 01 15 08 18 01.84
0 -16203.99683 -12757.19313  15098.45273   1.9117997   0.7765648   2.7054901 2026 01 15 08 18 21.84
0 -16165.67838 -12741.67030  15152.49015   1.9200690   0.7757071   2.6982676 2026 01 15 08 18 41.84
0 -16127.19470 -12726.16492  15206.38285   1.9283216   0.7748195   2.6910194 2026 01 15 08 19 01.84
0 -16088.54615 -12710.67759  15260.13034   1.9365572   0.7739022   2.6837455 2026 01 15 08 19 21.84
0 -16049.73305 -12695.20890  15313.73209   1.9447758   0.7729551   2.6764459 2026 01 15 08 19 41.84
0 -16010.75576 -12679.75945  15367.18759   1.9529772   0.7719783   2.6691207 2026 01 15 08 20 01.84
0 -15971.61461 -12664.32983  15420.49634   1.9611612   0.7709720   2.6617700 2026 01 15 08 20 21.84
0 -15932.30996 -12648.92064  15473.65782   1.9693276   0.7699361   2.6543939 2026 01 15 08 20 41.84
0 -15892.84215 -12633.53246  15526.67152   1.9774764   0.7688706   2.6469924 2026 01 15 08 21 01.84
0 -15853.21155 -12618.16588  15579.53694   1.9856074   0.7677758   2.6395656 2026 01 15 08 21 21.84
0 -15813.41851 -12602.82150  15632.25358   1.9937205   0.7666516   2.6321136 2026 01 15 08 21 41.84
0 -15773.46338 -12587.49989  15684.82092   2.0018155   0.7654981   2.6246365 2026 01 15 08 22 01.84
0 -15733.34655 -12572.20164  15737.23847   2.0098922   0.7643153   2.6171342 2026 01 15 08 22 21.84
0 -15693.06836 -12556.92734  15789.50572   2.0179505   0.7631033   2.6096069 2026 01 15 08 22 41.84
0 -15652.62919 -12541.67758  15841.62218   2.0259903   0.7618622   2.6020547 2026 01 15 08 23 01.84
0 -15612.02941 -12526.45292  15893.58735   2.0340114   0.7605921   2.5944776 2026 01 15 08 23 21.84
0 -15571.26939 -12511.25396  15945.40073   2.0420137   0.7592930   2.5868758 2026 01 15 08 23 41.84
0 -15530.34952 -12496.08127  15997.06182   2.0499970   0.7579649   2.5792491 2026 01 15 08 24 01.84
0 -15489.27018 -12480.93543  16048.57014   2.0579613   0.7566079   2.5715979 2026 01 15 08 24 21.84
0 -15448.03174 -12465.81702  16099.92518   2.0659063   0.7552222   2.5639220 2026 01 15 08 24 41.84
0 -15406.63460 -12450.72661  16151.12647   2.0738318   0.7538077   2.5562216 2026 01 15 08 25 01.84
0 -15365.07914 -12435.66478  16202.17350   2.0817379   0.7523646   2.5484968 2026 01 15 08 25 21.84
0 -15323.36576 -12420.63209  16253.06579   2.0896243   0.7508929   2.5407476 2026 01 15 08 25 41.84
0 -15281.49485 -12405.62913  16303.80286   2.0974908   0.7493926   2.5329742 2026 01 15 08 26 01.84
0 -15239.46681 -12390.65645  16354.38422   2.1053374   0.7478639   2.5251765 2026 01 15 08 26 21.84
0 -15197.28203 -12375.71463  16404.80938   2.1131639   0.7463068   2.5173547 2026 01 15 08 26 41.84
0 -15154.94093 -12360.80424  16455.07786   2.1209702   0.7447214   2.5095088 2026 01 15 08 27 01.84
0 -15112.44391 -12345.92584  16505.18919   2.1287561   0.7431077   2.5016389 2026 01 15 08 27 21.84
0 -15069.79138 -12331.08000  16555.14288   2.1365215   0.7414659   2.4937450 2026 01 15 08 27 41.84
0 -15026.98374 -12316.26727  16604.93845   2.1442662   0.7397960   2.4858274 2026 01 15 08 28 01.84
0 -14984.02142 -12301.48822  16654.57544   2.1519901   0.7380980   2.4778859 2026 01 15 08 28 21.84
0 -14940.90483 -12286.74341  16704.05336   2.1596930   0.7363721   2.4699208 2026 01 15 08 28 41.84
0 -14897.63439 -12272.03340  16753.37174   2.1673749   0.7346183   2.4619320 2026 01 15 08 29 01.84
0 -14854.21053 -12257.35874  16802.53011   2.1750356   0.7328367   2.4539197 2026 01 15 08 29 21.84
0 -14810.63367 -12242.72000  16851.52800   2.1826749   0.7310274   2.4458839 2026 01 15 08 29 41.84
0 -14766.90423 -12228.11771  16900.36495   2.1902928   0.7291904   2.4378248 2026 01 15 08 30 01.84
0 -14723.02266 -12213.55244  16949.04047   2.1978890   0.7273258   2.4297423 2026 01 15 08 30 21.84
0 -14678.98938 -12199.02474  16997.55412   2.2054634   0.7254338   2.4216365 2026 01 15 08 30 41.84
0 -14634.80483 -12184.53515  17045.90542   2.2130160   0.7235143   2.4135076 2026 01 15 08 31 01.84
0 -14590.46945 -12170.08423  17094.09391   2.2205465   0.7215675   2.4053556 2026 01 15 08 31 21.84
0 -14545.98368 -12155.67251  17142.11913   2.2280549   0.7195934   2.3971807 2026 01 15 08 31 41.84
0 -14501.34796 -12141.30055  17189.98062   2.2355409   0.7175922   2.3889827 2026 01 15 08 32 01.84
0 -14456.56275 -12126.96889  17237.67793   2.2430045   0.7155638   2.3807619 2026 01 15 08 32 21.84
0 -14411.62850 -12112.67806  17285.21059   2.2504456   0.7135084   2.3725184 2026 01 15 08 32 41.84
0 -14366.54565 -12098.42861  17332.57816   2.2578639   0.7114261   2.3642521 2026 01 15 08 33 01.84
0 -14321.31466 -12084.22107  17379.78017   2.2652594   0.7093169   2.3559632 2026 01 15 08 33 21.84
0 -14275.93599 -12070.05599  17426.81619   2.2726319   0.7071809   2.3476518 2026 01 15 08 33 41.84
0 -14230.41010 -12055.93390  17473.68575   2.2799814   0.7050183   2.3393179 2026 01 15 08 34 01.84
0 -14184.73746 -12041.85532  17520.38840   2.2873075   0.7028290   2.3309616 2026 01 15 08 34 21.84
0 -14138.91853 -12027.82079  17566.92372   2.2946104   0.7006132   2.3225830 2026 01 15 08 34 41.84
0 -14092.95377 -12013.83084  17613.29123   2.3018897   0.6983710   2.3141822 2026 01 15 08 35 01.84
0 -14046.84367 -11999.88601  17659.49051   2.3091454   0.6961025   2.3057593 2026 01 15 08 35 21.84
0 -14000.58869 -11985.98680  17705.52111   2.3163773   0.6938076   2.2973142 2026 01 15 08 35 41.84
0 -13954.18931 -11972.13376  17751.38259   2.3235853   0.6914866   2.2888472 2026 01 15 08 36 01.84
0 -13907.64601 -11958.32739  17797.07452   2.3307693   0.6891395   2.2803583 2026 01 15 08 36 21.84
0 -13860.95927 -11944.56823  17842.59644   2.3379292   0.6867664   2.2718475 2026 01 15 08 36 41.84
0 -13814.12958 -11930.85679  17887.94794   2.3450648   0.6843674   2.2633150 2026 01 15 08 37 01.84
0 -13767.15742 -11917.19359  17933.12856   2.3521760   0.6819425   2.2547609 2026 01 15 08 37 21.84
0 -13720.04328 -11903.57915  17978.13789   2.3592626   0.6794919   2.2461851 2026 01 15 08 37 41.84
0 -13672.78766 -11890.01397  18022.97549   2.3663246   0.6770157   2.2375878 2026 01 15 08 38 01.84
0 -13625.39104 -11876.49857  18067.64093   2.3733618   0.6745139   2.2289692 2026 01 15 08 38 21.84
0 -13577.85393 -11863.03347  18112.13379   2.3803741   0.6719866   2.2203291 2026 01 15 08 38 41.84
0 -13530.17683 -11849.61916  18156.45363   2.3873613   0.6694340   2.2116679 2026 01 15 08 39 01.84
0 -13482.36023 -11836.25616  18200.60003   2.3943234   0.6668561   2.2029854 2026 01 15 08 39 21.84
0 -13434.40464 -11822.94497  18244.57258   2.4012602   0.6642530   2.1942818 2026 01 15 08 39 41.84
0 -13386.31057 -11809.68609  18288.37084   2.4081715   0.6616248   2.1855573 2026 01 15 08 40 01.84
0 -13338.07853 -11796.48002  18331.99441   2.4150574   0.6589716   2.1768118 2026 01 15 08 40 21.84
0 -13289.70903 -11783.32727  18375.44286   2.4219175   0.6562935   2.1680454 2026 01 15 08 40 41.84
0 -13241.20259 -11770.22833  18418.71577   2.4287519   0.6535906   2.1592583 2026 01 15 08 41 01.84
0 -13192.55972 -11757.18370  18461.81273   2.4355604   0.6508630   2.1504505 2026 01 15 08 41 21.84
0 -13143.78094 -11744.19386  18504.73334   2.4423428   0.6481107   2.1416221 2026 01 15 08 41 41.84
0 -13094.86677 -11731.25932  18547.47717   2.4490991   0.6453340   2.1327732 2026 01 15 08 42 01.84
0 -13045.81774 -11718.38055  18590.04381   2.4558291   0.6425328   2.1239039 2026 01 15 08 42 21.84
0 -12996.63437 -11705.55805  18632.43287   2.4625327   0.6397073   2.1150142 2026 01 15 08 42 41.84
0 -12947.31720 -11692.79230  18674.64394   2.4692097   0.6368576   2.1061042 2026 01 15 08 43 01.84
0 -12897.86675 -11680.08379  18716.67660   2.4758602   0.6339837   2.0971741 2026 01 15 08 43 21.84
0 -12848.28356 -11667.43300  18758.53046   2.4824839   0.6310858   2.0882239 2026 01 15 08 43 41.84
0 -12798.56817 -11654.84040  18800.20512   2.4890807   0.6281640   2.0792536 2026 01 15 08 44 01.84
0 -12748.72111 -11642.30648  18841.70017   2.4956505   0.6252183   2.0702635 2026 01 15 08 44 21.84
0 -12698.74292 -11629.83171  18883.01522   2.5021932   0.6222490   2.0612535 2026 01 15 08 44 41.84
0 -12648.63416 -11617.41657  18924.14988   2.5087086   0.6192560   2.0522237 2026 01 15 08 45 01.84
0 -12598.39536 -11605.06152  18965.10374   2.5151968   0.6162394   2.0431743 2026 01 15 08 45 21.84
0 -12548.02707 -11592.76703  19005.87642   2.5216574   0.6131995   2.0341053 2026 01 15 08 45 41.84
0 -12497.52984 -11580.53358  19046.46752   2.5280905   0.6101362   2.0250168 2026 01 15 08 46 01.84
0 -12446.90423 -11568.36162  19086.87667   2.5344959   0.6070497   2.0159089 2026 01 15 08 46 21.84
0 -12396.15079 -11556.25163  19127.10346   2.5408734   0.6039402   2.0067816 2026 01 15 08 46 41.84
0 -12345.27008 -11544.20405  19167.14751   2.5472231   0.6008076   1.9976351 2026 01 15 08 47 01.84
0 -12294.26265 -11532.21936  19207.00845   2.5535447   0.5976521   1.9884695 2026 01 15 08 47 21.84
0 -12243.12908 -11520.29801  19246.68588   2.5598381   0.5944738   1.9792848 2026 01 15 08 47 41.84
0 -12191.86992 -11508.44045  19286.17943   2.5661033   0.5912728   1.9700811 2026 01 15 08 48 01.84
0 -12140.48574 -11496.64713  19325.48871   2.5723401   0.5880492   1.9608586 2026 01 15 08 48 21.84
0 -12088.97711 -11484.91851  19364.61336   2.5785484   0.5848032   1.9516172 2026 01 15 08 48 41.84
0 -12037.34460 -11473.25504  19403.55299   2.5847281   0.5815348   1.9423571 2026 01 15 08 49 01.84
0 -11985.58878 -11461.65716  19442.30724   2.5908791   0.5782441   1.9330784 2026 01 15 08 49 21.84
0 -11933.71023 -11450.12531  19480.87573   2.5970013   0.5749313   1.9237811 2026 01 15 08 49 41.84
0 -11881.70953 -11438.65994  19519.25808   2.6030945   0.5715965   1.9144654 2026 01 15 08 50 01.84
0 -11829.58725 -11427.26148  19557.45394   2.6091587   0.5682397   1.9051313 2026 01 15 08 50 21.84
0 -11777.34398 -11415.93038  19595.46294   2.6151937   0.5648611   1.8957790 2026 01 15 08 50 41.84
0 -11724.98031 -11404.66707  19633.28471   2.6211995   0.5614607   1.8864084 2026 01 15 08 51 01.84
0 -11672.49681 -11393.47198  19670.91889   2.6271759   0.5580388   1.8770198 2026 01 15 08 51 21.84
0 -11619.89408 -11382.34555  19708.36511   2.6331228   0.5545954   1.8676131 2026 01 15 08 51 41.84
0 -11567.17270 -11371.28819  19745.62302   2.6390402   0.5511306   1.8581885 2026 01 15 08 52 01.84
0 -11514.33328 -11360.30035  19782.69227   2.6449278   0.5476446   1.8487461 2026 01 15 08 52 21.84
0 -11461.37640 -11349.38244  19819.57248   2.6507857   0.5441374   1.8392860 2026 01 15 08 52 41.84
0 -11408.30266 -11338.53488  19856.26332   2.6566136   0.5406091   1.8298082 2026 01 15 08 53 01.84
0 -11355.11267 -11327.75810  19892.76443   2.6624116   0.5370600   1.8203128 2026 01 15 08 53 21.84
0 -11301.80701 -11317.05251  19929.07546   2.6681794   0.5334900   1.8107999 2026 01 15 08 53 41.84
0 -11248.38631 -11306.41852  19965.19606   2.6739171   0.5298993   1.8012697 2026 01 15 08 54 01.84
0 -11194.85115 -11295.85656  20001.12588   2.6796244   0.5262881   1.7917222 2026 01 15 08 54 21.84
0 -11141.20215 -11285.36703  20036.86457   2.6853013   0.5226563   1.7821574 2026 01 15 08 54 41.84
0 -11087.43992 -11274.95033  20072.41181   2.6909477   0.5190043   1.7725756 2026 01 15 08 55 01.84
0 -11033.56506 -11264.60688  20107.76723   2.6965634   0.5153320   1.7629767 2026 01 15 08 55 21.84
0 -10979.57820 -11254.33707  20142.93051   2.7021485   0.5116396   1.7533609 2026 01 15 08 55 41.84
0 -10925.47995 -11244.14131  20177.90131   2.7077027   0.5079272   1.7437283 2026 01 15 08 56 01.84
