0   7024.77955   -797.65828      0.00141  -0.1940459  -1.5986815   7.4258571 2026 01 14 04 24 54.67
0   7019.27322   -829.44292    148.50724  -0.3565707  -1.5795859   7.4241752 2026 01 14 04 25 14.67
0   7010.51828   -860.83378    296.94580  -0.5188939  -1.5593042   7.4191297 2026 01 14 04 25 34.67
0   6998.51955   -891.80723    445.24983  -0.6809386  -1.5378463   7.4107222 2026 01 14 04 25 54.67
0   6983.28336   -922.33985    593.35213  -0.8426279  -1.5152226   7.3989559 2026 01 14 04 26 14.67
0   6964.81759   -952.40844    741.18555  -1.0038851  -1.4914444   7.3838357 2026 01 14 04 26 34.67
0   6943.13164   -981.99002    888.68309  -1.1646338  -1.4665238   7.3653677 2026 01 14 04 26 54.67
0   6918.23644  -1011.06188   1035.77787  -1.3247976  -1.4404734   7.3435598 2026 01 14 04 27 14.67
0   6890.14445  -1039.60154   1182.40317  -1.4843007  -1.4133068   7.3184214 2026 01 14 04 27 34.67
0   6858.86965  -1067.58684   1328.49250  -1.6430675  -1.3850382   7.2899634 2026 01 14 04 27 54.67
0   6824.42750  -1094.99587   1473.97958  -1.8010227  -1.3556825   7.2581984 2026 01 14 04 28 14.67
0   6786.83499  -1121.80705   1618.79842  -1.9580913  -1.3252555   7.2231403 2026 01 14 04 28 34.67
0   6746.11060  -1147.99912   1762.88331  -2.1141991  -1.2937736   7.1848046 2026 01 14 04 28 54.67
0   6702.27428  -1173.55114   1906.16885  -2.2692721  -1.2612537   7.1432085 2026 01 14 04 29 14.67
0   6655.34745  -1198.44255   2048.59004  -2.4232369  -1.2277137   7.0983704 2026 01 14 04 29 34.67
0   6605.35302  -1222.65310   2190.08221  -2.5760207  -1.1931720   7.0503105 2026 01 14 04 29 54.67
0   6552.31533  -1246.16297   2330.58116  -2.7275510  -1.1576477   6.9990503 2026 01 14 04 30 14.67
0   6496.26016  -1268.95270   2470.02310  -2.8777565  -1.1211607   6.9446129 2026 01 14 04 30 34.67
0   6437.21472  -1291.00323   2608.34474  -3.0265660  -1.0837314   6.8870228 2026 01 14 04 30 54.67
0   6375.20763  -1312.29592   2745.48327  -3.1739092  -1.0453807   6.8263059 2026 01 14 04 31 14.67
0   6310.26891  -1332.81258   2881.37642  -3.3197168  -1.0061304   6.7624897 2026 01 14 04 31 34.67
0   6242.42997  -1352.53542   3015.96251  -3.4639198  -0.9660028   6.6956030 2026 01 14 04 31 54.67
0   6171.72357  -1371.44712   3149.18042  -3.6064504  -0.9250207   6.6256760 2026 01 14 04 32 14.67
0   6098.18384  -1389.53084   3280.96965  -3.7472414  -0.8832077   6.5527405 2026 01 14 04 32 34.67
0   6021.84622  -1406.77020   3411.27037  -3.8862266  -0.8405878   6.4768295 2026 01 14 04 32 54.67
0   5942.74750  -1423.14929   3540.02340  -4.0233406  -0.7971856   6.3979773 2026 01 14 04 33 14.67
0   5860.92574  -1438.65272   3667.17028  -4.1585191  -0.7530262   6.3162197 2026 01 14 04 33 34.67
0   5776.42029  -1453.26561   3792.65327  -4.2916985  -0.7081353   6.2315939 2026 01 14 04 33 54.67
0   5689.27175  -1466.97359   3916.41538  -4.4228165  -0.6625392   6.1441382 2026 01 14 04 34 14.67
0   5599.52197  -1479.76281   4038.40041  -4.5518116  -0.6162644   6.0538923 2026 01 14 04 34 34.67
0   5507.21401  -1491.61997   4158.55296  -4.6786234  -0.5693381   5.9608971 2026 01 14 04 34 54.67
0   5412.39214  -1502.53233   4276.81847  -4.8031928  -0.5217880   5.8651950 2026 01 14 04 35 14.67
0   5315.10177  -1512.48768   4393.14323  -4.9254615  -0.4736422   5.7668293 2026 01 14 04 35 34.67
0   5215.38951  -1521.47439   4507.47441  -5.0453725  -0.4249291   5.6658446 2026 01 14 04 35 54.67
0   5113.30305  -1529.48141   4619.76008  -5.1628700  -0.3756778   5.5622870 2026 01 14 04 36 14.67
0   5008.89123  -1536.49826   4729.94927  -5.2778993  -0.3259174   5.4562032 2026 01 14 04 36 34.67
0   4902.20395  -1542.51507   4837.99191  -5.3904069  -0.2756779   5.3476416 2026 01 14 04 36 54.67
0   4793.29215  -1547.52253   4943.83895  -5.5003408  -0.2249892   5.2366513 2026 01 14 04 37 14.67
0   4682.20783  -1551.51199   5047.44232  -5.6076499  -0.1738818   5.1232827 2026 01 14 04 37 34.67
0   4569.00399  -1554.47537   5148.75495  -5.7122846  -0.1223864   5.0075873 2026 01 14 04 37 54.67
0   4453.73459  -1556.40521   5247.73084  -5.8141965  -0.0705341   4.8896175 2026 01 14 04 38 14.67
0   4336.45456  -1557.29470   5344.32503  -5.9133388  -0.0183564   4.7694269 2026 01 14 04 38 34.67
0   4217.21976  -1557.13764   5438.49365  -6.0096657   0.0341152   4.6470698 2026 01 14 04 38 54.67
0   4096.08694  -1555.92848   5530.19392  -6.1031329   0.0868488   4.5226018 2026 01 14 04 39 14.67
0   3973.11373  -1553.66229   5619.38418  -6.1936976   0.1398121   4.3960793 2026 01 14 04 39 34.67
0   3848.35858  -1550.33481   5706.02392  -6.2813183   0.1929728   4.2675595 2026 01 14 04 39 54.67
0   3721.88079  -1545.94240   5790.07377  -6.3659550   0.2462984   4.1371007 2026 01 14 04 40 14.67
0   3593.74043  -1540.48211   5871.49553  -6.4475691   0.2997560   4.0047620 2026 01 14 04 40 34.67
0   3463.99832  -1533.95161   5950.25222  -6.5261233   0.3533127   3.8706031 2026 01 14 04 40 54.67
0   3332.71602  -1526.34927   6026.30803  -6.6015822   0.4069355   3.7346850 2026 01 14 04 41 14.67
0   3199.95578  -1517.67408   6099.62838  -6.6739114   0.4605912   3.5970689 2026 01 14 04 41 34.67
0   3065.78052  -1507.92572   6170.17995  -6.7430784   0.5142463   3.4578172 2026 01 14 04 41 54.67
0   2930.25380  -1497.10454   6237.93064  -6.8090520   0.5678676   3.3169928 2026 01 14 04 42 14.67
0   2793.43979  -1485.21156   6302.84965  -6.8718025   0.6214215   3.1746594 2026 01 14 04 42 34.67
0   2655.40324  -1472.24844   6364.90743  -6.9313019   0.6748745   3.0308813 2026 01 14 04 42 54.67
0   2516.20944  -1458.21756   6424.07573  -6.9875236   0.7281930   2.8857234 2026 01 14 04 43 14.67
0   2375.92418  -1443.12192   6480.32762  -7.0404428   0.7813435   2.7392514 2026 01 14 04 43 34.67
0   2234.61377  -1426.96523   6533.63747  -7.0900359   0.8342923   2.5915314 2026 01 14 04 43 54.67
0   2092.34493  -1409.75186   6583.98100  -7.1362813   0.8870059   2.4426300 2026 01 14 04 44 14.67
0   1949.18484  -1391.48685   6631.33524  -7.1791586   0.9394508   2.2926145 2026 01 14 04 44 34.67
0   1805.20105  -1372.17590   6675.67858  -7.2186493   0.9915936   2.1415527 2026 01 14 04 44 54.67
0   1660.46145  -1351.82540   6716.99080  -7.2547363   1.0434008   1.9895126 2026 01 14 04 45 14.67
0   1515.03427  -1330.44238   6755.25300  -7.2874043   1.0948393   1.8365630 2026 01 14 04 45 34.67
0   1368.98805  -1308.03455   6790.44769  -7.3166394   1.1458758   1.6827728 2026 01 14 04 45 54.67
0   1222.39156  -1284.61028   6822.55874  -7.3424295   1.1964774   1.5282115 2026 01 14 04 46 14.67
0   1075.31381  -1260.17861   6851.57144  -7.3647640   1.2466111   1.3729488 2026 01 14 04 46 34.67
0    927.82401  -1234.74921   6877.47245  -7.3836340   1.2962444   1.2170548 2026 01 14 04 46 54.67
0    779.99151  -1208.33241   6900.24985  -7.3990323   1.3453447   1.0605998 2026 01 14 04 47 14.67
0    631.88582  -1180.93921   6919.89314  -7.4109531   1.3938798   0.9036544 2026 01 14 04 47 34.67
0    483.57652  -1152.58122   6936.39320  -7.4193925   1.4418177   0.7462895 2026 01 14 04 47 54.67
0    335.13327  -1123.27071   6949.74237  -7.4243480   1.4891265   0.5885761 2026 01 14 04 48 14.67
0    186.62576  -1093.02057   6959.93437  -7.4258190   1.5357747   0.4305854 2026 01 14 04 48 34.67
0     38.12367  -1061.84433   6966.96439  -7.4238063   1.5817312   0.2723888 2026 01 14 04 48 54.67
0   -110.30334  -1029.75614   6970.82902  -7.4183125   1.6269650   0.1140576 2026 01 14 04 49 14.67
0   -258.58570   -996.77074   6971.52627  -7.4093417   1.6714455  -0.0443365 2026 01 14 04 49 34.67
0   -406.65393   -962.90353   6969.05562  -7.3968997   1.7151424  -0.2027220 2026 01 14 04 49 54.67
0   -554.43866   -928.17045   6963.41794  -7.3809939   1.7580260  -0.3610273 2026 01 14 04 50 14.67
0   -701.87071   -892.58808   6954.61555  -7.3616335   1.8000666  -0.5191808 2026 01 14 04 50 34.67
0   -848.88109   -856.17356   6942.65222  -7.3388290   1.8412353  -0.6771110 2026 01 14 04 50 54.67
0   -995.40105   -818.94463   6927.53311  -7.3125928   1.8815032  -0.8347465 2026 01 14 04 51 14.67
0  -1141.36208   -780.91958   6909.26484  -7.2829387   1.9208421  -0.9920158 2026 01 14 04 51 34.67
0  -1286.69598   -742.11728   6887.85545  -7.2498823   1.9592242  -1.1488477 2026 01 14 04 51 54.67
0  -1431.33487   -702.55712   6863.31439  -7.2134407   1.9966223  -1.3051712 2026 01 14 04 52 14.67
0  -1575.21124   -662.25906   6835.65253  -7.1736326   2.0330093  -1.4609155 2026 01 14 04 52 34.67
0  -1718.25795   -621.24358   6804.88218  -7.1304782   2.0683591  -1.6160098 2026 01 14 04 52 54.67
0  -1860.40829   -579.53170   6771.01703  -7.0839996   2.1026456  -1.7703838 2026 01 14 04 53 14.67
0  -2001.59602   -537.14492   6734.07219  -7.0342200   2.1358437  -1.9239675 2026 01 14 04 53 34.67
0  -2141.75536   -494.10527   6694.06417  -6.9811644   2.1679286  -2.0766909 2026 01 14 04 53 54.67
0  -2280.82105   -450.43525   6651.01086  -6.9248595   2.1988761  -2.2284848 2026 01 14 04 54 14.67
0  -2418.72839   -406.15784   6604.93154  -6.8653333   2.2286626  -2.3792800 2026 01 14 04 54 34.67
0  -2555.41325   -361.29650   6555.84689  -6.8026154   2.2572651  -2.5290079 2026 01 14 04 54 54.67
0  -2690.81209   -315.87514   6503.77892  -6.7367369   2.2846613  -2.6776003 2026 01 14 04 55 14.67
0  -2824.86203   -269.91809   6448.75102  -6.6677305   2.3108293  -2.8249895 2026 01 14 04 55 34.67
0  -2957.50086   -223.45013   6390.78793  -6.5956302   2.3357480  -2.9711083 2026 01 14 04 55 54.67
0  -3088.66704   -176.49645   6329.91572  -6.5204716   2.3593971  -3.1158899 2026 01 14 04 56 14.67
0  -3218.29979   -129.08265   6266.16181  -6.4422917   2.3817568  -3.2592682 2026 01 14 04 56 34.67
0  -3346.33905    -81.23471   6199.55490  -6.3611291   2.4028078  -3.4011778 2026 01 14 04 56 54.67
0  -3472.72557    -32.97898   6130.12504  -6.2770237   2.4225320  -3.5415536 2026 01 14 04 57 14.67
0  -3597.40090     15.65783   6057.90352  -6.1900166   2.4409115  -3.6803313 2026 01 14 04 57 34.67
0  -3720.30743     64.64864   5982.92296  -6.1001507   2.4579294  -3.8174475 2026 01 14 04 57 54.67
0  -3841.38843    113.96607   5905.21721  -6.0074700   2.4735696  -3.9528393 2026 01 14 04 58 14.67
0  -3960.58806    163.58240   5824.82138  -5.9120199   2.4878166  -4.0864445 2026 01 14 04 58 34.67
0  -4077.85138    213.46962   5741.77182  -5.8138471   2.5006557  -4.2182017 2026 01 14 04 58 54.67
0  -4193.12442    263.59943   5656.10609  -5.7129998   2.5120729  -4.3480505 2026 01 14 04 59 14.67
0  -4306.35419    313.94326   5567.86296  -5.6095273   2.5220553  -4.4759310 2026 01 14 04 59 34.67
0  -4417.48868    364.47230   5477.08239  -5.5034802   2.5305903  -4.6017846 2026 01 14 04 59 54.67
0  -4526.47692    415.15747   5383.80549  -5.3949103   2.5376666  -4.7255531 2026 01 14 05 00 14.67
0  -4633.26898    465.96949   5288.07454  -5.2838708   2.5432735  -4.8471796 2026 01 14 05 00 34.67
0  -4737.81601    516.87888   5189.93293  -5.1704158   2.5474010  -4.9666079 2026 01 14 05 00 54.67
0  -4840.07025    567.85596   5089.42519  -5.0546010   2.5500401  -5.0837829 2026 01 14 05 01 14.67
0  -4939.98506    618.87087   4986.59693  -4.9364828   2.5511827  -5.1986506 2026 01 14 05 01 34.67
0  -5037.51496    669.89361   4881.49481  -4.8161189   2.5508214  -5.3111578 2026 01 14 05 01 54.67
0  -5132.61561    720.89404   4774.16658  -4.6935682   2.5489498  -5.4212525 2026 01 14 05 02 14.67
0  -5225.24388    771.84189   4664.66099  -4.5688905   2.5455623  -5.5288837 2026 01 14 05 02 34.67
0  -5315.35783    822.70679   4553.02782  -4.4421468   2.5406541  -5.6340017 2026 01 14 05 02 54.67
0  -5402.91676    873.45829   4439.31781  -4.3133988   2.5342214  -5.7365578 2026 01 14 05 03 14.67
0  -5487.88121    924.06588   4323.58268  -4.1827096   2.5262613  -5.8365044 2026 01 14 05 03 34.67
0  -5570.21298    974.49897   4205.87510  -4.0501428   2.5167718  -5.9337951 2026 01 14 05 03 54.67
0  -5649.87519   1024.72696   4086.24861  -3.9157633   2.5057515  -6.0283850 2026 01 14 05 04 14.67
0  -5726.83221   1074.71925   3964.75770  -3.7796366   2.4932004  -6.1202300 2026 01 14 05 04 34.67
0  -5801.04978   1124.44521   3841.45768  -3.6418292   2.4791190  -6.2092876 2026 01 14 05 04 54.67
0  -5872.49494   1173.87425   3716.40471  -3.5024083   2.4635089  -6.2955165 2026 01 14 05 05 14.67
0  -5941.13611   1222.97583   3589.65577  -3.3614420   2.4463726  -6.3788765 2026 01 14 05 05 34.67
0  -6006.94307   1271.71944   3461.26863  -3.2189991   2.4277135  -6.4593291 2026 01 14 05 05 54.67
0  -6069.88697   1320.07468   3331.30182  -3.0751491   2.4075358  -6.5368368 2026 01 14 05 06 14.67
0  -6129.94038   1368.01122   3199.81459  -2.9299621   2.3858447  -6.6113638 2026 01 14 05 06 34.67
0  -6187.07725   1415.49886   3066.86690  -2.7835090   2.3626464  -6.6828753 2026 01 14 05 06 54.67
0  -6241.27299   1462.50751   2932.51941  -2.6358611   2.3379479  -6.7513383 2026 01 14 05 07 14.67
0  -6292.50441   1509.00726   2796.83340  -2.4870904   2.3117571  -6.8167210 2026 01 14 05 07 34.67
0  -6340.74978   1554.96833   2659.87078  -2.3372695   2.2840829  -6.8789930 2026 01 14 05 07 54.67
0  -6385.98882   1600.36117   2521.69406  -2.1864712   2.2549350  -6.9381256 2026 01 14 05 08 14.67
0  -6428.20273   1645.15640   2382.36631  -2.0347691   2.2243241  -6.9940914 2026 01 14 05 08 34.67
0  -6467.37415   1689.32487   2241.95111  -1.8822369   2.1922618  -7.0468646 2026 01 14 05 08 54.67
0  -6503.48724   1732.83769   2100.51258  -1.7289489   2.1587605  -7.0964207 2026 01 14 05 09 14.67
0  -6536.52762   1775.66619   1958.11528  -1.5749796   2.1238335  -7.1427369 2026 01 14 05 09 34.67
0  -6566.48241   1817.78201   1814.82423  -1.4204038   2.0874951  -7.1857920 2026 01 14 05 09 54.67
0  -6593.34023   1859.15707   1670.70485  -1.2652967   2.0497604  -7.2255662 2026 01 14 05 10 14.67
0  -6617.09121   1899.76360   1525.82295  -1.1097335   2.0106454  -7.2620413 2026 01 14 05 10 34.67
0  -6637.72698   1939.57416   1380.24467  -0.9537897   1.9701668  -7.2952006 2026 01 14 05 10 54.67
0  -6655.24069   1978.56166   1234.03649  -0.7975408   1.9283424  -7.3250291 2026 01 14 05 11 14.67
0  -6669.62698   2016.69936   1087.26516  -0.6410626   1.8851907  -7.3515135 2026 01 14 05 11 34.67
0  -6680.88204   2053.96090    939.99769  -0.4844307   1.8407312  -7.3746416 2026 01 14 05 11 54.67
0  -6689.00354   2090.32034    792.30130  -0.3277210   1.7949839  -7.3944034 2026 01 14 05 12 14.67
0  -6693.99069   2125.75213    644.24341  -0.1710091   1.7479700  -7.4107901 2026 01 14 05 12 34.67
0  -6695.84420   2160.23114    495.89161  -0.0143706   1.6997112  -7.4237946 2026 01 14 05 12 54.67
0  -6694.56629   2193.73271    347.31358   0.1421189   1.6502301  -7.4334114 2026 01 14 05 13 14.67
0  -6690.16070   2226.23263    198.57713   0.2983841   1.5995502  -7.4396369 2026 01 14 05 13 34.67
0  -6682.63267   2257.70716     49.75011   0.4543498   1.5476957  -7.4424685 2026 01 14 05 13 54.67
0  -6671.98893   2288.13305    -99.09960   0.6099411   1.4946914  -7.4419059 2026 01 14 05 14 14.67
0  -6658.23773   2317.48756   -247.90411   0.7650834   1.4405631  -7.4379499 2026 01 14 05 14 34.67
0  -6641.38878   2345.74848   -396.59558   0.9197022   1.3853370  -7.4306031 2026 01 14 05 14 54.67
0  -6621.45330   2372.89412   -545.10624   1.0737237   1.3290404  -7.4198698 2026 01 14 05 15 14.67
0  -6598.44396   2398.90335   -693.36841   1.2270743   1.2717010  -7.4057558 2026 01 14 05 15 34.67
0  -6572.37494   2423.75560   -841.31454   1.3796808   1.2133473  -7.3882683 2026 01 14 05 15 54.67
0  -6543.26182   2447.43087   -988.87726   1.5314705   1.1540085  -7.3674166 2026 01 14 05 16 14.67
0  -6511.12167   2469.90975  -1135.98938   1.6823713   1.0937144  -7.3432111 2026 01 14 05 16 34.67
0  -6475.97300   2491.17344  -1282.58395   1.8323116   1.0324954  -7.3156639 2026 01 14 05 16 54.67
0  -6437.83571   2511.20376  -1428.59426   1.9812202   0.9703826  -7.2847890 2026 01 14 05 17 14.67
0  -6396.73115   2529.98314  -1573.95392   2.1290270   0.9074075  -7.2506014 2026 01 14 05 17 34.67
0  -6352.68205   2547.49466  -1718.59683   2.2756620   0.8436025  -7.2131181 2026 01 14 05 17 54.67
0  -6305.71255   2563.72205  -1862.45727   2.4210562   0.7790004  -7.1723574 2026 01 14 05 18 14.67
0  -6255.84814   2578.64970  -2005.46987   2.5651413   0.7136344  -7.1283393 2026 01 14 05 18 34.67
0  -6203.11568   2592.26267  -2147.56972   2.7078498   0.6475384  -7.0810852 2026 01 14 05 18 54.67
0  -6147.54338   2604.54670  -2288.69230   2.8491148   0.5807467  -7.0306180 2026 01 14 05 19 14.67
0  -6089.16076   2615.48823  -2428.77361   2.9888706   0.5132943  -6.9769621 2026 01 14 05 19 34.67
0  -6027.99867   2625.07439  -2567.75012   3.1270518   0.4452165  -6.9201433 2026 01 14 05 19 54.67
0  -5964.08923   2633.29304  -2705.55885   3.2635946   0.3765489  -6.8601891 2026 01 14 05 20 14.67
0  -5897.46586   2640.13274  -2842.13738   3.3984354   0.3073277  -6.7971281 2026 01 14 05 20 34.67
0  -5828.16321   2645.58278  -2977.42386   3.5315122   0.2375896  -6.7309906 2026 01 14 05 20 54.67
0  -5756.21717   2649.63319  -3111.35709   3.6627635   0.1673715  -6.6618081 2026 01 14 05 21 14.67
0  -5681.66488   2652.27475  -3243.87650   3.7921291   0.0967107  -6.5896137 2026 01 14 05 21 34.67
0  -5604.54462   2653.49898  -3374.92218   3.9195497   0.0256450  -6.5144415 2026 01 14 05 21 54.67
0  -5524.89590   2653.29815  -3504.43493   4.0449672  -0.0457879  -6.4363273 2026 01 14 05 22 14.67
0  -5442.75933   2651.66532  -3632.35628   4.1683245  -0.1175494  -6.3553081 2026 01 14 05 22 34.67
0  -5358.17669   2648.59429  -3758.62852   4.2895655  -0.1896011  -6.2714222 2026 01 14 05 22 54.67
0  -5271.19085   2644.07964  -3883.19471   4.4086356  -0.2619042  -6.1847091 2026 01 14 05 23 14.67
0  -5181.84578   2638.11674  -4005.99870   4.5254810  -0.3344196  -6.0952096 2026 01 14 05 23 34.67
0  -5090.18648   2630.70174  -4126.98518   4.6400493  -0.4071081  -6.0029658 2026 01 14 05 23 54.67
0  -4996.25901   2621.83156  -4246.09971   4.7522893  -0.4799301  -5.9080209 2026 01 14 05 24 14.67
0  -4900.11045   2611.50394  -4363.28871   4.8621510  -0.5528461  -5.8104194 2026 01 14 05 24 34.67
0  -4801.78885   2599.71738  -4478.49949   4.9695855  -0.6258163  -5.7102068 2026 01 14 05 24 54.67
0  -4701.34322   2586.47121  -4591.68029   5.0745456  -0.6988008  -5.6074299 2026 01 14 05 25 14.67
0  -4598.82353   2571.76554  -4702.78032   5.1769849  -0.7717596  -5.5021365 2026 01 14 05 25 34.67
0  -4494.28063   2555.60128  -4811.74972   5.2768586  -0.8446526  -5.3943755 2026 01 14 05 25 54.67
0  -4387.76628   2537.98016  -4918.53965   5.3741232  -0.9174396  -5.2841969 2026 01 14 05 26 14.67
0  -4279.33307   2518.90468  -5023.10226   5.4687365  -0.9900806  -5.1716516 2026 01 14 05 26 34.67
0  -4169.03446   2498.37818  -5125.39073   5.5606577  -1.0625352  -5.0567918 2026 01 14 05 26 54.67
0  -4056.92467   2476.40478  -5225.35931   5.6498474  -1.1347633  -4.9396704 2026 01 14 05 27 14.67
0  -3943.05871   2452.98941  -5322.96329   5.7362674  -1.2067247  -4.8203412 2026 01 14 05 27 34.67
0  -3827.49235   2428.13782  -5418.15908   5.8198812  -1.2783793  -4.6988592 2026 01 14 05 27 54.67
0  -3710.28208   2401.85653  -5510.90416   5.9006535  -1.3496870  -4.5752801 2026 01 14 05 28 14.67
0  -3591.48505   2374.15288  -5601.15717   5.9785504  -1.4206079  -4.4496606 2026 01 14 05 28 34.67
0  -3471.15909   2345.03502  -5688.87786   6.0535397  -1.4911020  -4.3220580 2026 01 14 05 28 54.67
0  -3349.36269   2314.51187  -5774.02716   6.1255903  -1.5611297  -4.1925307 2026 01 14 05 29 14.67
0  -3226.15490   2282.59315  -5856.56715   6.1946728  -1.6306513  -4.0611378 2026 01 14 05 29 34.67
0  -3101.59536   2249.28939  -5936.46114   6.2607592  -1.6996275  -3.9279389 2026 01 14 05 29 54.67
0  -2975.74428   2214.61188  -6013.67359   6.3238230  -1.7680190  -3.7929948 2026 01 14 05 30 14.67
0  -2848.66234   2178.57271  -6088.17021   6.3838390  -1.8357868  -3.6563665 2026 01 14 05 30 34.67
0  -2720.41076   2141.18474  -6159.91795   6.4407838  -1.9028921  -3.5181162 2026 01 14 05 30 54.67
0  -2591.05117   2102.46160  -6228.88497   6.4946351  -1.9692965  -3.3783062 2026 01 14 05 31 14.67
0  -2460.64565   2062.41769  -6295.04073   6.5453724  -2.0349615  -3.2369998 2026 01 14 05 31 34.67
0  -2329.25667   2021.06819  -6358.35592   6.5929766  -2.0998494  -3.0942608 2026 01 14 05 31 54.67
0  -2196.94708   1978.42902  -6418.80254   6.6374301  -2.1639223  -2.9501535 2026 01 14 05 32 14.67
0  -2063.78005   1934.51684  -6476.35386   6.6787168  -2.2271431  -2.8047427 2026 01 14 05 32 34.67
0  -1929.81908   1889.34906  -6530.98448   6.7168221  -2.2894746  -2.6580939 2026 01 14 05 32 54.67
0  -1795.12791   1842.94385  -6582.67027   6.7517329  -2.3508803  -2.5102728 2026 01 14 05 33 14.67
0  -1659.77055   1795.32008  -6631.38847   6.7834376  -2.4113239  -2.3613458 2026 01 14 05 33 34.67
0  -1523.81125   1746.49735  -6677.11762   6.8119261  -2.4707697  -2.2113795 2026 01 14 05 33 54.67
0  -1387.31439   1696.49597  -6719.83760   6.8371898  -2.5291822  -2.0604412 2026 01 14 05 34 14.67
0  -1250.34456   1645.33696  -6759.52964   6.8592218  -2.5865265  -1.9085982 2026 01 14 05 34 34.67
0  -1112.96645   1593.04203  -6796.17633   6.8780164  -2.6427680  -1.7559184 2026 01 14 05 34 54.67
0   -975.24485   1539.63358  -6829.76161   6.8935695  -2.6978727  -1.6024698 2026 01 14 05 35 14.67
0   -837.24461   1485.13467  -6860.27080   6.9058787  -2.7518070  -1.4483210 2026 01 14 05 35 34.67
0   -699.03064   1429.56905  -6887.69055   6.9149427  -2.8045380  -1.2935405 2026 01 14 05 35 54.67
0   -560.66783   1372.96111  -6912.00895   6.9207621  -2.8560332  -1.1381972 2026 01 14 05 36 14.67
0   -422.22105   1315.33588  -6933.21540   6.9233388  -2.9062605  -0.9823602 2026 01 14 05 36 34.67
0   -283.75514   1256.71905  -6951.30075   6.9226761  -2.9551886  -0.8260988 2026 01 14 05 36 54.67
0   -145.33483   1197.13689  -6966.25718   6.9187790  -3.0027867  -0.6694823 2026 01 14 05 37 14.67
0     -7.02475   1136.61633  -6978.07829   6.9116537  -3.0490245  -0.5125803 2026 01 14 05 37 34.67
0    131.11060   1075.18485  -6986.75907   6.9013081  -3.0938724  -0.3554624 2026 01 14 05 37 54.67
0    269.00692   1012.87055  -6992.29590   6.8877515  -3.1373014  -0.1981983 2026 01 14 05 38 14.67
0    406.60008    949.70210  -6994.68654   6.8709945  -3.1792832  -0.0408576 2026 01 14 05 38 34.67
0    543.82620    885.70871  -6993.93016   6.8510494  -3.2197900   0.1164900 2026 01 14 05 38 54.67
0    680.62165    820.92016  -6990.02733   6.8279297  -3.2587949   0.2737746 2026 01 14 05 39 14.67
0    816.92307    755.36675  -6982.97999   6.8016505  -3.2962715   0.4309268 2026 01 14 05 39 34.67
0    952.66745    689.07930  -6972.79149   6.7722282  -3.3321942   0.5878768 2026 01 14 05 39 54.67
0   1087.79210    622.08914  -6959.46658   6.7396808  -3.3665380   0.7445553 2026 01 14 05 40 14.67
0   1222.23470    554.42810  -6943.01137   6.7040274  -3.3992787   0.9008928 2026 01 14 05 40 34.67
0   1355.93333    486.12847  -6923.43337   6.6652887  -3.4303930   1.0568202 2026 01 14 05 40 54.67
0   1488.82652    417.22302  -6900.74149   6.6234868  -3.4598581   1.2122685 2026 01 14 05 41 14.67
0   1620.85322    347.74494  -6874.94599   6.5786451  -3.4876520   1.3671687 2026 01 14 05 41 34.67
0   1751.95288    277.72787  -6846.05851   6.5307883  -3.5137537   1.5214524 2026 01 14 05 41 54.67
0   1882.06546    207.20586  -6814.09208   6.4799426  -3.5381429   1.6750512 2026 01 14 05 42 14.67
0   2011.13145    136.21336  -6779.06108   6.4261354  -3.5607999   1.8278970 2026 01 14 05 42 34.67
0   2139.09191     64.78520  -6740.98123   6.3693955  -3.5817061   1.9799222 2026 01 14 05 42 54.67
0   2265.88848     -7.04342  -6699.86964   6.3097529  -3.6008437   2.1310593 2026 01 14 05 43 14.67
0   2391.46341    -79.23696  -6655.74472   6.2472391  -3.6181955   2.2812413 2026 01 14 05 43 34.67
0   2515.75962   -151.75953  -6608.62626   6.1818867  -3.6337455   2.4304016 2026 01 14 05 43 54.67
0   2638.72066   -224.57495  -6558.53535   6.1137296  -3.6474783   2.5784740 2026 01 14 05 44 14.67
0   2760.29078   -297.64673  -6505.49441   6.0428031  -3.6593795   2.7253927 2026 01 14 05 44 34.67
0   2880.41497   -370.93809  -6449.52717   5.9691434  -3.6694357   2.8710924 2026 01 14 05 44 54.67
0   2999.03893   -444.41201  -6390.65865   5.8927884  -3.6776341   3.0155083 2026 01 14 05 45 14.67
0   3116.10913   -518.03122  -6328.91518   5.8137767  -3.6839631   3.1585762 2026 01 14 05 45 34.67
0   3231.57286   -591.75822  -6264.32436   5.7321485  -3.6884119   3.3002322 2026 01 14 05 45 54.67
0   3345.37817   -665.55529  -6196.91505   5.6479449  -3.6909706   3.4404134 2026 01 14 05 46 14.67
0   3457.47400   -739.38456  -6126.71739   5.5612083  -3.6916304   3.5790571 2026 01 14 05 46 34.67
0   3567.81011   -813.20795  -6053.76274   5.4719823  -3.6903832   3.7161015 2026 01 14 05 46 54.67
0   3676.33715   -886.98726  -5978.08371   5.3803113  -3.6872221   3.8514852 2026 01 14 05 47 14.67
0   3783.00669   -960.68415  -5899.71412   5.2862411  -3.6821410   3.9851478 2026 01 14 05 47 34.67
0   3887.77121  -1034.26017  -5818.68898   5.1898186  -3.6751349   4.1170293 2026 01 14 05 47 54.67
0   3990.58413  -1107.67676  -5735.04452   5.0910914  -3.6661996   4.2470707 2026 01 14 05 48 14.67
0   4091.39986  -1180.89532  -5648.81813   4.9901086  -3.6553320   4.3752137 2026 01 14 05 48 34.67
0   4190.17377  -1253.87718  -5560.04834   4.8869201  -3.6425301   4.5014005 2026 01 14 05 48 54.67
0   4286.86226  -1326.58364  -5468.77486   4.7815766  -3.6277928   4.6255745 2026 01 14 05 49 14.67
0   4381.42275  -1398.97598  -5375.03851   4.6741302  -3.6111198   4.7476798 2026 01 14 05 49 34.67
0   4473.81370  -1471.01551  -5278.88120   4.5646336  -3.5925122   4.8676612 2026 01 14 05 49 54.67
0   4563.99466  -1542.66354  -5180.34596   4.4531405  -3.5719718   4.9854648 2026 01 14 05 50 14.67
0   4651.92623  -1613.88145  -5079.47689   4.3397056  -3.5495015   5.1010371 2026 01 14 05 50 34.67
0   4737.57014  -1684.63068  -4976.31913   4.2243845  -3.5251054   5.2143259 2026 01 14 05 50 54.67
0   4820.88922  -1754.87276  -4870.91887   4.1072335  -3.4987883   5.3252798 2026 01 14 05 51 14.67
0   4901.84745  -1824.56933  -4763.32332   3.9883098  -3.4705562   5.4338486 2026 01 14 05 51 34.67
0   4980.40995  -1893.68215  -4653.58066   3.8676715  -3.4404163   5.5399828 2026 01 14 05 51 54.67
0   5056.54303  -1962.17316  -4541.74009   3.7453774  -3.4083765   5.6436342 2026 01 14 05 52 14.67
0   5130.21415  -2030.00445  -4427.85173   3.6214870  -3.3744458   5.7447555 2026 01 14 05 52 34.67
0   5201.39200  -2097.13829  -4311.96664   3.4960605  -3.3386345   5.8433006 2026 01 14 05 52 54.67
0   5270.04646  -2163.53718  -4194.13680   3.3691590  -3.3009536   5.9392245 2026 01 14 05 53 14.67
0   5336.14865  -2229.16385  -4074.41509   3.2408441  -3.2614153   6.0324831 2026 01 14 05 53 34.67
0   5399.67093  -2293.98129  -3952.85523   3.1111781  -3.2200327   6.1230338 2026 01 14 05 53 54.67
0   5460.58689  -2357.95275  -3829.51179   2.9802238  -3.1768201   6.2108350 2026 01 14 05 54 14.67
0   5518.87142  -2421.04178  -3704.44019   2.8480448  -3.1317927   6.2958463 2026 01 14 05 54 34.67
0   5574.50066  -2483.21224  -3577.69660   2.7147050  -3.0849668   6.3780285 2026 01 14 05 54 54.67
0   5627.45203  -2544.42835  -3449.33799   2.5802691  -3.0363595   6.4573437 2026 01 14 05 55 14.67
0   5677.70427  -2604.65464  -3319.42206   2.4448019  -2.9859891   6.5337553 2026 01 14 05 55 34.67
0   5725.23740  -2663.85605  -3188.00726   2.3083691  -2.9338749   6.6072277 2026 01 14 05 55 54.67
0   5770.03277  -2721.99791  -3055.15270   2.1710366  -2.8800371   6.6777271 2026 01 14 05 56 14.67
0   5812.07306  -2779.04596  -2920.91817   2.0328706  -2.8244971   6.7452205 2026 01 14 05 56 34.67
0   5851.34225  -2834.96637  -2785.36411   1.8939379  -2.7672769   6.8096766 2026 01 14 05 56 54.67
0   5887.82569  -2889.72577  -2648.55157   1.7543055  -2.7083998   6.8710652 2026 01 14 05 57 14.67
0   5921.51005  -2943.29127  -2510.54219   1.6140407  -2.6478900   6.9293577 2026 01 14 05 57 34.67
0   5952.38337  -2995.63045  -2371.39815   1.4732110  -2.5857726   6.9845267 2026 01 14 05 57 54.67
0   5980.43501  -3046.71143  -2231.18220   1.3318843  -2.5220736   7.0365463 2026 01 14 05 58 14.67
0   6005.65573  -3096.50285  -2089.95757   1.1901285  -2.4568201   7.0853920 2026 01 14 05 58 34.67
0   6028.03762  -3144.97388  -1947.78797   1.0480119  -2.3900399   7.1310408 2026 01 14 05 58 54.67
0   6047.57416  -3192.09429  -1804.73755   0.9056028  -2.3217620   7.1734709 2026 01 14 05 59 14.67
0   6064.26016  -3237.83442  -1660.87089   0.7629695  -2.2520160   7.2126622 2026 01 14 05 59 34.67
0   6078.09184  -3282.16521  -1516.25296   0.6201804  -2.1808325   7.2485961 2026 01 14 05 59 54.67
0   6089.06676  -3325.05823  -1370.94907   0.4773041  -2.1082432   7.2812553 2026 01 14 06 00 14.67
0   6097.18387  -3366.48567  -1225.02489   0.3344091  -2.0342802   7.3106240 2026 01 14 06 00 34.67
0   6102.44347  -3406.42041  -1078.54636   0.1915637  -1.9589769   7.3366882 2026 01 14 06 00 54.67
0   6104.84724  -3444.83597   -931.57970   0.0488364  -1.8823673   7.3594349 2026 01 14 06 01 14.67
0   6104.39823  -3481.70656   -784.19137  -0.0937048  -1.8044862   7.3788532 2026 01 14 06 01 34.67
0   6101.10083  -3517.00713   -636.44805  -0.2359915  -1.7253692   7.3949332 2026 01 14 06 01 54.67
0   6094.96082  -3550.71331   -488.41658  -0.3779561  -1.6450529   7.4076669 2026 01 14 06 02 14.67
0   6085.98531  -3582.80149   -340.16395  -0.5195308  -1.5635743   7.4170477 2026 01 14 06 02 34.67
0   6074.18278  -3613.24880   -191.75728  -0.6606481  -1.4809714   7.4230705 2026 01 14 06 02 54.67
0   6059.56305  -3642.03314    -43.26375  -0.8012410  -1.3972829   7.4257319 2026 01 14 06 03 14.67
0   6042.13726  -3669.13318    105.24937  -0.9412426  -1.3125482   7.4250299 2026 01 14 06 03 34.67
0   6021.91793  -3694.52841    253.71482  -1.0805864  -1.2268072   7.4209641 2026 01 14 06 03 54.67
0   5998.91885  -3718.19911    402.06533  -1.2192064  -1.1401007   7.4135356 2026 01 14 06 04 14.67
0   5973.15517  -3740.12638    550.23367  -1.3570370  -1.0524702   7.4027473 2026 01 14 06 04 34.67
0   5944.64331  -3760.29215    698.15269  -1.4940129  -0.9639575   7.3886034 2026 01 14 06 04 54.67
0   5913.40103  -3778.67920    845.75533  -1.6300695  -0.8746052   7.3711098 2026 01 14 06 05 14.67
0   5879.44735  -3795.27119    992.97466  -1.7651427  -0.7844566   7.3502737 2026 01 14 06 05 34.67
0   5842.80258  -3810.05260   1139.74394  -1.8991687  -0.6935554   7.3261042 2026 01 14 06 05 54.67
0   5803.48828  -3823.00885   1285.99658  -2.0320847  -0.6019459   7.2986118 2026 01 14 06 06 14.67
0   5761.52729  -3834.12619   1431.66626  -2.1638283  -0.5096728   7.2678084 2026 01 14 06 06 34.67
0   5716.94367  -3843.39182   1576.68688  -2.2943376  -0.4167814   7.2337077 2026 01 14 06 06 54.67
0   5669.76271  -3850.79383   1720.99264  -2.4235517  -0.3233175   7.1963247 2026 01 14 06 07 14.67
0   5620.01093  -3856.32122   1864.51807  -2.5514102  -0.2293272   7.1556760 2026 01 14 06 07 34.67
0   5567.71602  -3859.96394   2007.19803  -2.6778537  -0.1348572   7.1117798 2026 01 14 06 07 54.67
0   5512.90689  -3861.71285   2148.96776  -2.8028232  -0.0399545   7.0646558 2026 01 14 06 08 14.67
0   5455.61359  -3861.55978   2289.76292  -2.9262608   0.0553336   7.0143249 2026 01 14 06 08 34.67
0   5395.86733  -3859.49749   2429.51958  -3.0481093   0.1509594   6.9608099 2026 01 14 06 08 54.67
0   5333.70045  -3855.51971   2568.17432  -3.1683126   0.2468747   6.9041349 2026 01 14 06 09 14.67
0   5269.14642  -3849.62113   2705.66417  -3.2868151   0.3430314   6.8443253 2026 01 14 06 09 34.67
0   5202.23979  -3841.79742   2841.92672  -3.4035624   0.4393808   6.7814082 2026 01 14 06 09 54.67
0   5133.01621  -3832.04519   2976.90010  -3.5185011   0.5358740   6.7154120 2026 01 14 06 10 14.67
0   5061.51238  -3820.36207   3110.52301  -3.6315785   0.6324621   6.6463666 2026 01 14 06 10 34.67
0   4987.76603  -3806.74665   3242.73479  -3.7427431   0.7290957   6.5743032 2026 01 14 06 10 54.67
0   4911.81594  -3791.19851   3373.47540  -3.8519443   0.8257255   6.4992544 2026 01 14 06 11 14.67
0   4833.70186  -3773.71822   3502.68547  -3.9591328   0.9223020   6.4212543 2026 01 14 06 11 34.67
0   4753.46453  -3754.30735   3630.30632  -4.0642601   1.0187754   6.3403382 2026 01 14 06 11 54.67
0   4671.14565  -3732.96846   3756.28000  -4.1672788   1.1150961   6.2565428 2026 01 14 06 12 14.67
0   4586.78787  -3709.70509   3880.54930  -4.2681428   1.2112142   6.1699062 2026 01 14 06 12 34.67
0   4500.43472  -3684.52179   4003.05778  -4.3668071   1.3070799   6.0804677 2026 01 14 06 12 54.67
0   4412.13063  -3657.42412   4123.74982  -4.4632276   1.4026434   5.9882678 2026 01 14 06 13 14.67
0   4321.92093  -3628.41861   4242.57059  -4.5573617   1.4978549   5.8933484 2026 01 14 06 13 34.67
0   4229.85174  -3597.51280   4359.46613  -4.6491679   1.5926645   5.7957526 2026 01 14 06 13 54.67
0   4135.97004  -3564.71523   4474.38337  -4.7386057   1.6870227   5.6955248 2026 01 14 06 14 14.67
0   4040.32358  -3530.03542   4587.27010  -4.8256362   1.7808798   5.5927103 2026 01 14 06 14 34.67
0   3942.96090  -3493.48388   4698.07507  -4.9102214   1.8741863   5.4873560 2026 01 14 06 14 54.67
0   3843.93126  -3455.07213   4806.74795  -4.9923249   1.9668930   5.3795095 2026 01 14 06 15 14.67
0   3743.28466  -3414.81264   4913.23938  -5.0719111   2.0589506   5.2692199 2026 01 14 06 15 34.67
0   3641.07178  -3372.71890   5017.50100  -5.1489463   2.1503102   5.1565373 2026 01 14 06 15 54.67
0   3537.34398  -3328.80535   5119.48546  -5.2233976   2.2409232   5.0415126 2026 01 14 06 16 14.67
0   3432.15324  -3283.08740   5219.14644  -5.2952336   2.3307410   4.9241982 2026 01 14 06 16 34.67
0   3325.55218  -3235.58145   5316.43866  -5.3644244   2.4197155   4.8046471 2026 01 14 06 16 54.67
0   3217.59400  -3186.30484   5411.31795  -5.4309411   2.5077987   4.6829136 2026 01 14 06 17 14.67
0   3108.33244  -3135.27586   5503.74120  -5.4947565   2.5949433   4.5590530 2026 01 14 06 17 34.67
0   2997.82181  -3082.51377   5593.66642  -5.5558444   2.6811019   4.4331212 2026 01 14 06 17 54.67
0   2886.11689  -3028.03875   5681.05276  -5.6141804   2.7662277   4.3051754 2026 01 14 06 18 14.67
0   2773.27296  -2971.87193   5765.86053  -5.6697412   2.8502743   4.1752735 2026 01 14 06 18 34.67
0   2659.34575  -2914.03535   5848.05118  -5.7225048   2.9331958   4.0434743 2026 01 14 06 18 54.67
0   2544.39140  -2854.55196   5927.58736  -5.7724508   3.0149465   3.9098375 2026 01 14 06 19 14.67
0   2428.46647  -2793.44565   6004.43293  -5.8195603   3.0954814   3.7744236 2026 01 14 06 19 34.67
0   2311.62787  -2730.74115   6078.55295  -5.8638154   3.1747560   3.6372938 2026 01 14 06 19 54.67
0   2193.93284  -2666.46414   6149.91373  -5.9052000   3.2527262   3.4985101 2026 01 14 06 20 14.67
0   2075.43894  -2600.64113   6218.48281  -5.9436993   3.3293484   3.3581354 2026 01 14 06 20 34.67
0   1956.20403  -2533.29950   6284.22901  -5.9792999   3.4045798   3.2162330 2026 01 14 06 20 54.67
0   1836.28620  -2464.46751   6347.12241  -6.0119897   3.4783780   3.0728671 2026 01 14 06 21 14.67
0   1715.74376  -2394.17423   6407.13440  -6.0417582   3.5507012   2.9281024 2026 01 14 06 21 34.67
0   1594.63525  -2322.44959   6464.23764  -6.0685963   3.6215083   2.7820044 2026 01 14 06 21 54.67
0   1473.01935  -2249.32429   6518.40613  -6.0924963   3.6907589   2.6346391 2026 01 14 06 22 14.67
0   1350.95488  -2174.82988   6569.61520  -6.1134520   3.7584131   2.4860730 2026 01 14 06 22 34.67
0   1228.50079  -2098.99867   6617.84149  -6.1314584   3.8244319   2.3363732 2026 01 14 06 22 54.67
0   1105.71609  -2021.86376   6663.06300  -6.1465121   3.8887769   2.1856072 2026 01 14 06 23 14.67
0    982.65987  -1943.45901   6705.25910  -6.1586112   3.9514105   2.0338431 2026 01 14 06 23 34.67
0    859.39122  -1863.81900   6744.41050  -6.1677551   4.0122957   1.8811495 2026 01 14 06 23 54.67
0    735.96924  -1782.97907   6780.49931  -6.1739447   4.0713964   1.7275952 2026 01 14 06 24 14.67
0    612.45300  -1700.97527   6813.50900  -6.1771821   4.1286774   1.5732495 2026 01 14 06 24 34.67
0    488.90151  -1617.84433   6843.42445  -6.1774712   4.1841041   1.4181821 2026 01 14 06 24 54.67
0    365.37368  -1533.62368   6870.23191  -6.1748169   4.2376429   1.2624630 2026 01 14 06 25 14.67
0    241.92832  -1448.35141   6893.91905  -6.1692258   4.2892609   1.1061624 2026 01 14 06 25 34.67
0    118.62409  -1362.06625   6914.47496  -6.1607058   4.3389263   0.9493509 2026 01 14 06 25 54.67
0     -4.48053  -1274.80757   6931.89012  -6.1492661   4.3866079   0.7920992 2026 01 14 06 26 14.67
0   -127.32724  -1186.61534   6946.15644  -6.1349175   4.4322755   0.6344784 2026 01 14 06 26 34.67
0   -249.85798  -1097.53015   6957.26725  -6.1176719   4.4759001   0.4765596 2026 01 14 06 26 54.67
0   -372.01495  -1007.59313   6965.21729  -6.0975428   4.5174532   0.3184141 2026 01 14 06 27 14.67
0   -493.74062   -916.84598   6970.00276  -6.0745450   4.5569075   0.1601133 2026 01 14 06 27 34.67
0   -614.97778   -825.33096   6971.62126  -6.0486945   4.5942367   0.0017287 2026 01 14 06 27 54.67
0   -735.66955   -733.09082   6970.07183  -6.0200089   4.6294154  -0.1566680 2026 01 14 06 28 14.67
0   -855.75941   -640.16881   6965.35494  -5.9885070   4.6624192  -0.3150053 2026 01 14 06 28 34.67
0   -975.19123   -546.60866   6957.47250  -5.9542089   4.6932247  -0.4732117 2026 01 14 06 28 54.67
0  -1093.90930   -452.45457   6946.42785  -5.9171361   4.7218097  -0.6312155 2026 01 14 06 29 14.67
0  -1211.85836   -357.75116   6932.22575  -5.8773112   4.7481529  -0.7889452 2026 01 14 06 29 34.67
0  -1328.98360   -262.54347   6914.87239  -5.8347584   4.7722340  -0.9463295 2026 01 14 06 29 54.67
0  -1445.23072   -166.87694   6894.37539  -5.7895030   4.7940339  -1.1032972 2026 01 14 06 30 14.67
0  -1560.54592    -70.79736   6870.74381  -5.7415715   4.8135346  -1.2597770 2026 01 14 06 30 34.67
0  -1674.87596     25.64910   6843.98811  -5.6909917   4.8307191  -1.4156981 2026 01 14 06 30 54.67
0  -1788.16817    122.41595   6814.12016  -5.6377928   4.8455715  -1.5709897 2026 01 14 06 31 14.67
0  -1900.37046    219.45642   6781.15327  -5.5820049   4.8580773  -1.7255814 2026 01 14 06 31 34.67
0  -2011.43136    316.72343   6745.10213  -5.5236597   4.8682227  -1.8794031 2026 01 14 06 31 54.67
0  -2121.30007    414.16965   6705.98284  -5.4627898   4.8759953  -2.0323848 2026 01 14 06 32 14.67
0  -2229.92641    511.74750   6663.81291  -5.3994290   4.8813840  -2.1844569 2026 01 14 06 32 34.67
0  -2337.26092    609.40921   6618.61120  -5.3336125   4.8843785  -2.3355505 2026 01 14 06 32 54.67
0  -2443.25485    707.10679   6570.39799  -5.2653762   4.8849700  -2.4855966 2026 01 14 06 33 14.67
0  -2547.86016    804.79212   6519.19490  -5.1947576   4.8831507  -2.6345269 2026 01 14 06 33 34.67
0  -2651.02961    902.41691   6465.02492  -5.1217950   4.8789140  -2.7822736 2026 01 14 06 33 54.67
0  -2752.71669    999.93275   6407.91241  -5.0465280   4.8722547  -2.9287694 2026 01 14 06 34 14.67
0  -2852.87573   1097.29115   6347.88306  -4.9689970   4.8631686  -3.0739472 2026 01 14 06 34 34.67
0  -2951.46186   1194.44355   6284.96388  -4.8892437   4.8516527  -3.2177409 2026 01 14 06 34 54.67
0  -3048.43107   1291.34132   6219.18321  -4.8073107   4.8377055  -3.3600847 2026 01 14 06 35 14.67
0  -3143.74018   1387.93584   6150.57070  -4.7232417   4.8213263  -3.5009136 2026 01 14 06 35 34.67
0  -3237.34692   1484.17847   6079.15731  -4.6370813   4.8025161  -3.6401629 2026 01 14 06 35 54.67
0  -3329.20993   1580.02060   6004.97524  -4.5488750   4.7812767  -3.7777691 2026 01 14 06 36 14.67
0  -3419.28874   1675.41370   5928.05801  -4.4586695   4.7576115  -3.9136690 2026 01 14 06 36 34.67
0  -3507.54385   1770.30927   5848.44036  -4.3665123   4.7315250  -4.0478002 2026 01 14 06 36 54.67
0  -3593.93670   1864.65896   5766.15828  -4.2724515   4.7030229  -4.1801012 2026 01 14 06 37 14.67
0  -3678.42971   1958.41451   5681.24898  -4.1765366   4.6721122  -4.3105112 2026 01 14 06 37 34.67
0  -3760.98630   2051.52784   5593.75088  -4.0788176   4.6388011  -4.4389702 2026 01 14 06 37 54.67
0  -3841.57090   2143.95103   5503.70360  -3.9793454   4.6030993  -4.5654192 2026 01 14 06 38 14.67
0  -3920.14896   2235.63637   5411.14792  -3.8781718   4.5650174  -4.6897998 2026 01 14 06 38 34.67
0  -3996.68696   2326.53638   5316.12578  -3.7753492   4.5245674  -4.8120548 2026 01 14 06 38 54.67
0  -4071.15247   2416.60382   5218.68025  -3.6709309   4.4817626  -4.9321278 2026 01 14 06 39 14.67
0  -4143.51410   2505.79175   5118.85553  -3.5649708   4.4366176  -5.0499635 2026 01 14 06 39 34.67
0  -4213.74157   2594.05351   5016.69692  -3.4575236   4.3891481  -5.1655073 2026 01 14 06 39 54.67
0  -4281.80569   2681.34278   4912.25079  -3.3486447   4.3393711  -5.2787059 2026 01 14 06 40 14.67
0  -4347.67837   2767.61359   4805.56456  -3.2383900   4.2873048  -5.3895070 2026 01 14 06 40 34.67
0  -4411.33267   2852.82035   4696.68670  -3.1268161   4.2329688  -5.4978593 2026 01 14 06 40 54.67
0  -4472.74278   2936.91786   4585.66669  -3.0139802   4.1763837  -5.6037127 2026 01 14 06 41 14.67
0  -4531.88402   3019.86137   4472.55499  -2.8999399   4.1175715  -5.7070181 2026 01 14 06 41 34.67
0  -4588.73290   3101.60655   4357.40306  -2.7847536   4.0565554  -5.8077277 2026 01 14 06 41 54.67
0  -4643.26707   3182.10958   4240.26327  -2.6684800   3.9933596  -5.9057948 2026 01 14 06 42 14.67
0  -4695.46539   3261.32711   4121.18893  -2.5511782   3.9280097  -6.0011739 2026 01 14 06 42 34.67
0  -4745.30788   3339.21632   4000.23424  -2.4329079   3.8605325  -6.0938208 2026 01 14 06 42 54.67
0  -4792.77578   3415.73494   3877.45428  -2.3137292   3.7909559  -6.1836925 2026 01 14 06 43 14.67
0  -4837.85151   3490.84128   3752.90498  -2.1937025   3.7193090  -6.2707473 2026 01 14 06 43 34.67
0  -4880.51873   3564.49422   3626.64307  -2.0728885   3.6456219  -6.3549447 2026 01 14 06 43 54.67
0  -4920.76230   3636.65329   3498.72611  -1.9513482   3.5699262  -6.4362458 2026 01 14 06 44 14.67
0  -4958.56830   3707.27861   3369.21239  -1.8291430   3.4922543  -6.5146127 2026 01 14 06 44 34.67
0  -4993.92405   3776.33102   3238.16097  -1.7063344   3.4126399  -6.5900091 2026 01 14 06 44 54.67
0  -5026.81810   3843.77199   3105.63160  -1.5829843   3.3311176  -6.6624000 2026 01 14 06 45 14.67
0  -5057.24024   3909.56373   2971.68474  -1.4591545   3.2477233  -6.7317518 2026 01 14 06 45 34.67
0  -5085.18150   3973.66917   2836.38150  -1.3349072   3.1624938  -6.7980324 2026 01 14 06 45 54.67
0  -5110.63415   4036.05197   2699.78361  -1.2103046   3.0754672  -6.8612110 2026 01 14 06 46 14.67
0  -5133.59170   4096.67658   2561.95340  -1.0854089   2.9866823  -6.9212583 2026 01 14 06 46 34.67
0  -5154.04891   4155.50824   2422.95378  -0.9602825   2.8961791  -6.9781467 2026 01 14 06 46 54.67
0  -5172.00180   4212.51299   2282.84819  -0.8349876   2.8039986  -7.0318497 2026 01 14 06 47 14.67
0  -5187.44762   4267.65769   2141.70060  -0.7095867   2.7101827  -7.0823426 2026 01 14 06 47 34.67
0  -5200.38486   4320.91007   1999.57545  -0.5841419   2.6147743  -7.1296021 2026 01 14 06 47 54.67
0  -5210.81328   4372.23871   1856.53761  -0.4587153   2.5178173  -7.1736065 2026 01 14 06 48 14.67
0  -5218.73386   4421.61309   1712.65240  -0.3333690   2.4193564  -7.2143356 2026 01 14 06 48 34.67
0  -5224.14882   4469.00358   1567.98552  -0.2081649   2.3194372  -7.2517707 2026 01 14 06 48 54.67
0  -5227.06162   4514.38149   1422.60301  -0.0831646   2.2181062  -7.2858948 2026 01 14 06 49 14.67
0  -5227.47696   4557.71903   1276.57127   0.0415705   2.1154107  -7.3166923 2026 01 14 06 49 34.67
0  -5225.40075   4598.98942   1129.95695   0.1659791   2.0113988  -7.3441493 2026 01 14 06 49 54.67
0  -5220.84013   4638.16679    982.82700   0.2900005   1.9061195  -7.3682534 2026 01 14 06 50 14.67
0  -5213.80345   4675.22632    835.24860   0.4135740   1.7996225  -7.3889940 2026 01 14 06 50 34.67
0  -5204.30027   4710.14413    687.28909   0.5366395   1.6919581  -7.4063619 2026 01 14 06 50 54.67
0  -5192.34135   4742.89740    539.01602   0.6591372   1.5831776  -7.4203495 2026 01 14 06 51 14.67
0  -5177.93865   4773.46431    390.49705   0.7810077   1.4733326  -7.4309510 2026 01 14 06 51 34.67
0  -5161.10529   4801.82412    241.79995   0.9021921   1.3624758  -7.4381619 2026 01 14 06 51 54.67
0  -5141.85559   4827.95709     92.99257   1.0226320   1.2506601  -7.4419796 2026 01 14 06 52 14.67
0  -5120.20501   4851.84461    -55.85722   1.1422695   1.1379393  -7.4424031 2026 01 14 06 52 34.67
0  -5096.17017   4873.46909   -204.68153   1.2610472   1.0243676  -7.4394328 2026 01 14 06 52 54.67
0  -5069.76885   4892.81409   -353.41251   1.3789084   0.9099998  -7.4330708 2026 01 14 06 53 14.67
0  -5041.01994   4909.86422   -501.98236   1.4957969   0.7948913  -7.4233209 2026 01 14 06 53 34.67
0  -5009.94344   4924.60522   -650.32337   1.6116572   0.6790977  -7.4101885 2026 01 14 06 53 54.67
0  -4976.56048   4937.02397   -798.36796   1.7264344   0.5626754  -7.3936804 2026 01 14 06 54 14.67
0  -4940.89325   4947.10845   -946.04869   1.8400745   0.4456810  -7.3738052 2026 01 14 06 54 34.67
0  -4902.96503   4954.84779  -1093.29833   1.9525240   0.3281715  -7.3505731 2026 01 14 06 54 54.67
0  -4862.80017   4960.23225  -1240.04984   2.0637302   0.2102043  -7.3239957 2026 01 14 06 55 14.67
0  -4820.42405   4963.25328  -1386.23646   2.1736413   0.0918371  -7.2940864 2026 01 14 06 55 34.67
0  -4775.86308   4963.90343  -1531.79168   2.2822062  -0.0268720  -7.2608599 2026 01 14 06 55 54.67
0  -4729.14470   4962.17647  -1676.64933   2.3893746  -0.1458648  -7.2243327 2026 01 14 06 56 14.67
0  -4680.29733   4958.06730  -1820.74358   2.4950972  -0.2650828  -7.1845226 2026 01 14 06 56 34.67
0  -4629.35037   4951.57200  -1964.00895   2.5993254  -0.3844673  -7.1414493 2026 01 14 06 56 54.67
0  -4576.33419   4942.68783  -2106.38039   2.7020117  -0.5039594  -7.0951335 2026 01 14 06 57 14.67
0  -4521.28009   4931.41323  -2247.79327   2.8031094  -0.6235002  -7.0455980 2026 01 14 06 57 34.67
0  -4464.22031   4917.74782  -2388.18343   2.9025728  -0.7430304  -6.9928665 2026 01 14 06 57 54.67
0  -4405.18798   4901.69240  -2527.48721   3.0003572  -0.8624910  -6.9369645 2026 01 14 06 58 14.67
0  -4344.21713   4883.24895  -2665.64147   3.0964188  -0.9818228  -6.8779191 2026 01 14 06 58 34.67
0  -4281.34263   4862.42066  -2802.58361   3.1907148  -1.1009664  -6.8157585 2026 01 14 06 58 54.67
0  -4216.60022   4839.21186  -2938.25164   3.2832035  -1.2198627  -6.7505124 2026 01 14 06 59 14.67
0  -4150.02645   4813.62810  -3072.58414   3.3738444  -1.3384526  -6.6822121 2026 01 14 06 59 34.67
0  -4081.65867   4785.67610  -3205.52037   3.4625978  -1.4566769  -6.6108902 2026 01 14 06 59 54.67
0  -4011.53503   4755.36376  -3337.00022   3.5494252  -1.5744768  -6.5365805 2026 01 14 07 00 14.67
0  -3939.69442   4722.70015  -3466.96429   3.6342892  -1.6917934  -6.4593183 2026 01 14 07 00 34.67
0  -3866.17646   4687.69554  -3595.35389   3.7171535  -1.8085680  -6.3791403 2026 01 14 07 00 54.67
0  -3791.02152   4650.36134  -3722.11110   3.7979830  -1.9247424  -6.2960844 2026 01 14 07 01 14.67
0  -3714.27062   4610.71014  -3847.17873   3.8767436  -2.0402582  -6.2101897 2026 01 14 07 01 34.67
0  -3635.96548   4568.75569  -3970.50041   3.9534026  -2.1550575  -6.1214967 2026 01 14 07 01 54.67
0  -3556.14844   4524.51290  -4092.02060   4.0279282  -2.2690828  -6.0300470 2026 01 14 07 02 14.67
0  -3474.86247   4477.99782  -4211.68459   4.1002900  -2.3822767  -5.9358837 2026 01 14 07 02 34.67
0  -3392.15116   4429.22765  -4329.43855   4.1704585  -2.4945822  -5.8390507 2026 01 14 07 02 54.67
0  -3308.05865   4378.22073  -4445.22953   4.2384058  -2.6059429  -5.7395934 2026 01 14 07 03 14.67
0  -3222.62964   4324.99650  -4559.00550   4.3041049  -2.7163025  -5.6375580 2026 01 14 07 03 34.67
0  -3135.90933   4269.57556  -4670.71539   4.3675302  -2.8256054  -5.5329922 2026 01 14 07 03 54.67
0  -3047.94347   4211.97959  -4780.30907   4.4286571  -2.9337962  -5.4259446 2026 01 14 07 04 14.67
0  -2958.77825   4152.23138  -4887.73739   4.4874625  -3.0408201  -5.3164647 2026 01 14 07 04 34.67
0  -2868.46032   4090.35481  -4992.95222   4.5439244  -3.1466231  -5.2046033 2026 01 14 07 04 54.67
0  -2777.03676   4026.37483  -5095.90643   4.5980220  -3.2511512  -5.0904122 2026 01 14 07 05 14.67
0  -2684.55505   3960.31748  -5196.55398   4.6497359  -3.3543514  -4.9739440 2026 01 14 07 05 34.67
0  -2591.06306   3892.20984  -5294.84983   4.6990478  -3.4561712  -4.8552523 2026 01 14 07 05 54.67
0  -2496.60898   3822.08004  -5390.75008   4.7459408  -3.5565586  -4.7343918 2026 01 14 07 06 14.67
0  -2401.24137   3749.95723  -5484.21189   4.7903990  -3.6554623  -4.6114180 2026 01 14 07 06 34.67
0  -2305.00905   3675.87161  -5575.19357   4.8324082  -3.7528317  -4.4863871 2026 01 14 07 06 54.67
0  -2207.96116   3599.85435  -5663.65454   4.8719550  -3.8486169  -4.3593565 2026 01 14 07 07 14.67
0  -2110.14704   3521.93763  -5749.55539   4.9090275  -3.9427687  -4.2303842 2026 01 14 07 07 34.67
0  -2011.61631   3442.15461  -5832.85786   4.9436150  -4.0352385  -4.0995290 2026 01 14 07 07 54.67
0  -1912.41875   3360.53941  -5913.52490   4.9757081  -4.1259788  -3.9668505 2026 01 14 07 08 14.67
0  -1812.60434   3277.12708  -5991.52064   5.0052986  -4.2149424  -3.8324090 2026 01 14 07 08 34.67
0  -1712.22320   3191.95363  -6066.81043   5.0323797  -4.3020833  -3.6962656 2026 01 14 07 08 54.67
0  -1611.32557   3105.05595  -6139.36084   5.0569456  -4.3873561  -3.5584820 2026 01 14 07 09 14.67
0  -1509.96180   3016.47186  -6209.13970   5.0789920  -4.4707165  -3.4191205 2026 01 14 07 09 34.67
0  -1408.18233   2926.24004  -6276.11607   5.0985157  -4.5521207  -3.2782443 2026 01 14 07 09 54.67
0  -1306.03762   2834.40005  -6340.26030   5.1155148  -4.6315260  -3.1359168 2026 01 14 07 10 14.67
0  -1203.57818   2740.99228  -6401.54400   5.1299885  -4.7088906  -2.9922022 2026 01 14 07 10 34.67
0  -1100.85450   2646.05795  -6459.94007   5.1419375  -4.7841736  -2.8471653 2026 01 14 07 10 54.67
0   -997.91707   2549.63911  -6515.42272   5.1513635  -4.8573350  -2.7008713 2026 01 14 07 11 14.67
0   -894.81633   2451.77857  -6567.96746   5.1582694  -4.9283358  -2.5533859 2026 01 14 07 11 34.67
0   -791.60262   2352.51993  -6617.55111   5.1626596  -4.9971380  -2.4047752 2026 01 14 07 11 54.67
0   -688.32622   2251.90754  -6664.15185   5.1645394  -5.0637043  -2.2551058 2026 01 14 07 12 14.67
0   -585.03727   2149.98646  -6707.74917   5.1639153  -5.1279989  -2.1044448 2026 01 14 07 12 34.67
0   -481.78576   2046.80250  -6748.32390   5.1607953  -5.1899867  -1.9528595 2026 01 14 07 12 54.67
0   -378.62154   1942.40212  -6785.85823   5.1551882  -5.2496337  -1.8004176 2026 01 14 07 13 14.67
0   -275.59425   1836.83248  -6820.33571   5.1471042  -5.3069069  -1.6471871 2026 01 14 07 13 34.67
0   -172.75330   1730.14137  -6851.74126   5.1365546  -5.3617745  -1.4932364 2026 01 14 07 13 54.67
0    -70.14790   1622.37721  -6880.06114   5.1235518  -5.4142056  -1.3386340 2026 01 14 07 14 14.67
0     32.17303   1513.58904  -6905.28302   5.1081094  -5.4641706  -1.1834488 2026 01 14 07 14 34.67
0    134.16085   1403.82646  -6927.39593   5.0902422  -5.5116409  -1.0277497 2026 01 14 07 14 54.67
0    235.76720   1293.13964  -6946.39028   5.0699659  -5.5565891  -0.8716061 2026 01 14 07 15 14.67
0    336.94408   1181.57930  -6962.25787   5.0472976  -5.5989887  -0.7150871 2026 01 14 07 15 34.67
0    437.64382   1069.19665  -6974.99189   5.0222552  -5.6388147  -0.5582624 2026 01 14 07 15 54.67
0    537.81913    956.04342  -6984.58692   4.9948579  -5.6760429  -0.4012015 2026 01 14 07 16 14.67
0    637.42312    842.17178  -6991.03894   4.9651258  -5.7106506  -0.2439741 2026 01 14 07 16 34.67
0    736.40929    727.63438  -6994.34530   4.9330803  -5.7426161  -0.0866498 2026 01 14 07 16 54.67
0    834.73160    612.48426  -6994.50476   4.8987435  -5.7719190   0.0707017 2026 01 14 07 17 14.67
0    932.34445    496.77487  -6991.51749   4.8621389  -5.7985399   0.2280106 2026 01 14 07 17 34.67
0   1029.20273    380.56003  -6985.38503   4.8232907  -5.8224608   0.3852072 2026 01 14 07 17 54.67
0   1125.26181    263.89391  -6976.11032   4.7822243  -5.8436650   0.5422221 2026 01 14 07 18 14.67
0   1220.47760    146.83101  -6963.69769   4.7389661  -5.8621368   0.6989855 2026 01 14 07 18 34.67
0   1314.80653     29.42612  -6948.15286   4.6935433  -5.8778618   0.8554283 2026 01 14 07 18 54.67
0   1408.20559    -88.26569  -6929.48294   4.6459843  -5.8908271   1.0114810 2026 01 14 07 19 14.67
0   1500.63234   -206.18911  -6907.69642   4.5963182  -5.9010208   1.1670748 2026 01 14 07 19 34.67
0   1592.04494   -324.28859  -6882.80318   4.5445751  -5.9084323   1.3221405 2026 01 14 07 19 54.67
0   1682.40216   -442.50839  -6854.81445   4.4907862  -5.9130523   1.4766097 2026 01 14 07 20 14.67
0   1771.66340   -560.79260  -6823.74286   4.4349833  -5.9148729   1.6304139 2026 01 14 07 20 34.67
0   1859.78871   -679.08516  -6789.60238   4.3771994  -5.9138873   1.7834849 2026 01 14 07 20 54.67
0   1946.73879   -797.32990  -6752.40837   4.3174681  -5.9100902   1.9357550 2026 01 14 07 21 14.67
0   2032.47506   -915.47053  -6712.17751   4.2558239  -5.9034775   2.0871567 2026 01 14 07 21 34.67
0   2116.95960  -1033.45072  -6668.92784   4.1923023  -5.8940463   2.2376227 2026 01 14 07 21 54.67
0   2200.15521  -1151.21408  -6622.67876   4.1269394  -5.8817951   2.3870865 2026 01 14 07 22 14.67
0   2282.02546  -1268.70419  -6573.45096   4.0597722  -5.8667239   2.5354816 2026 01 14 07 22 34.67
0   2362.53462  -1385.86468  -6521.26648   3.9908385  -5.8488337   2.6827422 2026 01 14 07 22 54.67
0   2441.64775  -1502.63918  -6466.14867   3.9201767  -5.8281271   2.8288028 2026 01 14 07 23 14.67
0   2519.33067  -1618.97140  -6408.12218   3.8478262  -5.8046078   2.9735985 2026 01 14 07 23 34.67
0   2595.55003  -1734.80513  -6347.21295   3.7738270  -5.7782810   3.1170648 2026 01 14 07 23 54.67
0   2670.27323  -1850.08429  -6283.44822   3.6982196  -5.7491532   3.2591378 2026 01 14 07 24 14.67
0   2743.46854  -1964.75293  -6216.85648   3.6210456  -5.7172321   3.3997543 2026 01 14 07 24 34.67
0   2815.10503  -2078.75528  -6147.46750   3.5423468  -5.6825269   3.5388516 2026 01 14 07 24 54.67
0   2885.15265  -2192.03575  -6075.31228   3.4621660  -5.6450482   3.6763675 2026 01 14 07 25 14.67
0   2953.58218  -2304.53899  -6000.42306   3.3805466  -5.6048076   3.8122406 2026 01 14 07 25 34.67
0   3020.36529  -2416.20990  -5922.83332   3.2975323  -5.5618184   3.9464102 2026 01 14 07 25 54.67
0   3085.47452  -2526.99364  -5842.57772   3.2131677  -5.5160950   4.0788161 2026 01 14 07 26 14.67
0   3148.88333  -2636.83568  -5759.69213   3.1274977  -5.4676533   4.2093991 2026 01 14 07 26 34.67
0   3210.56604  -2745.68183  -5674.21361   3.0405681  -5.4165103   4.3381005 2026 01 14 07 26 54.67
0   3270.49795  -2853.47825  -5586.18037   2.9524249  -5.3626846   4.4648626 2026 01 14 07 27 14.67
0   3328.65523  -2960.17147  -5495.63175   2.8631147  -5.3061960   4.5896283 2026 01 14 07 27 34.67
0   3385.01501  -3065.70845  -5402.60827   2.7726845  -5.2470655   4.7123415 2026 01 14 07 27 54.67
0   3439.55539  -3170.03657  -5307.15151   2.6811819  -5.1853156   4.8329470 2026 01 14 07 28 14.67
0   3492.25537  -3273.10369  -5209.30418   2.5886549  -5.1209701   4.9513902 2026 01 14 07 28 34.67
0   3543.09497  -3374.85813  -5109.11007   2.4951517  -5.0540539   5.0676176 2026 01 14 07 28 54.67
0   3592.05514  -3475.24874  -5006.61402   2.4007211  -4.9845933   5.1815767 2026 01 14 07 29 14.67
0   3639.11783  -3574.22492  -4901.86191   2.3054123  -4.9126161   5.2932159 2026 01 14 07 29 34.67
0   3684.26597  -3671.73661  -4794.90066   2.2092746  -4.8381511   5.4024844 2026 01 14 07 29 54.67
0   3727.48347  -3767.73437  -4685.77817   2.1123578  -4.7612285   5.5093328 2026 01 14 07 30 14.67
0   3768.75526  -3862.16935  -4574.54333   2.0147119  -4.6818796   5.6137122 2026 01 14 07 30 34.67
0   3808.06726  -3954.99335  -4461.24601   1.9163873  -4.6001373   5.7155753 2026 01 14 07 30 54.67
0   3845.40639  -4046.15884  -4345.93699   1.8174343  -4.5160353   5.8148756 2026 01 14 07 31 14.67
0   3880.76060  -4135.61898  -4228.66799   1.7179039  -4.4296089   5.9115676 2026 01 14 07 31 34.67
0   3914.11886  -4223.32765  -4109.49162   1.6178468  -4.3408944   6.0056071 2026 01 14 07 31 54.67
0   3945.47113  -4309.23945  -3988.46136   1.5173143  -4.2499294   6.0969510 2026 01 14 07 32 14.67
0   3974.80842  -4393.30977  -3865.63155   1.4163575  -4.1567527   6.1855575 2026 01 14 07 32 34.67
0   4002.12277  -4475.49476  -3741.05734   1.3150278  -4.0614041   6.2713857 2026 01 14 07 32 54.67
0   4027.40722  -4555.75140  -3614.79469   1.2133766  -3.9639247   6.3543961 2026 01 14 07 33 14.67
0   4050.65587  -4634.03750  -3486.90035   1.1114554  -3.8643568   6.4345505 2026 01 14 07 33 34.67
0   4071.86382  -4710.31172  -3357.43181   1.0093157  -3.7627437   6.5118117 2026 01 14 07 33 54.67
0   4091.02723  -4784.53359  -3226.44729   0.9070091  -3.6591299   6.5861441 2026 01 14 07 34 14.67
0   4108.14327  -4856.66356  -3094.00572   0.8045871  -3.5535609   6.6575132 2026 01 14 07 34 34.67
0   4123.21015  -4926.66299  -2960.16669   0.7021010  -3.4460834   6.7258858 2026 01 14 07 34 54.67
0   4136.22711  -4994.49418  -2824.99045   0.5996025  -3.3367450   6.7912300 2026 01 14 07 35 14.67
0   4147.19440  -5060.12041  -2688.53788   0.4971426  -3.2255944   6.8535155 2026 01 14 07 35 34.67
0   4156.11331  -5123.50593  -2550.87045   0.3947727  -3.1126813   6.9127130 2026 01 14 07 35 54.67
0   4162.98616  -5184.61598  -2412.05019   0.2925438  -2.9980564   6.9687949 2026 01 14 07 36 14.67
0   4167.81627  -5243.41686  -2272.13968   0.1905066  -2.8817713   7.0217347 2026 01 14 07 36 34.67
0   4170.60798  -5299.87588  -2131.20202   0.0887119  -2.7638787   7.0715077 2026 01 14 07 36 54.67
0   4171.36665  -5353.96143  -1989.30077  -0.0127899  -2.6444321   7.1180903 2026 01 14 07 37 14.67
0   4170.09864  -5405.64297  -1846.49997  -0.1139487  -2.5234858   7.1614604 2026 01 14 07 37 34.67
0   4166.81131  -5454.89105  -1702.86407  -0.2147145  -2.4010951   7.2015974 2026 01 14 07 37 54.67
0   4161.51301  -5501.67736  -1558.45793  -0.3150378  -2.2773162   7.2384823 2026 01 14 07 38 14.67
0   4154.21309  -5545.97469  -1413.34677  -0.4148693  -2.1522059   7.2720973 2026 01 14 07 38 34.67
0   4144.92188  -5587.75700  -1267.59615  -0.5141602  -2.0258220   7.3024263 2026 01 14 07 38 54.67
0   4133.65066  -5626.99939  -1121.27193  -0.6128619  -1.8982229   7.3294547 2026 01 14 07 39 14.67
0   4120.41171  -5663.67814   -974.44027  -0.7109264  -1.7694678   7.3531692 2026 01 14 07 39 34.67
0   4105.21824  -5697.77075   -827.16756  -0.8083059  -1.6396166   7.3735582 2026 01 14 07 39 54.67
0   4088.08444  -5729.25589   -679.52040  -0.9049533  -1.5087299   7.3906117 2026 01 14 07 40 14.67
0   4069.02540  -5758.11347   -531.56561  -1.0008219  -1.3768689   7.4043211 2026 01 14 07 40 34.67
0   4048.05718  -5784.32461   -383.37012  -1.0958655  -1.2440954   7.4146793 2026 01 14 07 40 54.67
0   4025.19671  -5807.87168   -235.00103  -1.1900383  -1.1104718   7.4216808 2026 01 14 07 41 14.67
0   4000.46188  -5828.73832    -86.52551  -1.2832954  -0.9760611   7.4253217 2026 01 14 07 41 34.67
0   3973.87145  -5846.90941     61.98920  -1.3755920  -0.8409267   7.4255995 2026 01 14 07 41 54.67
0   3945.44505  -5862.37112    210.47584  -1.4668844  -0.7051326   7.4225135 2026 01 14 07 42 14.67
0   3915.20322  -5875.11090    358.86713  -1.5571292  -0.5687431   7.4160644 2026 01 14 07 42 34.67
0   3883.16732  -5885.11748    507.09583  -1.6462838  -0.4318232   7.4062543 2026 01 14 07 42 54.67
0   3849.35959  -5892.38092    655.09476  -1.7343062  -0.2944380   7.3930873 2026 01 14 07 43 14.67
0   3813.80307  -5896.89255    802.79683  -1.8211550  -0.1566531   7.3765685 2026 01 14 07 43 34.67
0   3776.52166  -5898.64505    950.13507  -1.9067898  -0.0185343   7.3567050 2026 01 14 07 43 54.67
0   3737.54002  -5897.63239   1097.04267  -1.9911707   0.1198521   7.3335053 2026 01 14 07 44 14.67
0   3696.88363  -5893.84989   1243.45301  -2.0742587   0.2584397   7.3069794 2026 01 14 07 44 34.67
0   3654.57873  -5887.29418   1389.29967  -2.1560153   0.3971619   7.2771388 2026 01 14 07 44 54.67
0   3610.65233  -5877.96325   1534.51648  -2.2364032   0.5359519   7.2439967 2026 01 14 07 45 14.67
0   3565.13216  -5865.85640   1679.03758  -2.3153856   0.6747427   7.2075678 2026 01 14 07 45 34.67
0   3518.04669  -5850.97429   1822.79736  -2.3929267   0.8134672   7.1678681 2026 01 14 07 45 54.67
0   3469.42510  -5833.31892   1965.73061  -2.4689914   0.9520582   7.1249155 2026 01 14 07 46 14.67
0   3419.29727  -5812.89362   2107.77243  -2.5435457   1.0904486   7.0787290 2026 01 14 07 46 34.67
0   3367.69372  -5789.70308   2248.85838  -2.6165562   1.2285711   7.0293294 2026 01 14 07 46 54.67
0   3314.64568  -5763.75333   2388.92439  -2.6879906   1.3663586   6.9767388 2026 01 14 07 47 14.67
0   3260.18496  -5735.05175   2527.90688  -2.7578175   1.5037438   6.9209810 2026 01 14 07 47 34.67
0   3204.34403  -5703.60704   2665.74277  -2.8260063   1.6406599   6.8620810 2026 01 14 07 47 54.67
0   3147.15595  -5669.42925   2802.36946  -2.8925275   1.7770397   6.8000655 2026 01 14 07 48 14.67
0   3088.65435  -5632.52979   2937.72492  -2.9573525   1.9128167   6.7349623 2026 01 14 07 48 34.67
0   3028.87344  -5592.92136   3071.74770  -3.0204536   2.0479243   6.6668011 2026 01 14 07 48 54.67
0   2967.84797  -5550.61803   3204.37693  -3.0818041   2.1822962   6.5956125 2026 01 14 07 49 14.67
0   2905.61320  -5505.63516   3335.55239  -3.1413785   2.3158663   6.5214288 2026 01 14 07 49 34.67
0   2842.20490  -5457.98946   3465.21452  -3.1991521   2.4485689   6.4442838 2026 01 14 07 49 54.67
0   2777.65933  -5407.69891   3593.30442  -3.2551012   2.5803385   6.3642122 2026 01 14 07 50 14.67
0   2712.01320  -5354.78284   3719.76393  -3.3092031   2.7111103   6.2812505 2026 01 14 07 50 34.67
0   2645.30368  -5299.26185   3844.53563  -3.3614365   2.8408194   6.1954363 2026 01 14 07 50 54.67
0   2577.56835  -5241.15782   3967.56284  -3.4117806   2.9694017   6.1068086 2026 01 14 07 51 14.67
0   2508.84518  -5180.49395   4088.78970  -3.4602160   3.0967936   6.0154074 2026 01 14 07 51 34.67
0   2439.17254  -5117.29466   4208.16115  -3.5067244   3.2229316   5.9212745 2026 01 14 07 51 54.67
0   2368.58914  -5051.58567   4325.62297  -3.5512883   3.3477532   5.8244524 2026 01 14 07 52 14.67
0   2297.13404  -4983.39392   4441.12183  -3.5938914   3.4711961   5.7249851 2026 01 14 07 52 34.67
0   2224.84660  -4912.74760   4554.60527  -3.6345186   3.5931989   5.6229179 2026 01 14 07 52 54.67
0   2151.76650  -4839.67613   4666.02174  -3.6731558   3.7137007   5.5182970 2026 01 14 07 53 14.67
0   2077.93365  -4764.21013   4775.32066  -3.7097897   3.8326410   5.4111699 2026 01 14 07 53 34.67
0   2003.38825  -4686.38143   4882.45237  -3.7444086   3.9499604   5.3015852 2026 01 14 07 53 54.67
0   1928.17071  -4606.22304   4987.36823  -3.7770016   4.0655999   5.1895927 2026 01 14 07 54 14.67
0   1852.32165  -4523.76912   5090.02057  -3.8075588   4.1795015   5.0752432 2026 01 14 07 54 34.67
0   1775.88188  -4439.05503   5190.36278  -3.8360716   4.2916078   4.9585886 2026 01 14 07 54 54.67
0   1698.89234  -4352.11723   5288.34929  -3.8625325   4.4018621   4.8396817 2026 01 14 07 55 14.67
0   1621.39417  -4262.99333   5383.93558  -3.8869348   4.5102089   4.7185765 2026 01 14 07 55 34.67
0   1543.42857  -4171.72201   5477.07823  -3.9092733   4.6165931   4.5953279 2026 01 14 07 55 54.67
0   1465.03688  -4078.34308   5567.73494  -3.9295435   4.7209609   4.4699917 2026 01 14 07 56 14.67
0   1386.26049  -3982.89740   5655.86451  -3.9477424   4.8232590   4.3426248 2026 01 14 07 56 34.67
0   1307.14086  -3885.42688   5741.42691  -3.9638677   4.9234354   4.2132847 2026 01 14 07 56 54.67
0   1227.71946  -3785.97447   5824.38326  -3.9779185   5.0214389   4.0820302 2026 01 14 07 57 14.67
0   1148.03779  -3684.58414   5904.69587  -3.9898947   5.1172192   3.9489205 2026 01 14 07 57 34.67
0   1068.13734  -3581.30084   5982.32822  -3.9997975   5.2107270   3.8140160 2026 01 14 07 57 54.67
0    988.05954  -3476.17051   6057.24504  -4.0076291   5.3019144   3.6773777 2026 01 14 07 58 14.67
0    907.84580  -3369.24002   6129.41226  -4.0133928   5.3907340   3.5390674 2026 01 14 07 58 34.67
0    827.53743  -3260.55720   6198.79707  -4.0170929   5.4771399   3.3991476 2026 01 14 07 58 54.67
0    747.17565  -3150.17078   6265.36791  -4.0187347   5.5610871   3.2576816 2026 01 14 07 59 14.67
0    666.80157  -3038.13036   6329.09449  -4.0183247   5.6425317   3.1147334 2026 01 14 07 59 34.67
0    586.45614  -2924.48643   6389.94782  -4.0158705   5.7214312   2.9703675 2026 01 14 07 59 54.67
0    506.18017  -2809.29031   6447.90020  -4.0113805   5.7977439   2.8246491 2026 01 14 08 00 14.67
0    426.01428  -2692.59413   6502.92522  -4.0048642   5.8714296   2.6776441 2026 01 14 08 00 34.67
0    345.99890  -2574.45085   6554.99783  -3.9963323   5.9424490   2.5294189 2026 01 14 08 00 54.67
0    266.17422  -2454.91415   6604.09428  -3.9857963   6.0107643   2.3800404 2026 01 14 08 01 14.67
0    186.58020  -2334.03849   6650.19219  -3.9732687   6.0763387   2.2295761 2026 01 14 08 01 34.67
0    107.25653  -2211.87905   6693.27052  -3.9587633   6.1391369   2.0780938 2026 01 14 08 01 54.67
0     28.24264  -2088.49170   6733.30959  -3.9422945   6.1991247   1.9256620 2026 01 14 08 02 14.67
0    -50.42237  -1963.93296   6770.29110  -3.9238779   6.2562693   1.7723494 2026 01 14 08 02 34.67
0   -128.69970  -1838.26004   6804.19812  -3.9035299   6.3105391   1.6182252 2026 01 14 08 02 54.67
0   -206.55090  -1711.53072   6835.01512  -3.8812680   6.3619038   1.4633590 2026 01 14 08 03 14.67
0   -283.93787  -1583.80340   6862.72796  -3.8571105   6.4103346   1.3078207 2026 01 14 08 03 34.67
0   -360.82289  -1455.13703   6887.32390  -3.8310769   6.4558040   1.1516805 2026 01 14 08 03 54.67
0   -437.16864  -1325.59111   6908.79160  -3.8031872   6.4982857   0.9950088 2026 01 14 08 04 14.67
0   -512.93821  -1195.22563   6927.12115  -3.7734626   6.5377551   0.8378763 2026 01 14 08 04 34.67
0   -588.09512  -1064.10109   6942.30403  -3.7419251   6.5741888   0.6803541 2026 01 14 08 04 54.67
0   -662.60334   -932.27842   6954.33316  -3.7085975   6.6075647   0.5225132 2026 01 14 08 05 14.67
0   -736.42729   -799.81898   6963.20288  -3.6735037   6.6378623   0.3644248 2026 01 14 08 05 34.67
0   -809.53191   -666.78453   6968.90896  -3.6366682   6.6650625   0.2061604 2026 01 14 08 05 54.67
0   -881.88261   -533.23720   6971.44859  -3.5981163   6.6891476   0.0477914 2026 01 14 08 06 14.67
0   -953.44533   -399.23945   6970.82040  -3.5578743   6.7101014  -0.1106105 2026 01 14 08 06 34.67
0  -1024.18652   -264.85407   6967.02444  -3.5159693   6.7279092  -0.2689738 2026 01 14 08 06 54.67
0  -1094.07322   -130.14409   6960.06220  -3.4724290   6.7425576  -0.4272269 2026 01 14 08 07 14.67
0  -1163.07299      4.82716   6949.93659  -3.4272820   6.7540349  -0.5852982 2026 01 14 08 07 34.67
0  -1231.15399    139.99616   6936.65198  -3.3805576   6.7623307  -0.7431163 2026 01 14 08 07 54.67
0  -1298.28498    275.29919   6920.21415  -3.3322859   6.7674363  -0.9006096 2026 01 14 08 08 14.67
0  -1364.43532    410.67237   6900.63029  -3.2824977   6.7693443  -1.0577070 2026 01 14 08 08 34.67
0  -1429.57499    546.05169   6877.90904  -3.2312245   6.7680490  -1.2143371 2026 01 14 08 08 54.67
0  -1493.67461    681.37304   6852.06046  -3.1784983   6.7635461  -1.3704291 2026 01 14 08 09 14.67
0  -1556.70545    816.57224   6823.09601  -3.1243521   6.7558329  -1.5259121 2026 01 14 08 09 34.67
0  -1618.63945    951.58507   6791.02859  -3.0688194   6.7449081  -1.6807156 2026 01 14 08 09 54.67
0  -1679.44921   1086.34729   6755.87248  -3.0119342   6.7307721  -1.8347694 2026 01 14 08 10 14.67
0  -1739.10802   1220.79469   6717.64338  -2.9537312   6.7134267  -1.9880034 2026 01 14 08 10 34.67
0  -1797.58990   1354.86314   6676.35837  -2.8942458   6.6928754  -2.1403481 2026 01 14 08 10 54.67
0  -1854.86953   1488.48854   6632.03595  -2.8335138   6.6691230  -2.2917341 2026 01 14 08 11 14.67
0  -1910.92237   1621.60694   6584.69597  -2.7715718   6.6421762  -2.4420927 2026 01 14 08 11 34.67
0  -1965.72458   1754.15454   6534.35967  -2.7084566   6.6120428  -2.5913552 2026 01 14 08 11 54.67
0  -2019.25306   1886.06769   6481.04965  -2.6442059   6.5787326  -2.7394538 2026 01 14 08 12 14.67
0  -2071.48549   2017.28297   6424.78986  -2.5788574   6.5422566  -2.8863208 2026 01 14 08 12 34.67
0  -2122.40029   2147.73719   6365.60560  -2.5124498   6.5026275  -3.0318893 2026 01 14 08 12 54.67
0  -2171.97667   2277.36741   6303.52351  -2.4450219   6.4598596  -3.1760928 2026 01 14 08 13 14.67
0  -2220.19462   2406.11104   6238.57154  -2.3766131   6.4139687  -3.3188654 2026 01 14 08 13 34.67
0  -2267.03491   2533.90576   6170.77898  -2.3072631   6.3649719  -3.4601419 2026 01 14 08 13 54.67
0  -2312.47913   2660.68966   6100.17639  -2.2370122   6.3128883  -3.5998575 2026 01 14 08 14 14.67
0  -2356.50965   2786.40119   6026.79562  -2.1659007   6.2577380  -3.7379483 2026 01 14 08 14 34.67
0  -2399.10968   2910.97924   5950.66981  -2.0939696   6.1995432  -3.8743510 2026 01 14 08 14 54.67
0  -2440.26324   3034.36315   5871.83334  -2.0212601   6.1383270  -4.0090031 2026 01 14 08 15 14.67
0  -2479.95517   3156.49274   5790.32184  -1.9478136   6.0741146  -4.1418427 2026 01 14 08 15 34.67
0  -2518.17114   3277.30835   5706.17218  -1.8736720   6.0069323  -4.2728089 2026 01 14 08 15 54.67
0  -2554.89768   3396.75085   5619.42243  -1.7988773   5.9368081  -4.4018414 2026 01 14 08 16 14.67
0  -2590.12215   3514.76170   5530.11185  -1.7234717   5.8637713  -4.5288808 2026 01 14 08 16 34.67
0  -2623.83274   3631.28295   5438.28089  -1.6474978   5.7878529  -4.6538687 2026 01 14 08 16 54.67
0  -2656.01853   3746.25729   5343.97116  -1.5709981   5.7090853  -4.7767475 2026 01 14 08 17 14.67
0  -2686.66943   3859.62808   5247.22541  -1.4940157   5.6275021  -4.8974605 2026 01 14 08 17 34.67
0  -2715.77620   3971.33934   5148.08752  -1.4165934   5.5431388  -5.0159521 2026 01 14 08 17 54.67
0  -2743.33049   4081.33585   5046.60244  -1.3387743   5.4560320  -5.1321676 2026 01 14 08 18 14.67
0  -2769.32478   4189.56310   4942.81626  -1.2606017   5.3662197  -5.2460532 2026 01 14 08 18 34.67
0  -2793.75245   4295.96739   4836.77609  -1.1821188   5.2737415  -5.3575564 2026 01 14 08 18 54.67
0  -2816.60771   4400.49580   4728.53011  -1.1033690   5.1786383  -5.4666255 2026 01 14 08 19 14.67
0  -2837.88566   4503.09624   4618.12748  -1.0243955   5.0809522  -5.5732101 2026 01 14 08 19 34.67
0  -2857.58227   4603.71750   4505.61842  -0.9452419   4.9807269  -5.6772608 2026 01 14 08 19 54.67
0  -2875.69436   4702.30923   4391.05406  -0.8659513   4.8780073  -5.7787295 2026 01 14 08 20 14.67
0  -2892.21962   4798.82202   4274.48654  -0.7865671   4.7728396  -5.8775690 2026 01 14 08 20 34.67
0  -2907.15662   4893.20736   4155.96888  -0.7071325   4.6652713  -5.9737337 2026 01 14 08 20 54.67
0  -2920.50478   4985.41773   4035.55504  -0.6276906   4.5553513  -6.0671788 2026 01 14 08 21 14.67
0  -2932.26439   5075.40660   3913.29984  -0.5482844   4.4431294  -6.1578610 2026 01 14 08 21 34.67
0  -2942.43657   5163.12844   3789.25897  -0.4689568   4.3286571  -6.2457383 2026 01 14 08 21 54.67
0  -2951.02334   5248.53875   3663.48892  -0.3897505   4.2119867  -6.3307699 2026 01 14 08 22 14.67
0  -2958.02755   5331.59412   3536.04702  -0.3107079   4.0931718  -6.4129162 2026 01 14 08 22 34.67
0  -2963.45289   5412.25219   3406.99136  -0.2318713   3.9722672  -6.4921392 2026 01 14 08 22 54.67
0  -2967.30390   5490.47174   3276.38076  -0.1532828   3.8493289  -6.5684021 2026 01 14 08 23 14.67
0  -2969.58596   5566.21265   3144.27479  -0.0749843   3.7244137  -6.6416695 2026 01 14 08 23 34.67
0  -2970.30530   5639.43595   3010.73370   0.0029829   3.5975798  -6.7119073 2026 01 14 08 23 54.67
0  -2969.46894   5710.10388   2875.81841   0.0805776   3.4688861  -6.7790832 2026 01 14 08 24 14.67
0  -2967.08475   5778.17983   2739.59048   0.1577588   3.3383930  -6.8431658 2026 01 14 08 24 34.67
0  -2963.16140   5843.62841   2602.11207   0.2344860   3.2061613  -6.9041255 2026 01 14 08 24 54.67
0  -2957.70837   5906.41548   2463.44592   0.3107192   3.0722531  -6.9619341 2026 01 14 08 25 14.67
0  -2950.73595   5966.50814   2323.65532   0.3864185   2.9367313  -7.0165649 2026 01 14 08 25 34.67
0  -2942.25520   6023.87474   2182.80409   0.4615448   2.7996599  -7.0679926 2026 01 14 08 25 54.67
0  -2932.27798   6078.48495   2040.95653   0.5360591   2.6611034  -7.1161936 2026 01 14 08 26 14.67
0  -2920.81690   6130.30971   1898.17740   0.6099230   2.5211273  -7.1611455 2026 01 14 08 26 34.67
0  -2907.88536   6179.32129   1754.53189   0.6830986   2.3797980  -7.2028279 2026 01 14 08 26 54.67
0  -2893.49750   6225.49329   1610.08559   0.7555486   2.2371824  -7.2412215 2026 01 14 08 27 14.67
0  -2877.66820   6268.80067   1464.90444   0.8272361   2.0933483  -7.2763089 2026 01 14 08 27 34.67
0  -2860.41307   6309.21975   1319.05474   0.8981247   1.9483640  -7.3080741 2026 01 14 08 27 54.67
0  -2841.74845   6346.72819   1172.60308   0.9681787   1.8022987  -7.3365027 2026 01 14 08 28 14.67
0  -2821.69139   6381.30509   1025.61632   1.0373630   1.6552220  -7.3615819 2026 01 14 08 28 34.67
0  -2800.25962   6412.93091    878.16157   1.1056429   1.5072041  -7.3833005 2026 01 14 08 28 54.67
0  -2777.47158   6441.58754    730.30613   1.1729847   1.3583158  -7.4016489 2026 01 14 08 29 14.67
0  -2753.34636   6467.25828    582.11750   1.2393550   1.2086284  -7.4166191 2026 01 14 08 29 34.67
0  -2727.90371   6489.92786    433.66330   1.3047212   1.0582134  -7.4282046 2026 01 14 08 29 54.67
0  -2701.16405   6509.58246    285.01128   1.3690515   0.9071431  -7.4364008 2026 01 14 08 30 14.67
0  -2673.14840   6526.20969    136.22926   1.4323145   0.7554900  -7.4412045 2026 01 14 08 30 34.67
0  -2643.87842   6539.79863    -12.61489   1.4944799   0.6033268  -7.4426140 2026 01 14 08 30 54.67
0  -2613.37635   6550.33980   -161.45328   1.5555178   0.4507267  -7.4406294 2026 01 14 08 31 14.67
0  -2581.66504   6557.82520   -310.21805   1.6153992   0.2977631  -7.4352525 2026 01 14 08 31 34.67
0  -2548.76791   6562.24830   -458.84137   1.6740958   0.1445096  -7.4264864 2026 01 14 08 31 54.67
0  -2514.70891   6563.60403   -607.25552   1.7315803  -0.0089601  -7.4143361 2026 01 14 08 32 14.67
0  -2479.51258   6561.88882   -755.39286   1.7878259  -0.1625719  -7.3988080 2026 01 14 08 32 34.67
0  -2443.20394   6557.10056   -903.18593   1.8428067  -0.3162520  -7.3799103 2026 01 14 08 32 54.67
0  -2405.80854   6549.23863  -1050.56742   1.8964977  -0.4699261  -7.3576525 2026 01 14 08 33 14.67
0  -2367.35242   6538.30388  -1197.47023   1.9488746  -0.6235202  -7.3320459 2026 01 14 08 33 34.67
0  -2327.86210   6524.29867  -1343.82753   1.9999142  -0.7769602  -7.3031033 2026 01 14 08 33 54.67
0  -2287.36456   6507.22680  -1489.57272   2.0495937  -0.9301720  -7.2708393 2026 01 14 08 34 14.67
0  -2245.88721   6487.09360  -1634.63955   2.0978916  -1.0830818  -7.2352695 2026 01 14 08 34 34.67
0  -2203.45789   6463.90583  -1778.96206   2.1447871  -1.2356158  -7.1964117 2026 01 14 08 34 54.67
0  -2160.10486   6437.67175  -1922.47469   2.1902603  -1.3877003  -7.1542848 2026 01 14 08 35 14.67
0  -2115.85675   6408.40108  -2065.11225   2.2342921  -1.5392619  -7.1089093 2026 01 14 08 35 34.67
0  -2070.74257   6376.10502  -2206.81000   2.2768644  -1.6902274  -7.0603073 2026 01 14 08 35 54.67
0  -2024.79169   6340.79622  -2347.50362   2.3179600  -1.8405241  -7.0085023 2026 01 14 08 36 14.67
0  -1978.03380   6302.48877  -2487.12932   2.3575626  -1.9900793  -6.9535194 2026 01 14 08 36 34.67
0  -1930.49893   6261.19823  -2625.62380   2.3956568  -2.1388209  -6.8953850 2026 01 14 08 36 54.67
0  -1882.21738   6216.94160  -2762.92431   2.4322281  -2.2866772  -6.8341272 2026 01 14 08 37 14.67
0  -1833.21975   6169.73729  -2898.96866   2.4672630  -2.4335768  -6.7697751 2026 01 14 08 37 34.67
0  -1783.53689   6119.60515  -3033.69529   2.5007490  -2.5794489  -6.7023597 2026 01 14 08 37 54.67
0  -1733.19991   6066.56643  -3167.04324   2.5326742  -2.7242230  -6.6319131 2026 01 14 08 38 14.67
0  -1682.24012   6010.64378  -3298.95221   2.5630281  -2.8678295  -6.5584688 2026 01 14 08 38 34.67
0  -1630.68906   5951.86126  -3429.36262   2.5918008  -3.0101992  -6.4820617 2026 01 14 08 38 54.67
0  -1578.57843   5890.24429  -3558.21555   2.6189834  -3.1512633  -6.4027280 2026 01 14 08 39 14.67
0  -1525.94012   5825.81966  -3685.45286   2.6445680  -3.2909540  -6.3205053 2026 01 14 08 39 34.67
0  -1472.80616   5758.61552  -3811.01714   2.6685478  -3.4292041  -6.2354323 2026 01 14 08 39 54.67
0  -1419.20871   5688.66133  -3934.85180   2.6909165  -3.5659469  -6.1475492 2026 01 14 08 40 14.67
0  -1365.18003   5615.98791  -4056.90104   2.7116693  -3.7011166  -6.0568973 2026 01 14 08 40 34.67
0  -1310.75251   5540.62737  -4177.10991   2.7308019  -3.8346483  -5.9635192 2026 01 14 08 40 54.67
0  -1255.95856   5462.61312  -4295.42432   2.7483111  -3.9664777  -5.8674585 2026 01 14 08 41 14.67
0  -1200.83068   5381.97982  -4411.79106   2.7641946  -4.0965414  -5.7687602 2026 01 14 08 41 34.67
0  -1145.40140   5298.76344  -4526.15785   2.7784512  -4.2247769  -5.6674704 2026 01 14 08 41 54.67
0  -1089.70327   5213.00114  -4638.47333   2.7910803  -4.3511226  -5.5636363 2026 01 14 08 42 14.67
0  -1033.76883   5124.73132  -4748.68708   2.8020826  -4.4755178  -5.4573061 2026 01 14 08 42 34.67
0   -977.63060   5033.99361  -4856.74969   2.8114593  -4.5979027  -5.3485292 2026 01 14 08 42 54.67
0   -921.32108   4940.82879  -4962.61271   2.8192130  -4.7182186  -5.2373560 2026 01 14 08 43 14.67
0   -864.87268   4845.27881  -5066.22874   2.8253467  -4.8364078  -5.1238380 2026 01 14 08 43 34.67
0   -808.31778   4747.38680  -5167.55140   2.8298647  -4.9524134  -5.0080274 2026 01 14 08 43 54.67
0   -751.68863   4647.19697  -5266.53537   2.8327720  -5.0661799  -4.8899778 2026 01 14 08 44 14.67
0   -695.01740   4544.75465  -5363.13641   2.8340746  -5.1776526  -4.7697434 2026 01 14 08 44 34.67
0   -638.33611   4440.10626  -5457.31139   2.8337791  -5.2867780  -4.6473795 2026 01 14 08 44 54.67
0   -581.67664   4333.29926  -5549.01826   2.8318934  -5.3935037  -4.5229422 2026 01 14 08 45 14.67
0   -525.07072   4224.38217  -5638.21612   2.8284259  -5.4977786  -4.3964884 2026 01 14 08 45 34.67
0   -468.54989   4113.40450  -5724.86523   2.8233860  -5.5995525  -4.2680760 2026 01 14 08 45 54.67
0   -412.14549   4000.41676  -5808.92700   2.8167840  -5.6987766  -4.1377635 2026 01 14 08 46 14.67
0   -355.88866   3885.47043  -5890.36401   2.8086309  -5.7954032  -4.0056104 2026 01 14 08 46 34.67
0   -299.81031   3768.61792  -5969.14006   2.7989386  -5.8893859  -3.8716767 2026 01 14 08 46 54.67
0   -243.94109   3649.91257  -6045.22013   2.7877198  -5.9806794  -3.7360232 2026 01 14 08 47 14.67
0   -188.31139   3529.40859  -6118.57045   2.7749880  -6.0692399  -3.5987116 2026 01 14 08 47 34.67
0   -132.95134   3407.16108  -6189.15847   2.7607574  -6.1550248  -3.4598040 2026 01 14 08 47 54.67
0    -77.89077   3283.22597  -6256.95290   2.7450432  -6.2379926  -3.3193632 2026 01 14 08 48 14.67
0    -23.15918   3157.65999  -6321.92371   2.7278611  -6.3181033  -3.1774526 2026 01 14 08 48 34.67
0     31.21423   3030.52069  -6384.04214   2.7092278  -6.3953182  -3.0341363 2026 01 14 08 48 54.67
0     85.20060   2901.86634  -6443.28072   2.6891605  -6.4695999  -2.8894788 2026 01 14 08 49 14.67
0    138.77144   2771.75598  -6499.61327   2.6676774  -6.5409125  -2.7435451 2026 01 14 08 49 34.67
0    191.89862   2640.24934  -6553.01493   2.6447971  -6.6092213  -2.5964009 2026 01 14 08 49 54.67
0    244.55438   2507.40683  -6603.46214   2.6205391  -6.6744930  -2.4481121 2026 01 14 08 50 14.67
0    296.71137   2373.28951  -6650.93268   2.5949235  -6.7366959  -2.2987453 2026 01 14 08 50 34.67
0    348.34265   2237.95907  -6695.40565   2.5679713  -6.7957994  -2.1483673 2026 01 14 08 50 54.67
0    399.42170   2101.47778  -6736.86150   2.5397038  -6.8517745  -1.9970453 2026 01 14 08 51 14.67
0    449.92243   1963.90850  -6775.28202   2.5101432  -6.9045936  -1.8448471 2026 01 14 08 51 34.67
0    499.81921   1825.31460  -6810.65037   2.4793123  -6.9542307  -1.6918404 2026 01 14 08 51 54.67
0    549.08686   1685.75997  -6842.95106   2.4472343  -7.0006609  -1.5380936 2026 01 14 08 52 14.67
0    597.70068   1545.30900  -6872.16996   2.4139333  -7.0438610  -1.3836752 2026 01 14 08 52 34.67
0    645.63646   1404.02650  -6898.29434   2.3794339  -7.0838094  -1.2286538 2026 01 14 08 52 54.67
0    692.87047   1261.97771  -6921.31283   2.3437611  -7.1204856  -1.0730986 2026 01 14 08 53 14.67
0    739.37950   1119.22827  -6941.21543   2.3069405  -7.1538708  -0.9170785 2026 01 14 08 53 34.67
0    785.14086    975.84418  -6957.99354   2.2689986  -7.1839478  -0.7606630 2026 01 14 08 53 54.67
0    830.13239    831.89175  -6971.63995   2.2299618  -7.2107007  -0.6039215 2026 01 14 08 54 14.67
0    874.33246    687.43762  -6982.14883   2.1898576  -7.2341153  -0.4469234 2026 01 14 08 54 34.67
0    917.72000    542.54869  -6989.51575   2.1487135  -7.2541786  -0.2897386 2026 01 14 08 54 54.67
0    960.27449    397.29210  -6993.73766   2.1065579  -7.2708795  -0.1324366 2026 01 14 08 55 14.67
0   1001.97599    251.73520  -6994.81292   2.0634194  -7.2842081   0.0249129 2026 01 14 08 55 34.67
0   1042.80514    105.94551  -6992.74129   2.0193271  -7.2941562   0.1822400 2026 01 14 08 55 54.67
0   1082.74314    -40.00927  -6987.52389   1.9743104  -7.3007171   0.3394753 2026 01 14 08 56 14.67
0   1121.77181   -186.06135  -6979.16326   1.9283994  -7.3038855   0.4965490 2026 01 14 08 56 34.67
0   1159.87356   -332.14285  -6967.66334   1.8816243  -7.3036580   0.6533916 2026 01 14 08 56 54.67
0   1197.03142   -478.18580  -6953.02944   1.8340159  -7.3000322   0.8099337 2026 01 14 08 57 14.67
0   1233.22904   -624.12225  -6935.26826   1.7856052  -7.2930077   0.9661060 2026 01 14 08 57 34.67
0   1268.45068   -769.88423  -6914.38788   1.7364235  -7.2825855   1.1218393 2026 01 14 08 57 54.67
0   1302.68123   -915.40379  -6890.39779   1.6865026  -7.2687679   1.2770647 2026 01 14 08 58 14.67
0   1335.90623  -1060.61308  -6863.30882   1.6358746  -7.2515592   1.4317136 2026 01 14 08 58 34.67
0   1368.11187  -1205.44431  -6833.13319   1.5845716  -7.2309648   1.5857173 2026 01 14 08 58 54.67
0   1399.28496  -1349.82984  -6799.88449   1.5326262  -7.2069918   1.7390078 2026 01 14 08 59 14.67
0   1429.41299  -1493.70219  -6763.57766   1.4800714  -7.1796490   1.8915171 2026 01 14 08 59 34.67
0   1458.48410  -1636.99406  -6724.22901   1.4269401  -7.1489466   2.0431776 2026 01 14 08 59 54.67
0   1486.48709  -1779.63836  -6681.85618   1.3732656  -7.1148963   2.1939221 2026 01 14 09 00 14.67
0   1513.41143  -1921.56827  -6636.47816   1.3190813  -7.0775113   2.3436836 2026 01 14 09 00 34.67
0   1539.24727  -2062.71724  -6588.11528   1.2644209  -7.0368065   2.4923959 2026 01 14 09 00 54.67
0   1563.98541  -2203.01904  -6536.78919   1.2093183  -6.9927982   2.6399928 2026 01 14 09 01 14.67
0   1587.61735  -2342.40776  -6482.52285   1.1538073  -6.9455042   2.7864087 2026 01 14 09 01 34.67
0   1610.13527  -2480.81789  -6425.34054   1.0979221  -6.8949439   2.9315786 2026 01 14 09 01 54.67
0   1631.53202  -2618.18431  -6365.26781   1.0416968  -6.8411383   3.0754379 2026 01 14 09 02 14.67
0   1651.80115  -2754.44233  -6302.33154   0.9851657  -6.7841096   3.2179225 2026 01 14 09 02 34.67
0   1670.93688  -2889.52772  -6236.55983   0.9283631  -6.7238817   3.3589691 2026 01 14 09 02 54.67
0   1688.93412  -3023.37675  -6167.98210   0.8713234  -6.6604801   3.4985146 2026 01 14 09 03 14.67
0   1705.78848  -3155.92622  -6096.62899   0.8140811  -6.5939316   3.6364968 2026 01 14 09 03 34.67
0   1721.49625  -3287.11346  -6022.53238   0.7566706  -6.5242646   3.7728541 2026 01 14 09 03 54.67
0   1736.05441  -3416.87641  -5945.72537   0.6991264  -6.4515088   3.9075254 2026 01 14 09 04 14.67
0   1749.46064  -3545.15359  -5866.24231   0.6414829  -6.3756955   4.0404507 2026 01 14 09 04 34.67
0   1761.71328  -3671.88418  -5784.11869   0.5837744  -6.2968574   4.1715702 2026 01 14 09 04 54.67
0   1772.81139  -3797.00802  -5699.39124   0.5260352  -6.2150286   4.3008252 2026 01 14 09 05 14.67
0   1782.75469  -3920.46566  -5612.09783   0.4682997  -6.1302448   4.4281576 2026 01 14 09 05 34.67
0   1791.54360  -4042.19836  -5522.27747   0.4106020  -6.0425430   4.5535103 2026 01 14 09 05 54.67
0   1799.17921  -4162.14814  -5429.97033   0.3529762  -5.9519614   4.6768267 2026 01 14 09 06 14.67
0   1805.66331  -4280.25781  -5335.21770   0.2954560  -5.8585399   4.7980515 2026 01 14 09 06 34.67
0   1810.99834  -4396.47098  -5238.06196   0.2380754  -5.7623196   4.9171297 2026 01 14 09 06 54.67
0   1815.18743  -4510.73209  -5138.54657   0.1808678  -5.6633430   5.0340078 2026 01 14 09 07 14.67
0   1818.23438  -4622.98645  -5036.71608   0.1238667  -5.5616540   5.1486328 2026 01 14 09 07 34.67
0   1820.14365  -4733.18027  -4932.61607   0.0671054  -5.4572978   5.2609528 2026 01 14 09 07 54.67
0   1820.92036  -4841.26067  -4826.29314   0.0106167  -5.3503207   5.3709169 2026 01 14 09 08 14.67
0   1820.57030  -4947.17570  -4717.79492  -0.0455666  -5.2407706   5.4784751 2026 01 14 09 08 34.67
0   1819.09990  -5050.87439  -4607.17001  -0.1014120  -5.1286966   5.5835786 2026 01 14 09 08 54.67
0   1816.51624  -5152.30678  -4494.46800  -0.1568874  -5.0141488   5.6861795 2026 01 14 09 09 14.67
0   1812.82704  -5251.42389  -4379.73941  -0.2119607  -4.8971788   5.7862310 2026 01 14 09 09 34.67
0   1808.04066  -5348.17781  -4263.03567  -0.2666004  -4.7778394   5.8836873 2026 01 14 09 09 54.67
0   1802.16608  -5442.52169  -4144.40915  -0.3207753  -4.6561845   5.9785040 2026 01 14 09 10 14.67
0   1795.21292  -5534.40977  -4023.91308  -0.3744544  -4.5322692   6.0706376 2026 01 14 09 10 34.67
0   1787.19138  -5623.79741  -3901.60153  -0.4276071  -4.4061496   6.1600458 2026 01 14 09 10 54.67
0   1778.11231  -5710.64109  -3777.52943  -0.4802034  -4.2778832   6.2466875 2026 01 14 09 11 14.67
0   1767.98713  -5794.89845  -3651.75251  -0.5322134  -4.1475285   6.3305228 2026 01 14 09 11 34.67
0   1756.82786  -5876.52833  -3524.32729  -0.5836078  -4.0151448   6.4115131 2026 01 14 09 11 54.67
0   1744.64711  -5955.49076  -3395.31104  -0.6343576  -3.8807929   6.4896210 2026 01 14 09 12 14.67
0   1731.45804  -6031.74698  -3264.76178  -0.6844344  -3.7445342   6.5648104 2026 01 14 09 12 34.67
0   1717.27440  -6105.25948  -3132.73822  -0.7338102  -3.6064314   6.6370463 2026 01 14 09 12 54.67
0   1702.11050  -6175.99202  -2999.29978  -0.7824573  -3.4665480   6.7062953 2026 01 14 09 13 14.67
0   1685.98116  -6243.90963  -2864.50651  -0.8303489  -3.3249485   6.7725251 2026 01 14 09 13 34.67
0   1668.90177  -6308.97863  -2728.41911  -0.8774584  -3.1816982   6.8357048 2026 01 14 09 13 54.67
0   1650.88824  -6371.16669  -2591.09887  -0.9237597  -3.0368634   6.8958050 2026 01 14 09 14 14.67
0   1631.95697  -6430.44277  -2452.60768  -0.9692275  -2.8905112   6.9527974 2026 01 14 09 14 34.67
0   1612.12489  -6486.77720  -2313.00795  -1.0138368  -2.7427095   7.0066554 2026 01 14 09 14 54.67
0   1591.40942  -6540.14169  -2172.36262  -1.0575634  -2.5935270   7.0573536 2026 01 14 09 15 14.67
0   1569.82845  -6590.50932  -2030.73515  -1.1003834  -2.4430331   7.1048681 2026 01 14 09 15 34.67
0   1547.40034  -6637.85454  -1888.18941  -1.1422737  -2.2912979   7.1491764 2026 01 14 09 15 54.67
0   1524.14391  -6682.15326  -1744.78976  -1.1832118  -2.1383924   7.1902574 2026 01 14 09 16 14.67
0   1500.07843  -6723.38276  -1600.60093  -1.2231758  -1.9843879   7.2280917 2026 01 14 09 16 34.67
0   1475.22358  -6761.52180  -1455.68805  -1.2621445  -1.8293566   7.2626612 2026 01 14 09 16 54.67
0   1449.59949  -6796.55057  -1310.11656  -1.3000972  -1.6733711   7.2939491 2026 01 14 09 17 14.67
0   1423.22668  -6828.45071  -1163.95226  -1.3370139  -1.5165046   7.3219406 2026 01 14 09 17 34.67
0   1396.12605  -6857.20533  -1017.26122  -1.3728755  -1.3588308   7.3466218 2026 01 14 09 17 54.67
0   1368.31890  -6882.79904   -870.10976  -1.4076632  -1.2004240   7.3679808 2026 01 14 09 18 14.67
0   1339.82689  -6905.21792   -722.56443  -1.4413592  -1.0413586   7.3860070 2026 01 14 09 18 34.67
0   1310.67201  -6924.44954   -574.69198  -1.4739463  -0.8817097   7.4006914 2026 01 14 09 18 54.67
0   1280.87662  -6940.48299   -426.55933  -1.5054081  -0.7215526   7.4120264 2026 01 14 09 19 14.67
0   1250.46338  -6953.30887   -278.23352  -1.5357286  -0.5609631   7.4200063 2026 01 14 09 19 34.67
0   1219.45527  -6962.91927   -129.78169  -1.5648931  -0.4000170   7.4246264 2026 01 14 09 19 54.67
0   1187.87555  -6969.30783     18.72891  -1.5928870  -0.2387906   7.4258840 2026 01 14 09 20 14.67
0   1155.74777  -6972.46971    167.23104  -1.6196970  -0.0773601   7.4237778 2026 01 14 09 20 34.67
0   1123.09573  -6972.40159    315.65741  -1.6453103   0.0841977   7.4183081 2026 01 14 09 20 54.67
0   1089.94350  -6969.10168    463.94077  -1.6697148   0.2458063   7.4094766 2026 01 14 09 21 14.67
0   1056.31535  -6962.56975    612.01392  -1.6928993   0.4073890   7.3972868 2026 01 14 09 21 34.67
0   1022.23580  -6952.80707    759.80973  -1.7148533   0.5688688   7.3817435 2026 01 14 09 21 54.67
0    987.72956  -6939.81648    907.26121  -1.7355672   0.7301690   7.3628533 2026 01 14 09 22 14.67
0    952.82151  -6923.60232   1054.30149  -1.7550320   0.8912129   7.3406242 2026 01 14 09 22 34.67
0    917.53672  -6904.17049   1200.86388  -1.7732397   1.0519237   7.3150657 2026 01 14 09 22 54.67
0    881.90040  -6881.52842   1346.88190  -1.7901829   1.2122249   7.2861890 2026 01 14 09 23 14.67
0    845.93792  -6855.68507   1492.28933  -1.8058551   1.3720401   7.2540068 2026 01 14 09 23 34.67
0    809.67475  -6826.65091   1637.02018  -1.8202507   1.5312929   7.2185332 2026 01 14 09 23 54.67
0    773.13647  -6794.43796   1781.00879  -1.8333647   1.6899074   7.1797841 2026 01 14 09 24 14.67
0    736.34876  -6759.05973   1924.18981  -1.8451930   1.8478079   7.1377765 2026 01 14 09 24 34.67
0    699.33736  -6720.53127   2066.49826  -1.8557323   2.0049190   7.0925294 2026 01 14 09 24 54.67
0    662.12809  -6678.86910   2207.86955  -1.8649802   2.1611656   7.0440629 2026 01 14 09 25 14.67
0    624.74678  -6634.09126   2348.23950  -1.8729349   2.3164729   6.9923987 2026 01 14 09 25 34.67
0    587.21931  -6586.21729   2487.54440  -1.8795956   2.4707668   6.9375603 2026 01 14 09 25 54.67
0    549.57157  -6535.26819   2625.72100  -1.8849622   2.6239735   6.8795721 2026 01 14 09 26 14.67
0    511.82942  -6481.26644   2762.70656  -1.8890355   2.7760196   6.8184604 2026 01 14 09 26 34.67
0    474.01873  -6424.23597   2898.43889  -1.8918169   2.9268324   6.7542528 2026 01 14 09 26 54.67
0    436.16530  -6364.20218   3032.85636  -1.8933090   3.0763397   6.6869782 2026 01 14 09 27 14.67
0    398.29490  -6301.19189   3165.89792  -1.8935146   3.2244699   6.6166672 2026 01 14 09 27 34.67
0    360.43321  -6235.23335   3297.50317  -1.8924380   3.3711521   6.5433515 2026 01 14 09 27 54.67
0    322.60584  -6166.35622   3427.61235  -1.8900836   3.5163161   6.4670645 2026 01 14 09 28 14.67
0    284.83828  -6094.59157   3556.16636  -1.8864571   3.6598923   6.3878405 2026 01 14 09 28 34.67
0    247.15591  -6019.97184   3683.10682  -1.8815648   3.8018120   6.3057157 2026 01 14 09 28 54.67
0    209.58399  -5942.53084   3808.37609  -1.8754137   3.9420072   6.2207272 2026 01 14 09 29 14.67
0    172.14761  -5862.30373   3931.91728  -1.8680117   4.0804107   6.1329136 2026 01 14 09 29 34.67
0    134.87171  -5779.32701   4053.67428  -1.8593673   4.2169561   6.0423147 2026 01 14 09 29 54.67
0     97.78103  -5693.63850   4173.59180  -1.8494900   4.3515781   5.9489718 2026 01 14 09 30 14.67
0     60.90015  -5605.27732   4291.61536  -1.8383898   4.4842122   5.8529271 2026 01 14 09 30 34.67
0     24.25341  -5514.28386   4407.69138  -1.8260776   4.6147947   5.7542242 2026 01 14 09 30 54.67
0    -12.13507  -5420.69977   4521.76713  -1.8125650   4.7432631   5.6529081 2026 01 14 09 31 14.67
0    -48.24140  -5324.56796   4633.79081  -1.7978643   4.8695559   5.5490246 2026 01 14 09 31 34.67
0    -84.04194  -5225.93255   4743.71154  -1.7819885   4.9936123   5.4426209 2026 01 14 09 31 54.67
0   -119.51333  -5124.83886   4851.47939  -1.7649514   5.1153731   5.3337454 2026 01 14 09 32 14.67
0   -154.63249  -5021.33339   4957.04542  -1.7467673   5.2347798   5.2224474 2026 01 14 09 32 34.67
0   -189.37662  -4915.46380   5060.36168  -1.7274515   5.3517751   5.1087774 2026 01 14 09 32 54.67
0   -223.72325  -4807.27887   5161.38124  -1.7070197   5.4663030   4.9927871 2026 01 14 09 33 14.67
0   -257.65022  -4696.82851   5260.05823  -1.6854883   5.5783085   4.8745289 2026 01 14 09 33 34.67
0   -291.13571  -4584.16371   5356.34782  -1.6628745   5.6877378   4.7540566 2026 01 14 09 33 54.67
0   -324.15825  -4469.33651   5450.20627  -1.6391961   5.7945386   4.6314248 2026 01 14 09 34 14.67
0   -356.69673  -4352.40001   5541.59095  -1.6144714   5.8986594   4.5066890 2026 01 14 09 34 34.67
0   -388.73040  -4233.40830   5630.46033  -1.5887194   6.0000503   4.3799058 2026 01 14 09 34 54.67
0   -420.23893  -4112.41647   5716.77405  -1.5619598   6.0986627   4.2511325 2026 01 14 09 35 14.67
0   -451.20236  -3989.48057   5800.49289  -1.5342127   6.1944492   4.1204276 2026 01 14 09 35 34.67
0   -481.60114  -3864.65758   5881.57879  -1.5054990   6.2873636   3.9878502 2026 01 14 09 35 54.67
0   -511.41615  -3738.00539   5959.99491  -1.4758399   6.3773614   3.8534603 2026 01 14 09 36 14.67
0   -540.62871  -3609.58277   6035.70561  -1.4452574   6.4643993   3.7173186 2026 01 14 09 36 34.67
0   -569.22058  -3479.44935   6108.67647  -1.4137740   6.5484352   3.5794869 2026 01 14 09 36 54.67
0   -597.17395  -3347.66555   6178.87431  -1.3814125   6.6294289   3.4400275 2026 01 14 09 37 14.67
0   -624.47151  -3214.29263   6246.26720  -1.3481965   6.7073412   3.2990033 2026 01 14 09 37 34.67
0   -651.09640  -3079.39259   6310.82448  -1.3141499   6.7821345   3.1564782 2026 01 14 09 37 54.67
0   -677.03225  -2943.02818   6372.51678  -1.2792971   6.8537727   3.0125165 2026 01 14 09 38 14.67
0   -702.26319  -2805.26284   6431.31601  -1.2436631   6.9222211   2.8671833 2026 01 14 09 38 34.67
0   -726.77384  -2666.16071   6487.19542  -1.2072732   6.9874467   2.7205443 2026 01 14 09 38 54.67
0   -750.54935  -2525.78657   6540.12953  -1.1701533   7.0494177   2.5726656 2026 01 14 09 39 14.67
0   -773.57538  -2384.20580   6590.09422  -1.1323294   7.1081041   2.4236142 2026 01 14 09 39 34.67
0   -795.83811  -2241.48438   6637.06671  -1.0938282   7.1634773   2.2734572 2026 01 14 09 39 54.67
0   -817.32426  -2097.68887   6681.02557  -1.0546767   7.2155103   2.1222624 2026 01 14 09 40 14.67
0   -838.02111  -1952.88631   6721.95072  -1.0149023   7.2641777   1.9700982 2026 01 14 09 40 34.67
0   -857.91646  -1807.14426   6759.82346  -0.9745326   7.3094555   1.8170331 2026 01 14 09 40 54.67
0   -876.99870  -1660.53074   6794.62647  -0.9335956   7.3513216   1.6631363 2026 01 14 09 41 14.67
0   -895.25676  -1513.11419   6826.34380  -0.8921198   7.3897552   1.5084772 2026 01 14 09 41 34.67
0   -912.68015  -1364.96346   6854.96091  -0.8501338   7.4247372   1.3531257 2026 01 14 09 41 54.67
0   -929.25896  -1216.14775   6880.46464  -0.8076664   7.4562502   1.1971518 2026 01 14 09 42 14.67
0   -944.98385  -1066.73661   6902.84326  -0.7647470   7.4842783   1.0406259 2026 01 14 09 42 34.67
0   -959.84607   -916.79987   6922.08643  -0.7214049   7.5088074   0.8836187 2026 01 14 09 42 54.67
0   -973.83746   -766.40766   6938.18524  -0.6776699   7.5298248   0.7262010 2026 01 14 09 43 14.67
0   -986.95047   -615.63030   6951.13218  -0.6335717   7.5473196   0.5684439 2026 01 14 09 43 34.67
0   -999.17814   -464.53836   6960.92119  -0.5891406   7.5612826   0.4104187 2026 01 14 09 43 54.67
0  -1010.51410   -313.20253   6967.54760  -0.5444067   7.5717060   0.2521968 2026 01 14 09 44 14.67
0  -1020.95260   -161.69369   6971.00821  -0.4994005   7.5785840   0.0938495 2026 01 14 09 44 34.67
0  -1030.48851    -10.08278   6971.30122  -0.4541525   7.5819122  -0.0645516 2026 01 14 09 44 54.67
0  -1039.11730    141.55917   6968.42627  -0.4086935   7.5816879  -0.2229349 2026 01 14 09 45 14.67
0  -1046.83504    293.16111   6962.38443  -0.3630541   7.5779103  -0.3812287 2026 01 14 09 45 34.67
0  -1053.63845    444.65196   6953.17821  -0.3172653   7.5705799  -0.5393616 2026 01 14 09 45 54.67
0  -1059.52485    595.96070   6940.81154  -0.2713580   7.5596991  -0.6972619 2026 01 14 09 46 14.67
0  -1064.49217    747.01635   6925.28980  -0.2253631   7.5452720  -0.8548583 2026 01 14 09 46 34.67
0  -1068.53897    897.74805   6906.61976  -0.1793118   7.5273043  -1.0120793 2026 01 14 09 46 54.67
0  -1071.66444   1048.08504   6884.80966  -0.1332350   7.5058032  -1.1688537 2026 01 14 09 47 14.67
0  -1073.86837   1197.95676   6859.86913  -0.0871638   7.4807779  -1.3251106 2026 01 14 09 47 34.67
0  -1075.15119   1347.29283   6831.80923  -0.0411292   7.4522390  -1.4807790 2026 01 14 09 47 54.67
0  -1075.51393   1496.02308   6800.64244   0.0048379   7.4201990  -1.6357884 2026 01 14 09 48 14.67
0  -1074.95827   1644.07765   6766.38265   0.0507066   7.3846717  -1.7900684 2026 01 14 09 48 34.67
0  -1073.48647   1791.38693   6729.04513   0.0964461   7.3456729  -1.9435489 2026 01 14 09 48 54.67
0  -1071.10142   1937.88167   6688.64659   0.1420255   7.3032200  -2.0961603 2026 01 14 09 49 14.67
0  -1067.80664   2083.49297   6645.20509   0.1874145   7.2573318  -2.2478330 2026 01 14 09 49 34.67
0  -1063.60623   2228.15234   6598.74010   0.2325823   7.2080290  -2.3984982 2026 01 14 09 49 54.67
0  -1058.50493   2371.79169   6549.27245   0.2774988   7.1553338  -2.5480872 2026 01 14 09 50 14.67
0  -1052.50806   2514.34342   6496.82436   0.3221338   7.0992701  -2.6965319 2026 01 14 09 50 34.67
0  -1045.62156   2655.74041   6441.41938   0.3664573   7.0398633  -2.8437646 2026 01 14 09 50 54.67
0  -1037.85194   2795.91606   6383.08243   0.4104396   6.9771406  -2.9897181 2026 01 14 09 51 14.67
0  -1029.20633   2934.80435   6321.83975   0.4540511   6.9111305  -3.1343259 2026 01 14 09 51 34.67
0  -1019.69244   3072.33982   6257.71893   0.4972626   6.8418635  -3.2775218 2026 01 14 09 51 54.67
0  -1009.31855   3208.45766   6190.74885   0.5400450   6.7693713  -3.4192404 2026 01 14 09 52 14.67
0   -998.09355   3343.09368   6120.95971   0.5823697   6.6936872  -3.5594168 2026 01 14 09 52 34.67
0   -986.02686   3476.18440   6048.38299   0.6242080   6.6148464  -3.6979870 2026 01 14 09 52 54.67
0   -973.12850   3607.66705   5973.05146   0.6655320   6.5328851  -3.8348873 2026 01 14 09 53 14.67
0   -959.40903   3737.47960   5894.99914   0.7063138   6.4478416  -3.9700550 2026 01 14 09 53 34.67
0   -944.87958   3865.56078   5814.26131   0.7465260   6.3597552  -4.1034280 2026 01 14 09 53 54.67
0   -929.55179   3991.85016   5730.87446   0.7861415   6.2686669  -4.2349453 2026 01 14 09 54 14.67
0   -913.43789   4116.28811   5644.87633   0.8251335   6.1746193  -4.3645461 2026 01 14 09 54 34.67
0   -896.55059   4238.81589   5556.30583   0.8634757   6.0776563  -4.4921711 2026 01 14 09 54 54.67
0   -878.90316   4359.37564   5465.20307   0.9011424   5.9778232  -4.6177614 2026 01 14 09 55 14.67
0   -860.50936   4477.91041   5371.60933   0.9381080   5.8751668  -4.7412592 2026 01 14 09 55 34.67
0   -841.38346   4594.36424   5275.56702   0.9743474   5.7697353  -4.8626076 2026 01 14 09 55 54.67
0   -821.54024   4708.68210   5177.11970   1.0098363   5.6615783  -4.9817505 2026 01 14 09 56 14.67
0   -800.99494   4820.80999   5076.31202   1.0445504   5.5507466  -5.0986331 2026 01 14 09 56 34.67
0   -779.76330   4930.69493   4973.18973   1.0784663   5.4372926  -5.2132012 2026 01 14 09 56 54.67
0   -757.86151   5038.28503   4867.79966   1.1115609   5.3212697  -5.3254021 2026 01 14 09 57 14.67
0   -735.30623   5143.52943   4760.18966   1.1438117   5.2027329  -5.4351837 2026 01 14 09 57 34.67
0   -712.11454   5246.37842   4650.40863   1.1751966   5.0817381  -5.5424953 2026 01 14 09 57 54.67
0   -688.30400   5346.78342   4538.50647   1.2056943   4.9583428  -5.6472873 2026 01 14 09 58 14.67
0   -663.89254   5444.69699   4424.53406   1.2352838   4.8326054  -5.7495110 2026 01 14 09 58 34.67
0   -638.89854   5540.07289   4308.54325   1.2639450   4.7045857  -5.8491191 2026 01 14 09 58 54.67
0   -613.34076   5632.86607   4190.58680   1.2916580   4.5743446  -5.9460655 2026 01 14 09 59 14.67
0   -587.23836   5723.03273   4070.71840   1.3184039   4.4419440  -6.0403051 2026 01 14 09 59 34.67
0   -560.61086   5810.53030   3948.99263   1.3441642   4.3074470  -6.1317943 2026 01 14 09 59 54.67
0   -533.47816   5895.31750   3825.46492   1.3689211   4.1709178  -6.2204906 2026 01 14 10 00 14.67
0   -505.86049   5977.35433   3700.19155   1.3926574   4.0324214  -6.3063529 2026 01 14 10 00 34.67
0   -477.77844   6056.60210   3573.22959   1.4153566   3.8920242  -6.3893412 2026 01 14 10 00 54.67
0   -449.25291   6133.02347   3444.63691   1.4370029   3.7497931  -6.4694172 2026 01 14 10 01 14.67
0   -420.30510   6206.58244   3314.47214   1.4575811   3.6057963  -6.5465435 2026 01 14 10 01 34.67
0   -390.95653   6277.24438   3182.79463   1.4770767   3.4601028  -6.6206845 2026 01 14 10 01 54.67
0   -361.22899   6344.97605   3049.66443   1.4954760   3.3127822  -6.6918057 2026 01 14 10 02 14.67
0   -331.14453   6409.74562   2915.14226   1.5127658   3.1639054  -6.7598741 2026 01 14 10 02 34.67
0   -300.72547   6471.52267   2779.28952   1.5289340   3.0135436  -6.8248582 2026 01 14 10 02 54.67
0   -269.99436   6530.27823   2642.16817   1.5439688   2.8617692  -6.8867278 2026 01 14 10 03 14.67
0   -238.97398   6585.98477   2503.84081   1.5578594   2.7086549  -6.9454544 2026 01 14 10 03 34.67
0   -207.68732   6638.61622   2364.37057   1.5705957   2.5542745  -7.0010108 2026 01 14 10 03 54.67
0   -176.15755   6688.14801   2223.82111   1.5821682   2.3987020  -7.0533712 2026 01 14 10 04 14.67
0   -144.40804   6734.55704   2082.25659   1.5925683   2.2420123  -7.1025116 2026 01 14 10 04 34.67
0   -112.46231   6777.82171   1939.74166   1.6017883   2.0842807  -7.1484094 2026 01 14 10 04 54.67
0    -80.34405   6817.92196   1796.34136   1.6098209   1.9255833  -7.1910434 2026 01 14 10 05 14.67
0    -48.07706   6854.83922   1652.12119   1.6166599   1.7659962  -7.2303940 2026 01 14 10 05 34.67
0    -15.68528   6888.55646   1507.14698   1.6222997   1.6055965  -7.2664433 2026 01 14 10 05 54.67
0     16.80726   6919.05822   1361.48494   1.6267356   1.4444612  -7.2991749 2026 01 14 10 06 14.67
0     49.37645   6946.33055   1215.20157   1.6299636   1.2826679  -7.3285740 2026 01 14 10 06 34.67
0     81.99809   6970.36107   1068.36365   1.6319804   1.1202946  -7.3546272 2026 01 14 10 06 54.67
0    114.64793   6991.13895    921.03822   1.6327838   0.9574194  -7.3773229 2026 01 14 10 07 14.67
0    147.30169   7008.65496    773.29254   1.6323721   0.7941206  -7.3966511 2026 01 14 10 07 34.67
0    179.93506   7022.90140    625.19404   1.6307445   0.6304769  -7.4126032 2026 01 14 10 07 54.67
0    212.52371   7033.87215    476.81033   1.6279009   0.4665670  -7.4251724 2026 01 14 10 08 14.67
0    245.04333   7041.56270    328.20910   1.6238422   0.3024697  -7.4343536 2026 01 14 10 08 34.67
0    277.46964   7045.97006    179.45817   1.6185699   0.1382639  -7.4401429 2026 01 14 10 08 54.67
0    309.77838   7047.09288     30.62540   1.6120865  -0.0259714  -7.4425384 2026 01 14 10 09 14.67
0    341.94536   7044.93134   -118.22134   1.6043949  -0.1901575  -7.4415397 2026 01 14 10 09 34.67
0    373.94646   7039.48722   -267.01417   1.5954993  -0.3542153  -7.4371480 2026 01 14 10 09 54.67
0    405.75764   7030.76387   -415.68525   1.5854043  -0.5180663  -7.4293661 2026 01 14 10 10 14.67
0    437.35497   7018.76622   -564.16682   1.5741154  -0.6816319  -7.4181984 2026 01 14 10 10 34.67
0    468.71463   7003.50076   -712.39122   1.5616390  -0.8448336  -7.4036509 2026 01 14 10 10 54.67
0    499.81294   6984.97554   -860.29093   1.5479820  -1.0075933  -7.3857312 2026 01 14 10 11 14.67
0    530.62637   6963.20020  -1007.79860   1.5331524  -1.1698331  -7.3644486 2026 01 14 10 11 34.67
0    561.13154   6938.18590  -1154.84706   1.5171588  -1.3314756  -7.3398139 2026 01 14 10 11 54.67
0    591.30528   6909.94536  -1301.36940   1.5000105  -1.4924434  -7.3118393 2026 01 14 10 12 14.67
0    621.12459   6878.49285  -1447.29897   1.4817177  -1.6526598  -7.2805389 2026 01 14 10 12 34.67
0    650.56667   6843.84416  -1592.56938   1.4622911  -1.8120483  -7.2459281 2026 01 14 10 12 54.67
0    679.60899   6806.01660  -1737.11461   1.4417425  -1.9705332  -7.2080239 2026 01 14 10 13 14.67
0    708.22920   6765.02902  -1880.86898   1.4200841  -2.1280390  -7.1668451 2026 01 14 10 13 34.67
0    736.40526   6720.90173  -2023.76718   1.3973291  -2.2844908  -7.1224116 2026 01 14 10 13 54.67
0    764.11536   6673.65656  -2165.74433   1.3734911  -2.4398145  -7.0747451 2026 01 14 10 14 14.67
0    791.33799   6623.31682  -2306.73602   1.3485847  -2.5939365  -7.0238687 2026 01 14 10 14 34.67
0    818.05192   6569.90726  -2446.67827   1.3226250  -2.7467838  -6.9698069 2026 01 14 10 14 54.67
0    844.23626   6513.45410  -2585.50765   1.2956279  -2.8982842  -6.9125860 2026 01 14 10 15 14.67
0    869.87042   6453.98501  -2723.16124   1.2676100  -3.0483662  -6.8522333 2026 01 14 10 15 34.67
0    894.93415   6391.52905  -2859.57670   1.2385884  -3.1969590  -6.7887778 2026 01 14 10 15 54.67
0    919.40756   6326.11671  -2994.69226   1.2085810  -3.3439929  -6.7222499 2026 01 14 10 16 14.67
0    943.27111   6257.77986  -3128.44681   1.1776063  -3.4893986  -6.6526813 2026 01 14 10 16 34.67
0    966.50564   6186.55175  -3260.77985   1.1456834  -3.6331081  -6.5801053 2026 01 14 10 16 54.67
0    989.09240   6112.46697  -3391.63159   1.1128320  -3.7750541  -6.5045562 2026 01 14 10 17 14.67
0   1011.01302   6035.56147  -3520.94290   1.0790725  -3.9151702  -6.4260699 2026 01 14 10 17 34.67
0   1032.24953   5955.87249  -3648.65543   1.0444258  -4.0533911  -6.3446836 2026 01 14 10 17 54.67
0   1052.78441   5873.43859  -3774.71155   1.0089134  -4.1896524  -6.2604357 2026 01 14 10 18 14.67
0   1072.60057   5788.29958  -3899.05443   0.9725575  -4.3238908  -6.1733660 2026 01 14 10 18 34.67
0   1091.68137   5700.49656  -4021.62803   0.9353805  -4.4560440  -6.0835153 2026 01 14 10 18 54.67
0   1110.01060   5610.07184  -4142.37717   0.8974057  -4.5860509  -5.9909260 2026 01 14 10 19 14.67
0   1127.57255   5517.06895  -4261.24750   0.8586567  -4.7138515  -5.8956413 2026 01 14 10 19 34.67
0   1144.35198   5421.53260  -4378.18555   0.8191577  -4.8393868  -5.7977060 2026 01 14 10 19 54.67
0   1160.33413   5323.50868  -4493.13877   0.7789334  -4.9625990  -5.6971656 2026 01 14 10 20 14.67
0   1175.50475   5223.04422  -4606.05553   0.7380090  -5.0834317  -5.5940671 2026 01 14 10 20 34.67
0   1189.85009   5120.18737  -4716.88514   0.6964100  -5.2018295  -5.4884585 2026 01 14 10 20 54.67
0   1203.35692   5014.98735  -4825.57789   0.6541625  -5.3177384  -5.3803888 2026 01 14 10 21 14.67
0   1216.01253   4907.49449  -4932.08505   0.6112929  -5.4311054  -5.2699081 2026 01 14 10 21 34.67
0   1227.80476   4797.76014  -5036.35892   0.5678281  -5.5418791  -5.1570674 2026 01 14 10 21 54.67
0   1238.72196   4685.83666  -5138.35281   0.5237955  -5.6500092  -5.0419191 2026 01 14 10 22 14.67
0   1248.75306   4571.77743  -5238.02111   0.4792227  -5.7554468  -4.9245160 2026 01 14 10 22 34.67
0   1257.88753   4455.63676  -5335.31925   0.4341376  -5.8581444  -4.8049124 2026 01 14 10 22 54.67
0   1266.11541   4337.46992  -5430.20377   0.3885687  -5.9580557  -4.6831631 2026 01 14 10 23 14.67
0   1273.42731   4217.33308  -5522.63233   0.3425447  -6.0551359  -4.5593241 2026 01 14 10 23 34.67
0   1279.81442   4095.28331  -5612.56367   0.2960944  -6.1493416  -4.4334520 2026 01 14 10 23 54.67
0   1285.26851   3971.37852  -5699.95773   0.2492474  -6.2406308  -4.3056043 2026 01 14 10 24 14.67
0   1289.78192   3845.67744  -5784.77557   0.2020330  -6.3289628  -4.1758396 2026 01 14 10 24 34.67
0   1293.34763   3718.23961  -5866.97943   0.1544812  -6.4142986  -4.0442168 2026 01 14 10 24 54.67
0   1295.95917   3589.12533  -5946.53276   0.1066220  -6.4966004  -3.9107960 2026 01 14 10 25 14.67
0   1297.61071   3458.39565  -6023.40020   0.0584857  -6.5758320  -3.7756377 2026 01 14 10 25 34.67
0   1298.29700   3326.11233  -6097.54761   0.0101029  -6.6519587  -3.6388033 2026 01 14 10 25 54.67
0   1298.01342   3192.33779  -6168.94209  -0.0384959  -6.7249471  -3.5003548 2026 01 14 10 26 14.67
0   1296.75595   3057.13511  -6237.55198  -0.0872797  -6.7947656  -3.3603547 2026 01 14 10 26 34.67
0   1294.52122   2920.56802  -6303.34687  -0.1362175  -6.8613838  -3.2188665 2026 01 14 10 26 54.67
0   1291.30645   2782.70079  -6366.29765  -0.1852782  -6.9247730  -3.0759538 2026 01 14 10 27 14.67
0   1287.10950   2643.59828  -6426.37646  -0.2344305  -6.9849061  -2.9316811 2026 01 14 10 27 34.67
0   1281.92884   2503.32588  -6483.55675  -0.2836429  -7.0417573  -2.7861133 2026 01 14 10 27 54.67
0   1275.76358   2361.94946  -6537.81327  -0.3328842  -7.0953025  -2.6393158 2026 01 14 10 28 14.67
0   1268.61348   2219.53538  -6589.12210  -0.3821227  -7.1455192  -2.4913546 2026 01 14 10 28 34.67
0   1260.47889   2076.15041  -6637.46060  -0.4313268  -7.1923863  -2.3422959 2026 01 14 10 28 54.67
0   1251.36082   1931.86175  -6682.80751  -0.4804651  -7.2358844  -2.1922066 2026 01 14 10 29 14.67
0   1241.26091   1786.73696  -6725.14287  -0.5295058  -7.2759955  -2.0411537 2026 01 14 10 29 34.67
0   1230.18142   1640.84395  -6764.44809  -0.5784173  -7.3127033  -1.8892048 2026 01 14 10 29 54.67
0   1218.12524   1494.25092  -6800.70592  -0.6271682  -7.3459931  -1.7364278 2026 01 14 10 30 14.67
0   1205.09592   1347.02639  -6833.90049  -0.6757267  -7.3758517  -1.5828907 2026 01 14 10 30 34.67
0   1191.09761   1199.23908  -6864.01728  -0.7240615  -7.4022674  -1.4286620 2026 01 14 10 30 54.67
0   1176.13509   1050.95796  -6891.04313  -0.7721412  -7.4252302  -1.2738104 2026 01 14 10 31 14.67
0   1160.21380    902.25218  -6914.96628  -0.8199344  -7.4447317  -1.1184047 2026 01 14 10 31 34.67
0   1143.33976    753.19104  -6935.77633  -0.8674098  -7.4607650  -0.9625142 2026 01 14 10 31 54.67
0   1125.51964    603.84395  -6953.46429  -0.9145365  -7.4733248  -0.8062079 2026 01 14 10 32 14.67
0   1106.76073    454.28043  -6968.02253  -0.9612835  -7.4824074  -0.6495554 2026 01 14 10 32 34.67
0   1087.07093    304.57004  -6979.44481  -1.0076200  -7.4880106  -0.4926262 2026 01 14 10 32 54.67
0   1066.45876    154.78239  -6987.72631  -1.0535154  -7.4901340  -0.3354899 2026 01 14 10 33 14.67
0   1044.93335      4.98706  -6992.86357  -1.0989394  -7.4887784  -0.1782161 2026 01 14 10 33 34.67
0   1022.50441   -144.74640  -6994.85455  -1.1438617  -7.4839466  -0.0208746 2026 01 14 10 33 54.67
0    999.18230   -294.34848  -6993.69857  -1.1882523  -7.4756426   0.1364650 2026 01 14 10 34 14.67
0    974.97793   -443.74981  -6989.39639  -1.2320816  -7.4638723   0.2937330 2026 01 14 10 34 34.67
0    949.90283   -592.88113  -6981.95012  -1.2753202  -7.4486428   0.4508596 2026 01 14 10 34 54.67
0    923.96912   -741.67334  -6971.36329  -1.3179387  -7.4299631   0.6077755 2026 01 14 10 35 14.67
0    897.18947   -890.05752  -6957.64082  -1.3599085  -7.4078435   0.7644110 2026 01 14 10 35 34.67
0    869.57715  -1037.96501  -6940.78899  -1.4012008  -7.3822960   0.9206969 2026 01 14 10 35 54.67
0    841.14599  -1185.32738  -6920.81550  -1.4417875  -7.3533341   1.0765640 2026 01 14 10 36 14.67
0    811.91038  -1332.07648  -6897.72942  -1.4816407  -7.3209728   1.2319433 2026 01 14 10 36 34.67
0    781.88528  -1478.14449  -6871.54118  -1.5207328  -7.2852287   1.3867659 2026 01 14 10 36 54.67
0    751.08617  -1623.46392  -6842.26260  -1.5590367  -7.2461199   1.5409635 2026 01 14 10 37 14.67
0    719.52909  -1767.96768  -6809.90688  -1.5965257  -7.2036659   1.6944676 2026 01 14 10 37 34.67
0    687.23059  -1911.58908  -6774.48856  -1.6331734  -7.1578879   1.8472103 2026 01 14 10 37 54.67
0    654.20778  -2054.26184  -6736.02354  -1.6689538  -7.1088085   1.9991239 2026 01 14 10 38 14.67
0    620.47824  -2195.92019  -6694.52910  -1.7038415  -7.0564518   2.1501411 2026 01 14 10 38 34.67
0    586.06008  -2336.49883  -6650.02381  -1.7378115  -7.0008432   2.3001948 2026 01 14 10 38 54.67
0    550.97191  -2475.93299  -6602.52763  -1.7708391  -6.9420100   2.4492185 2026 01 14 10 39 14.67
0    515.23282  -2614.15845  -6552.06182  -1.8029003  -6.8799805   2.5971461 2026 01 14 10 39 34.67
0    478.86236  -2751.11159  -6498.64895  -1.8339715  -6.8147847   2.7439118 2026 01 14 10 39 54.67
0    441.88058  -2886.72940  -6442.31291  -1.8640297  -6.7464541   2.8894505 2026 01 14 10 40 14.67
0    404.30795  -3020.94950  -6383.07891  -1.8930522  -6.6750213   3.0336973 2026 01 14 10 40 34.67
0    366.16542  -3153.71018  -6320.97342  -1.9210172  -6.6005206   3.1765881 2026 01 14 10 40 54.67
0    327.47434  -3284.95045  -6256.02419  -1.9479030  -6.5229876   3.3180592 2026 01 14 10 41 14.67
0    288.25652  -3414.61003  -6188.26026  -1.9736890  -6.4424594   3.4580477 2026 01 14 10 41 34.67
0    248.53415  -3542.62938  -6117.71190  -1.9983548  -6.3589742   3.5964909 2026 01 14 10 41 54.67
0    208.32983  -3668.94977  -6044.41065  -2.0218806  -6.2725717   3.7333271 2026 01 14 10 42 14.67
0    167.66657  -3793.51327  -5968.38925  -2.0442475  -6.1832932   3.8684952 2026 01 14 10 42 34.67
0    126.56771  -3916.26276  -5889.68167  -2.0654369  -6.0911808   4.0019346 2026 01 14 10 42 54.67
0     85.05700  -4037.14201  -5808.32309  -2.0854310  -5.9962783   4.1335856 2026 01 14 10 43 14.67
0     43.15850  -4156.09566  -5724.34987  -2.1042126  -5.8986306   4.2633892 2026 01 14 10 43 34.67
0      0.89664  -4273.06927  -5637.79955  -2.1217652  -5.7982840   4.3912871 2026 01 14 10 43 54.67
0    -41.70384  -4388.00934  -5548.71081  -2.1380730  -5.6952860   4.5172218 2026 01 14 10 44 14.67
0    -84.61790  -4500.86332  -5457.12348  -2.1531208  -5.5896852   4.6411368 2026 01 14 10 44 34.67
0   -127.82019  -4611.57966  -5363.07852  -2.1668941  -5.4815316   4.7629761 2026 01 14 10 44 54.67
0   -171.28508  -4720.10781  -5266.61801  -2.1793791  -5.3708764   4.8826849 2026 01 14 10 45 14.67
0   -214.98667  -4826.39825  -5167.78508  -2.1905628  -5.2577718   5.0002090 2026 01 14 10 45 34.67
0   -258.89881  -4930.40254  -5066.62397  -2.2004329  -5.1422712   5.1154954 2026 01 14 10 45 54.67
0   -302.99511  -5032.07330  -4963.17996  -2.2089777  -5.0244293   5.2284919 2026 01 14 10 46 14.67
0   -347.24897  -5131.36426  -4857.49936  -2.2161864  -4.9043016   5.3391472 2026 01 14 10 46 34.67
0   -391.63354  -5228.23027  -4749.62950  -2.2220490  -4.7819450   5.4474112 2026 01 14 10 46 54.67
0   -436.12182  -5322.62732  -4639.61869  -2.2265560  -4.6574172   5.5532346 2026 01 14 10 47 14.67
0   -480.68661  -5414.51259  -4527.51624  -2.2296988  -4.5307771   5.6565692 2026 01 14 10 47 34.67
0   -525.30055  -5503.84442  -4413.37240  -2.2314699  -4.4020844   5.7573679 2026 01 14 10 47 54.67
0   -569.93612  -5590.58238  -4297.23834  -2.2318620  -4.2714001   5.8555848 2026 01 14 10 48 14.67
0   -614.56569  -5674.68724  -4179.16615  -2.2308690  -4.1387859   5.9511749 2026 01 14 10 48 34.67
0   -659.16150  -5756.12104  -4059.20881  -2.2284856  -4.0043045   6.0440945 2026 01 14 10 48 54.67
0   -703.69569  -5834.84706  -3937.42016  -2.2247070  -3.8680195   6.1343009 2026 01 14 10 49 14.67
0   -748.14033  -5910.82988  -3813.85487  -2.2195296  -3.7299953   6.2217526 2026 01 14 10 49 34.67
0   -792.46740  -5984.03537  -3688.56845  -2.2129502  -3.5902972   6.3064095 2026 01 14 10 49 54.67
0   -836.64885  -6054.43071  -3561.61718  -2.2049669  -3.4489914   6.3882326 2026 01 14 10 50 14.67
0   -880.65657  -6121.98442  -3433.05812  -2.1955783  -3.3061448   6.4671840 2026 01 14 10 50 34.67
0   -924.46246  -6186.66635  -3302.94907  -2.1847838  -3.1618249   6.5432273 2026 01 14 10 50 54.67
0   -968.03841  -6248.44773  -3171.34855  -2.1725839  -3.0161001   6.6163272 2026 01 14 10 51 14.67
0  -1011.35631  -6307.30114  -3038.31576  -2.1589796  -2.8690395   6.6864498 2026 01 14 10 51 34.67
0  -1054.38809  -6363.20057  -2903.91058  -2.1439731  -2.7207128   6.7535624 2026 01 14 10 51 54.67
0  -1097.10575  -6416.12139  -2768.19353  -2.1275671  -2.5711903   6.8176339 2026 01 14 10 52 14.67
0  -1139.48133  -6466.04041  -2631.22572  -2.1097655  -2.4205427   6.8786343 2026 01 14 10 52 34.67
0  -1181.48695  -6512.93583  -2493.06886  -2.0905727  -2.2688417   6.9365350 2026 01 14 10 52 54.67
0  -1223.09485  -6556.78730  -2353.78523  -2.0699940  -2.1161592   6.9913088 2026 01 14 10 53 14.67
0  -1264.27737  -6597.57592  -2213.43762  -2.0480359  -1.9625676   7.0429302 2026 01 14 10 53 34.67
0  -1305.00700  -6635.28424  -2072.08932  -2.0247053  -1.8081397   7.0913746 2026 01 14 10 53 54.67
0  -1345.25635  -6669.89626  -1929.80410  -2.0000102  -1.6529490   7.1366192 2026 01 14 10 54 14.67
0  -1384.99824  -6701.39746  -1786.64618  -1.9739593  -1.4970690   7.1786426 2026 01 14 10 54 34.67
0  -1424.20563  -6729.77480  -1642.68017  -1.9465622  -1.3405739   7.2174248 2026 01 14 10 54 54.67
0  -1462.85171  -6755.01672  -1497.97110  -1.9178294  -1.1835378   7.2529472 2026 01 14 10 55 14.67
0  -1500.90987  -6777.11314  -1352.58432  -1.8877721  -1.0260354   7.2851928 2026 01 14 10 55 34.67
0  -1538.35374  -6796.05549  -1206.58554  -1.8564025  -0.8681414   7.3141460 2026 01 14 10 55 54.67
0  -1575.15721  -6811.83668  -1060.04074  -1.8237334  -0.7099310   7.3397929 2026 01 14 10 56 14.67
0  -1611.29443  -6824.45114   -913.01617  -1.7897786  -0.5514792   7.3621209 2026 01 14 10 56 34.67
0  -1646.73981  -6833.89478   -765.57832  -1.7545527  -0.3928612   7.3811190 2026 01 14 10 56 54.67
0  -1681.46810  -6840.16505   -617.79389  -1.7180709  -0.2341524   7.3967777 2026 01 14 10 57 14.67
0  -1715.45433  -6843.26088   -469.72975  -1.6803495  -0.0754282   7.4090891 2026 01 14 10 57 34.67
0  -1748.67389  -6843.18270   -321.45291  -1.6414054   0.0832360   7.4180468 2026 01 14 10 57 54.67
0  -1781.10249  -6839.93248   -173.03048  -1.6012563   0.2417650   7.4236459 2026 01 14 10 58 14.67
0  -1812.71621  -6833.51367    -24.52969  -1.5599208   0.4000835   7.4258832 2026 01 14 10 58 34.67
0  -1843.49153  -6823.93124    123.98222  -1.5174181   0.5581163   7.4247568 2026 01 14 10 58 54.67
0  -1873.40530  -6811.19164    272.43796  -1.4737683   0.7157886   7.4202666 2026 01 14 10 59 14.67
0  -1902.43477  -6795.30283    420.77028  -1.4289922   0.8730255   7.4124139 2026 01 14 10 59 34.67
0  -1930.55765  -6776.27426    568.91195  -1.3831112   1.0297524   7.4012017 2026 01 14 10 59 54.67
0  -1957.75205  -6754.11689    716.79583  -1.3361477   1.1858952   7.3866345 2026 01 14 11 00 14.67
0  -1983.99654  -6728.84312    864.35486  -1.2881246   1.3413798   7.3687182 2026 01 14 11 00 34.67
0  -2009.27018  -6700.46687   1011.52215  -1.2390655   1.4961327   7.3474604 2026 01 14 11 00 54.67
0  -2033.55249  -6669.00349   1158.23095  -1.1889949   1.6500806   7.3228703 2026 01 14 11 01 14.67
0  -2056.82349  -6634.46981   1304.41473  -1.1379378   1.8031507   7.2949585 2026 01 14 11 01 34.67
0  -2079.06369  -6596.88412   1450.00716  -1.0859198   1.9552706   7.2637373 2026 01 14 11 01 54.67
0  -2100.25415  -6556.26613   1594.94219  -1.0329674   2.1063686   7.2292205 2026 01 14 11 02 14.67
0  -2120.37645  -6512.63699   1739.15407  -0.9791076   2.2563734   7.1914232 2026 01 14 11 02 34.67
0  -2139.41271  -6466.01928   1882.57735  -0.9243680   2.4052141   7.1503623 2026 01 14 11 02 54.67
0  -2157.34562  -6416.43699   2025.14693  -0.8687767   2.5528207   7.1060562 2026 01 14 11 03 14.67
0  -2174.15844  -6363.91548   2166.79811  -0.8123628   2.6991236   7.0585246 2026 01 14 11 03 34.67
0  -2189.83499  -6308.48152   2307.46659  -0.7551554   2.8440542   7.0077888 2026 01 14 11 03 54.67
0  -2204.35972  -6250.16324   2447.08852  -0.6971847   2.9875442   6.9538717 2026 01 14 11 04 14.67
0  -2217.71765  -6188.99012   2585.60049  -0.6384811   3.1295263   6.8967976 2026 01 14 11 04 34.67
0  -2229.89444  -6124.99300   2722.93964  -0.5790757   3.2699339   6.8365921 2026 01 14 11 04 54.67
0  -2240.87638  -6058.20400   2859.04359  -0.5190000   3.4087014   6.7732824 2026 01 14 11 05 14.67
0  -2250.65036  -5988.65660   2993.85056  -0.4582860   3.5457637   6.7068971 2026 01 14 11 05 34.67
0  -2259.20395  -5916.38552   3127.29932  -0.3969663   3.6810570   6.6374664 2026 01 14 11 05 54.67
0  -2266.52537  -5841.42679   3259.32927  -0.3350739   3.8145179   6.5650215 2026 01 14 11 06 14.67
0  -2272.60350  -5763.81768   3389.88047  -0.2726422   3.9460844   6.4895953 2026 01 14 11 06 34.67
0  -2277.42787  -5683.59669   3518.89362  -0.2097050   4.0756953   6.4112220 2026 01 14 11 06 54.67
0  -2280.98874  -5600.80352   3646.31013  -0.1462966   4.2032903   6.3299371 2026 01 14 11 07 14.67
0  -2283.27701  -5515.47910   3772.07214  -0.0824516   4.3288102   6.2457775 2026 01 14 11 07 34.67
0  -2284.28431  -5427.66551   3896.12253  -0.0182050   4.4521970   6.1587815 2026 01 14 11 07 54.67
0  -2284.00295  -5337.40598   4018.40496   0.0464078   4.5733937   6.0689884 2026 01 14 11 08 14.67
0  -2282.42597  -5244.74488   4138.86391   0.1113513   4.6923442   5.9764390 2026 01 14 11 08 34.67
0  -2279.54711  -5149.72768   4257.44465   0.1765894   4.8089938   5.8811753 2026 01 14 11 08 54.67
0  -2275.36084  -5052.40093   4374.09334   0.2420859   4.9232888   5.7832407 2026 01 14 11 09 14.67
0  -2269.86237  -4952.81226   4488.75699   0.3078042   5.0351769   5.6826795 2026 01 14 11 09 34.67
0  -2263.04761  -4851.01031   4601.38353   0.3737076   5.1446069   5.5795374 2026 01 14 11 09 54.67
0  -2254.91324  -4747.04475   4711.92182   0.4397590   5.2515286   5.4738613 2026 01 14 11 10 14.67
0  -2245.45667  -4640.96624   4820.32163   0.5059214   5.3558935   5.3656990 2026 01 14 11 10 34.67
0  -2234.67605  -4532.82638   4926.53374   0.5721573   5.4576540   5.2550998 2026 01 14 11 10 54.67
0  -2222.57029  -4422.67774   5030.50992   0.6384292   5.5567641   5.1421137 2026 01 14 11 11 14.67
0  -2209.13904  -4310.57377   5132.20292   0.7046993   5.6531788   5.0267921 2026 01 14 11 11 34.67
0  -2194.38272  -4196.56881   5231.56657   0.7709299   5.7468547   4.9091872 2026 01 14 11 11 54.67
0  -2178.30250  -4080.71806   5328.55573   0.8370831   5.8377497   4.7893524 2026 01 14 11 12 14.67
0  -2160.90030  -3963.07756   5423.12634   0.9031208   5.9258230   4.6673420 2026 01 14 11 12 34.67
0  -2142.17881  -3843.70413   5515.23544   0.9690051   6.0110353   4.5432114 2026 01 14 11 12 54.67
0  -2122.14149  -3722.65538   5604.84119   1.0346978   6.0933486   4.4170167 2026 01 14 11 13 14.67
0  -2100.79255  -3599.98966   5691.90288   1.1001608   6.1727263   4.2888152 2026 01 14 11 13 34.67
0  -2078.13695  -3475.76602   5776.38094   1.1653560   6.2491335   4.1586649 2026 01 14 11 13 54.67
0  -2054.18045  -3350.04423   5858.23699   1.2302455   6.3225364   4.0266248 2026 01 14 11 14 14.67
0  -2028.92952  -3222.88468   5937.43384   1.2947910   6.3929029   3.8927546 2026 01 14 11 14 34.67
0  -2002.39144  -3094.34843   6013.93547   1.3589547   6.4602024   3.7571149 2026 01 14 11 14 54.67
0  -1974.57422  -2964.49709   6087.70713   1.4226987   6.5244056   3.6197671 2026 01 14 11 15 14.67
0  -1945.48662  -2833.39289   6158.71525   1.4859852   6.5854849   3.4807732 2026 01 14 11 15 34.67
0  -1915.13819  -2701.09855   6226.92756   1.5487766   6.6434140   3.3401962 2026 01 14 11 15 54.67
0  -1883.53918  -2567.67734   6292.31302   1.6110354   6.6981684   3.1980997 2026 01 14 11 16 14.67
0  -1850.70064  -2433.19299   6354.84188   1.6727242   6.7497249   3.0545477 2026 01 14 11 16 34.67
0  -1816.63432  -2297.70967   6414.48568   1.7338060   6.7980619   2.9096053 2026 01 14 11 16 54.67
0  -1781.35275  -2161.29197   6471.21727   1.7942438   6.8431594   2.7633378 2026 01 14 11 17 14.67
0  -1744.86916  -2024.00487   6525.01081   1.8540010   6.8849989   2.6158114 2026 01 14 11 17 34.67
0  -1707.19753  -1885.91370   6575.84177   1.9130410   6.9235636   2.4670926 2026 01 14 11 17 54.67
0  -1668.35258  -1747.08412   6623.68700   1.9713278   6.9588380   2.3172487 2026 01 14 11 18 14.67
0  -1628.34972  -1607.58208   6668.52465   2.0288255   6.9908084   2.1663472 2026 01 14 11 18 34.67
0  -1587.20510  -1467.47377   6710.33427   2.0854985   7.0194626   2.0144564 2026 01 14 11 18 54.67
0  -1544.93555  -1326.82563   6749.09674   2.1413116   7.0447899   1.8616447 2026 01 14 11 19 14.67
0  -1501.55863  -1185.70430   6784.79434   2.1962299   7.0667813   1.7079811 2026 01 14 11 19 34.67
0  -1457.09257  -1044.17656   6817.41074   2.2502189   7.0854294   1.5535350 2026 01 14 11 19 54.67
0  -1411.55631   -902.30934   6846.93096   2.3032445   7.1007283   1.3983762 2026 01 14 11 20 14.67
0  -1364.96946   -760.16969   6873.34146   2.3552731   7.1126736   1.2425745 2026 01 14 11 20 34.67
0  -1317.35228   -617.82469   6896.63009   2.4062712   7.1212626   1.0862004 2026 01 14 11 20 54.67
0  -1268.72571   -475.34148   6916.78609   2.4562062   7.1264943   0.9293243 2026 01 14 11 21 14.67
0  -1219.11134   -332.78721   6933.80015   2.5050456   7.1283692   0.7720173 2026 01 14 11 21 34.67
0  -1168.53140   -190.22900   6947.66435   2.5527576   7.1268891   0.6143501 2026 01 14 11 21 54.67
0  -1117.00876    -47.73392   6958.37221   2.5993108   7.1220579   0.4563941 2026 01 14 11 22 14.67
0  -1064.56689     94.63107   6965.91865   2.6446744   7.1138806   0.2982206 2026 01 14 11 22 34.67
0  -1011.22990    236.79910   6970.30004   2.6888181   7.1023641   0.1399009 2026 01 14 11 22 54.67
0   -957.02248    378.70348   6971.51418   2.7317121   7.0875167  -0.0184932 2026 01 14 11 23 14.67
0   -901.96992    520.27768   6969.56029   2.7733272   7.0693483  -0.1768904 2026 01 14 11 23 34.67
0   -846.09808    661.45540   6964.43903   2.8136349   7.0478703  -0.3352190 2026 01 14 11 23 54.67
0   -789.43340    802.17057   6956.15249   2.8526073   7.0230960  -0.4934073 2026 01 14 11 24 14.67
0   -732.00284    942.35741   6944.70418   2.8902169   6.9950397  -0.6513839 2026 01 14 11 24 34.67
0   -673.83394   1081.95044   6930.09906   2.9264371   6.9637176  -0.8090772 2026 01 14 11 24 54.67
0   -614.95474   1220.88451   6912.34350   2.9612419   6.9291474  -0.9664159 2026 01 14 11 25 14.67
0   -555.39380   1359.09486   6891.44531   2.9946060   6.8913482  -1.1233286 2026 01 14 11 25 34.67
0   -495.18020   1496.51711   6867.41373   3.0265046   6.8503408  -1.2797444 2026 01 14 11 25 54.67
0   -434.34347   1633.08732   6840.25939   3.0569138   6.8061473  -1.4355923 2026 01 14 11 26 14.67
0   -372.91364   1768.74199   6809.99437   3.0858104   6.7587914  -1.5908016 2026 01 14 11 26 34.67
0   -310.92119   1903.41813   6776.63214   3.1131720   6.7082983  -1.7453019 2026 01 14 11 26 54.67
0   -248.39704   2037.05327   6740.18758   3.1389768   6.6546947  -1.8990230 2026 01 14 11 27 14.67
0   -185.37252   2169.58546   6700.67698   3.1632038   6.5980087  -2.0518952 2026 01 14 11 27 34.67
0   -121.87941   2300.95336   6658.11801   3.1858330   6.5382698  -2.2038488 2026 01 14 11 27 54.67
0    -57.94985   2431.09621   6612.52973   3.2068449   6.4755091  -2.3548148 2026 01 14 11 28 14.67
0      6.38363   2559.95391   6563.93257   3.2262211   6.4097590  -2.5047245 2026 01 14 11 28 34.67
0     71.08813   2687.46700   6512.34836   3.2439437   6.3410533  -2.6535096 2026 01 14 11 28 54.67
0    136.13042   2813.57671   6457.80026   3.2599959   6.2694273  -2.8011023 2026 01 14 11 29 14.67
0    201.47691   2938.22502   6400.31279   3.2743617   6.1949176  -2.9474352 2026 01 14 11 29 34.67
0    267.09374   3061.35461   6339.91182   3.2870259   6.1175621  -3.0924417 2026 01 14 11 29 54.67
0    332.94673   3182.90897   6276.62453   3.2979743   6.0374003  -3.2360553 2026 01 14 11 30 14.67
0    399.00141   3302.83237   6210.47945   3.3071934   5.9544727  -3.3782106 2026 01 14 11 30 34.67
0    465.22309   3421.06991   6141.50638   3.3146708   5.8688212  -3.5188425 2026 01 14 11 30 54.67
0    531.57681   3537.56756   6069.73645   3.3203948   5.7804893  -3.6578865 2026 01 14 11 31 14.67
0    598.02739   3652.27213   5995.20203   3.3243549   5.6895213  -3.7952791 2026 01 14 11 31 34.67
0    664.53946   3765.13137   5917.93681   3.3265413   5.5959630  -3.9309572 2026 01 14 11 31 54.67
0    731.07746   3876.09394   5837.97568   3.3269452   5.4998615  -4.0648585 2026 01 14 11 32 14.67
0    797.60565   3985.10946   5755.35479   3.3255588   5.4012649  -4.1969217 2026 01 14 11 32 34.67
0    864.08815   4092.12850   5670.11153   3.3223752   5.3002227  -4.3270860 2026 01 14 11 32 54.67
0    930.48897   4197.10268   5582.28446   3.3173885   5.1967855  -4.4552915 2026 01 14 11 33 14.67
0    996.77199   4299.98458   5491.91335   3.3105938   5.0910048  -4.5814793 2026 01 14 11 33 34.67
0   1062.90101   4400.72789   5399.03914   3.3019870   4.9829336  -4.7055912 2026 01 14 11 33 54.67
0   1128.83975   4499.28732   5303.70392   3.2915654   4.8726258  -4.8275702 2026 01 14 11 34 14.67
0   1194.55190   4595.61868   5205.95090   3.2793268   4.7601362  -4.9473598 2026 01 14 11 34 34.67
0   1260.00110   4689.67890   5105.82444   3.2652704   4.6455210  -5.0649049 2026 01 14 11 34 54.67
0   1325.15100   4781.42604   5003.36997   3.2493961   4.5288372  -5.1801511 2026 01 14 11 35 14.67
0   1389.96525   4870.81930   4898.63399   3.2317050   4.4101427  -5.2930452 2026 01 14 11 35 34.67
0   1454.40753   4957.81906   4791.66407   3.2121991   4.2894966  -5.4035350 2026 01 14 11 35 54.67
0   1518.44158   5042.38687   4682.50882   3.1908816   4.1669587  -5.5115695 2026 01 14 11 36 14.67
0   1582.03119   5124.48551   4571.21783   3.1677565   4.0425898  -5.6170985 2026 01 14 11 36 34.67
0   1645.14028   5204.07897   4457.84172   3.1428290   3.9164516  -5.7200733 2026 01 14 11 36 54.67
0   1707.73284   5281.13250   4342.43204   3.1161051   3.7886066  -5.8204460 2026 01 14 11 37 14.67
0   1769.77302   5355.61258   4225.04130   3.0875920   3.6591181  -5.9181703 2026 01 14 11 37 34.67
0   1831.22511   5427.48698   4105.72292   3.0572978   3.5280502  -6.0132007 2026 01 14 11 37 54.67
0   1892.05359   5496.72477   3984.53123   3.0252319   3.3954677  -6.1054933 2026 01 14 11 38 14.67
0   1952.22312   5563.29630   3861.52141   2.9914043   3.2614361  -6.1950051 2026 01 14 11 38 34.67
0   2011.69857   5627.17325   3736.74949   2.9558264   3.1260216  -6.2816947 2026 01 14 11 38 54.67
0   2070.44506   5688.32863   3610.27234   2.9185103   2.9892911  -6.3655218 2026 01 14 11 39 14.67
0   2128.42796   5746.73680   3482.14757   2.8794693   2.8513121  -6.4464474 2026 01 14 11 39 34.67
0   2185.61291   5802.37346   3352.43361   2.8387177   2.7121526  -6.5244342 2026 01 14 11 39 54.67
0   2241.96584   5855.21568   3221.18960   2.7962708   2.5718811  -6.5994458 2026 01 14 11 40 14.67
0   2297.45301   5905.24192   3088.47539   2.7521448   2.4305667  -6.6714474 2026 01 14 11 40 34.67
0   2352.04101   5952.43202   2954.35151   2.7063569   2.2882790  -6.7404057 2026 01 14 11 40 54.67
0   2405.69679   5996.76719   2818.87916   2.6589254   2.1450879  -6.8062887 2026 01 14 11 41 14.67
0   2458.38765   6038.23009   2682.12015   2.6098696   2.0010638  -6.8690658 2026 01 14 11 41 34.67
0   2510.08132   6076.80475   2544.13688   2.5592096   1.8562774  -6.9287080 2026 01 14 11 41 54.67
0   2560.74592   6112.47664   2404.99235   2.5069665   1.7107997  -6.9851877 2026 01 14 11 42 14.67
0   2610.35000   6145.23265   2264.75006   2.4531624   1.5647020  -7.0384789 2026 01 14 11 42 34.67
0   2658.86258   6175.06109   2123.47403   2.3978205   1.4180559  -7.0885568 2026 01 14 11 42 54.67
0   2706.25313   6201.95171   1981.22876   2.3409646   1.2709332  -7.1353985 2026 01 14 11 43 14.67
0   2752.49162   6225.89569   1838.07920   2.2826196   1.1234057  -7.1789823 2026 01 14 11 43 34.67
0   2797.54854   6246.88567   1694.09070   2.2228114   0.9755455  -7.2192884 2026 01 14 11 43 54.67
0   2841.39487   6264.91570   1549.32901   2.1615665   0.8274247  -7.2562982 2026 01 14 11 44 14.67
0   2884.00216   6279.98130   1403.86023   2.0989127   0.6791155  -7.2899949 2026 01 14 11 44 34.67
0   2925.34252   6292.07942   1257.75077   2.0348783   0.5306901  -7.3203633 2026 01 14 11 44 54.67
0   2965.38861   6301.20846   1111.06734   1.9694926   0.3822207  -7.3473894 2026 01 14 11 45 14.67
0   3004.11373   6307.36826    963.87691   1.9027857   0.2337792  -7.3710614 2026 01 14 11 45 34.67
0   3041.49174   6310.56010    816.24668   1.8347886   0.0854378  -7.3913685 2026 01 14 11 45 54.67
0   3077.49717   6310.78671    668.24402   1.7655331  -0.0627318  -7.4083020 2026 01 14 11 46 14.67
0   3112.10516   6308.05222    519.93650   1.6950516  -0.2106579  -7.4218543 2026 01 14 11 46 34.67
0   3145.29153   6302.36223    371.39180   1.6233774  -0.3582691  -7.4320200 2026 01 14 11 46 54.67
0   3177.03278   6293.72376    222.67768   1.5505448  -0.5054943  -7.4387948 2026 01 14 11 47 14.67
0   3207.30606   6282.14522     73.86201   1.4765883  -0.6522625  -7.4421762 2026 01 14 11 47 34.67
0   3236.08927   6267.63647    -74.98735   1.4015436  -0.7985033  -7.4421634 2026 01 14 11 47 54.67
0   3263.36099   6250.20875   -223.80250   1.3254469  -0.9441465  -7.4387571 2026 01 14 11 48 14.67
0   3289.10056   6229.87472   -372.51561   1.2483350  -1.0891223  -7.4319596 2026 01 14 11 48 34.67
0   3313.28804   6206.64842   -521.05889   1.1702456  -1.2333616  -7.4217749 2026 01 14 11 48 54.67
0   3335.90427   6180.54527   -669.36464   1.0912167  -1.3767955  -7.4082086 2026 01 14 11 49 14.67
0   3356.93085   6151.58205   -817.36529   1.0112871  -1.5193558  -7.3912678 2026 01 14 11 49 34.67
0   3376.35015   6119.77693   -964.99346   0.9304963  -1.6609746  -7.3709612 2026 01 14 11 49 54.67
0   3394.14535   6085.14940  -1112.18191   0.8488843  -1.8015851  -7.3472992 2026 01 14 11 50 14.67
0   3410.30042   6047.72031  -1258.86366   0.7664914  -1.9411205  -7.3202937 2026 01 14 11 50 34.67
0   3424.80017   6007.51179  -1404.97196   0.6833588  -2.0795152  -7.2899582 2026 01 14 11 50 54.67
0   3437.63021   5964.54734  -1550.44038   0.5995280  -2.2167040  -7.2563076 2026 01 14 11 51 14.67
0   3448.77699   5918.85170  -1695.20276   0.5150409  -2.3526225  -7.2193587 2026 01 14 11 51 34.67
0   3458.22782   5870.45093  -1839.19333   0.4299402  -2.4872071  -7.1791296 2026 01 14 11 51 54.67
0   3465.97085   5819.37233  -1982.34667   0.3442686  -2.6203949  -7.1356398 2026 01 14 11 52 14.67
0   3471.99510   5765.64446  -2124.59778   0.2580695  -2.7521240  -7.0889107 2026 01 14 11 52 34.67
0   3476.29045   5709.29710  -2265.88209   0.1713866  -2.8823333  -7.0389648 2026 01 14 11 52 54.67
0   3478.84767   5650.36127  -2406.13551   0.0842640  -3.0109624  -6.9858264 2026 01 14 11 53 14.67
0   3479.65841   5588.86915  -2545.29445  -0.0032540  -3.1379520  -6.9295211 2026 01 14 11 53 34.67
0   3478.71520   5524.85412  -2683.29583  -0.0911226  -3.2632438  -6.8700759 2026 01 14 11 53 54.67
0   3476.01149   5458.35072  -2820.07715  -0.1792968  -3.3867803  -6.8075194 2026 01 14 11 54 14.67
0   3471.54162   5389.39461  -2955.57647  -0.2677314  -3.5085050  -6.7418817 2026 01 14 11 54 34.67
0   3465.30082   5318.02260  -3089.73247  -0.3563808  -3.6283627  -6.6731939 2026 01 14 11 54 54.67
0   3457.28527   5244.27255  -3222.48450  -0.4451994  -3.7462990  -6.6014889 2026 01 14 11 55 14.67
0   3447.49203   5168.18345  -3353.77253  -0.5341412  -3.8622605  -6.5268008 2026 01 14 11 55 34.67
0   3435.91910   5089.79530  -3483.53726  -0.6231603  -3.9761953  -6.4491650 2026 01 14 11 55 54.67
0   3422.56541   5009.14915  -3611.72010  -0.7122102  -4.0880521  -6.3686183 2026 01 14 11 56 14.67
0   3407.43080   4926.28707  -3738.26322  -0.8012449  -4.1977811  -6.2851988 2026 01 14 11 56 34.67
0   3390.51602   4841.25209  -3863.10955  -0.8902178  -4.3053337  -6.1989458 2026 01 14 11 56 54.67
0   3371.82280   4754.08823  -3986.20281  -0.9790824  -4.4106622  -6.1098999 2026 01 14 11 57 14.67
0   3351.35375   4664.84042  -4107.48759  -1.0677923  -4.5137204  -6.0181029 2026 01 14 11 57 34.67
0   3329.11243   4573.55454  -4226.90927  -1.1563010  -4.6144631  -5.9235980 2026 01 14 11 57 54.67
0   3305.10335   4480.27732  -4344.41415  -1.2445619  -4.7128465  -5.8264294 2026 01 14 11 58 14.67
0   3279.33190   4385.05639  -4459.94939  -1.3325285  -4.8088280  -5.7266424 2026 01 14 11 58 34.67
0   3251.80446   4287.94020  -4573.46310  -1.4201544  -4.9023662  -5.6242836 2026 01 14 11 58 54.67
0   3222.52829   4188.97800  -4684.90432  -1.5073932  -4.9934213  -5.5194006 2026 01 14 11 59 14.67
0   3191.51159   4088.21986  -4794.22305  -1.5941988  -5.0819544  -5.4120422 2026 01 14 11 59 34.67
0   3158.76350   3985.71660  -4901.37027  -1.6805251  -5.1679281  -5.3022582 2026 01 14 11 59 54.67
0   3124.29405   3881.51975  -5006.29798  -1.7663260  -5.2513065  -5.1900994 2026 01 14 12 00 14.67
0   3088.11422   3775.68157  -5108.95920  -1.8515558  -5.3320547  -5.0756176 2026 01 14 12 00 34.67
0   3050.23588   3668.25501  -5209.30800  -1.9361689  -5.4101395  -4.9588656 2026 01 14 12 00 54.67
0   3010.67182   3559.29366  -5307.29952  -2.0201201  -5.4855289  -4.8398973 2026 01 14 12 01 14.67
0   2969.43574   3448.85172  -5402.88996  -2.1033641  -5.5581922  -4.7187674 2026 01 14 12 01 34.67
0   2926.54221   3336.98402  -5496.03665  -2.1858562  -5.6281003  -4.5955313 2026 01 14 12 01 54.67
0   2882.00672   3223.74594  -5586.69804  -2.2675518  -5.6952254  -4.4702457 2026 01 14 12 02 14.67
0   2835.84566   3109.19340  -5674.83369  -2.3484067  -5.7595409  -4.3429677 2026 01 14 12 02 34.67
0   2788.07626   2993.38285  -5760.40435  -2.4283769  -5.8210220  -4.2137556 2026 01 14 12 02 54.67
0   2738.71666   2876.37122  -5843.37192  -2.5074191  -5.8796450  -4.0826683 2026 01 14 12 03 14.67
0   2687.78586   2758.21588  -5923.69949  -2.5854900  -5.9353878  -3.9497655 2026 01 14 12 03 34.67
0   2635.30370   2638.97466  -6001.35135  -2.6625469  -5.9882296  -3.8151075 2026 01 14 12 03 54.67
0   2581.29089   2518.70577  -6076.29301  -2.7385474  -6.0381511  -3.6787555 2026 01 14 12 04 14.67
0   2525.76897   2397.46779  -6148.49121  -2.8134497  -6.0851345  -3.5407713 2026 01 14 12 04 34.67
0   2468.76033   2275.31966  -6217.91391  -2.8872123  -6.1291632  -3.4012174 2026 01 14 12 04 54.67
0   2410.28818   2152.32062  -6284.53037  -2.9597943  -6.1702224  -3.2601568 2026 01 14 12 05 14.67
0   2350.37651   2028.53020  -6348.31107  -3.0311553  -6.2082983  -3.1176531 2026 01 14 12 05 34.67
0   2289.05017   1904.00818  -6409.22781  -3.1012554  -6.2433789  -2.9737707 2026 01 14 12 05 54.67
0   2226.33475   1778.81459  -6467.25364  -3.1700551  -6.2754535  -2.8285743 2026 01 14 12 06 14.67
0   2162.25666   1653.00964  -6522.36294  -3.2375157  -6.3045128  -2.6821292 2026 01 14 12 06 34.67
0   2096.84306   1526.65371  -6574.53140  -3.3035989  -6.3305490  -2.5345011 2026 01 14 12 06 54.67
0   2030.12187   1399.80733  -6623.73600  -3.3682671  -6.3535557  -2.3857562 2026 01 14 12 07 14.67
0   1962.12177   1272.53115  -6669.95509  -3.4314833  -6.3735279  -2.2359612 2026 01 14 12 07 34.67
0   1892.87217   1144.88589  -6713.16833  -3.4932111  -6.3904622  -2.0851831 2026 01 14 12 07 54.67
0   1822.40318   1016.93234  -6753.35673  -3.5534148  -6.4043564  -1.9334893 2026 01 14 12 08 14.67
0   1750.74564    888.73130  -6790.50264  -3.6120593  -6.4152098  -1.7809476 2026 01 14 12 08 34.67
0   1677.93109    760.34359  -6824.58980  -3.6691103  -6.4230232  -1.6276260 2026 01 14 12 08 54.67
0   1603.99173    631.82999  -6855.60328  -3.7245340  -6.4277987  -1.4735929 2026 01 14 12 09 14.67
0   1528.96043    503.25122  -6883.52954  -3.7782976  -6.4295399  -1.3189168 2026 01 14 12 09 34.67
0   1452.87073    374.66793  -6908.35642  -3.8303687  -6.4282516  -1.1636666 2026 01 14 12 09 54.67
0   1375.75678    246.14064  -6930.07310  -3.8807160  -6.4239403  -1.0079114 2026 01 14 12 10 14.67
0   1297.65338    117.72974  -6948.67019  -3.9293088  -6.4166137  -0.8517203 2026 01 14 12 10 34.67
0   1218.59591    -10.50455  -6964.13967  -3.9761172  -6.4062808  -0.6951628 2026 01 14 12 10 54.67
0   1138.62036   -138.50221  -6976.47489  -4.0211120  -6.3929522  -0.5383083 2026 01 14 12 11 14.67
0   1057.76327   -266.20344  -6985.67061  -4.0642650  -6.3766396  -0.3812264 2026 01 14 12 11 34.67
0    976.06177   -393.54869  -6991.72298  -4.1055487  -6.3573564  -0.2239867 2026 01 14 12 11 54.67
0    893.55351   -520.47868  -6994.62954  -4.1449365  -6.3351169  -0.0666590 2026 01 14 12 12 14.67
0    810.27667   -646.93446  -6994.38923  -4.1824027  -6.3099372   0.0906870 2026 01 14 12 12 34.67
0    726.26992   -772.85738  -6991.00238  -4.2179222  -6.2818343   0.2479818 2026 01 14 12 12 54.67
0    641.57245   -898.18915  -6984.47071  -4.2514713  -6.2508267   0.4051555 2026 01 14 12 13 14.67
0    556.22390  -1022.87190  -6974.79733  -4.2830267  -6.2169344   0.5621386 2026 01 14 12 13 34.67
0    470.26436  -1146.84811  -6961.98675  -4.3125662  -6.1801784   0.7188617 2026 01 14 12 13 54.67
0    383.73436  -1270.06075  -6946.04487  -4.3400687  -6.1405811   0.8752554 2026 01 14 12 14 14.67
0    296.67486  -1392.45322  -6926.97897  -4.3655137  -6.0981661   1.0312503 2026 01 14 12 14 34.67
0    209.12720  -1513.96941  -6904.79772  -4.3888819  -6.0529584   1.1867776 2026 01 14 12 14 54.67
0    121.13310  -1634.55373  -6879.51115  -4.4101549  -6.0049840   1.3417683 2026 01 14 12 15 14.67
0     32.73465  -1754.15111  -6851.13069  -4.4293152  -5.9542705   1.4961538 2026 01 14 12 15 34.67
0    -56.02575  -1872.70706  -6819.66912  -4.4463464  -5.9008464   1.6498658 2026 01 14 12 15 54.67
0   -145.10534  -1990.16766  -6785.14059  -4.4612331  -5.8447416   1.8028362 2026 01 14 12 16 14.67
0   -234.46109  -2106.47959  -6747.56063  -4.4739606  -5.7859869   1.9549971 2026 01 14 12 16 34.67
0   -324.04969  -2221.59019  -6706.94608  -4.4845157  -5.7246146   2.1062813 2026 01 14 12 16 54.67
0   -413.82755  -2335.44743  -6663.31517  -4.4928859  -5.6606581   2.2566214 2026 01 14 12 17 14.67
0   -503.75086  -2447.99998  -6616.68743  -4.4990598  -5.5941518   2.4059510 2026 01 14 12 17 34.67
0   -593.77558  -2559.19717  -6567.08375  -4.5030271  -5.5251313   2.5542037 2026 01 14 12 17 54.67
0   -683.85750  -2668.98911  -6514.52632  -4.5047784  -5.4536334   2.7013136 2026 01 14 12 18 14.67
0   -773.95221  -2777.32661  -6459.03865  -4.5043057  -5.3796958   2.8472155 2026 01 14 12 18 34.67
0   -864.01516  -2884.16128  -6400.64556  -4.5016016  -5.3033574   2.9918443 2026 01 14 12 18 54.67
0   -954.00164  -2989.44548  -6339.37315  -4.4966603  -5.2246583   3.1351358 2026 01 14 12 19 14.67
0  -1043.86687  -3093.13242  -6275.24881  -4.4894765  -5.1436394   3.2770262 2026 01 14 12 19 34.67
0  -1133.56596  -3195.17611  -6208.30120  -4.4800466  -5.0603427   3.4174522 2026 01 14 12 19 54.67
0  -1223.05395  -3295.53144  -6138.56023  -4.4683676  -4.9748113   3.5563511 2026 01 14 12 20 14.67
0  -1312.28584  -3394.15414  -6066.05706  -4.4544378  -4.8870892   3.6936611 2026 01 14 12 20 34.67
0  -1401.21662  -3491.00085  -5990.82409  -4.4382568  -4.7972214   3.8293206 2026 01 14 12 20 54.67
0  -1489.80125  -3586.02911  -5912.89495  -4.4198249  -4.7052538   3.9632691 2026 01 14 12 21 14.67
0  -1577.99473  -3679.19739  -5832.30444  -4.3991439  -4.6112333   4.0954466 2026 01 14 12 21 34.67
0  -1665.75211  -3770.46512  -5749.08859  -4.3762166  -4.5152076   4.2257938 2026 01 14 12 21 54.67
0  -1753.02851  -3859.79268  -5663.28460  -4.3510467  -4.4172255   4.3542522 2026 01 14 12 22 14.67
0  -1839.77910  -3947.14142  -5574.93081  -4.3236395  -4.3173364   4.4807642 2026 01 14 12 22 34.67
0  -1925.95922  -4032.47372  -5484.06672  -4.2940009  -4.2155907   4.6052728 2026 01 14 12 22 54.67
0  -2011.52430  -4115.75295  -5390.73297  -4.2621383  -4.1120397   4.7277220 2026 01 14 12 23 14.67
0  -2096.42994  -4196.94353  -5294.97130  -4.2280602  -4.0067352   4.8480566 2026 01 14 12 23 34.67
0  -2180.63194  -4276.01091  -5196.82455  -4.1917761  -3.8997300   4.9662223 2026 01 14 12 23 54.67
0  -2264.08627  -4352.92162  -5096.33663  -4.1532967  -3.7910777   5.0821656 2026 01 14 12 24 14.67
0  -2346.74915  -4427.64324  -4993.55251  -4.1126338  -3.6808324   5.1958341 2026 01 14 12 24 34.67
0  -2428.57703  -4500.14449  -4888.51822  -4.0698005  -3.5690492   5.3071764 2026 01 14 12 24 54.67
0  -2509.52665  -4570.39514  -4781.28078  -4.0248109  -3.4557835   5.4161418 2026 01 14 12 25 14.67
0  -2589.55503  -4638.36611  -4671.88822  -3.9776801  -3.3410917   5.5226810 2026 01 14 12 25 34.67
0  -2668.61951  -4704.02946  -4560.38957  -3.9284246  -3.2250307   5.6267453 2026 01 14 12 25 54.67
0  -2746.67777  -4767.35836  -4446.83478  -3.8770619  -3.1076578   5.7282874 2026 01 14 12 26 14.67
0  -2823.68785  -4828.32717  -4331.27479  -3.8236106  -2.9890313   5.8272609 2026 01 14 12 26 34.67
0  -2899.60818  -4886.91140  -4213.76140  -3.7680905  -2.8692095   5.9236207 2026 01 14 12 26 54.67
0  -2974.39758  -4943.08773  -4094.34733  -3.7105224  -2.7482518   6.0173225 2026 01 14 12 27 14.67
0  -3048.01532  -4996.83404  -3973.08619  -3.6509283  -2.6262176   6.1083235 2026 01 14 12 27 34.67
0  -3120.42111  -5048.12940  -3850.03240  -3.5893313  -2.5031670   6.1965819 2026 01 14 12 27 54.67
0  -3191.57513  -5096.95409  -3725.24122  -3.5257555  -2.3791605   6.2820570 2026 01 14 12 28 14.67
0  -3261.43805  -5143.28960  -3598.76872  -3.4602262  -2.2542590   6.3647096 2026 01 14 12 28 34.67
0  -3329.97106  -5187.11864  -3470.67173  -3.3927698  -2.1285238   6.4445013 2026 01 14 12 28 54.67
0  -3397.13590  -5228.42516  -3341.00784  -3.3234135  -2.0020164   6.5213955 2026 01 14 12 29 14.67
0  -3462.89486  -5267.19433  -3209.83536  -3.2521860  -1.8747988   6.5953564 2026 01 14 12 29 34.67
0  -3527.21080  -5303.41256  -3077.21329  -3.1791167  -1.7469332   6.6663498 2026 01 14 12 29 54.67
0  -3590.04719  -5337.06753  -2943.20132  -3.1042361  -1.6184820   6.7343426 2026 01 14 12 30 14.67
0  -3651.36812  -5368.14815  -2807.85978  -3.0275759  -1.4895079   6.7993032 2026 01 14 12 30 34.67
0  -3711.13833  -5396.64459  -2671.24962  -2.9491686  -1.3600737   6.8612013 2026 01 14 12 30 54.67
0  -3769.32320  -5422.54828  -2533.43237  -2.8690478  -1.2302426   6.9200079 2026 01 14 12 31 14.67
0  -3825.88882  -5445.85192  -2394.47015  -2.7872482  -1.1000775   6.9756954 2026 01 14 12 31 34.67
0  -3880.80195  -5466.54944  -2254.42561  -2.7038052  -0.9696419   7.0282378 2026 01 14 12 31 54.67
0  -3934.03010  -5484.63609  -2113.36188  -2.6187553  -0.8389990   7.0776102 2026 01 14 12 32 14.67
0  -3985.54151  -5500.10834  -1971.34262  -2.5321361  -0.7082121   7.1237893 2026 01 14 12 32 34.67
0  -4035.30516  -5512.96395  -1828.43189  -2.4439859  -0.5773445   7.1667533 2026 01 14 12 32 54.67
0  -4083.29084  -5523.20195  -1684.69422  -2.3543439  -0.4464597   7.2064816 2026 01 14 12 33 14.67
0  -4129.46910  -5530.82261  -1540.19450  -2.2632505  -0.3156208   7.2429555 2026 01 14 12 33 34.67
0  -4173.81132  -5535.82749  -1394.99800  -2.1707465  -0.1848910   7.2761574 2026 01 14 12 33 54.67
0  -4216.28972  -5538.21940  -1249.17033  -2.0768739  -0.0543333   7.3060713 2026 01 14 12 34 14.67
0  -4256.87735  -5538.00241  -1102.77738  -1.9816754   0.0759895   7.3326827 2026 01 14 12 34 34.67
0  -4295.54811  -5535.18185   -955.88534  -1.8851946   0.2060146   7.3559787 2026 01 14 12 34 54.67
0  -4332.27682  -5529.76429   -808.56063  -1.7874758   0.3356797   7.3759478 2026 01 14 12 35 14.67
0  -4367.03916  -5521.75756   -660.86989  -1.6885641   0.4649225   7.3925802 2026 01 14 12 35 34.67
0  -4399.81173  -5511.17072   -512.87995  -1.5885054   0.5936812   7.4058673 2026 01 14 12 35 54.67
0  -4430.57205  -5498.01407   -364.65777  -1.4873463   0.7218941   7.4158025 2026 01 14 12 36 14.67
0  -4459.29859  -5482.29914   -216.27045  -1.3851340   0.8495002   7.4223802 2026 01 14 12 36 34.67
0  -4485.97076  -5464.03867    -67.78518  -1.2819165   0.9764386   7.4255969 2026 01 14 12 36 54.67
0  -4510.56894  -5443.24662     80.73080  -1.1777425   1.1026488   7.4254503 2026 01 14 12 37 14.67
0  -4533.07450  -5419.93816    229.21021  -1.0726612   1.2280709   7.4219397 2026 01 14 12 37 34.67
0  -4553.46978  -5394.12963    377.58578  -0.9667224   1.3526455   7.4150660 2026 01 14 12 37 54.67
0  -4571.73814  -5365.83859    525.79027  -0.8599766   1.4763135   7.4048318 2026 01 14 12 38 14.67
0  -4587.86394  -5335.08375    673.75652  -0.7524748   1.5990166   7.3912410 2026 01 14 12 38 34.67
0  -4601.83259  -5301.88498    821.41743  -0.6442685   1.7206968   7.3742992 2026 01 14 12 38 54.67
0  -4613.63051  -5266.26332    968.70606  -0.5354098   1.8412970   7.3540136 2026 01 14 12 39 14.67
0  -4623.24518  -5228.24092   1115.55562  -0.4259512   1.9607604   7.3303927 2026 01 14 12 39 34.67
0  -4630.66511  -5187.84110   1261.89951  -0.3159456   2.0790313   7.3034469 2026 01 14 12 39 54.67
0  -4635.87992  -5145.08824   1407.67133  -0.2054463   2.1960542   7.2731879 2026 01 14 12 40 14.67
0  -4638.88026  -5100.00787   1552.80496  -0.0945073   2.3117746   7.2396289 2026 01 14 12 40 34.67
0  -4639.65788  -5052.62656   1697.23455   0.0168175   2.4261387   7.2027850 2026 01 14 12 40 54.67
0  -4638.20560  -5002.97197   1840.89455   0.1284734   2.5390934   7.1626723 2026 01 14 12 41 14.67
0  -4634.51736  -4951.07281   1983.71977   0.2404058   2.6505866   7.1193088 2026 01 14 12 41 34.67
0  -4628.58816  -4896.95884   2125.64538   0.3525595   2.7605668   7.0727139 2026 01 14 12 41 54.67
0  -4620.41414  -4840.66081   2266.60696   0.4648793   2.8689834   7.0229085 2026 01 14 12 42 14.67
0  -4609.99252  -4782.21049   2406.54052   0.5773095   2.9757867   6.9699148 2026 01 14 12 42 34.67
0  -4597.32167  -4721.64064   2545.38253   0.6897946   3.0809279   6.9137568 2026 01 14 12 42 54.67
0  -4582.40102  -4658.98499   2683.06996   0.8022785   3.1843592   6.8544598 2026 01 14 12 43 14.67
0  -4565.23118  -4594.27819   2819.54028   0.9147052   3.2860336   6.7920504 2026 01 14 12 43 34.67
0  -4545.81385  -4527.55585   2954.73154   1.0270187   3.3859052   6.7265570 2026 01 14 12 43 54.67
0  -4524.15184  -4458.85448   3088.58234   1.1391626   3.4839290   6.6580091 2026 01 14 12 44 14.67
0  -4500.24912  -4388.21147   3221.03190   1.2510808   3.5800610   6.5864378 2026 01 14 12 44 34.67
0  -4474.11076  -4315.66509   3352.02007   1.3627168   3.6742583   6.5118754 2026 01 14 12 44 54.67
0  -4445.74296  -4241.25446   3481.48737   1.4740146   3.7664790   6.4343557 2026 01 14 12 45 14.67
0  -4415.15306  -4165.01950   3609.37501   1.5849178   3.8566824   6.3539139 2026 01 14 12 45 34.67
0  -4382.34950  -4087.00098   3735.62489   1.6953704   3.9448287   6.2705865 2026 01 14 12 45 54.67
0  -4347.34187  -4007.24042   3860.17969   1.8053161   4.0308794   6.1844113 2026 01 14 12 46 14.67
0  -4310.14084  -3925.78010   3982.98283   1.9146992   4.1147969   6.0954274 2026 01 14 12 46 34.67
0  -4270.75824  -3842.66306   4103.97854   2.0234639   4.1965449   6.0036751 2026 01 14 12 46 54.67
0  -4229.20699  -3757.93304   4223.11188   2.1315545   4.2760883   5.9091962 2026 01 14 12 47 14.67
0  -4185.50113  -3671.63448   4340.32872   2.2389158   4.3533930   5.8120335 2026 01 14 12 47 34.67
0  -4139.65578  -3583.81247   4455.57584   2.3454926   4.4284262   5.7122311 2026 01 14 12 47 54.67
0  -4091.68720  -3494.51277   4568.80090   2.4512300   4.5011564   5.6098344 2026 01 14 12 48 14.67
0  -4041.61271  -3403.78175   4679.95246   2.5560736   4.5715530   5.5048898 2026 01 14 12 48 34.67
0  -3989.45074  -3311.66637   4788.98004   2.6599691   4.6395870   5.3974450 2026 01 14 12 48 54.67
0  -3935.22078  -3218.21415   4895.83413   2.7628626   4.7052304   5.2875488 2026 01 14 12 49 14.67
0  -3878.94340  -3123.47320   5000.46619   2.8647008   4.7684565   5.1752509 2026 01 14 12 49 34.67
0  -3820.64026  -3027.49210   5102.82870   2.9654305   4.8292399   5.0606024 2026 01 14 12 49 54.67
0  -3760.33404  -2930.31996   5202.87516   3.0649990   4.8875563   4.9436553 2026 01 14 12 50 14.67
0  -3698.04849  -2832.00634   5300.56013   3.1633544   4.9433830   4.8244626 2026 01 14 12 50 34.67
0  -3633.80839  -2732.60127   5395.83923   3.2604449   4.9966982   4.7030784 2026 01 14 12 50 54.67
0  -3567.63955  -2632.15517   5488.66919   3.3562193   5.0474818   4.5795577 2026 01 14 12 51 14.67
0  -3499.56880  -2530.71887   5579.00783   3.4506271   5.0957146   4.4539564 2026 01 14 12 51 34.67
0  -3429.62397  -2428.34357   5666.81410   3.5436183   5.1413789   4.3263316 2026 01 14 12 51 54.67
0  -3357.83390  -2325.08080   5752.04812   3.6351434   5.1844583   4.1967409 2026 01 14 12 52 14.67
0  -3284.22838  -2220.98242   5834.67114   3.7251536   5.2249378   4.0652431 2026 01 14 12 52 34.67
0  -3208.83821  -2116.10056   5914.64563   3.8136008   5.2628034   3.9318977 2026 01 14 12 52 54.67
0  -3131.69512  -2010.48763   5991.93524   3.9004374   5.2980428   3.7967651 2026 01 14 12 53 14.67
0  -3052.83178  -1904.19627   6066.50482   3.9856167   5.3306449   3.6599064 2026 01 14 12 53 34.67
0  -2972.28182  -1797.27932   6138.32047   4.0690926   5.3605996   3.5213835 2026 01 14 12 53 54.67
0  -2890.07975  -1689.78982   6207.34954   4.1508197   5.3878986   3.3812591 2026 01 14 12 54 14.67
0  -2806.26099  -1581.78096   6273.56063   4.2307535   5.4125347   3.2395965 2026 01 14 12 54 34.67
0  -2720.86186  -1473.30606   6336.92361   4.3088501   5.4345020   3.0964598 2026 01 14 12 54 54.67
0  -2633.91952  -1364.41855   6397.40965   4.3850667   5.4537959   2.9519136 2026 01 14 12 55 14.67
0  -2545.47199  -1255.17191   6454.99121   4.4593610   5.4704133   2.8060232 2026 01 14 12 55 34.67
0  -2455.55815  -1145.61972   6509.64207   4.5316918   5.4843522   2.6588547 2026 01 14 12 55 54.67
0  -2364.21767  -1035.81554   6561.33732   4.6020185   5.4956120   2.5104743 2026 01 14 12 56 14.67
0  -2271.49102   -925.81295   6610.05340   4.6703018   5.5041935   2.3609492 2026 01 14 12 56 34.67
0  -2177.41946   -815.66550   6655.76809   4.7365029   5.5100986   2.2103468 2026 01 14 12 56 54.67
0  -2082.04502   -705.42669   6698.46052   4.8005842   5.5133307   2.0587351 2026 01 14 12 57 14.67
0  -1985.41045   -595.14994   6738.11119   4.8625089   5.5138945   1.9061826 2026 01 14 12 57 34.67
0  -1887.55925   -484.88854   6774.70198   4.9222413   5.5117959   1.7527582 2026 01 14 12 57 54.67
0  -1788.53562   -374.69569   6808.21613   4.9797467   5.5070420   1.5985310 2026 01 14 12 58 14.67
0  -1688.38443   -264.62440   6838.63829   5.0349912   5.4996414   1.4435707 2026 01 14 12 58 34.67
0  -1587.15124   -154.72752   6865.95450   5.0879421   5.4896037   1.2879472 2026 01 14 12 58 54.67
0  -1484.88223    -45.05767   6890.15219   5.1385677   5.4769402   1.1317308 2026 01 14 12 59 14.67
0  -1381.62421     64.33275   6911.22021   5.1868375   5.4616629   0.9749920 2026 01 14 12 59 34.67
0  -1277.42460    173.39159   6929.14883   5.2327219   5.4437855   0.8178014 2026 01 14 12 59 54.67
0  -1172.33140    282.06700   6943.92970   5.2761923   5.4233227   0.6602302 2026 01 14 13 00 14.67
0  -1066.39315    390.30743   6955.55594   5.3172216   5.4002906   0.5023494 2026 01 14 13 00 34.67
0   -959.65895    498.06167   6964.02207   5.3557835   5.3747063   0.3442304 2026 01 14 13 00 54.67
0   -852.17840    605.27885   6969.32403   5.3918529   5.3465883   0.1859445 2026 01 14 13 01 14.67
0   -744.00158    711.90849   6971.45921   5.4254058   5.3159562   0.0275632 2026 01 14 13 01 34.67
0   -635.17905    817.90051   6970.42640   5.4564197   5.2828309  -0.1308418 2026 01 14 13 01 54.67
0   -525.76181    923.20528   6966.22586   5.4848729   5.2472342  -0.2891990 2026 01 14 13 02 14.67
0   -415.80129   1027.77360   6958.85925   5.5107451   5.2091894  -0.4474367 2026 01 14 13 02 34.67
0   -305.34929   1131.55673   6948.32969   5.5340171   5.1687209  -0.6054835 2026 01 14 13 02 54.67
0   -194.45800   1234.50647   6934.64170   5.5546711   5.1258539  -0.7632678 2026 01 14 13 03 14.67
0    -83.17994   1336.57510   6917.80124   5.5726903   5.0806151  -0.9207181 2026 01 14 13 03 34.67
0     28.43202   1437.71547   6897.81572   5.5880594   5.0330321  -1.0777632 2026 01 14 13 03 54.67
0    140.32475   1537.88098   6874.69395   5.6007641   4.9831338  -1.2343319 2026 01 14 13 04 14.67
0    252.44483   1637.02561   6848.44616   5.6107916   4.9309499  -1.3903533 2026 01 14 13 04 34.67
0    364.73859   1735.10397   6819.08402   5.6181302   4.8765114  -1.5457566 2026 01 14 13 04 54.67
0    477.15216   1832.07127   6786.62058   5.6227696   4.8198502  -1.7004712 2026 01 14 13 05 14.67
0    589.63145   1927.88341   6751.07032   5.6247009   4.7609993  -1.8544271 2026 01 14 13 05 34.67
0    702.12223   2022.49691   6712.44912   5.6239163   4.6999926  -2.0075541 2026 01 14 13 05 54.67
0    814.57011   2115.86901   6670.77425   5.6204093   4.6368653  -2.1597828 2026 01 14 13 06 14.67
0    926.92059   2207.95766   6626.06437   5.6141749   4.5716533  -2.3110439 2026 01 14 13 06 34.67
0   1039.11908   2298.72153   6578.33952   5.6052094   4.5043934  -2.4612685 2026 01 14 13 06 54.67
0   1151.11094   2388.12005   6527.62112   5.5935104   4.4351237  -2.6103883 2026 01 14 13 07 14.67
0   1262.84148   2476.11339   6473.93193   5.5790768   4.3638828  -2.7583352 2026 01 14 13 07 34.67
0   1374.25601   2562.66254   6417.29610   5.5619088   4.2907105  -2.9050419 2026 01 14 13 07 54.67
0   1485.29986   2647.72927   6357.73909   5.5420081   4.2156474  -3.0504414 2026 01 14 13 08 14.67
0   1595.91840   2731.27617   6295.28772   5.5193778   4.1387349  -3.1944673 2026 01 14 13 08 34.67
0   1706.05708   2813.26669   6229.97012   5.4940221   4.0600153  -3.3370537 2026 01 14 13 08 54.67
0   1815.66145   2893.66510   6161.81572   5.4659468   3.9795317  -3.4781355 2026 01 14 13 09 14.67
0   1924.67718   2972.43658   6090.85527   5.4351589   3.8973282  -3.6176481 2026 01 14 13 09 34.67
0   2033.05011   3049.54715   6017.12079   5.4016670   3.8134492  -3.7555276 2026 01 14 13 09 54.67
0   2140.72625   3124.96377   5940.64557   5.3654808   3.7279404  -3.8917108 2026 01 14 13 10 14.67
0   2247.65182   3198.65431   5861.46417   5.3266115   3.6408479  -4.0261353 2026 01 14 13 10 34.67
0   2353.77329   3270.58755   5779.61238   5.2850718   3.5522186  -4.1587393 2026 01 14 13 10 54.67
0   2459.03738   3340.73323   5695.12721   5.2408754   3.4621000  -4.2894618 2026 01 14 13 11 14.67
0   2563.39111   3409.06205   5608.04689   5.1940377   3.3705405  -4.4182429 2026 01 14 13 11 34.67
0   2666.78183   3475.54568   5518.41086   5.1445754   3.2775888  -4.5450233 2026 01 14 13 11 54.67
0   2769.15720   3540.15677   5426.25971   5.0925064   3.1832946  -4.6697446 2026 01 14 13 12 14.67
0   2870.46530   3602.86896   5331.63519   5.0378502   3.0877078  -4.7923493 2026 01 14 13 12 34.67
0   2970.65457   3663.65692   5234.58020   4.9806273   2.9908791  -4.9127809 2026 01 14 13 12 54.67
0   3069.67392   3722.49630   5135.13877   4.9208600   2.8928597  -5.0309839 2026 01 14 13 13 14.67
0   3167.47267   3779.36383   5033.35601   4.8585715   2.7937013  -5.1469037 2026 01 14 13 13 34.67
0   3264.00064   3834.23723   4929.27812   4.7937866   2.6934561  -5.2604867 2026 01 14 13 13 54.67
0   3359.20818   3887.09529   4822.95236   4.7265314   2.5921767  -5.3716804 2026 01 14 13 14 14.67
0   3453.04614   3937.91786   4714.42704   4.6568331   2.4899161  -5.4804334 2026 01 14 13 14 34.67
0   3545.46594   3986.68585   4603.75148   4.5847204   2.3867279  -5.5866953 2026 01 14 13 14 54.67
0   3636.41960   4033.38124   4490.97598   4.5102234   2.2826658  -5.6904171 2026 01 14 13 15 14.67
0   3725.85973   4077.98710   4376.15185   4.4333732   2.1777840  -5.7915505 2026 01 14 13 15 34.67
0   3813.73960   4120.48758   4259.33130   4.3542022   2.0721370  -5.8900488 2026 01 14 13 15 54.67
0   3900.01312   4160.86792   4140.56751   4.2727444   1.9657796  -5.9858663 2026 01 14 13 16 14.67
0   3984.63491   4199.11445   4019.91453   4.1890345   1.8587669  -6.0789586 2026 01 14 13 16 34.67
0   4067.56028   4235.21464   3897.42731   4.1031090   1.7511541  -6.1692824 2026 01 14 13 16 54.67
0   4148.74529   4269.15702   3773.16163   4.0150051   1.6429966  -6.2567958 2026 01 14 13 17 14.67
0   4228.14676   4300.93127   3647.17412   3.9247616   1.5343502  -6.3414583 2026 01 14 13 17 34.67
0   4305.72228   4330.52816   3519.52218   3.8324183   1.4252706  -6.4232306 2026 01 14 13 17 54.67
0   4381.43028   4357.93958   3390.26401   3.7380160   1.3158137  -6.5020746 2026 01 14 13 18 14.67
0   4455.22999   4383.15855   3259.45853   3.6415969   1.2060354  -6.5779538 2026 01 14 13 18 34.67
0   4527.08150   4406.17919   3127.16540   3.5432042   1.0959918  -6.6508331 2026 01 14 13 18 54.67
0   4596.94578   4426.99678   2993.44496   3.4428823   0.9857389  -6.7206785 2026 01 14 13 19 14.67
0   4664.78471   4445.60766   2858.35820   3.3406765   0.8753328  -6.7874577 2026 01 14 13 19 34.67
0   4730.56105   4462.00936   2721.96678   3.2366333   0.7648294  -6.8511398 2026 01 14 13 19 54.67
0   4794.23855   4476.20047   2584.33292   3.1308003   0.6542846  -6.9116953 2026 01 14 13 20 14.67
0   4855.78188   4488.18072   2445.51944   3.0232258   0.5437543  -6.9690962 2026 01 14 13 20 34.67
0   4915.15672   4497.95098   2305.58971   2.9139595   0.4332941  -7.0233158 2026 01 14 13 20 54.67
0   4972.32971   4505.51318   2164.60760   2.8030518   0.3229596  -7.0743293 2026 01 14 13 21 14.67
0   5027.26856   4510.87040   2022.63748   2.6905541   0.2128060  -7.1221130 2026 01 14 13 21 34.67
0   5079.94198   4514.02681   1879.74415   2.5765186   0.1028885  -7.1666450 2026 01 14 13 21 54.67
0   5130.31974   4514.98768   1735.99287   2.4609987  -0.0067381  -7.2079049 2026 01 14 13 22 14.67
0   5178.37270   4513.75937   1591.44927   2.3440483  -0.1160192  -7.2458738 2026 01 14 13 22 34.67
0   5224.07279   4510.34934   1446.17935   2.2257223  -0.2249007  -7.2805342 2026 01 14 13 22 54.67
0   5267.39306   4504.76612   1300.24943   2.1060764  -0.3333285  -7.3118706 2026 01 14 13 23 14.67
0   5308.30766   4497.01931   1153.72614   1.9851671  -0.4412492  -7.3398687 2026 01 14 13 23 34.67
0   5346.79192   4487.11960   1006.67638   1.8630515  -0.5486097  -7.3645159 2026 01 14 13 23 54.67
0   5382.82227   4475.07871    859.16728   1.7397876  -0.6553573  -7.3858012 2026 01 14 13 24 14.67
0   5416.37633   4460.90943    711.26617   1.6154339  -0.7614397  -7.4037153 2026 01 14 13 24 34.67
0   5447.43291   4444.62558    563.04056   1.4900497  -0.8668053  -7.4182503 2026 01 14 13 24 54.67
0   5475.97198   4426.24201    414.55809   1.3636948  -0.9714027  -7.4294000 2026 01 14 13 25 14.67
0   5501.97474   4405.77459    265.88653   1.2364297  -1.0751813  -7.4371600 2026 01 14 13 25 34.67
0   5525.42360   4383.24019    117.09369   1.1083153  -1.1780911  -7.4415272 2026 01 14 13 25 54.67
0   5546.30217   4358.65670    -31.75254   0.9794132  -1.2800824  -7.4425003 2026 01 14 13 26 14.67
0   5564.59534   4332.04298   -180.58430   0.8497853  -1.3811064  -7.4400795 2026 01 14 13 26 34.67
0   5580.28919   4303.41884   -329.33371   0.7194941  -1.4811149  -7.4342668 2026 01 14 13 26 54.67
0   5593.37111   4272.80508   -477.93296   0.5886024  -1.5800604  -7.4250655 2026 01 14 13 27 14.67
0   5603.82971   4240.22343   -626.31434   0.4571735  -1.6778959  -7.4124809 2026 01 14 13 27 34.67
0   5611.65487   4205.69656   -774.41025   0.3252710  -1.7745753  -7.3965196 2026 01 14 13 27 54.67
0   5616.83778   4169.24803   -922.15322   0.1929589  -1.8700534  -7.3771899 2026 01 14 13 28 14.67
0   5619.37088   4130.90233  -1069.47599   0.0603012  -1.9642853  -7.3545016 2026 01 14 13 28 34.67
0   5619.24790   4090.68482  -1216.31149  -0.0726375  -2.0572274  -7.3284662 2026 01 14 13 28 54.67
0   5616.46386   4048.62172  -1362.59292  -0.2057926  -2.1488366  -7.2990967 2026 01 14 13 29 14.67
0   5611.01510   4004.74012  -1508.25373  -0.3390993  -2.2390709  -7.2664078 2026 01 14 13 29 34.67
0   5602.89922   3959.06793  -1653.22770  -0.4724926  -2.3278887  -7.2304156 2026 01 14 13 29 54.67
0   5592.11515   3911.63389  -1797.44893  -0.6059074  -2.4152499  -7.1911377 2026 01 14 13 30 14.67
0   5578.66311   3862.46752  -1940.85189  -0.7392785  -2.5011148  -7.1485935 2026 01 14 13 30 34.67
0   5562.54462   3811.59914  -2083.37148  -0.8725408  -2.5854448  -7.1028035 2026 01 14 13 30 54.67
0   5543.76251   3759.05983  -2224.94298  -1.0056291  -2.6682023  -7.0537902 2026 01 14 13 31 14.67
0   5522.32092   3704.88140  -2365.50218  -1.1384782  -2.7493505  -7.0015772 2026 01 14 13 31 34.67
0   5498.22528   3649.09640  -2504.98533  -1.2710230  -2.8288538  -6.9461897 2026 01 14 13 31 54.67
0   5471.48233   3591.73809  -2643.32920  -1.4031985  -2.9066772  -6.8876544 2026 01 14 13 32 14.67
0   5442.10010   3532.84038  -2780.47111  -1.5349399  -2.9827872  -6.8259995 2026 01 14 13 32 34.67
0   5410.08792   3472.43789  -2916.34897  -1.6661824  -3.0571509  -6.7612544 2026 01 14 13 32 54.67
0   5375.45642   3410.56586  -3050.90129  -1.7968616  -3.1297366  -6.6934501 2026 01 14 13 33 14.67
0   5338.21750   3347.26015  -3184.06719  -1.9269131  -3.2005137  -6.6226191 2026 01 14 13 33 34.67
0   5298.38436   3282.55724  -3315.78648  -2.0562731  -3.2694524  -6.5487948 2026 01 14 13 33 54.67
0   5255.97147   3216.49418  -3445.99964  -2.1848778  -3.3365244  -6.4720126 2026 01 14 13 34 14.67
0   5210.99457   3149.10859  -3574.64788  -2.3126638  -3.4017020  -6.3923086 2026 01 14 13 34 34.67
0   5163.47066   3080.43860  -3701.67314  -2.4395682  -3.4649590  -6.3097207 2026 01 14 13 34 54.67
0   5113.41800   3010.52290  -3827.01813  -2.5655283  -3.5262700  -6.2242878 2026 01 14 13 35 14.67
0   5060.85610   2939.40065  -3950.62634  -2.6904820  -3.5856108  -6.1360501 2026 01 14 13 35 34.67
0   5005.80570   2867.11148  -4072.44209  -2.8143676  -3.6429583  -6.0450492 2026 01 14 13 35 54.67
0   4948.28878   2793.69548  -4192.41056  -2.9371238  -3.6982907  -5.9513277 2026 01 14 13 36 14.67
0   4888.32854   2719.19316  -4310.47775  -3.0586900  -3.7515870  -5.8549295 2026 01 14 13 36 34.67
0   4825.94938   2643.64544  -4426.59059  -3.1790060  -3.8028275  -5.7558997 2026 01 14 13 36 54.67
0   4761.17690   2567.09362  -4540.69691  -3.2980121  -3.8519938  -5.6542845 2026 01 14 13 37 14.67
0   4694.03788   2489.57937  -4652.74547  -3.4156495  -3.8990683  -5.5501313 2026 01 14 13 37 34.67
0   4624.56029   2411.14469  -4762.68598  -3.5318597  -3.9440348  -5.4434884 2026 01 14 13 37 54.67
0   4552.77324   2331.83188  -4870.46916  -3.6465852  -3.9868782  -5.3344053 2026 01 14 13 38 14.67
0   4478.70700   2251.68356  -4976.04670  -3.7597688  -4.0275845  -5.2229327 2026 01 14 13 38 34.67
0   4402.39298   2170.74258  -5079.37133  -3.8713544  -4.0661408  -5.1091219 2026 01 14 13 38 54.67
0   4323.86369   2089.05208  -5180.39679  -3.9812864  -4.1025355  -4.9930255 2026 01 14 13 39 14.67
0   4243.15274   2006.65539  -5279.07793  -4.0895099  -4.1367580  -4.8746971 2026 01 14 13 39 34.67
0   4160.29486   1923.59605  -5375.37063  -4.1959712  -4.1687990  -4.7541911 2026 01 14 13 39 54.67
0   4075.32581   1839.91777  -5469.23191  -4.3006169  -4.1986502  -4.6315628 2026 01 14 13 40 14.67
0   3988.28243   1755.66443  -5560.61986  -4.4033948  -4.2263046  -4.5068684 2026 01 14 13 40 34.67
0   3899.20260   1670.88001  -5649.49374  -4.5042533  -4.2517562  -4.3801651 2026 01 14 13 40 54.67
0   3808.12521   1585.60862  -5735.81396  -4.6031420  -4.2750003  -4.2515106 2026 01 14 13 41 14.67
0   3715.09015   1499.89446  -5819.54206  -4.7000112  -4.2960331  -4.1209637 2026 01 14 13 41 34.67
0   3620.13830   1413.78177  -5900.64080  -4.7948120  -4.3148522  -3.9885839 2026 01 14 13 41 54.67
0   3523.31151   1327.31485  -5979.07411  -4.8874969  -4.3314561  -3.8544314 2026 01 14 13 42 14.67
0   3424.65256   1240.53800  -6054.80715  -4.9780188  -4.3458447  -3.7185670 2026 01 14 13 42 34.67
0   3324.20518   1153.49552  -6127.80631  -5.0663321  -4.3580188  -3.5810524 2026 01 14 13 42 54.67
0   3222.01398   1066.23168  -6198.03918  -5.1523918  -4.3679803  -3.4419499 2026 01 14 13 43 14.67
0   3118.12448    978.79071  -6265.47465  -5.2361543  -4.3757323  -3.3013223 2026 01 14 13 43 34.67
0   3012.58305    891.21676  -6330.08284  -5.3175769  -4.3812790  -3.1592332 2026 01 14 13 43 54.67
0   2905.43691    803.55388  -6391.83517  -5.3966177  -4.3846257  -3.0157465 2026 01 14 13 44 14.67
0   2796.73410    715.84600  -6450.70432  -5.4732364  -4.3857787  -2.8709270 2026 01 14 13 44 34.67
0   2686.52345    628.13694  -6506.66428  -5.5473934  -4.3847455  -2.7248397 2026 01 14 13 44 54.67
0   2574.85459    540.47033  -6559.69037  -5.6190504  -4.3815346  -2.5775503 2026 01 14 13 45 14.67
0   2461.77789    452.88963  -6609.75919  -5.6881701  -4.3761555  -2.4291249 2026 01 14 13 45 34.67
0   2347.34446    365.43810  -6656.84869  -5.7547165  -4.3686187  -2.2796299 2026 01 14 13 45 54.67
0   2231.60612    278.15879  -6700.93814  -5.8186548  -4.3589361  -2.1291323 2026 01 14 13 46 14.67
0   2114.61536    191.09447  -6742.00816  -5.8799512  -4.3471201  -1.9776993 2026 01 14 13 46 34.67
0   1996.42536    104.28770  -6780.04073  -5.9385732  -4.3331846  -1.8253987 2026 01 14 13 46 54.67
0   1877.08991     17.78070  -6815.01915  -5.9944895  -4.3171441  -1.6722984 2026 01 14 13 47 14.67
0   1756.66343    -68.38457  -6846.92814  -6.0476700  -4.2990144  -1.5184666 2026 01 14 13 47 34.67
0   1635.20094   -154.16649  -6875.75372  -6.0980860  -4.2788122  -1.3639719 2026 01 14 13 47 54.67
0   1512.75799   -239.52379  -6901.48335  -6.1457097  -4.2565549  -1.2088830 2026 01 14 13 48 14.67
0   1389.39071   -324.41556  -6924.10581  -6.1905149  -4.2322614  -1.0532690 2026 01 14 13 48 34.67
0   1265.15571   -408.80125  -6943.61131  -6.2324765  -4.2059510  -0.8971990 2026 01 14 13 48 54.67
0   1140.11011   -492.64074  -6959.99140  -6.2715707  -4.1776442  -0.7407423 2026 01 14 13 49 14.67
0   1014.31148   -575.89430  -6973.23906  -6.3077751  -4.1473624  -0.5839684 2026 01 14 13 49 34.67
0    887.81783   -658.52267  -6983.34862  -6.3410684  -4.1151279  -0.4269469 2026 01 14 13 49 54.67
0    760.68759   -740.48701  -6990.31584  -6.3714309  -4.0809639  -0.2697472 2026 01 14 13 50 14.67
0    632.97956   -821.74897  -6994.13785  -6.3988440  -4.0448944  -0.1124393 2026 01 14 13 50 34.67
0    504.75290   -902.27069  -6994.81318  -6.4232904  -4.0069443   0.0449074 2026 01 14 13 50 54.67
0    376.06712   -982.01481  -6992.34175  -6.4447544  -3.9671393   0.2022229 2026 01 14 13 51 14.67
0    246.98200  -1060.94451  -6986.72488  -6.4632214  -3.9255060   0.3594378 2026 01 14 13 51 34.67
0    117.55762  -1139.02348  -6977.96529  -6.4786783  -3.8820719   0.5164824 2026 01 14 13 51 54.67
0    -12.14569  -1216.21599  -6966.06706  -6.4911132  -3.8368652   0.6732871 2026 01 14 13 52 14.67
0   -142.06740  -1292.48687  -6951.03569  -6.5005158  -3.7899147   0.8297826 2026 01 14 13 52 34.67
0   -272.14675  -1367.80155  -6932.87807  -6.5068771  -3.7412503   0.9858996 2026 01 14 13 52 54.67
0   -402.32284  -1442.12605  -6911.60245  -6.5101893  -3.6909024   1.1415690 2026 01 14 13 53 14.67
0   -532.53462  -1515.42701  -6887.21847  -6.5104463  -3.6389024   1.2967218 2026 01 14 13 53 34.67
0   -662.72094  -1587.67171  -6859.73715  -6.5076431  -3.5852821   1.4512895 2026 01 14 13 53 54.67
0   -792.82056  -1658.82806  -6829.17088  -6.5017763  -3.5300742   1.6052035 2026 01 14 13 54 14.67
0   -922.77218  -1728.86465  -6795.53343  -6.4928438  -3.4733121   1.7583958 2026 01 14 13 54 34.67
0  -1052.51448  -1797.75073  -6758.83989  -6.4808450  -3.4150297   1.9107983 2026 01 14 13 54 54.67
0  -1181.98613  -1865.45624  -6719.10674  -6.4657807  -3.3552618   2.0623437 2026 01 14 13 55 14.67
0  -1311.12585  -1931.95182  -6676.35181  -6.4476530  -3.2940436   2.2129646 2026 01 14 13 55 34.67
0  -1439.87239  -1997.20882  -6630.59424  -6.4264655  -3.2314111   2.3625944 2026 01 14 13 55 54.67
0  -1568.16461  -2061.19932  -6581.85453  -6.4022232  -3.1674007   2.5111665 2026 01 14 13 56 14.67
0  -1695.94148  -2123.89614  -6530.15450  -6.3749326  -3.1020495   2.6586151 2026 01 14 13 56 34.67
0  -1823.14210  -2185.27282  -6475.51726  -6.3446016  -3.0353953   2.8048746 2026 01 14 13 56 54.67
0  -1949.70576  -2245.30370  -6417.96726  -6.3112393  -2.9674760   2.9498800 2026 01 14 13 57 14.67
0  -2075.57193  -2303.96386  -6357.53021  -6.2748565  -2.8983306   3.0935668 2026 01 14 13 57 34.67
0  -2200.68032  -2361.22916  -6294.23315  -6.2354654  -2.8279981   3.2358709 2026 01 14 13 57 54.67
0  -2324.97090  -2417.07627  -6228.10435  -6.1930794  -2.7565184   3.3767291 2026 01 14 13 58 14.67
0  -2448.38392  -2471.48262  -6159.17336  -6.1477135  -2.6839314   3.5160785 2026 01 14 13 58 34.67
0  -2570.85994  -2524.42650  -6087.47099  -6.0993841  -2.6102779   3.6538570 2026 01 14 13 58 54.67
0  -2692.33986  -2575.88698  -6013.02928  -6.0481090  -2.5355989   3.7900028 2026 01 14 13 59 14.67
0  -2812.76497  -2625.84395  -5935.88148  -5.9939074  -2.4599358   3.9244553 2026 01 14 13 59 34.67
0  -2932.07693  -2674.27816  -5856.06206  -5.9367998  -2.3833304   4.0571541 2026 01 14 13 59 54.67
0  -3050.21784  -2721.17118  -5773.60671  -5.8768083  -2.3058249   4.1880399 2026 01 14 14 00 14.67
0  -3167.13027  -2766.50544  -5688.55226  -5.8139563  -2.2274618   4.3170539 2026 01 14 14 00 34.67
0  -3282.75723  -2810.26420  -5600.93674  -5.7482685  -2.1482839   4.4441382 2026 01 14 14 00 54.67
0  -3397.04228  -2852.43162  -5510.79931  -5.6797712  -2.0683345   4.5692357 2026 01 14 14 01 14.67
0  -3509.92950  -2892.99268  -5418.18028  -5.6084918  -1.9876569   4.6922900 2026 01 14 14 01 34.67
0  -3621.36354  -2931.93327  -5323.12106  -5.5344593  -1.9062948   4.8132458 2026 01 14 14 01 54.67
0  -3731.28963  -2969.24013  -5225.66418  -5.4577040  -1.8242921   4.9320484 2026 01 14 14 02 14.67
0  -3839.65363  -3004.90089  -5125.85323  -5.3782574  -1.7416930   5.0486441 2026 01 14 14 02 34.67
0  -3946.40205  -3038.90407  -5023.73289  -5.2961526  -1.6585417   5.1629803 2026 01 14 14 02 54.67
0  -4051.48207  -3071.23908  -4919.34887  -5.2114237  -1.5748828   5.2750052 2026 01 14 14 03 14.67
0  -4154.84154  -3101.89619  -4812.74790  -5.1241065  -1.4907609   5.3846679 2026 01 14 14 03 34.67
0  -4256.42909  -3130.86661  -4703.97773  -5.0342378  -1.4062208   5.4919186 2026 01 14 14 03 54.67
0  -4356.19405  -3158.14241  -4593.08708  -4.9418558  -1.3213073   5.5967085 2026 01 14 14 04 14.67
0  -4454.08656  -3183.71658  -4480.12566  -4.8470000  -1.2360654   5.6989900 2026 01 14 14 04 34.67
0  -4550.05754  -3207.58300  -4365.14410  -4.7497112  -1.1505400   5.7987163 2026 01 14 14 04 54.67
0  -4644.05876  -3229.73646  -4248.19396  -4.6500312  -1.0647764   5.8958419 2026 01 14 14 05 14.67
0  -4736.04283  -3250.17264  -4129.32770  -4.5480034  -0.9788194   5.9903223 2026 01 14 14 05 34.67
0  -4825.96322  -3268.88811  -4008.59867  -4.4436722  -0.8927141   6.0821144 2026 01 14 14 05 54.67
0  -4913.77433  -3285.88038  -3886.06104  -4.3370833  -0.8065056   6.1711758 2026 01 14 14 06 14.67
0  -4999.43147  -3301.14782  -3761.76986  -4.2282833  -0.7202388   6.2574658 2026 01 14 14 06 34.67
0  -5082.89090  -3314.68972  -3635.78093  -4.1173204  -0.6339585   6.3409445 2026 01 14 14 06 54.67
0  -5164.10984  -3326.50625  -3508.15089  -4.0042436  -0.5477096   6.4215735 2026 01 14 14 07 14.67
0  -5243.04654  -3336.59849  -3378.93709  -3.8891032  -0.4615366   6.4993154 2026 01 14 14 07 34.67
0  -5319.66021  -3344.96841  -3248.19763  -3.7719505  -0.3754841   6.5741344 2026 01 14 14 07 54.67
0  -5393.91115  -3351.61886  -3115.99134  -3.6528379  -0.2895964   6.6459957 2026 01 14 14 08 14.67
0  -5465.76069  -3356.55357  -2982.37768  -3.5318190  -0.2039176   6.7148660 2026 01 14 14 08 34.67
0  -5535.17124  -3359.77717  -2847.41682  -3.4089481  -0.1184916   6.7807131 2026 01 14 14 08 54.67
0  -5602.10633  -3361.29514  -2711.16952  -3.2842810  -0.0333621   6.8435064 2026 01 14 14 09 14.67
0  -5666.53059  -3361.11386  -2573.69715  -3.1578739   0.0514275   6.9032165 2026 01 14 14 09 34.67
0  -5728.40979  -3359.24055  -2435.06165  -3.0297845   0.1358342   6.9598155 2026 01 14 14 09 54.67
0  -5787.71087  -3355.68329  -2295.32552  -2.9000710   0.2198151   7.0132767 2026 01 14 14 10 14.67
0  -5844.40195  -3350.45104  -2154.55177  -2.7687929   0.3033278   7.0635751 2026 01 14 14 10 34.67
0  -5898.45234  -3343.55357  -2012.80389  -2.6360102   0.3863301   7.1106868 2026 01 14 14 10 54.67
0  -5949.83254  -3335.00151  -1870.14583  -2.5017840   0.4687804   7.1545895 2026 01 14 14 11 14.67
0  -5998.51430  -3324.80632  -1726.64200  -2.3661761   0.5506373   7.1952625 2026 01 14 14 11 34.67
0  -6044.47063  -3312.98027  -1582.35717  -2.2292492   0.6318599   7.2326863 2026 01 14 14 11 54.67
0  -6087.67577  -3299.53646  -1437.35651  -2.0910666   0.7124077   7.2668431 2026 01 14 14 12 14.67
0  -6128.10524  -3284.48877  -1291.70553  -1.9516925   0.7922408   7.2977163 2026 01 14 14 12 34.67
0  -6165.73588  -3267.85191  -1145.47005  -1.8111918   0.8713196   7.3252912 2026 01 14 14 12 54.67
0  -6200.54578  -3249.64134   -998.71618  -1.6696298   0.9496052   7.3495542 2026 01 14 14 13 14.67
0  -6232.51441  -3229.87332   -851.51026  -1.5270728   1.0270591   7.3704935 2026 01 14 14 13 34.67
0  -6261.62250  -3208.56486   -703.91889  -1.3835874   1.1036433   7.3880987 2026 01 14 14 13 54.67
0  -6287.85219  -3185.73373   -556.00882  -1.2392410   1.1793206   7.4023610 2026 01 14 14 14 14.67
0  -6311.18691  -3161.39843   -407.84700  -1.0941015   1.2540542   7.4132731 2026 01 14 14 14 34.67
0  -6331.61149  -3135.57821   -259.50049  -0.9482370   1.3278078   7.4208292 2026 01 14 14 14 54.67
0  -6349.11212  -3108.29301   -111.03645  -0.8017165   1.4005461   7.4250251 2026 01 14 14 15 14.67
0  -6363.67637  -3079.56349     37.47789  -0.6546093   1.4722341   7.4258581 2026 01 14 14 15 34.67
0  -6375.29319  -3049.41101    185.97525  -0.5069848   1.5428377   7.4233272 2026 01 14 14 15 54.67
0  -6383.95295  -3017.85757    334.38836  -0.3589132   1.6123232   7.4174328 2026 01 14 14 16 14.67
0  -6389.64740  -2984.92589    482.64997  -0.2104648   1.6806580   7.4081768 2026 01 14 14 16 34.67
0  -6392.36971  -2950.63928    630.69289  -0.0617101   1.7478098   7.3955630 2026 01 14 14 16 54.67
0  -6392.11447  -2915.02173    778.44999   0.0872799   1.8137474   7.3795963 2026 01 14 14 17 14.67
0  -6388.87768  -2878.09783    925.85430   0.2364342   1.8784401   7.3602834 2026 01 14 14 17 34.67
0  -6382.65675  -2839.89277   1072.83896   0.3856814   1.9418581   7.3376327 2026 01 14 14 17 54.67
0  -6373.45056  -2800.43234   1219.33731   0.5349503   2.0039723   7.3116538 2026 01 14 14 18 14.67
0  -6361.25937  -2759.74290   1365.28291   0.6841691   2.0647545   7.2823580 2026 01 14 14 18 34.67
0  -6346.08491  -2717.85136   1510.60955   0.8332664   2.1241771   7.2497583 2026 01 14 14 18 54.67
0  -6327.93032  -2674.78519   1655.25127   0.9821706   2.1822136   7.2138690 2026 01 14 14 19 14.67
0  -6306.80018  -2630.57236   1799.14246   1.1308099   2.2388382   7.1747061 2026 01 14 14 19 34.67
0  -6282.70050  -2585.24136   1942.21780   1.2791129   2.2940259   7.1322869 2026 01 14 14 19 54.67
0  -6255.63873  -2538.82118   2084.41236   1.4270079   2.3477526   7.0866305 2026 01 14 14 20 14.67
0  -6225.62372  -2491.34126   2225.66161   1.5744237   2.3999952   7.0377572 2026 01 14 14 20 34.67
0  -6192.66579  -2442.83151   2365.90140   1.7212889   2.4507313   6.9856890 2026 01 14 14 20 54.67
0  -6156.77665  -2393.32228   2505.06809   1.8675326   2.4999396   6.9304493 2026 01 14 14 21 14.67
0  -6117.96945  -2342.84433   2643.09848   2.0130838   2.5475994   6.8720630 2026 01 14 14 21 34.67
0  -6076.25872  -2291.42883   2779.92991   2.1578721   2.5936911   6.8105564 2026 01 14 14 21 54.67
0  -6031.66045  -2239.10733   2915.50024   2.3018271   2.6381962   6.7459573 2026 01 14 14 22 14.67
0  -5984.19199  -2185.91173   3049.74791   2.4448789   2.6810968   6.6782949 2026 01 14 14 22 34.67
0  -5933.87210  -2131.87430   3182.61197   2.5869579   2.7223762   6.6075998 2026 01 14 14 22 54.67
0  -5880.72093  -2077.02763   3314.03206   2.7279950   2.7620184   6.5339040 2026 01 14 14 23 14.67
0  -5824.76000  -2021.40460   3443.94852   2.8679215   2.8000085   6.4572410 2026 01 14 14 23 34.67
0  -5766.01221  -1965.03840   3572.30234   3.0066690   2.8363326   6.3776454 2026 01 14 14 23 54.67
0  -5704.50182  -1907.96249   3699.03522   3.1441699   2.8709776   6.2951533 2026 01 14 14 24 14.67
0  -5640.25444  -1850.21056   3824.08961   3.2803569   2.9039316   6.2098023 2026 01 14 14 24 34.67
0  -5573.29700  -1791.81655   3947.40872   3.4151634   2.9351834   6.1216310 2026 01 14 14 24 54.67
0  -5503.65778  -1732.81460   4068.93653   3.5485234   2.9647229   6.0306794 2026 01 14 14 25 14.67
0  -5431.36636  -1673.23906   4188.61786   3.6803715   2.9925411   5.9369888 2026 01 14 14 25 34.67
0  -5356.45362  -1613.12443   4306.39833   3.8106431   3.0186297   5.8406018 2026 01 14 14 25 54.67
0  -5278.95175  -1552.50537   4422.22447   3.9392741   3.0429817   5.7415621 2026 01 14 14 26 14.67
0  -5198.89418  -1491.41670   4536.04366   4.0662013   3.0655907   5.6399147 2026 01 14 14 26 34.67
0  -5116.31562  -1429.89331   4647.80420   4.1913623   3.0864517   5.5357057 2026 01 14 14 26 54.67
0  -5031.25201  -1367.97021   4757.45535   4.3146952   3.1055603   5.4289825 2026 01 14 14 27 14.67
0  -4943.74052  -1305.68249   4864.94728   4.4361394   3.1229132   5.3197934 2026 01 14 14 27 34.67
0  -4853.81953  -1243.06529   4970.23119   4.5556347   3.1385083   5.2081881 2026 01 14 14 27 54.67
0  -4761.52861  -1180.15377   5073.25924   4.6731221   3.1523441   5.0942172 2026 01 14 14 28 14.67
0  -4666.90849  -1116.98312   5173.98465   4.7885435   3.1644204   4.9779324 2026 01 14 14 28 34.67
0  -4570.00107  -1053.58854   5272.36165   4.9018416   3.1747377   4.8593864 2026 01 14 14 28 54.67
0  -4470.84939   -990.00519   5368.34557   5.0129601   3.1832977   4.7386330 2026 01 14 14 29 14.67
0  -4369.49759   -926.26819   5461.89279   5.1218439   3.1901028   4.6157269 2026 01 14 14 29 34.67
0  -4265.99091   -862.41260   5552.96082   5.2284385   3.1951566   4.4907239 2026 01 14 14 29 54.67
0  -4160.37567   -798.47342   5641.50829   5.3326910   3.1984634   4.3636805 2026 01 14 14 30 14.67
0  -4052.69922   -734.48552   5727.49496   5.4345492   3.2000288   4.2346545 2026 01 14 14 30 34.67
0  -3943.00998   -670.48368   5810.88176   5.5339621   3.1998590   4.1037041 2026 01 14 14 30 54.67
0  -3831.35734   -606.50252   5891.63080   5.6308798   3.1979612   3.9708886 2026 01 14 14 31 14.67
0  -3717.79171   -542.57654   5969.70538   5.7252536   3.1943436   3.8362683 2026 01 14 14 31 34.67
0  -3602.36443   -478.74003   6045.07000   5.8170360   3.1890153   3.6999040 2026 01 14 14 31 54.67
0  -3485.12780   -415.02711   6117.69040   5.9061807   3.1819863   3.5618573 2026 01 14 14 32 14.67
0  -3366.13503   -351.47169   6187.53355   5.9926425   3.1732674   3.4221909 2026 01 14 14 32 34.67
0  -3245.44022   -288.10745   6254.56770   6.0763775   3.1628705   3.2809677 2026 01 14 14 32 54.67
0  -3123.09832   -224.96782   6318.76235   6.1573431   3.1508082   3.1382516 2026 01 14 14 33 14.67
0  -2999.16516   -162.08599   6380.08828   6.2354979   3.1370939   2.9941072 2026 01 14 14 33 34.67
0  -2873.69734    -99.49484   6438.51757   6.3108020   3.1217422   2.8485996 2026 01 14 14 33 54.67
0  -2746.75227    -37.22698   6494.02362   6.3832165   3.1047681   2.7017945 2026 01 14 14 34 14.67
0  -2618.38812     24.68530   6546.58114   6.4527041   3.0861877   2.5537582 2026 01 14 14 34 34.67
0  -2488.66378     86.21006   6596.16618   6.5192288   3.0660179   2.4045576 2026 01 14 14 34 54.67
0  -2357.63888    147.31566   6642.75611   6.5827558   3.0442765   2.2542600 2026 01 14 14 35 14.67
0  -2225.37369    207.97088   6686.32969   6.6432518   3.0209819   2.1029333 2026 01 14 14 35 34.67
0  -2091.92915    268.14482   6726.86702   6.7006851   2.9961533   1.9506458 2026 01 14 14 35 54.67
0  -1957.36683    327.80701   6764.34955   6.7550251   2.9698108   1.7974663 2026 01 14 14 36 14.67
0  -1821.74889    386.92739   6798.76015   6.8062428   2.9419753   1.6434639 2026 01 14 14 36 34.67
0  -1685.13805    445.47630   6830.08305   6.8543106   2.9126682   1.4887081 2026 01 14 14 36 54.67
0  -1547.59758    503.42454   6858.30388   6.8992025   2.8819120   1.3332688 2026 01 14 14 37 14.67
0  -1409.19123    560.74335   6883.40967   6.9408936   2.8497295   1.1772161 2026 01 14 14 37 34.67
0  -1269.98327    617.40444   6905.38887   6.9793610   2.8161446   1.0206204 2026 01 14 14 37 54.67
0  -1130.03837    673.38001   6924.23131   7.0145829   2.7811816   0.8635525 2026 01 14 14 38 14.67
0   -989.42167    728.64274   6939.92826   7.0465391   2.7448656   0.7060832 2026 01 14 14 38 34.67
0   -848.19865    783.16583   6952.47241   7.0752111   2.7072223   0.5482837 2026 01 14 14 38 54.67
0   -706.43518    836.92300   6961.85786   7.1005818   2.6682782   0.3902252 2026 01 14 14 39 14.67
0   -564.19744    889.88850   6968.08015   7.1226354   2.6280602   0.2319790 2026 01 14 14 39 34.67
0   -421.55191    942.03713   6971.13623   7.1413582   2.5865960   0.0736168 2026 01 14 14 39 54.67
0   -278.56535    993.34424   6971.02452   7.1567375   2.5439137  -0.0847901 2026 01 14 14 40 14.67
0   -135.30472   1043.78576   6967.74482   7.1687626   2.5000423  -0.2431698 2026 01 14 14 40 34.67
0      8.16279   1093.33821   6961.29839   7.1774240   2.4550111  -0.4014510 2026 01 14 14 40 54.67
0    151.76983   1141.97868   6951.68793   7.1827141   2.4088499  -0.5595619 2026 01 14 14 41 14.67
0    295.44891   1189.68488   6938.91756   7.1846267   2.3615892  -0.7174311 2026 01 14 14 41 34.67
0    439.13242   1236.43512   6922.99281   7.1831572   2.3132600  -0.8749870 2026 01 14 14 41 54.67
0    582.75271   1282.20836   6903.92069   7.1783027   2.2638937  -1.0321584 2026 01 14 14 42 14.67
0    726.24204   1326.98416   6881.70957   7.1700618   2.2135222  -1.1888741 2026 01 14 14 42 34.67
0    869.53270   1370.74274   6856.36930   7.1584347   2.1621779  -1.3450630 2026 01 14 14 42 54.67
0   1012.55697   1413.46498   6827.91111   7.1434233   2.1098936  -1.5006543 2026 01 14 14 43 14.67
0   1155.24720   1455.13242   6796.34766   7.1250310   2.0567025  -1.6555774 2026 01 14 14 43 34.67
0   1297.53583   1495.72724   6761.69303   7.1032629   2.0026383  -1.8097620 2026 01 14 14 43 54.67
0   1439.35539   1535.23233   6723.96267   7.0781256   1.9477351  -1.9631381 2026 01 14 14 44 14.67
0   1580.63860   1573.63125   6683.17346   7.0496275   1.8920270  -2.1156360 2026 01 14 14 44 34.67
0   1721.31832   1610.90824   6639.34366   7.0177784   1.8355490  -2.2671863 2026 01 14 14 44 54.67
0   1861.32765   1647.04827   6592.49291   6.9825899   1.7783361  -2.4177200 2026 01 14 14 45 14.67
0   2000.59993   1682.03699   6542.64221   6.9440750   1.7204235  -2.5671688 2026 01 14 14 45 34.67
0   2139.06878   1715.86075   6489.81397   6.9022485   1.6618470  -2.7154643 2026 01 14 14 45 54.67
0   2276.66813   1748.50664   6434.03190   6.8571267   1.6026425  -2.8625391 2026 01 14 14 46 14.67
0   2413.33225   1779.96246   6375.32111   6.8087276   1.5428461  -3.0083261 2026 01 14 14 46 34.67
0   2548.99578   1810.21673   6313.70802   6.7570706   1.4824941  -3.1527586 2026 01 14 14 46 54.67
0   2683.59377   1839.25871   6249.22036   6.7021769   1.4216233  -3.2957707 2026 01 14 14 47 14.67
0   2817.06172   1867.07840   6181.88721   6.6440692   1.3602703  -3.4372970 2026 01 14 14 47 34.67
0   2949.33559   1893.66650   6111.73893   6.5827717   1.2984721  -3.5772727 2026 01 14 14 47 54.67
0   3080.35183   1919.01450   6038.80718   6.5183102   1.2362657  -3.7156338 2026 01 14 14 48 14.67
0   3210.04744   1943.11460   5963.12487   6.4507123   1.1736885  -3.8523169 2026 01 14 14 48 34.67
0   3338.35998   1965.95976   5884.72620   6.3800068   1.1107776  -3.9872592 2026 01 14 14 48 54.67
0   3465.22759   1987.54367   5803.64660   6.3062243   1.0475705  -4.1203988 2026 01 14 14 49 14.67
0   3590.58905   2007.86078   5719.92274   6.2293967   0.9841047  -4.2516746 2026 01 14 14 49 34.67
0   3714.38380   2026.90631   5633.59250   6.1495577   0.9204175  -4.3810263 2026 01 14 14 49 54.67
0   3836.55196   2044.67618   5544.69495   6.0667422   0.8565466  -4.5083943 2026 01 14 14 50 14.67
0   3957.03434   2061.16711   5453.27036   5.9809869   0.7925294  -4.6337200 2026 01 14 14 50 34.67
0   4075.77255   2076.37655   5359.36016   5.8923297   0.7284034  -4.7569458 2026 01 14 14 50 54.67
0   4192.70893   2090.30268   5263.00690   5.8008101   0.6642061  -4.8780147 2026 01 14 14 51 14.67
0   4307.78664   2102.94447   5164.25429   5.7064692   0.5999749  -4.9968710 2026 01 14 14 51 34.67
0   4420.94967   2114.30160   5063.14712   5.6093493   0.5357469  -5.1134597 2026 01 14 14 51 54.67
0   4532.14288   2124.37451   4959.73130   5.5094941   0.4715595  -5.2277271 2026 01 14 14 52 14.67
0   4641.31202   2133.16438   4854.05377   5.4069489   0.4074496  -5.3396203 2026 01 14 14 52 34.67
0   4748.40374   2140.67313   4746.16253   5.3017602   0.3434541  -5.4490876 2026 01 14 14 52 54.67
0   4853.36565   2146.90342   4636.10662   5.1939760   0.2796099  -5.5560784 2026 01 14 14 53 14.67
0   4956.14633   2151.85864   4523.93606   5.0836455   0.2159533  -5.6605430 2026 01 14 14 53 34.67
0   5056.69536   2155.54290   4409.70187   4.9708193   0.1525208  -5.7624332 2026 01 14 14 53 54.67
0   5154.96334   2157.96105   4293.45599   4.8555492   0.0893484  -5.8617017 2026 01 14 14 54 14.67
0   5250.90192   2159.11865   4175.25133   4.7378885   0.0264720  -5.9583025 2026 01 14 14 54 34.67
0   5344.46383   2159.02197   4055.14170   4.6178913  -0.0360729  -6.0521907 2026 01 14 14 54 54.67
0   5435.60289   2157.67800   3933.18177   4.4956135  -0.0982510  -6.1433230 2026 01 14 14 55 14.67
0   5524.27405   2155.09442   3809.42711   4.3711117  -0.1600274  -6.2316568 2026 01 14 14 55 34.67
0   5610.43342   2151.27962   3683.93407   4.2444439  -0.2213674  -6.3171514 2026 01 14 14 55 54.67
0   5694.03825   2146.24266   3556.75986   4.1156692  -0.2822369  -6.3997670 2026 01 14 14 56 14.67
0   5775.04702   2139.99329   3427.96244   3.9848478  -0.3426019  -6.4794652 2026 01 14 14 56 34.67
0   5853.41939   2132.54194   3297.60052   3.8520409  -0.4024290  -6.5562091 2026 01 14 14 56 54.67
0   5929.11628   2123.89970   3165.73356   3.7173109  -0.4616851  -6.6299631 2026 01 14 14 57 14.67
0   6002.09986   2114.07832   3032.42169   3.5807212  -0.5203376  -6.7006929 2026 01 14 14 57 34.67
0   6072.33357   2103.09018   2897.72573   3.4423360  -0.5783543  -6.7683657 2026 01 14 14 57 54.67
0   6139.78216   2090.94833   2761.70714   3.3022207  -0.6357036  -6.8329503 2026 01 14 14 58 14.67
0   6204.41168   2077.66642   2624.42798   3.1604415  -0.6923541  -6.8944166 2026 01 14 14 58 34.67
0   6266.18952   2063.25875   2485.95090   3.0170654  -0.7482753  -6.9527363 2026 01 14 14 58 54.67
0   6325.08443   2047.74019   2346.33912   2.8721604  -0.8034369  -7.0078823 2026 01 14 14 59 14.67
0   6381.06650   2031.12624   2205.65636   2.7257952  -0.8578093  -7.0598293 2026 01 14 14 59 34.67
0   6434.10724   2013.43297   2063.96684   2.5780395  -0.9113635  -7.1085532 2026 01 14 14 59 54.67
0   6484.17953   1994.67703   1921.33526   2.4289634  -0.9640710  -7.1540316 2026 01 14 15 00 14.67
0   6531.25767   1974.87564   1777.82674   2.2786381  -1.0159039  -7.1962437 2026 01 14 15 00 34.67
0   6575.31740   1954.04656   1633.50680   2.1271351  -1.0668349  -7.2351701 2026 01 14 15 00 54.67
0   6616.33588   1932.20810   1488.44133   1.9745268  -1.1168374  -7.2707930 2026 01 14 15 01 14.67
0   6654.29173   1909.37909   1342.69658   1.8208861  -1.1658853  -7.3030962 2026 01 14 15 01 34.67
0   6689.16505   1885.57888   1196.33908   1.6662863  -1.2139533  -7.3320650 2026 01 14 15 01 54.67
0   6720.93738   1860.82731   1049.43565   1.5108016  -1.2610168  -7.3576865 2026 01 14 15 02 14.67
0   6749.59177   1835.14471    902.05337   1.3545064  -1.3070517  -7.3799492 2026 01 14 15 02 34.67
0   6775.11277   1808.55190    754.25950   1.1974755  -1.3520348  -7.3988432 2026 01 14 15 02 54.67
0   6797.48640   1781.07013    606.12152   1.0397842  -1.3959434  -7.4143602 2026 01 14 15 03 14.67
0   6816.70023   1752.72111    457.70702   0.8815082  -1.4387557  -7.4264937 2026 01 14 15 03 34.67
0   6832.74330   1723.52699    309.08373   0.7227235  -1.4804505  -7.4352385 2026 01 14 15 03 54.67
0   6845.60622   1693.51032    160.31947   0.5635062  -1.5210075  -7.4405913 2026 01 14 15 04 14.67
0   6855.28110   1662.69405     11.48209   0.4039329  -1.5604071  -7.4425503 2026 01 14 15 04 34.67
0   6861.76157   1631.10152   -137.36052   0.2440801  -1.5986304  -7.4411152 2026 01 14 15 04 54.67
0   6865.04283   1598.75643   -286.14049   0.0840249  -1.6356593  -7.4362874 2026 01 14 15 05 14.67
0   6865.12158   1565.68287   -434.79000  -0.0761560  -1.6714765  -7.4280700 2026 01 14 15 05 34.67
0   6861.99610   1531.90521   -583.24130  -0.2363856  -1.7060656  -7.4164676 2026 01 14 15 05 54.67
0   6855.66617   1497.44818   -731.42675  -0.3965867  -1.7394107  -7.4014864 2026 01 14 15 06 14.67
0   6846.13314   1462.33682   -879.27884  -0.5566825  -1.7714972  -7.3831343 2026 01 14 15 06 34.67
0   6833.39988   1426.59644  -1026.73025  -0.7165959  -1.8023108  -7.3614206 2026 01 14 15 06 54.67
0   6817.47082   1390.25263  -1173.71385  -0.8762500  -1.8318383  -7.3363564 2026 01 14 15 07 14.67
0   6798.35189   1353.33123  -1320.16276  -1.0355682  -1.8600674  -7.3079543 2026 01 14 15 07 34.67
0   6776.05060   1315.85834  -1466.01036  -1.1944738  -1.8869864  -7.2762283 2026 01 14 15 07 54.67
0   6750.57595   1277.86026  -1611.19033  -1.3528906  -1.9125846  -7.2411942 2026 01 14 15 08 14.67
0   6721.93849   1239.36351  -1755.63667  -1.5107425  -1.9368521  -7.2028692 2026 01 14 15 08 34.67
0   6690.15026   1200.39479  -1899.28375  -1.6679536  -1.9597798  -7.1612721 2026 01 14 15 08 54.67
0   6655.22485   1160.98100  -2042.06633  -1.8244485  -1.9813597  -7.1164232 2026 01 14 15 09 14.67
0   6617.17733   1121.14915  -2183.91959  -1.9801522  -2.0015842  -7.0683443 2026 01 14 15 09 34.67
0   6576.02427   1080.92642  -2324.77916  -2.1349900  -2.0204469  -7.0170588 2026 01 14 15 09 54.67
0   6531.78372   1040.34010  -2464.58115  -2.2888877  -2.0379422  -6.9625914 2026 01 14 15 10 14.67
0   6484.47525    999.41760  -2603.26219  -2.4417715  -2.0540652  -6.9049683 2026 01 14 15 10 34.67
0   6434.11984    958.18640  -2740.75943  -2.5935684  -2.0688121  -6.8442173 2026 01 14 15 10 54.67
0   6380.73997    916.67405  -2877.01062  -2.7442055  -2.0821797  -6.7803675 2026 01 14 15 11 14.67
0   6324.35956    874.90817  -3011.95407  -2.8936110  -2.0941659  -6.7134494 2026 01 14 15 11 34.67
0   6265.00395    832.91639  -3145.52874  -3.0417135  -2.1047692  -6.6434951 2026 01 14 15 11 54.67
0   6202.69992    790.72639  -3277.67424  -3.1884422  -2.1139891  -6.5705377 2026 01 14 15 12 14.67
0   6137.47563    748.36582  -3408.33084  -3.3337271  -2.1218259  -6.4946119 2026 01 14 15 12 34.67
0   6069.36066    705.86234  -3537.43955  -3.4774990  -2.1282809  -6.4157539 2026 01 14 15 12 54.67
0   5998.38596    663.24356  -3664.94208  -3.6196893  -2.1333559  -6.3340008 2026 01 14 15 13 14.67
0   5924.58384    620.53707  -3790.78092  -3.7602304  -2.1370538  -6.2493914 2026 01 14 15 13 34.67
0   5847.98794    577.77036  -3914.89934  -3.8990555  -2.1393783  -6.1619654 2026 01 14 15 13 54.67
0   5768.63325    534.97087  -4037.24141  -4.0360985  -2.1403338  -6.0717640 2026 01 14 15 14 14.67
0   5686.55607    492.16591  -4157.75206  -4.1712945  -2.1399256  -5.9788296 2026 01 14 15 14 34.67
0   5601.79398    449.38270  -4276.37706  -4.3045791  -2.1381599  -5.8832057 2026 01 14 15 14 54.67
0   5514.38583    406.64833  -4393.06306  -4.4358894  -2.1350435  -5.7849370 2026 01 14 15 15 14.67
0   5424.37175    363.98974  -4507.75762  -4.5651630  -2.1305841  -5.6840694 2026 01 14 15 15 34.67
0   5331.79306    321.43369  -4620.40923  -4.6923388  -2.1247903  -5.5806499 2026 01 14 15 15 54.67
0   5236.69234    279.00679  -4730.96734  -4.8173567  -2.1176712  -5.4747267 2026 01 14 15 16 14.67
0   5139.11333    236.73544  -4839.38236  -4.9401576  -2.1092370  -5.3663488 2026 01 14 15 16 34.67
0   5039.10096    194.64584  -4945.60570  -5.0606836  -2.0994984  -5.2555666 2026 01 14 15 16 54.67
0   4936.70129    152.76396  -5049.58978  -5.1788778  -2.0884670  -5.1424312 2026 01 14 15 17 14.67
0   4831.96151    111.11553  -5151.28806  -5.2946845  -2.0761551  -5.0269949 2026 01 14 15 17 34.67
0   4724.92993     69.72605  -5250.65505  -5.4080493  -2.0625756  -4.9093110 2026 01 14 15 17 54.67
0   4615.65591     28.62071  -5347.64634  -5.5189187  -2.0477424  -4.7894336 2026 01 14 15 18 14.67
0   4504.18989    -12.17554  -5442.21862  -5.6272406  -2.0316698  -4.6674178 2026 01 14 15 18 34.67
0   4390.58332    -52.63808  -5534.32966  -5.7329643  -2.0143731  -4.5433195 2026 01 14 15 18 54.67
0   4274.88867    -92.74257  -5623.93838  -5.8360400  -1.9958680  -4.4171955 2026 01 14 15 19 14.67
0   4157.15939   -132.46501  -5711.00486  -5.9364193  -1.9761711  -4.2891036 2026 01 14 15 19 34.67
0   4037.44986   -171.78173  -5795.49030  -6.0340554  -1.9552996  -4.1591022 2026 01 14 15 19 54.67
0   3915.81542   -210.66943  -5877.35712  -6.1289023  -1.9332712  -4.0272505 2026 01 14 15 20 14.67
0   3792.31230   -249.10514  -5956.56890  -6.2209158  -1.9101044  -3.8936085 2026 01 14 15 20 34.67
0   3666.99759   -287.06630  -6033.09045  -6.3100527  -1.8858182  -3.7582370 2026 01 14 15 20 54.67
0   3539.92925   -324.53070  -6106.88778  -6.3962713  -1.8604324  -3.6211972 2026 01 14 15 21 14.67
0   3411.16605   -361.47655  -6177.92815  -6.4795314  -1.8339673  -3.4825514 2026 01 14 15 21 34.67
0   3280.76755   -397.88249  -6246.18006  -6.5597939  -1.8064437  -3.3423622 2026 01 14 15 21 54.67
0   3148.79407   -433.72754  -6311.61328  -6.6370215  -1.7778830  -3.2006930 2026 01 14 15 22 14.67
0   3015.30668   -468.99119  -6374.19885  -6.7111779  -1.7483071  -3.0576075 2026 01 14 15 22 34.67
0   2880.36716   -503.65336  -6433.90908  -6.7822286  -1.7177387  -2.9131704 2026 01 14 15 22 54.67
0   2744.03794   -537.69443  -6490.71758  -6.8501402  -1.6862008  -2.7674466 2026 01 14 15 23 14.67
0   2606.38214   -571.09524  -6544.59928  -6.9148812  -1.6537168  -2.6205014 2026 01 14 15 23 34.67
0   2467.46347   -603.83712  -6595.53041  -6.9764212  -1.6203109  -2.4724010 2026 01 14 15 23 54.67
0   2327.34623   -635.90185  -6643.48852  -7.0347313  -1.5860076  -2.3232117 2026 01 14 15 24 14.67
0   2186.09532   -667.27176  -6688.45250  -7.0897843  -1.5508317  -2.1730002 2026 01 14 15 24 34.67
0   2043.77611   -697.92963  -6730.40259  -7.1415544  -1.5148089  -2.0218339 2026 01 14 15 24 54.67
0   1900.45453   -727.85879  -6769.32035  -7.1900173  -1.4779648  -1.8697801 2026 01 14 15 25 14.67
0   1756.19694   -757.04307  -6805.18871  -7.2351501  -1.4403258  -1.7169068 2026 01 14 15 25 34.67
0   1611.07017   -785.46685  -6837.99197  -7.2769317  -1.4019185  -1.5632822 2026 01 14 15 25 54.67
0   1465.14143   -813.11502  -6867.71578  -7.3153422  -1.3627700  -1.4089747 2026 01 14 15 26 14.67
0   1318.47833   -839.97303  -6894.34717  -7.3503636  -1.3229077  -1.2540531 2026 01 14 15 26 34.67
0   1171.14884   -866.02689  -6917.87455  -7.3819791  -1.2823594  -1.0985861 2026 01 14 15 26 54.67
0   1023.22121   -891.26316  -6938.28769  -7.4101736  -1.2411531  -0.9426430 2026 01 14 15 27 14.67
0    874.76401   -915.66895  -6955.57777  -7.4349336  -1.1993172  -0.7862931 2026 01 14 15 27 34.67
0    725.84604   -939.23197  -6969.73735  -7.4562471  -1.1568806  -0.6296057 2026 01 14 15 27 54.67
0    576.53636   -961.94049  -6980.76036  -7.4741037  -1.1138721  -0.4726504 2026 01 14 15 28 14.67
0    426.90419   -983.78336  -6988.64215  -7.4884945  -1.0703210  -0.3154967 2026 01 14 15 28 34.67
0    277.01891  -1004.75003  -6993.37944  -7.4994122  -1.0262569  -0.1582144 2026 01 14 15 28 54.67
0    126.95007  -1024.83053  -6994.97037  -7.5068511  -0.9817094  -0.0008732 2026 01 14 15 29 14.67
0    -23.23274  -1044.01549  -6993.41444  -7.5108070  -0.9367086   0.1564574 2026 01 14 15 29 34.67
0   -173.45980  -1062.29615  -6988.71257  -7.5112773  -0.8912845   0.3137075 2026 01 14 15 29 54.67
0   -323.66141  -1079.66435  -6980.86706  -7.5082610  -0.8454676   0.4708075 2026 01 14 15 30 14.67
0   -473.76782  -1096.11253  -6969.88161  -7.5017588  -0.7992883   0.6276880 2026 01 14 15 30 34.67
0   -623.70934  -1111.63375  -6955.76131  -7.4917727  -0.7527772   0.7842794 2026 01 14 15 30 54.67
0   -773.41633  -1126.22169  -6938.51263  -7.4783064  -0.7059652   0.9405125 2026 01 14 15 31 14.67
0   -922.81922  -1139.87063  -6918.14342  -7.4613652  -0.6588830   1.0963182 2026 01 14 15 31 34.67
0  -1071.84859  -1152.57548  -6894.66293  -7.4409560  -0.6115618   1.2516274 2026 01 14 15 31 54.67
0  -1220.43515  -1164.33178  -6868.08178  -7.4170873  -0.5640326   1.4063714 2026 01 14 15 32 14.67
0  -1368.50982  -1175.13566  -6838.41195  -7.3897689  -0.5163264   1.5604816 2026 01 14 15 32 34.67
0  -1516.00371  -1184.98391  -6805.66681  -7.3590125  -0.4684745   1.7138900 2026 01 14 15 32 54.67
0  -1662.84818  -1193.87391  -6769.86107  -7.3248312  -0.4205080   1.8665284 2026 01 14 15 33 14.67
0  -1808.97488  -1201.80370  -6731.01081  -7.2872396  -0.3724582   2.0183292 2026 01 14 15 33 34.67
0  -1954.31578  -1208.77192  -6689.13345  -7.2462540  -0.3243561   2.1692253 2026 01 14 15 33 54.67
0  -2098.80315  -1214.77783  -6644.24776  -7.2018922  -0.2762331   2.3191495 2026 01 14 15 34 14.67
0  -2242.36966  -1219.82132  -6596.37384  -7.1541734  -0.2281202   2.4680355 2026 01 14 15 34 34.67
0  -2384.94838  -1223.90292  -6545.53313  -7.1031184  -0.1800484   2.6158171 2026 01 14 15 34 54.67
0  -2526.47281  -1227.02374  -6491.74837  -7.0487498  -0.1320488   2.7624287 2026 01 14 15 35 14.67
0  -2666.87691  -1229.18555  -6435.04360  -6.9910912  -0.0841522   2.9078051 2026 01 14 15 35 34.67
0  -2806.09514  -1230.39072  -6375.44419  -6.9301683  -0.0363895   3.0518817 2026 01 14 15 35 54.67
0  -2944.06246  -1230.64222  -6312.97678  -6.8660078   0.0112089   3.1945943 2026 01 14 15 36 14.67
0  -3080.71441  -1229.94365  -6247.66928  -6.7986381   0.0586122   3.3358793 2026 01 14 15 36 34.67
0  -3215.98711  -1228.29921  -6179.55087  -6.7280893   0.1057903   3.4756739 2026 01 14 15 36 54.67
0  -3349.81727  -1225.71372  -6108.65199  -6.6543925   0.1527129   3.6139155 2026 01 14 15 37 14.67
0  -3482.14228  -1222.19257  -6035.00432  -6.5775807   0.1993501   3.7505424 2026 01 14 15 37 34.67
0  -3612.90016  -1217.74178  -5958.64077  -6.4976881   0.2456722   3.8854937 2026 01 14 15 37 54.67
0  -3742.02966  -1212.36795  -5879.59546  -6.4147504   0.2916496   4.0187088 2026 01 14 15 38 14.67
0  -3869.47024  -1206.07826  -5797.90370  -6.3288049   0.3372531   4.1501281 2026 01 14 15 38 34.67
0  -3995.16214  -1198.88048  -5713.60201  -6.2398900   0.3824537   4.2796928 2026 01 14 15 38 54.67
0  -4119.04635  -1190.78296  -5626.72806  -6.1480457   0.4272227   4.4073445 2026 01 14 15 39 14.67
0  -4241.06471  -1181.79461  -5537.32069  -6.0533134   0.4715316   4.5330261 2026 01 14 15 39 34.67
0  -4361.15988  -1171.92492  -5445.41987  -5.9557358   0.5153524   4.6566808 2026 01 14 15 39 54.67
0  -4479.27540  -1161.18393  -5351.06669  -5.8553570   0.5586572   4.7782531 2026 01 14 15 40 14.67
0  -4595.35569  -1149.58223  -5254.30336  -5.7522224   0.6014187   4.8976880 2026 01 14 15 40 34.67
0  -4709.34609  -1137.13096  -5155.17317  -5.6463787   0.6436097   5.0149317 2026 01 14 15 40 54.67
0  -4821.19292  -1123.84179  -5053.72047  -5.5378740   0.6852036   5.1299311 2026 01 14 15 41 14.67
0  -4930.84344  -1109.72695  -4949.99067  -5.4267576   0.7261741   5.2426342 2026 01 14 15 41 34.67
0  -5038.24593  -1094.79914  -4844.03021  -5.3130800   0.7664954   5.3529898 2026 01 14 15 41 54.67
0  -5143.34967  -1079.07162  -4735.88654  -5.1968932   0.8061418   5.4609479 2026 01 14 15 42 14.67
0  -5246.10501  -1062.55812  -4625.60811  -5.0782502   0.8450885   5.5664594 2026 01 14 15 42 34.67
0  -5346.46337  -1045.27290  -4513.24434  -4.9572053   0.8833109   5.6694762 2026 01 14 15 42 54.67
0  -5444.37727  -1027.23068  -4398.84558  -4.8338138   0.9207848   5.7699514 2026 01 14 15 43 14.67
0  -5539.80033  -1008.44666  -4282.46313  -4.7081323   0.9574867   5.8678391 2026 01 14 15 43 34.67
0  -5632.68734   -988.93652  -4164.14920  -4.5802187   0.9933934   5.9630944 2026 01 14 15 43 54.67
0  -5722.99424   -968.71639  -4043.95686  -4.4501317   1.0284823   6.0556739 2026 01 14 15 44 14.67
0  -5810.67816   -947.80285  -3921.94007  -4.3179313   1.0627314   6.1455349 2026 01 14 15 44 34.67
0  -5895.69745   -926.21290  -3798.15360  -4.1836785   1.0961191   6.2326363 2026 01 14 15 44 54.67
0  -5978.01167   -903.96399  -3672.65305  -4.0474351   1.1286245   6.3169379 2026 01 14 15 45 14.67
0  -6057.58164   -881.07398  -3545.49481  -3.9092644   1.1602270   6.3984009 2026 01 14 15 45 34.67
0  -6134.36946   -857.56110  -3416.73603  -3.7692302   1.1909069   6.4769876 2026 01 14 15 45 54.67
0  -6208.33850   -833.44402  -3286.43459  -3.6273975   1.2206450   6.5526616 2026 01 14 15 46 14.67
0  -6279.45345   -808.74176  -3154.64911  -3.4838321   1.2494225   6.6253880 2026 01 14 15 46 34.67
0  -6347.68034   -783.47370  -3021.43888  -3.3386007   1.2772215   6.6951330 2026 01 14 15 46 54.67
0  -6412.98650   -757.65960  -2886.86385  -3.1917711   1.3040245   6.7618640 2026 01 14 15 47 14.67
0  -6475.34066   -731.31954  -2750.98461  -3.0434115   1.3298148   6.8255500 2026 01 14 15 47 34.67
0  -6534.71292   -704.47393  -2613.86237  -2.8935912   1.3545763   6.8861612 2026 01 14 15 47 54.67
0  -6591.07476   -677.14352  -2475.55890  -2.7423802   1.3782934   6.9436693 2026 01 14 15 48 14.67
0  -6644.39907   -649.34933  -2336.13654  -2.5898492   1.4009514   6.9980472 2026 01 14 15 48 34.67
0  -6694.66016   -621.11269  -2195.65814  -2.4360695   1.4225362   7.0492695 2026 01 14 15 48 54.67
0  -6741.83379   -592.45521  -2054.18707  -2.2811132   1.4430344   7.0973119 2026 01 14 15 49 14.67
0  -6785.89714   -563.39873  -1911.78715  -2.1250531   1.4624331   7.1421516 2026 01 14 15 49 34.67
0  -6826.82888   -533.96538  -1768.52265  -1.9679623   1.4807204   7.1837676 2026 01 14 15 49 54.67
0  -6864.60912   -504.17748  -1624.45824  -1.8099148   1.4978850   7.2221398 2026 01 14 15 50 14.67
0  -6899.21947   -474.05762  -1479.65899  -1.6509847   1.5139163   7.2572500 2026 01 14 15 50 34.67
0  -6930.64304   -443.62854  -1334.19030  -1.4912471   1.5288043   7.2890813 2026 01 14 15 50 54.67
0  -6958.86441   -412.91321  -1188.11790  -1.3307770   1.5425400   7.3176184 2026 01 14 15 51 14.67
0  -6983.86971   -381.93476  -1041.50783  -1.1696503   1.5551149   7.3428474 2026 01 14 15 51 34.67
0  -7005.64655   -350.71649   -894.42636  -1.0079429   1.5665214   7.3647560 2026 01 14 15 51 54.67
0  -7024.18409   -319.28182   -746.94001  -0.8457312   1.5767526   7.3833334 2026 01 14 15 52 14.67
0  -7039.47300   -287.65434   -599.11551  -0.6830919   1.5858023   7.3985702 2026 01 14 15 52 34.67
0  -7051.50551   -255.85772   -451.01975  -0.5201019   1.5936651   7.4104587 2026 01 14 15 52 54.67
0  -7060.27536   -223.91574   -302.71975  -0.3568383   1.6003365   7.4189928 2026 01 14 15 53 14.67
0  -7065.77787   -191.85229   -154.28265  -0.1933784   1.6058124   7.4241677 2026 01 14 15 53 34.67
0  -7068.00987   -159.69130     -5.77566  -0.0297997   1.6100899   7.4259803 2026 01 14 15 53 54.67
0  -7066.96977   -127.45676    142.73394   0.1338202   1.6131666   7.4244290 2026 01 14 15 54 14.67
0  -7062.65751    -95.17270    291.17888   0.2974039   1.6150409   7.4195140 2026 01 14 15 54 34.67
0  -7055.07460    -62.86319    439.49190   0.4608737   1.6157121   7.4112367 2026 01 14 15 54 54.67
0  -7044.22409    -30.55228    587.60579   0.6241520   1.6151802   7.3996001 2026 01 14 15 55 14.67
0  -7030.11058      1.73597    735.45339   0.7871612   1.6134458   7.3846091 2026 01 14 15 55 34.67
0  -7012.74023     33.97752    882.96769   0.9498240   1.6105107   7.3662698 2026 01 14 15 55 54.67
0  -6992.12074     66.14838   1030.08180   1.1120631   1.6063770   7.3445900 2026 01 14 15 56 14.67
0  -6968.26136     98.22462   1176.72898   1.2738014   1.6010479   7.3195789 2026 01 14 15 56 34.67
0  -6941.17286    130.18235   1322.84273   1.4349620   1.5945272   7.2912476 2026 01 14 15 56 54.67
0  -6910.86758    161.99780   1468.35676   1.5954682   1.5868196   7.2596083 2026 01 14 15 57 14.67
0  -6877.35935    193.64727   1613.20506   1.7552439   1.5779303   7.2246751 2026 01 14 15 57 34.67
0  -6840.66355    225.10719   1757.32188   1.9142130   1.5678657   7.1864633 2026 01 14 15 57 54.67
0  -6800.79706    256.35413   1900.64183   2.0723000   1.5566326   7.1449901 2026 01 14 15 58 14.67
0  -6757.77829    287.36479   2043.09987   2.2294296   1.5442386   7.1002738 2026 01 14 15 58 34.67
0  -6711.62711    318.11604   2184.63133   2.3855271   1.5306922   7.0523346 2026 01 14 15 58 54.67
0  -6662.36493    348.58491   2325.17196   2.5405184   1.5160026   7.0011938 2026 01 14 15 59 14.67
0  -6610.01459    378.74864   2464.65795   2.6943298   1.5001795   6.9468745 2026 01 14 15 59 34.67
0  -6554.60044    408.58467   2603.02599   2.8468880   1.4832337   6.8894012 2026 01 14 15 59 54.67
0  -6496.14825    438.07065   2740.21325   2.9981207   1.4651765   6.8287997 2026 01 14 16 00 14.67
0  -6434.68525    467.18448   2876.15743   3.1479559   1.4460199   6.7650974 2026 01 14 16 00 34.67
0  -6370.24012    495.90429   3010.79680   3.2963225   1.4257767   6.6983232 2026 01 14 16 00 54.67
0  -6302.84292    524.20849   3144.07022   3.4431500   1.4044605   6.6285071 2026 01 14 16 01 14.67
0  -6232.52514    552.07575   3275.91717   3.5883686   1.3820853   6.5556808 2026 01 14 16 01 34.67
0  -6159.31965    579.48505   3406.27778   3.7319094   1.3586660   6.4798773 2026 01 14 16 01 54.67
0  -6083.26067    606.41565   3535.09283   3.8737044   1.3342182   6.4011310 2026 01 14 16 02 14.67
0  -6004.38381    632.84715   3662.30383   4.0136862   1.3087580   6.3194775 2026 01 14 16 02 34.67
0  -5922.72599    658.75946   3787.85300   4.1517885   1.2823023   6.2349539 2026 01 14 16 02 54.67
0  -5838.32545    684.13285   3911.68332   4.2879457   1.2548686   6.1475986 2026 01 14 16 03 14.67
0  -5751.22175    708.94793   4033.73854   4.4220935   1.2264750   6.0574512 2026 01 14 16 03 34.67
0  -5661.45571    733.18570   4153.96324   4.5541682   1.1971402   5.9645526 2026 01 14 16 03 54.67
0  -5569.06942    756.82753   4272.30281   4.6841074   1.1668836   5.8689450 2026 01 14 16 04 14.67
0  -5474.10621    779.85518   4388.70350   4.8118495   1.1357251   5.7706718 2026 01 14 16 04 34.67
0  -5376.61061    802.25080   4503.11243   4.9373342   1.1036853   5.6697777 2026 01 14 16 04 54.67
0  -5276.62839    823.99700   4615.47766   5.0605021   1.0707853   5.5663083 2026 01 14 16 05 14.67
0  -5174.20644    845.07677   4725.74813   5.1812952   1.0370468   5.4603108 2026 01 14 16 05 34.67
0  -5069.39286    865.47357   4833.87377   5.2996563   1.0024919   5.3518332 2026 01 14 16 05 54.67
0  -4962.23683    885.17130   4939.80547   5.4155296   0.9671434   5.2409247 2026 01 14 16 06 14.67
0  -4852.78865    904.15432   5043.49510   5.5288604   0.9310246   5.1276357 2026 01 14 16 06 34.67
0  -4741.09973    922.40746   5144.89557   5.6395955   0.8941592   5.0120177 2026 01 14 16 06 54.67
0  -4627.22248    939.91602   5243.96082   5.7476825   0.8565714   4.8941229 2026 01 14 16 07 14.67
0  -4511.21040    956.66581   5340.64585   5.8530707   0.8182861   4.7740050 2026 01 14 16 07 34.67
0  -4393.11794    972.64313   5434.90673   5.9557106   0.7793284   4.6517183 2026 01 14 16 07 54.67
0  -4273.00057    987.83477   5526.70065   6.0555537   0.7397239   4.5273183 2026 01 14 16 08 14.67
0  -4150.91469   1002.22808   5615.98590   6.1525533   0.6994986   4.4008614 2026 01 14 16 08 34.67
0  -4026.91763   1015.81090   5702.72192   6.2466639   0.6586791   4.2724049 2026 01 14 16 08 54.67
0  -3901.06761   1028.57160   5786.86928   6.3378412   0.6172922   4.1420069 2026 01 14 16 09 14.67
0  -3773.42373   1040.49912   5868.38976   6.4260426   0.5753652   4.0097265 2026 01 14 16 09 34.67
0  -3644.04592   1051.58292   5947.24630   6.5112267   0.5329256   3.8756236 2026 01 14 16 09 54.67
0  -3512.99493   1061.81303   6023.40305   6.5933538   0.4900014   3.7397589 2026 01 14 16 10 14.67
0  -3380.33229   1071.18005   6096.82540   6.6723852   0.4466209   3.6021939 2026 01 14 16 10 34.67
0  -3246.12028   1079.67514   6167.47995   6.7482843   0.4028127   3.4629907 2026 01 14 16 10 54.67
0  -3110.42192   1087.29002   6235.33458   6.8210154   0.3586057   3.3222123 2026 01 14 16 11 14.67
0  -2973.30089   1094.01701   6300.35841   6.8905447   0.3140290   3.1799225 2026 01 14 16 11 34.67
0  -2834.82157   1099.84901   6362.52186   6.9568397   0.2691121   3.0361854 2026 01 14 16 11 54.67
0  -2695.04894   1104.77952   6421.79663   7.0198697   0.2238847   2.8910660 2026 01 14 16 12 14.67
0  -2554.04862   1108.80263   6478.15574   7.0796051   0.1783766   2.7446300 2026 01 14 16 12 34.67
0  -2411.88676   1111.91301   6531.57350   7.1360184   0.1326180   2.5969434 2026 01 14 16 12 54.67
0  -2268.63008   1114.10596   6582.02557   7.1890832   0.0866391   2.4480730 2026 01 14 16 13 14.67
0  -2124.34580   1115.37739   6629.48896   7.2387750   0.0404705   2.2980860 2026 01 14 16 13 34.67
0  -1979.10161   1115.72380   6673.94200   7.2850707  -0.0058572   2.1470501 2026 01 14 16 13 54.67
0  -1832.96565   1115.14231   6715.36440   7.3279489  -0.0523133   1.9950335 2026 01 14 16 14 14.67
0  -1686.00646   1113.63068   6753.73723   7.3673897  -0.0988669   1.8421048 2026 01 14 16 14 34.67
0  -1538.29299   1111.18725   6789.04294   7.4033751  -0.1454870   1.6883331 2026 01 14 16 14 54.67
0  -1389.89451   1107.81102   6821.26536   7.4358883  -0.1921425   1.5337877 2026 01 14 16 15 14.67
0  -1240.88061   1103.50157   6850.38972   7.4649145  -0.2388024   1.3785385 2026 01 14 16 15 34.67
0  -1091.32118   1098.25914   6876.40264   7.4904403  -0.2854353   1.2226554 2026 01 14 16 15 54.67
0   -941.28633   1092.08459   6899.29214   7.5124542  -0.3320102   1.0662089 2026 01 14 16 16 14.67
0   -790.84641   1084.97937   6919.04767   7.5309460  -0.3784958   0.9092695 2026 01 14 16 16 34.67
0   -640.07195   1076.94559   6935.66008   7.5459074  -0.4248608   0.7519082 2026 01 14 16 16 54.67
0   -489.03363   1067.98597   6949.12163   7.5573318  -0.4710743   0.5941960 2026 01 14 16 17 14.67
0   -337.80223   1058.10385   6959.42602   7.5652140  -0.5171049   0.4362040 2026 01 14 16 17 34.67
0   -186.44864   1047.30321   6966.56838   7.5695507  -0.5629216   0.2780037 2026 01 14 16 17 54.67
0    -35.04379   1035.58862   6970.54525   7.5703401  -0.6084936   0.1196665 2026 01 14 16 18 14.67
0    116.34137   1022.96530   6971.35460   7.5675822  -0.6537898  -0.0387361 2026 01 14 16 18 34.67
0    267.63592   1009.43907   6968.99584   7.5612787  -0.6987795  -0.1971324 2026 01 14 16 18 54.67
0    418.76896    995.01636   6963.46983   7.5514327  -0.7434321  -0.3554509 2026 01 14 16 19 14.67
0    569.66970    979.70422   6954.77882   7.5380492  -0.7877171  -0.5136200 2026 01 14 16 19 34.67
0    720.26745    963.51030   6942.92653   7.5211349  -0.8316042  -0.6715680 2026 01 14 16 19 54.67
0    870.49168    946.44287   6927.91809   7.5006979  -0.8750634  -0.8292235 2026 01 14 16 20 14.67
0   1020.27202    928.51078   6909.76006   7.4767482  -0.9180648  -0.9865152 2026 01 14 16 20 34.67
0   1169.53833    909.72349   6888.46043   7.4492973  -0.9605786  -1.1433718 2026 01 14 16 20 54.67
0   1318.22073    890.09103   6864.02862   7.4183586  -1.0025755  -1.2997222 2026 01 14 16 21 14.67
0   1466.24961    869.62405   6836.47546   7.3839467  -1.0440264  -1.4554956 2026 01 14 16 21 34.67
0   1613.55565    848.33374   6805.81320   7.3460783  -1.0849023  -1.6106212 2026 01 14 16 21 54.67
0   1760.06991    826.23191   6772.05549   7.3047714  -1.1251747  -1.7650287 2026 01 14 16 22 14.67
0   1905.72382    803.33089   6735.21740   7.2600458  -1.1648154  -1.9186479 2026 01 14 16 22 34.67
0   2050.44922    779.64360   6695.31540   7.2119230  -1.2037964  -2.0714091 2026 01 14 16 22 54.67
0   2194.17838    755.18352   6652.36733   7.1604258  -1.2420902  -2.2232429 2026 01 14 16 23 14.67
0   2336.84406    729.96465   6606.39244   7.1055790  -1.2796696  -2.3740800 2026 01 14 16 23 34.67
0   2478.37954    704.00156   6557.41135   7.0474086  -1.3165078  -2.5238519 2026 01 14 16 23 54.67
0   2618.71861    677.30934   6505.44605   6.9859424  -1.3525783  -2.6724903 2026 01 14 16 24 14.67
0   2757.79564    649.90359   6450.51987   6.9212099  -1.3878554  -2.8199276 2026 01 14 16 24 34.67
0   2895.54563    621.80045   6392.65753   6.8532418  -1.4223133  -2.9660964 2026 01 14 16 24 54.67
0   3031.90418    593.01654   6331.88505   6.7820707  -1.4559269  -3.1109300 2026 01 14 16 25 14.67
0   3166.80756    563.56900   6268.22979   6.7077306  -1.4886718  -3.2543622 2026 01 14 16 25 34.67
0   3300.19276    533.47545   6201.72046   6.6302568  -1.5205238  -3.3963275 2026 01 14 16 25 54.67
0   3431.99745    502.75398   6132.38702   6.5496866  -1.5514592  -3.5367610 2026 01 14 16 26 14.67
0   3562.16011    471.42316   6060.26077   6.4660583  -1.5814549  -3.6755984 2026 01 14 16 26 34.67
0   3690.61996    439.50201   5985.37426   6.3794119  -1.6104883  -3.8127759 2026 01 14 16 26 54.67
0   3817.31705    407.00998   5907.76131   6.2897889  -1.6385375  -3.9482309 2026 01 14 16 27 14.67
0   3942.19228    373.96699   5827.45700   6.1972323  -1.6655810  -4.0819010 2026 01 14 16 27 34.67
0   4065.18741    340.39336   5744.49765   6.1017862  -1.6915978  -4.2137250 2026 01 14 16 27 54.67
0   4186.24512    306.30982   5658.92077   6.0034963  -1.7165677  -4.3436422 2026 01 14 16 28 14.67
0   4305.30898    271.73751   5570.76511   5.9024099  -1.7404710  -4.4715929 2026 01 14 16 28 34.67
0   4422.32357    236.69796   5480.07059   5.7985754  -1.7632887  -4.5975182 2026 01 14 16 28 54.67
0   4537.23439    201.21306   5386.87829   5.6920424  -1.7850023  -4.7213602 2026 01 14 16 29 14.67
0   4649.98801    165.30507   5291.23044   5.5828623  -1.8055939  -4.8430617 2026 01 14 16 29 34.67
0   4760.53199    128.99660   5193.17044   5.4710873  -1.8250466  -4.9625666 2026 01 14 16 29 54.67
0   4868.81497     92.31061   5092.74274   5.3567713  -1.8433438  -5.0798198 2026 01 14 16 30 14.67
0   4974.78668     55.27035   4989.99294   5.2399690  -1.8604698  -5.1947672 2026 01 14 16 30 34.67
0   5078.39796     17.89941   4884.96769   5.1207368  -1.8764095  -5.3073556 2026 01 14 16 30 54.67
0   5179.60076    -19.77835   4777.71468   4.9991319  -1.8911485  -5.4175329 2026 01 14 16 31 14.67
0   5278.34823    -57.73877   4668.28265   4.8752128  -1.9046731  -5.5252482 2026 01 14 16 31 34.67
0   5374.59467    -95.95744   4556.72133   4.7490394  -1.9169706  -5.6304517 2026 01 14 16 31 54.67
0   5468.29560   -134.40968   4443.08146   4.6206722  -1.9280286  -5.7330946 2026 01 14 16 32 14.67
0   5559.40777   -173.07060   4327.41472   4.4901733  -1.9378357  -5.8331294 2026 01 14 16 32 34.67
0   5647.88916   -211.91506   4209.77374   4.3576056  -1.9463813  -5.9305096 2026 01 14 16 32 54.67
0   5733.69903   -250.91774   4090.21206   4.2230329  -1.9536554  -6.0251903 2026 01 14 16 33 14.67
0   5816.79794   -290.05312   3968.78412   4.0865204  -1.9596490  -6.1171273 2026 01 14 16 33 34.67
0   5897.14774   -329.29549   3845.54522   3.9481337  -1.9643536  -6.2062782 2026 01 14 16 33 54.67
0   5974.71162   -368.61901   3720.55150   3.8079399  -1.9677617  -6.2926015 2026 01 14 16 34 14.67
0   6049.45411   -407.99766   3593.85991   3.6660066  -1.9698665  -6.3760571 2026 01 14 16 34 34.67
0   6121.34109   -447.40533   3465.52819   3.5224024  -1.9706621  -6.4566064 2026 01 14 16 34 54.67
0   6190.33986   -486.81578   3335.61486   3.3771968  -1.9701432  -6.5342119 2026 01 14 16 35 14.67
0   6256.41907   -526.20267   3204.17914   3.2304599  -1.9683057  -6.6088377 2026 01 14 16 35 34.67
0   6319.54881   -565.53959   3071.28098   3.0822627  -1.9651458  -6.6804491 2026 01 14 16 35 54.67
0   6379.70060   -604.80007   2936.98100   2.9326769  -1.9606610  -6.7490130 2026 01 14 16 36 14.67
0   6436.84737   -643.95759   2801.34048   2.7817749  -1.9548493  -6.8144975 2026 01 14 16 36 34.67
0   6490.96354   -682.98559   2664.42131   2.6296297  -1.9477098  -6.8768722 2026 01 14 16 36 54.67
0   6542.02497   -721.85752   2526.28597   2.4763149  -1.9392421  -6.9361085 2026 01 14 16 37 14.67
0   6590.00901   -760.54682   2386.99752   2.3219046  -1.9294469  -6.9921787 2026 01 14 16 37 34.67
0   6634.89450   -799.02695   2246.61953   2.1664736  -1.9183257  -7.0450572 2026 01 14 16 37 54.67
0   6676.66178   -837.27142   2105.21608   2.0100970  -1.9058807  -7.0947193 2026 01 14 16 38 14.67
0   6715.29269   -875.25377   1962.85175   1.8528506  -1.8921151  -7.1411424 2026 01 14 16 38 34.67
0   6750.77059   -912.94763   1819.59151   1.6948103  -1.8770329  -7.1843050 2026 01 14 16 38 54.67
0   6783.08037   -950.32672   1675.50080   1.5360527  -1.8606388  -7.2241874 2026 01 14 16 39 14.67
0   6812.20845   -987.36485   1530.64538   1.3766543  -1.8429385  -7.2607713 2026 01 14 16 39 34.67
0   6838.14279  -1024.03596   1385.09142   1.2166924  -1.8239384  -7.2940400 2026 01 14 16 39 54.67
0   6860.87288  -1060.31413   1238.90535   1.0562440  -1.8036459  -7.3239786 2026 01 14 16 40 14.67
0   6880.38977  -1096.17359   1092.15393   0.8953868  -1.7820691  -7.3505734 2026 01 14 16 40 34.67
0   6896.68606  -1131.58874    944.90415   0.7341984  -1.7592168  -7.3738125 2026 01 14 16 40 54.67
0   6909.75591  -1166.53416    797.22323   0.5727565  -1.7350989  -7.3936857 2026 01 14 16 41 14.67
0   6919.59502  -1200.98466    649.17858   0.4111390  -1.7097260  -7.4101842 2026 01 14 16 41 34.67
0   6926.20067  -1234.91524    500.83777   0.2494238  -1.6831094  -7.4233009 2026 01 14 16 41 54.67
0   6929.57167  -1268.30114    352.26850   0.0876886  -1.6552613  -7.4330303 2026 01 14 16 42 14.67
0   6929.70840  -1301.11787    203.53854  -0.0739886  -1.6261947  -7.4393686 2026 01 14 16 42 34.67
0   6926.61281  -1333.34119     54.71576  -0.2355301  -1.5959234  -7.4423133 2026 01 14 16 42 54.67
0   6920.28838  -1364.94716    -94.13197  -0.3968584  -1.5644619  -7.4418640 2026 01 14 16 43 14.67
0   6910.74016  -1395.91212   -242.93677  -0.5578959  -1.5318256  -7.4380214 2026 01 14 16 43 34.67
0   6897.97472  -1426.21273   -391.63081  -0.7185655  -1.4980305  -7.4307882 2026 01 14 16 43 54.67
0   6882.00021  -1455.82598   -540.14630  -0.8787903  -1.4630935  -7.4201685 2026 01 14 16 44 14.67
0   6862.82629  -1484.72922   -688.41558  -1.0384935  -1.4270321  -7.4061681 2026 01 14 16 44 34.67
0   6840.46414  -1512.90013   -836.37109  -1.1975989  -1.3898648  -7.3887944 2026 01 14 16 44 54.67
0   6814.92649  -1540.31679   -983.94547  -1.3560305  -1.3516105  -7.3680563 2026 01 14 16 45 14.67
0   6786.22758  -1566.95766  -1131.07151  -1.5137127  -1.3122889  -7.3439643 2026 01 14 16 45 34.67
0   6754.38314  -1592.80158  -1277.68227  -1.6705706  -1.2719206  -7.3165305 2026 01 14 16 45 54.67
0   6719.41040  -1617.82785  -1423.71105  -1.8265295  -1.2305267  -7.2857688 2026 01 14 16 46 14.67
0   6681.32809  -1642.01615  -1569.09143  -1.9815153  -1.1881291  -7.2516942 2026 01 14 16 46 34.67
0   6640.15640  -1665.34665  -1713.75733  -2.1354547  -1.1447501  -7.2143237 2026 01 14 16 46 54.67
0   6595.91700  -1687.79995  -1857.64299  -2.2882747  -1.1004131  -7.1736754 2026 01 14 16 47 14.67
0   6548.63299  -1709.35711  -2000.68308  -2.4399032  -1.0551416  -7.1297694 2026 01 14 16 47 34.67
0   6498.32892  -1729.99971  -2142.81264  -2.5902687  -1.0089602  -7.0826270 2026 01 14 16 47 54.67
0   6445.03077  -1749.70977  -2283.96717  -2.7393003  -0.9618937  -7.0322710 2026 01 14 16 48 14.67
0   6388.76590  -1768.46987  -2424.08264  -2.8869279  -0.9139680  -6.9787258 2026 01 14 16 48 34.67
0   6329.56311  -1786.26307  -2563.09552  -3.0330825  -0.8652090  -6.9220172 2026 01 14 16 48 54.67
0   6267.45252  -1803.07299  -2700.94283  -3.1776954  -0.8156435  -6.8621726 2026 01 14 16 49 14.67
0   6202.46566  -1818.88375  -2837.56211  -3.3206992  -0.7652989  -6.7992206 2026 01 14 16 49 34.67
0   6134.63538  -1833.68005  -2972.89153  -3.4620272  -0.7142028  -6.7331914 2026 01 14 16 49 54.67
0   6063.99584  -1847.44715  -3106.86985  -3.6016137  -0.6623837  -6.6641165 2026 01 14 16 50 14.67
0   5990.58253  -1860.17088  -3239.43649  -3.7393937  -0.6098704  -6.5920288 2026 01 14 16 50 34.67
0   5914.43223  -1871.83764  -3370.53153  -3.8753036  -0.5566922  -6.5169627 2026 01 14 16 50 54.67
0   5835.58295  -1882.43443  -3500.09576  -4.0092805  -0.5028787  -6.4389536 2026 01 14 16 51 14.67
0   5754.07398  -1891.94885  -3628.07068  -4.1412628  -0.4484603  -6.3580387 2026 01 14 16 51 34.67
0   5669.94583  -1900.36911  -3754.39857  -4.2711896  -0.3934676  -6.2742560 2026 01 14 16 51 54.67
0   5583.24019  -1907.68402  -3879.02245  -4.3990014  -0.3379315  -6.1876452 2026 01 14 16 52 14.67
0   5493.99995  -1913.88304  -4001.88617  -4.5246399  -0.2818836  -6.0982469 2026 01 14 16 52 34.67
0   5402.26917  -1918.95624  -4122.93441  -4.6480476  -0.2253555  -6.0061032 2026 01 14 16 52 54.67
0   5308.09300  -1922.89435  -4242.11268  -4.7691685  -0.1683796  -5.9112573 2026 01 14 16 53 14.67
0   5211.51775  -1925.68872  -4359.36738  -4.8879477  -0.1109882  -5.8137535 2026 01 14 16 53 34.67
0   5112.59077  -1927.33139  -4474.64581  -5.0043314  -0.0532142  -5.7136375 2026 01 14 16 53 54.67
0   5011.36052  -1927.81502  -4587.89618  -5.1182672   0.0049093  -5.6109558 2026 01 14 16 54 14.67
0   4907.87646  -1927.13297  -4699.06767  -5.2297039   0.0633490  -5.5057564 2026 01 14 16 54 34.67
0   4802.18907  -1925.27924  -4808.11040  -5.3385917   0.1220712  -5.3980879 2026 01 14 16 54 54.67
0   4694.34982  -1922.24851  -4914.97549  -5.4448819   0.1810419  -5.2880004 2026 01 14 16 55 14.67
0   4584.41114  -1918.03617  -5019.61507  -5.5485273   0.2402272  -5.1755449 2026 01 14 16 55 34.67
0   4472.42638  -1912.63827  -5121.98230  -5.6494820   0.2995928  -5.0607732 2026 01 14 16 55 54.67
0   4358.44980  -1906.05153  -5222.03137  -5.7477014   0.3591040  -4.9437383 2026 01 14 16 56 14.67
0   4242.53654  -1898.27340  -5319.71757  -5.8431424   0.4187263  -4.8244942 2026 01 14 16 56 34.67
0   4124.74259  -1889.30200  -5414.99725  -5.9357631   0.4784248  -4.7030955 2026 01 14 16 56 54.67
0   4005.12477  -1879.13615  -5507.82788  -6.0255233   0.5381647  -4.5795981 2026 01 14 16 57 14.67
0   3883.74066  -1867.77539  -5598.16805  -6.1123840   0.5979109  -4.4540585 2026 01 14 16 57 34.67
0   3760.64864  -1855.21992  -5685.97749  -6.1963077   0.6576283  -4.3265340 2026 01 14 16 57 54.67
0   3635.90782  -1841.47069  -5771.21707  -6.2772583   0.7172817  -4.1970830 2026 01 14 16 58 14.67
0   3509.57799  -1826.52931  -5853.84887  -6.3552012   0.7768359  -4.0657645 2026 01 14 16 58 34.67
0   3381.71966  -1810.39814  -5933.83611  -6.4301033   0.8362556  -3.9326382 2026 01 14 16 58 54.67
0   3252.39394  -1793.08020  -6011.14326  -6.5019331   0.8955056  -3.7977647 2026 01 14 16 59 14.67
0   3121.66260  -1774.57926  -6085.73598  -6.5706602   0.9545505  -3.6612050 2026 01 14 16 59 34.67
0   2989.58798  -1754.89976  -6157.58116  -6.6362561   1.0133552  -3.5230212 2026 01 14 16 59 54.67
0   2856.23296  -1734.04685  -6226.64694  -6.6986936   1.0718845  -3.3832758 2026 01 14 17 00 14.67
0   2721.66099  -1712.02640  -6292.90271  -6.7579471   1.1301032  -3.2420318 2026 01 14 17 00 34.67
0   2585.93597  -1688.84497  -6356.31915  -6.8139925   1.1879763  -3.0993531 2026 01 14 17 00 54.67
0   2449.12231  -1664.50982  -6416.86820  -6.8668072   1.2454688  -2.9553038 2026 01 14 17 01 14.67
0   2311.28483  -1639.02891  -6474.52310  -6.9163702   1.3025461  -2.8099489 2026 01 14 17 01 34.67
0   2172.48876  -1612.41090  -6529.25838  -6.9626619   1.3591733  -2.6633537 2026 01 14 17 01 54.67
0   2032.79971  -1584.66512  -6581.04989  -7.0056644   1.4153160  -2.5155839 2026 01 14 17 02 14.67
0   1892.28362  -1555.80161  -6629.87481  -7.0453612   1.4709398  -2.3667059 2026 01 14 17 02 34.67
0   1751.00678  -1525.83110  -6675.71163  -7.0817376   1.5260107  -2.2167863 2026 01 14 17 02 54.67
0   1609.03571  -1494.76497  -6718.54020  -7.1147800   1.5804946  -2.0658922 2026 01 14 17 03 14.67
0   1466.43722  -1462.61532  -6758.34169  -7.1444768   1.6343579  -1.9140911 2026 01 14 17 03 34.67
0   1323.27834  -1429.39488  -6795.09863  -7.1708177   1.6875672  -1.7614506 2026 01 14 17 03 54.67
0   1179.62625  -1395.11706  -6828.79494  -7.1937941   1.7400892  -1.6080390 2026 01 14 17 04 14.67
0   1035.54834  -1359.79595  -6859.41585  -7.2133988   1.7918911  -1.4539245 2026 01 14 17 04 34.67
0    891.11209  -1323.44626  -6886.94800  -7.2296262   1.8429402  -1.2991759 2026 01 14 17 04 54.67
0    746.38509  -1286.08339  -6911.37940  -7.2424723   1.8932044  -1.1438619 2026 01 14 17 05 14.67
0    601.43500  -1247.72334  -6932.69943  -7.2519347   1.9426516  -0.9880516 2026 01 14 17 05 34.67
0    456.32950  -1208.38278  -6950.89885  -7.2580123   1.9912504  -0.8318143 2026 01 14 17 05 54.67
0    311.13629  -1168.07898  -6965.96981  -7.2607058   2.0389694  -0.6752193 2026 01 14 17 06 14.67
0    165.92303  -1126.82985  -6977.90586  -7.2600173   2.0857780  -0.5183361 2026 01 14 17 06 34.67
0     20.75733  -1084.65391  -6986.70192  -7.2559505   2.1316455  -0.3612344 2026 01 14 17 06 54.67
0   -124.29329  -1041.57027  -6992.35432  -7.2485106   2.1765422  -0.2039837 2026 01 14 17 07 14.67
0   -269.16145   -997.59865  -6994.86078  -7.2377044   2.2204384  -0.0466537 2026 01 14 17 07 34.67
0   -413.77988   -952.75936  -6994.22042  -7.2235400   2.2633049   0.1106858 2026 01 14 17 07 54.67
0   -558.08152   -907.07326  -6990.43372  -7.2060273   2.3051133   0.2679652 2026 01 14 17 08 14.67
0   -701.99951   -860.56181  -6983.50260  -7.1851775   2.3458353   0.4251149 2026 01 14 17 08 34.67
0   -845.46724   -813.24702  -6973.43035  -7.1610033   2.3854433   0.5820652 2026 01 14 17 08 54.67
0   -988.41835   -765.15143  -6960.22164  -7.1335192   2.4239101   0.7387467 2026 01 14 17 09 14.67
0  -1130.78681   -716.29814  -6943.88255  -7.1027408   2.4612093   0.8950900 2026 01 14 17 09 34.67
0  -1272.50689   -666.71075  -6924.42053  -7.0686853   2.4973147   1.0510260 2026 01 14 17 09 54.67
0  -1413.51323   -616.41342  -6901.84442  -7.0313715   2.5322008   1.2064857 2026 01 14 17 10 14.67
0  -1553.74088   -565.43076  -6876.16443  -6.9908195   2.5658427   1.3614002 2026 01 14 17 10 34.67
0  -1693.12527   -513.78790  -6847.39216  -6.9470510   2.5982163   1.5157009 2026 01 14 17 10 54.67
0  -1831.60230   -461.51046  -6815.54057  -6.9000890   2.6292976   1.6693195 2026 01 14 17 11 14.67
0  -1969.10835   -408.62451  -6780.62397  -6.8499580   2.6590637   1.8221880 2026 01 14 17 11 34.67
0  -2105.58029   -355.15658  -6742.65806  -6.7966839   2.6874921   1.9742387 2026 01 14 17 11 54.67
0  -2240.95553   -301.13364  -6701.65985  -6.7402940   2.7145611   2.1254040 2026 01 14 17 12 14.67
0  -2375.17204   -246.58310  -6657.64774  -6.6808172   2.7402494   2.2756172 2026 01 14 17 12 34.67
0  -2508.16838   -191.53278  -6610.64142  -6.6182834   2.7645367   2.4248114 2026 01 14 17 12 54.67
0  -2639.88372   -136.01089  -6560.66196  -6.5527242   2.7874031   2.5729204 2026 01 14 17 13 14.67
0  -2770.25787    -80.04604  -6507.73169  -6.4841723   2.8088296   2.7198786 2026 01 14 17 13 34.67
0  -2899.23133    -23.66722  -6451.87431  -6.4126621   2.8287979   2.8656205 2026 01 14 17 13 54.67
0  -3026.74527     33.09623  -6393.11479  -6.3382290   2.8472904   3.0100814 2026 01 14 17 14 14.67
0  -3152.74162     90.21462  -6331.47938  -6.2609099   2.8642901   3.1531969 2026 01 14 17 14 34.67
0  -3277.16301    147.65794  -6266.99564  -6.1807429   2.8797809   3.2949035 2026 01 14 17 14 54.67
0  -3399.95290    205.39585  -6199.69239  -6.0977674   2.8937476   3.4351378 2026 01 14 17 15 14.67
0  -3521.05551    263.39773  -6129.59968  -6.0120241   2.9061754   3.5738373 2026 01 14 17 15 34.67
0  -3640.41591    321.63264  -6056.74885  -5.9235550   2.9170506   3.7109402 2026 01 14 17 15 54.67
0  -3757.98001    380.06942  -5981.17244  -5.8324034   2.9263602   3.8463850 2026 01 14 17 16 14.67
0  -3873.69460    438.67663  -5902.90421  -5.7386135   2.9340920   3.9801114 2026 01 14 17 16 34.67
0  -3987.50737    497.42259  -5821.97914  -5.6422310   2.9402346   4.1120593 2026 01 14 17 16 54.67
0  -4099.36693    556.27541  -5738.43340  -5.5433027   2.9447774   4.2421696 2026 01 14 17 17 14.67
0  -4209.22285    615.20300  -5652.30432  -5.4418766   2.9477109   4.3703839 2026 01 14 17 17 34.67
0  -4317.02567    674.17309  -5563.63039  -5.3380017   2.9490260   4.4966446 2026 01 14 17 17 54.67
0  -4422.72689    733.15322  -5472.45127  -5.2317283   2.9487147   4.6208950 2026 01 14 17 18 14.67
0  -4526.27908    792.11079  -5378.80771  -5.1231077   2.9467700   4.7430791 2026 01 14 17 18 34.67
0  -4627.63581    851.01307  -5282.74161  -5.0121923   2.9431855   4.8631418 2026 01 14 17 18 54.67
0  -4726.75171    909.82721  -5184.29593  -4.8990356   2.9379558   4.9810289 2026 01 14 17 19 14.67
0  -4823.58250    968.52026  -5083.51472  -4.7836920   2.9310764   5.0966871 2026 01 14 17 19 34.67
0  -4918.08500   1027.05919  -4980.44308  -4.6662171   2.9225437   5.2100640 2026 01 14 17 19 54.67
0  -5010.21714   1085.41090  -4875.12716  -4.5466673   2.9123549   5.3211084 2026 01 14 17 20 14.67
0  -5099.93801   1143.54225  -4767.61411  -4.4251001   2.9005083   5.4297697 2026 01 14 17 20 34.67
0  -5187.20784   1201.42007  -4657.95209  -4.3015739   2.8870028   5.5359986 2026 01 14 17 20 54.67
0  -5271.98804   1259.01118  -4546.19024  -4.1761480   2.8718384   5.6397467 2026 01 14 17 21 14.67
0  -5354.24122   1316.28243  -4432.37864  -4.0488826   2.8550162   5.7409669 2026 01 14 17 21 34.67
0  -5433.93120   1373.20065  -4316.56832  -3.9198386   2.8365378   5.8396127 2026 01 14 17 21 54.67
0  -5511.02302   1429.73277  -4198.81122  -3.7890780   2.8164061   5.9356393 2026 01 14 17 22 14.67
0  -5585.48298   1485.84574  -4079.16016  -3.6566635   2.7946247   6.0290025 2026 01 14 17 22 34.67
0  -5657.27864   1541.50663  -3957.66885  -3.5226585   2.7711983   6.1196597 2026 01 14 17 22 54.67
0  -5726.37883   1596.68257  -3834.39182  -3.3871272   2.7461323   6.2075690 2026 01 14 17 23 14.67
0  -5792.75367   1651.34085  -3709.38444  -3.2501345   2.7194332   6.2926902 2026 01 14 17 23 34.67
0  -5856.37458   1705.44888  -3582.70286  -3.1117460   2.6911085   6.3749839 2026 01 14 17 23 54.67
0  -5917.21433   1758.97422  -3454.40401  -2.9720280   2.6611664   6.4544123 2026 01 14 17 24 14.67
0  -5975.24698   1811.88463  -3324.54557  -2.8310473   2.6296163   6.5309385 2026 01 14 17 24 34.67
0  -6030.44795   1864.14803  -3193.18595  -2.6888714   2.5964683   6.6045270 2026 01 14 17 24 54.67
0  -6082.79403   1915.73259  -3060.38423  -2.5455684   2.5617335   6.6751439 2026 01 14 17 25 14.67
0  -6132.26335   1966.60668  -2926.20017  -2.4012067   2.5254240   6.7427561 2026 01 14 17 25 34.67
0  -6178.83544   2016.73895  -2790.69420  -2.2558555   2.4875528   6.8073323 2026 01 14 17 25 54.67
0  -6222.49119   2066.09829  -2653.92733  -2.1095842   2.4481337   6.8688422 2026 01 14 17 26 14.67
0  -6263.21291   2114.65390  -2515.96118  -1.9624629   2.4071816   6.9272572 2026 01 14 17 26 34.67
0  -6300.98430   2162.37526  -2376.85793  -1.8145617   2.3647122   6.9825497 2026 01 14 17 26 54.67
0  -6335.79046   2209.23221  -2236.68027  -1.6659515   2.3207421   7.0346938 2026 01 14 17 27 14.67
0  -6367.61793   2255.19489  -2095.49144  -1.5167032   2.2752888   7.0836649 2026 01 14 17 27 34.67
0  -6396.45466   2300.23384  -1953.35512  -1.3668881   2.2283708   7.1294399 2026 01 14 17 27 54.67
0  -6422.29003   2344.31994  -1810.33545  -1.2165779   2.1800074   7.1719970 2026 01 14 17 28 14.67
0  -6445.11485   2387.42449  -1666.49699  -1.0658442   2.1302187   7.2113161 2026 01 14 17 28 34.67
0  -6464.92138   2429.51920  -1521.90469  -0.9147590   2.0790259   7.2473784 2026 01 14 17 28 54.67
0  -6481.70330   2470.57620  -1376.62387  -0.7633945   2.0264508   7.2801665 2026 01 14 17 29 14.67
0  -6495.45576   2510.56806  -1230.72017  -0.6118229   1.9725162   7.3096647 2026 01 14 17 29 34.67
0  -6506.17532   2549.46785  -1084.25952  -0.4601163   1.9172458   7.3358586 2026 01 14 17 29 54.67
0  -6513.86002   2587.24908   -937.30815  -0.3083473   1.8606641   7.3587356 2026 01 14 17 30 14.67
0  -6518.50932   2623.88577   -789.93251  -0.1565880   1.8027962   7.3782843 2026 01 14 17 30 34.67
0  -6520.12416   2659.35247   -642.19925  -0.0049108   1.7436683   7.3944950 2026 01 14 17 30 54.67
0  -6518.70688   2693.62425   -494.17524   0.1466121   1.6833073   7.4073594 2026 01 14 17 31 14.67
0  -6514.26131   2726.67670   -345.92745   0.2979087   1.6217408   7.4168710 2026 01 14 17 31 34.67
0  -6506.79267   2758.48602   -197.52300   0.4489069   1.5589974   7.4230247 2026 01 14 17 31 54.67
0  -6496.30766   2789.02895    -49.02908   0.5995351   1.4951061   7.4258167 2026 01 14 17 32 14.67
0  -6482.81440   2818.28284     99.48705   0.7497216   1.4300970   7.4252452 2026 01 14 17 32 34.67
0  -6466.32242   2846.22562    247.95811   0.8993953   1.3640008   7.4213097 2026 01 14 17 32 54.67
0  -6446.84270   2872.83588    396.31684   1.0484850   1.2968488   7.4140112 2026 01 14 17 33 14.67
0  -6424.38762   2898.09281    544.49599   1.1969203   1.2286732   7.4033525 2026 01 14 17 33 34.67
0  -6398.97097   2921.97628    692.42841   1.3446307   1.1595066   7.3893377 2026 01 14 17 33 54.67
0  -6370.60796   2944.46678    840.04702   1.4915464   1.0893827   7.3719726 2026 01 14 17 34 14.67
0  -6339.31516   2965.54553    987.28490   1.6375980   1.0183354   7.3512645 2026 01 14 17 34 34.67
0  -6305.11054   2985.19439   1134.07527   1.7827165   0.9463995   7.3272223 2026 01 14 17 34 54.67
0  -6268.01347   3003.39595   1280.35154   1.9268335   0.8736103   7.2998564 2026 01 14 17 35 14.67
0  -6228.04463   3020.13350   1426.04737   2.0698811   0.8000038   7.2691788 2026 01 14 17 35 34.67
0  -6185.22611   3035.39105   1571.09665   2.2117919   0.7256165   7.2352029 2026 01 14 17 35 54.67
0  -6139.58129   3049.15336   1715.43357   2.3524994   0.6504854   7.1979439 2026 01 14 17 36 14.67
0  -6091.13490   3061.40593   1858.99262   2.4919373   0.5746482   7.1574181 2026 01 14 17 36 34.67
0  -6039.91300   3072.13501   2001.70864   2.6300404   0.4981429   7.1136438 2026 01 14 17 36 54.67
0  -5985.94292   3081.32763   2143.51686   2.7667440   0.4210082   7.0666404 2026 01 14 17 37 14.67
0  -5929.25330   3088.97159   2284.35291   2.9019842   0.3432831   7.0164291 2026 01 14 17 37 34.67
0  -5869.87403   3095.05548   2424.15285   3.0356980   0.2650073   6.9630323 2026 01 14 17 37 54.67
0  -5807.83626   3099.56868   2562.85321   3.1678229   0.1862206   6.9064742 2026 01 14 17 38 14.67
0  -5743.17239   3102.50137   2700.39101   3.2982976   0.1069636   6.8467802 2026 01 14 17 38 34.67
0  -5675.91603   3103.84457   2836.70380   3.4270614   0.0272769   6.7839772 2026 01 14 17 38 54.67
0  -5606.10199   3103.59007   2971.72969   3.5540548  -0.0527983   6.7180936 2026 01 14 17 39 14.67
0  -5533.76628   3101.73054   3105.40735   3.6792188  -0.1332204   6.6491593 2026 01 14 17 39 34.67
0  -5458.94605   3098.25944   3237.67608   3.8024959  -0.2139477   6.5772053 2026 01 14 17 39 54.67
0  -5381.67962   3093.17109   3368.47582   3.9238291  -0.2949380   6.5022643 2026 01 14 17 40 14.67
0  -5302.00641   3086.46066   3497.74715   4.0431628  -0.3761489   6.4243703 2026 01 14 17 40 34.67
0  -5219.96698   3078.12416   3625.43137   4.1604421  -0.4575378   6.3435586 2026 01 14 17 40 54.67
0  -5135.60295   3068.15845   3751.47049   4.2756134  -0.5390618   6.2598658 2026 01 14 17 41 14.67
0  -5048.95700   3056.56128   3875.80725   4.3886242  -0.6206778   6.1733299 2026 01 14 17 41 34.67
0  -4960.07286   3043.33122   3998.38520   4.4994230  -0.7023424   6.0839901 2026 01 14 17 41 54.67
0  -4868.99527   3028.46774   4119.14866   4.6079596  -0.7840123   5.9918871 2026 01 14 17 42 14.67
0  -4775.76998   3011.97118   4238.04277   4.7141847  -0.8656438   5.8970626 2026 01 14 17 42 34.67
0  -4680.44369   2993.84273   4355.01353   4.8180505  -0.9471933   5.7995598 2026 01 14 17 42 54.67
0  -4583.06405   2974.08447   4470.00782   4.9195102  -1.0286169   5.6994227 2026 01 14 17 43 14.67
0  -4483.67966   2952.69936   4582.97341   5.0185183  -1.1098707   5.5966971 2026 01 14 17 43 34.67
0  -4382.33998   2929.69123   4693.85898   5.1150307  -1.1909109   5.4914293 2026 01 14 17 43 54.67
0  -4279.09536   2905.06480   4802.61417   5.2090042  -1.2716936   5.3836674 2026 01 14 17 44 14.67
0  -4173.99700   2878.82566   4909.18958   5.3003973  -1.3521747   5.2734601 2026 01 14 17 44 34.67
0  -4067.09691   2850.98026   5013.53681   5.3891695  -1.4323104   5.1608574 2026 01 14 17 44 54.67
0  -3958.44790   2821.53598   5115.60845   5.4752818  -1.5120568   5.0459106 2026 01 14 17 45 14.67
0  -3848.10356   2790.50101   5215.35815   5.5586965  -1.5913701   4.9286716 2026 01 14 17 45 34.67
0  -3736.11819   2757.88448   5312.74058   5.6393773  -1.6702066   4.8091938 2026 01 14 17 45 54.67
0  -3622.54684   2723.69634   5407.71151   5.7172891  -1.7485228   4.6875312 2026 01 14 17 46 14.67
0  -3507.44521   2687.94743   5500.22780   5.7923983  -1.8262753   4.5637391 2026 01 14 17 46 34.67
0  -3390.86969   2650.64948   5590.24740   5.8646728  -1.9034206   4.4378735 2026 01 14 17 46 54.67
0  -3272.87728   2611.81504   5677.72944   5.9340818  -1.9799158   4.3099915 2026 01 14 17 47 14.67
0  -3153.52559   2571.45755   5762.63414   6.0005959  -2.0557181   4.1801510 2026 01 14 17 47 34.67
0  -3032.87279   2529.59130   5844.92293   6.0641872  -2.1307847   4.0484108 2026 01 14 17 47 54.67
0  -2910.97762   2486.23143   5924.55841   6.1248292  -2.2050732   3.9148305 2026 01 14 17 48 14.67
0  -2787.89930   2441.39391   6001.50438   6.1824969  -2.2785417   3.7794706 2026 01 14 17 48 34.67
0  -2663.69758   2395.09557   6075.72586   6.2371666  -2.3511482   3.6423924 2026 01 14 17 48 54.67
0  -2538.43262   2347.35406   6147.18910   6.2888163  -2.4228514   3.5036579 2026 01 14 17 49 14.67
0  -2412.16504   2298.18787   6215.86161   6.3374254  -2.4936100   3.3633298 2026 01 14 17 49 34.67
0  -2284.95584   2247.61628   6281.71214   6.3829747  -2.5633833   3.2214715 2026 01 14 17 49 54.67
0  -2156.86641   2195.65941   6344.71073   6.4254465  -2.6321310   3.0781473 2026 01 14 17 50 14.67
0  -2027.95845   2142.33818   6404.82871   6.4648248  -2.6998131   2.9334218 2026 01 14 17 50 34.67
0  -1898.29398   2087.67429   6462.03871   6.5010949  -2.7663900   2.7873605 2026 01 14 17 50 54.67
0  -1767.93531   2031.69024   6516.31467   6.5342435  -2.8318227   2.6400293 2026 01 14 17 51 14.67
0  -1636.94498   1974.40930   6567.63185   6.5642592  -2.8960725   2.4914948 2026 01 14 17 51 34.67
0  -1505.38576   1915.85550   6615.96687   6.5911316  -2.9591014   2.3418241 2026 01 14 17 51 54.67
0  -1373.32059   1856.05365   6661.29767   6.6148523  -3.0208718   2.1910848 2026 01 14 17 52 14.67
0  -1240.81259   1795.02928   6703.60357   6.6354140  -3.0813467   2.0393448 2026 01 14 17 52 34.67
0  -1107.92500   1732.80868   6742.86522   6.6528113  -3.1404894   1.8866728 2026 01 14 17 52 54.67
0   -974.72115   1669.41884   6779.06469   6.6670399  -3.1982642   1.7331376 2026 01 14 17 53 14.67
0   -841.26443   1604.88748   6812.18540   6.6780974  -3.2546356   1.5788086 2026 01 14 17 53 34.67
0   -707.61829   1539.24301   6842.21217   6.6859826  -3.3095690   1.4237554 2026 01 14 17 53 54.67
0   -573.84617   1472.51454   6869.13121   6.6906961  -3.3630303   1.2680479 2026 01 14 17 54 14.67
0   -440.01149   1404.73184   6892.93015   6.6922397  -3.4149861   1.1117565 2026 01 14 17 54 34.67
0   -306.17760   1335.92535   6913.59802   6.6906170  -3.4654036   0.9549518 2026 01 14 17 54 54.67
0   -172.40780   1266.12616   6931.12524   6.6858328  -3.5142507   0.7977044 2026 01 14 17 55 14.67
0    -38.76525   1195.36599   6945.50368   6.6778937  -3.5614962   0.6400855 2026 01 14 17 55 34.67
0     94.68703   1123.67718   6956.72663   6.6668075  -3.6071094   0.4821661 2026 01 14 17 55 54.67
0    227.88620   1051.09268   6964.78878   6.6525837  -3.6510605   0.3240176 2026 01 14 17 56 14.67
0    360.76960    977.64602   6969.68627   6.6352332  -3.6933202   0.1657115 2026 01 14 17 56 34.67
0    493.27482    903.37131   6971.41666   6.6147684  -3.7338604   0.0073193 2026 01 14 17 56 54.67
0    625.33971    828.30322   6969.97894   6.5912032  -3.7726534  -0.1510876 2026 01 14 17 57 14.67
0    756.90242    752.47696   6965.37354   6.5645527  -3.8096726  -0.3094373 2026 01 14 17 57 34.67
0    887.90141    675.92828   6957.60232   6.5348339  -3.8448920  -0.4676584 2026 01 14 17 57 54.67
0   1018.27549    598.69340   6946.66857   6.5020648  -3.8782866  -0.6256793 2026 01 14 17 58 14.67
0   1147.96385    520.80909   6932.57700   6.4662651  -3.9098323  -0.7834284 2026 01 14 17 58 34.67
0   1276.90608    442.31254   6915.33376   6.4274559  -3.9395057  -0.9408344 2026 01 14 17 58 54.67
0   1405.04222    363.24142   6894.94644   6.3856596  -3.9672844  -1.0978259 2026 01 14 17 59 14.67
0   1532.31276    283.63386   6871.42402   6.3409001  -3.9931469  -1.2543319 2026 01 14 17 59 34.67
0   1658.65868    203.52838   6844.77694   6.2932026  -4.0170726  -1.4102813 2026 01 14 17 59 54.67
0   1784.02151    122.96391   6815.01703   6.2425938  -4.0390419  -1.5656035 2026 01 14 18 00 14.67
0   1908.34327     41.97976   6782.15754   6.1891015  -4.0590361  -1.7202279 2026 01 14 18 00 34.67
0   2031.56661    -39.38437   6746.21313   6.1327553  -4.0770374  -1.8740844 2026 01 14 18 00 54.67
0   2153.63473   -121.08846   6707.19985   6.0735857  -4.0930291  -2.0271031 2026 01 14 18 01 14.67
0   2274.49150   -203.09217   6665.13516   6.0116248  -4.1069954  -2.1792144 2026 01 14 18 01 34.67
0   2394.08142   -285.35483   6620.03790   5.9469058  -4.1189216  -2.3303491 2026 01 14 18 01 54.67
0   2512.34967   -367.83550   6571.92829   5.8794634  -4.1287938  -2.4804384 2026 01 14 18 02 14.67
0   2629.24214   -450.49298   6520.82791   5.8093334  -4.1365994  -2.6294141 2026 01 14 18 02 34.67
0   2744.70545   -533.28582   6466.75973   5.7365530  -4.1423267  -2.7772081 2026 01 14 18 02 54.67
0   2858.68697   -616.17233   6409.74804   5.6611605  -4.1459649  -2.9237531 2026 01 14 18 03 14.67
0   2971.13485   -699.11064   6349.81850   5.5831955  -4.1475045  -3.0689822 2026 01 14 18 03 34.67
0   3081.99805   -782.05870   6286.99809   5.5026989  -4.1469370  -3.2128290 2026 01 14 18 03 54.67
0   3191.22636   -864.97428   6221.31512   5.4197127  -4.1442549  -3.3552279 2026 01 14 18 04 14.67
0   3298.77041   -947.81502   6152.79918   5.3342799  -4.1394517  -3.4961138 2026 01 14 18 04 34.67
0   3404.58171  -1030.53845   6081.48120   5.2464449  -4.1325223  -3.6354220 2026 01 14 18 04 54.67
0   3508.61268  -1113.10201   6007.39335   5.1562532  -4.1234624  -3.7730888 2026 01 14 18 05 14.67
0   3610.81663  -1195.46304   5930.56910   5.0637512  -4.1122689  -3.9090512 2026 01 14 18 05 34.67
0   3711.14784  -1277.57885   5851.04317   4.9689866  -4.0989398  -4.0432466 2026 01 14 18 05 54.67
0   3809.56154  -1359.40673   5768.85151   4.8720080  -4.0834743  -4.1756136 2026 01 14 18 06 14.67
0   3906.01395  -1440.90394   5684.03129   4.7728653  -4.0658727  -4.3060913 2026 01 14 18 06 34.67
0   4000.46229  -1522.02778   5596.62090   4.6716090  -4.0461363  -4.4346198 2026 01 14 18 06 54.67
0   4092.86479  -1602.73557   5506.65992   4.5682910  -4.0242676  -4.5611398 2026 01 14 18 07 14.67
0   4183.18077  -1682.98469   5414.18910   4.4629638  -4.0002703  -4.6855932 2026 01 14 18 07 34.67
0   4271.37055  -1762.73263   5319.25035   4.3556812  -3.9741491  -4.8079226 2026 01 14 18 07 54.67
0   4357.39559  -1841.93697   5221.88671   4.2464976  -3.9459101  -4.9280715 2026 01 14 18 08 14.67
0   4441.21840  -1920.55540   5122.14235   4.1354685  -3.9155601  -5.0459846 2026 01 14 18 08 34.67
0   4522.80265  -1998.54580   5020.06253   4.0226502  -3.8831076  -5.1616075 2026 01 14 18 08 54.67
0   4602.11311  -2075.86621   4915.69359   3.9080997  -3.8485618  -5.2748866 2026 01 14 18 09 14.67
0   4679.11572  -2152.47486   4809.08293   3.7918749  -3.8119331  -5.3857697 2026 01 14 18 09 34.67
0   4753.77759  -2228.33021   4700.27898   3.6740346  -3.7732333  -5.4942054 2026 01 14 18 09 54.67
0   4826.06698  -2303.39096   4589.33120   3.5546382  -3.7324751  -5.6001436 2026 01 14 18 10 14.67
0   4895.95338  -2377.61608   4476.29003   3.4337458  -3.6896724  -5.7035353 2026 01 14 18 10 34.67
0   4963.40748  -2450.96482   4361.20688   3.3114182  -3.6448403  -5.8043324 2026 01 14 18 10 54.67
0   5028.40118  -2523.39677   4244.13410   3.1877169  -3.5979949  -5.9024884 2026 01 14 18 11 14.67
0   5090.90763  -2594.87182   4125.12499   3.0627041  -3.5491534  -5.9979577 2026 01 14 18 11 34.67
0   5150.90122  -2665.35023   4004.23372   2.9364423  -3.4983344  -6.0906960 2026 01 14 18 11 54.67
0   5208.35762  -2734.79265   3881.51533   2.8089949  -3.4455573  -6.1806604 2026 01 14 18 12 14.67
0   5263.25373  -2803.16012   3757.02573   2.6804257  -3.3908428  -6.2678090 2026 01 14 18 12 34.67
0   5315.56777  -2870.41410   3630.82165   2.5507988  -3.3342126  -6.3521014 2026 01 14 18 12 54.67
0   5365.27922  -2936.51651   3502.96059   2.4201791  -3.2756896  -6.4334986 2026 01 14 18 13 14.67
0   5412.36889  -3001.42972   3373.50084   2.2886316  -3.2152975  -6.5119628 2026 01 14 18 13 34.67
0   5456.81886  -3065.11661   3242.50144   2.1562219  -3.1530615  -6.5874575 2026 01 14 18 13 54.67
0   5498.61256  -3127.54055   3110.02211   2.0230159  -3.0890075  -6.6599477 2026 01 14 18 14 14.67
0   5537.73472  -3188.66546   2976.12330   1.8890798  -3.0231626  -6.7293998 2026 01 14 18 14 34.67
0   5574.17140  -3248.45578   2840.86609   1.7544801  -2.9555550  -6.7957817 2026 01 14 18 14 54.67
0   5607.90999  -3306.87656   2704.31219   1.6192836  -2.8862138  -6.8590625 2026 01 14 18 15 14.67
0   5638.93923  -3363.89343   2566.52392   1.4835571  -2.8151691  -6.9192130 2026 01 14 18 15 34.67
0   5667.24920  -3419.47262   2427.56417   1.3473680  -2.7424522  -6.9762053 2026 01 14 18 15 54.67
0   5692.83130  -3473.58101   2287.49637   1.2107833  -2.6680952  -7.0300131 2026 01 14 18 16 14.67
0   5715.67831  -3526.18613   2146.38445   1.0738706  -2.5921311  -7.0806116 2026 01 14 18 16 34.67
0   5735.78433  -3577.25617   2004.29286   0.9366973  -2.5145941  -7.1279775 2026 01 14 18 16 54.67
0   5753.14483  -3626.76003   1861.28644   0.7993309  -2.4355192  -7.1720890 2026 01 14 18 17 14.67
0   5767.75662  -3674.66729   1717.43051   0.6618389  -2.3549422  -7.2129258 2026 01 14 18 17 34.67
0   5779.61787  -3720.94830   1572.79074   0.5242887  -2.2729000  -7.2504693 2026 01 14 18 17 54.67
0   5788.72808  -3765.57412   1427.43318   0.3867476  -2.1894304  -7.2847024 2026 01 14 18 18 14.67
0   5795.08812  -3808.51658   1281.42419   0.2492831  -2.1045718  -7.3156094 2026 01 14 18 18 34.67
0   5798.70017  -3849.74830   1134.83043   0.1119621  -2.0183636  -7.3431766 2026 01 14 18 18 54.67
0   5799.56779  -3889.24268    987.71883  -0.0251484  -1.9308462  -7.3673913 2026 01 14 18 19 14.67
0   5797.69585  -3926.97396    840.15656  -0.1619816  -1.8420605  -7.3882430 2026 01 14 18 19 34.67
0   5793.09057  -3962.91718    692.21096  -0.2984712  -1.7520483  -7.4057224 2026 01 14 18 19 54.67
0   5785.75947  -3997.04823    543.94956  -0.4345510  -1.6608522  -7.4198219 2026 01 14 18 20 14.67
0   5775.71141  -4029.34388    395.44003  -0.5701552  -1.5685155  -7.4305355 2026 01 14 18 20 34.67
0   5762.95657  -4059.78174    246.75012  -0.7052182  -1.4750821  -7.4378590 2026 01 14 18 20 54.67
0   5747.50641  -4088.34033     97.94767  -0.8396751  -1.3805968  -7.4417895 2026 01 14 18 21 14.67
0   5729.37370  -4114.99907    -50.89944  -0.9734612  -1.2851050  -7.4423259 2026 01 14 18 21 34.67
0   5708.57251  -4139.73828   -199.72334  -1.1065124  -1.1886525  -7.4394688 2026 01 14 18 21 54.67
0   5685.11818  -4162.53921   -348.45617  -1.2387649  -1.0912861  -7.4332201 2026 01 14 18 22 14.67
0   5659.02730  -4183.38406   -497.03014  -1.3701557  -0.9930529  -7.4235836 2026 01 14 18 22 34.67
0   5630.31773  -4202.25597   -645.37754  -1.5006223  -0.8940006  -7.4105646 2026 01 14 18 22 54.67
0   5599.00859  -4219.13904   -793.43078  -1.6301026  -0.7941776  -7.3941700 2026 01 14 18 23 14.67
0   5565.12022  -4234.01834   -941.12243  -1.7585355  -0.6936326  -7.3744083 2026 01 14 18 23 34.67
0   5528.67417  -4246.87992  -1088.38526  -1.8858601  -0.5924149  -7.3512896 2026 01 14 18 23 54.67
0   5489.69320  -4257.71083  -1235.15223  -2.0120167  -0.4905743  -7.3248254 2026 01 14 18 24 14.67
0   5448.20128  -4266.49911  -1381.35657  -2.1369459  -0.3881608  -7.2950292 2026 01 14 18 24 34.67
0   5404.22353  -4273.23381  -1526.93178  -2.2605894  -0.2852251  -7.2619156 2026 01 14 18 24 54.67
0   5357.78625  -4277.90499  -1671.81167  -2.3828895  -0.1818181  -7.2255010 2026 01 14 18 25 14.67
0   5308.91689  -4280.50375  -1815.93040  -2.5037892  -0.0779911  -7.1858033 2026 01 14 18 25 34.67
0   5257.64399  -4281.02218  -1959.22250  -2.6232327   0.0262044  -7.1428419 2026 01 14 18 25 54.67
0   5203.99725  -4279.45346  -2101.62290  -2.7411648   0.1307164  -7.0966378 2026 01 14 18 26 14.67
0   5148.00744  -4275.79175  -2243.06698  -2.8575312   0.2354929  -7.0472134 2026 01 14 18 26 34.67
0   5089.70640  -4270.03231  -2383.49055  -2.9722788   0.3404814  -6.9945926 2026 01 14 18 26 54.67
0   5029.12705  -4262.17141  -2522.82996  -3.0853550   0.4456294  -6.9388009 2026 01 14 18 27 14.67
0   4966.30331  -4252.20640  -2661.02203  -3.1967086   0.5508841  -6.8798650 2026 01 14 18 27 34.67
0   4901.27015  -4240.13566  -2798.00419  -3.3062892   0.6561926  -6.8178134 2026 01 14 18 27 54.67
0   4834.06352  -4225.95865  -2933.71439  -3.4140475   0.7615020  -6.7526757 2026 01 14 18 28 14.67
0   4764.72036  -4209.67589  -3068.09124  -3.5199351   0.8667591  -6.6844830 2026 01 14 18 28 34.67
0   4693.27854  -4191.28895  -3201.07395  -3.6239049   0.9719107  -6.6132680 2026 01 14 18 28 54.67
0   4619.77691  -4170.80048  -3332.60241  -3.7259107   1.0769036  -6.5390644 2026 01 14 18 29 14.67
0   4544.25517  -4148.21417  -3462.61721  -3.8259074   1.1816848  -6.4619075 2026 01 14 18 29 34.67
0   4466.75396  -4123.53481  -3591.05965  -3.9238513   1.2862008  -6.3818338 2026 01 14 18 29 54.67
0   4387.31477  -4096.76821  -3717.87175  -4.0196994   1.3903987  -6.2988813 2026 01 14 18 30 14.67
0   4305.97992  -4067.92128  -3842.99635  -4.1134104   1.4942254  -6.2130890 2026 01 14 18 30 34.67
0   4222.79256  -4037.00197  -3966.37703  -4.2049436   1.5976279  -6.1244974 2026 01 14 18 30 54.67
0   4137.79665  -4004.01929  -4087.95824  -4.2942601   1.7005534  -6.0331481 2026 01 14 18 31 14.67
0   4051.03689  -3968.98331  -4207.68525  -4.3813216   1.8029493  -5.9390839 2026 01 14 18 31 34.67
0   3962.55876  -3931.90515  -4325.50419  -4.4660916   1.9047631  -5.8423489 2026 01 14 18 31 54.67
0   3872.40845  -3892.79696  -4441.36210  -4.5485345   2.0059426  -5.7429884 2026 01 14 18 32 14.67
0   3780.63284  -3851.67196  -4555.20693  -4.6286159   2.1064357  -5.6410486 2026 01 14 18 32 34.67
0   3687.27950  -3808.54439  -4666.98758  -4.7063030   2.2061907  -5.5365770 2026 01 14 18 32 54.67
0   3592.39662  -3763.42953  -4776.65388  -4.7815639   2.3051562  -5.4296222 2026 01 14 18 33 14.67
0   3496.03304  -3716.34367  -4884.15667  -4.8543683   2.4032810  -5.3202337 2026 01 14 18 33 34.67
0   3398.23818  -3667.30415  -4989.44778  -4.9246869   2.5005143  -5.2084624 2026 01 14 18 33 54.67
0   3299.06203  -3616.32930  -5092.48007  -4.9924921   2.5968057  -5.0943597 2026 01 14 18 34 14.67
0   3198.55514  -3563.43845  -5193.20743  -5.0577571   2.6921053  -4.9779785 2026 01 14 18 34 34.67
0   3096.76856  -3508.65194  -5291.58484  -5.1204569   2.7863634  -4.8593722 2026 01 14 18 34 54.67
0   2993.75383  -3451.99108  -5387.56832  -5.1805676   2.8795307  -4.7385954 2026 01 14 18 35 14.67
0   2889.56297  -3393.47819  -5481.11504  -5.2380665   2.9715588  -4.6157036 2026 01 14 18 35 34.67
0   2784.24842  -3333.13653  -5572.18323  -5.2929326   3.0623992  -4.4907531 2026 01 14 18 35 54.67
0   2677.86304  -3270.99033  -5660.73232  -5.3451459   3.1520044  -4.3638011 2026 01 14 18 36 14.67
0   2570.46007  -3207.06477  -5746.72283  -5.3946879   3.2403271  -4.2349056 2026 01 14 18 36 34.67
0   2462.09311  -3141.38596  -5830.11648  -5.4415415   3.3273209  -4.1041253 2026 01 14 18 36 54.67
0   2352.81610  -3073.98094  -5910.87618  -5.4856907   3.4129395  -3.9715198 2026 01 14 18 37 14.67
0   2242.68326  -3004.87767  -5988.96602  -5.5271212   3.4971377  -3.8371494 2026 01 14 18 37 34.67
0   2131.74910  -2934.10501  -6064.35132  -5.5658198   3.5798707  -3.7010751 2026 01 14 18 37 54.67
0   2020.06838  -2861.69270  -6136.99860  -5.6017748   3.6610942  -3.5633586 2026 01 14 18 38 14.67
0   1907.69608  -2787.67138  -6206.87565  -5.6349756   3.7407648  -3.4240623 2026 01 14 18 38 34.67
0   1794.68737  -2712.07252  -6273.95150  -5.6654133   3.8188397  -3.2832490 2026 01 14 18 38 54.67
0   1681.09759  -2634.92846  -6338.19643  -5.6930802   3.8952767  -3.1409823 2026 01 14 18 39 14.67
0   1566.98224  -2556.27237  -6399.58203  -5.7179698   3.9700346  -2.9973265 2026 01 14 18 39 34.67
0   1452.39690  -2476.13826  -6458.08116  -5.7400771   4.0430726  -2.8523460 2026 01 14 18 39 54.67
0   1337.39726  -2394.56090  -6513.66797  -5.7593985   4.1143510  -2.7061063 2026 01 14 18 40 14.67
0   1222.03907  -2311.57589  -6566.31793  -5.7759315   4.1838306  -2.5586728 2026 01 14 18 40 34.67
0   1106.37810  -2227.21959  -6616.00783  -5.7896752   4.2514731  -2.4101117 2026 01 14 18 40 54.67
0    990.47015  -2141.52911  -6662.71578  -5.8006298   4.3172410  -2.2604897 2026 01 14 18 41 14.67
0    874.37097  -2054.54232  -6706.42123  -5.8087970   4.3810977  -2.1098736 2026 01 14 18 41 34.67
0    758.13629  -1966.29779  -6747.10497  -5.8141797   4.4430075  -1.9583308 2026 01 14 18 41 54.67
0    641.82176  -1876.83482  -6784.74913  -5.8167822   4.5029353  -1.8059290 2026 01 14 18 42 14.67
0    525.48294  -1786.19339  -6819.33723  -5.8166099   4.5608473  -1.6527361 2026 01 14 18 42 34.67
0    409.17524  -1694.41415  -6850.85411  -5.8136698   4.6167101  -1.4988205 2026 01 14 18 42 54.67
0    292.95396  -1601.53841  -6879.28601  -5.8079699   4.6704916  -1.3442507 2026 01 14 18 43 14.67
0    176.87419  -1507.60811  -6904.62053  -5.7995196   4.7221605  -1.1890956 2026 01 14 18 43 34.67
0     60.99084  -1412.66579  -6926.84666  -5.7883297   4.7716865  -1.0334240 2026 01 14 18 43 54.67
0    -54.64142  -1316.75463  -6945.95474  -5.7744120   4.8190401  -0.8773052 2026 01 14 18 44 14.67
0   -169.96816  -1219.91835  -6961.93655  -5.7577797   4.8641931  -0.7208085 2026 01 14 18 44 34.67
0   -284.93523  -1122.20124  -6974.78520  -5.7384473   4.9071178  -0.5640034 2026 01 14 18 44 54.67
0   -399.48878  -1023.64814  -6984.49522  -5.7164304   4.9477880  -0.4069594 2026 01 14 18 45 14.67
0   -513.57529   -924.30438  -6991.06254  -5.6917458   4.9861782  -0.2497462 2026 01 14 18 45 34.67
0   -627.14158   -824.21582  -6994.48447  -5.6644117   5.0222641  -0.0924335 2026 01 14 18 45 54.67
0   -740.13484   -723.42878  -6994.75970  -5.6344472   5.0560223   0.0649091 2026 01 14 18 46 14.67
0   -852.50269   -621.99004  -6991.88835  -5.6018730   5.0874306   0.2222119 2026 01 14 18 46 34.67
0   -964.19312   -519.94681  -6985.87190  -5.5667105   5.1164677   0.3794052 2026 01 14 18 46 54.67
0  -1075.15461   -417.34672  -6976.71324  -5.5289825   5.1431135   0.5364195 2026 01 14 18 47 14.67
0  -1185.33608   -314.23778  -6964.41664  -5.4887131   5.1673490   0.6931851 2026 01 14 18 47 34.67
0  -1294.68695   -210.66839  -6948.98777  -5.4459273   5.1891562   0.8496328 2026 01 14 18 47 54.67
0  -1403.15715   -106.68728  -6930.43369  -5.4006512   5.2085183   1.0056934 2026 01 14 18 48 14.67
0  -1510.69714     -2.34351  -6908.76283  -5.3529122   5.2254197   1.1612976 2026 01 14 18 48 34.67
0  -1617.25795    102.31354  -6883.98499  -5.3027387   5.2398456   1.3163768 2026 01 14 18 48 54.67
0  -1722.79118    207.23425  -6856.11139  -5.2501600   5.2517828   1.4708621 2026 01 14 18 49 14.67
0  -1827.24904    312.36870  -6825.15456  -5.1952068   5.2612188   1.6246852 2026 01 14 18 49 34.67
0  -1930.58433    417.66676  -6791.12844  -5.1379107   5.2681427   1.7777781 2026 01 14 18 49 54.67
0  -2032.75053    523.07809  -6754.04832  -5.0783041   5.2725443   1.9300727 2026 01 14 18 50 14.67
0  -2133.70177    628.55214  -6713.93084  -5.0164208   5.2744150   2.0815018 2026 01 14 18 50 34.67
0  -2233.39284    734.03822  -6670.79397  -4.9522954   5.2737471   2.2319981 2026 01 14 18 50 54.67
0  -2331.77927    839.48549  -6624.65705  -4.8859635   5.2705343   2.3814949 2026 01 14 18 51 14.67
0  -2428.81729    944.84301  -6575.54073  -4.8174616   5.2647712   2.5299258 2026 01 14 18 51 34.67
0  -2524.46387   1050.05971  -6523.46699  -4.7468273   5.2564540   2.6772249 2026 01 14 18 51 54.67
0  -2618.67675   1155.08449  -6468.45911  -4.6740991   5.2455797   2.8233268 2026 01 14 18 52 14.67
0  -2711.41443   1259.86619  -6410.54171  -4.5993162   5.2321469   2.9681665 2026 01 14 18 52 34.67
0  -2802.63623   1364.35363  -6349.74065  -4.5225191   5.2161552   3.1116797 2026 01 14 18 52 54.67
0  -2892.30228   1468.49564  -6286.08313  -4.4437487   5.1976053   3.2538023 2026 01 14 18 53 14.67
0  -2980.37352   1572.24108  -6219.59759  -4.3630471   5.1764995   3.3944711 2026 01 14 18 53 34.67
0  -3066.81176   1675.53885  -6150.31372  -4.2804572   5.1528410   3.5336233 2026 01 14 18 53 54.67
0  -3151.57966   1778.33794  -6078.26249  -4.1960226   5.1266344   3.6711968 2026 01 14 18 54 14.67
0  -3234.64078   1880.58746  -6003.47609  -4.1097877   5.0978855   3.8071302 2026 01 14 18 54 34.67
0  -3315.95957   1982.23662  -5925.98793  -4.0217979   5.0666014   3.9413626 2026 01 14 18 54 54.67
0  -3395.50137   2083.23479  -5845.83263  -3.9320989   5.0327902   4.0738340 2026 01 14 18 55 14.67
0  -3473.23248   2183.53154  -5763.04601  -3.8407377   4.9964616   4.2044850 2026 01 14 18 55 34.67
0  -3549.12013   2283.07661  -5677.66507  -3.7477617   4.9576263   4.3332570 2026 01 14 18 55 54.67
0  -3623.13250   2381.82000  -5589.72797  -3.6532189   4.9162964   4.4600921 2026 01 14 18 56 14.67
0  -3695.23873   2479.71193  -5499.27401  -3.5571582   4.8724850   4.5849334 2026 01 14 18 56 34.67
0  -3765.40898   2576.70293  -5406.34364  -3.4596290   4.8262067   4.7077246 2026 01 14 18 56 54.67
0  -3833.61436   2672.74381  -5310.97842  -3.3606814   4.7774772   4.8284104 2026 01 14 18 57 14.67
0  -3899.82702   2767.78572  -5213.22100  -3.2603662   4.7263136   4.9469364 2026 01 14 18 57 34.67
0  -3964.02011   2861.78015  -5113.11512  -3.1587345   4.6727340   5.0632489 2026 01 14 18 57 54.67
0  -4026.16783   2954.67898  -5010.70558  -3.0558382   4.6167578   5.1772953 2026 01 14 18 58 14.67
0  -4086.24541   3046.43448  -4906.03821  -2.9517296   4.5584059   5.2890240 2026 01 14 18 58 34.67
0  -4144.22912   3136.99935  -4799.15987  -2.8464615   4.4976999   5.3983844 2026 01 14 18 58 54.67
0  -4200.09631   3226.32675  -4690.11845  -2.7400874   4.4346632   5.5053266 2026 01 14 18 59 14.67
0  -4253.82541   3314.37030  -4578.96278  -2.6326610   4.3693199   5.6098021 2026 01 14 18 59 34.67
0  -4305.39590   3401.08411  -4465.74268  -2.5242365   4.3016956   5.7117632 2026 01 14 18 59 54.67
0  -4354.78837   3486.42285  -4350.50891  -2.4148685   4.2318172   5.8111635 2026 01 14 19 00 14.67
0  -4401.98451   3570.34170  -4233.31313  -2.3046121   4.1597123   5.9079575 2026 01 14 19 00 34.67
0  -4446.96709   3652.79643  -4114.20793  -2.1935226   4.0854103   6.0021009 2026 01 14 19 00 54.67
0  -4489.72001   3733.74339  -3993.24674  -2.0816557   4.0089413   6.0935506 2026 01 14 19 01 14.67
0  -4530.22829   3813.13956  -3870.48386  -1.9690673   3.9303367   6.1822645 2026 01 14 19 01 34.67
0  -4568.47805   3890.94254  -3745.97442  -1.8558138   3.8496292   6.2682019 2026 01 14 19 01 54.67
0  -4604.45657   3967.11063  -3619.77434  -1.7419516   3.7668524   6.3513232 2026 01 14 19 02 14.67
0  -4638.15223   4041.60278  -3491.94033  -1.6275374   3.6820411   6.4315901 2026 01 14 19 02 34.67
0  -4669.55456   4114.37865  -3362.52986  -1.5126281   3.5952314   6.5089654 2026 01 14 19 02 54.67
0  -4698.65423   4185.39866  -3231.60112  -1.3972807   3.5064603   6.5834133 2026 01 14 19 03 14.67
0  -4725.44306   4254.62394  -3099.21299  -1.2815526   3.4157658   6.6548992 2026 01 14 19 03 34.67
0  -4749.91400   4322.01644  -2965.42506  -1.1655008   3.3231872   6.7233901 2026 01 14 19 03 54.67
0  -4772.06116   4387.53886  -2830.29754  -1.0491829   3.2287647   6.7888539 2026 01 14 19 04 14.67
0  -4791.87977   4451.15473  -2693.89129  -0.9326562   3.1325396   6.8512601 2026 01 14 19 04 34.67
0  -4809.36626   4512.82844  -2556.26775  -0.8159781   3.0345542   6.9105795 2026 01 14 19 04 54.67
0  -4824.51815   4572.52520  -2417.48893  -0.6992061   2.9348517   6.9667843 2026 01 14 19 05 14.67
0  -4837.33415   4630.21112  -2277.61740  -0.5823975   2.8334765   7.0198482 2026 01 14 19 05 34.67
0  -4847.81410   4685.85319  -2136.71621  -0.4656097   2.7304738   7.0697461 2026 01 14 19 05 54.67
0  -4855.95898   4739.41932  -1994.84894  -0.3488997   2.6258897   7.1164545 2026 01 14 19 06 14.67
0  -4861.77093   4790.87835  -1852.07959  -0.2323247   2.5197713   7.1599512 2026 01 14 19 06 34.67
0  -4865.25321   4840.20009  -1708.47260  -0.1159416   2.4121666   7.2002156 2026 01 14 19 06 54.67
0  -4866.41023   4887.35528  -1564.09281   0.0001929   2.3031245   7.2372284 2026 01 14 19 07 14.67
0  -4865.24753   4932.31568  -1419.00544   0.1160223   2.1926947   7.2709720 2026 01 14 19 07 34.67
0  -4861.77177   4975.05404  -1273.27603   0.2314904   2.0809277   7.3014301 2026 01 14 19 07 54.67
0  -4855.99073   5015.54413  -1126.97045   0.3465411   1.9678749   7.3285880 2026 01 14 19 08 14.67
0  -4847.91333   5053.76074   -980.15482   0.4611189   1.8535883   7.3524324 2026 01 14 19 08 34.67
0  -4837.54957   5089.67974   -832.89554   0.5751683   1.7381210   7.3729516 2026 01 14 19 08 54.67
0  -4824.91057   5123.27805   -685.25921   0.6886344   1.6215264   7.3901355 2026 01 14 19 09 14.67
0  -4810.00854   5154.53365   -537.31263   0.8014627   1.5038590   7.4039754 2026 01 14 19 09 34.67
0  -4792.85679   5183.42564   -389.12275   0.9135990   1.3851736   7.4144641 2026 01 14 19 09 54.67
0  -4773.46968   5209.93423   -240.75666   1.0249895   1.2655260   7.4215962 2026 01 14 19 10 14.67
0  -4751.86268   5234.04071    -92.28152   1.1355811   1.1449724   7.4253676 2026 01 14 19 10 34.67
0  -4728.05227   5255.72755     56.23542   1.2453210   1.0235696   7.4257758 2026 01 14 19 10 54.67
0  -4702.05603   5274.97833    204.72689   1.3541571   0.9013751   7.4228200 2026 01 14 19 11 14.67
0  -4673.89254   5291.77780    353.12561   1.4620376   0.7784469   7.4165007 2026 01 14 19 11 34.67
0  -4643.58142   5306.11186    501.36434   1.5689116   0.6548433   7.4068201 2026 01 14 19 11 54.67
0  -4611.14332   5317.96759    649.37588   1.6747286   0.5306233   7.3937820 2026 01 14 19 12 14.67
0  -4576.59986   5327.33326    797.09313   1.7794388   0.4058463   7.3773918 2026 01 14 19 12 34.67
0  -4539.97368   5334.19833    944.44912   1.8829930   0.2805721   7.3576562 2026 01 14 19 12 54.67
0  -4501.28838   5338.55345   1091.37702   1.9853430   0.1548609   7.3345838 2026 01 14 19 13 14.67
0  -4460.56852   5340.39049   1237.81020   2.0864408   0.0287731   7.3081844 2026 01 14 19 13 34.67
0  -4417.83962   5339.70252   1383.68222   2.1862395  -0.0976302   7.2784696 2026 01 14 19 13 54.67
0  -4373.12812   5336.48385   1528.92691   2.2846930  -0.2242881   7.2454525 2026 01 14 19 14 14.67
0  -4326.46139   5330.72998   1673.47836   2.3817556  -0.3511391   7.2091475 2026 01 14 19 14 34.67
0  -4277.86768   5322.43768   1817.27098   2.4773829  -0.4781216   7.1695708 2026 01 14 19 14 54.67
0  -4227.37614   5311.60494   1960.23950   2.5715310  -0.6051737   7.1267401 2026 01 14 19 15 14.67
0  -4175.01679   5298.23098   2102.31903   2.6641570  -0.7322334   7.0806745 2026 01 14 19 15 34.67
0  -4120.82048   5282.31627   2243.44509   2.7552187  -0.8592387   7.0313945 2026 01 14 19 15 54.67
0  -4064.81893   5263.86251   2383.55359   2.8446750  -0.9861274   6.9789224 2026 01 14 19 16 14.67
0  -4007.04463   5242.87267   2522.58093   2.9324857  -1.1128371   6.9232817 2026 01 14 19 16 34.67
0  -3947.53090   5219.35094   2660.46399   3.0186113  -1.2393055   6.8644975 2026 01 14 19 16 54.67
0  -3886.31183   5193.30277   2797.14016   3.1030136  -1.3654703   6.8025962 2026 01 14 19 17 14.67
0  -3823.42225   5164.73486   2932.54737   3.1856551  -1.4912693   6.7376059 2026 01 14 19 17 34.67
0  -3758.89774   5133.65515   3066.62414   3.2664993  -1.6166403   6.6695560 2026 01 14 19 17 54.67
0  -3692.77461   5100.07281   3199.30957   3.3455109  -1.7415210   6.5984772 2026 01 14 19 18 14.67
0  -3625.08986   5063.99828   3330.54341   3.4226555  -1.8658496   6.5244016 2026 01 14 19 18 34.67
0  -3555.88116   5025.44320   3460.26606   3.4978997  -1.9895641   6.4473630 2026 01 14 19 18 54.67
0  -3485.18684   4984.42048   3588.41860   3.5712111  -2.1126030   6.3673961 2026 01 14 19 19 14.67
0  -3413.04587   4940.94425   3714.94283   3.6425587  -2.2349049   6.2845374 2026 01 14 19 19 34.67
0  -3339.49784   4895.02986   3839.78127   3.7119121  -2.3564085   6.1988242 2026 01 14 19 19 54.67
0  -3264.58291   4846.69388   3962.87724   3.7792424  -2.4770531   6.1102957 2026 01 14 19 20 14.67
0  -3188.34184   4795.95410   4084.17481   3.8445215  -2.5967780   6.0189918 2026 01 14 19 20 34.67
0  -3110.81591   4742.82951   4203.61891   3.9077227  -2.7155232   5.9249542 2026 01 14 19 20 54.67
0  -3032.04695   4687.34030   4321.15526   3.9688201  -2.8332286   5.8282254 2026 01 14 19 21 14.67
0  -2952.07727   4629.50788   4436.73050   4.0277893  -2.9498351   5.7288494 2026 01 14 19 21 34.67
0  -2870.94969   4569.35480   4550.29212   4.0846067  -3.0652835   5.6268714 2026 01 14 19 21 54.67
0  -2788.70745   4506.90481   4661.78854   4.1392502  -3.1795154   5.5223376 2026 01 14 19 22 14.67
0  -2705.39425   4442.18283   4771.16912   4.1916985  -3.2924728   5.4152954 2026 01 14 19 22 34.67
0  -2621.05420   4375.21492   4878.38417   4.2419318  -3.4040982   5.3057936 2026 01 14 19 22 54.67
0  -2535.73178   4306.02829   4983.38500   4.2899312  -3.5143348   5.1938816 2026 01 14 19 23 14.67
0  -2449.47186   4234.65127   5086.12392   4.3356792  -3.6231262   5.0796105 2026 01 14 19 23 34.67
0  -2362.31962   4161.11334   5186.55424   4.3791594  -3.7304167   4.9630319 2026 01 14 19 23 54.67
0  -2274.32058   4085.44506   5284.63035   4.4203566  -3.8361512   4.8441988 2026 01 14 19 24 14.67
0  -2185.52054   4007.67810   5380.30770   4.4592566  -3.9402755   4.7231651 2026 01 14 19 24 34.67
0  -2095.96558   3927.84520   5473.54281   4.4958469  -4.0427357   4.5999856 2026 01 14 19 24 54.67
0  -2005.70200   3845.98017   5564.29334   4.5301156  -4.1434789   4.4747162 2026 01 14 19 25 14.67
0  -1914.77635   3762.11788   5652.51805   4.5620525  -4.2424530   4.3474136 2026 01 14 19 25 34.67
0  -1823.23535   3676.29422   5738.17685   4.5916483  -4.3396064   4.2181356 2026 01 14 19 25 54.67
0  -1731.12592   3588.54612   5821.23082   4.6188951  -4.4348885   4.0869406 2026 01 14 19 26 14.67
0  -1638.49509   3498.91150   5901.64220   4.6437860  -4.5282496   3.9538881 2026 01 14 19 26 34.67
0  -1545.39006   3407.42927   5979.37445   4.6663154  -4.6196407   3.8190383 2026 01 14 19 26 54.67
0  -1451.85808   3314.13932   6054.39224   4.6864791  -4.7090136   3.6824522 2026 01 14 19 27 14.67
0  -1357.94652   3219.08248   6126.66145   4.7042737  -4.7963213   3.5441917 2026 01 14 19 27 34.67
0  -1263.70278   3122.30053   6196.14922   4.7196974  -4.8815174   3.4043192 2026 01 14 19 27 54.67
0  -1169.17427   3023.83614   6262.82394   4.7327493  -4.9645567   3.2628980 2026 01 14 19 28 14.67
0  -1074.40845   2923.73291   6326.65528   4.7434299  -5.0453948   3.1199921 2026 01 14 19 28 34.67
0   -979.45272   2822.03529   6387.61418   4.7517408  -5.1239883   2.9756660 2026 01 14 19 28 54.67
0   -884.35444   2718.78859   6445.67290   4.7576848  -5.2002949   2.8299850 2026 01 14 19 29 14.67
0   -789.16093   2614.03898   6500.80500   4.7612657  -5.2742734   2.6830149 2026 01 14 19 29 34.67
0   -693.91938   2507.83341   6552.98535   4.7624889  -5.3458834   2.5348221 2026 01 14 19 29 54.67
0   -598.67690   2400.21965   6602.19016   4.7613606  -5.4150858   2.3854734 2026 01 14 19 30 14.67
0   -503.48045   2291.24624   6648.39701   4.7578882  -5.4818424   2.2350364 2026 01 14 19 30 34.67
0   -408.37681   2180.96247   6691.58479   4.7520805  -5.5461163   2.0835790 2026 01 14 19 30 54.67
0   -313.41261   2069.41834   6731.73379   4.7439471  -5.6078717   1.9311695 2026 01 14 19 31 14.67
0   -218.63425   1956.66458   6768.82565   4.7334990  -5.6670739   1.7778767 2026 01 14 19 31 34.67
0   -124.08789   1842.75259   6802.84340   4.7207482  -5.7236892   1.6237699 2026 01 14 19 31 54.67
0    -29.81948   1727.73443   6833.77144   4.7057079  -5.7776854   1.4689186 2026 01 14 19 32 14.67
0     64.12535   1611.66280   6861.59560   4.6883924  -5.8290314   1.3133927 2026 01 14 19 32 34.67
0    157.70124   1494.59101   6886.30309   4.6688169  -5.8776971   1.1572625 2026 01 14 19 32 54.67
0    250.86315   1376.57294   6907.88251   4.6469981  -5.9236539   1.0005983 2026 01 14 19 33 14.67
0    343.56640   1257.66306   6926.32389   4.6229535  -5.9668744   0.8434709 2026 01 14 19 33 34.67
0    435.76664   1137.91634   6941.61870   4.5967015  -6.0073323   0.6859513 2026 01 14 19 33 54.67
0    527.41993   1017.38831   6953.75978   4.5682620  -6.0450028   0.5281106 2026 01 14 19 34 14.67
0    618.48273    896.13493   6962.74143   4.5376556  -6.0798623   0.3700200 2026 01 14 19 34 34.67
0    708.91190    774.21266   6968.55937   4.5049040  -6.1118884   0.2117510 2026 01 14 19 34 54.67
0    798.66478    651.67838   6971.21075   4.4700301  -6.1410601   0.0533751 2026 01 14 19 35 14.67
0    887.69915    528.58937   6970.69414   4.4330576  -6.1673578  -0.1050361 2026 01 14 19 35 34.67
0    975.97329    405.00330   6967.00955   4.3940111  -6.1907632  -0.2634111 2026 01 14 19 35 54.67
0   1063.44597    280.97819   6960.15842   4.3529166  -6.2112593  -0.4216782 2026 01 14 19 36 14.67
0   1150.07650    156.57237   6950.14364   4.3098006  -6.2288305  -0.5797659 2026 01 14 19 36 34.67
0   1235.82472     31.84450   6936.96949   4.2646909  -6.2434627  -0.7376026 2026 01 14 19 36 54.67
0   1320.65105    -93.14653   6920.64173   4.2176159  -6.2551429  -0.8951168 2026 01 14 19 37 14.67
0   1404.51647   -218.34154   6901.16750   4.1686051  -6.2638598  -1.0522372 2026 01 14 19 37 34.67
0   1487.38256   -343.68118   6878.55539   4.1176891  -6.2696033  -1.2088928 2026 01 14 19 37 54.67
0   1569.21155   -469.10589   6852.81543   4.0648989  -6.2723648  -1.3650123 2026 01 14 19 38 14.67
0   1649.96625   -594.55595   6823.95902   4.0102668  -6.2721372  -1.5205251 2026 01 14 19 38 34.67
0   1729.61017   -719.97153   6791.99902   3.9538258  -6.2689146  -1.6753606 2026 01 14 19 38 54.67
0   1808.10746   -845.29267   6756.94968   3.8956097  -6.2626927  -1.8294485 2026 01 14 19 39 14.67
0   1885.42297   -970.45936   6718.82664   3.8356531  -6.2534687  -1.9827188 2026 01 14 19 39 34.67
0   1961.52223  -1095.41155   6677.64695   3.7739915  -6.2412411  -2.1351018 2026 01 14 19 39 54.67
0   2036.37152  -1220.08915   6633.42905   3.7106610  -6.2260099  -2.2865283 2026 01 14 19 40 14.67
0   2109.93781  -1344.43212   6586.19277   3.6456986  -6.2077767  -2.4369293 2026 01 14 19 40 34.67
0   2182.18885  -1468.38042   6535.95929   3.5791422  -6.1865442  -2.5862364 2026 01 14 19 40 54.67
0   2253.09314  -1591.87414   6482.75118   3.5110299  -6.1623170  -2.7343815 2026 01 14 19 41 14.67
0   2322.61996  -1714.85341   6426.59236   3.4414011  -6.1351009  -2.8812971 2026 01 14 19 41 34.67
0   2390.73937  -1837.25855   6367.50807   3.3702955  -6.1049033  -3.0269161 2026 01 14 19 41 54.67
0   2457.42224  -1959.02999   6305.52492   3.2977536  -6.0717328  -3.1711721 2026 01 14 19 42 14.67
0   2522.64025  -2080.10840   6240.67084   3.2238165  -6.0355999  -3.3139991 2026 01 14 19 42 34.67
0   2586.36591  -2200.43462   6172.97504   3.1485259  -5.9965162  -3.4553318 2026 01 14 19 42 54.67
0   2648.57258  -2319.94978   6102.46807   3.0719242  -5.9544950  -3.5951056 2026 01 14 19 43 14.67
0   2709.23446  -2438.59528   6029.18175   2.9940541  -5.9095509  -3.7332563 2026 01 14 19 43 34.67
0   2768.32662  -2556.31280   5953.14916   2.9149593  -5.8617001  -3.8697208 2026 01 14 19 43 54.67
0   2825.82501  -2673.04439   5874.40466   2.8346835  -5.8109601  -4.0044365 2026 01 14 19 44 14.67
0   2881.70644  -2788.73247   5792.98385   2.7532714  -5.7573501  -4.1373414 2026 01 14 19 44 34.67
0   2935.94863  -2903.31982   5708.92355   2.6707679  -5.7008906  -4.2683746 2026 01 14 19 44 54.67
0   2988.53023  -3016.74967   5622.26180   2.5872183  -5.6416035  -4.3974758 2026 01 14 19 45 14.67
0   3039.43075  -3128.96570   5533.03783   2.5026686  -5.5795122  -4.5245857 2026 01 14 19 45 34.67
0   3088.63066  -3239.91209   5441.29206   2.4171650  -5.5146415  -4.6496457 2026 01 14 19 45 54.67
0   3136.11135  -3349.53349   5347.06606   2.3307542  -5.4470178  -4.7725982 2026 01 14 19 46 14.67
0   3181.85514  -3457.77512   5250.40255   2.2434831  -5.3766687  -4.8933865 2026 01 14 19 46 34.67
0   3225.84530  -3564.58276   5151.34537   2.1553992  -5.3036233  -5.0119549 2026 01 14 19 46 54.67
0   3268.06605  -3669.90279   5049.93946   2.0665501  -5.2279120  -5.1282488 2026 01 14 19 47 14.67
0   3308.50256  -3773.68220   4946.23086   1.9769837  -5.1495669  -5.2422143 2026 01 14 19 47 34.67
0   3347.14097  -3875.86865   4840.26666   1.8867483  -5.0686210  -5.3537988 2026 01 14 19 47 54.67
0   3383.96838  -3976.41047   4732.09499   1.7958922  -4.9851091  -5.4629508 2026 01 14 19 48 14.67
0   3418.97287  -4075.25669   4621.76503   1.7044643  -4.8990671  -5.5696196 2026 01 14 19 48 34.67
0   3452.14348  -4172.35709   4509.32692   1.6125132  -4.8105323  -5.6737559 2026 01 14 19 48 54.67
0   3483.47024  -4267.66218   4394.83179   1.5200880  -4.7195433  -5.7753116 2026 01 14 19 49 14.67
0   3512.94417  -4361.12328   4278.33175   1.4272379  -4.6261401  -5.8742394 2026 01 14 19 49 34.67
0   3540.55724  -4452.69251   4159.87979   1.3340121  -4.5303638  -5.9704936 2026 01 14 19 49 54.67
0   3566.30245  -4542.32284   4039.52984   1.2404598  -4.4322570  -6.0640296 2026 01 14 19 50 14.67
0   3590.17376  -4629.96809   3917.33671   1.1466305  -4.3318633  -6.1548040 2026 01 14 19 50 34.67
0   3612.16612  -4715.58297   3793.35604   1.0525736  -4.2292277  -6.2427746 2026 01 14 19 50 54.67
0   3632.27546  -4799.12310   3667.64433   0.9583384  -4.1243965  -6.3279006 2026 01 14 19 51 14.67
0   3650.49873  -4880.54503   3540.25886   0.8639742  -4.0174168  -6.4101425 2026 01 14 19 51 34.67
0   3666.83383  -4959.80629   3411.25771   0.7695305  -3.9083374  -6.4894622 2026 01 14 19 51 54.67
0   3681.27966  -5036.86537   3280.69967   0.6750564  -3.7972078  -6.5658229 2026 01 14 19 52 14.67
0   3693.83611  -5111.68177   3148.64430   0.5806010  -3.6840788  -6.6391891 2026 01 14 19 52 34.67
0   3704.50403  -5184.21602   3015.15182   0.4862133  -3.5690024  -6.7095269 2026 01 14 19 52 54.67
0   3713.28528  -5254.42970   2880.28314   0.3919420  -3.4520314  -6.7768035 2026 01 14 19 53 14.67
0   3720.18267  -5322.28545   2744.09978   0.2978359  -3.3332198  -6.8409879 2026 01 14 19 53 34.67
0   3725.19998  -5387.74701   2606.66390   0.2039432  -3.2126228  -6.9020503 2026 01 14 19 53 54.67
0   3728.34197  -5450.77924   2468.03822   0.1103122  -3.0902962  -6.9599625 2026 01 14 19 54 14.67
0   3729.61435  -5511.34810   2328.28602   0.0169907  -2.9662971  -7.0146976 2026 01 14 19 54 34.67
0   3729.02378  -5569.42073   2187.47108  -0.0759737  -2.8406833  -7.0662305 2026 01 14 19 54 54.67
0   3726.57788  -5624.96541   2045.65771  -0.1685338  -2.7135137  -7.1145374 2026 01 14 19 55 14.67
0   3722.28520  -5677.95162   1902.91064  -0.2606426  -2.5848480  -7.1595961 2026 01 14 19 55 34.67
0   3716.15525  -5728.35006   1759.29505  -0.3522537  -2.4547466  -7.2013858 2026 01 14 19 55 54.67
0   3708.19842  -5776.13260   1614.87650  -0.4433209  -2.3232709  -7.2398875 2026 01 14 19 56 14.67
0   3698.42607  -5821.27240   1469.72096  -0.5337986  -2.1904830  -7.2750836 2026 01 14 19 56 34.67
0   3686.85043  -5863.74382   1323.89467  -0.6236415  -2.0564458  -7.3069580 2026 01 14 19 56 54.67
0   3673.48464  -5903.52253   1177.46424  -0.7128048  -1.9212227  -7.3354964 2026 01 14 19 57 14.67
0   3658.34275  -5940.58543   1030.49651  -0.8012443  -1.7848782  -7.3606859 2026 01 14 19 57 34.67
0   3641.43967  -5974.91077    883.05857  -0.8889163  -1.6474770  -7.3825152 2026 01 14 19 57 54.67
0   3622.79117  -6006.47804    735.21773  -0.9757776  -1.5090848  -7.4009748 2026 01 14 19 58 14.67
0   3602.41391  -6035.26810    587.04146  -1.0617857  -1.3697674  -7.4160566 2026 01 14 19 58 34.67
0   3580.32537  -6061.26310    438.59739  -1.1468984  -1.2295917  -7.4277542 2026 01 14 19 58 54.67
0   3556.54386  -6084.44655    289.95326  -1.2310744  -1.0886246  -7.4360626 2026 01 14 19 59 14.67
0   3531.08854  -6104.80330    141.17688  -1.3142731  -0.9469338  -7.4409788 2026 01 14 19 59 34.67
0   3503.97936  -6122.31955     -7.66388  -1.3964542  -0.8045874  -7.4425011 2026 01 14 19 59 54.67
0   3475.23705  -6136.98288   -156.50114  -1.4775785  -0.6616536  -7.4406296 2026 01 14 20 00 14.67
0   3444.88314  -6148.78222   -305.26704  -1.5576072  -0.5182014  -7.4353658 2026 01 14 20 00 34.67
0   3412.93993  -6157.70789   -453.89376  -1.6365025  -0.3742998  -7.4267129 2026 01 14 20 00 54.67
0   3379.43046  -6163.75162   -602.31356  -1.7142270  -0.2300181  -7.4146759 2026 01 14 20 01 14.67
0   3344.37851  -6166.90648   -750.45884  -1.7907444  -0.0854261  -7.3992612 2026 01 14 20 01 34.67
0   3307.80859  -6167.16697   -898.26209  -1.8660190   0.0594065  -7.3804768 2026 01 14 20 01 54.67
0   3269.74589  -6164.52897  -1045.65604  -1.9400159   0.2044097  -7.3583322 2026 01 14 20 02 14.67
0   3230.21631  -6158.98979  -1192.57358  -2.0127012   0.3495132  -7.3328388 2026 01 14 20 02 34.67
0   3189.24642  -6150.54812  -1338.94786  -2.0840416   0.4946470  -7.3040093 2026 01 14 20 02 54.67
0   3146.86345  -6139.20404  -1484.71230  -2.1540047   0.6397406  -7.2718580 2026 01 14 20 03 14.67
0   3103.09525  -6124.95908  -1629.80063  -2.2225592   0.7847238  -7.2364009 2026 01 14 20 03 34.67
0   3057.97030  -6107.81614  -1774.14689  -2.2896743   0.9295262  -7.1976554 2026 01 14 20 03 54.67
0   3011.51770  -6087.77954  -1917.68551  -2.3553205   1.0740777  -7.1556404 2026 01 14 20 04 14.67
0   2963.76711  -6064.85500  -2060.35129  -2.4194689   1.2183080  -7.1103766 2026 01 14 20 04 34.67
0   2914.74876  -6039.04965  -2202.07949  -2.4820916   1.3621472  -7.0618858 2026 01 14 20 04 54.67
0   2864.49344  -6010.37201  -2342.80580  -2.5431618   1.5055254  -7.0101916 2026 01 14 20 05 14.67
0   2813.03247  -5978.83199  -2482.46638  -2.6026534   1.6483729  -6.9553189 2026 01 14 20 05 34.67
0   2760.39766  -5944.44091  -2620.99795  -2.6605415   1.7906203  -6.8972942 2026 01 14 20 05 54.67
0   2706.62133  -5907.21146  -2758.33773  -2.7168020   1.9321985  -6.8361455 2026 01 14 20 06 14.67
0   2651.73626  -5867.15771  -2894.42353  -2.7714118   2.0730386  -6.7719019 2026 01 14 20 06 34.67
0   2595.77569  -5824.29511  -3029.19377  -2.8243489   2.2130721  -6.7045943 2026 01 14 20 06 54.67
0   2538.77329  -5778.64047  -3162.58748  -2.8755921   2.3522309  -6.6342547 2026 01 14 20 07 14.67
0   2480.76314  -5730.21197  -3294.54435  -2.9251213   2.4904473  -6.5609166 2026 01 14 20 07 34.67
0   2421.77970  -5679.02913  -3425.00476  -2.9729175   2.6276541  -6.4846149 2026 01 14 20 07 54.67
0   2361.85783  -5625.11280  -3553.90981  -3.0189627   2.7637845  -6.4053858 2026 01 14 20 08 14.67
0   2301.03271  -5568.48519  -3681.20131  -3.0632397   2.8987722  -6.3232667 2026 01 14 20 08 34.67
0   2239.33986  -5509.16979  -3806.82185  -3.1057326   3.0325515  -6.2382964 2026 01 14 20 08 54.67
0   2176.81513  -5447.19144  -3930.71480  -3.1464264   3.1650573  -6.1505149 2026 01 14 20 09 14.67
0   2113.49464  -5382.57625  -4052.82436  -3.1853071   3.2962250  -6.0599636 2026 01 14 20 09 34.67
0   2049.41477  -5315.35161  -4173.09555  -3.2223618   3.4259909  -5.9666849 2026 01 14 20 09 54.67
0   1984.61217  -5245.54621  -4291.47426  -3.2575787   3.5542916  -5.8707226 2026 01 14 20 10 14.67
0   1919.12371  -5173.18996  -4407.90726  -3.2909468   3.6810646  -5.7721214 2026 01 14 20 10 34.67
0   1852.98646  -5098.31405  -4522.34223  -3.3224564   3.8062483  -5.6709274 2026 01 14 20 10 54.67
0   1786.23767  -5020.95086  -4634.72780  -3.3520987   3.9297816  -5.5671879 2026 01 14 20 11 14.67
0   1718.91478  -4941.13401  -4745.01352  -3.3798660   4.0516043  -5.4609509 2026 01 14 20 11 34.67
0   1651.05535  -4858.89831  -4853.14994  -3.4057516   4.1716569  -5.3522658 2026 01 14 20 11 54.67
0   1582.69708  -4774.27974  -4959.08860  -3.4297498   4.2898809  -5.2411830 2026 01 14 20 12 14.67
0   1513.87775  -4687.31546  -5062.78206  -3.4518561   4.4062187  -5.1277538 2026 01 14 20 12 34.67
0   1444.63525  -4598.04375  -5164.18392  -3.4720669   4.5206134  -5.0120307 2026 01 14 20 12 54.67
0   1375.00751  -4506.50405  -5263.24882  -3.4903795   4.6330092  -4.8940669 2026 01 14 20 13 14.67
0   1305.03251  -4412.73687  -5359.93249  -3.5067925   4.7433512  -4.7739167 2026 01 14 20 13 34.67
0   1234.74825  -4316.78383  -5454.19176  -3.5213054   4.8515854  -4.6516354 2026 01 14 20 13 54.67
0   1164.19273  -4218.68762  -5545.98456  -3.5339185   4.9576588  -4.5272789 2026 01 14 20 14 14.67
0   1093.40394  -4118.49199  -5635.26995  -3.5446335   5.0615196  -4.4009042 2026 01 14 20 14 34.67
0   1022.41980  -4016.24168  -5722.00816  -3.5534529   5.1631168  -4.2725690 2026 01 14 20 14 54.67
0    951.27820  -3911.98247  -5806.16054  -3.5603801   5.2624006  -4.1423320 2026 01 14 20 15 14.67
0    880.01694  -3805.76112  -5887.68966  -3.5654196   5.3593222  -4.0102524 2026 01 14 20 15 34.67
0    808.67372  -3697.62534  -5966.55927  -3.5685769   5.4538341  -3.8763904 2026 01 14 20 15 54.67
0    737.28611  -3587.62381  -6042.73432  -3.5698585   5.5458896  -3.7408067 2026 01 14 20 16 14.67
0    665.89157  -3475.80610  -6116.18099  -3.5692717   5.6354435  -3.6035628 2026 01 14 20 16 34.67
0    594.52738  -3362.22269  -6186.86670  -3.5668249   5.7224514  -3.4647208 2026 01 14 20 16 54.67
0    523.23064  -3246.92493  -6254.76011  -3.5625275   5.8068703  -3.3243436 2026 01 14 20 17 14.67
0    452.03828  -3129.96502  -6319.83114  -3.5563895   5.8886585  -3.1824945 2026 01 14 20 17 34.67
0    380.98698  -3011.39598  -6382.05101  -3.5484223   5.9677753  -3.0392375 2026 01 14 20 17 54.67
0    310.11321  -2891.27164  -6441.39219  -3.5386379   6.0441812  -2.8946371 2026 01 14 20 18 14.67
0    239.45320  -2769.64660  -6497.82847  -3.5270492   6.1178381  -2.7487583 2026 01 14 20 18 34.67
0    169.04288  -2646.57621  -6551.33492  -3.5136701   6.1887092  -2.6016667 2026 01 14 20 18 54.67
0     98.91792  -2522.11654  -6601.88796  -3.4985155   6.2567588  -2.4534283 2026 01 14 20 19 14.67
0     29.11368  -2396.32437  -6649.46531  -3.4816009   6.3219526  -2.3041095 2026 01 14 20 19 34.67
0    -40.33481  -2269.25714  -6694.04602  -3.4629428   6.3842576  -2.1537771 2026 01 14 20 19 54.67
0   -109.39285  -2140.97296  -6735.61051  -3.4425585   6.4436420  -2.0024984 2026 01 14 20 20 14.67
0   -178.02609  -2011.53054  -6774.14051  -3.4204662   6.5000755  -1.8503409 2026 01 14 20 20 34.67
0   -246.20057  -1880.98919  -6809.61912  -3.3966849   6.5535291  -1.6973726 2026 01 14 20 20 54.67
0   -313.88270  -1749.40880  -6842.03082  -3.3712343   6.6039751  -1.5436617 2026 01 14 20 21 14.67
0   -381.03929  -1616.84976  -6871.36143  -3.3441350   6.6513871  -1.3892766 2026 01 14 20 21 34.67
0   -447.63759  -1483.37303  -6897.59815  -3.3154084   6.6957403  -1.2342861 2026 01 14 20 21 54.67
0   -513.64527  -1349.04001  -6920.72957  -3.2850766   6.7370111  -1.0787591 2026 01 14 20 22 14.67
0   -579.03046  -1213.91258  -6940.74564  -3.2531625   6.7751773  -0.9227647 2026 01 14 20 22 34.67
0   -643.76173  -1078.05304  -6957.63772  -3.2196896   6.8102181  -0.7663722 2026 01 14 20 22 54.67
0   -707.80816   -941.52409  -6971.39852  -3.1846822   6.8421143  -0.6096511 2026 01 14 20 23 14.67
0   -771.13930   -804.38881  -6982.02218  -3.1481655   6.8708479  -0.4526709 2026 01 14 20 23 34.67
0   -833.72523   -666.71062  -6989.50420  -3.1101650   6.8964025  -0.2955011 2026 01 14 20 23 54.67
0   -895.53653   -528.55325  -6993.84149  -3.0707072   6.9187629  -0.1382115 2026 01 14 20 24 14.67
0   -956.54432   -389.98073  -6995.03235  -3.0298192   6.9379155   0.0191283 2026 01 14 20 24 34.67
0  -1016.72028   -251.05733  -6993.07648  -2.9875286   6.9538483   0.1764486 2026 01 14 20 24 54.67
0  -1076.03663   -111.84757  -6987.97496  -2.9438637   6.9665505   0.3336796 2026 01 14 20 25 14.67
0  -1134.46618     27.58385  -6979.73027  -2.8988535   6.9760128   0.4907519 2026 01 14 20 25 34.67
0  -1191.98231    167.17205  -6968.34628  -2.8525274   6.9822275   0.6475958 2026 01 14 20 25 54.67
0  -1248.55901    306.85201  -6953.82826  -2.8049156   6.9851883   0.8041420 2026 01 14 20 26 14.67
0  -1304.17086    446.55861  -6936.18284  -2.7560488   6.9848904   0.9603212 2026 01 14 20 26 34.67
0  -1358.79309    586.22662  -6915.41807  -2.7059580   6.9813304   1.1160642 2026 01 14 20 26 54.67
0  -1412.40152    725.79078  -6891.54336  -2.6546752   6.9745064   1.2713021 2026 01 14 20 27 14.67
0  -1464.97263    865.18582  -6864.56949  -2.6022324   6.9644180   1.4259663 2026 01 14 20 27 34.67
0  -1516.48355   1004.34644  -6834.50864  -2.5486625   6.9510664   1.5799881 2026 01 14 20 27 54.67
0  -1566.91207   1143.20741  -6801.37431  -2.4939986   6.9344542   1.7332995 2026 01 14 20 28 14.67
0  -1616.23665   1281.70355  -6765.18142  -2.4382743   6.9145855   1.8858325 2026 01 14 20 28 34.67
0  -1664.43642   1419.76978  -6725.94619  -2.3815239   6.8914657   2.0375195 2026 01 14 20 28 54.67
0  -1711.49120   1557.34116  -6683.68623  -2.3237818   6.8651021   2.1882933 2026 01 14 20 29 14.67
0  -1757.38150   1694.35287  -6638.42048  -2.2650830   6.8355031   2.3380870 2026 01 14 20 29 34.67
0  -1802.08855   1830.74032  -6590.16918  -2.2054627   6.8026789   2.4868342 2026 01 14 20 29 54.67
0  -1845.59426   1966.43912  -6538.95395  -2.1449566   6.7666409   2.6344687 2026 01 14 20 30 14.67
0  -1887.88129   2101.38510  -6484.79769  -2.0836008   6.7274021   2.7809251 2026 01 14 20 30 34.67
0  -1928.93300   2235.51441  -6427.72462  -2.0214317   6.6849772   2.9261382 2026 01 14 20 30 54.67
0  -1968.73349   2368.76347  -6367.76025  -1.9584858   6.6393821   3.0700435 2026 01 14 20 31 14.67
0  -2007.26760   2501.06906  -6304.93137  -1.8948003   6.5906343   3.2125768 2026 01 14 20 31 34.67
0  -2044.52090   2632.36829  -6239.26608  -1.8304122   6.5387527   3.3536747 2026 01 14 20 31 54.67
0  -2080.47972   2762.59871  -6170.79369  -1.7653591   6.4837578   3.4932743 2026 01 14 20 32 14.67
0  -2115.13114   2891.69826  -6099.54482  -1.6996787   6.4256715   3.6313133 2026 01 14 20 32 34.67
0  -2148.46298   3019.60535  -6025.55129  -1.6334090   6.3645170   3.7677300 2026 01 14 20 32 54.67
0  -2180.46385   3146.25885  -5948.84615  -1.5665881   6.3003193   3.9024634 2026 01 14 20 33 14.67
0  -2211.12310   3271.59816  -5869.46368  -1.4992543   6.2331046   4.0354533 2026 01 14 20 33 34.67
0  -2240.43086   3395.56322  -5787.43934  -1.4314461   6.1629006   4.1666400 2026 01 14 20 33 54.67
0  -2268.37803   3518.09453  -5702.80980  -1.3632021   6.0897364   4.2959647 2026 01 14 20 34 14.67
0  -2294.95628   3639.13319  -5615.61287  -1.2945611   6.0136426   4.4233694 2026 01 14 20 34 34.67
0  -2320.15805   3758.62092  -5525.88754  -1.2255618   5.9346511   4.5487968 2026 01 14 20 34 54.67
0  -2343.97658   3876.50010  -5433.67390  -1.1562431   5.8527952   4.6721905 2026 01 14 20 35 14.67
0  -2366.40586   3992.71380  -5339.01320  -1.0866441   5.7681099   4.7934948 2026 01 14 20 35 34.67
0  -2387.44068   4107.20578  -5241.94778  -1.0168037   5.6806311   4.9126550 2026 01 14 20 35 54.67
0  -2407.07659   4219.92054  -5142.52105  -0.9467610   5.5903964   5.0296174 2026 01 14 20 36 14.67
0  -2425.30996   4330.80336  -5040.77750  -0.8765550   5.4974447   5.1443289 2026 01 14 20 36 34.67
0  -2442.13789   4439.80029  -4936.76268  -0.8062246   5.4018161   5.2567378 2026 01 14 20 36 54.67
0  -2457.55829   4546.85822  -4830.52314  -0.7358088   5.3035523   5.3667929 2026 01 14 20 37 14.67
0  -2471.56985   4651.92486  -4722.10647  -0.6653465   5.2026960   5.4744443 2026 01 14 20 37 34.67
0  -2484.17201   4754.94881  -4611.56123  -0.5948765   5.0992914   5.5796431 2026 01 14 20 37 54.67
0  -2495.36503   4855.87955  -4498.93696  -0.5244376   4.9933838   5.6823413 2026 01 14 20 38 14.67
0  -2505.14990   4954.66748  -4384.28414  -0.4540682   4.8850201   5.7824922 2026 01 14 20 38 34.67
0  -2513.52839   5051.26398  -4267.65417  -0.3838069   4.7742480   5.8800499 2026 01 14 20 38 54.67
0  -2520.50306   5145.62135  -4149.09937  -0.3136918   4.6611168   5.9749698 2026 01 14 20 39 14.67
0  -2526.07721   5237.69291  -4028.67293  -0.2437611   4.5456768   6.0672084 2026 01 14 20 39 34.67
0  -2530.25490   5327.43302  -3906.42890  -0.1740526   4.4279795   6.1567235 2026 01 14 20 39 54.67
0  -2533.04097   5414.79704  -3782.42216  -0.1046040   4.3080777   6.2434738 2026 01 14 20 40 14.67
0  -2534.44098   5499.74143  -3656.70842  -0.0354528   4.1860251   6.3274194 2026 01 14 20 40 34.67
0  -2534.46124   5582.22371  -3529.34415   0.0333641   4.0618768   6.4085216 2026 01 14 20 40 54.67
0  -2533.10883   5662.20254  -3400.38660   0.1018097   3.9356887   6.4867430 2026 01 14 20 41 14.67
0  -2530.39152   5739.63769  -3269.89375   0.1698474   3.8075181   6.5620473 2026 01 14 20 41 34.67
0  -2526.31784   5814.49009  -3137.92429   0.2374411   3.6774231   6.6343996 2026 01 14 20 41 54.67
0  -2520.89703   5886.72184  -3004.53760   0.3045549   3.5454628   6.7037663 2026 01 14 20 42 14.67
0  -2514.13905   5956.29624  -2869.79372   0.3711532   3.4116975   6.7701152 2026 01 14 20 42 34.67
0  -2506.05455   6023.17780  -2733.75331   0.4372010   3.2761883   6.8334152 2026 01 14 20 42 54.67
0  -2496.65489   6087.33226  -2596.47765   0.5026635   3.1389973   6.8936368 2026 01 14 20 43 14.67
0  -2485.95213   6148.72661  -2458.02860   0.5675065   3.0001876   6.9507518 2026 01 14 20 43 34.67
0  -2473.95899   6207.32912  -2318.46854   0.6316959   2.8598229   7.0047334 2026 01 14 20 43 54.67
0  -2460.68888   6263.10934  -2177.86042   0.6951986   2.7179681   7.0555561 2026 01 14 20 44 14.67
0  -2446.15587   6316.03812  -2036.26764   0.7579815   2.5746886   7.1031960 2026 01 14 20 44 34.67
0  -2430.37466   6366.08763  -1893.75408   0.8200122   2.4300509   7.1476306 2026 01 14 20 44 54.67
0  -2413.36064   6413.23137  -1750.38408   0.8812588   2.2841220   7.1888386 2026 01 14 20 45 14.67
0  -2395.12979   6457.44420  -1606.22235   0.9416900   2.1369699   7.2268006 2026 01 14 20 45 34.67
0  -2375.69873   6498.70234  -1461.33400   1.0012748   1.9886629   7.2614983 2026 01 14 20 45 54.67
0  -2355.08470   6536.98338  -1315.78448   1.0599830   1.8392703   7.2929151 2026 01 14 20 46 14.67
0  -2333.30552   6572.26630  -1169.63957   1.1177850   1.6888619   7.3210358 2026 01 14 20 46 34.67
0  -2310.37961   6604.53150  -1022.96533   1.1746516   1.5375081   7.3458467 2026 01 14 20 46 54.67
0  -2286.32596   6633.76078   -875.82807   1.2305545   1.3852799   7.3673356 2026 01 14 20 47 14.67
0  -2261.16413   6659.93735   -728.29434   1.2854656   1.2322487   7.3854920 2026 01 14 20 47 34.67
0  -2234.91422   6683.04589   -580.43088   1.3393579   1.0784866   7.4003068 2026 01 14 20 47 54.67
0  -2207.59687   6703.07249   -432.30461   1.3922048   0.9240659   7.4117723 2026 01 14 20 48 14.67
0  -2179.23326   6720.00471   -283.98258   1.4439804   0.7690596   7.4198825 2026 01 14 20 48 34.67
0  -2149.84507   6733.83157   -135.53192   1.4946596   0.6135407   7.4246331 2026 01 14 20 48 54.67
0  -2119.45445   6744.54355     12.98013   1.5442179   0.4575829   7.4260210 2026 01 14 20 49 14.67
0  -2088.08408   6752.13261    161.48630   1.5926316   0.3012600   7.4240449 2026 01 14 20 49 34.67
0  -2055.75708   6756.59220    309.91931   1.6398775   0.1446461   7.4187049 2026 01 14 20 49 54.67
0  -2022.49703   6757.91722    458.21191   1.6859334  -0.0121844   7.4100029 2026 01 14 20 50 14.67
0  -1988.32793   6756.10410    606.29687   1.7307778  -0.1691570   7.3979421 2026 01 14 20 50 34.67
0  -1953.27423   6751.15074    754.10708   1.7743899  -0.3261970   7.3825274 2026 01 14 20 50 54.67
0  -1917.36078   6743.05654    901.57552   1.8167497  -0.4832296   7.3637651 2026 01 14 20 51 14.67
0  -1880.61282   6731.82239   1048.63531   1.8578380  -0.6401799   7.3416633 2026 01 14 20 51 34.67
0  -1843.05596   6717.45069   1195.21975   1.8976363  -0.7969730   7.3162315 2026 01 14 20 51 54.67
0  -1804.71618   6699.94533   1341.26236   1.9361271  -0.9535340   7.2874807 2026 01 14 20 52 14.67
0  -1765.61979   6679.31170   1486.69688   1.9732934  -1.1097881   7.2554235 2026 01 14 20 52 34.67
0  -1725.79346   6655.55668   1631.45731   2.0091194  -1.2656605   7.2200741 2026 01 14 20 52 54.67
0  -1685.26413   6628.68866   1775.47797   2.0435898  -1.4210765   7.1814481 2026 01 14 20 53 14.67
0  -1644.05907   6598.71751   1918.69350   2.0766904  -1.5759616   7.1395627 2026 01 14 20 53 34.67
0  -1602.20580   6565.65458   2061.03889   2.1084076  -1.7302415   7.0944366 2026 01 14 20 53 54.67
0  -1559.73212   6529.51273   2202.44953   2.1387288  -1.8838421   7.0460900 2026 01 14 20 54 14.67
0  -1516.66608   6490.30627   2342.86121   2.1676422  -2.0366897   6.9945445 2026 01 14 20 54 34.67
0  -1473.03593   6448.05100   2482.21020   2.1951369  -2.1887107   6.9398234 2026 01 14 20 54 54.67
0  -1428.87016   6402.76419   2620.43323   2.2212028  -2.3398320   6.8819513 2026 01 14 20 55 14.67
0  -1384.19743   6354.46455   2757.46753   2.2458307  -2.4899808   6.8209542 2026 01 14 20 55 34.67
0  -1339.04658   6303.17225   2893.25087   2.2690122  -2.6390848   6.7568597 2026 01 14 20 55 54.67
0  -1293.44663   6248.90893   3027.72159   2.2907400  -2.7870722   6.6896969 2026 01 14 20 56 14.67
0  -1247.42671   6191.69761   3160.81864   2.3110073  -2.9338715   6.6194960 2026 01 14 20 56 34.67
0  -1201.01609   6131.56277   3292.48156   2.3298086  -3.0794119   6.5462888 2026 01 14 20 56 54.67
0  -1154.24415   6068.53029   3422.65055   2.3471389  -3.2236231   6.4701085 2026 01 14 20 57 14.67
0  -1107.14034   6002.62745   3551.26649   2.3629942  -3.3664355   6.3909897 2026 01 14 20 57 34.67
0  -1059.73419   5933.88292   3678.27098   2.3773716  -3.5077800   6.3089682 2026 01 14 20 57 54.67
0  -1012.05528   5862.32674   3803.60632   2.3902687  -3.6475882   6.2240812 2026 01 14 20 58 14.67
0   -964.13325   5787.99032   3927.21559   2.4016843  -3.7857926   6.1363672 2026 01 14 20 58 34.67
0   -915.99772   5710.90640   4049.04265   2.4116179  -3.9223261   6.0458662 2026 01 14 20 58 54.67
0   -867.67833   5631.10906   4169.03215   2.4200698  -4.0571226   5.9526190 2026 01 14 20 59 14.67
0   -819.20470   5548.63370   4287.12960   2.4270413  -4.1901168   5.8566681 2026 01 14 20 59 34.67
0   -770.60643   5463.51700   4403.28137   2.4325347  -4.3212442   5.7580571 2026 01 14 20 59 54.67
0   -721.91305   5375.79695   4517.43468   2.4365528  -4.4504412   5.6568307 2026 01 14 21 00 14.67
0   -673.15402   5285.51278   4629.53769   2.4390995  -4.5776450   5.5530348 2026 01 14 21 00 34.67
0   -624.35872   5192.70496   4739.53948   2.4401795  -4.7027938   5.4467167 2026 01 14 21 00 54.67
0   -575.55645   5097.41523   4847.39008   2.4397984  -4.8258268   5.3379245 2026 01 14 21 01 14.67
0   -526.77635   4999.68648   4953.04050   2.4379626  -4.9466842   5.2267076 2026 01 14 21 01 34.67
0   -478.04746   4899.56282   5056.44276   2.4346791  -5.0653070   5.1131166 2026 01 14 21 01 54.67
0   -429.39864   4797.08952   5157.54988   2.4299562  -5.1816376   4.9972029 2026 01 14 21 02 14.67
0   -380.85861   4692.31300   5256.31593   2.4238027  -5.2956192   4.8790192 2026 01 14 21 02 34.67
0   -332.45586   4585.28080   5352.69605   2.4162281  -5.4071963   4.7586190 2026 01 14 21 02 54.67
0   -284.21873   4476.04155   5446.64645   2.4072431  -5.5163142   4.6360569 2026 01 14 21 03 14.67
0   -236.17532   4364.64497   5538.12444   2.3968589  -5.6229198   4.5113885 2026 01 14 21 03 34.67
0   -188.35347   4251.14183   5627.08847   2.3850874  -5.7269607   4.3846703 2026 01 14 21 03 54.67
0   -140.78083   4135.58394   5713.49811   2.3719416  -5.8283862   4.2559597 2026 01 14 21 04 14.67
0    -93.48473   4018.02411   5797.31409   2.3574351  -5.9271465   4.1253151 2026 01 14 21 04 34.67
0    -46.49225   3898.51612   5878.49833   2.3415821  -6.0231930   3.9927955 2026 01 14 21 04 54.67
0      0.16983   3777.11473   5957.01391   2.3243979  -6.1164786   3.8584609 2026 01 14 21 05 14.67
0     46.47505   3653.87561   6032.82516   2.3058981  -6.2069573   3.7223723 2026 01 14 21 05 34.67
0     92.39725   3528.85537   6105.89759   2.2860994  -6.2945847   3.5845911 2026 01 14 21 05 54.67
0    137.91063   3402.11144   6176.19799   2.2650191  -6.3793173   3.4451796 2026 01 14 21 06 14.67
0    182.98973   3273.70216   6243.69438   2.2426750  -6.4611132   3.3042010 2026 01 14 21 06 34.67
0    227.60947   3143.68667   6308.35605   2.2190859  -6.5399320   3.1617189 2026 01 14 21 06 54.67
0    271.74513   3012.12490   6370.15357   2.1942709  -6.6157344   3.0177978 2026 01 14 21 07 14.67
0    315.37239   2879.07756   6429.05882   2.1682503  -6.6884828   2.8725027 2026 01 14 21 07 34.67
0    358.46736   2744.60610   6485.04496   2.1410444  -6.7581407   2.7258993 2026 01 14 21 07 54.67
0    401.00653   2608.77267   6538.08651   2.1126747  -6.8246734   2.5780537 2026 01 14 21 08 14.67
0    442.96685   2471.64012   6588.15927   2.0831629  -6.8880473   2.4290329 2026 01 14 21 08 34.67
0    484.32569   2333.27196   6635.24042   2.0525316  -6.9482305   2.2789039 2026 01 14 21 08 54.67
0    525.06091   2193.73229   6679.30847   2.0208039  -7.0051927   2.1277348 2026 01 14 21 09 14.67
0    565.15079   2053.08583   6720.34330   1.9880033  -7.0589047   1.9755936 2026 01 14 21 09 34.67
0    604.57414   1911.39786   6758.32616   1.9541541  -7.1093392   1.8225492 2026 01 14 21 09 54.67
0    643.31022   1768.73420   6793.23967   1.9192811  -7.1564702   1.6686705 2026 01 14 21 10 14.67
0    681.33880   1625.16116   6825.06784   1.8834095  -7.2002734   1.5140271 2026 01 14 21 10 34.67
0    718.64018   1480.74553   6853.79608   1.8465651  -7.2407259   1.3586887 2026 01 14 21 10 54.67
0    755.19516   1335.55453   6879.41119   1.8087742  -7.2778064   1.2027255 2026 01 14 21 11 14.67
0    790.98508   1189.65582   6901.90137   1.7700637  -7.3114953   1.0462079 2026 01 14 21 11 34.67
0    825.99181   1043.11739   6921.25624   1.7304607  -7.3417745   0.8892065 2026 01 14 21 11 54.67
0    860.19779    896.00762   6937.46685   1.6899930  -7.3686274   0.7317923 2026 01 14 21 12 14.67
0    893.58600    748.39517   6950.52563   1.6486886  -7.3920390   0.5740362 2026 01 14 21 12 34.67
0    926.13998    600.34902   6960.42647   1.6065762  -7.4119962   0.4160096 2026 01 14 21 12 54.67
0    957.84388    451.93838   6967.16466   1.5636846  -7.4284872   0.2577838 2026 01 14 21 13 14.67
0    988.68239    303.23266   6970.73695   1.5200432  -7.4415019   0.0994303 2026 01 14 21 13 34.67
0   1018.64082    154.30148   6971.14150   1.4756817  -7.4510318  -0.0589794 2026 01 14 21 13 54.67
0   1047.70507      5.21460   6968.37789   1.4306301  -7.4570702  -0.2173735 2026 01 14 21 14 14.67
0   1075.86163   -143.95808   6962.44715   1.3849188  -7.4596118  -0.3756806 2026 01 14 21 14 34.67
0   1103.09762   -293.14660   6953.35174   1.3385784  -7.4586532  -0.5338290 2026 01 14 21 14 54.67
0   1129.40077   -442.28092   6941.09555   1.2916400  -7.4541924  -0.6917472 2026 01 14 21 15 14.67
0   1154.75943   -591.29101   6925.68390   1.2441347  -7.4462292  -0.8493637 2026 01 14 21 15 34.67
0   1179.16257   -740.10683   6907.12354   1.1960941  -7.4347649  -1.0066071 2026 01 14 21 15 54.67
0   1202.59981   -888.65837   6885.42263   1.1475499  -7.4198028  -1.1634062 2026 01 14 21 16 14.67
0   1225.06140  -1036.87574   6860.59079   1.0985340  -7.4013473  -1.3196899 2026 01 14 21 16 34.67
0   1246.53821  -1184.68912   6832.63902   1.0490787  -7.3794050  -1.4753873 2026 01 14 21 16 54.67
0   1267.02180  -1332.02885   6801.57976   0.9992163  -7.3539839  -1.6304280 2026 01 14 21 17 14.67
0   1286.50433  -1478.82546   6767.42684   0.9489793  -7.3250935  -1.7847413 2026 01 14 21 17 34.67
0   1304.97864  -1625.00967   6730.19552   0.8984003  -7.2927453  -1.9382574 2026 01 14 21 17 54.67
0   1322.43822  -1770.51245   6689.90243   0.8475121  -7.2569523  -2.0909064 2026 01 14 21 18 14.67
0   1338.87723  -1915.26505   6646.56562   0.7963476  -7.2177289  -2.2426188 2026 01 14 21 18 34.67
0   1354.29045  -2059.19902   6600.20450   0.7449398  -7.1750915  -2.3933258 2026 01 14 21 18 54.67
0   1368.67335  -2202.24626   6550.83987   0.6933218  -7.1290580  -2.5429586 2026 01 14 21 19 14.67
0   1382.02207  -2344.33903   6498.49390   0.6415266  -7.0796479  -2.6914492 2026 01 14 21 19 34.67
0   1394.33338  -2485.41002   6443.19010   0.5895874  -7.0268824  -2.8387297 2026 01 14 21 19 54.67
0   1405.60474  -2625.39234   6384.95335   0.5375372  -6.9707842  -2.9847330 2026 01 14 21 20 14.67
0   1415.83427  -2764.21959   6323.80986   0.4854094  -6.9113777  -3.1293926 2026 01 14 21 20 34.67
0   1425.02073  -2901.82584   6259.78717   0.4332368  -6.8486890  -3.2726422 2026 01 14 21 20 54.67
0   1433.16357  -3038.14573   6192.91413   0.3810527  -6.7827455  -3.4144163 2026 01 14 21 21 14.67
0   1440.26289  -3173.11446   6123.22090   0.3288900  -6.7135766  -3.5546502 2026 01 14 21 21 34.67
0   1446.31943  -3306.66782   6050.73893   0.2767817  -6.6412128  -3.6932797 2026 01 14 21 21 54.67
0   1451.33462  -3438.74223   5975.50094   0.2247605  -6.5656867  -3.8302411 2026 01 14 21 22 14.67
0   1455.31053  -3569.27479   5897.54092   0.1728591  -6.4870319  -3.9654717 2026 01 14 21 22 34.67
0   1458.24988  -3698.20326   5816.89411   0.1211101  -6.4052839  -4.0989095 2026 01 14 21 22 54.67
0   1460.15604  -3825.46616   5733.59698   0.0695458  -6.3204797  -4.2304931 2026 01 14 21 23 14.67
0   1461.03303  -3951.00273   5647.68721   0.0181985  -6.2326576  -4.3601621 2026 01 14 21 23 34.67
0   1460.88550  -4074.75303   5559.20370  -0.0328998  -6.1418578  -4.4878569 2026 01 14 21 23 54.67
0   1459.71876  -4196.65790   5468.18651  -0.0837173  -6.0481214  -4.6135186 2026 01 14 21 24 14.67
0   1457.53874  -4316.65904   5374.67690  -0.1342225  -5.9514915  -4.7370895 2026 01 14 21 24 34.67
0   1454.35200  -4434.69903   5278.71724  -0.1843841  -5.8520124  -4.8585126 2026 01 14 21 24 54.67
0   1450.16571  -4550.72132   5180.35106  -0.2341711  -5.7497298  -4.9777318 2026 01 14 21 25 14.67
0   1444.98768  -4664.67032   5079.62298  -0.2835527  -5.6446908  -5.0946921 2026 01 14 21 25 34.67
0   1438.82633  -4776.49139   4976.57872  -0.3324985  -5.5369442  -5.2093396 2026 01 14 21 25 54.67
0   1431.69066  -4886.13086   4871.26507  -0.3809784  -5.4265397  -5.3216213 2026 01 14 21 26 14.67
0   1423.59030  -4993.53610   4763.72987  -0.4289627  -5.3135286  -5.4314852 2026 01 14 21 26 34.67
0   1414.53545  -5098.65548   4654.02198  -0.4764221  -5.1979635  -5.5388805 2026 01 14 21 26 54.67
0   1404.53690  -5201.43847   4542.19127  -0.5233274  -5.0798983  -5.6437575 2026 01 14 21 27 14.67
0   1393.60602  -5301.83562   4428.28860  -0.5696502  -4.9593881  -5.7460677 2026 01 14 21 27 34.67
0   1381.75473  -5399.79858   4312.36577  -0.6153622  -4.8364894  -5.8457636 2026 01 14 21 27 54.67
0   1368.99555  -5495.28015   4194.47554  -0.6604358  -4.7112597  -5.9427990 2026 01 14 21 28 14.67
0   1355.34150  -5588.23431   4074.67157  -0.7048435  -4.5837579  -6.0371291 2026 01 14 21 28 34.67
0   1340.80617  -5678.61621   3953.00841  -0.7485587  -4.4540439  -6.1287099 2026 01 14 21 28 54.67
0   1325.40368  -5766.38221   3829.54147  -0.7915550  -4.3221789  -6.2174990 2026 01 14 21 29 14.67
0   1309.14867  -5851.48991   3704.32699  -0.8338066  -4.1882251  -6.3034553 2026 01 14 21 29 34.67
0   1292.05628  -5933.89817   3577.42203  -0.8752881  -4.0522458  -6.3865388 2026 01 14 21 29 54.67
0   1274.14216  -6013.56711   3448.88444  -0.9159747  -3.9143054  -6.4667110 2026 01 14 21 30 14.67
0   1255.42246  -6090.45817   3318.77282  -0.9558423  -3.7744691  -6.5439347 2026 01 14 21 30 34.67
0   1235.91379  -6164.53409   3187.14650  -0.9948672  -3.6328034  -6.6181741 2026 01 14 21 30 54.67
0   1215.63324  -6235.75895   3054.06551  -1.0330263  -3.4893755  -6.6893948 2026 01 14 21 31 14.67
0   1194.59835  -6304.09819   2919.59057  -1.0702970  -3.3442537  -6.7575636 2026 01 14 21 31 34.67
0   1172.82711  -6369.51862   2783.78302  -1.1066575  -3.1975071  -6.8226491 2026 01 14 21 31 54.67
0   1150.33794  -6431.98844   2646.70483  -1.1420866  -3.0492055  -6.8846210 2026 01 14 21 32 14.67
0   1127.14967  -6491.47725   2508.41858  -1.1765635  -2.8994197  -6.9434508 2026 01 14 21 32 34.67
0   1103.28155  -6547.95609   2368.98737  -1.2100683  -2.7482212  -6.9991112 2026 01 14 21 32 54.67
0   1078.75321  -6601.39742   2228.47485  -1.2425817  -2.5956823  -7.0515765 2026 01 14 21 33 14.67
0   1053.58467  -6651.77517   2086.94518  -1.2740850  -2.4418759  -7.1008226 2026 01 14 21 33 34.67
0   1027.79632  -6699.06471   1944.46296  -1.3045601  -2.2868757  -7.1468267 2026 01 14 21 33 54.67
0   1001.40889  -6743.24291   1801.09325  -1.3339898  -2.1307557  -7.1895678 2026 01 14 21 34 14.67
0    974.44346  -6784.28812   1656.90151  -1.3623575  -1.9735909  -7.2290262 2026 01 14 21 34 34.67
0    946.92143  -6822.18021   1511.95358  -1.3896473  -1.8154566  -7.2651839 2026 01 14 21 34 54.67
0    918.86450  -6856.90053   1366.31564  -1.4158440  -1.6564286  -7.2980246 2026 01 14 21 35 14.67
0    890.29470  -6888.43197   1220.05418  -1.4409332  -1.4965833  -7.3275332 2026 01 14 21 35 34.67
0    861.23429  -6916.75896   1073.23598  -1.4649013  -1.3359973  -7.3536965 2026 01 14 21 35 54.67
0    831.70585  -6941.86745    925.92806  -1.4877351  -1.1747477  -7.3765028 2026 01 14 21 36 14.67
0    801.73218  -6963.74495    778.19768  -1.5094227  -1.0129121  -7.3959419 2026 01 14 21 36 34.67
0    771.33631  -6982.38051    630.11226  -1.5299524  -0.8505680  -7.4120055 2026 01 14 21 36 54.67
0    740.54152  -6997.76474    481.73938  -1.5493137  -0.6877937  -7.4246866 2026 01 14 21 37 14.67
0    709.37127  -7009.88982    333.14675  -1.5674966  -0.5246671  -7.4339798 2026 01 14 21 37 34.67
0    677.84922  -7018.74949    184.40218  -1.5844920  -0.3612668  -7.4398815 2026 01 14 21 37 54.67
0    645.99922  -7024.33906     35.57350  -1.6002916  -0.1976711  -7.4423897 2026 01 14 21 38 14.67
0    613.84524  -7026.65541   -113.27139  -1.6148878  -0.0339587  -7.4415039 2026 01 14 21 38 34.67
0    581.41144  -7025.69699   -262.06463  -1.6282739   0.1297917  -7.4372253 2026 01 14 21 38 54.67
0    548.72206  -7021.46382   -410.73838  -1.6404439   0.2935016  -7.4295565 2026 01 14 21 39 14.67
0    515.80150  -7013.95751   -559.22489  -1.6513926   0.4570923  -7.4185021 2026 01 14 21 39 34.67
0    482.67421  -7003.18122   -707.45650  -1.6611157   0.6204855  -7.4040679 2026 01 14 21 39 54.67
0    449.36475  -6989.13969   -855.36568  -1.6696096   0.7836026  -7.3862615 2026 01 14 21 40 14.67
0    415.89773  -6971.83923  -1002.88507  -1.6768715   0.9463654  -7.3650922 2026 01 14 21 40 34.67
0    382.29781  -6951.28770  -1149.94754  -1.6828994   1.1086960  -7.3405706 2026 01 14 21 40 54.67
0    348.58969  -6927.49452  -1296.48614  -1.6876922   1.2705166  -7.3127090 2026 01 14 21 41 14.67
0    314.79807  -6900.47067  -1442.43423  -1.6912495   1.4317497  -7.2815215 2026 01 14 21 41 34.67
0    280.94766  -6870.22867  -1587.72542  -1.6935717   1.5923182  -7.2470233 2026 01 14 21 41 54.67
0    247.06315  -6836.78259  -1732.29368  -1.6946601   1.7521453  -7.2092316 2026 01 14 21 42 14.67
0    213.16920  -6800.14801  -1876.07331  -1.6945166   1.9111547  -7.1681648 2026 01 14 21 42 34.67
0    179.29042  -6760.34205  -2018.99902  -1.6931441   2.0692705  -7.1238430 2026 01 14 21 42 54.67
0    145.45136  -6717.38335  -2161.00592  -1.6905462   2.2264172  -7.0762879 2026 01 14 21 43 14.67
0    111.67647  -6671.29202  -2302.02956  -1.6867273   2.3825200  -7.0255223 2026 01 14 21 43 34.67
0     77.99013  -6622.08970  -2442.00599  -1.6816924   2.5375045  -6.9715710 2026 01 14 21 43 54.67
0     44.41661  -6569.79948  -2580.87175  -1.6754476   2.6912970  -6.9144599 2026 01 14 21 44 14.67
0     10.98002  -6514.44595  -2718.56391  -1.6679996   2.8438245  -6.8542165 2026 01 14 21 44 34.67
0    -22.29562  -6456.05512  -2855.02012  -1.6593558   2.9950146  -6.7908697 2026 01 14 21 44 54.67
0    -55.38650  -6394.65446  -2990.17860  -1.6495244   3.1447955  -6.7244497 2026 01 14 21 45 14.67
0    -88.26894  -6330.27287  -3123.97822  -1.6385145   3.2930964  -6.6549885 2026 01 14 21 45 34.67
0   -120.91948  -6262.94064  -3256.35846  -1.6263356   3.4398471  -6.5825189 2026 01 14 21 45 54.67
0   -153.31484  -6192.68949  -3387.25952  -1.6129983   3.5849783  -6.5070755 2026 01 14 21 46 14.67
0   -185.43195  -6119.55248  -3516.62227  -1.5985138   3.7284215  -6.4286940 2026 01 14 21 46 34.67
0   -217.24800  -6043.56406  -3644.38832  -1.5828939   3.8701090  -6.3474116 2026 01 14 21 46 54.67
0   -248.74039  -5964.76000  -3770.50004  -1.5661512   4.0099743  -6.2632667 2026 01 14 21 47 14.67
0   -279.88681  -5883.17741  -3894.90055  -1.5482990   4.1479515  -6.1762989 2026 01 14 21 47 34.67
0   -310.66521  -5798.85469  -4017.53383  -1.5293513   4.2839759  -6.0865492 2026 01 14 21 47 54.67
0   -341.05382  -5711.83155  -4138.34464  -1.5093228   4.4179838  -5.9940597 2026 01 14 21 48 14.67
0   -371.03117  -5622.14895  -4257.27863  -1.4882287   4.5499125  -5.8988737 2026 01 14 21 48 34.67
0   -400.57611  -5529.84907  -4374.28231  -1.4660851   4.6797002  -5.8010358 2026 01 14 21 48 54.67
0   -429.66783  -5434.97536  -4489.30309  -1.4429085   4.8072865  -5.7005917 2026 01 14 21 49 14.67
0   -458.28582  -5337.57243  -4602.28932  -1.4187163   4.9326118  -5.5975882 2026 01 14 21 49 34.67
0   -486.40996  -5237.68610  -4713.19029  -1.3935263   5.0556179  -5.4920733 2026 01 14 21 49 54.67
0   -514.02047  -5135.36330  -4821.95626  -1.3673569   5.1762477  -5.3840958 2026 01 14 21 50 14.67
0   -541.09796  -5030.65214  -4928.53848  -1.3402273   5.2944452  -5.2737059 2026 01 14 21 50 34.67
0   -567.62342  -4923.60181  -5032.88920  -1.3121570   5.4101557  -5.1609547 2026 01 14 21 50 54.67
0   -593.57823  -4814.26259  -5134.96172  -1.2831664   5.5233256  -5.0458942 2026 01 14 21 51 14.67
0   -618.94420  -4702.68580  -5234.71038  -1.2532762   5.6339029  -4.9285775 2026 01 14 21 51 34.67
0   -643.70354  -4588.92382  -5332.09061  -1.2225077   5.7418364  -4.8090585 2026 01 14 21 51 54.67
0   -667.83891  -4473.03001  -5427.05889  -1.1908828   5.8470766  -4.6873923 2026 01 14 21 52 14.67
0   -691.33340  -4355.05873  -5519.57284  -1.1584237   5.9495752  -4.5636346 2026 01 14 21 52 34.67
0   -714.17056  -4235.06528  -5609.59120  -1.1251535   6.0492852  -4.4378421 2026 01 14 21 52 54.67
0   -736.33439  -4113.10590  -5697.07385  -1.0910953   6.1461609  -4.3100724 2026 01 14 21 53 14.67
0   -757.80938  -3989.23770  -5781.98181  -1.0562729   6.2401581  -4.1803837 2026 01 14 21 53 34.67
0   -778.58048  -3863.51869  -5864.27731  -1.0207107   6.3312340  -4.0488351 2026 01 14 21 53 54.67
0   -798.63314  -3736.00772  -5943.92373  -0.9844334   6.4193470  -3.9154865 2026 01 14 21 54 14.67
0   -817.95331  -3606.76445  -6020.88569  -0.9474659   6.5044572  -3.7803986 2026 01 14 21 54 34.67
0   -836.52744  -3475.84931  -6095.12901  -0.9098339   6.5865259  -3.6436325 2026 01 14 21 54 54.67
0   -854.34250  -3343.32351  -6166.62074  -0.8715632   6.6655160  -3.5052503 2026 01 14 21 55 14.67
0   -871.38597  -3209.24898  -6235.32918  -0.8326801   6.7413919  -3.3653145 2026 01 14 21 55 34.67
0   -887.64588  -3073.68835  -6301.22390  -0.7932112   6.8141193  -3.2238884 2026 01 14 21 55 54.67
0   -903.11078  -2936.70493  -6364.27572  -0.7531836   6.8836655  -3.0810357 2026 01 14 21 56 14.67
0   -917.76976  -2798.36264  -6424.45675  -0.7126244   6.9499992  -2.9368208 2026 01 14 21 56 34.67
0   -931.61247  -2658.72604  -6481.74040  -0.6715613   7.0130908  -2.7913086 2026 01 14 21 56 54.67
0   -944.62911  -2517.86025  -6536.10137  -0.6300222   7.0729120  -2.6445645 2026 01 14 21 57 14.67
0   -956.81045  -2375.83096  -6587.51568  -0.5880353   7.1294362  -2.4966543 2026 01 14 21 57 34.67
0   -968.14780  -2232.70435  -6635.96068  -0.5456290   7.1826382  -2.3476444 2026 01 14 21 57 54.67
0   -978.63306  -2088.54711  -6681.41502  -0.5028319   7.2324943  -2.1976014 2026 01 14 21 58 14.67
0   -988.25872  -1943.42638  -6723.85872  -0.4596729   7.2789826  -2.0465926 2026 01 14 21 58 34.67
0   -997.01782  -1797.40972  -6763.27314  -0.4161812   7.3220826  -1.8946853 2026 01 14 21 58 54.67
0  -1004.90399  -1650.56510  -6799.64099  -0.3723860   7.3617752  -1.7419473 2026 01 14 21 59 14.67
0  -1011.91147  -1502.96084  -6832.94632  -0.3283168   7.3980431  -1.5884469 2026 01 14 21 59 34.67
0  -1018.03507  -1354.66559  -6863.17457  -0.2840032   7.4308705  -1.4342523 2026 01 14 21 59 54.67
0  -1023.27020  -1205.74830  -6890.31255  -0.2394749   7.4602431  -1.2794323 2026 01 14 22 00 14.67
0  -1027.61287  -1056.27821  -6914.34844  -0.1947619   7.4861483  -1.1240557 2026 01 14 22 00 34.67
0  -1031.05967   -906.32478  -6935.27179  -0.1498941   7.5085750  -0.9681916 2026 01 14 22 00 54.67
0  -1033.60782   -755.95768  -6953.07354  -0.1049017   7.5275136  -0.8119092 2026 01 14 22 01 14.67
0  -1035.25512   -605.24674  -6967.74602  -0.0598146   7.5429563  -0.6552780 2026 01 14 22 01 34.67
0  -1035.99999   -454.26196  -6979.28295  -0.0146632   7.5548967  -0.4983673 2026 01 14 22 01 54.67
0  -1035.84143   -303.07343  -6987.67943   0.0305223   7.5633301  -0.3412469 2026 01 14 22 02 14.67
0  -1034.77907   -151.75133  -6992.93197   0.0757117   7.5682534  -0.1839863 2026 01 14 22 02 34.67
0  -1032.81313     -0.36588  -6995.03846   0.1208747   7.5696648  -0.0266553 2026 01 14 22 02 54.67
0  -1029.94445    151.01269  -6993.99818   0.1659811   7.5675645   0.1306765 2026 01 14 22 03 14.67
0  -1026.17445    302.31413  -6989.81182   0.2110006   7.5619541   0.2879394 2026 01 14 22 03 34.67
0  -1021.50518    453.46830  -6982.48145   0.2559031   7.5528366   0.4450638 2026 01 14 22 03 54.67
0  -1015.93928    604.40508  -6972.01054   0.3006585   7.5402170   0.6019801 2026 01 14 22 04 14.67
0  -1009.47998    755.05449  -6958.40395   0.3452368   7.5241014   0.7586189 2026 01 14 22 04 34.67
0  -1002.13114    905.34669  -6941.66791   0.3896081   7.5044980   0.9149108 2026 01 14 22 04 54.67
0   -993.89719   1055.21201  -6921.81005   0.4337425   7.4814160   1.0707868 2026 01 14 22 05 14.67
0   -984.78317   1204.58099  -6898.83940   0.4776105   7.4548666   1.2261777 2026 01 14 22 05 34.67
0   -974.79470   1353.38440  -6872.76633   0.5211824   7.4248625   1.3810148 2026 01 14 22 05 54.67
0   -963.93799   1501.55329  -6843.60261   0.5644290   7.3914177   1.5352296 2026 01 14 22 06 14.67
0   -952.21984   1649.01899  -6811.36137   0.6073211   7.3545480   1.6887538 2026 01 14 22 06 34.67
0   -939.64764   1795.71318  -6776.05710   0.6498296   7.3142707   1.8415194 2026 01 14 22 06 54.67
0   -926.22934   1941.56790  -6737.70565   0.6919260   7.2706047   1.9934586 2026 01 14 22 07 14.67
0   -911.97347   2086.51555  -6696.32423   0.7335815   7.2235702   2.1445042 2026 01 14 22 07 34.67
0   -896.88913   2230.48900  -6651.93138   0.7747681   7.1731892   2.2945892 2026 01 14 22 07 54.67
0   -880.98599   2373.42154  -6604.54697   0.8154576   7.1194850   2.4436470 2026 01 14 22 08 14.67
0   -864.27426   2515.24696  -6554.19222   0.8556224   7.0624826   2.5916114 2026 01 14 22 08 34.67
0   -846.76470   2655.89954  -6500.88965   0.8952350   7.0022084   2.7384168 2026 01 14 22 08 54.67
0   -828.46865   2795.31414  -6444.66310   0.9342684   6.9386902   2.8839978 2026 01 14 22 09 14.67
0   -809.39794   2933.42616  -6385.53770   0.9726957   6.8719576   3.0282897 2026 01 14 22 09 34.67
0   -789.56497   3070.17161  -6323.53988   1.0104905   6.8020412   3.1712284 2026 01 14 22 09 54.67
0   -768.98264   3205.48715  -6258.69735   1.0476268   6.7289735   3.3127501 2026 01 14 22 10 14.67
0   -747.66439   3339.31009  -6191.03907   1.0840788   6.6527882   3.4527918 2026 01 14 22 10 34.67
0   -725.62416   3471.57841  -6120.59528   1.1198213   6.5735205   3.5912910 2026 01 14 22 10 54.67
0   -702.87638   3602.23084  -6047.39744   1.1548293   6.4912070   3.7281858 2026 01 14 22 11 14.67
0   -679.43599   3731.20684  -5971.47826   1.1890784   6.4058857   3.8634151 2026 01 14 22 11 34.67
0   -655.31841   3858.44664  -5892.87165   1.2225446   6.3175962   3.9969184 2026 01 14 22 11 54.67
0   -630.53953   3983.89128  -5811.61273   1.2552043   6.2263790   4.1286358 2026 01 14 22 12 14.67
0   -605.11572   4107.48264  -5727.73782   1.2870343   6.1322765   4.2585084 2026 01 14 22 12 34.67
0   -579.06381   4229.16343  -5641.28440   1.3180120   6.0353322   4.3864778 2026 01 14 22 12 54.67
0   -552.40104   4348.87728  -5552.29111   1.3481153   5.9355908   4.5124865 2026 01 14 22 13 14.67
0   -525.14514   4466.56869  -5460.79773   1.3773225   5.8330985   4.6364779 2026 01 14 22 13 34.67
0   -497.31424   4582.18313  -5366.84516   1.4056126   5.7279028   4.7583960 2026 01 14 22 13 54.67
0   -468.92688   4695.66700  -5270.47544   1.4329650   5.6200525   4.8781860 2026 01 14 22 14 14.67
0   -440.00202   4806.96772  -5171.73166   1.4593595   5.5095974   4.9957938 2026 01 14 22 14 34.67
0   -410.55901   4916.03371  -5070.65800   1.4847769   5.3965889   5.1111661 2026 01 14 22 14 54.67
0   -380.61759   5022.81441  -4967.29969   1.5091982   5.2810793   5.2242507 2026 01 14 22 15 14.67
0   -350.19786   5127.26034  -4861.70302   1.5326050   5.1631223   5.3349964 2026 01 14 22 15 34.67
0   -319.32029   5229.32310  -4753.91525   1.5549798   5.0427726   5.4433529 2026 01 14 22 15 54.67
0   -288.00569   5328.95540  -4643.98466   1.5763054   4.9200864   5.5492709 2026 01 14 22 16 14.67
0   -256.27522   5426.11107  -4531.96052   1.5965654   4.7951205   5.6527023 2026 01 14 22 16 34.67
0   -224.15033   5520.74511  -4417.89303   1.6157439   4.6679333   5.7535998 2026 01 14 22 16 54.67
0   -191.65282   5612.81367  -4301.83333   1.6338257   4.5385839   5.8519174 2026 01 14 22 17 14.67
0   -158.80477   5702.27412  -4183.83347   1.6507964   4.4071327   5.9476101 2026 01 14 22 17 34.67
0   -125.62853   5789.08503  -4063.94638   1.6666420   4.2736411   6.0406342 2026 01 14 22 17 54.67
0    -92.14675   5873.20622  -3942.22587   1.6813495   4.1381713   6.1309469 2026 01 14 22 18 14.67
0    -58.38230   5954.59876  -3818.72659   1.6949063   4.0007867   6.2185067 2026 01 14 22 18 34.67
0    -24.35833   6033.22500  -3693.50399   1.7073006   3.8615515   6.3032734 2026 01 14 22 18 54.67
0      9.90181   6109.04857  -3566.61433   1.7185213   3.7205310   6.3852079 2026 01 14 22 19 14.67
0     44.37454   6182.03442  -3438.11464   1.7285580   3.5777910   6.4642723 2026 01 14 22 19 34.67
0     79.03608   6252.14884  -3308.06268   1.7374012   3.4333987   6.5404300 2026 01 14 22 19 54.67
0    113.86247   6319.35946  -3176.51694   1.7450418   3.2874217   6.6136459 2026 01 14 22 20 14.67
0    148.82958   6383.63527  -3043.53661   1.7514717   3.1399284   6.6838858 2026 01 14 22 20 34.67
0    183.91311   6444.94664  -2909.18153   1.7566835   2.9909884   6.7511171 2026 01 14 22 20 54.67
0    219.08864   6503.26532  -2773.51218   1.7606704   2.8406714   6.8153084 2026 01 14 22 21 14.67
0    254.33161   6558.56450  -2636.58967   1.7634265   2.6890483   6.8764299 2026 01 14 22 21 34.67
0    289.61735   6610.81876  -2498.47568   1.7649466   2.5361904   6.9344528 2026 01 14 22 21 54.67
0    324.92109   6660.00412  -2359.23246   1.7652264   2.3821698   6.9893499 2026 01 14 22 22 14.67
0    360.21800   6706.09805  -2218.92278   1.7642621   2.2270590   7.0410955 2026 01 14 22 22 34.67
0    395.48315   6749.07949  -2077.60993   1.7620509   2.0709312   7.0896651 2026 01 14 22 22 54.67
0    430.69160   6788.92883  -1935.35764   1.7585908   1.9138600   7.1350357 2026 01 14 22 23 14.67
0    465.81834   6825.62794  -1792.23012   1.7538804   1.7559197   7.1771858 2026 01 14 22 23 34.67
0    500.83838   6859.16019  -1648.29197   1.7479193   1.5971848   7.2160954 2026 01 14 22 23 54.67
0    535.72668   6889.51043  -1503.60821   1.7407076   1.4377304   7.2517459 2026 01 14 22 24 14.67
0    570.45825   6916.66503  -1358.24417   1.7322464   1.2776319   7.2841201 2026 01 14 22 24 34.67
0    605.00812   6940.61187  -1212.26555   1.7225376   1.1169650   7.3132025 2026 01 14 22 24 54.67
0    639.35137   6961.34033  -1065.73832   1.7115839   0.9558057   7.3389789 2026 01 14 22 25 14.67
0    673.46312   6978.84133   -918.72873   1.6993886   0.7942305   7.3614367 2026 01 14 22 25 34.67
0    707.31859   6993.10732   -771.30327   1.6859560   0.6323157   7.3805649 2026 01 14 22 25 54.67
0    740.89308   7004.13227   -623.52862   1.6712911   0.4701382   7.3963539 2026 01 14 22 26 14.67
0    774.16200   7011.91169   -475.47164   1.6553997   0.3077747   7.4087957 2026 01 14 22 26 34.67
0    807.10088   7016.44265   -327.19936   1.6382883   0.1453023   7.4178838 2026 01 14 22 26 54.67
0    839.68540   7017.72371   -178.77889   1.6199643  -0.0172020   7.4236133 2026 01 14 22 27 14.67
0    871.89138   7015.75503    -30.27745   1.6004360  -0.1796612   7.4259808 2026 01 14 22 27 34.67
0    903.69484   7010.53827    118.23772   1.5797121  -0.3419981   7.4249846 2026 01 14 22 27 54.67
0    935.07194   7002.07664    266.69932   1.5578025  -0.5041359   7.4206242 2026 01 14 22 28 14.67
0    965.99909   6990.37490    415.04009   1.5347175  -0.6659975   7.4129011 2026 01 14 22 28 34.67
0    996.45288   6975.43934    563.19280   1.5104684  -0.8275063   7.4018180 2026 01 14 22 28 54.67
0   1026.41015   6957.27778    711.09029   1.4850671  -0.9885855   7.3873794 2026 01 14 22 29 14.67
0   1055.84798   6935.89958    858.66550   1.4585266  -1.1491588   7.3695912 2026 01 14 22 29 34.67
0   1084.74373   6911.31560   1005.85153   1.4308601  -1.3091501   7.3484609 2026 01 14 22 29 54.67
0   1113.07501   6883.53827   1152.58162   1.4020819  -1.4684833   7.3239976 2026 01 14 22 30 14.67
0   1140.81974   6852.58148   1298.78920   1.3722070  -1.6270831   7.2962119 2026 01 14 22 30 34.67
0   1167.95614   6818.46066   1444.40796   1.3412511  -1.7848743   7.2651160 2026 01 14 22 30 54.67
0   1194.46275   6781.19273   1589.37182   1.3092305  -1.9417819   7.2307235 2026 01 14 22 31 14.67
0   1220.31844   6740.79611   1733.61499   1.2761624  -2.0977318   7.1930497 2026 01 14 22 31 34.67
0   1245.50245   6697.29068   1877.07203   1.2420645  -2.2526501   7.1521112 2026 01 14 22 31 54.67
0   1269.99437   6650.69781   2019.67781   1.2069553  -2.4064634   7.1079264 2026 01 14 22 32 14.67
0   1293.77415   6601.04034   2161.36760   1.1708540  -2.5590989   7.0605150 2026 01 14 22 32 34.67
0   1316.82215   6548.34253   2302.07708   1.1337804  -2.7104845   7.0098982 2026 01 14 22 32 54.67
0   1339.11913   6492.63010   2441.74238   1.0957549  -2.8605486   6.9560989 2026 01 14 22 33 14.67
0   1360.64625   6433.93020   2580.30007   1.0567987  -3.0092203   6.8991411 2026 01 14 22 33 34.67
0   1381.38514   6372.27136   2717.68724   1.0169335  -3.1564293   6.8390506 2026 01 14 22 33 54.67
0   1401.31781   6307.68355   2853.84150   0.9761817  -3.3021064   6.7758545 2026 01 14 22 34 14.67
0   1420.42678   6240.19808   2988.70104   0.9345662  -3.4461826   6.7095814 2026 01 14 22 34 34.67
0   1438.69500   6169.84765   3122.20459   0.8921106  -3.5885903   6.6402611 2026 01 14 22 34 54.67
0   1456.10591   6096.66631   3254.29154   0.8488391  -3.7292622   6.5679252 2026 01 14 22 35 14.67
0   1472.64343   6020.68944   3384.90189   0.8047763  -3.8681323   6.4926063 2026 01 14 22 35 34.67
0   1488.29200   5941.95371   3513.97632   0.7599474  -4.0051353   6.4143386 2026 01 14 22 35 54.67
0   1503.03655   5860.49713   3641.45620   0.7143783  -4.1402068   6.3331576 2026 01 14 22 36 14.67
0   1516.86253   5776.35895   3767.28364   0.6680953  -4.2732835   6.2491000 2026 01 14 22 36 34.67
0   1529.75594   5689.57969   3891.40149   0.6211252  -4.4043030   6.1622041 2026 01 14 22 36 54.67
0   1541.70330   5600.20112   4013.75337   0.5734952  -4.5332039   6.0725093 2026 01 14 22 37 14.67
0   1552.69169   5508.26622   4134.28370   0.5252332  -4.6599260   5.9800563 2026 01 14 22 37 34.67
0   1562.70876   5413.81914   4252.93773   0.4763674  -4.7844101   5.8848871 2026 01 14 22 37 54.67
0   1571.74271   5316.90523   4369.66158   0.4269264  -4.9065980   5.7870448 2026 01 14 22 38 14.67
0   1579.78234   5217.57100   4484.40223   0.3769393  -5.0264329   5.6865740 2026 01 14 22 38 34.67
0   1586.81700   5115.86405   4597.10755   0.3264357  -5.1438590   5.5835202 2026 01 14 22 38 54.67
0   1592.83668   5011.83312   4707.72635   0.2754454  -5.2588216   5.4779302 2026 01 14 22 39 14.67
0   1597.83193   4905.52801   4816.20838   0.2239987  -5.3712674   5.3698519 2026 01 14 22 39 34.67
0   1601.79394   4796.99957   4922.50438   0.1721262  -5.4811443   5.2593344 2026 01 14 22 39 54.67
0   1604.71450   4686.29971   5026.56604   0.1198590  -5.5884014   5.1464280 2026 01 14 22 40 14.67
0   1606.58602   4573.48130   5128.34611   0.0672281  -5.6929891   5.0311837 2026 01 14 22 40 34.67
0   1607.40156   4458.59823   5227.79834   0.0142654  -5.7948592   4.9136539 2026 01 14 22 40 54.67
0   1607.15478   4341.70532   5324.87756  -0.0389974  -5.8939648   4.7938918 2026 01 14 22 41 14.67
0   1605.84001   4222.85831   5419.53967  -0.0925282  -5.9902603   4.6719519 2026 01 14 22 41 34.67
0   1603.45221   4102.11386   5511.74165  -0.1462946  -6.0837015   4.5478894 2026 01 14 22 41 54.67
0   1599.98700   3979.52949   5601.44162  -0.2002639  -6.1742455   4.4217605 2026 01 14 22 42 14.67
0   1595.44065   3855.16354   5688.59882  -0.2544033  -6.2618511   4.2936224 2026 01 14 22 42 34.67
0   1589.81008   3729.07520   5773.17363  -0.3086799  -6.3464781   4.1635331 2026 01 14 22 42 54.67
0   1583.09288   3601.32441   5855.12764  -0.3630604  -6.4280881   4.0315515 2026 01 14 22 43 14.67
0   1575.28730   3471.97191   5934.42358  -0.4175114  -6.5066440   3.8977374 2026 01 14 22 43 34.67
0   1566.39228   3341.07912   6011.02541  -0.4719997  -6.5821103   3.7621514 2026 01 14 22 43 54.67
0   1556.40740   3208.70819   6084.89831  -0.5264914  -6.6544528   3.6248548 2026 01 14 22 44 14.67
0   1545.33292   3074.92192   6156.00868  -0.5809530  -6.7236388   3.4859097 2026 01 14 22 44 34.67
0   1533.16980   2939.78375   6224.32418  -0.6353506  -6.7896375   3.3453790 2026 01 14 22 44 54.67
0   1519.91964   2803.35773   6289.81373  -0.6896506  -6.8524191   3.2033263 2026 01 14 22 45 14.67
0   1505.58474   2665.70848   6352.44754  -0.7438189  -6.9119557   3.0598157 2026 01 14 22 45 34.67
0   1490.16807   2526.90117   6412.19710  -0.7978218  -6.9682208   2.9149121 2026 01 14 22 45 54.67
0   1473.67327   2387.00148   6469.03519  -0.8516252  -7.0211896   2.7686810 2026 01 14 22 46 14.67
0   1456.10468   2246.07558   6522.93593  -0.9051955  -7.0708387   2.6211884 2026 01 14 22 46 34.67
0   1437.46730   2104.19007   6573.87475  -0.9584987  -7.1171463   2.4725010 2026 01 14 22 46 54.67
0   1417.76680   1961.41200   6621.82843  -1.0115012  -7.1600924   2.3226860 2026 01 14 22 47 14.67
0   1397.00954   1817.80878   6666.77510  -1.0641691  -7.1996583   2.1718109 2026 01 14 22 47 34.67
0   1375.20254   1673.44820   6708.69423  -1.1164689  -7.2358271   2.0199439 2026 01 14 22 47 54.67
0   1352.35351   1528.39833   6747.56667  -1.1683672  -7.2685834   1.8671536 2026 01 14 22 48 14.67
0   1328.47080   1382.72759   6783.37464  -1.2198305  -7.2979136   1.7135090 2026 01 14 22 48 34.67
0   1303.56345   1236.50460   6816.10176  -1.2708258  -7.3238055   1.5590793 2026 01 14 22 48 54.67
0   1277.64115   1089.79826   6845.73301  -1.3213199  -7.3462487   1.4039344 2026 01 14 22 49 14.67
0   1250.71424    942.67761   6872.25479  -1.3712801  -7.3652342   1.2481443 2026 01 14 22 49 34.67
0   1222.79374    795.21190   6895.65491  -1.4206738  -7.3807548   1.0917792 2026 01 14 22 49 54.67
0   1193.89131    647.47047   6915.92256  -1.4694685  -7.3928050   0.9349098 2026 01 14 22 50 14.67
0   1164.01923    499.52278   6933.04837  -1.5176321  -7.4013808   0.7776069 2026 01 14 22 50 34.67
0   1133.19045    351.43835   6947.02439  -1.5651328  -7.4064798   0.6199415 2026 01 14 22 50 54.67
0   1101.41855    203.28671   6957.84406  -1.6119390  -7.4081013   0.4619848 2026 01 14 22 51 14.67
0   1068.71773     55.13741   6965.50229  -1.6580193  -7.4062463   0.3038082 2026 01 14 22 51 34.67
0   1035.10282    -92.94005   6969.99539  -1.7033429  -7.4009174   0.1454832 2026 01 14 22 51 54.67
0   1000.58926   -240.87622   6971.32110  -1.7478792  -7.3921188  -0.0129188 2026 01 14 22 52 14.67
0    965.19309   -388.60176   6969.47860  -1.7915978  -7.3798562  -0.1713261 2026 01 14 22 52 34.67
0    928.93098   -536.04748   6964.46851  -1.8344689  -7.3641373  -0.3296671 2026 01 14 22 52 54.67
0    891.82016   -683.14433   6956.29285  -1.8764629  -7.3449709  -0.4878703 2026 01 14 22 53 14.67
0    853.87847   -829.82346   6944.95512  -1.9175510  -7.3223680  -0.6458640 2026 01 14 22 53 34.67
0    815.12431   -976.01627   6930.46020  -1.9577043  -7.2963406  -0.8035767 2026 01 14 22 53 54.67
0    775.57667  -1121.65441   6912.81445  -1.9968948  -7.2669029  -0.9609370 2026 01 14 22 54 14.67
0    735.25507  -1266.66982   6892.02560  -2.0350946  -7.2340704  -1.1178736 2026 01 14 22 54 34.67
0    694.17961  -1410.99478   6868.10286  -2.0722766  -7.1978601  -1.2743156 2026 01 14 22 54 54.67
0    652.37091  -1554.56190   6841.05682  -2.1084140  -7.1582907  -1.4301918 2026 01 14 22 55 14.67
0    609.85011  -1697.30423   6810.89951  -2.1434806  -7.1153827  -1.5854316 2026 01 14 22 55 34.67
0    566.63891  -1839.15519   6777.64436  -2.1774506  -7.0691578  -1.7399645 2026 01 14 22 55 54.67
0    522.75947  -1980.04868   6741.30621  -2.2102991  -7.0196395  -1.8937205 2026 01 14 22 56 14.67
0    478.23448  -2119.91908   6701.90129  -2.2420013  -6.9668528  -2.0466296 2026 01 14 22 56 34.67
0    433.08711  -2258.70130   6659.44725  -2.2725333  -6.9108243  -2.1986222 2026 01 14 22 56 54.67
0    387.34099  -2396.33076   6613.96309  -2.3018717  -6.8515819  -2.3496293 2026 01 14 22 57 14.67
0    341.02022  -2532.74348   6565.46922  -2.3299938  -6.7891554  -2.4995822 2026 01 14 22 57 34.67
0    294.14935  -2667.87610   6513.98741  -2.3568773  -6.7235757  -2.6484125 2026 01 14 22 57 54.67
0    246.75337  -2801.66587   6459.54079  -2.3825008  -6.6548756  -2.7960523 2026 01 14 22 58 14.67
0    198.85769  -2934.05073   6402.15383  -2.4068434  -6.5830890  -2.9424344 2026 01 14 22 58 34.67
0    150.48813  -3064.96929   6341.85237  -2.4298850  -6.5082516  -3.0874920 2026 01 14 22 58 54.67
0    101.67091  -3194.36090   6278.66355  -2.4516061  -6.4304003  -3.2311587 2026 01 14 22 59 14.67
0     52.43262  -3322.16568   6212.61585  -2.4719878  -6.3495735  -3.3733689 2026 01 14 22 59 34.67
0      2.80023  -3448.32450   6143.73906  -2.4910122  -6.2658112  -3.5140576 2026 01 14 22 59 54.67
0    -47.19893  -3572.77908   6072.06424  -2.5086619  -6.1791546  -3.6531603 2026 01 14 23 00 14.67
0    -97.53721  -3695.47194   5997.62375  -2.5249203  -6.0896463  -3.7906134 2026 01 14 23 00 34.67
0   -148.18661  -3816.34648   5920.45122  -2.5397715  -5.9973303  -3.9263538 2026 01 14 23 00 54.67
0   -199.11885  -3935.34702   5840.58152  -2.5532006  -5.9022520  -4.0603192 2026 01 14 23 01 14.67
0   -250.30533  -4052.41876   5758.05077  -2.5651931  -5.8044582  -4.1924482 2026 01 14 23 01 34.67
0   -301.71719  -4167.50787   5672.89630  -2.5757356  -5.7039966  -4.3226800 2026 01 14 23 01 54.67
0   -353.32530  -4280.56149   5585.15666  -2.5848154  -5.6009168  -4.4509548 2026 01 14 23 02 14.67
0   -405.10029  -4391.52776   5494.87158  -2.5924206  -5.4952691  -4.5772135 2026 01 14 23 02 34.67
0   -457.01254  -4500.35582   5402.08197  -2.5985401  -5.3871053  -4.7013980 2026 01 14 23 02 54.67
0   -509.03225  -4606.99590   5306.82987  -2.6031636  -5.2764785  -4.8234511 2026 01 14 23 03 14.67
0   -561.12940  -4711.39926   5209.15849  -2.6062819  -5.1634429  -4.9433164 2026 01 14 23 03 34.67
0   -613.27379  -4813.51829   5109.11212  -2.6078862  -5.0480537  -5.0609388 2026 01 14 23 03 54.67
0   -665.43507  -4913.30646   5006.73618  -2.6079690  -4.9303674  -5.1762638 2026 01 14 23 04 14.67
0   -717.58273  -5010.71842   4902.07715  -2.6065234  -4.8104417  -5.2892383 2026 01 14 23 04 34.67
0   -769.68616  -5105.70997   4795.18256  -2.6035435  -4.6883353  -5.3998099 2026 01 14 23 04 54.67
0   -821.71460  -5198.23807   4686.10098  -2.5990242  -4.5641078  -5.5079275 2026 01 14 23 05 14.67
0   -873.63724  -5288.26091   4574.88199  -2.5929612  -4.4378200  -5.6135412 2026 01 14 23 05 34.67
0   -925.42315  -5375.73791   4461.57616  -2.5853514  -4.3095337  -5.7166020 2026 01 14 23 05 54.67
0   -977.04138  -5460.62972   4346.23503  -2.5761923  -4.1793117  -5.8170621 2026 01 14 23 06 14.67
0  -1028.46092  -5542.89826   4228.91109  -2.5654824  -4.0472176  -5.9148750 2026 01 14 23 06 34.67
0  -1079.65076  -5622.50673   4109.65772  -2.5532212  -3.9133160  -6.0099954 2026 01 14 23 06 54.67
0  -1130.57986  -5699.41963   3988.52922  -2.5394090  -3.7776723  -6.1023792 2026 01 14 23 07 14.67
0  -1181.21722  -5773.60278   3865.58076  -2.5240470  -3.6403529  -6.1919834 2026 01 14 23 07 34.67
0  -1231.53186  -5845.02334   3740.86835  -2.5071373  -3.5014248  -6.2787667 2026 01 14 23 07 54.67
0  -1281.49286  -5913.64981   3614.44881  -2.4886831  -3.3609559  -6.3626885 2026 01 14 23 08 14.67
0  -1331.06936  -5979.45205   3486.37975  -2.4686884  -3.2190149  -6.4437102 2026 01 14 23 08 34.67
0  -1380.23060  -6042.40133   3356.71957  -2.4471580  -3.0756710  -6.5217939 2026 01 14 23 08 54.67
0  -1428.94592  -6102.47026   3225.52738  -2.4240979  -2.9309942  -6.5969036 2026 01 14 23 09 14.67
0  -1477.18480  -6159.63291   3092.86302  -2.3995147  -2.7850552  -6.6690044 2026 01 14 23 09 34.67
0  -1524.91685  -6213.86475   2958.78701  -2.3734162  -2.6379251  -6.7380628 2026 01 14 23 09 54.67
0  -1572.11184  -6265.14265   2823.36050  -2.3458109  -2.4896758  -6.8040469 2026 01 14 23 10 14.67
0  -1618.73973  -6313.44497   2686.64531  -2.3167084  -2.3403796  -6.8669260 2026 01 14 23 10 34.67
0  -1664.77069  -6358.75149   2548.70382  -2.2861191  -2.1901091  -6.9266712 2026 01 14 23 10 54.67
0  -1710.17508  -6401.04346   2409.59898  -2.2540543  -2.0389377  -6.9832547 2026 01 14 23 11 14.67
0  -1754.92352  -6440.30358   2269.39431  -2.2205262  -1.8869390  -7.0366504 2026 01 14 23 11 34.67
0  -1798.98687  -6476.51607   2128.15380  -2.1855480  -1.7341869  -7.0868338 2026 01 14 23 11 54.67
0  -1842.33627  -6509.66658   1985.94193  -2.1491337  -1.5807558  -7.1337816 2026 01 14 23 12 14.67
0  -1884.94314  -6539.74230   1842.82364  -2.1112983  -1.4267203  -7.1774724 2026 01 14 23 12 34.67
0  -1926.77921  -6566.73186   1698.86427  -2.0720575  -1.2721553  -7.2178860 2026 01 14 23 12 54.67
0  -1967.81655  -6590.62545   1554.12955  -2.0314280  -1.1171357  -7.2550041 2026 01 14 23 13 14.67
0  -2008.02755  -6611.41471   1408.68556  -1.9894273  -0.9617369  -7.2888097 2026 01 14 23 13 34.67
0  -2047.38498  -6629.09282   1262.59871  -1.9460739  -0.8060342  -7.3192874 2026 01 14 23 13 54.67
0  -2085.86197  -6643.65446   1115.93570  -1.9013870  -0.6501031  -7.3464235 2026 01 14 23 14 14.67
0  -2123.43204  -6655.09580    968.76349  -1.8553867  -0.4940190  -7.3702059 2026 01 14 23 14 34.67
0  -2160.06914  -6663.41455    821.14926  -1.8080939  -0.3378574  -7.3906240 2026 01 14 23 14 54.67
0  -2195.74763  -6668.60991    673.16039  -1.7595302  -0.1816938  -7.4076688 2026 01 14 23 15 14.67
0  -2230.44232  -6670.68260    524.86442  -1.7097184  -0.0256036  -7.4213329 2026 01 14 23 15 34.67
0  -2264.12848  -6669.63483    376.32902  -1.6586816   0.1303380  -7.4316106 2026 01 14 23 15 54.67
0  -2296.78186  -6665.47033    227.62197  -1.6064441   0.2860559  -7.4384978 2026 01 14 23 16 14.67
0  -2328.37867  -6658.19433     78.81112  -1.5530306   0.4414751  -7.4419919 2026 01 14 23 16 34.67
0  -2358.89566  -6647.81354    -70.03568  -1.4984669   0.5965210  -7.4420919 2026 01 14 23 16 54.67
0  -2388.31009  -6634.33618   -218.85054  -1.4427793   0.7511192  -7.4387987 2026 01 14 23 17 14.67
0  -2416.59975  -6617.77195   -367.56561  -1.3859949   0.9051956  -7.4321144 2026 01 14 23 17 34.67
0  -2443.74298  -6598.13201   -516.11311  -1.3281416   1.0586766  -7.4220430 2026 01 14 23 17 54.67
0  -2469.71868  -6575.42901   -664.42535  -1.2692477   1.2114887  -7.4085901 2026 01 14 23 18 14.67
0  -2494.50633  -6549.67706   -812.43476  -1.2093427   1.3635591  -7.3917626 2026 01 14 23 18 34.67
0  -2518.08602  -6520.89172   -960.07395  -1.1484562   1.5148154  -7.3715694 2026 01 14 23 18 54.67
0  -2540.43841  -6489.08999  -1107.27570  -1.0866188   1.6651857  -7.3480206 2026 01 14 23 19 14.67
0  -2561.54480  -6454.29030  -1253.97300  -1.0238616   1.8145987  -7.3211283 2026 01 14 23 19 34.67
0  -2581.38710  -6416.51252  -1400.09913  -0.9602164   1.9629835  -7.2909057 2026 01 14 23 19 54.67
0  -2599.94789  -6375.77791  -1545.58762  -0.8957155   2.1102701  -7.2573680 2026 01 14 23 20 14.67
0  -2617.21037  -6332.10912  -1690.37233  -0.8303918   2.2563890  -7.2205316 2026 01 14 23 20 34.67
0  -2633.15842  -6285.53021  -1834.38748  -0.7642788   2.4012713  -7.1804147 2026 01 14 23 20 54.67
0  -2647.77660  -6236.06658  -1977.56763  -0.6974105   2.5448490  -7.1370369 2026 01 14 23 21 14.67
0  -2661.05014  -6183.74501  -2119.84779  -0.6298214   2.6870549  -7.0904193 2026 01 14 23 21 34.67
0  -2672.96498  -6128.59360  -2261.16339  -0.5615466   2.8278223  -7.0405845 2026 01 14 23 21 54.67
0  -2683.50776  -6070.64177  -2401.45031  -0.4926215   2.9670858  -6.9875567 2026 01 14 23 22 14.67
0  -2692.66583  -6009.92025  -2540.64495  -0.4230820   3.1047803  -6.9313615 2026 01 14 23 22 34.67
0  -2700.42727  -5946.46107  -2678.68424  -0.3529647   3.2408422  -6.8720258 2026 01 14 23 22 54.67
0  -2706.78088  -5880.29750  -2815.50564  -0.2823062   3.3752083  -6.8095783 2026 01 14 23 23 14.67
0  -2711.71623  -5811.46410  -2951.04722  -0.2111439   3.5078166  -6.7440488 2026 01 14 23 23 34.67
0  -2715.22359  -5739.99661  -3085.24764  -0.1395152   3.6386061  -6.6754687 2026 01 14 23 23 54.67
0  -2717.29404  -5665.93203  -3218.04622  -0.0674582   3.7675167  -6.6038705 2026 01 14 23 24 14.67
0  -2717.91938  -5589.30853  -3349.38295   0.0049889   3.8944895  -6.5292884 2026 01 14 23 24 34.67
0  -2717.09219  -5510.16543  -3479.19848   0.0777876   4.0194665  -6.4517578 2026 01 14 23 24 54.67
0  -2714.80583  -5428.54322  -3607.43422   0.1508989   4.1423910  -6.3713154 2026 01 14 23 25 14.67
0  -2711.05445  -5344.48352  -3734.03231   0.2242837   4.2632071  -6.2879992 2026 01 14 23 25 34.67
0  -2705.83297  -5258.02904  -3858.93567   0.2979026   4.3818603  -6.2018485 2026 01 14 23 25 54.67
0  -2699.13709  -5169.22358  -3982.08801   0.3717161   4.4982973  -6.1129039 2026 01 14 23 26 14.67
0  -2690.96333  -5078.11198  -4103.43387   0.4456842   4.6124658  -6.0212072 2026 01 14 23 26 34.67
0  -2681.30899  -4984.74011  -4222.91863   0.5197671   4.7243148  -5.9268014 2026 01 14 23 26 54.67
0  -2670.17217  -4889.15489  -4340.48855   0.5939245   4.8337945  -5.8297307 2026 01 14 23 27 14.67
0  -2657.55180  -4791.40416  -4456.09079   0.6681161   4.9408565  -5.7300404 2026 01 14 23 27 34.67
0  -2643.44759  -4691.53677  -4569.67342   0.7423016   5.0454535  -5.6277771 2026 01 14 23 27 54.67
0  -2627.86007  -4589.60248  -4681.18545   0.8164405   5.1475396  -5.5229882 2026 01 14 23 28 14.67
0  -2610.79057  -4485.65194  -4790.57686   0.8904921   5.2470701  -5.4157226 2026 01 14 23 28 34.67
0  -2592.24125  -4379.73671  -4897.79861   0.9644159   5.3440018  -5.3060300 2026 01 14 23 28 54.67
0  -2572.21506  -4271.90919  -5002.80266   1.0381712   5.4382926  -5.1939610 2026 01 14 23 29 14.67
0  -2550.71579  -4162.22259  -5105.54200   1.1117174   5.5299020  -5.0795677 2026 01 14 23 29 34.67
0  -2527.74803  -4050.73095  -5205.97068   1.1850137   5.6187907  -4.9629026 2026 01 14 23 29 54.67
0  -2503.31717  -3937.48906  -5304.04379   1.2580197   5.7049208  -4.8440196 2026 01 14 23 30 14.67
0  -2477.42943  -3822.55245  -5399.71752   1.3306948   5.7882560  -4.7229733 2026 01 14 23 30 34.67
0  -2450.09183  -3705.97737  -5492.94915   1.4029984   5.8687612  -4.5998192 2026 01 14 23 30 54.67
0  -2421.31221  -3587.82076  -5583.69710   1.4748903   5.9464028  -4.4746138 2026 01 14 23 31 14.67
0  -2391.09920  -3468.14023  -5671.92091   1.5463301   6.0211485  -4.3474143 2026 01 14 23 31 34.67
0  -2359.46224  -3346.99399  -5757.58127   1.6172778   6.0929677  -4.2182789 2026 01 14 23 31 54.67
0  -2326.41158  -3224.44087  -5840.64006   1.6876934   6.1618310  -4.0872664 2026 01 14 23 32 14.67
0  -2291.95826  -3100.54026  -5921.06033   1.7575372   6.2277107  -3.9544364 2026 01 14 23 32 34.67
0  -2256.11410  -2975.35212  -5998.80633   1.8267696   6.2905803  -3.8198494 2026 01 14 23 32 54.67
0  -2218.89173  -2848.93688  -6073.84352   1.8953514   6.3504149  -3.6835665 2026 01 14 23 33 14.67
0  -2180.30455  -2721.35549  -6146.13861   1.9632432   6.4071911  -3.5456493 2026 01 14 23 33 34.67
0  -2140.36675  -2592.66934  -6215.65953   2.0304065   6.4608871  -3.4061603 2026 01 14 23 33 54.67
0  -2099.09329  -2462.94023  -6282.37548   2.0968026   6.5114823  -3.2651625 2026 01 14 23 34 14.67
0  -2056.49989  -2332.23037  -6346.25692   2.1623933   6.5589577  -3.1227196 2026 01 14 23 34 34.67
0  -2012.60305  -2200.60234  -6407.27557   2.2271407   6.6032960  -2.9788957 2026 01 14 23 34 54.67
0  -1967.41999  -2068.11904  -6465.40447   2.2910072   6.6444811  -2.8337557 2026 01 14 23 35 14.67
0  -1920.96872  -1934.84368  -6520.61795   2.3539556   6.6824986  -2.6873646 2026 01 14 23 35 34.67
0  -1873.26796  -1800.83975  -6572.89164   2.4159490   6.7173356  -2.5397883 2026 01 14 23 35 54.67
0  -1824.33718  -1666.17097  -6622.20249   2.4769511   6.7489804  -2.3910929 2026 01 14 23 36 14.67
0  -1774.19657  -1530.90129  -6668.52879   2.5369258   6.7774233  -2.2413451 2026 01 14 23 36 34.67
0  -1722.86702  -1395.09483  -6711.85016   2.5958375   6.8026557  -2.0906117 2026 01 14 23 36 54.67
0  -1670.37016  -1258.81589  -6752.14756   2.6536511   6.8246706  -1.9389603 2026 01 14 23 37 14.67
0  -1616.72829  -1122.12885  -6789.40330   2.7103320   6.8434627  -1.7864585 2026 01 14 23 37 34.67
0  -1561.96441   -985.09823  -6823.60105   2.7658459   6.8590278  -1.6331743 2026 01 14 23 37 54.67
0  -1506.10219   -847.78859  -6854.72586   2.8201593   6.8713636  -1.4791761 2026 01 14 23 38 14.67
0  -1449.16599   -710.26454  -6882.76411   2.8732389   6.8804690  -1.3245324 2026 01 14 23 38 34.67
0  -1391.18079   -572.59067  -6907.70360   2.9250522   6.8863445  -1.1693121 2026 01 14 23 38 54.67
0  -1332.17226   -434.83156  -6929.53348   2.9755672   6.8889921  -1.0135842 2026 01 14 23 39 14.67
0  -1272.16666   -297.05175  -6948.24428   3.0247522   6.8884153  -0.8574178 2026 01 14 23 39 34.67
0  -1211.19092   -159.31568  -6963.82793   3.0725766   6.8846190  -0.7008823 2026 01 14 23 39 54.67
0  -1149.27254    -21.68767  -6976.27774   3.1190100   6.8776095  -0.5440472 2026 01 14 23 40 14.67
0  -1086.43965    115.76808  -6985.58841   3.1640227   6.8673947  -0.3869820 2026 01 14 23 40 34.67
0  -1022.72096    252.98756  -6991.75604   3.2075858   6.8539840  -0.2297564 2026 01 14 23 40 54.67
0   -958.14573    389.90696  -6994.77811   3.2496708   6.8373880  -0.0724400 2026 01 14 23 41 14.67
0   -892.74380    526.46268  -6994.65351   3.2902502   6.8176189   0.0848975 2026 01 14 23 41 34.67
0   -826.54557    662.59140  -6991.38251   3.3292968   6.7946904   0.2421863 2026 01 14 23 41 54.67
0   -759.58196    798.23008  -6984.96678   3.3667845   6.7686175   0.3993569 2026 01 14 23 42 14.67
0   -691.88439    933.31599  -6975.40939   3.4026875   6.7394166   0.5563397 2026 01 14 23 42 34.67
0   -623.48482   1067.78674  -6962.71477   3.4369810   6.7071057   0.7130652 2026 01 14 23 42 54.67
0   -554.41567   1201.58033  -6946.88877   3.4696410   6.6717038   0.8694641 2026 01 14 23 43 14.67
0   -484.70985   1334.63513  -6927.93862   3.5006440   6.6332317   1.0254671 2026 01 14 23 43 34.67
0   -414.40074   1466.88997  -6905.87293   3.5299674   6.5917114   1.1810051 2026 01 14 23 43 54.67
0   -343.52213   1598.28410  -6880.70168   3.5575895   6.5471662   1.3360094 2026 01 14 23 44 14.67
0   -272.10828   1728.75727  -6852.43623   3.5834892   6.4996209   1.4904114 2026 01 14 23 44 34.67
0   -200.19383   1858.24974  -6821.08932   3.6076463   6.4491015   1.6441426 2026 01 14 23 44 54.67
0   -127.81383   1986.70230  -6786.67505   3.6300414   6.3956354   1.7971350 2026 01 14 23 45 14.67
0    -55.00370   2114.05629  -6749.20886   3.6506560   6.3392513   1.9493208 2026 01 14 23 45 34.67
0     18.20076   2240.25366  -6708.70757   3.6694725   6.2799792   2.1006325 2026 01 14 23 45 54.67
0     91.76342   2365.23695  -6665.18933   3.6864738   6.2178504   2.2510032 2026 01 14 23 46 14.67
0    165.64781   2488.94935  -6618.67363   3.7016441   6.1528975   2.4003660 2026 01 14 23 46 34.67
0    239.81717   2611.33472  -6569.18129   3.7149683   6.0851542   2.5486547 2026 01 14 23 46 54.67
0    314.23442   2732.33760  -6516.73446   3.7264322   6.0146557   2.6958034 2026 01 14 23 47 14.67
0    388.86223   2851.90323  -6461.35659   3.7360225   5.9414383   2.8417468 2026 01 14 23 47 34.67
0    463.66300   2969.97763  -6403.07243   3.7437267   5.8655394   2.9864200 2026 01 14 23 47 54.67
0    538.59888   3086.50753  -6341.90804   3.7495336   5.7869978   3.1297586 2026 01 14 23 48 14.67
0    613.63184   3201.44049  -6277.89075   3.7534324   5.7058533   3.2716988 2026 01 14 23 48 34.67
0    688.72359   3314.72486  -6211.04916   3.7554137   5.6221471   3.4121773 2026 01 14 23 48 54.67
0    763.83572   3426.30982  -6141.41314   3.7554689   5.5359213   3.5511314 2026 01 14 23 49 14.67
0    838.92962   3536.14540  -6069.01379   3.7535902   5.4472193   3.6884992 2026 01 14 23 49 34.67
0    913.96653   3644.18254  -5993.88346   3.7497709   5.3560854   3.8242193 2026 01 14 23 49 54.67
0    988.90759   3750.37304  -5916.05571   3.7440054   5.2625653   3.9582309 2026 01 14 23 50 14.67
0   1063.71383   3854.66965  -5835.56531   3.7362888   5.1667056   4.0904741 2026 01 14 23 50 34.67
0   1138.34619   3957.02605  -5752.44824   3.7266175   5.0685538   4.2208895 2026 01 14 23 50 54.67
0   1212.76554   4057.39688  -5666.74162   3.7149886   4.9681587   4.3494187 2026 01 14 23 51 14.67
0   1286.93271   4155.73777  -5578.48377   3.7014005   4.8655700   4.4760040 2026 01 14 23 51 34.67
0   1360.80850   4252.00535  -5487.71413   3.6858523   4.7608383   4.6005884 2026 01 14 23 51 54.67
0   1434.35373   4346.15729  -5394.47330   3.6683444   4.6540154   4.7231157 2026 01 14 23 52 14.67
0   1507.52920   4438.15228  -5298.80295   3.6488780   4.5451537   4.8435309 2026 01 14 23 52 34.67
0   1580.29576   4527.95009  -5200.74588   3.6274554   4.4343069   4.9617795 2026 01 14 23 52 54.67
0   1652.61433   4615.51154  -5100.34597   3.6040800   4.3215293   5.0778081 2026 01 14 23 53 14.67
0   1724.44589   4700.79859  -4997.64813   3.5787562   4.2068762   5.1915642 2026 01 14 23 53 34.67
0   1795.75152   4783.77427  -4892.69834   3.5514892   4.0904038   5.3029962 2026 01 14 23 53 54.67
0   1866.49243   4864.40278  -4785.54358   3.5222857   3.9721690   5.4120536 2026 01 14 23 54 14.67
0   1936.62995   4942.64944  -4676.23186   3.4911529   3.8522296   5.5186868 2026 01 14 23 54 34.67
0   2006.12559   5018.48075  -4564.81213   3.4580994   3.7306441   5.6228473 2026 01 14 23 54 54.67
0   2074.94102   5091.86437  -4451.33432   3.4231348   3.6074718   5.7244876 2026 01 14 23 55 14.67
0   2143.03813   5162.76917  -4335.84932   3.3862696   3.4827726   5.8235613 2026 01 14 23 55 34.67
0   2210.37903   5231.16522  -4218.40890   3.3475154   3.3566074   5.9200232 2026 01 14 23 55 54.67
0   2276.92604   5297.02382  -4099.06575   3.3068849   3.2290373   6.0138291 2026 01 14 23 56 14.67
0   2342.64180   5360.31748  -3977.87342   3.2643918   3.1001244   6.1049359 2026 01 14 23 56 34.67
0   2407.48918   5421.01997  -3854.88631   3.2200506   2.9699314   6.1933019 2026 01 14 23 56 54.67
0   2471.43139   5479.10633  -3730.15964   3.1738773   2.8385213   6.2788864 2026 01 14 23 57 14.67
0   2534.43194   5534.55284  -3603.74945   3.1258884   2.7059578   6.3616499 2026 01 14 23 57 34.67
0   2596.45471   5587.33710  -3475.71253   3.0761019   2.5723053   6.4415542 2026 01 14 23 57 54.67
0   2657.46392   5637.43795  -3346.10644   3.0245365   2.4376284   6.5185625 2026 01 14 23 58 14.67
0   2717.42421   5684.83557  -3214.98946   2.9712119   2.3019923   6.5926390 2026 01 14 23 58 34.67
0   2776.30058   5729.51143  -3082.42057   2.9161490   2.1654626   6.6637493 2026 01 14 23 58 54.67
0   2834.05849   5771.44831  -2948.45943   2.8593696   2.0281053   6.7318605 2026 01 14 23 59 14.67
0   2890.66384   5810.63033  -2813.16633   2.8008964   1.8899867   6.7969407 2026 01 14 23 59 34.67
0   2946.08299   5847.04292  -2676.60222   2.7407532   1.7511735   6.8589595 2026 01 14 23 59 54.67
0   3000.28279   5880.67288  -2538.82859   2.6789648   1.6117327   6.9178881 2026 01 15 00 00 14.67
0   3053.23058   5911.50831  -2399.90754   2.6155568   1.4717315   6.9736986 2026 01 15 00 00 34.67
0   3104.89424   5939.53869  -2259.90169   2.5505558   1.3312374   7.0263650 2026 01 15 00 00 54.67
0   3155.24219   5964.75482  -2118.87417   2.4839896   1.1903180   7.0758623 2026 01 15 00 01 14.67
0   3204.24340   5987.14890  -1976.88860   2.4158864   1.0490411   7.1221672 2026 01 15 00 01 34.67
0   3251.86743   6006.71443  -1834.00905   2.3462759   0.9074747   7.1652578 2026 01 15 00 01 54.67
0   3298.08444   6023.44633  -1690.30002   2.2751884   0.7656869   7.2051135 2026 01 15 00 02 14.67
0   3342.86519   6037.34083  -1545.82638   2.2026550   0.6237456   7.2417153 2026 01 15 00 02 34.67
0   3386.18109   6048.39555  -1400.65340   2.1287078   0.4817191   7.2750457 2026 01 15 00 02 54.67
0   3428.00419   6056.60947  -1254.84667   2.0533799   0.3396755   7.3050886 2026 01 15 00 03 14.67
0   3468.30721   6061.98292  -1108.47208   1.9767050   0.1976827   7.3318295 2026 01 15 00 03 34.67
0   3507.06356   6064.51760   -961.59580   1.8987179   0.0558088   7.3552553 2026 01 15 00 03 54.67
0   3544.24735   6064.21657   -814.28426   1.8194539  -0.0858783   7.3753545 2026 01 15 00 04 14.67
0   3579.83341   6061.08424   -666.60408   1.7389494  -0.2273110   7.3921171 2026 01 15 00 04 34.67
0   3613.79728   6055.12638   -518.62209   1.6572413  -0.3684217   7.4055347 2026 01 15 00 04 54.67
0   3646.11528   6046.35009   -370.40526   1.5743675  -0.5091431   7.4156003 2026 01 15 00 05 14.67
0   3676.76448   6034.76384   -222.02068   1.4903666  -0.6494081   7.4223085 2026 01 15 00 05 34.67
0   3705.72272   6020.37741    -73.53553   1.4052778  -0.7891500   7.4256556 2026 01 15 00 05 54.67
0   3732.96865   6003.20194     74.98292   1.3191412  -0.9283024   7.4256392 2026 01 15 00 06 14.67
0   3758.48172   5983.24988    223.46742   1.2319974  -1.0667991   7.4222586 2026 01 15 00 06 34.67
0   3782.24219   5960.53500    371.85066   1.1438877  -1.2045744   7.4155146 2026 01 15 00 06 54.67
0   3804.23117   5935.07237    520.06542   1.0548542  -1.3415632   7.4054097 2026 01 15 00 07 14.67
0   3824.43060   5906.87838    668.04452   0.9649395  -1.4777005   7.3919477 2026 01 15 00 07 34.67
0   3842.82329   5875.97070    815.72085   0.8741868  -1.6129221   7.3751342 2026 01 15 00 07 54.67
0   3859.39292   5842.36829    963.02747   0.7826399  -1.7471641   7.3549763 2026 01 15 00 08 14.67
0   3874.12404   5806.09135   1109.89756   0.6903432  -1.8803634   7.3314825 2026 01 15 00 08 34.67
0   3887.00211   5767.16139   1256.26451   0.5973416  -2.0124574   7.3046631 2026 01 15 00 08 54.67
0   3898.01349   5725.60112   1402.06191   0.5036804  -2.1433839   7.2745296 2026 01 15 00 09 14.67
0   3907.14543   5681.43450   1547.22363   0.4094057  -2.2730816   7.2410954 2026 01 15 00 09 34.67
0   3914.38613   5634.68672   1691.68379   0.3145637  -2.4014899   7.2043752 2026 01 15 00 09 54.67
0   3919.72472   5585.38418   1835.37683   0.2192012  -2.5285488   7.1643853 2026 01 15 00 10 14.67
0   3923.15125   5533.55444   1978.23753   0.1233655  -2.6541991   7.1211435 2026 01 15 00 10 34.67
0   3924.65673   5479.22626   2120.20104   0.0271042  -2.7783824   7.0746692 2026 01 15 00 10 54.67
0   3924.23313   5422.42957   2261.20293  -0.0695347  -2.9010410   7.0249831 2026 01 15 00 11 14.67
0   3921.87338   5363.19543   2401.17916  -0.1665030  -3.0221181   6.9721076 2026 01 15 00 11 34.67
0   3917.57138   5301.55601   2540.06620  -0.2637520  -3.1415579   6.9160665 2026 01 15 00 11 54.67
0   3911.32200   5237.54463   2677.80098  -0.3612327  -3.2593052   6.8568849 2026 01 15 00 12 14.67
0   3903.12110   5171.19568   2814.32096  -0.4588960  -3.3753060   6.7945897 2026 01 15 00 12 34.67
0   3892.96552   5102.54461   2949.56413  -0.5566925  -3.4895071   6.7292088 2026 01 15 00 12 54.67
0   3880.85309   5031.62795   3083.46908  -0.6545726  -3.6018563   6.6607720 2026 01 15 00 13 14.67
0   3866.78263   4958.48324   3215.97500  -0.7524864  -3.7123024   6.5893101 2026 01 15 00 13 34.67
0   3850.75398   4883.14905   3347.02170  -0.8503840  -3.8207952   6.5148555 2026 01 15 00 13 54.67
0   3832.76795   4805.66494   3476.54967  -0.9482152  -3.9272855   6.4374420 2026 01 15 00 14 14.67
0   3812.82638   4726.07145   3604.50008  -1.0459299  -4.0317253   6.3571046 2026 01 15 00 14 34.67
0   3790.93210   4644.41004   3730.81481  -1.1434778  -4.1340676   6.2738799 2026 01 15 00 14 54.67
0   3767.08894   4560.72314   3855.43649  -1.2408085  -4.2342665   6.1878054 2026 01 15 00 15 14.67
0   3741.30176   4475.05407   3978.30850  -1.3378717  -4.3322773   6.0989204 2026 01 15 00 15 34.67
0   3713.57641   4387.44701   4099.37505  -1.4346170  -4.4280564   6.0072651 2026 01 15 00 15 54.67
0   3683.91974   4297.94703   4218.58114  -1.5309941  -4.5215613   5.9128813 2026 01 15 00 16 14.67
0   3652.33963   4206.60003   4335.87262  -1.6269527  -4.6127509   5.8158116 2026 01 15 00 16 34.67
0   3618.84494   4113.45272   4451.19622  -1.7224427  -4.7015851   5.7161002 2026 01 15 00 16 54.67
0   3583.44556   4018.55260   4564.49955  -1.8174139  -4.7880251   5.6137925 2026 01 15 00 17 14.67
0   3546.15235   3921.94792   4675.73114  -1.9118164  -4.8720334   5.5089347 2026 01 15 00 17 34.67
0   3506.97719   3823.68769   4784.84047  -2.0056003  -4.9535737   5.4015746 2026 01 15 00 17 54.67
0   3465.93294   3723.82162   4891.77798  -2.0987162  -5.0326110   5.2917608 2026 01 15 00 18 14.67
0   3423.03346   3622.40010   4996.49508  -2.1911145  -5.1091115   5.1795432 2026 01 15 00 18 34.67
0   3378.29360   3519.47421   5098.94422  -2.2827462  -5.1830429   5.0649728 2026 01 15 00 18 54.67
0   3331.72917   3415.09564   5199.07885  -2.3735624  -5.2543739   4.9481015 2026 01 15 00 19 14.67
0   3283.35698   3309.31669   5296.85348  -2.4635143  -5.3230749   4.8289823 2026 01 15 00 19 34.67
0   3233.19478   3202.19026   5392.22369  -2.5525539  -5.3891173   4.7076693 2026 01 15 00 19 54.67
0   3181.26132   3093.76978   5485.14616  -2.6406330  -5.4524741   4.5842174 2026 01 15 00 20 14.67
0   3127.57627   2984.10924   5575.57866  -2.7277041  -5.5131196   4.4586827 2026 01 15 00 20 34.67
0   3072.16027   2873.26310   5663.48010  -2.8137201  -5.5710292   4.3311219 2026 01 15 00 20 54.67
0   3015.03488   2761.28632   5748.81054  -2.8986341  -5.6261802   4.2015930 2026 01 15 00 21 14.67
0   2956.22262   2648.23428   5831.53121  -2.9823998  -5.6785508   4.0701545 2026 01 15 00 21 34.67
0   2895.74691   2534.16280   5911.60450  -3.0649713  -5.7281207   3.9368661 2026 01 15 00 21 54.67
0   2833.63208   2419.12809   5988.99401  -3.1463031  -5.7748713   3.8017879 2026 01 15 00 22 14.67
0   2769.90338   2303.18670   6063.66457  -3.2263505  -5.8187850   3.6649812 2026 01 15 00 22 34.67
0   2704.58695   2186.39554   6135.58222  -3.3050691  -5.8598459   3.5265079 2026 01 15 00 22 54.67
0   2637.70980   2068.81181   6204.71425  -3.3824150  -5.8980392   3.3864306 2026 01 15 00 23 14.67
0   2569.29982   1950.49301   6271.02921  -3.4583450  -5.9333519   3.2448126 2026 01 15 00 23 34.67
0   2499.38575   1831.49685   6334.49694  -3.5328164  -5.9657721   3.1017180 2026 01 15 00 23 54.67
0   2427.99718   1711.88131   6395.08854  -3.6057874  -5.9952895   2.9572114 2026 01 15 00 24 14.67
0   2355.16454   1591.70452   6452.77643  -3.6772165  -6.0218952   2.8113583 2026 01 15 00 24 34.67
0   2280.91908   1471.02481   6507.53434  -3.7470630  -6.0455815   2.6642243 2026 01 15 00 24 54.67
0   2205.29284   1349.90061   6559.33730  -3.8152870  -6.0663425   2.5158761 2026 01 15 00 25 14.67
0   2128.31868   1228.39049   6608.16172  -3.8818490  -6.0841734   2.3663806 2026 01 15 00 25 34.67
0   2050.03022   1106.55309   6653.98531  -3.9467106  -6.0990710   2.2158054 2026 01 15 00 25 54.67
0   1970.46184    984.44709   6696.78716  -4.0098339  -6.1110334   2.0642184 2026 01 15 00 26 14.67
0   1889.64869    862.13119   6736.54773  -4.0711819  -6.1200603   1.9116881 2026 01 15 00 26 34.67
0   1807.62664    739.66412   6773.24883  -4.1307182  -6.1261526   1.7582834 2026 01 15 00 26 54.67
0   1724.43227    617.10452   6806.87366  -4.1884076  -6.1293126   1.6040734 2026 01 15 00 27 14.67
0   1640.10287    494.51102   6837.40682  -4.2442152  -6.1295443   1.4491279 2026 01 15 00 27 34.67
0   1554.67642    371.94214   6864.83430  -4.2981073  -6.1268528   1.2935167 2026 01 15 00 27 54.67
0   1468.19155    249.45626   6889.14348  -4.3500511  -6.1212448   1.1373101 2026 01 15 00 28 14.67
0   1380.68757    127.11165   6910.32316  -4.4000144  -6.1127281   0.9805787 2026 01 15 00 28 34.67
0   1292.20437      4.96638   6928.36356  -4.4479662  -6.1013122   0.8233931 2026 01 15 00 28 54.67
0   1202.78251   -116.92166   6943.25630  -4.4938762  -6.0870079   0.6658244 2026 01 15 00 29 14.67
0   1112.46311   -238.49482   6954.99443  -4.5377151  -6.0698272   0.5079438 2026 01 15 00 29 34.67
0   1021.28788   -359.69572   6963.57243  -4.5794547  -6.0497837   0.3498224 2026 01 15 00 29 54.67
0    929.29908   -480.46724   6968.98619  -4.6190675  -6.0268921   0.1915319 2026 01 15 00 30 14.67
0    836.53950   -600.75258   6971.23304  -4.6565272  -6.0011687   0.0331436 2026 01 15 00 30 34.67
0    743.05248   -720.49527   6970.31175  -4.6918084  -5.9726310  -0.1252709 2026 01 15 00 30 54.67
0    648.88181   -839.63922   6966.22251  -4.7248867  -5.9412978  -0.2836398 2026 01 15 00 31 14.67
0    554.07181   -958.12872   6958.96696  -4.7557389  -5.9071893  -0.4418916 2026 01 15 00 31 34.67
0    458.66720  -1075.90847   6948.54813  -4.7843427  -5.8703269  -0.5999548 2026 01 15 00 31 54.67
0    362.71317  -1192.92363   6934.97053  -4.8106767  -5.8307335  -0.7577577 2026 01 15 00 32 14.67
0    266.25533  -1309.11980   6918.24008  -4.8347210  -5.7884329  -0.9152289 2026 01 15 00 32 34.67
0    169.33965  -1424.44310   6898.36411  -4.8564564  -5.7434506  -1.0722972 2026 01 15 00 32 54.67
0     72.01250  -1538.84016   6875.35141  -4.8758650  -5.6958131  -1.2288914 2026 01 15 00 33 14.67
0    -25.67941  -1652.25815   6849.21216  -4.8929299  -5.6455481  -1.3849404 2026 01 15 00 33 34.67
0   -123.68906  -1764.64480   6819.95798  -4.9076354  -5.5926848  -1.5403735 2026 01 15 00 33 54.67
0   -221.96911  -1875.94846   6787.60189  -4.9199669  -5.5372533  -1.6951201 2026 01 15 00 34 14.67
0   -320.47195  -1986.11807   6752.15832  -4.9299111  -5.4792850  -1.8491101 2026 01 15 00 34 34.67
0   -419.14969  -2095.10322   6713.64310  -4.9374556  -5.4188127  -2.0022734 2026 01 15 00 34 54.67
0   -517.95424  -2202.85416   6672.07347  -4.9425893  -5.3558701  -2.1545404 2026 01 15 00 35 14.67
0   -616.83728  -2309.32185   6627.46803  -4.9453023  -5.2904920  -2.3058420 2026 01 15 00 35 34.67
0   -715.75031  -2414.45792   6579.84680  -4.9455859  -5.2227147  -2.4561091 2026 01 15 00 35 54.67
0   -814.64466  -2518.21476   6529.23115  -4.9434325  -5.1525752  -2.6052734 2026 01 15 00 36 14.67
0   -913.47153  -2620.54552   6475.64380  -4.9388358  -5.0801118  -2.7532669 2026 01 15 00 36 34.67
0  -1012.18199  -2721.40410   6419.10885  -4.9317908  -5.0053640  -2.9000222 2026 01 15 00 36 54.67
0  -1110.72705  -2820.74521   6359.65174  -4.9222934  -4.9283720  -3.0454722 2026 01 15 00 37 14.67
0  -1209.05761  -2918.52440   6297.29924  -4.9103410  -4.8491774  -3.1895505 2026 01 15 00 37 34.67
0  -1307.12458  -3014.69802   6232.07943  -4.8959323  -4.7678227  -3.3321913 2026 01 15 00 37 54.67
0  -1404.87881  -3109.22332   6164.02172  -4.8790670  -4.6843513  -3.4733293 2026 01 15 00 38 14.67
0  -1502.27119  -3202.05839   6093.15682  -4.8597461  -4.5988076  -3.6129001 2026 01 15 00 38 34.67
0  -1599.25262  -3293.16224   6019.51671  -4.8379720  -4.5112372  -3.7508395 2026 01 15 00 38 54.67
0  -1695.77408  -3382.49481   5943.13464  -4.8137483  -4.4216862  -3.8870845 2026 01 15 00 39 14.67
0  -1791.78661  -3470.01696   5864.04513  -4.7870797  -4.3302021  -4.0215725 2026 01 15 00 39 34.67
0  -1887.24138  -3555.69049   5782.28394  -4.7579723  -4.2368329  -4.1542417 2026 01 15 00 39 54.67
0  -1982.08968  -3639.47819   5697.88806  -4.7264335  -4.1416276  -4.2850313 2026 01 15 00 40 14.67
0  -2076.28296  -3721.34385   5610.89567  -4.6924719  -4.0446361  -4.4138812 2026 01 15 00 40 34.67
0  -2169.77288  -3801.25224   5521.34618  -4.6560973  -3.9459091  -4.5407320 2026 01 15 00 40 54.67
0  -2262.51127  -3879.16916   5429.28013  -4.6173208  -3.8454979  -4.6655253 2026 01 15 00 41 14.67
0  -2354.45023  -3955.06146   5334.73927  -4.5761549  -3.7434550  -4.7882037 2026 01 15 00 41 34.67
0  -2445.54209  -4028.89702   5237.76644  -4.5326131  -3.6398331  -4.9087106 2026 01 15 00 41 54.67
0  -2535.73948  -4100.64480   5138.40565  -4.4867105  -3.5346861  -5.0269904 2026 01 15 00 42 14.67
0  -2624.99536  -4170.27483   5036.70198  -4.4384631  -3.4280681  -5.1429886 2026 01 15 00 42 34.67
0  -2713.26298  -4237.75826   4932.70159  -4.3878883  -3.3200344  -5.2566514 2026 01 15 00 42 54.67
0  -2800.49600  -4303.06732   4826.45173  -4.3350049  -3.2106405  -5.3679265 2026 01 15 00 43 14.67
0  -2886.64843  -4366.17537   4718.00067  -4.2798328  -3.0999427  -5.4767623 2026 01 15 00 43 34.67
0  -2971.67471  -4427.05689   4607.39768  -4.2223930  -2.9879978  -5.5831085 2026 01 15 00 43 54.67
0  -3055.52971  -4485.68752   4494.69307  -4.1627080  -2.8748632  -5.6869159 2026 01 15 00 44 14.67
0  -3138.16875  -4542.04403   4379.93809  -4.1008013  -2.7605968  -5.7881363 2026 01 15 00 44 34.67
0  -3219.54765  -4596.10438   4263.18495  -4.0366978  -2.6452569  -5.8867229 2026 01 15 00 44 54.67
0  -3299.62272  -4647.84769   4144.48678  -3.9704234  -2.5289025  -5.9826301 2026 01 15 00 45 14.67
0  -3378.35082  -4697.25425   4023.89762  -3.9020054  -2.4115927  -6.0758132 2026 01 15 00 45 34.67
0  -3455.68937  -4744.30555   3901.47239  -3.8314721  -2.2933872  -6.1662291 2026 01 15 00 45 54.67
0  -3531.59634  -4788.98428   3777.26685  -3.7588532  -2.1743460  -6.2538359 2026 01 15 00 46 14.67
0  -3606.03032  -4831.27432   3651.33759  -3.6841793  -2.0545295  -6.3385929 2026 01 15 00 46 34.67
0  -3678.95055  -4871.16077   3523.74201  -3.6074824  -1.9339982  -6.4204608 2026 01 15 00 46 54.67
0  -3750.31687  -4908.62996   3394.53827  -3.5287954  -1.8128132  -6.4994016 2026 01 15 00 47 14.67
0  -3820.08983  -4943.66940   3263.78527  -3.4481524  -1.6910355  -6.5753786 2026 01 15 00 47 34.67
0  -3888.23066  -4976.26787   3131.54266  -3.3655888  -1.5687265  -6.6483568 2026 01 15 00 47 54.67
0  -3954.70131  -5006.41535   2997.87074  -3.2811407  -1.4459476  -6.7183021 2026 01 15 00 48 14.67
0  -4019.46446  -5034.10306   2862.83051  -3.1948457  -1.3227607  -6.7851822 2026 01 15 00 48 34.67
0  -4082.48355  -5059.32345   2726.48358  -3.1067421  -1.1992273  -6.8489662 2026 01 15 00 48 54.67
0  -4143.72280  -5082.07021   2588.89217  -3.0168694  -1.0754093  -6.9096244 2026 01 15 00 49 14.67
0  -4203.14724  -5102.33828   2450.11908  -2.9252682  -0.9513685  -6.9671288 2026 01 15 00 49 34.67
0  -4260.72271  -5120.12381   2310.22765  -2.8319799  -0.8271669  -7.0214529 2026 01 15 00 49 54.67
0  -4316.41588  -5135.42420   2169.28175  -2.7370470  -0.7028661  -7.0725717 2026 01 15 00 50 14.67
0  -4370.19430  -5148.23809   2027.34572  -2.6405130  -0.5785281  -7.1204614 2026 01 15 00 50 34.67
0  -4422.02639  -5158.56535   1884.48436  -2.5424221  -0.4542144  -7.1651002 2026 01 15 00 50 54.67
0  -4471.88146  -5166.40708   1740.76290  -2.4428197  -0.3299865  -7.2064676 2026 01 15 00 51 14.67
0  -4519.72975  -5171.76562   1596.24697  -2.3417519  -0.2059059  -7.2445446 2026 01 15 00 51 34.67
0  -4565.54240  -5174.64451   1451.00254  -2.2392658  -0.0820337  -7.2793138 2026 01 15 00 51 54.67
0  -4609.29154  -5175.04855   1305.09594  -2.1354092   0.0415692  -7.3107596 2026 01 15 00 52 14.67
0  -4650.95023  -5172.98372   1158.59378  -2.0302308   0.1648422  -7.3388676 2026 01 15 00 52 34.67
0  -4690.49254  -5168.45722   1011.56294  -1.9237801   0.2877248  -7.3636252 2026 01 15 00 52 54.67
0  -4727.89352  -5161.47746    864.07054  -1.8161072   0.4101570  -7.3850214 2026 01 15 00 53 14.67
0  -4763.12924  -5152.05405    716.18392  -1.7072632   0.5320792  -7.4030468 2026 01 15 00 53 34.67
0  -4796.17678  -5140.19779    567.97056  -1.5972998   0.6534321  -7.4176936 2026 01 15 00 53 54.67
0  -4827.01429  -5125.92065    419.49811  -1.4862692   0.7741569  -7.4289554 2026 01 15 00 54 14.67
0  -4855.62094  -5109.23577    270.83432  -1.3742246   0.8941951  -7.4368278 2026 01 15 00 54 34.67
0  -4881.97700  -5090.15747    122.04700  -1.2612195   1.0134889  -7.4413077 2026 01 15 00 54 54.67
0  -4906.06380  -5068.70121    -26.79597  -1.1473082   1.1319808  -7.4423937 2026 01 15 00 55 14.67
0  -4927.86375  -5044.88360   -175.62672  -1.0325454   1.2496142  -7.4400861 2026 01 15 00 55 34.67
0  -4947.36039  -5018.72237   -324.37739  -0.9169866   1.3663327  -7.4343866 2026 01 15 00 55 54.67
0  -4964.53835  -4990.23638   -472.98017  -0.8006875   1.4820807  -7.4252988 2026 01 15 00 56 14.67
0  -4979.38338  -4959.44559   -621.36735  -0.6837044   1.5968033  -7.4128277 2026 01 15 00 56 34.67
0  -4991.88238  -4926.37106   -769.47132  -0.5660942   1.7104461  -7.3969798 2026 01 15 00 56 54.67
0  -5002.02337  -4891.03491   -917.22463  -0.4479141   1.8229556  -7.3777636 2026 01 15 00 57 14.67
0  -5009.79553  -4853.46034  -1064.56000  -0.3292214   1.9342788  -7.3551887 2026 01 15 00 57 34.67
0  -5015.18919  -4813.67161  -1211.41038  -0.2100743   2.0443636  -7.3292667 2026 01 15 00 57 54.67
0  -5018.19584  -4771.69400  -1357.70895  -0.0905309   2.1531586  -7.3000104 2026 01 15 00 58 14.67
0  -5018.80814  -4727.55380  -1503.38916   0.0293503   2.2606134  -7.2674345 2026 01 15 00 58 34.67
0  -5017.01993  -4681.27833  -1648.38478   0.1495104   2.3666781  -7.2315550 2026 01 15 00 58 54.67
0  -5012.82621  -4632.89587  -1792.62992   0.2698905   2.4713040  -7.1923897 2026 01 15 00 59 14.67
0  -5006.22318  -4582.43569  -1936.05905   0.3904314   2.5744431  -7.1499576 2026 01 15 00 59 34.67
0  -4997.20822  -4529.92798  -2078.60703   0.5110737   2.6760482  -7.1042794 2026 01 15 00 59 54.67
0  -4985.77989  -4475.40390  -2220.20916   0.6317578   2.7760733  -7.0553775 2026 01 15 01 00 14.67
0  -4971.93795  -4418.89550  -2360.80122   0.7524243   2.8744732  -7.0032754 2026 01 15 01 00 34.67
0  -4955.68336  -4360.43573  -2500.31943   0.8730135   2.9712035  -6.9479983 2026 01 15 01 00 54.67
0  -4937.01825  -4300.05841  -2638.70057   0.9934656   3.0662211  -6.8895729 2026 01 15 01 01 14.67
0  -4915.94596  -4237.79822  -2775.88194   1.1137209   3.1594838  -6.8280272 2026 01 15 01 01 34.67
0  -4892.47103  -4173.69068  -2911.80144   1.2337199   3.2509502  -6.7633908 2026 01 15 01 01 54.67
0  -4866.59918  -4107.77211  -3046.39756   1.3534028   3.3405803  -6.6956945 2026 01 15 01 02 14.67
0  -4838.33733  -4040.07963  -3179.60942   1.4727102   3.4283350  -6.6249706 2026 01 15 01 02 34.67
0  -4807.69359  -3970.65113  -3311.37680   1.5915826   3.5141763  -6.5512528 2026 01 15 01 02 54.67
0  -4774.67723  -3899.52525  -3441.64018   1.7099609   3.5980672  -6.4745761 2026 01 15 01 03 14.67
0  -4739.29875  -3826.74137  -3570.34074   1.8277859   3.6799719  -6.3949768 2026 01 15 01 03 34.67
0  -4701.56979  -3752.33954  -3697.42040   1.9449988   3.7598557  -6.3124927 2026 01 15 01 03 54.67
0  -4661.50317  -3676.36053  -3822.82185   2.0615411   3.8376852  -6.2271626 2026 01 15 01 04 14.67
0  -4619.11291  -3598.84575  -3946.48858   2.1773543   3.9134278  -6.1390267 2026 01 15 01 04 34.67
0  -4574.41415  -3519.83725  -4068.36487   2.2923805   3.9870524  -6.0481265 2026 01 15 01 04 54.67
0  -4527.42323  -3439.37769  -4188.39588   2.4065619   4.0585289  -5.9545046 2026 01 15 01 05 14.67
0  -4478.15760  -3357.51033  -4306.52760   2.5198412   4.1278285  -5.8582048 2026 01 15 01 05 34.67
0  -4426.63587  -3274.27898  -4422.70692   2.6321616   4.1949235  -5.7592723 2026 01 15 01 05 54.67
0  -4372.87781  -3189.72799  -4536.88165   2.7434663   4.2597873  -5.6577531 2026 01 15 01 06 14.67
0  -4316.90426  -3103.90226  -4649.00053   2.8536994   4.3223948  -5.5536945 2026 01 15 01 06 34.67
0  -4258.73724  -3016.84714  -4759.01324   2.9628053   4.3827219  -5.4471449 2026 01 15 01 06 54.67
0  -4198.39983  -2928.60848  -4866.87047   3.0707288   4.4407458  -5.3381538 2026 01 15 01 07 14.67
0  -4135.91622  -2839.23255  -4972.52389   3.1774153   4.4964448  -5.2267716 2026 01 15 01 07 34.67
0  -4071.31170  -2748.76606  -5075.92619   3.2828108   4.5497987  -5.1130498 2026 01 15 01 07 54.67
0  -4004.61263  -2657.25610  -5177.03109   3.3868619   4.6007883  -4.9970409 2026 01 15 01 08 14.67
0  -3935.84641  -2564.75014  -5275.79340   3.4895158   4.6493958  -4.8787984 2026 01 15 01 08 34.67
0  -3865.04152  -2471.29599  -5372.16897   3.5907200   4.6956046  -4.7583766 2026 01 15 01 08 54.67
0  -3792.22747  -2376.94177  -5466.11479   3.6904232   4.7393992  -4.6358309 2026 01 15 01 09 14.67
0  -3717.43478  -2281.73593  -5557.58891   3.7885744   4.7807656  -4.5112174 2026 01 15 01 09 34.67
0  -3640.69501  -2185.72714  -5646.55057   3.8851233   4.8196909  -4.3845932 2026 01 15 01 09 54.67
0  -3562.04068  -2088.96435  -5732.96013   3.9800206   4.8561634  -4.2560160 2026 01 15 01 10 14.67
0  -3481.50533  -1991.49672  -5816.77910   4.0732175   4.8901728  -4.1255446 2026 01 15 01 10 34.67
0  -3399.12343  -1893.37361  -5897.97020   4.1646660   4.9217101  -3.9932384 2026 01 15 01 10 54.67
0  -3314.93044  -1794.64453  -5976.49732   4.2543190   4.9507672  -3.8591575 2026 01 15 01 11 14.67
0  -3228.96272  -1695.35917  -6052.32559   4.3421300   4.9773377  -3.7233629 2026 01 15 01 11 34.67
0  -3141.25757  -1595.56730  -6125.42134   4.4280536   5.0014161  -3.5859160 2026 01 15 01 11 54.67
0  -3051.85318  -1495.31882  -6195.75215   4.5120451   5.0229982  -3.4468791 2026 01 15 01 12 14.67
0  -2960.78865  -1394.66367  -6263.28685   4.5940607   5.0420812  -3.3063151 2026 01 15 01 12 34.67
0  -2868.10391  -1293.65186  -6327.99552   4.6740573   5.0586635  -3.1642874 2026 01 15 01 12 54.67
0  -2773.83977  -1192.33342  -6389.84952   4.7519931   5.0727445  -3.0208600 2026 01 15 01 13 14.67
0  -2678.03786  -1090.75836  -6448.82152   4.8278270   5.0843250  -2.8760975 2026 01 15 01 13 34.67
0  -2580.74061   -988.97666  -6504.88545   4.9015188   5.0934070  -2.7300651 2026 01 15 01 13 54.67
0  -2481.99127   -887.03828  -6558.01658   4.9730293   5.0999938  -2.5828282 2026 01 15 01 14 14.67
0  -2381.83383   -784.99308  -6608.19147   5.0423204   5.1040897  -2.4344530 2026 01 15 01 14 34.67
0  -2280.31308   -682.89082  -6655.38801   5.1093548   5.1057003  -2.2850059 2026 01 15 01 14 54.67
0  -2177.47449   -580.78113  -6699.58545   5.1740964   5.1048323  -2.1345539 2026 01 15 01 15 14.67
0  -2073.36428   -478.71352  -6740.76434   5.2365101   5.1014938  -1.9831640 2026 01 15 01 15 34.67
0  -1968.02935   -376.73731  -6778.90661   5.2965618   5.0956938  -1.8309041 2026 01 15 01 15 54.67
0  -1861.51728   -274.90162  -6813.99554   5.3542184   5.0874427  -1.6778420 2026 01 15 01 16 14.67
0  -1753.87628   -173.25537  -6846.01575   5.4094479   5.0767518  -1.5240459 2026 01 15 01 16 34.67
0  -1645.15521    -71.84722  -6874.95327   5.4622196   5.0636337  -1.3695844 2026 01 15 01 16 54.67
0  -1535.40353     29.27441  -6900.79546   5.5125036   5.0481021  -1.2145263 2026 01 15 01 17 14.67
0  -1424.67128    130.06140  -6923.53107   5.5602713   5.0301719  -1.0589403 2026 01 15 01 17 34.67
0  -1313.00906    230.46593  -6943.15025   5.6054952   5.0098589  -0.9028958 2026 01 15 01 17 54.67
0  -1200.46801    330.44051  -6959.64452   5.6481489   4.9871801  -0.7464619 2026 01 15 01 18 14.67
0  -1087.09980    429.93802  -6973.00677   5.6882073   4.9621537  -0.5897082 2026 01 15 01 18 34.67
0   -972.95657    528.91168  -6983.23132   5.7256463   4.9347989  -0.4327042 2026 01 15 01 18 54.67
0   -858.09094    627.31513  -6990.31384   5.7604431   4.9051358  -0.2755194 2026 01 15 01 19 14.67
0   -742.55598    725.10240  -6994.25142   5.7925759   4.8731857  -0.1182236 2026 01 15 01 19 34.67
0   -626.40516    822.22799  -6995.04253   5.8220243   4.8389710   0.0391136 2026 01 15 01 19 54.67
0   -509.69238    918.64683  -6992.68705   5.8487692   4.8025149   0.1964225 2026 01 15 01 20 14.67
0   -392.47190   1014.31434  -6987.18624   5.8727924   4.7638418   0.3536334 2026 01 15 01 20 34.67
0   -274.79830   1109.18642  -6978.54274   5.8940772   4.7229771   0.5106768 2026 01 15 01 20 54.67
0   -156.72652   1203.21950  -6966.76061   5.9126081   4.6799469   0.6674832 2026 01 15 01 21 14.67
0    -38.31179   1296.37054  -6951.84529   5.9283708   4.6347787   0.8239831 2026 01 15 01 21 34.67
0     80.39040   1388.59707  -6933.80358   5.9413522   4.5875005   0.9801072 2026 01 15 01 21 54.67
0    199.32430   1479.85717  -6912.64371   5.9515406   4.5381416   1.1357866 2026 01 15 01 22 14.67
0    318.43395   1570.10952  -6888.37526   5.9589255   4.4867319   1.2909523 2026 01 15 01 22 34.67
0    437.66318   1659.31343  -6861.00918   5.9634978   4.4333026   1.4455356 2026 01 15 01 22 54.67
0    556.95565   1747.42881  -6830.55781   5.9652495   4.3778853   1.5994680 2026 01 15 01 23 14.67
0    676.25488   1834.41622  -6797.03485   5.9641740   4.3205129   1.7526815 2026 01 15 01 23 34.67
0    795.50428   1920.23691  -6760.45537   5.9602660   4.2612188   1.9051081 2026 01 15 01 23 54.67
0    914.64715   2004.85278  -6720.83576   5.9535216   4.2000376   2.0566803 2026 01 15 01 24 14.67
0   1033.62674   2088.22643  -6678.19380   5.9439381   4.1370044   2.2073310 2026 01 15 01 24 34.67
0   1152.38624   2170.32118  -6632.54859   5.9315141   4.0721553   2.3569932 2026 01 15 01 24 54.67
0   1270.86884   2251.10109  -6583.92056   5.9162496   4.0055270   2.5056006 2026 01 15 01 25 14.67
0   1389.01774   2330.53094  -6532.33146   5.8981459   3.9371572   2.6530872 2026 01 15 01 25 34.67
0   1506.77619   2408.57629  -6477.80438   5.8772057   3.8670841   2.7993875 2026 01 15 01 25 54.67
0   1624.08748   2485.20346  -6420.36368   5.8534329   3.7953468   2.9444365 2026 01 15 01 26 14.67
0   1740.89502   2560.37955  -6360.03505   5.8268328   3.7219851   3.0881696 2026 01 15 01 26 34.67
0   1857.14232   2634.07250  -6296.84544   5.7974121   3.6470395   3.2305228 2026 01 15 01 26 54.67
0   1972.77305   2706.25102  -6230.82309   5.7651788   3.5705510   3.3714328 2026 01 15 01 27 14.67
0   2087.73105   2776.88468  -6161.99749   5.7301422   3.4925614   3.5108367 2026 01 15 01 27 34.67
0   2201.96036   2845.94387  -6090.39939   5.6923129   3.4131131   3.6486723 2026 01 15 01 27 54.67
0   2315.40524   2913.39986  -6016.06077   5.6517031   3.3322493   3.7848779 2026 01 15 01 28 14.67
0   2428.01020   2979.22477  -5939.01485   5.6083260   3.2500133   3.9193928 2026 01 15 01 28 34.67
0   2539.72006   3043.39160  -5859.29603   5.5621964   3.1664495   4.0521566 2026 01 15 01 28 54.67
0   2650.47992   3105.87423  -5776.93995   5.5133303   3.0816027   4.1831100 2026 01 15 01 29 14.67
0   2760.23522   3166.64746  -5691.98341   5.4617450   2.9955179   4.3121942 2026 01 15 01 29 34.67
0   2868.93176   3225.68699  -5604.46435   5.4074593   2.9082411   4.4393511 2026 01 15 01 29 54.67
0   2976.51573   3282.96943  -5514.42192   5.3504933   2.8198184   4.5645237 2026 01 15 01 30 14.67
0   3082.93374   3338.47234  -5421.89635   5.2908682   2.7302966   4.6876557 2026 01 15 01 30 34.67
0   3188.13283   3392.17421  -5326.92902   5.2286068   2.6397229   4.8086914 2026 01 15 01 30 54.67
0   3292.06051   3444.05448  -5229.56241   5.1637331   2.5481448   4.9275764 2026 01 15 01 31 14.67
0   3394.66480   3494.09353  -5129.84006   5.0962723   2.4556103   5.0442568 2026 01 15 01 31 34.67
0   3495.89420   3542.27272  -5027.80660   5.0262512   2.3621677   5.1586800 2026 01 15 01 31 54.67
0   3595.69779   3588.57438  -4923.50769   4.9536974   2.2678657   5.2707940 2026 01 15 01 32 14.67
0   3694.02522   3632.98181  -4816.99003   4.8786404   2.1727534   5.3805481 2026 01 15 01 32 34.67
0   3790.82671   3675.47930  -4708.30132   4.8011104   2.0768801   5.4878924 2026 01 15 01 32 54.67
0   3886.05313   3716.05212  -4597.49025   4.7211394   1.9802954   5.5927780 2026 01 15 01 33 14.67
0   3979.65598   3754.68654  -4484.60646   4.6387601   1.8830491   5.6951572 2026 01 15 01 33 34.67
0   4071.58744   3791.36983  -4369.70056   4.5540069   1.7851913   5.7949832 2026 01 15 01 33 54.67
0   4161.80038   3826.09028  -4252.82407   4.4669152   1.6867723   5.8922105 2026 01 15 01 34 14.67
0   4250.24841   3858.83715  -4134.02941   4.3775218   1.5878426   5.9867946 2026 01 15 01 34 34.67
0   4336.88586   3889.60074  -4013.36988   4.2858644   1.4884528   6.0786920 2026 01 15 01 34 54.67
0   4421.66784   3918.37235  -3890.89963   4.1919822   1.3886536   6.1678607 2026 01 15 01 35 14.67
0   4504.55026   3945.14432  -3766.67366   4.0959155   1.2884959   6.2542596 2026 01 15 01 35 34.67
0   4585.48984   3969.90997  -3640.74775   3.9977056   1.1880306   6.3378490 2026 01 15 01 35 54.67
0   4664.44415   3992.66367  -3513.17850   3.8973951   1.0873088   6.4185902 2026 01 15 01 36 14.67
0   4741.37161   4013.40079  -3384.02323   3.7950278   0.9863814   6.4964459 2026 01 15 01 36 34.67
0   4816.23152   4032.11774  -3253.34001   3.6906485   0.8852995   6.5713802 2026 01 15 01 36 54.67
0   4888.98412   4048.81194  -3121.18764   3.5843029   0.7841141   6.6433582 2026 01 15 01 37 14.67
0   4959.59053   4063.48182  -2987.62556   3.4760383   0.6828760   6.7123465 2026 01 15 01 37 34.67
0   5028.01287   4076.12685  -2852.71389   3.3659024   0.5816362   6.7783129 2026 01 15 01 37 54.67
0   5094.21419   4086.74748  -2716.51339   3.2539446   0.4804454   6.8412268 2026 01 15 01 38 14.67
0   5158.15855   4095.34523  -2579.08539   3.1402147   0.3793542   6.9010586 2026 01 15 01 38 34.67
0   5219.81103   4101.92257  -2440.49183   3.0247639   0.2784132   6.9577804 2026 01 15 01 38 54.67
0   5279.13773   4106.48302  -2300.79516   2.9076442   0.1776727   7.0113655 2026 01 15 01 39 14.67
0   5336.10579   4109.03109  -2160.05838   2.7889086   0.0771827   7.0617886 2026 01 15 01 39 34.67
0   5390.68344   4109.57228  -2018.34497   2.6686109  -0.0230070   7.1090260 2026 01 15 01 39 54.67
0   5442.83998   4108.11311  -1875.71887   2.5468061  -0.1228466   7.1530553 2026 01 15 01 40 14.67
0   5492.54582   4104.66107  -1732.24445   2.4235497  -0.2222870   7.1938555 2026 01 15 01 40 34.67
0   5539.77251   4099.22462  -1587.98648   2.2988982  -0.3212790   7.2314072 2026 01 15 01 40 54.67
0   5584.49270   4091.81324  -1443.01012   2.1729090  -0.4197740   7.2656924 2026 01 15 01 41 14.67
0   5626.68023   4082.43733  -1297.38086   2.0456401  -0.5177238   7.2966947 2026 01 15 01 41 34.67
0   5666.31008   4071.10828  -1151.16452   1.9171505  -0.6150803   7.3243989 2026 01 15 01 41 54.67
0   5703.35844   4057.83844  -1004.42719   1.7874997  -0.7117962   7.3487918 2026 01 15 01 42 14.67
0   5737.80269   4042.64109   -857.23522   1.6567480  -0.8078242   7.3698612 2026 01 15 01 42 34.67
0   5769.62142   4025.53045   -709.65518   1.5249565  -0.9031179   7.3875968 2026 01 15 01 42 54.67
0   5798.79444   4006.52168   -561.75385   1.3921867  -0.9976311   7.4019896 2026 01 15 01 43 14.67
0   5825.30282   3985.63083   -413.59815   1.2585009  -1.0913181   7.4130323 2026 01 15 01 43 34.67
0   5849.12885   3962.87488   -265.25515   1.1239618  -1.1841340   7.4207190 2026 01 15 01 43 54.67
0   5870.25611   3938.27170   -116.79200   0.9886329  -1.2760342   7.4250454 2026 01 15 01 44 14.67
0   5888.66944   3911.84005     31.72405   0.8525780  -1.3669747   7.4260088 2026 01 15 01 44 34.67
0   5904.35495   3883.59954    180.22573   0.7158616  -1.4569123   7.4236081 2026 01 15 01 44 54.67
0   5917.30007   3853.57068    328.64576   0.5785483  -1.5458042   7.4178435 2026 01 15 01 45 14.67
0   5927.49352   3821.77479    476.91689   0.4407035  -1.6336084   7.4087171 2026 01 15 01 45 34.67
0   5934.92530   3788.23404    624.97190   0.3023928  -1.7202835   7.3962323 2026 01 15 01 45 54.67
0   5939.58678   3752.97142    772.74369   0.1636822  -1.8057888   7.3803943 2026 01 15 01 46 14.67
0   5941.47060   3716.01072    920.16524   0.0246380  -1.8900844   7.3612095 2026 01 15 01 46 34.67
0   5940.57076   3677.37654   1067.16970  -0.1146733  -1.9731310   7.3386861 2026 01 15 01 46 54.67
0   5936.88259   3637.09424   1213.69039  -0.2541847  -2.0548901   7.3128339 2026 01 15 01 47 14.67
0   5930.40276   3595.18995   1359.66086  -0.3938294  -2.1353241   7.2836640 2026 01 15 01 47 34.67
0   5921.12927   3551.69053   1505.01487  -0.5335399  -2.2143959   7.2511894 2026 01 15 01 47 54.67
0   5909.06147   3506.62360   1649.68646  -0.6732489  -2.2920696   7.2154243 2026 01 15 01 48 14.67
0   5894.20008   3460.01747   1793.60999  -0.8128890  -2.3683099   7.1763845 2026 01 15 01 48 34.67
0   5876.54713   3411.90115   1936.72012  -0.9523925  -2.4430822   7.1340875 2026 01 15 01 48 54.67
0   5856.10605   3362.30434   2078.95191  -1.0916919  -2.5163531   7.0885520 2026 01 15 01 49 14.67
0   5832.88159   3311.25740   2220.24079  -1.2307195  -2.5880899   7.0397986 2026 01 15 01 49 34.67
0   5806.87986   3258.79132   2360.52261  -1.3694077  -2.6582608   6.9878490 2026 01 15 01 49 54.67
0   5778.10832   3204.93774   2499.73367  -1.5076891  -2.7268350   6.9327267 2026 01 15 01 50 14.67
0   5746.57578   3149.72889   2637.81078  -1.6454961  -2.7937824   6.8744563 2026 01 15 01 50 34.67
0   5712.29241   3093.19760   2774.69122  -1.7827615  -2.8590741   6.8130643 2026 01 15 01 50 54.67
0   5675.26969   3035.37725   2910.31285  -1.9194182  -2.9226820   6.7485784 2026 01 15 01 51 14.67
0   5635.52049   2976.30181   3044.61407  -2.0553992  -2.9845791   6.6810276 2026 01 15 01 51 34.67
0   5593.05898   2916.00575   3177.53388  -2.1906379  -3.0447392   6.6104425 2026 01 15 01 51 54.67
0   5547.90067   2854.52405   3309.01192  -2.3250678  -3.1031372   6.5368552 2026 01 15 01 52 14.67
0   5500.06239   2791.89222   3438.98847  -2.4586228  -3.1597491   6.4602989 2026 01 15 01 52 34.67
0   5449.56230   2728.14619   3567.40450  -2.5912371  -3.2145516   6.3808083 2026 01 15 01 52 54.67
0   5396.41988   2663.32239   3694.20168  -2.7228454  -3.2675228   6.2984195 2026 01 15 01 53 14.67
0   5340.65588   2597.45764   3819.32242  -2.8533827  -3.3186416   6.2131699 2026 01 15 01 53 34.67
0   5282.29238   2530.58920   3942.70987  -2.9827844  -3.3678879   6.1250981 2026 01 15 01 53 54.67
0   5221.35273   2462.75472   4064.30801  -3.1109863  -3.4152428   6.0342442 2026 01 15 01 54 14.67
0   5157.86156   2393.99219   4184.06159  -3.2379251  -3.4606884   5.9406493 2026 01 15 01 54 34.67
0   5091.84477   2324.33999   4301.91622  -3.3635375  -3.5042077   5.8443560 2026 01 15 01 54 54.67
0   5023.32950   2253.83678   4417.81836  -3.4877612  -3.5457851   5.7454080 2026 01 15 01 55 14.67
0   4952.34416   2182.52156   4531.71537  -3.6105342  -3.5854058   5.6438502 2026 01 15 01 55 34.67
0   4878.91837   2110.43361   4643.55550  -3.7317954  -3.6230561   5.5397288 2026 01 15 01 55 54.67
0   4803.08296   2037.61245   4753.28796  -3.8514841  -3.6587234   5.4330910 2026 01 15 01 56 14.67
0   4724.87001   1964.09787   4860.86290  -3.9695404  -3.6923963   5.3239851 2026 01 15 01 56 34.67
0   4644.31273   1889.92986   4966.23145  -4.0859052  -3.7240643   5.2124609 2026 01 15 01 56 54.67
0   4561.44556   1815.14861   5069.34575  -4.2005201  -3.7537181   5.0985687 2026 01 15 01 57 14.67
0   4476.30406   1739.79449   5170.15896  -4.3133274  -3.7813495   4.9823604 2026 01 15 01 57 34.67
0   4388.92496   1663.90802   5268.62527  -4.4242703  -3.8069512   4.8638887 2026 01 15 01 57 54.67
0   4299.34610   1587.52987   5364.69995  -4.5332927  -3.8305173   4.7432072 2026 01 15 01 58 14.67
0   4207.60646   1510.70079   5458.33936  -4.6403396  -3.8520427   4.6203708 2026 01 15 01 58 34.67
0   4113.74607   1433.46164   5549.50094  -4.7453567  -3.8715235   4.4954350 2026 01 15 01 58 54.67
0   4017.80609   1355.85334   5638.14329  -4.8482907  -3.8889569   4.3684566 2026 01 15 01 59 14.67
0   3919.82869   1277.91686   5724.22611  -4.9490891  -3.9043412   4.2394930 2026 01 15 01 59 34.67
0   3819.85710   1199.69320   5807.71028  -5.0477006  -3.9176756   4.1086027 2026 01 15 01 59 54.67
0   3717.93556   1121.22334   5888.55788  -5.1440747  -3.9289606   3.9758450 2026 01 15 02 00 14.67
0   3614.10933   1042.54826   5966.73213  -5.2381620  -3.9381977   3.8412799 2026 01 15 02 00 34.67
0   3508.42462    963.70890   6042.19751  -5.3299140  -3.9453894   3.7049684 2026 01 15 02 00 54.67
0   3400.92862    884.74613   6114.91971  -5.4192836  -3.9505392   3.5669722 2026 01 15 02 01 14.67
0   3291.66943    805.70075   6184.86564  -5.5062244  -3.9536519   3.4273536 2026 01 15 02 01 34.67
0   3180.69609    726.61344   6252.00350  -5.5906914  -3.9547331   3.2861758 2026 01 15 02 01 54.67
0   3068.05851    647.52476   6316.30274  -5.6726404  -3.9537896   3.1435027 2026 01 15 02 02 14.67
0   2953.80748    568.47515   6377.73409  -5.7520288  -3.9508291   2.9993987 2026 01 15 02 02 34.67
0   2837.99465    489.50484   6436.26960  -5.8288148  -3.9458605   2.8539290 2026 01 15 02 02 54.67
0   2720.67245    410.65390   6491.88259  -5.9029579  -3.9388935   2.7071594 2026 01 15 02 03 14.67
0   2601.89415    331.96220   6544.54774  -5.9744189  -3.9299389   2.5591560 2026 01 15 02 03 34.67
0   2481.71377    253.46938   6594.24104  -6.0431597  -3.9190087   2.4099858 2026 01 15 02 03 54.67
0   2360.18608    175.21481   6640.93983  -6.1091435  -3.9061156   2.2597162 2026 01 15 02 04 14.67
0   2237.36659     97.23763   6684.62279  -6.1723349  -3.8912733   2.1084150 2026 01 15 02 04 34.67
0   2113.31147     19.57666   6725.26997  -6.2326994  -3.8744968   1.9561505 2026 01 15 02 04 54.67
0   1988.07762    -57.72957   6762.86281  -6.2902043  -3.8558016   1.8029915 2026 01 15 02 05 14.67
0   1861.72252   -134.64283   6797.38410  -6.3448179  -3.8352044   1.6490071 2026 01 15 02 05 34.67
0   1734.30432   -211.12528   6828.81802  -6.3965099  -3.8127230   1.4942669 2026 01 15 02 05 54.67
0   1605.88174   -287.13940   6857.15016  -6.4452513  -3.7883757   1.3388406 2026 01 15 02 06 14.67
0   1476.51407   -362.64808   6882.36749  -6.4910146  -3.7621820   1.1827985 2026 01 15 02 06 34.67
0   1346.26114   -437.61458   6904.45842  -6.5337735  -3.7341624   1.0262110 2026 01 15 02 06 54.67
0   1215.18328   -512.00261   6923.41273  -6.5735033  -3.7043380   0.8691488 2026 01 15 02 07 14.67
0   1083.34131   -585.77628   6939.22165  -6.6101806  -3.6727309   0.7116828 2026 01 15 02 07 34.67
0    950.79651   -658.90017   6951.87780  -6.6437833  -3.6393641   0.5538841 2026 01 15 02 07 54.67
0    817.61056   -731.33932   6961.37524  -6.6742909  -3.6042614   0.3958240 2026 01 15 02 08 14.67
0    683.84558   -803.05926   6967.70947  -6.7016843  -3.5674474   0.2375740 2026 01 15 02 08 34.67
0    549.56402   -874.02601   6970.87740  -6.7259459  -3.5289477   0.0792054 2026 01 15 02 08 54.67
0    414.82869   -944.20613   6970.87737  -6.7470593  -3.4887884  -0.0792101 2026 01 15 02 09 14.67
0    279.70268  -1013.56669   6967.70916  -6.7650100  -3.4469967  -0.2376009 2026 01 15 02 09 34.67
0    144.24940  -1082.07532   6961.37399  -6.7797845  -3.4036003  -0.3958954 2026 01 15 02 09 54.67
0      8.53249  -1149.70021   6951.87449  -6.7913713  -3.3586278  -0.5540220 2026 01 15 02 10 14.67
0   -127.38419  -1216.41013   6939.21474  -6.7997600  -3.3121085  -0.7119091 2026 01 15 02 10 34.67
0   -263.43660  -1282.17444   6923.40024  -6.8049419  -3.2640725  -0.8694853 2026 01 15 02 10 54.67
0   -399.56052  -1346.96312   6904.43792  -6.8069098  -3.2145504  -1.0266792 2026 01 15 02 11 14.67
0   -535.69161  -1410.74676   6882.33615  -6.8056579  -3.1635738  -1.1834196 2026 01 15 02 11 34.67
0   -671.76544  -1473.49659   6857.10470  -6.8011820  -3.1111747  -1.3396354 2026 01 15 02 11 54.67
0   -807.71749  -1535.18448   6828.75478  -6.7934796  -3.0573859  -1.4952559 2026 01 15 02 12 14.67
0   -943.48322  -1595.78298   6797.29899  -6.7825495  -3.0022407  -1.6502103 2026 01 15 02 12 34.67
0  -1078.99808  -1655.26529   6762.75137  -6.7683921  -2.9457732  -1.8044285 2026 01 15 02 12 54.67
0  -1214.19754  -1713.60531   6725.12733  -6.7510094  -2.8880179  -1.9578402 2026 01 15 02 13 14.67
0  -1349.01713  -1770.77764   6684.44371  -6.7304049  -2.8290100  -2.1103758 2026 01 15 02 13 34.67
0  -1483.39246  -1826.75759   6640.71871  -6.7065837  -2.7687852  -2.2619659 2026 01 15 02 13 54.67
0  -1617.25926  -1881.52117   6593.97195  -6.6795525  -2.7073799  -2.4125416 2026 01 15 02 14 14.67
0  -1750.55341  -1935.04515   6544.22439  -6.6493193  -2.6448308  -2.5620343 2026 01 15 02 14 34.67
0  -1883.21097  -1987.30702   6491.49838  -6.6158940  -2.5811753  -2.7103758 2026 01 15 02 14 54.67
0  -2015.16820  -2038.28502   6435.81762  -6.5792878  -2.5164510  -2.8574986 2026 01 15 02 15 14.67
0  -2146.36161  -2087.95818   6377.20714  -6.5395136  -2.4506963  -3.0033354 2026 01 15 02 15 34.67
0  -2276.72798  -2136.30625   6315.69334  -6.4965858  -2.3839498  -3.1478198 2026 01 15 02 15 54.67
0  -2406.20441  -2183.30981   6251.30393  -6.4505202  -2.3162506  -3.2908858 2026 01 15 02 16 14.67
0  -2534.72830  -2228.95018   6184.06793  -6.4013344  -2.2476382  -3.4324678 2026 01 15 02 16 34.67
0  -2662.23743  -2273.20950   6114.01566  -6.3490474  -2.1781525  -3.5725011 2026 01 15 02 16 54.67
0  -2788.67000  -2316.07071   6041.17875  -6.2936798  -2.1078337  -3.7109216 2026 01 15 02 17 14.67
0  -2913.96459  -2357.51756   5965.59007  -6.2352536  -2.0367223  -3.8476659 2026 01 15 02 17 34.67
0  -3038.06029  -2397.53459   5887.28380  -6.1737925  -1.9648594  -3.9826713 2026 01 15 02 17 54.67
0  -3160.89662  -2436.10718   5806.29531  -6.1093216  -1.8922859  -4.1158757 2026 01 15 02 18 14.67
0  -3282.41367  -2473.22155   5722.66125  -6.0418675  -1.8190434  -4.2472181 2026 01 15 02 18 34.67
0  -3402.55205  -2508.86472   5636.41946  -5.9714584  -1.7451735  -4.3766380 2026 01 15 02 18 54.67
0  -3521.25296  -2543.02457   5547.60899  -5.8981240  -1.6707182  -4.5040760 2026 01 15 02 19 14.67
0  -3638.45818  -2575.68981   5456.27005  -5.8218952  -1.5957194  -4.6294734 2026 01 15 02 19 34.67
0  -3754.11016  -2606.84999   5362.44405  -5.7428048  -1.5202196  -4.7527724 2026 01 15 02 19 54.67
0  -3868.15201  -2636.49551   5266.17351  -5.6608867  -1.4442611  -4.8739162 2026 01 15 02 20 14.67
0  -3980.52752  -2664.61763   5167.50211  -5.5761765  -1.3678865  -4.9928489 2026 01 15 02 20 34.67
0  -4091.18121  -2691.20845   5066.47461  -5.4887111  -1.2911385  -5.1095156 2026 01 15 02 20 54.67
0  -4200.05837  -2716.26093   4963.13688  -5.3985288  -1.2140599  -5.2238625 2026 01 15 02 21 14.67
0  -4307.10505  -2739.76888   4857.53583  -5.3056693  -1.1366934  -5.3358367 2026 01 15 02 21 34.67
0  -4412.26810  -2761.72698   4749.71945  -5.2101737  -1.0590819  -5.4453865 2026 01 15 02 21 54.67
0  -4515.49525  -2782.13075   4639.73672  -5.1120847  -0.9812683  -5.5524611 2026 01 15 02 22 14.67
0  -4616.73504  -2800.97659   4527.63766  -5.0114459  -0.9032954  -5.6570111 2026 01 15 02 22 34.67
0  -4715.93693  -2818.26172   4413.47324  -4.9083026  -0.8252061  -5.7589879 2026 01 15 02 22 54.67
0  -4813.05130  -2833.98426   4297.29539  -4.8027013  -0.7470431  -5.8583444 2026 01 15 02 23 14.67
0  -4908.02946  -2848.14315   4179.15699  -4.6946897  -0.6688491  -5.9550345 2026 01 15 02 23 34.67
0  -5000.82369  -2860.73820   4059.11181  -4.5843169  -0.5906667  -6.0490134 2026 01 15 02 23 54.67
0  -5091.38727  -2871.77007   3937.21451  -4.4716331  -0.5125384  -6.1402375 2026 01 15 02 24 14.67
0  -5179.67449  -2881.24026   3813.52063  -4.3566900  -0.4345065  -6.2286644 2026 01 15 02 24 34.67
0  -5265.64068  -2889.15113   3688.08650  -4.2395401  -0.3566130  -6.3142533 2026 01 15 02 24 54.67
0  -5349.24226  -2895.50585   3560.96930  -4.1202375  -0.2789000  -6.3969642 2026 01 15 02 25 14.67
0  -5430.43670  -2900.30846   3432.22697  -3.9988371  -0.2014090  -6.4767590 2026 01 15 02 25 34.67
0  -5509.18262  -2903.56381   3301.91821  -3.8753951  -0.1241816  -6.5536005 2026 01 15 02 25 54.67
0  -5585.43975  -2905.27758   3170.10243  -3.7499687  -0.0472590  -6.6274532 2026 01 15 02 26 14.67
0  -5659.16899  -2905.45629   3036.83976  -3.6226164   0.0293180  -6.6982827 2026 01 15 02 26 34.67
0  -5730.33240  -2904.10724   2902.19100  -3.4933974   0.1055088  -6.7660563 2026 01 15 02 26 54.67
0  -5798.89327  -2901.23857   2766.21758  -3.3623722   0.1812731  -6.8307425 2026 01 15 02 27 14.67
0  -5864.81606  -2896.85921   2628.98155  -3.2296021   0.2565711  -6.8923115 2026 01 15 02 27 34.67
0  -5928.06651  -2890.97887   2490.54555  -3.0951494   0.3313633  -6.9507347 2026 01 15 02 27 54.67
0  -5988.61160  -2883.60807   2350.97275  -2.9590773   0.4056106  -7.0059850 2026 01 15 02 28 14.67
0  -6046.41958  -2874.75808   2210.32689  -2.8214500   0.4792744  -7.0580372 2026 01 15 02 28 34.67
0  -6101.45998  -2864.44097   2068.67216  -2.6823323   0.5523164  -7.1068670 2026 01 15 02 28 54.67
0  -6153.70366  -2852.66955   1926.07324  -2.5417902   0.6246989  -7.1524522 2026 01 15 02 29 14.67
0  -6203.12280  -2839.45738   1782.59523  -2.3998900   0.6963847  -7.1947717 2026 01 15 02 29 34.67
0  -6249.69090  -2824.81876   1638.30365  -2.2566992   0.7673371  -7.2338061 2026 01 15 02 29 54.67
0  -6293.38283  -2808.76872   1493.26438  -2.1122857   0.8375199  -7.2695378 2026 01 15 02 30 14.67
0  -6334.17482  -2791.32302   1347.54364  -1.9667183   0.9068974  -7.3019503 2026 01 15 02 30 34.67
0  -6372.04449  -2772.49810   1201.20796  -1.8200663   0.9754347  -7.3310291 2026 01 15 02 30 54.67
0  -6406.97085  -2752.31113   1054.32415  -1.6723996   1.0430971  -7.3567610 2026 01 15 02 31 14.67
0  -6438.93429  -2730.77994    906.95927  -1.5237887   1.1098510  -7.3791346 2026 01 15 02 31 34.67
0  -6467.91666  -2707.92303    759.18059  -1.3743048   1.1756630  -7.3981400 2026 01 15 02 31 54.67
0  -6493.90120  -2683.75956    611.05555  -1.2240192   1.2405007  -7.4137688 2026 01 15 02 32 14.67
0  -6516.87260  -2658.30935    462.65176  -1.0730039   1.3043320  -7.4260144 2026 01 15 02 32 34.67
0  -6536.81699  -2631.59284    314.03694  -0.9213315   1.3671259  -7.4348718 2026 01 15 02 32 54.67
0  -6553.72195  -2603.63108    165.27889  -0.7690746   1.4288517  -7.4403374 2026 01 15 02 33 14.67
0  -6567.57653  -2574.44572     16.44546  -0.6163063   1.4894798  -7.4424094 2026 01 15 02 33 34.67
0  -6578.37123  -2544.05903   -132.39546  -0.4631001   1.5489810  -7.4410875 2026 01 15 02 33 54.67
0  -6586.09803  -2512.49382   -281.17601  -0.3095295   1.6073270  -7.4363732 2026 01 15 02 34 14.67
0  -6590.75038  -2479.77347   -429.82837  -0.1556685   1.6644903  -7.4282693 2026 01 15 02 34 34.67
0  -6592.32322  -2445.92190   -578.28479  -0.0015912   1.7204441  -7.4167806 2026 01 15 02 34 54.67
0  -6590.81295  -2410.96357   -726.47762   0.1526284   1.7751625  -7.4019131 2026 01 15 02 35 14.67
0  -6586.21749  -2374.92344   -874.33938   0.3069158   1.8286203  -7.3836746 2026 01 15 02 35 34.67
0  -6578.53620  -2337.82696  -1021.80273   0.4611969   1.8807930  -7.3620746 2026 01 15 02 35 54.67
0  -6567.76998  -2299.70008  -1168.80055   0.6153971   1.9316573  -7.3371239 2026 01 15 02 36 14.67
0  -6553.92118  -2260.56919  -1315.26594   0.7694422   1.9811904  -7.3088352 2026 01 15 02 36 34.67
0  -6536.99363  -2220.46113  -1461.13229   0.9232578   2.0293704  -7.2772225 2026 01 15 02 36 54.67
0  -6516.99269  -2179.40318  -1606.33327   1.0767699   2.0761765  -7.2423014 2026 01 15 02 37 14.67
0  -6493.92515  -2137.42302  -1750.80287   1.2299044   2.1215884  -7.2040892 2026 01 15 02 37 34.67
0  -6467.79931  -2094.54873  -1894.47548   1.3825873   2.1655870  -7.1626045 2026 01 15 02 37 54.67
0  -6438.62494  -2050.80875  -2037.28582   1.5347452   2.2081539  -7.1178677 2026 01 15 02 38 14.67
0  -6406.41327  -2006.23191  -2179.16909   1.6863045   2.2492717  -7.0699006 2026 01 15 02 38 34.67
0  -6371.17701  -1960.84734  -2320.06089   1.8371922   2.2889239  -7.0187263 2026 01 15 02 38 54.67
0  -6332.93032  -1914.68452  -2459.89734   1.9873355   2.3270947  -6.9643696 2026 01 15 02 39 14.67
0  -6291.68881  -1867.77322  -2598.61504   2.1366620   2.3637695  -6.9068568 2026 01 15 02 39 34.67
0  -6247.46954  -1820.14351  -2736.15115   2.2850998   2.3989344  -6.8462154 2026 01 15 02 39 54.67
0  -6200.29099  -1771.82571  -2872.44339   2.4325773   2.4325766  -6.7824746 2026 01 15 02 40 14.67
0  -6150.17310  -1722.85039  -3007.43006   2.5790235   2.4646842  -6.7156649 2026 01 15 02 40 34.67
0  -6097.13718  -1673.24837  -3141.05012   2.7243678   2.4952459  -6.6458181 2026 01 15 02 40 54.67
0  -6041.20598  -1623.05066  -3273.24314   2.8685402   2.5242519  -6.5729675 2026 01 15 02 41 14.67
0  -5982.40363  -1572.28847  -3403.94940   3.0114712   2.5516929  -6.4971478 2026 01 15 02 41 34.67
0  -5920.75564  -1520.99318  -3533.10988   3.1530922   2.5775606  -6.4183949 2026 01 15 02 41 54.67
0  -5856.28891  -1469.19634  -3660.66627   3.2933349   2.6018478  -6.3367461 2026 01 15 02 42 14.67
0  -5789.03168  -1416.92961  -3786.56105   3.4321320   2.6245480  -6.2522399 2026 01 15 02 42 34.67
0  -5719.01351  -1364.22480  -3910.73746   3.5694166   2.6456559  -6.1649162 2026 01 15 02 42 54.67
0  -5646.26533  -1311.11380  -4033.13957   3.7051228   2.6651670  -6.0748160 2026 01 15 02 43 14.67
0  -5570.81935  -1257.62857  -4153.71226   3.8391854   2.6830777  -5.9819817 2026 01 15 02 43 34.67
0  -5492.70910  -1203.80116  -4272.40129   3.9715401   2.6993852  -5.8864567 2026 01 15 02 43 54.67
0  -5411.96936  -1149.66365  -4389.15329   4.1021231   2.7140880  -5.7882858 2026 01 15 02 44 14.67
0  -5328.63620  -1095.24814  -4503.91579   4.2308720   2.7271852  -5.6875147 2026 01 15 02 44 34.67
0  -5242.74692  -1040.58675  -4616.63726   4.3577249   2.7386770  -5.5841904 2026 01 15 02 44 54.67
0  -5154.34005   -985.71156  -4727.26712   4.4826209   2.7485643  -5.4783611 2026 01 15 02 45 14.67
0  -5063.45532   -930.65466  -4835.75576   4.6055002   2.7568491  -5.3700757 2026 01 15 02 45 34.67
0  -4970.13367   -875.44807  -4942.05455   4.7263039   2.7635343  -5.2593845 2026 01 15 02 45 54.67
0  -4874.41717   -820.12374  -5046.11589   4.8449741   2.7686235  -5.1463387 2026 01 15 02 46 14.67
0  -4776.34909   -764.71355  -5147.89320   4.9614538   2.7721215  -5.0309906 2026 01 15 02 46 34.67
0  -4675.97377   -709.24927  -5247.34098   5.0756874   2.7740336  -4.9133931 2026 01 15 02 46 54.67
0  -4573.33670   -653.76255  -5344.41477   5.1876200   2.7743664  -4.7936006 2026 01 15 02 47 14.67
0  -4468.48442   -598.28491  -5439.07122   5.2971981   2.7731270  -4.6716680 2026 01 15 02 47 34.67
0  -4361.46456   -542.84771  -5531.26808   5.4043692   2.7703236  -4.5476512 2026 01 15 02 47 54.67
0  -4252.32577   -487.48214  -5620.96425   5.5090820   2.7659651  -4.4216071 2026 01 15 02 48 14.67
0  -4141.11773   -432.21922  -5708.11973   5.6112862   2.7600612  -4.2935931 2026 01 15 02 48 34.67
0  -4027.89108   -377.08973  -5792.69574   5.7109329   2.7526228  -4.1636678 2026 01 15 02 48 54.67
0  -3912.69747   -322.12427  -5874.65461   5.8079744   2.7436611  -4.0318904 2026 01 15 02 49 14.67
0  -3795.58946   -267.35317  -5953.95992   5.9023641   2.7331884  -3.8983208 2026 01 15 02 49 34.67
0  -3676.62054   -212.80652  -6030.57642   5.9940567   2.7212178  -3.7630196 2026 01 15 02 49 54.67
0  -3555.84510   -158.51415  -6104.47010   6.0830083   2.7077632  -3.6260483 2026 01 15 02 50 14.67
0  -3433.31838   -104.50558  -6175.60816   6.1691761   2.6928391  -3.4874688 2026 01 15 02 50 34.67
0  -3309.09648    -50.81007  -6243.95907   6.2525187   2.6764609  -3.3473439 2026 01 15 02 50 54.67
0  -3183.23631      2.54348  -6309.49255   6.3329960   2.6586448  -3.2057368 2026 01 15 02 51 14.67
0  -3055.79556     55.52647  -6372.17960   6.4105691   2.6394076  -3.0627114 2026 01 15 02 51 34.67
0  -2926.83269    108.11065  -6431.99249   6.4852008   2.6187669  -2.9183320 2026 01 15 02 51 54.67
0  -2796.40688    160.26813  -6488.90479   6.5568549   2.5967411  -2.7726637 2026 01 15 02 52 14.67
0  -2664.57806    211.97141  -6542.89137   6.6254968   2.5733492  -2.6257719 2026 01 15 02 52 34.67
0  -2531.40678    263.19335  -6593.92842   6.6910931   2.5486108  -2.4777225 2026 01 15 02 52 54.67
0  -2396.95429    313.90723  -6641.99346   6.7536119   2.5225463  -2.3285818 2026 01 15 02 53 14.67
0  -2261.28243    364.08674  -6687.06531   6.8130229   2.4951768  -2.1784167 2026 01 15 02 53 34.67
0  -2124.45368    413.70598  -6729.12417   6.8692969   2.4665239  -2.0272942 2026 01 15 02 53 54.67
0  -1986.53103    462.73953  -6768.15156   6.9224062   2.4366100  -1.8752819 2026 01 15 02 54 14.67
0  -1847.57805    511.16237  -6804.13035   6.9723248   2.4054579  -1.7224476 2026 01 15 02 54 34.67
0  -1707.65880    558.94999  -6837.04480   7.0190279   2.3730912  -1.5688595 2026 01 15 02 54 54.67
0  -1566.83783    606.07832  -6866.88050   7.0624922   2.3395340  -1.4145860 2026 01 15 02 55 14.67
0  -1425.18014    652.52382  -6893.62444   7.1026960   2.3048110  -1.2596957 2026 01 15 02 55 34.67
0  -1282.75114    698.26340  -6917.26496   7.1396190   2.2689473  -1.1042576 2026 01 15 02 55 54.67
0  -1139.61663    743.27452  -6937.79180   7.1732423   2.2319689  -0.9483408 2026 01 15 02 56 14.67
0   -995.84280    787.53514  -6955.19608   7.2035486   2.1939019  -0.7920145 2026 01 15 02 56 34.67
0   -851.49614    831.02375  -6969.47030   7.2305221   2.1547732  -0.6353481 2026 01 15 02 56 54.67
0   -706.64345    873.71940  -6980.60835   7.2541486   2.1146101  -0.4784111 2026 01 15 02 57 14.67
0   -561.35180    915.60168  -6988.60552   7.2744151   2.0734403  -0.3212731 2026 01 15 02 57 34.67
0   -415.68852    956.65072  -6993.45847   7.2913104   2.0312920  -0.1640037 2026 01 15 02 57 54.67
0   -269.72113    996.84725  -6995.16529   7.3048248   1.9881940  -0.0066727 2026 01 15 02 58 14.67
0   -123.51732   1036.17256  -6993.72543   7.3149500   1.9441754   0.1506504 2026 01 15 02 58 34.67
0     22.85504   1074.60854  -6989.13975   7.3216794   1.8992656   0.3078958 2026 01 15 02 58 54.67
0    169.32798   1112.13765  -6981.41051   7.3250077   1.8534945   0.4649939 2026 01 15 02 59 14.67
0    315.83345   1148.74298  -6970.54133   7.3249314   1.8068924   0.6218752 2026 01 15 02 59 34.67
0    462.30332   1184.40820  -6956.53725   7.3214483   1.7594900   0.7784702 2026 01 15 02 59 54.67
0    608.66945   1219.11763  -6939.40469   7.3145580   1.7113182   0.9347097 2026 01 15 03 00 14.67
0    754.86370   1252.85619  -6919.15145   7.3042614   1.6624084   1.0905246 2026 01 15 03 00 34.67
0    900.81797   1285.60943  -6895.78672   7.2905610   1.6127921   1.2458458 2026 01 15 03 00 54.67
0   1046.46422   1317.36354  -6869.32106   7.2734610   1.5625012   1.4006046 2026 01 15 03 01 14.67
0   1191.73451   1348.10534  -6839.76639   7.2529670   1.5115679   1.5547326 2026 01 15 03 01 34.67
0   1336.56102   1377.82233  -6807.13603   7.2290861   1.4600246   1.7081614 2026 01 15 03 01 54.67
0   1480.87611   1406.50261  -6771.44463   7.2018270   1.4079040   1.8608231 2026 01 15 03 02 14.67
0   1624.61231   1434.13498  -6732.70821   7.1712001   1.3552390   2.0126500 2026 01 15 03 02 34.67
0   1767.70237   1460.70887  -6690.94415   7.1372170   1.3020626   2.1635750 2026 01 15 03 02 54.67
0   1910.07930   1486.21440  -6646.17116   7.0998912   1.2484081   2.3135310 2026 01 15 03 03 14.67
0   2051.67640   1510.64232  -6598.40927   7.0592374   1.1943090   2.4624515 2026 01 15 03 03 34.67
0   2192.42726   1533.98410  -6547.67987   7.0152722   1.1397987   2.6102704 2026 01 15 03 03 54.67
0   2332.26583   1556.23183  -6494.00564   6.9680132   1.0849112   2.7569221 2026 01 15 03 04 14.67
0   2471.12643   1577.37831  -6437.41059   6.9174801   1.0296800   2.9023414 2026 01 15 03 04 34.67
0   2608.94378   1597.41702  -6377.92000   6.8636938   0.9741392   3.0464636 2026 01 15 03 04 54.67
0   2745.65303   1616.34209  -6315.56047   6.8066766   0.9183228   3.1892246 2026 01 15 03 05 14.67
0   2881.18982   1634.14835  -6250.35985   6.7464525   0.8622648   3.3305607 2026 01 15 03 05 34.67
0   3015.49024   1650.83132  -6182.34728   6.6830471   0.8059992   3.4704090 2026 01 15 03 05 54.67
0   3148.49095   1666.38718  -6111.55314   6.6164871   0.7495603   3.6087071 2026 01 15 03 06 14.67
0   3280.12913   1680.81281  -6038.00905   6.5468011   0.6929821   3.7453932 2026 01 15 03 06 34.67
0   3410.34255   1694.10576  -5961.74787   6.4740189   0.6362987   3.8804062 2026 01 15 03 06 54.67
0   3539.06961   1706.26427  -5882.80366   6.3981718   0.5795441   4.0136857 2026 01 15 03 07 14.67
0   3666.24933   1717.28726  -5801.21170   6.3192926   0.5227524   4.1451720 2026 01 15 03 07 34.67
0   3791.82141   1727.17433  -5717.00844   6.2374156   0.4659576   4.2748062 2026 01 15 03 07 54.67
0   3915.72624   1735.92575  -5630.23150   6.1525764   0.4091934   4.4025300 2026 01 15 03 08 14.67
0   4037.90497   1743.54247  -5540.91968   6.0648121   0.3524937   4.5282861 2026 01 15 03 08 34.67
0   4158.29945   1750.02611  -5449.11289   5.9741611   0.2958920   4.6520178 2026 01 15 03 08 54.67
0   4276.85236   1755.37898  -5354.85218   5.8806632   0.2394218   4.7736695 2026 01 15 03 09 14.67
0   4393.50717   1759.60404  -5258.17971   5.7843598   0.1831164   4.8931863 2026 01 15 03 09 34.67
0   4508.20820   1762.70492  -5159.13871   5.6852934   0.1270090   5.0105141 2026 01 15 03 09 54.67
0   4620.90061   1764.68590  -5057.77350   5.5835079   0.0711326   5.1255999 2026 01 15 03 10 14.67
0   4731.53049   1765.55193  -4954.12944   5.4790486   0.0155197   5.2383917 2026 01 15 03 10 34.67
0   4840.04482   1765.30861  -4848.25293   5.3719620  -0.0397970   5.3488383 2026 01 15 03 10 54.67
0   4946.39153   1763.96219  -4740.19136   5.2622961  -0.0947854   5.4568895 2026 01 15 03 11 14.67
0   5050.51952   1761.51955  -4629.99315   5.1500998  -0.1494135   5.5624962 2026 01 15 03 11 34.67
0   5152.37870   1757.98822  -4517.70767   5.0354237  -0.2036495   5.6656102 2026 01 15 03 11 54.67
0   5251.91998   1753.37635  -4403.38525   4.9183194  -0.2574622   5.7661847 2026 01 15 03 12 14.67
0   5349.09532   1747.69272  -4287.07712   4.7988396  -0.3108204   5.8641737 2026 01 15 03 12 34.67
0   5443.85775   1740.94673  -4168.83547   4.6770384  -0.3636935   5.9595322 2026 01 15 03 12 54.67
0   5536.16139   1733.14839  -4048.71333   4.5529710  -0.4160511   6.0522167 2026 01 15 03 13 14.67
0   5625.96149   1724.30830  -3926.76461   4.4266936  -0.4678632   6.1421846 2026 01 15 03 13 34.67
0   5713.21443   1714.43767  -3803.04407   4.2982639  -0.5191002   6.2293946 2026 01 15 03 13 54.67
0   5797.87773   1703.54830  -3677.60725   4.1677403  -0.5697330   6.3138065 2026 01 15 03 14 14.67
0   5879.91011   1691.65255  -3550.51052   4.0351824  -0.6197328   6.3953814 2026 01 15 03 14 34.67
0   5959.27150   1678.76338  -3421.81099   3.9006509  -0.6690712   6.4740816 2026 01 15 03 14 54.67
0   6035.92304   1664.89430  -3291.56653   3.7642076  -0.7177203   6.5498707 2026 01 15 03 15 14.67
0   6109.82712   1650.05935  -3159.83571   3.6259150  -0.7656529   6.6227135 2026 01 15 03 15 34.67
0   6180.94739   1634.27315  -3026.67779   3.4858369  -0.8128420   6.6925762 2026 01 15 03 15 54.67
0   6249.24879   1617.55082  -2892.15270   3.3440378  -0.8592612   6.7594264 2026 01 15 03 16 14.67
0   6314.69755   1599.90802  -2756.32101   3.2005833  -0.9048847   6.8232328 2026 01 15 03 16 34.67
0   6377.26122   1581.36093  -2619.24390   3.0555396  -0.9496870   6.8839656 2026 01 15 03 16 54.67
0   6436.90870   1561.92621  -2480.98312   2.9089740  -0.9936434   6.9415963 2026 01 15 03 17 14.67
0   6493.61022   1541.62103  -2341.60098   2.7609545  -1.0367296   6.9960980 2026 01 15 03 17 34.67
0   6547.33740   1520.46303  -2201.16032   2.6115499  -1.0789220   7.0474449 2026 01 15 03 17 54.67
0   6598.06322   1498.47032  -2059.72448   2.4608297  -1.1201976   7.0956129 2026 01 15 03 18 14.67
0   6645.76209   1475.66145  -1917.35728   2.3088643  -1.1605338   7.1405791 2026 01 15 03 18 34.67
0   6690.40979   1452.05543  -1774.12296   2.1557246  -1.1999088   7.1823221 2026 01 15 03 18 54.67
0   6731.98357   1427.67171  -1630.08618   2.0014821  -1.2383014   7.2208222 2026 01 15 03 19 14.67
0   6770.46209   1402.53013  -1485.31199   1.8462092  -1.2756911   7.2560609 2026 01 15 03 19 34.67
0   6805.82546   1376.65095  -1339.86579   1.6899784  -1.3120579   7.2880213 2026 01 15 03 19 54.67
0   6838.05526   1350.05484  -1193.81330   1.5328633  -1.3473825   7.3166879 2026 01 15 03 20 14.67
0   6867.13454   1322.76280  -1047.22054   1.3749375  -1.3816464   7.3420468 2026 01 15 03 20 34.67
0   6893.04784   1294.79625   -900.15378   1.2162755  -1.4148317   7.3640855 2026 01 15 03 20 54.67
0   6915.78117   1266.17692   -752.67954   1.0569519  -1.4469212   7.3827933 2026 01 15 03 21 14.67
0   6935.32205   1236.92690   -604.86453   0.8970419  -1.4778984   7.3981608 2026 01 15 03 21 34.67
0   6951.65951   1207.06859   -456.77564   0.7366209  -1.5077476   7.4101800 2026 01 15 03 21 54.67
0   6964.78408   1176.62470   -308.47990   0.5757647  -1.5364536   7.4188448 2026 01 15 03 22 14.67
0   6974.68783   1145.61824   -160.04445   0.4145494  -1.5640023   7.4241504 2026 01 15 03 22 34.67
0   6981.36432   1114.07250    -11.53651   0.2530514  -1.5903800   7.4260936 2026 01 15 03 22 54.67
0   6984.80868   1082.01101    136.97667   0.0913470  -1.6155739   7.4246728 2026 01 15 03 23 14.67
0   6985.01754   1049.45759    285.42779  -0.0704869  -1.6395720   7.4198878 2026 01 15 03 23 34.67
0   6981.98907   1016.43625    433.74959  -0.2323736  -1.6623630   7.4117403 2026 01 15 03 23 54.67
0   6975.72299    982.97125    581.87485  -0.3942363  -1.6839364   7.4002332 2026 01 15 03 24 14.67
0   6966.22055    949.08705    729.73641  -0.5559979  -1.7042823   7.3853710 2026 01 15 03 24 34.67
0   6953.48454    914.80827    877.26723  -0.7175816  -1.7233919   7.3671601 2026 01 15 03 24 54.67
0   6937.51928    880.15972   1024.40042  -0.8789104  -1.7412570   7.3456080 2026 01 15 03 25 14.67
0   6918.33064    845.16638   1171.06924  -1.0399075  -1.7578702   7.3207240 2026 01 15 03 25 34.67
0   6895.92602    809.85335   1317.20716  -1.2004963  -1.7732248   7.2925189 2026 01 15 03 25 54.67
0   6870.31435    774.24585   1462.74788  -1.3606002  -1.7873152   7.2610051 2026 01 15 03 26 14.67
0   6841.50609    738.36924   1607.62535  -1.5201428  -1.8001362   7.2261964 2026 01 15 03 26 34.67
0   6809.51323    702.24892   1751.77385  -1.6790479  -1.8116837   7.1881082 2026 01 15 03 26 54.67
0   6774.34928    665.91042   1895.12793  -1.8372398  -1.8219543   7.1467575 2026 01 15 03 27 14.67
0   6736.02925    629.37929   2037.62254  -1.9946429  -1.8309454   7.1021628 2026 01 15 03 27 34.67
0   6694.56968    592.68115   2179.19298  -2.1511819  -1.8386551   7.0543438 2026 01 15 03 27 54.67
0   6649.98858    555.84163   2319.77499  -2.3067821  -1.8450826   7.0033222 2026 01 15 03 28 14.67
0   6602.30549    518.88638   2459.30474  -2.4613692  -1.8502276   6.9491208 2026 01 15 03 28 34.67
0   6551.54141    481.84104   2597.71887  -2.6148690  -1.8540908   6.8917640 2026 01 15 03 28 54.67
0   6497.71881    444.73125   2734.95454  -2.7672084  -1.8566735   6.8312776 2026 01 15 03 29 14.67
0   6440.86163    407.58259   2870.94942  -2.9183143  -1.8579780   6.7676890 2026 01 15 03 29 34.67
0   6380.99526    370.42058   3005.64174  -3.0681145  -1.8580073   6.7010269 2026 01 15 03 29 54.67
0   6318.14654    333.27071   3138.97035  -3.2165373  -1.8567652   6.6313214 2026 01 15 03 30 14.67
0   6252.34372    296.15836   3270.87469  -3.3635116  -1.8542562   6.5586042 2026 01 15 03 30 34.67
0   6183.61648    259.10880   3401.29484  -3.5089671  -1.8504858   6.4829080 2026 01 15 03 30 54.67
0   6111.99590    222.14722   3530.17156  -3.6528342  -1.8454601   6.4042673 2026 01 15 03 31 14.67
0   6037.51442    185.29864   3657.44633  -3.7950440  -1.8391860   6.3227177 2026 01 15 03 31 34.67
0   5960.20588    148.58796   3783.06133  -3.9355283  -1.8316712   6.2382962 2026 01 15 03 31 54.67
0   5880.10546    112.03990   3906.95950  -4.0742199  -1.8229242   6.1510411 2026 01 15 03 32 14.67
0   5797.24968     75.67903   4029.08457  -4.2110524  -1.8129543   6.0609920 2026 01 15 03 32 34.67
0   5711.67638     39.52971   4149.38105  -4.3459603  -1.8017712   5.9681898 2026 01 15 03 32 54.67
0   5623.42470      3.61608   4267.79431  -4.4788789  -1.7893859   5.8726766 2026 01 15 03 33 14.67
0   5532.53506    -32.03791   4384.27055  -4.6097445  -1.7758096   5.7744958 2026 01 15 03 33 34.67
0   5439.04915    -67.40858   4498.75688  -4.7384946  -1.7610546   5.6736919 2026 01 15 03 33 54.67
0   5343.00990   -102.47246   4611.20127  -4.8650674  -1.7451338   5.5703108 2026 01 15 03 34 14.67
0   5244.46147   -137.20638   4721.55266  -4.9894023  -1.7280607   5.4643994 2026 01 15 03 34 34.67
0   5143.44920   -171.58744   4829.76092  -5.1114397  -1.7098495   5.3560057 2026 01 15 03 34 54.67
0   5040.01964   -205.59302   4935.77688  -5.2311212  -1.6905154   5.2451790 2026 01 15 03 35 14.67
0   4934.22048   -239.20082   5039.55240  -5.3483895  -1.6700739   5.1319696 2026 01 15 03 35 34.67
0   4826.10055   -272.38885   5141.04032  -5.4631883  -1.6485412   5.0164288 2026 01 15 03 35 54.67
0   4715.70979   -305.13546   5240.19455  -5.5754627  -1.6259345   4.8986091 2026 01 15 03 36 14.67
0   4603.09922   -337.41934   5336.97003  -5.6851588  -1.6022713   4.7785638 2026 01 15 03 36 34.67
0   4488.32095   -369.21954   5431.32280  -5.7922241  -1.5775698   4.6563475 2026 01 15 03 36 54.67
0   4371.42810   -400.51548   5523.20998  -5.8966073  -1.5518490   4.5320156 2026 01 15 03 37 14.67
0   4252.47482   -431.28698   5612.58984  -5.9982582  -1.5251282   4.4056244 2026 01 15 03 37 34.67
0   4131.51625   -461.51423   5699.42175  -6.0971283  -1.4974275   4.2772311 2026 01 15 03 37 54.67
0   4008.60848   -491.17783   5783.66625  -6.1931700  -1.4687675   4.1468940 2026 01 15 03 38 14.67
0   3883.80854   -520.25882   5865.28505  -6.2863372  -1.4391695   4.0146721 2026 01 15 03 38 34.67
0   3757.17436   -548.73865   5944.24107  -6.3765853  -1.4086553   3.8806253 2026 01 15 03 38 54.67
0   3628.76478   -576.59921   6020.49839  -6.4638709  -1.3772470   3.7448142 2026 01 15 03 39 14.67
0   3498.63946   -603.82286   6094.02235  -6.5481520  -1.3449676   3.6073002 2026 01 15 03 39 34.67
0   3366.85889   -630.39240   6164.77952  -6.6293882  -1.3118404   3.4681457 2026 01 15 03 39 54.67
0   3233.48438   -656.29111   6232.73771  -6.7075403  -1.2778892   3.3274136 2026 01 15 03 40 14.67
0   3098.57798   -681.50276   6297.86601  -6.7825708  -1.2431382   3.1851674 2026 01 15 03 40 34.67
0   2962.20248   -706.01159   6360.13477  -6.8544435  -1.2076124   3.0414715 2026 01 15 03 40 54.67
0   2824.42140   -729.80237   6419.51566  -6.9231237  -1.1713368   2.8963909 2026 01 15 03 41 14.67
0   2685.29892   -752.86035   6475.98162  -6.9885783  -1.1343372   2.7499911 2026 01 15 03 41 34.67
0   2544.89987   -775.17131   6529.50694  -7.0507756  -1.0966396   2.6023383 2026 01 15 03 41 54.67
0   2403.28970   -796.72156   6580.06723  -7.1096855  -1.0582706   2.4534991 2026 01 15 03 42 14.67
0   2260.53445   -817.49793   6627.63943  -7.1652795  -1.0192568   2.3035408 2026 01 15 03 42 34.67
0   2116.70070   -837.48781   6672.20183  -7.2175304  -0.9796257   2.1525312 2026 01 15 03 42 54.67
0   1971.85558   -856.67912   6713.73409  -7.2664130  -0.9394048   2.0005383 2026 01 15 03 43 14.67
0   1826.06670   -875.06033   6752.21723  -7.3119032  -0.8986219   1.8476309 2026 01 15 03 43 34.67
0   1679.40212   -892.62051   6787.63365  -7.3539789  -0.8573054   1.6938779 2026 01 15 03 43 54.67
0   1531.93035   -909.34925   6819.96713  -7.3926193  -0.8154837   1.5393488 2026 01 15 03 44 14.67
0   1383.72029   -925.23674   6849.20286  -7.4278055  -0.7731857   1.3841134 2026 01 15 03 44 34.67
0   1234.84120   -940.27375   6875.32739  -7.4595198  -0.7304405   1.2282417 2026 01 15 03 44 54.67
0   1085.36267   -954.45163   6898.32871  -7.4877466  -0.6872774   1.0718041 2026 01 15 03 45 14.67
0    935.35460   -967.76230   6918.19621  -7.5124716  -0.6437260   0.9148712 2026 01 15 03 45 34.67
0    784.88716   -980.19832   6934.92069  -7.5336823  -0.5998161   0.7575139 2026 01 15 03 45 54.67
0    634.03075   -991.75279   6948.49438  -7.5513677  -0.5555777   0.5998032 2026 01 15 03 46 14.67
0    482.85595  -1002.41946   6958.91092  -7.5655186  -0.5110408   0.4418104 2026 01 15 03 46 34.67
0    331.43355  -1012.19266   6966.16537  -7.5761275  -0.4662359   0.2836069 2026 01 15 03 46 54.67
0    179.83445  -1021.06733   6970.25425  -7.5831882  -0.4211934   0.1252641 2026 01 15 03 47 14.67
0     28.12965  -1029.03902   6971.17548  -7.5866967  -0.3759440  -0.0331464 2026 01 15 03 47 34.67
0   -123.60978  -1036.10391   6968.92842  -7.5866502  -0.3305182  -0.1915531 2026 01 15 03 47 54.67
0   -275.31271  -1042.25877   6963.51387  -7.5830478  -0.2849469  -0.3498842 2026 01 15 03 48 14.67
0   -426.90805  -1047.50101   6954.93405  -7.5758903  -0.2392609  -0.5080682 2026 01 15 03 48 34.67
0   -578.32470  -1051.82864   6943.19262  -7.5651801  -0.1934912  -0.6660336 2026 01 15 03 48 54.67
0   -729.49166  -1055.24029   6928.29468  -7.5509211  -0.1476687  -0.8237087 2026 01 15 03 49 14.67
0   -880.33800  -1057.73521   6910.24673  -7.5331192  -0.1018243  -0.9810222 2026 01 15 03 49 34.67
0  -1030.79293  -1059.31328   6889.05673  -7.5117817  -0.0559890  -1.1379029 2026 01 15 03 49 54.67
0  -1180.78584  -1059.97500   6864.73404  -7.4869178  -0.0101938  -1.2942796 2026 01 15 03 50 14.67
0  -1330.24630  -1059.72146   6837.28945  -7.4585381   0.0355305  -1.4500815 2026 01 15 03 50 34.67
0  -1479.10411  -1058.55441   6806.73517  -7.4266551   0.0811530  -1.6052378 2026 01 15 03 50 54.67
0  -1627.28935  -1056.47617   6773.08481  -7.3912829   0.1266430  -1.7596782 2026 01 15 03 51 14.67
0  -1774.73239  -1053.48971   6736.35338  -7.3524371   0.1719698  -1.9133325 2026 01 15 03 51 34.67
0  -1921.36393  -1049.59860   6696.55732  -7.3101352   0.2171029  -2.0661308 2026 01 15 03 51 54.67
0  -2067.11503  -1044.80701   6653.71443  -7.2643962   0.2620118  -2.2180037 2026 01 15 03 52 14.67
0  -2211.91715  -1039.11974   6607.84392  -7.2152406   0.3066663  -2.3688822 2026 01 15 03 52 34.67
0  -2355.70220  -1032.54217   6558.96635  -7.1626909   0.3510362  -2.5186975 2026 01 15 03 52 54.67
0  -2498.40251  -1025.08029   6507.10369  -7.1067709   0.3950917  -2.6673813 2026 01 15 03 53 14.67
0  -2639.95094  -1016.74069   6452.27922  -7.0475061   0.4388030  -2.8148660 2026 01 15 03 53 34.67
0  -2780.28086  -1007.53055   6394.51762  -6.9849237   0.4821407  -2.9610842 2026 01 15 03 53 54.67
0  -2919.32620   -997.45763   6333.84487  -6.9190524   0.5250755  -3.1059691 2026 01 15 03 54 14.67
0  -3057.02148   -986.53028   6270.28831  -6.8499225   0.5675784  -3.2494547 2026 01 15 03 54 34.67
0  -3193.30186   -974.75743   6203.87658  -6.7775660   0.6096207  -3.3914752 2026 01 15 03 54 54.67
0  -3328.10312   -962.14857   6134.63962  -6.7020161   0.6511740  -3.5319658 2026 01 15 03 55 14.67
0  -3461.36175   -948.71377   6062.60869  -6.6233080   0.6922101  -3.6708621 2026 01 15 03 55 34.67
0  -3593.01495   -934.46364   5987.81630  -6.5414782   0.7327013  -3.8081004 2026 01 15 03 55 54.67
0  -3723.00065   -919.40937   5910.29624  -6.4565648   0.7726202  -3.9436180 2026 01 15 03 56 14.67
0  -3851.25759   -903.56266   5830.08355  -6.3686072   0.8119397  -4.0773525 2026 01 15 03 56 34.67
0  -3977.72529   -886.93577   5747.21451  -6.2776466   0.8506330  -4.2092425 2026 01 15 03 56 54.67
0  -4102.34410   -869.54150   5661.72661  -6.1837254   0.8886739  -4.3392276 2026 01 15 03 57 14.67
0  -4225.05526   -851.39314   5573.65855  -6.0868877   0.9260366  -4.4672478 2026 01 15 03 57 34.67
0  -4345.80088   -832.50452   5483.05022  -5.9871788   0.9626955  -4.5932444 2026 01 15 03 57 54.67
0  -4464.52400   -812.88996   5389.94267  -5.8846456   0.9986257  -4.7171592 2026 01 15 03 58 14.67
0  -4581.16862   -792.56429   5294.37811  -5.7793362   1.0338026  -4.8389351 2026 01 15 03 58 34.67
0  -4695.67972   -771.54281   5196.39987  -5.6713004   1.0682021  -4.9585161 2026 01 15 03 58 54.67
0  -4808.00325   -749.84130   5096.05242  -5.5605889   1.1018007  -5.0758470 2026 01 15 03 59 14.67
0  -4918.08624   -727.47602   4993.38129  -5.4472542   1.1345753  -5.1908735 2026 01 15 03 59 34.67
0  -5025.87675   -704.46368   4888.43310  -5.3313498   1.1665034  -5.3035425 2026 01 15 03 59 54.67
0  -5131.32393   -680.82141   4781.25554  -5.2129305   1.1975630  -5.4138020 2026 01 15 04 00 14.67
0  -5234.37805   -656.56681   4671.89729  -5.0920525   1.2277326  -5.5216009 2026 01 15 04 00 34.67
0  -5334.99049   -631.71790   4560.40807  -4.9687732   1.2569913  -5.6268894 2026 01 15 04 00 54.67
0  -5433.11382   -606.29308   4446.83858  -4.8431510   1.2853189  -5.7296186 2026 01 15 04 01 14.67
0  -5528.70178   -580.31118   4331.24049  -4.7152458   1.3126957  -5.8297411 2026 01 15 04 01 34.67
0  -5621.70930   -553.79141   4213.66639  -4.5851184   1.3391024  -5.9272104 2026 01 15 04 01 54.67
0  -5712.09257   -526.75336   4094.16979  -4.4528308   1.3645208  -6.0219814 2026 01 15 04 02 14.67
0  -5799.80900   -499.21697   3972.80512  -4.3184461   1.3889328  -6.1140101 2026 01 15 04 02 34.67
0  -5884.81730   -471.20254   3849.62763  -4.1820285   1.4123214  -6.2032538 2026 01 15 04 02 54.67
0  -5967.07745   -442.73072   3724.69346  -4.0436432   1.4346700  -6.2896711 2026 01 15 04 03 14.67
0  -6046.55077   -413.82245   3598.05953  -3.9033563   1.4559626  -6.3732220 2026 01 15 04 03 34.67
0  -6123.19987   -384.49901   3469.78355  -3.7612349   1.4761842  -6.4538676 2026 01 15 04 03 54.67
0  -6196.98877   -354.78197   3339.92402  -3.6173472   1.4953201  -6.5315706 2026 01 15 04 04 14.67
0  -6267.88281   -324.69318   3208.54015  -3.4717620   1.5133567  -6.6062949 2026 01 15 04 04 34.67
0  -6335.84875   -294.25476   3075.69185  -3.3245492   1.5302808  -6.6780059 2026 01 15 04 04 54.67
0  -6400.85473   -263.48909   2941.43974  -3.1757795   1.5460799  -6.7466703 2026 01 15 04 05 14.67
0  -6462.87033   -232.41878   2805.84506  -3.0255242   1.5607426  -6.8122563 2026 01 15 04 05 34.67
0  -6521.86656   -201.06667   2668.96968  -2.8738556   1.5742577  -6.8747336 2026 01 15 04 05 54.67
0  -6577.81587   -169.45582   2530.87609  -2.7208465   1.5866152  -6.9340732 2026 01 15 04 06 14.67
0  -6630.69220   -137.60947   2391.62730  -2.5665705   1.5978057  -6.9902477 2026 01 15 04 06 34.67
0  -6680.47095   -105.55106   2251.28688  -2.4111017   1.6078204  -7.0432312 2026 01 15 04 06 54.67
0  -6727.12900    -73.30417   2109.91890  -2.2545151   1.6166515  -7.0929993 2026 01 15 04 07 14.67
0  -6770.64476    -40.89257   1967.58790  -2.0968859   1.6242918  -7.1395290 2026 01 15 04 07 34.67
0  -6810.99813     -8.34011   1824.35887  -1.9382901   1.6307349  -7.1827990 2026 01 15 04 07 54.67
0  -6848.17053     24.32918   1680.29719  -1.7788039   1.6359754  -7.2227894 2026 01 15 04 08 14.67
0  -6882.14494     57.09122   1535.46865  -1.6185042   1.6400082  -7.2594820 2026 01 15 04 08 34.67
0  -6912.90584     89.92180   1389.93938  -1.4574682   1.6428295  -7.2928601 2026 01 15 04 08 54.67
0  -6940.43929    122.79666   1243.77581  -1.2957733   1.6444360  -7.3229086 2026 01 15 04 09 14.67
0  -6964.73289    155.69148   1097.04469  -1.1334975   1.6448252  -7.3496139 2026 01 15 04 09 34.67
0  -6985.77581    188.58189    949.81299  -0.9707189   1.6439956  -7.3729640 2026 01 15 04 09 54.67
0  -7003.55876    221.44352    802.14793  -0.8075158   1.6419462  -7.3929486 2026 01 15 04 10 14.67
0  -7018.07405    254.25195    654.11691  -0.6439668   1.6386771  -7.4095590 2026 01 15 04 10 34.67
0  -7029.31554    286.98281    505.78749  -0.4801505   1.6341888  -7.4227879 2026 01 15 04 10 54.67
0  -7037.27868    319.61172    357.22735  -0.3161458   1.6284831  -7.4326299 2026 01 15 04 11 14.67
0  -7041.96049    352.11436    208.50428  -0.1520315   1.6215621  -7.4390810 2026 01 15 04 11 34.67
0  -7043.35956    384.46645     59.68612   0.0121135   1.6134291  -7.4421390 2026 01 15 04 11 54.67
0  -7041.47607    416.64378    -89.15925   0.1762104   1.6040879  -7.4418030 2026 01 15 04 12 14.67
0  -7036.31177    448.62225   -237.96397   0.3401804   1.5935432  -7.4380740 2026 01 15 04 12 34.67
0  -7027.86999    480.37782   -386.66019   0.5039448   1.5818006  -7.4309545 2026 01 15 04 12 54.67
0  -7016.15563    511.88662   -535.18014   0.6674251   1.5688663  -7.4204486 2026 01 15 04 13 14.67
0  -7001.17514    543.12486   -683.45616   0.8305430   1.5547473  -7.4065621 2026 01 15 04 13 34.67
0  -6982.93656    574.06894   -831.42068   0.9932204   1.5394514  -7.3893022 2026 01 15 04 13 54.67
0  -6961.44949    604.69540   -979.00635   1.1553794   1.5229873  -7.3686779 2026 01 15 04 14 14.67
0  -6936.72506    634.98097  -1126.14596   1.3169426   1.5053644  -7.3446997 2026 01 15 04 14 34.67
0  -6908.77596    664.90257  -1272.77257   1.4778328   1.4865926  -7.3173796 2026 01 15 04 14 54.67
0  -6877.61642    694.43733  -1418.81946   1.6379733   1.4666829  -7.2867314 2026 01 15 04 15 14.67
0  -6843.26221    723.56261  -1564.22022   1.7972877   1.4456469  -7.2527701 2026 01 15 04 15 34.67
0  -6805.73060    752.25601  -1708.90876   1.9557003   1.4234969  -7.2155125 2026 01 15 04 15 54.67
0  -6765.04038    780.49537  -1852.81933   2.1131357   1.4002459  -7.1749771 2026 01 15 04 16 14.67
0  -6721.21185    808.25881  -1995.88657   2.2695191   1.3759078  -7.1311834 2026 01 15 04 16 34.67
0  -6674.26679    835.52473  -2138.04553   2.4247764   1.3504971  -7.0841530 2026 01 15 04 16 54.67
0  -6624.22845    862.27184  -2279.23169   2.5788341   1.3240288  -7.0339086 2026 01 15 04 17 14.67
0  -6571.12157    888.47913  -2419.38102   2.7316193   1.2965190  -6.9804745 2026 01 15 04 17 34.67
0  -6514.97231    914.12595  -2558.42999   2.8830598   1.2679841  -6.9238765 2026 01 15 04 17 54.67
0  -6455.80829    939.19195  -2696.31557   3.0330842   1.2384414  -6.8641419 2026 01 15 04 18 14.67
0  -6393.65853    963.65717  -2832.97534   3.1816219   1.2079088  -6.8012993 2026 01 15 04 18 34.67
0  -6328.55347    987.50199  -2968.34741   3.3286031   1.1764047  -6.7353788 2026 01 15 04 18 54.67
0  -6260.52493   1010.70717  -3102.37056   3.4739587   1.1439484  -6.6664119 2026 01 15 04 19 14.67
0  -6189.60610   1033.25386  -3234.98418   3.6176207   1.1105596  -6.5944314 2026 01 15 04 19 34.67
0  -6115.83153   1055.12362  -3366.12833   3.7595219   1.0762588  -6.5194717 2026 01 15 04 19 54.67
0  -6039.23711   1076.29841  -3495.74380   3.8995959   1.0410668  -6.4415683 2026 01 15 04 20 14.67
0  -5959.86002   1096.76063  -3623.77206   4.0377776   1.0050053  -6.3607580 2026 01 15 04 20 34.67
0  -5877.73876   1116.49310  -3750.15537   4.1740027   0.9680964  -6.2770790 2026 01 15 04 20 54.67
0  -5792.91309   1135.47911  -3874.83674   4.3082078   0.9303628  -6.1905709 2026 01 15 04 21 14.67
0  -5705.42404   1153.70239  -3997.76000   4.4403310   0.8918277  -6.1012743 2026 01 15 04 21 34.67
0  -5615.31386   1171.14715  -4118.86979   4.5703109   0.8525148  -6.0092312 2026 01 15 04 21 54.67
0  -5522.62602   1187.79807  -4238.11161   4.6980878   0.8124484  -5.9144848 2026 01 15 04 22 14.67
0  -5427.40516   1203.64034  -4355.43185   4.8236027   0.7716533  -5.8170793 2026 01 15 04 22 34.67
0  -5329.69711   1218.65962  -4470.77776   4.9467980   0.7301547  -5.7170603 2026 01 15 04 22 54.67
0  -5229.54882   1232.84211  -4584.09755   5.0676172   0.6879783  -5.6144744 2026 01 15 04 23 14.67
0  -5127.00837   1246.17450  -4695.34036   5.1860052   0.6451503  -5.5093693 2026 01 15 04 23 34.67
0  -5022.12492   1258.64404  -4804.45628   5.3019078   0.6016971  -5.4017939 2026 01 15 04 23 54.67
0  -4914.94871   1270.23849  -4911.39641   5.4152723   0.5576459  -5.2917981 2026 01 15 04 24 14.67
0  -4805.53102   1280.94615  -5016.11285   5.5260473   0.5130239  -5.1794327 2026 01 15 04 24 34.67
0  -4693.92414   1290.75590  -5118.55872   5.6341827   0.4678590  -5.0647496 2026 01 15 04 24 54.67
0  -4580.18136   1299.65716  -5218.68820   5.7396295   0.4221794  -4.9478018 2026 01 15 04 25 14.67
0  -4464.35691   1307.63991  -5316.45652   5.8423403   0.3760134  -4.8286432 2026 01 15 04 25 34.67
0  -4346.50600   1314.69471  -5411.82003   5.9422690   0.3293899  -4.7073283 2026 01 15 04 25 54.67
0  -4226.68469   1320.81272  -5504.73614   6.0393709   0.2823381  -4.5839131 2026 01 15 04 26 14.67
0  -4104.94998   1325.98564  -5595.16342   6.1336025   0.2348874  -4.4584538 2026 01 15 04 26 34.67
0  -3981.35968   1330.20581  -5683.06155   6.2249220   0.1870674  -4.3310080 2026 01 15 04 26 54.67
0  -3855.97244   1333.46613  -5768.39139   6.3132888   0.1389083  -4.2016338 2026 01 15 04 27 14.67
0  -3728.84771   1335.76013  -5851.11496   6.3986638   0.0904401  -4.0703902 2026 01 15 04 27 34.67
0  -3600.04571   1337.08192  -5931.19545   6.4810095   0.0416934  -3.9373369 2026 01 15 04 27 54.67
0  -3469.62738   1337.42625  -6008.59729   6.5602896  -0.0073012  -3.8025344 2026 01 15 04 28 14.67
0  -3337.65439   1336.78846  -6083.28610   6.6364695  -0.0565128  -3.6660439 2026 01 15 04 28 34.67
0  -3204.18906   1335.16453  -6155.22873   6.7095160  -0.1059105  -3.5279271 2026 01 15 04 28 54.67
0  -3069.29440   1332.55103  -6224.39328   6.7793974  -0.1554629  -3.3882466 2026 01 15 04 29 14.67
0  -2933.03400   1328.94520  -6290.74911   6.8460835  -0.2051389  -3.2470655 2026 01 15 04 29 34.67
0  -2795.47207   1324.34488  -6354.26684   6.9095456  -0.2549069  -3.1044474 2026 01 15 04 29 54.67
0  -2656.67334   1318.74853  -6414.91837   6.9697566  -0.3047353  -2.9604567 2026 01 15 04 30 14.67
0  -2516.70311   1312.15527  -6472.67689   7.0266910  -0.3545927  -2.8151581 2026 01 15 04 30 34.67
0  -2375.62715   1304.56483  -6527.51690   7.0803246  -0.4044471  -2.6686169 2026 01 15 04 30 54.67
0  -2233.51171   1295.97760  -6579.41420   7.1306348  -0.4542670  -2.5208988 2026 01 15 04 31 14.67
0  -2090.42345   1286.39458  -6628.34592   7.1776009  -0.5040204  -2.3720702 2026 01 15 04 31 34.67
0  -1946.42947   1275.81741  -6674.29050   7.2212032  -0.5536755  -2.2221976 2026 01 15 04 31 54.67
0  -1801.59722   1264.24839  -6717.22775   7.2614240  -0.6032007  -2.0713482 2026 01 15 04 32 14.67
0  -1655.99450   1251.69042  -6757.13878   7.2982471  -0.6525640  -1.9195892 2026 01 15 04 32 34.67
0  -1509.68940   1238.14707  -6794.00610   7.3316576  -0.7017337  -1.7669885 2026 01 15 04 32 54.67
0  -1362.75033   1223.62252  -6827.81354   7.3616424  -0.7506782  -1.6136141 2026 01 15 04 33 14.67
0  -1215.24590   1208.12159  -6858.54631   7.3881901  -0.7993657  -1.4595344 2026 01 15 04 33 34.67
0  -1067.24496   1191.64974  -6886.19099   7.4112905  -0.8477648  -1.3048179 2026 01 15 04 33 54.67
0   -918.81656   1174.21305  -6910.73553   7.4309353  -0.8958440  -1.1495335 2026 01 15 04 34 14.67
0   -770.02986   1155.81823  -6932.16926   7.4471177  -0.9435721  -0.9937503 2026 01 15 04 34 34.67
0   -620.95418   1136.47262  -6950.48290   7.4598323  -0.9909178  -0.8375374 2026 01 15 04 34 54.67
0   -471.65892   1116.18417  -6965.66855   7.4690755  -1.0378501  -0.6809641 2026 01 15 04 35 14.67
0   -322.21352   1094.96147  -6977.71969   7.4748452  -1.0843383  -0.5241000 2026 01 15 04 35 34.67
0   -172.68746   1072.81369  -6986.63120   7.4771409  -1.1303517  -0.3670147 2026 01 15 04 35 54.67
0    -23.15022   1049.75065  -6992.39935   7.4759636  -1.1758599  -0.2097777 2026 01 15 04 36 14.67
0    126.32877   1025.78274  -6995.02181   7.4713159  -1.2208326  -0.0524587 2026 01 15 04 36 34.67
0    275.68013   1000.92098  -6994.49763   7.4632020  -1.2652399   0.1048726 2026 01 15 04 36 54.67
0    424.83460    975.17697  -6990.82726   7.4516276  -1.3090522   0.2621465 2026 01 15 04 37 14.67
0    573.72303    948.56291  -6984.01255   7.4366000  -1.3522399   0.4192935 2026 01 15 04 37 34.67
0    722.27645    921.09158  -6974.05673   7.4181282  -1.3947741   0.5762438 2026 01 15 04 37 54.67
0    870.42607    892.77634  -6960.96442   7.3962224  -1.4366258   0.7329282 2026 01 15 04 38 14.67
0   1018.10333    863.63113  -6944.74165   7.3708947  -1.4777666   0.8892772 2026 01 15 04 38 34.67
0   1165.23992    833.67045  -6925.39580   7.3421585  -1.5181683   1.0452217 2026 01 15 04 38 54.67
0   1311.76781    802.90935  -6902.93567   7.3100289  -1.5578031   1.2006926 2026 01 15 04 39 14.67
0   1457.61931    771.36345  -6877.37141   7.2745224  -1.5966437   1.3556211 2026 01 15 04 39 34.67
0   1602.72704    739.04891  -6848.71456   7.2356571  -1.6346630   1.5099388 2026 01 15 04 39 54.67
0   1747.02403    705.98242  -6816.97801   7.1934525  -1.6718345   1.6635771 2026 01 15 04 40 14.67
0   1890.44370    672.18120  -6782.17604   7.1479298  -1.7081318   1.8164682 2026 01 15 04 40 34.67
0   2032.91991    637.66299  -6744.32427   7.0991115  -1.7435293   1.9685442 2026 01 15 04 40 54.67
0   2174.38698    602.44604  -6703.43968   7.0470217  -1.7780016   2.1197378 2026 01 15 04 41 14.67
0   2314.77974    566.54910  -6659.54058   6.9916859  -1.8115239   2.2699819 2026 01 15 04 41 34.67
0   2454.03352    529.99142  -6612.64664   6.9331311  -1.8440719   2.4192099 2026 01 15 04 41 54.67
0   2592.08424    492.79273  -6562.77884   6.8713858  -1.8756217   2.5673556 2026 01 15 04 42 14.67
0   2728.86838    454.97321  -6509.95948   6.8064798  -1.9061500   2.7143531 2026 01 15 04 42 34.67
0   2864.32303    416.55355  -6454.21219   6.7384446  -1.9356339   2.8601372 2026 01 15 04 42 54.67
0   2998.38594    377.55483  -6395.56188   6.6673128  -1.9640512   3.0046431 2026 01 15 04 43 14.67
0   3130.99552    337.99863  -6334.03477   6.5931185  -1.9913801   3.1478063 2026 01 15 04 43 34.67
0   3262.09085    297.90691  -6269.65834   6.5158975  -2.0175996   3.2895633 2026 01 15 04 43 54.67
0   3391.61179    257.30207  -6202.46136   6.4356865  -2.0426889   3.4298507 2026 01 15 04 44 14.67
0   3519.49891    216.20691  -6132.47384   6.3525238  -2.0666282   3.5686061 2026 01 15 04 44 34.67
0   3645.69356    174.64464  -6059.72705   6.2664492  -2.0893981   3.7057674 2026 01 15 04 44 54.67
0   3770.13793    132.63883  -5984.25349   6.1775036  -2.1109798   3.8412735 2026 01 15 04 45 14.67
0   3892.77500     90.21341  -5906.08686   6.0857292  -2.1313552   3.9750635 2026 01 15 04 45 34.67
0   4013.54864     47.39271  -5825.26209   5.9911696  -2.1505069   4.1070778 2026 01 15 04 45 54.67
0   4132.40359      4.20135  -5741.81529   5.8938698  -2.1684181   4.2372570 2026 01 15 04 46 14.67
0   4249.28551    -39.33568  -5655.78374   5.7938759  -2.1850726   4.3655428 2026 01 15 04 46 34.67
0   4364.14098    -83.19310  -5567.20590   5.6912352  -2.2004550   4.4918775 2026 01 15 04 46 54.67
0   4476.91756   -127.34532  -5476.12136   5.5859964  -2.2145505   4.6162044 2026 01 15 04 47 14.67
0   4587.56378   -171.76646  -5382.57083   5.4782094  -2.2273451   4.7384673 2026 01 15 04 47 34.67
0   4696.02918   -216.43036  -5286.59616   5.3679250  -2.2388254   4.8586112 2026 01 15 04 47 54.67
0   4802.26435   -261.31062  -5188.24025   5.2551955  -2.2489788   4.9765819 2026 01 15 04 48 14.67
0   4906.22090   -306.38057  -5087.54713   5.1400742  -2.2577935   5.0923261 2026 01 15 04 48 34.67
0   5007.85154   -351.61332  -4984.56183   5.0226156  -2.2652583   5.2057912 2026 01 15 04 48 54.67
0   5107.11009   -396.98178  -4879.33046   4.9028752  -2.2713629   5.3169260 2026 01 15 04 49 14.67
0   5203.95148   -442.45865  -4771.90014   4.7809097  -2.2760976   5.4256799 2026 01 15 04 49 34.67
0   5298.33177   -488.01643  -4662.31897   4.6567766  -2.2794536   5.5320036 2026 01 15 04 49 54.67
0   5390.20821   -533.62747  -4550.63605   4.5305348  -2.2814229   5.6358486 2026 01 15 04 50 14.67
0   5479.53921   -579.26396  -4436.90143   4.4022438  -2.2819982   5.7371676 2026 01 15 04 50 34.67
0   5566.28439   -624.89796  -4321.16609   4.2719645  -2.2811729   5.8359143 2026 01 15 04 50 54.67
0   5650.40462   -670.50140  -4203.48193   4.1397584  -2.2789416   5.9320437 2026 01 15 04 51 14.67
0   5731.86197   -716.04610  -4083.90174   4.0056880  -2.2752992   6.0255116 2026 01 15 04 51 34.67
0   5810.61980   -761.50381  -3962.47919   3.8698169  -2.2702417   6.1162752 2026 01 15 04 51 54.67
0   5886.64273   -806.84619  -3839.26876   3.7322094  -2.2637660   6.2042929 2026 01 15 04 52 14.67
0   5959.89669   -852.04485  -3714.32581   3.5929305  -2.2558696   6.2895240 2026 01 15 04 52 34.67
0   6030.34891   -897.07136  -3587.70643   3.4520462  -2.2465510   6.3719294 2026 01 15 04 52 54.67
0   6097.96795   -941.89726  -3459.46755   3.3096234  -2.2358094   6.4514709 2026 01 15 04 53 14.67
0   6162.72371   -986.49410  -3329.66679   3.1657294  -2.2236449   6.5281118 2026 01 15 04 53 34.67
0   6224.58745  -1030.83343  -3198.36254   3.0204324  -2.2100585   6.6018166 2026 01 15 04 53 54.67
0   6283.53180  -1074.88682  -3065.61385   2.8738014  -2.1950520   6.6725510 2026 01 15 04 54 14.67
0   6339.53077  -1118.62590  -2931.48047   2.7259058  -2.1786280   6.7402822 2026 01 15 04 54 34.67
0   6392.55978  -1162.02236  -2796.02278   2.5768159  -2.1607900   6.8049786 2026 01 15 04 54 54.67
0   6442.59565  -1205.04796  -2659.30177   2.4266022  -2.1415424   6.8666099 2026 01 15 04 55 14.67
0   6489.61660  -1247.67455  -2521.37904   2.2753361  -2.1208903   6.9251473 2026 01 15 04 55 34.67
0   6533.60232  -1289.87410  -2382.31675   2.1230894  -2.0988398   6.9805634 2026 01 15 04 55 54.67
0   6574.53391  -1331.61872  -2242.17758   1.9699344  -2.0753977   7.0328321 2026 01 15 04 56 14.67
0   6612.39394  -1372.88064  -2101.02472   1.8159438  -2.0505719   7.0819287 2026 01 15 04 56 34.67
0   6647.16641  -1413.63229  -1958.92186   1.6611906  -2.0243709   7.1278300 2026 01 15 04 56 54.67
0   6678.83683  -1453.84624  -1815.93311   1.5057485  -1.9968041   7.1705142 2026 01 15 04 57 14.67
0   6707.39213  -1493.49529  -1672.12303   1.3496912  -1.9678818   7.2099612 2026 01 15 04 57 34.67
0   6732.82078  -1532.55244  -1527.55655   1.1930928  -1.9376151   7.2461519 2026 01 15 04 57 54.67
0   6755.11267  -1570.99091  -1382.29897   1.0360279  -1.9060159   7.2790690 2026 01 15 04 58 14.67
0   6774.25924  -1608.78418  -1236.41592   0.8785709  -1.8730972   7.3086967 2026 01 15 04 58 34.67
0   6790.25338  -1645.90600  -1089.97333   0.7207968  -1.8388724   7.3350206 2026 01 15 04 58 54.67
0   6803.08951  -1682.33038   -943.03741   0.5627804  -1.8033560   7.3580278 2026 01 15 04 59 14.67
0   6812.76352  -1718.03166   -795.67462   0.4045968  -1.7665632   7.3777070 2026 01 15 04 59 34.67
0   6819.27284  -1752.98445   -647.95160   0.2463213  -1.7285101   7.3940484 2026 01 15 04 59 54.67
0   6822.61636  -1787.16372   -499.93520   0.0880289  -1.6892136   7.4070438 2026 01 15 05 00 14.67
0   6822.79450  -1820.54478   -351.69242  -0.0702051  -1.6486913   7.4166863 2026 01 15 05 00 34.67
0   6819.80919  -1853.10330   -203.29035  -0.2283055  -1.6069616   7.4229707 2026 01 15 05 00 54.67
0   6813.66383  -1884.81531    -54.79620  -0.3861975  -1.5640438   7.4258936 2026 01 15 05 01 14.67
0   6804.36336  -1915.65726     93.72277  -0.5438058  -1.5199579   7.4254527 2026 01 15 05 01 34.67
0   6791.91419  -1945.60599    242.19929  -0.7010559  -1.4747245   7.4216475 2026 01 15 05 01 54.67
0   6776.32424  -1974.63876    390.56607  -0.8578731  -1.4283653   7.4144790 2026 01 15 05 02 14.67
0   6757.60289  -2002.73327    538.75588  -1.0141831  -1.3809023   7.4039499 2026 01 15 05 02 34.67
0   6735.76105  -2029.86769    686.70155  -1.1699117  -1.3323587   7.3900643 2026 01 15 05 02 54.67
0   6710.81106  -2056.02063    834.33598  -1.3249851  -1.2827580   7.3728278 2026 01 15 05 03 14.67
0   6682.76678  -2081.17120    981.59225  -1.4793301  -1.2321247   7.3522478 2026 01 15 05 03 34.67
0   6651.64350  -2105.29898   1128.40356  -1.6328734  -1.1804838   7.3283329 2026 01 15 05 03 54.67
0   6617.45798  -2128.38409   1274.70332  -1.7855425  -1.1278610   7.3010937 2026 01 15 05 04 14.67
0   6580.22842  -2150.40715   1420.42516  -1.9372652  -1.0742828   7.2705419 2026 01 15 05 04 34.67
0   6539.97447  -2171.34932   1565.50296  -2.0879699  -1.0197762   7.2366909 2026 01 15 05 04 54.67
0   6496.71721  -2191.19231   1709.87087  -2.2375854  -0.9643690   7.1995558 2026 01 15 05 05 14.67
0   6450.47911  -2209.91839   1853.46340  -2.3860412  -0.9080894   7.1591531 2026 01 15 05 05 34.67
0   6401.28408  -2227.51040   1996.21534  -2.5332673  -0.8509663   7.1155007 2026 01 15 05 05 54.67
0   6349.15740  -2243.95176   2138.06192  -2.6791944  -0.7930294   7.0686181 2026 01 15 05 06 14.67
0   6294.12574  -2259.22650   2278.93872  -2.8237539  -0.7343086   7.0185263 2026 01 15 05 06 34.67
0   6236.21712  -2273.31924   2418.78179  -2.9668779  -0.6748346   6.9652479 2026 01 15 05 06 54.67
0   6175.46094  -2286.21523   2557.52763  -3.1084991  -0.6146386   6.9088068 2026 01 15 05 07 14.67
0   6111.88792  -2297.90035   2695.11325  -3.2485512  -0.5537523   6.8492284 2026 01 15 05 07 34.67
0   6045.53008  -2308.36111   2831.47615  -3.3869686  -0.4922079   6.7865396 2026 01 15 05 07 54.67
0   5976.42078  -2317.58467   2966.55442  -3.5236865  -0.4300381   6.7207687 2026 01 15 05 08 14.67
0   5904.59464  -2325.55886   3100.28670  -3.6586411  -0.3672761   6.6519455 2026 01 15 05 08 34.67
0   5830.08756  -2332.27217   3232.61226  -3.7917695  -0.3039556   6.5801011 2026 01 15 05 08 54.67
0   5752.93668  -2337.71377   3363.47099  -3.9230097  -0.2401105   6.5052681 2026 01 15 05 09 14.67
0   5673.18038  -2341.87351   3492.80347  -4.0523005  -0.1757753   6.4274803 2026 01 15 05 09 34.67
0   5590.85825  -2344.74194   3620.55094  -4.1795820  -0.1109850   6.3467730 2026 01 15 05 09 54.67
0   5506.01107  -2346.31029   3746.65537  -4.3047951  -0.0457747   6.2631829 2026 01 15 05 10 14.67
0   5418.68079  -2346.57054   3871.05950  -4.4278818   0.0198199   6.1767478 2026 01 15 05 10 34.67
0   5328.91050  -2345.51536   3993.70680  -4.5487854   0.0857630   6.0875070 2026 01 15 05 10 54.67
0   5236.74443  -2343.13813   4114.54156  -4.6674500   0.1520181   5.9955010 2026 01 15 05 11 14.67
0   5142.22790  -2339.43297   4233.50891  -4.7838210   0.2185489   5.9007716 2026 01 15 05 11 34.67
0   5045.40732  -2334.39475   4350.55478  -4.8978450   0.2853184   5.8033618 2026 01 15 05 11 54.67
0   4946.33016  -2328.01906   4465.62603  -5.0094696   0.3522896   5.7033158 2026 01 15 05 12 14.67
0   4845.04492  -2320.30224   4578.67037  -5.1186439   0.4194252   5.6006790 2026 01 15 05 12 34.67
0   4741.60111  -2311.24137   4689.63645  -5.2253179   0.4866876   5.4954980 2026 01 15 05 12 54.67
0   4636.04921  -2300.83430   4798.47386  -5.3294431   0.5540391   5.3878207 2026 01 15 05 13 14.67
0   4528.44069  -2289.07962   4905.13317  -5.4309722   0.6214418   5.2776959 2026 01 15 05 13 34.67
0   4418.82792  -2275.97669   5009.56592  -5.5298591   0.6888576   5.1651735 2026 01 15 05 13 54.67
0   4307.26419  -2261.52563   5111.72467  -5.6260593   0.7562483   5.0503046 2026 01 15 05 14 14.67
0   4193.80369  -2245.72732   5211.56300  -5.7195294   0.8235757   4.9331414 2026 01 15 05 14 34.67
0   4078.50143  -2228.58342   5309.03557  -5.8102274   0.8908013   4.8137370 2026 01 15 05 14 54.67
0   3961.41327  -2210.09633   5404.09807  -5.8981126   0.9578867   4.6921455 2026 01 15 05 15 14.67
0   3842.59585  -2190.26926   5496.70734  -5.9831459   1.0247935   4.5684222 2026 01 15 05 15 34.67
0   3722.10659  -2169.10616   5586.82127  -6.0652894   1.0914829   4.4426230 2026 01 15 05 15 54.67
0   3600.00366  -2146.61176   5674.39894  -6.1445068   1.1579166   4.3148050 2026 01 15 05 16 14.67
0   3476.34593  -2122.79156   5759.40053  -6.2207631   1.2240560   4.1850261 2026 01 15 05 16 34.67
0   3351.19297  -2097.65184   5841.78741  -6.2940249   1.2898626   4.0533451 2026 01 15 05 16 54.67
0   3224.60498  -2071.19963   5921.52215  -6.3642600   1.3552980   3.9198216 2026 01 15 05 17 14.67
0   3096.64280  -2043.44274   5998.56849  -6.4314379   1.4203238   3.7845161 2026 01 15 05 17 34.67
0   2967.36789  -2014.38974   6072.89140  -6.4955296   1.4849019   3.6474898 2026 01 15 05 17 54.67
0   2836.84222  -1984.04998   6144.45708  -6.5565075   1.5489940   3.5088047 2026 01 15 05 18 14.67
0   2705.12836  -1952.43355   6213.23300  -6.6143456   1.6125622   3.3685235 2026 01 15 05 18 34.67
0   2572.28934  -1919.55130   6279.18785  -6.6690193   1.6755687   3.2267097 2026 01 15 05 18 54.67
0   2438.38868  -1885.41486   6342.29162  -6.7205056   1.7379759   3.0834274 2026 01 15 05 19 14.67
0   2303.49035  -1850.03657   6402.51560  -6.7687831   1.7997463   2.9387414 2026 01 15 05 19 34.67
0   2167.65873  -1813.42955   6459.83237  -6.8138318   1.8608427   2.7927171 2026 01 15 05 19 54.67
0   2030.95858  -1775.60765   6514.21580  -6.8556333   1.9212281   2.6454204 2026 01 15 05 20 14.67
0   1893.45501  -1736.58546   6565.64113  -6.8941710   1.9808659   2.4969179 2026 01 15 05 20 34.67
0   1755.21346  -1696.37829   6614.08491  -6.9294294   2.0397197   2.3472767 2026 01 15 05 20 54.67
0   1616.29965  -1655.00218   6659.52504  -6.9613949   2.0977533   2.1965643 2026 01 15 05 21 14.67
0   1476.77956  -1612.47389   6701.94077  -6.9900555   2.1549310   2.0448489 2026 01 15 05 21 34.67
0   1336.71941  -1568.81091   6741.31273  -7.0154006   2.2112174   1.8921988 2026 01 15 05 21 54.67
0   1196.18558  -1524.03140   6777.62291  -7.0374212   2.2665774   1.7386832 2026 01 15 05 22 14.67
0   1055.24466  -1478.15424   6810.85470  -7.0561099   2.3209764   1.5843712 2026 01 15 05 22 34.67
0    913.96333  -1431.19900   6840.99287  -7.0714610   2.3743799   1.4293325 2026 01 15 05 22 54.67
0    772.40840  -1383.18592   6868.02358  -7.0834703   2.4267544   1.2736371 2026 01 15 05 23 14.67
0    630.64672  -1334.13593   6891.93441  -7.0921351   2.4780662   1.1173553 2026 01 15 05 23 34.67
0    488.74521  -1284.07059   6912.71432  -7.0974543   2.5282826   0.9605577 2026 01 15 05 23 54.67
0    346.77077  -1233.01215   6930.35371  -7.0994285   2.5773709   0.8033151 2026 01 15 05 24 14.67
0    204.79028  -1180.98349   6944.84440  -7.0980598   2.6252994   0.6456985 2026 01 15 05 24 34.67
0     62.87057  -1128.00812   6956.17960  -7.0933519   2.6720365   0.4877790 2026 01 15 05 24 54.67
0    -78.92163  -1074.11017   6964.35399  -7.0853101   2.7175514   0.3296280 2026 01 15 05 25 14.67
0   -220.51971  -1019.31440   6969.36364  -7.0739411   2.7618137   0.1713170 2026 01 15 05 25 34.67
0   -361.85721   -963.64616   6971.20607  -7.0592534   2.8047936   0.0129174 2026 01 15 05 25 54.67
0   -502.86784   -907.13138   6969.88022  -7.0412569   2.8464621  -0.1454991 2026 01 15 05 26 14.67
0   -643.48556   -849.79658   6965.38648  -7.0199631   2.8867904  -0.3038608 2026 01 15 05 26 34.67
0   -783.64453   -791.66885   6957.72665  -6.9953852   2.9257508  -0.4620962 2026 01 15 05 26 54.67
0   -923.27922   -732.77581   6946.90397  -6.9675376   2.9633158  -0.6201337 2026 01 15 05 27 14.67
0  -1062.32439   -673.14565   6932.92313  -6.9364365   2.9994589  -0.7779018 2026 01 15 05 27 34.67
0  -1200.71516   -612.80706   6915.79022  -6.9020996   3.0341540  -0.9353289 2026 01 15 05 27 54.67
0  -1338.38699   -551.78925   6895.51278  -6.8645462   3.0673760  -1.0923439 2026 01 15 05 28 14.67
0  -1475.27575   -490.12193   6872.09975  -6.8237967   3.0991003  -1.2488756 2026 01 15 05 28 34.67
0  -1611.31776   -427.83530   6845.56152  -6.7798736   3.1293030  -1.4048529 2026 01 15 05 28 54.67
0  -1746.44977   -364.96002   6815.90988  -6.7328004   3.1579611  -1.5602052 2026 01 15 05 29 14.67
0  -1880.60902   -301.52721   6783.15804  -6.6826024   3.1850522  -1.7148619 2026 01 15 05 29 34.67
0  -2013.73329   -237.56842   6747.32061  -6.6293062   3.2105548  -1.8687528 2026 01 15 05 29 54.67
0  -2145.76089   -173.11563   6708.41360  -6.5729398   3.2344480  -2.0218081 2026 01 15 05 30 14.67
0  -2276.63071   -108.20123   6666.45443  -6.5135328   3.2567120  -2.1739580 2026 01 15 05 30 34.67
0  -2406.28224    -42.85800   6621.46189  -6.4511162   3.2773275  -2.3251335 2026 01 15 05 30 54.67
0  -2534.65562     22.88091   6573.45617  -6.3857224   3.2962763  -2.4752657 2026 01 15 05 31 14.67
0  -2661.69164     88.98198   6522.45880  -6.3173852   3.3135408  -2.6242862 2026 01 15 05 31 34.67
0  -2787.33178    155.41138   6468.49271  -6.2461397   3.3291044  -2.7721270 2026 01 15 05 31 54.67
0  -2911.51823    222.13491   6411.58216  -6.1720225   3.3429514  -2.9187209 2026 01 15 05 32 14.67
0  -3034.19395    289.11809   6351.75277  -6.0950715   3.3550667  -3.0640008 2026 01 15 05 32 34.67
0  -3155.30263    356.32615   6289.03146  -6.0153259   3.3654366  -3.2079005 2026 01 15 05 32 54.67
0  -3274.78881    423.72406   6223.44651  -5.9328264   3.3740477  -3.3503541 2026 01 15 05 33 14.67
0  -3392.59781    491.27650   6155.02749  -5.8476148   3.3808881  -3.4912965 2026 01 15 05 33 34.67
0  -3508.67582    558.94796   6083.80527  -5.7597343   3.3859464  -3.6306632 2026 01 15 05 33 54.67
0  -3622.96991    626.70268   6009.81200  -5.6692292   3.3892123  -3.7683903 2026 01 15 05 34 14.67
0  -3735.42803    694.50472   5933.08111  -5.5761453   3.3906764  -3.9044148 2026 01 15 05 34 34.67
0  -3845.99908    762.31796   5853.64727  -5.4805294   3.3903303  -4.0386742 2026 01 15 05 34 54.67
0  -3954.63290    830.10613   5771.54640  -5.3824296   3.3881665  -4.1711069 2026 01 15 05 35 14.67
0  -4061.28030    897.83279   5686.81565  -5.2818952   3.3841786  -4.3016520 2026 01 15 05 35 34.67
0  -4165.89309    965.46142   5599.49336  -5.1789767   3.3783611  -4.4302495 2026 01 15 05 35 54.67
0  -4268.42410   1032.95536   5509.61908  -5.0737255   3.3707094  -4.5568404 2026 01 15 05 36 14.67
0  -4368.82720   1100.27791   5417.23353  -4.9661943   3.3612200  -4.6813662 2026 01 15 05 36 34.67
0  -4467.05733   1167.39227   5322.37858  -4.8564370   3.3498904  -4.8037697 2026 01 15 05 36 54.67
0  -4563.07051   1234.26164   5225.09725  -4.7445083   3.3367190  -4.9239943 2026 01 15 05 37 14.67
0  -4656.82387   1300.84916   5125.43366  -4.6304640   3.3217054  -5.0419847 2026 01 15 05 37 34.67
0  -4748.27566   1367.11799   5023.43305  -4.5143610   3.3048500  -5.1576863 2026 01 15 05 37 54.67
0  -4837.38528   1433.03131   4919.14174  -4.3962572   3.2861544  -5.2710458 2026 01 15 05 38 14.67
0  -4924.11331   1498.55235   4812.60708  -4.2762112   3.2656211  -5.3820106 2026 01 15 05 38 34.67
0  -5008.42149   1563.64437   4703.87749  -4.1542829   3.2432537  -5.4905296 2026 01 15 05 38 54.67
0  -5090.27279   1628.27075   4593.00238  -4.0305327   3.2190568  -5.5965525 2026 01 15 05 39 14.67
0  -5169.63137   1692.39494   4480.03217  -3.9050222   3.1930360  -5.7000302 2026 01 15 05 39 34.67
0  -5246.46266   1755.98054   4365.01825  -3.7778136   3.1651979  -5.8009148 2026 01 15 05 39 54.67
0  -5320.73332   1818.99127   4248.01294  -3.6489701   3.1355503  -5.8991595 2026 01 15 05 40 14.67
0  -5392.41128   1881.39102   4129.06951  -3.5185554   3.1041019  -5.9947189 2026 01 15 05 40 34.67
0  -5461.46576   1943.14388   4008.24210  -3.3866341   3.0708624  -6.0875486 2026 01 15 05 40 54.67
0  -5527.86730   2004.21413   3885.58574  -3.2532716   3.0358427  -6.1776055 2026 01 15 05 41 14.67
0  -5591.58771   2064.56628   3761.15631  -3.1185337   2.9990544  -6.2648479 2026 01 15 05 41 34.67
0  -5652.60016   2124.16508   3635.01049  -2.9824872   2.9605104  -6.3492354 2026 01 15 05 41 54.67
0  -5710.87915   2182.97556   3507.20580  -2.8451992   2.9202246  -6.4307287 2026 01 15 05 42 14.67
0  -5766.40052   2240.96303   3377.80048  -2.7067374   2.8782118  -6.5092901 2026 01 15 05 42 34.67
0  -5819.14147   2298.09310   3246.85354  -2.5671702   2.8344879  -6.5848832 2026 01 15 05 42 54.67
0  -5869.08059   2354.33172   3114.42472  -2.4265663   2.7890698  -6.6574728 2026 01 15 05 43 14.67
0  -5916.19783   2409.64518   2980.57440  -2.2849951   2.7419753  -6.7270253 2026 01 15 05 43 34.67
0  -5960.47454   2464.00014   2845.36367  -2.1425261   2.6932233  -6.7935085 2026 01 15 05 43 54.67
0  -6001.89346   2517.36365   2708.85421  -1.9992295   2.6428336  -6.8568917 2026 01 15 05 44 14.67
0  -6040.43876   2569.70315   2571.10832  -1.8551757   2.5908271  -6.9171454 2026 01 15 05 44 34.67
0  -6076.09598   2620.98653   2432.18889  -1.7104353   2.5372255  -6.9742419 2026 01 15 05 44 54.67
0  -6108.85211   2671.18212   2292.15931  -1.5650795   2.4820515  -7.0281547 2026 01 15 05 45 14.67
0  -6138.69555   2720.25869   2151.08351  -1.4191793   2.4253289  -7.0788590 2026 01 15 05 45 34.67
0  -6165.61613   2768.18552   2009.02590  -1.2728064   2.3670822  -7.1263314 2026 01 15 05 45 54.67
0  -6189.60510   2814.93238   1866.05134  -1.1260322   2.3073371  -7.1705502 2026 01 15 05 46 14.67
0  -6210.65516   2860.46956   1722.22510  -0.9789285   2.2461198  -7.2114950 2026 01 15 05 46 34.67
0  -6228.76044   2904.76791   1577.61287  -0.8315670   2.1834579  -7.2491472 2026 01 15 05 46 54.67
0  -6243.91650   2947.79879   1432.28065  -0.6840197   2.1193795  -7.2834896 2026 01 15 05 47 14.67
0  -6256.12035   2989.53418   1286.29482  -0.5363584   2.0539136  -7.3145066 2026 01 15 05 47 34.67
0  -6265.37041   3029.94661   1139.72202  -0.3886549   1.9870904  -7.3421841 2026 01 15 05 47 54.67
0  -6271.66657   3069.00926    992.62917  -0.2409809   1.9189405  -7.3665099 2026 01 15 05 48 14.67
0  -6275.01013   3106.69590    845.08341  -0.0934081   1.8494956  -7.3874730 2026 01 15 05 48 34.67
0  -6275.40383   3142.98094    697.15209   0.0539921   1.7787880  -7.4050642 2026 01 15 05 48 54.67
0  -6272.85184   3177.83949    548.90274   0.2011483   1.7068511  -7.4192760 2026 01 15 05 49 14.67
0  -6267.35974   3211.24727    400.40300   0.3479894   1.6337187  -7.4301023 2026 01 15 05 49 34.67
0  -6258.93456   3243.18073    251.72063   0.4944448   1.5594256  -7.4375387 2026 01 15 05 49 54.67
0  -6247.58471   3273.61702    102.92346   0.6404437   1.4840074  -7.4415825 2026 01 15 05 50 14.67
0  -6233.32002   3302.53397    -45.92065   0.7859162   1.4075000  -7.4422324 2026 01 15 05 50 34.67
0  -6216.15171   3329.91020   -194.74381   0.9307925   1.3299405  -7.4394889 2026 01 15 05 50 54.67
0  -6196.09242   3355.72501   -343.47818   1.0750030   1.2513664  -7.4333541 2026 01 15 05 51 14.67
0  -6173.15615   3379.95851   -492.05596   1.2184790   1.1718159  -7.4238315 2026 01 15 05 51 34.67
0  -6147.35826   3402.59155   -640.40945   1.3611520   1.0913278  -7.4109265 2026 01 15 05 51 54.67
0  -6118.71551   3423.60577   -788.47107   1.5029541   1.0099417  -7.3946459 2026 01 15 05 52 14.67
0  -6087.24598   3442.98362   -936.17338   1.6438179   0.9276974  -7.3749982 2026 01 15 05 52 34.67
0  -6052.96911   3460.70833  -1083.44914   1.7836767   0.8446357  -7.3519934 2026 01 15 05 52 54.67
0  -6015.90567   3476.76398  -1230.23133   1.9224645   0.7607977  -7.3256431 2026 01 15 05 53 14.67
0  -5976.07772   3491.13544  -1376.45315   2.0601156   0.6762250  -7.2959606 2026 01 15 05 53 34.67
0  -5933.50866   3503.80844  -1522.04812   2.1965654   0.5909599  -7.2629605 2026 01 15 05 53 54.67
0  -5888.22315   3514.76957  -1666.95004   2.3317499   0.5050450  -7.2266591 2026 01 15 05 54 14.67
0  -5840.24713   3524.00626  -1811.09306   2.4656058   0.4185234  -7.1870744 2026 01 15 05 54 34.67
0  -5789.60780   3531.50681  -1954.41171   2.5980706   0.3314387  -7.1442257 2026 01 15 05 54 54.67
0  -5736.33360   3537.26040  -2096.84091   2.7290826   0.2438347  -7.0981339 2026 01 15 05 55 14.67
0  -5680.45419   3541.25708  -2238.31602   2.8585812   0.1557559  -7.0488213 2026 01 15 05 55 34.67
0  -5622.00046   3543.48780  -2378.77287   2.9865063   0.0672468  -6.9963119 2026 01 15 05 55 54.67
0  -5561.00444   3543.94441  -2518.14777   3.1127991  -0.0216475  -6.9406311 2026 01 15 05 56 14.67
0  -5497.49939   3542.61966  -2656.37755   3.2374015  -0.1108817  -6.8818055 2026 01 15 05 56 34.67
0  -5431.51967   3539.50720  -2793.39961   3.3602563  -0.2004102  -6.8198636 2026 01 15 05 56 54.67
0  -5363.10080   3534.60161  -2929.15190   3.4813076  -0.2901872  -6.7548350 2026 01 15 05 57 14.67
0  -5292.27940   3527.89838  -3063.57302   3.6005003  -0.3801665  -6.6867507 2026 01 15 05 57 34.67
0  -5219.09319   3519.39392  -3196.60216   3.7177804  -0.4703020  -6.6156432 2026 01 15 05 57 54.67
0  -5143.58095   3509.08557  -3328.17919   3.8330950  -0.5605472  -6.5415464 2026 01 15 05 58 14.67
0  -5065.78250   3496.97162  -3458.24470   3.9463922  -0.6508553  -6.4644955 2026 01 15 05 58 34.67
0  -4985.73872   3483.05125  -3586.73994   4.0576215  -0.7411797  -6.3845269 2026 01 15 05 58 54.67
0  -4903.49145   3467.32463  -3713.60695   4.1667331  -0.8314736  -6.3016785 2026 01 15 05 59 14.67
0  -4819.08352   3449.79282  -3838.78852   4.2736787  -0.9216899  -6.2159894 2026 01 15 05 59 34.67
0  -4732.55875   3430.45786  -3962.22823   4.3784112  -1.0117817  -6.1274999 2026 01 15 05 59 54.67
0  -4643.96184   3409.32269  -4083.87050   4.4808844  -1.1017019  -6.0362516 2026 01 15 06 00 14.67
0  -4553.33844   3386.39123  -4203.66058   4.5810537  -1.1914036  -5.9422873 2026 01 15 06 00 34.67
0  -4460.73505   3361.66830  -4321.54458   4.6788754  -1.2808398  -5.8456511 2026 01 15 06 00 54.67
0  -4366.19907   3335.15970  -4437.46951   4.7743074  -1.3699633  -5.7463880 2026 01 15 06 01 14.67
0  -4269.77868   3306.87215  -4551.38330   4.8673085  -1.4587275  -5.6445444 2026 01 15 06 01 34.67
0  -4171.52292   3276.81329  -4663.23481   4.9578391  -1.5470854  -5.5401678 2026 01 15 06 01 54.67
0  -4071.48157   3244.99172  -4772.97387   5.0458608  -1.6349905  -5.4333065 2026 01 15 06 02 14.67
0  -3969.70518   3211.41697  -4880.55127   5.1313364  -1.7223960  -5.3240103 2026 01 15 06 02 34.67
0  -3866.24504   3176.09949  -4985.91882   5.2142302  -1.8092557  -5.2123296 2026 01 15 06 02 54.67
0  -3761.15314   3139.05065  -5089.02935   5.2945077  -1.8955234  -5.0983161 2026 01 15 06 03 14.67
0  -3654.48211   3100.28276  -5189.83673   5.3721359  -1.9811530  -4.9820225 2026 01 15 06 03 34.67
0  -3546.28528   3059.80904  -5288.29587   5.4470831  -2.0660989  -4.8635022 2026 01 15 06 03 54.67
0  -3436.61657   3017.64361  -5384.36281   5.5193189  -2.1503155  -4.7428099 2026 01 15 06 04 14.67
0  -3325.53049   2973.80152  -5477.99464   5.5888144  -2.2337577  -4.6200008 2026 01 15 06 04 34.67
0  -3213.08214   2928.29869  -5569.14960   5.6555421  -2.3163806  -4.4951313 2026 01 15 06 04 54.67
0  -3099.32712   2881.15197  -5657.78704   5.7194756  -2.3981395  -4.3682585 2026 01 15 06 05 14.67
0  -2984.32157   2832.37907  -5743.86748   5.7805903  -2.4789902  -4.2394403 2026 01 15 06 05 34.67
0  -2868.12211   2781.99861  -5827.35259   5.8388629  -2.5588890  -4.1087356 2026 01 15 06 05 54.67
0  -2750.78580   2730.03004  -5908.20524   5.8942713  -2.6377922  -3.9762037 2026 01 15 06 06 14.67
0  -2632.37012   2676.49372  -5986.38948   5.9467952  -2.7156569  -3.8419050 2026 01 15 06 06 34.67
0  -2512.93297   2621.41084  -6061.87059   5.9964152  -2.7924405  -3.7059004 2026 01 15 06 06 54.67
0  -2392.53260   2564.80344  -6134.61506   6.0431139  -2.8681007  -3.5682516 2026 01 15 06 07 14.67
0  -2271.22759   2506.69441  -6204.59063   6.0868749  -2.9425959  -3.4290208 2026 01 15 06 07 34.67
0  -2149.07685   2447.10747  -6271.76629   6.1276835  -3.0158849  -3.2882711 2026 01 15 06 07 54.67
0  -2026.13958   2386.06714  -6336.11229   6.1655262  -3.0879270  -3.1460658 2026 01 15 06 08 14.67
0  -1902.47520   2323.59877  -6397.60016   6.2003910  -3.1586820  -3.0024691 2026 01 15 06 08 34.67
0  -1778.14338   2259.72849  -6456.20271   6.2322676  -3.2281104  -2.8575456 2026 01 15 06 08 54.67
0  -1653.20398   2194.48323  -6511.89407   6.2611467  -3.2961731  -2.7113605 2026 01 15 06 09 14.67
0  -1527.71703   2127.89068  -6564.64965   6.2870208  -3.3628317  -2.5639795 2026 01 15 06 09 34.67
0  -1401.74269   2059.97930  -6614.44619   6.3098835  -3.4280485  -2.4154685 2026 01 15 06 09 54.67
0  -1275.34125   1990.77832  -6661.26176   6.3297300  -3.4917861  -2.2658942 2026 01 15 06 10 14.67
0  -1148.57306   1920.31767  -6705.07575   6.3465570  -3.5540081  -2.1153234 2026 01 15 06 10 34.67
0  -1021.49853   1848.62803  -6745.86892   6.3603625  -3.6146786  -1.9638235 2026 01 15 06 10 54.67
0   -894.17810   1775.74078  -6783.62335   6.3711459  -3.6737623  -1.8114622 2026 01 15 06 11 14.67
0   -766.67222   1701.68800  -6818.32250   6.3789081  -3.7312248  -1.6583073 2026 01 15 06 11 34.67
0   -639.04128   1626.50246  -6849.95116   6.3836512  -3.7870324  -1.5044271 2026 01 15 06 11 54.67
0   -511.34563   1550.21759  -6878.49553   6.3853790  -3.8411519  -1.3498902 2026 01 15 06 12 14.67
0   -383.64554   1472.86747  -6903.94315   6.3840964  -3.8935510  -1.1947654 2026 01 15 06 12 34.67
0   -256.00114   1394.48683  -6926.28296   6.3798100  -3.9441983  -1.0391216 2026 01 15 06 12 54.67
0   -128.47244   1315.11101  -6945.50525   6.3725274  -3.9930630  -0.8830279 2026 01 15 06 13 14.67
0     -1.11928   1234.77597  -6961.60174   6.3622578  -4.0401151  -0.7265537 2026 01 15 06 13 34.67
0    125.99871   1153.51825  -6974.56550   6.3490118  -4.0853254  -0.5697684 2026 01 15 06 13 54.67
0    252.82212   1071.37498  -6984.39100   6.3328013  -4.1286657  -0.4127416 2026 01 15 06 14 14.67
0    379.29178    988.38382  -6991.07411   6.3136394  -4.1701085  -0.2555428 2026 01 15 06 14 34.67
0    505.34881    904.58301  -6994.61209   6.2915408  -4.2096271  -0.0982418 2026 01 15 06 14 54.67
0    630.93463    820.01128  -6995.00359   6.2665212  -4.2471959   0.0590919 2026 01 15 06 15 14.67
0    755.99099    734.70787  -6992.24865   6.2385980  -4.2827898   0.2163884 2026 01 15 06 15 34.67
0    880.46000    648.71254  -6986.34871   6.2077896  -4.3163851   0.3735783 2026 01 15 06 15 54.67
0   1004.28415    562.06548  -6977.30660   6.1741159  -4.3479585   0.5305918 2026 01 15 06 16 14.67
0   1127.40634    474.80735  -6965.12654   6.1375978  -4.3774880   0.6873596 2026 01 15 06 16 34.67
0   1249.76991    386.97925  -6949.81414   6.0982578  -4.4049524   0.8438122 2026 01 15 06 16 54.67
0   1371.31865    298.62268  -6931.37639   6.0561195  -4.4303315   0.9998805 2026 01 15 06 17 14.67
0   1491.99683    209.77956  -6909.82169   6.0112078  -4.4536058   1.1554953 2026 01 15 06 17 34.67
0   1611.74926    120.49214  -6885.15977   5.9635487  -4.4747572   1.3105877 2026 01 15 06 17 54.67
0   1730.52125     30.80308  -6857.40179   5.9131696  -4.4937682   1.4650893 2026 01 15 06 18 14.67
0   1848.25868    -59.24465  -6826.56023   5.8600989  -4.5106226   1.6189314 2026 01 15 06 18 34.67
0   1964.90802   -149.60778  -6792.64898   5.8043666  -4.5253050   1.7720461 2026 01 15 06 18 54.67
0   2080.41633   -240.24270  -6755.68325   5.7460033  -4.5378011   1.9243654 2026 01 15 06 19 14.67
0   2194.73133   -331.10557  -6715.67964   5.6850413  -4.5480976   2.0758219 2026 01 15 06 19 34.67
0   2307.80137   -422.15225  -6672.65608   5.6215137  -4.5561822   2.2263485 2026 01 15 06 19 54.67
0   2419.57546   -513.33842  -6626.63182   5.5554549  -4.5620438   2.3758784 2026 01 15 06 20 14.67
0   2530.00335   -604.61948  -6577.62747   5.4869004  -4.5656722   2.5243452 2026 01 15 06 20 34.67
0   2639.03548   -695.95070  -6525.66496   5.4158867  -4.5670583   2.6716830 2026 01 15 06 20 54.67
0   2746.62305   -787.28714  -6470.76751   5.3424516  -4.5661941   2.8178264 2026 01 15 06 21 14.67
0   2852.71800   -878.58372  -6412.95967   5.2666337  -4.5630727   2.9627104 2026 01 15 06 21 34.67
0   2957.27309   -969.79525  -6352.26727   5.1884729  -4.5576882   3.1062706 2026 01 15 06 21 54.67
0   3060.24185  -1060.87639  -6288.71744   5.1080100  -4.5500358   3.2484429 2026 01 15 06 22 14.67
0   3161.57866  -1151.78177  -6222.33856   5.0252868  -4.5401119   3.3891642 2026 01 15 06 22 34.67
0   3261.23875  -1242.46592  -6153.16028   4.9403462  -4.5279140   3.5283716 2026 01 15 06 22 54.67
0   3359.17820  -1332.88335  -6081.21351   4.8532319  -4.5134406   3.6660029 2026 01 15 06 23 14.67
0   3455.35398  -1422.98854  -6006.53038   4.7639889  -4.4966914   3.8019968 2026 01 15 06 23 34.67
0   3549.72398  -1512.73598  -5929.14426   4.6726627  -4.4776673   3.9362924 2026 01 15 06 23 54.67
0   3642.24700  -1602.08019  -5849.08971   4.5793000  -4.4563702   4.0688295 2026 01 15 06 24 14.67
0   3732.88277  -1690.97574  -5766.40251   4.4839484  -4.4328031   4.1995488 2026 01 15 06 24 34.67
0   3821.59202  -1779.37727  -5681.11958   4.3866563  -4.4069702   4.3283917 2026 01 15 06 24 54.67
0   3908.33641  -1867.23952  -5593.27905   4.2874730  -4.3788770   4.4553002 2026 01 15 06 25 14.67
0   3993.07863  -1954.51734  -5502.92018   4.1864484  -4.3485299   4.5802173 2026 01 15 06 25 34.67
0   4075.78236  -2041.16573  -5410.08335   4.0836337  -4.3159365   4.7030868 2026 01 15 06 25 54.67
0   4156.41230  -2127.13985  -5314.81008   3.9790804  -4.2811057   4.8238534 2026 01 15 06 26 14.67
0   4234.93423  -2212.39504  -5217.14298   3.8728411  -4.2440473   4.9424624 2026 01 15 06 26 34.67
0   4311.31493  -2296.88688  -5117.12573   3.7649690  -4.2047724   5.0588603 2026 01 15 06 26 54.67
0   4385.52231  -2380.57114  -5014.80308   3.6555179  -4.1632932   5.1729944 2026 01 15 06 27 14.67
0   4457.52531  -2463.40387  -4910.22083   3.5445425  -4.1196232   5.2848131 2026 01 15 06 27 34.67
0   4527.29403  -2545.34141  -4803.42580   3.4320982  -4.0737767   5.3942655 2026 01 15 06 27 54.67
0   4594.79962  -2626.34037  -4694.46581   3.3182408  -4.0257695   5.5013020 2026 01 15 06 28 14.67
0   4660.01440  -2706.35771  -4583.38967   3.2030268  -3.9756183   5.6058739 2026 01 15 06 28 34.67
0   4722.91180  -2785.35073  -4470.24715   3.0865135  -3.9233411   5.7079335 2026 01 15 06 28 54.67
0   4783.46642  -2863.27710  -4355.08897   2.9687586  -3.8689569   5.8074342 2026 01 15 06 29 14.67
0   4841.65401  -2940.09487  -4237.96677   2.8498202  -3.8124859   5.9043306 2026 01 15 06 29 34.67
0   4897.45148  -3015.76253  -4118.93306   2.7297571  -3.7539494   5.9985782 2026 01 15 06 29 54.67
0   4950.83694  -3090.23898  -3998.04126   2.6086286  -3.6933697   6.0901340 2026 01 15 06 30 14.67
0   5001.78966  -3163.48360  -3875.34564   2.4864943  -3.6307705   6.1789558 2026 01 15 06 30 34.67
0   5050.29015  -3235.45624  -3750.90128   2.3634144  -3.5661764   6.2650029 2026 01 15 06 30 54.67
0   5096.32009  -3306.11726  -3624.76407   2.2394494  -3.4996130   6.3482355 2026 01 15 06 31 14.67
0   5139.86238  -3375.42754  -3496.99069   2.1146601  -3.4311073   6.4286152 2026 01 15 06 31 34.67
0   5180.90116  -3443.34852  -3367.63858   1.9891077  -3.3606869   6.5061049 2026 01 15 06 31 54.67
0   5219.42178  -3509.84218  -3236.76588   1.8628539  -3.2883810   6.5806687 2026 01 15 06 32 14.67
0   5255.41083  -3574.87112  -3104.43148   1.7359603  -3.2142195   6.6522720 2026 01 15 06 32 34.67
0   5288.85613  -3638.39853  -2970.69490   1.6084890  -3.1382335   6.7208815 2026 01 15 06 32 54.67
0   5319.74675  -3700.38825  -2835.61636   1.4805024  -3.0604550   6.7864653 2026 01 15 06 33 14.67
0   5348.07301  -3760.80475  -2699.25667   1.3520627  -2.9809171   6.8489926 2026 01 15 06 33 34.67
0   5373.82649  -3819.61319  -2561.67725   1.2232327  -2.8996540   6.9084344 2026 01 15 06 33 54.67
0   5396.99998  -3876.77941  -2422.94010   1.0940751  -2.8167007   6.9647626 2026 01 15 06 34 14.67
0   5417.58759  -3932.26997  -2283.10776   0.9646526  -2.7320933   7.0179509 2026 01 15 06 34 34.67
0   5435.58462  -3986.05215  -2142.24327   0.8350283  -2.6458689   7.0679742 2026 01 15 06 34 54.67
0   5450.98769  -4038.09400  -2000.41017   0.7052649  -2.5580654   7.1148087 2026 01 15 06 35 14.67
0   5463.79463  -4088.36432  -1857.67246   0.5754253  -2.4687217   7.1584325 2026 01 15 06 35 34.67
0   5474.00455  -4136.83270  -1714.09457   0.4455726  -2.3778777   7.1988246 2026 01 15 06 35 54.67
0   5481.61782  -4183.46955  -1569.74132   0.3157693  -2.2855740   7.2359658 2026 01 15 06 36 14.67
0   5486.63605  -4228.24608  -1424.67792   0.1860784  -2.1918524   7.2698384 2026 01 15 06 36 34.67
0   5489.06212  -4271.13437  -1278.96988   0.0565622  -2.0967551   7.3004259 2026 01 15 06 36 54.67
0   5488.90014  -4312.10732  -1132.68308  -0.0727167  -2.0003256   7.3277137 2026 01 15 06 37 14.67
0   5486.15549  -4351.13873   -985.88363  -0.2016962  -1.9026078   7.3516884 2026 01 15 06 37 34.67
0   5480.83477  -4388.20329   -838.63792  -0.3303142  -1.8036468   7.3723382 2026 01 15 06 37 54.67
0   5472.94582  -4423.27658   -691.01256  -0.4585091  -1.7034880   7.3896528 2026 01 15 06 38 14.67
0   5462.49773  -4456.33512   -543.07432  -0.5862194  -1.6021781   7.4036236 2026 01 15 06 38 34.67
0   5449.50080  -4487.35636   -394.89016  -0.7133840  -1.4997641   7.4142434 2026 01 15 06 38 54.67
0   5433.96655  -4516.31868   -246.52717  -0.8399422  -1.3962939   7.4215064 2026 01 15 06 39 14.67
0   5415.90771  -4543.20144    -98.05252  -0.9658335  -1.2918160   7.4254087 2026 01 15 06 39 34.67
0   5395.33822  -4567.98500     50.46656  -1.0909981  -1.1863796   7.4259476 2026 01 15 06 39 54.67
0   5372.27320  -4590.65066    198.96277  -1.2153765  -1.0800345   7.4231223 2026 01 15 06 40 14.67
0   5346.72898  -4611.18076    347.36885  -1.3389096  -0.9728312   7.4169332 2026 01 15 06 40 34.67
0   5318.72305  -4629.55865    495.61752  -1.4615389  -0.8648206   7.4073824 2026 01 15 06 40 54.67
0   5288.27405  -4645.76869    643.64160  -1.5832064  -0.7560543   7.3944738 2026 01 15 06 41 14.67
0   5255.40181  -4659.79629    791.37398  -1.7038549  -0.6465845   7.3782124 2026 01 15 06 41 34.67
0   5220.12726  -4671.62791    938.74767  -1.8234274  -0.5364637   7.3586051 2026 01 15 06 41 54.67
0   5182.47249  -4681.25105   1085.69583  -1.9418678  -0.4257450   7.3356603 2026 01 15 06 42 14.67
0   5142.46071  -4688.65429   1232.15181  -2.0591206  -0.3144820   7.3093879 2026 01 15 06 42 34.67
0   5100.11619  -4693.82727   1378.04917  -2.1751310  -0.2027285   7.2797992 2026 01 15 06 42 54.67
0   5055.46435  -4696.76075   1523.32171  -2.2898449  -0.0905389   7.2469073 2026 01 15 06 43 14.67
0   5008.53164  -4697.44652   1667.90350  -2.4032088   0.0220322   7.2107266 2026 01 15 06 43 34.67
0   4959.34559  -4695.87753   1811.72894  -2.5151703   0.1349295   7.1712733 2026 01 15 06 43 54.67
0   4907.93476  -4692.04779   1954.73274  -2.6256776   0.2480979   7.1285649 2026 01 15 06 44 14.67
0   4854.32875  -4685.95244   2096.84999  -2.7346796   0.3614818   7.0826204 2026 01 15 06 44 34.67
0   4798.55817  -4677.58772   2238.01616  -2.8421262   0.4750252   7.0334604 2026 01 15 06 44 54.67
0   4740.65462  -4666.95101   2378.16718  -2.9479682   0.5886720   6.9811071 2026 01 15 06 45 14.67
0   4680.65068  -4654.04080   2517.23939  -3.0521572   0.7023660   6.9255838 2026 01 15 06 45 34.67
0   4618.57987  -4638.85671   2655.16966  -3.1546457   0.8160508   6.8669156 2026 01 15 06 45 54.67
0   4554.47669  -4621.39949   2791.89534  -3.2553873   0.9296698   6.8051290 2026 01 15 06 46 14.67
0   4488.37651  -4601.67101   2927.35435  -3.3543365   1.0431663   6.7402519 2026 01 15 06 46 34.67
0   4420.31564  -4579.67430   3061.48515  -3.4514487   1.1564836   6.6723136 2026 01 15 06 46 54.67
0   4350.33125  -4555.41351   3194.22685  -3.5466803   1.2695649   6.6013449 2026 01 15 06 47 14.67
0   4278.46138  -4528.89392   3325.51913  -3.6399889   1.3823534   6.5273778 2026 01 15 06 47 34.67
0   4204.74491  -4500.12196   3455.30237  -3.7313330   1.4947924   6.4504459 2026 01 15 06 47 54.67
0   4129.22153  -4469.10519   3583.51763  -3.8206723   1.6068250   6.3705840 2026 01 15 06 48 14.67
0   4051.93174  -4435.85229   3710.10665  -3.9079673   1.7183948   6.2878285 2026 01 15 06 48 34.67
0   3972.91680  -4400.37310   3835.01193  -3.9931799   1.8294451   6.2022167 2026 01 15 06 48 54.67
0   3892.21873  -4362.67855   3958.17675  -4.0762731   1.9399196   6.1137877 2026 01 15 06 49 14.67
0   3809.88029  -4322.78075   4079.54514  -4.1572108   2.0497619   6.0225815 2026 01 15 06 49 34.67
0   3725.94492  -4280.69287   4199.06199  -4.2359584   2.1589161   5.9286394 2026 01 15 06 49 54.67
0   3640.45679  -4236.42926   4316.67299  -4.3124822   2.2673264   5.8320043 2026 01 15 06 50 14.67
0   3553.46067  -4190.00534   4432.32473  -4.3867497   2.3749371   5.7327200 2026 01 15 06 50 34.67
0   3465.00203  -4141.43765   4545.96465  -4.4587297   2.4816930   5.6308314 2026 01 15 06 50 54.67
0   3375.12690  -4090.74385   4657.54115  -4.5283921   2.5875391   5.5263850 2026 01 15 06 51 14.67
0   3283.88193  -4037.94267   4767.00354  -4.5957083   2.6924208   5.4194282 2026 01 15 06 51 34.67
0   3191.31433  -3983.05395   4874.30208  -4.6606505   2.7962839   5.3100094 2026 01 15 06 51 54.67
0   3097.47184  -3926.09859   4979.38804  -4.7231924   2.8990743   5.1981784 2026 01 15 06 52 14.67
0   3002.40271  -3867.09860   5082.21367  -4.7833090   3.0007387   5.0839858 2026 01 15 06 52 34.67
0   2906.15570  -3806.07701   5182.73227  -4.8409764   3.1012241   4.9674837 2026 01 15 06 52 54.67
0   2808.78002  -3743.05794   5280.89816  -4.8961720   3.2004780   4.8487247 2026 01 15 06 53 14.67
0   2710.32531  -3678.06654   5376.66675  -4.9488747   3.2984482   4.7277627 2026 01 15 06 53 34.67
0   2610.84165  -3611.12899   5469.99451  -4.9990642   3.3950834   4.6046527 2026 01 15 06 53 54.67
0   2510.37948  -3542.27250   5560.83906  -5.0467221   3.4903325   4.4794504 2026 01 15 06 54 14.67
0   2408.98961  -3471.52532   5649.15910  -5.0918308   3.5841453   4.3522125 2026 01 15 06 54 34.67
0   2306.72319  -3398.91665   5734.91450  -5.1343742   3.6764719   4.2229968 2026 01 15 06 54 54.67
0   2203.63168  -3324.47671   5818.06629  -5.1743375   3.7672632   4.0918617 2026 01 15 06 55 14.67
0   2099.76682  -3248.23670   5898.57667  -5.2117072   3.8564708   3.9588667 2026 01 15 06 55 34.67
0   1995.18060  -3170.22878   5976.40905  -5.2464712   3.9440469   3.8240719 2026 01 15 06 55 54.67
0   1889.92525  -3090.48603   6051.52804  -5.2786184   4.0299444   3.6875384 2026 01 15 06 56 14.67
0   1784.05320  -3009.04251   6123.89948  -5.3081394   4.1141169   3.5493280 2026 01 15 06 56 34.67
0   1677.61706  -2925.93316   6193.49045  -5.3350259   4.1965188   3.4095032 2026 01 15 06 56 54.67
0   1570.66960  -2841.19386   6260.26931  -5.3592710   4.2771053   3.2681272 2026 01 15 06 57 14.67
0   1463.26370  -2754.86134   6324.20565  -5.3808690   4.3558324   3.1252640 2026 01 15 06 57 34.67
0   1355.45235  -2666.97324   6385.27040  -5.3998157   4.4326568   2.9809781 2026 01 15 06 57 54.67
0   1247.28860  -2577.56802   6443.43574  -5.4161079   4.5075362   2.8353348 2026 01 15 06 58 14.67
0   1138.82558  -2486.68502   6498.67518  -5.4297441   4.5804291   2.6883998 2026 01 15 06 58 34.67
0   1030.11639  -2394.36435   6550.96356  -5.4407238   4.6512949   2.5402397 2026 01 15 06 58 54.67
0    921.21418  -2300.64698   6600.27703  -5.4490480   4.7200938   2.3909212 2026 01 15 06 59 14.67
0    812.17202  -2205.57462   6646.59311  -5.4547189   4.7867871   2.2405119 2026 01 15 06 59 34.67
0    703.04295  -2109.18976   6689.89066  -5.4577399   4.8513369   2.0890796 2026 01 15 06 59 54.67
0    593.87993  -2011.53565   6730.14990  -5.4581159   4.9137063   1.9366928 2026 01 15 07 00 14.67
0    484.73578  -1912.65626   6767.35243  -5.4558530   4.9738594   1.7834203 2026 01 15 07 00 34.67
0    375.66323  -1812.59626   6801.48123  -5.4509585   5.0317614   1.6293312 2026 01 15 07 00 54.67
0    266.71482  -1711.40101   6832.52066  -5.4434411   5.0873784   1.4744952 2026 01 15 07 01 14.67
0    157.94291  -1609.11655   6860.45648  -5.4333106   5.1406775   1.3189820 2026 01 15 07 01 34.67
0     49.39965  -1505.78955   6885.27585  -5.4205782   5.1916270   1.1628621 2026 01 15 07 01 54.67
0    -58.86304  -1401.46731   6906.96734  -5.4052564   5.2401961   1.0062057 2026 01 15 07 02 14.67
0   -166.79351  -1296.19775   6925.52094  -5.3873586   5.2863553   0.8490838 2026 01 15 07 02 34.67
0   -274.34038  -1190.02933   6940.92803  -5.3668999   5.3300761   0.6915671 2026 01 15 07 02 54.67
0   -381.45260  -1083.01111   6953.18144  -5.3438962   5.3713311   0.5337270 2026 01 15 07 03 14.67
0   -488.07944   -975.19267   6962.27540  -5.3183649   5.4100941   0.3756346 2026 01 15 07 03 34.67
0   -594.17053   -866.62409   6968.20560  -5.2903245   5.4463399   0.2173613 2026 01 15 07 03 54.67
0   -699.67587   -757.35597   6970.96912  -5.2597947   5.4800447   0.0589788 2026 01 15 07 04 14.67
0   -804.54590   -647.43936   6970.56449  -5.2267962   5.5111858  -0.0994414 2026 01 15 07 04 34.67
0   -908.73145   -536.92573   6966.99169  -5.1913512   5.5397416  -0.2578278 2026 01 15 07 04 54.67
0  -1012.18382   -425.86701   6960.25210  -5.1534829   5.5656917  -0.4161086 2026 01 15 07 05 14.67
0  -1114.85480   -314.31551   6950.34855  -5.1132154   5.5890172  -0.5742122 2026 01 15 07 05 34.67
0  -1216.69665   -202.32388   6937.28530  -5.0705744   5.6097002  -0.7320672 2026 01 15 07 05 54.67
0  -1317.66215    -89.94516   6921.06804  -5.0255862   5.6277239  -0.8896020 2026 01 15 07 06 14.67
0  -1417.70466     22.76732   6901.70388  -4.9782786   5.6430732  -1.0467453 2026 01 15 07 06 34.67
0  -1516.77805    135.75993   6879.20138  -4.9286803   5.6557339  -1.2034258 2026 01 15 07 06 54.67
0  -1614.83682    248.97876   6853.57048  -4.8768211   5.6656932  -1.3595727 2026 01 15 07 07 14.67
0  -1711.83605    362.36967   6824.82258  -4.8227319   5.6729396  -1.5151150 2026 01 15 07 07 34.67
0  -1807.73147    475.87831   6792.97047  -4.7664445   5.6774629  -1.6699822 2026 01 15 07 07 54.67
0  -1902.47943    589.45010   6758.02836  -4.7079918   5.6792543  -1.8241039 2026 01 15 07 08 14.67
0  -1996.03696    703.03035   6720.01185  -4.6474078   5.6783061  -1.9774102 2026 01 15 07 08 34.67
0  -2088.36179    816.56419   6678.93796  -4.5847273   5.6746121  -2.1298313 2026 01 15 07 08 54.67
0  -2179.41235    929.99666   6634.82508  -4.5199862   5.6681673  -2.2812980 2026 01 15 07 09 14.67
0  -2269.14779   1043.27271   6587.69298  -4.4532213   5.6589683  -2.4317413 2026 01 15 07 09 34.67
0  -2357.52801   1156.33722   6537.56283  -4.3844704   5.6470128  -2.5810927 2026 01 15 07 09 54.67
0  -2444.51368   1269.13505   6484.45714  -4.3137721   5.6322999  -2.7292841 2026 01 15 07 10 14.67
0  -2530.06623   1381.61106   6428.39978  -4.2411659   5.6148302  -2.8762480 2026 01 15 07 10 34.67
0  -2614.14793   1493.71014   6369.41598  -4.1666924   5.5946053  -3.0219174 2026 01 15 07 10 54.67
0  -2696.72182   1605.37720   6307.53229  -4.0903926   5.5716287  -3.1662256 2026 01 15 07 11 14.67
0  -2777.75181   1716.55725   6242.77659  -4.0123088   5.5459049  -3.3091068 2026 01 15 07 11 34.67
0  -2857.20264   1827.19541   6175.17809  -3.9324839   5.5174397  -3.4504956 2026 01 15 07 11 54.67
0  -2935.03993   1937.23693   6104.76727  -3.8509615   5.4862407  -3.5903273 2026 01 15 07 12 14.67
0  -3011.23017   2046.62721   6031.57592  -3.7677861   5.4523165  -3.7285379 2026 01 15 07 12 34.67
0  -3085.74075   2155.31184   5955.63709  -3.6830030   5.4156771  -3.8650640 2026 01 15 07 12 54.67
0  -3158.53997   2263.23664   5876.98510  -3.5966580   5.3763341  -3.9998431 2026 01 15 07 13 14.67
0  -3229.59707   2370.34765   5795.65550  -3.5087978   5.3343002  -4.1328133 2026 01 15 07 13 34.67
0  -3298.88220   2476.59121   5711.68510  -3.4194697   5.2895898  -4.2639134 2026 01 15 07 13 54.67
0  -3366.36650   2581.91392   5625.11189  -3.3287217   5.2422184  -4.3930833 2026 01 15 07 14 14.67
0  -3432.02204   2686.26275   5535.97507  -3.2366024   5.1922030  -4.5202635 2026 01 15 07 14 34.67
0  -3495.82189   2789.58499   5444.31503  -3.1431609   5.1395618  -4.6453955 2026 01 15 07 14 54.67
0  -3557.74010   2891.82832   5350.17330  -3.0484469   5.0843147  -4.7684217 2026 01 15 07 15 14.67
0  -3617.75173   2992.94082   5253.59257  -2.9525109   5.0264826  -4.8892853 2026 01 15 07 15 34.67
0  -3675.83284   3092.87103   5154.61664  -2.8554037   4.9660879  -5.0079306 2026 01 15 07 15 54.67
0  -3731.96052   3191.56792   5053.29044  -2.7571765   4.9031543  -5.1243029 2026 01 15 07 16 14.67
0  -3786.11289   3288.98096   4949.65996  -2.6578812   4.8377070  -5.2383483 2026 01 15 07 16 34.67
0  -3838.26911   3385.06014   4843.77227  -2.5575701   4.7697724  -5.3500142 2026 01 15 07 16 54.67
0  -3888.40938   3479.75599   4735.67547  -2.4562958   4.6993781  -5.4592491 2026 01 15 07 17 14.67
0  -3936.51497   3573.01960   4625.41870  -2.3541114   4.6265533  -5.5660022 2026 01 15 07 17 34.67
0  -3982.56821   3664.80266   4513.05208  -2.2510703   4.5513281  -5.6702243 2026 01 15 07 17 54.67
0  -4026.55251   3755.05748   4398.62673  -2.1472263   4.4737344  -5.7718670 2026 01 15 07 18 14.67
0  -4068.45235   3843.73701   4282.19469  -2.0426335   4.3938048  -5.8708833 2026 01 15 07 18 34.67
0  -4108.25329   3930.79488   4163.80895  -1.9373462   4.3115737  -5.9672273 2026 01 15 07 18 54.67
0  -4145.94198   4016.18540   4043.52343  -1.8314190   4.2270763  -6.0608543 2026 01 15 07 19 14.67
0  -4181.50619   4099.86361   3921.39288  -1.7249067   4.1403493  -6.1517210 2026 01 15 07 19 34.67
0  -4214.93475   4181.78530   3797.47294  -1.6178643   4.0514306  -6.2397851 2026 01 15 07 19 54.67
0  -4246.21762   4261.90702   3671.82007  -1.5103470   3.9603592  -6.3250058 2026 01 15 07 20 14.67
0  -4275.34584   4340.18612   3544.49154  -1.4024102   3.8671754  -6.4073437 2026 01 15 07 20 34.67
0  -4302.31159   4416.58076   3415.54540  -1.2941091   3.7719204  -6.4867604 2026 01 15 07 20 54.67
0  -4327.10813   4491.04993   3285.04042  -1.1854994   3.6746370  -6.5632191 2026 01 15 07 21 14.67
0  -4349.72985   4563.55350   3153.03613  -1.0766364   3.5753686  -6.6366845 2026 01 15 07 21 34.67
0  -4370.17222   4634.05223   3019.59275  -0.9675758   3.4741601  -6.7071224 2026 01 15 07 21 54.67
0  -4388.43186   4702.50776   2884.77114  -0.8583730   3.3710573  -6.7745003 2026 01 15 07 22 14.67
0  -4404.50648   4768.88267   2748.63283  -0.7490835   3.2661072  -6.8387868 2026 01 15 07 22 34.67
0  -4418.39489   4833.14049   2611.23995  -0.6397627   3.1593576  -6.8999522 2026 01 15 07 22 54.67
0  -4430.09703   4895.24573   2472.65519  -0.5304658   3.0508576  -6.9579684 2026 01 15 07 23 14.67
0  -4439.61392   4955.16387   2332.94182  -0.4212480   2.9406571  -7.0128083 2026 01 15 07 23 34.67
0  -4446.94769   5012.86141   2192.16362  -0.3121643   2.8288070  -7.0644469 2026 01 15 07 23 54.67
0  -4452.10158   5068.30587   2050.38486  -0.2032694   2.7153592  -7.1128602 2026 01 15 07 24 14.67
0  -4455.07991   5121.46583   1907.67026  -0.0946178   2.6003664  -7.1580260 2026 01 15 07 24 34.67
0  -4455.88808   5172.31091   1764.08499   0.0137361   2.4838823  -7.1999237 2026 01 15 07 24 54.67
0  -4454.53259   5220.81185   1619.69461   0.1217384   2.3659614  -7.2385339 2026 01 15 07 25 14.67
0  -4451.02101   5266.94044   1474.56505   0.2293355   2.2466590  -7.2738392 2026 01 15 07 25 34.67
0  -4445.36198   5310.66964   1328.76256   0.3364739   2.1260314  -7.3058234 2026 01 15 07 25 54.67
0  -4437.56520   5351.97348   1182.35371   0.4431008   2.0041353  -7.3344722 2026 01 15 07 26 14.67
0  -4427.64142   5390.82720   1035.40536   0.5491637   1.8810286  -7.3597726 2026 01 15 07 26 34.67
0  -4415.60246   5427.20714    887.98457   0.6546104   1.7567694  -7.3817134 2026 01 15 07 26 54.67
0  -4401.46115   5461.09086    740.15865   0.7593893   1.6314170  -7.4002848 2026 01 15 07 27 14.67
0  -4385.23137   5492.45708    591.99507   0.8634492   1.5050309  -7.4154789 2026 01 15 07 27 34.67
0  -4366.92798   5521.28573    443.56143   0.9667396   1.3776715  -7.4272890 2026 01 15 07 27 54.67
0  -4346.56690   5547.55796    294.92548   1.0692104   1.2493997  -7.4357105 2026 01 15 07 28 14.67
0  -4324.16501   5571.25613    146.15501   1.1708120   1.1202769  -7.4407399 2026 01 15 07 28 34.67
0  -4299.74018   5592.36384     -2.68210   1.2714955   0.9903651  -7.4423757 2026 01 15 07 28 54.67
0  -4273.31127   5610.86594   -151.51799   1.3712127   0.8597268  -7.4406178 2026 01 15 07 29 14.67
0  -4244.89806   5626.74852   -300.28478   1.4699160   0.7284248  -7.4354679 2026 01 15 07 29 34.67
0  -4214.52132   5639.99894   -448.91468   1.5675583   0.5965225  -7.4269291 2026 01 15 07 29 54.67
0  -4182.20272   5650.60584   -597.33995   1.6640935   0.4640836  -7.4150061 2026 01 15 07 30 14.67
0  -4147.96487   5658.55911   -745.49296   1.7594761   0.3311720  -7.3997055 2026 01 15 07 30 34.67
0  -4111.83127   5663.84996   -893.30625   1.8536611   0.1978522  -7.3810351 2026 01 15 07 30 54.67
0  -4073.82631   5666.47086  -1040.71250   1.9466047   0.0641889  -7.3590047 2026 01 15 07 31 14.67
0  -4033.97526   5666.41559  -1187.64462   2.0382636  -0.0697532  -7.3336252 2026 01 15 07 31 34.67
0  -3992.30422   5663.67924  -1334.03577   2.1285954  -0.2039089  -7.3049095 2026 01 15 07 31 54.67
0  -3948.84017   5658.25817  -1479.81935   2.2175586  -0.3382129  -7.2728719 2026 01 15 07 32 14.67
0  -3903.61089   5650.15007  -1624.92908   2.3051125  -0.4725999  -7.2375282 2026 01 15 07 32 34.67
0  -3856.64495   5639.35395  -1769.29902   2.3912172  -0.6070043  -7.1988958 2026 01 15 07 32 54.67
0  -3807.97174   5625.87011  -1912.86357   2.4758338  -0.7413606  -7.1569937 2026 01 15 07 33 14.67
0  -3757.62140   5609.70017  -2055.55754   2.5589243  -0.8756032  -7.1118423 2026 01 15 07 33 34.67
0  -3705.62482   5590.84706  -2197.31618   2.6404515  -1.0096664  -7.0634636 2026 01 15 07 33 54.67
0  -3652.01363   5569.31502  -2338.07515   2.7203795  -1.1434847  -7.0118809 2026 01 15 07 34 14.67
0  -3596.82018   5545.10961  -2477.77063   2.7986729  -1.2769925  -6.9571194 2026 01 15 07 34 34.67
0  -3540.07749   5518.23769  -2616.33931   2.8752977  -1.4101246  -6.8992053 2026 01 15 07 34 54.67
0  -3481.81927   5488.70743  -2753.71841   2.9502205  -1.5428155  -6.8381665 2026 01 15 07 35 14.67
0  -3422.07989   5456.52831  -2889.84573   3.0234093  -1.6750003  -6.7740322 2026 01 15 07 35 34.67
0  -3360.89434   5421.71109  -3024.65965   3.0948329  -1.8066141  -6.7068332 2026 01 15 07 35 54.67
0  -3298.29822   5384.26784  -3158.09922   3.1644611  -1.9375922  -6.6366015 2026 01 15 07 36 14.67
0  -3234.32775   5344.21193  -3290.10410   3.2322649  -2.0678703  -6.5633706 2026 01 15 07 36 34.67
0  -3169.01967   5301.55799  -3420.61465   3.2982163  -2.1973843  -6.4871752 2026 01 15 07 36 54.67
0  -3102.41133   5256.32195  -3549.57196   3.3622883  -2.3260704  -6.4080514 2026 01 15 07 37 14.67
0  -3034.54055   5208.52098  -3676.91781   3.4244550  -2.4538654  -6.3260368 2026 01 15 07 37 34.67
0  -2965.44571   5158.17356  -3802.59479   3.4846918  -2.5807063  -6.2411700 2026 01 15 07 37 54.67
0  -2895.16563   5105.29937  -3926.54624   3.5429748  -2.7065306  -6.1534910 2026 01 15 07 38 14.67
0  -2823.73962   5049.91939  -4048.71634   3.5992816  -2.8312763  -6.0630411 2026 01 15 07 38 34.67
0  -2751.20742   4992.05579  -4169.05008   3.6535907  -2.9548817  -5.9698627 2026 01 15 07 38 54.67
0  -2677.60919   4931.73200  -4287.49334   3.7058818  -3.0772859  -5.8739995 2026 01 15 07 39 14.67
0  -2602.98548   4868.97264  -4403.99286   3.7561355  -3.1984284  -5.7754962 2026 01 15 07 39 34.67
0  -2527.37723   4803.80354  -4518.49630   3.8043339  -3.3182493  -5.6743989 2026 01 15 07 39 54.67
0  -2450.82570   4736.25174  -4630.95225   3.8504600  -3.4366894  -5.5707547 2026 01 15 07 40 14.67
0  -2373.37250   4666.34543  -4741.31025   3.8944980  -3.5536899  -5.4646117 2026 01 15 07 40 34.67
0  -2295.05956   4594.11398  -4849.52082   3.9364331  -3.6691930  -5.3560192 2026 01 15 07 40 54.67
0  -2215.92905   4519.58793  -4955.53546   3.9762519  -3.7831414  -5.2450276 2026 01 15 07 41 14.67
0  -2136.02343   4442.79892  -5059.30671   4.0139419  -3.8954786  -5.1316881 2026 01 15 07 41 34.67
0  -2055.38540   4363.77974  -5160.78814   4.0494920  -4.0061486  -5.0160530 2026 01 15 07 41 54.67
0  -1974.05785   4282.56429  -5259.93435   4.0828919  -4.1150966  -4.8981758 2026 01 15 07 42 14.67
0  -1892.08388   4199.18755  -5356.70105   4.1141327  -4.2222683  -4.7781105 2026 01 15 07 42 34.67
0  -1809.50675   4113.68557  -5451.04504   4.1432065  -4.3276103  -4.6559124 2026 01 15 07 42 54.67
0  -1726.36986   4026.09549  -5542.92419   4.1701067  -4.4310700  -4.5316374 2026 01 15 07 43 14.67
0  -1642.71675   3936.45546  -5632.29756   4.1948278  -4.5325958  -4.4053424 2026 01 15 07 43 34.67
0  -1558.59105   3844.80468  -5719.12532   4.2173652  -4.6321369  -4.2770852 2026 01 15 07 43 54.67
0  -1474.03646   3751.18332  -5803.36879   4.2377156  -4.7296434  -4.1469243 2026 01 15 07 44 14.67
0  -1389.09674   3655.63259  -5884.99051   4.2558770  -4.8250663  -4.0149189 2026 01 15 07 44 34.67
0  -1303.81570   3558.19462  -5963.95417   4.2718483  -4.9183578  -3.8811291 2026 01 15 07 44 54.67
0  -1218.23713   3458.91252  -6040.22470   4.2856294  -5.0094708  -3.7456157 2026 01 15 07 45 14.67
0  -1132.40482   3357.83032  -6113.76824   4.2972216  -5.0983593  -3.6084400 2026 01 15 07 45 34.67
0  -1046.36254   3254.99297  -6184.55216   4.3066271  -5.1849784  -3.4696643 2026 01 15 07 45 54.67
0   -960.15398   3150.44628  -6252.54509   4.3138494  -5.2692842  -3.3293512 2026 01 15 07 46 14.67
0   -873.82277   3044.23696  -6317.71690   4.3188928  -5.3512336  -3.1875640 2026 01 15 07 46 34.67
0   -787.41242   2936.41255  -6380.03877   4.3217629  -5.4307851  -3.0443668 2026 01 15 07 46 54.67
0   -700.96635   2827.02142  -6439.48312   4.3224663  -5.5078978  -2.8998240 2026 01 15 07 47 14.67
0   -614.52781   2716.11275  -6496.02369   4.3210107  -5.5825321  -2.7540006 2026 01 15 07 47 34.67
0   -528.13990   2603.73648  -6549.63553   4.3174048  -5.6546497  -2.6069620 2026 01 15 07 47 54.67
0   -441.84552   2489.94333  -6600.29499   4.3116584  -5.7242132  -2.4587743 2026 01 15 07 48 14.67
0   -355.68738   2374.78474  -6647.97975   4.3037822  -5.7911864  -2.3095039 2026 01 15 07 48 34.67
0   -269.70796   2258.31288  -6692.66882   4.2937882  -5.8555344  -2.1592175 2026 01 15 07 48 54.67
0   -183.94949   2140.58058  -6734.34255   4.2816890  -5.9172233  -2.0079824 2026 01 15 07 49 14.67
0    -98.45393   2021.64135  -6772.98265   4.2674987  -5.9762206  -1.8558661 2026 01 15 07 49 34.67
0    -13.26297   1901.54934  -6808.57216   4.2512320  -6.0324949  -1.7029364 2026 01 15 07 49 54.67
0     71.58203   1780.35933  -6841.09550   4.2329048  -6.0860161  -1.5492616 2026 01 15 07 50 14.67
0    156.04002   1658.12665  -6870.53845   4.2125339  -6.1367552  -1.3949101 2026 01 15 07 50 34.67
0    240.07031   1534.90723  -6896.88816   4.1901369  -6.1846847  -1.2399507 2026 01 15 07 50 54.67
0    323.63255   1410.75754  -6920.13316   4.1657326  -6.2297781  -1.0844521 2026 01 15 07 51 14.67
0    406.68680   1285.73453  -6940.26336   4.1393406  -6.2720104  -0.9284835 2026 01 15 07 51 34.67
0    489.19351   1159.89569  -6957.27004   4.1109815  -6.3113578  -0.7721143 2026 01 15 07 51 54.67
0    571.11353   1033.29893  -6971.14590   4.0806767  -6.3477977  -0.6154137 2026 01 15 07 52 14.67
0    652.40819    906.00262  -6981.88499   4.0484485  -6.3813090  -0.4584513 2026 01 15 07 52 34.67
0    733.03925    778.06553  -6989.48278   4.0143201  -6.4118719  -0.3012966 2026 01 15 07 52 54.67
0    812.96893    649.54682  -6993.93611   3.9783156  -6.4394677  -0.1440195 2026 01 15 07 53 14.67
0    892.15997    520.50601  -6995.24324   3.9404600  -6.4640794   0.0133106 2026 01 15 07 53 34.67
0    970.57560    391.00294  -6993.40379   3.9007789  -6.4856910   0.1706239 2026 01 15 07 53 54.67
0   1048.17957    261.09775  -6988.41881   3.8592990  -6.5042880   0.3278508 2026 01 15 07 54 14.67
0   1124.93617    130.85089  -6980.29072   3.8160476  -6.5198575   0.4849216 2026 01 15 07 54 34.67
0   1200.81026      0.32301  -6969.02332   3.7710529  -6.5323875   0.6417670 2026 01 15 07 54 54.67
0   1275.76726   -130.42499  -6954.62184   3.7243438  -6.5418678   0.7983173 2026 01 15 07 55 14.67
0   1349.77318   -261.33201  -6937.09286   3.6759500  -6.5482893   0.9545035 2026 01 15 07 55 34.67
0   1422.79462   -392.33681  -6916.44435   3.6259020  -6.5516446   1.1102563 2026 01 15 07 55 54.67
0   1494.79881   -523.37799  -6892.68567   3.5742308  -6.5519272   1.2655069 2026 01 15 07 56 14.67
0   1565.75360   -654.39405  -6865.82756   3.5209683  -6.5491326   1.4201865 2026 01 15 07 56 34.67
0   1635.62750   -785.32341  -6835.88212   3.4661471  -6.5432572   1.5742266 2026 01 15 07 56 54.67
0   1704.38965   -916.10442  -6802.86282   3.4098004  -6.5342992   1.7275591 2026 01 15 07 57 14.67
0   1772.00989  -1046.67543  -6766.78450   3.3519621  -6.5222578   1.8801160 2026 01 15 07 57 34.67
0   1838.45872  -1176.97478  -6727.66334   3.2926667  -6.5071342   2.0318298 2026 01 15 07 57 54.67
0   1903.70735  -1306.94083  -6685.51688   3.2319492  -6.4889303   2.1826332 2026 01 15 07 58 14.67
0   1967.72771  -1436.51203  -6640.36401   3.1698455  -6.4676501   2.3324592 2026 01 15 07 58 34.67
0   2030.49242  -1565.62688  -6592.22492   3.1063918  -6.4432986   2.4812416 2026 01 15 07 58 54.67
0   2091.97485  -1694.22403  -6541.12117   3.0416251  -6.4158824   2.6289141 2026 01 15 07 59 14.67
0   2152.14912  -1822.24225  -6487.07559   2.9755828  -6.3854094   2.7754113 2026 01 15 07 59 34.67
0   2210.99010  -1949.62051  -6430.11236   2.9083027  -6.3518890   2.9206680 2026 01 15 07 59 54.67
0   2268.47340  -2076.29796  -6370.25694   2.8398235  -6.3153321   3.0646195 2026 01 15 08 00 14.67
0   2324.57545  -2202.21400  -6307.53605   2.7701839  -6.2757510   3.2072019 2026 01 15 08 00 34.67
0   2379.27342  -2327.30826  -6241.97774   2.6994236  -6.2331593   3.3483516 2026 01 15 08 00 54.67
0   2432.54530  -2451.52069  -6173.61128   2.6275823  -6.1875721   3.4880057 2026 01 15 08 01 14.67
0   2484.36986  -2574.79154  -6102.46721   2.5547004  -6.1390060   3.6261019 2026 01 15 08 01 34.67
0   2534.72672  -2697.06141  -6028.57731   2.4808186  -6.0874790   3.7625784 2026 01 15 08 01 54.67
0   2583.59627  -2818.27128  -5951.97458   2.4059780  -6.0330103   3.8973743 2026 01 15 08 02 14.67
0   2630.95976  -2938.36250  -5872.69325   2.3302201  -5.9756207   4.0304292 2026 01 15 08 02 34.67
0   2676.79925  -3057.27689  -5790.76872   2.2535867  -5.9153325   4.1616836 2026 01 15 08 02 54.67
0   2721.09767  -3174.95671  -5706.23761   2.1761201  -5.8521692   4.2910786 2026 01 15 08 03 14.67
0   2763.83877  -3291.34470  -5619.13768   2.0978626  -5.7861558   4.4185560 2026 01 15 08 03 34.67
0   2805.00716  -3406.38412  -5529.50786   2.0188571  -5.7173186   4.5440587 2026 01 15 08 03 54.67
0   2844.58831  -3520.01878  -5437.38821   1.9391466  -5.6456854   4.6675300 2026 01 15 08 04 14.67
0   2882.56855  -3632.19303  -5342.81992   1.8587745  -5.5712853   4.7889144 2026 01 15 08 04 34.67
0   2918.93509  -3742.85186  -5245.84528   1.7777841  -5.4941488   4.9081572 2026 01 15 08 04 54.67
0   2953.67600  -3851.94083  -5146.50766   1.6962192  -5.4143076   5.0252043 2026 01 15 08 05 14.67
0   2986.78023  -3959.40620  -5044.85151   1.6141237  -5.3317950   5.1400030 2026 01 15 08 05 34.67
0   3018.23761  -4065.19487  -4940.92231   1.5315417  -5.2466455   5.2525013 2026 01 15 08 05 54.67
0   3048.03884  -4169.25448  -4834.76659   1.4485174  -5.1588949   5.3626480 2026 01 15 08 06 14.67
0   3076.17553  -4271.53335  -4726.43189   1.3650950  -5.0685803   5.4703931 2026 01 15 08 06 34.67
0   3102.64017  -4371.98060  -4615.96672   1.2813190  -4.9757402   5.5756878 2026 01 15 08 06 54.67
0   3127.42611  -4470.54612  -4503.42058   1.1972339  -4.8804143   5.6784840 2026 01 15 08 07 14.67
0   3150.52763  -4567.18059  -4388.84390   1.1128841  -4.7826435   5.7787347 2026 01 15 08 07 34.67
0   3171.93988  -4661.83553  -4272.28807   1.0283143  -4.6824700   5.8763943 2026 01 15 08 07 54.67
0   3191.65890  -4754.46334  -4153.80534   0.9435689  -4.5799375   5.9714180 2026 01 15 08 08 14.67
0   3209.68163  -4845.01728  -4033.44888   0.8586925  -4.4750905   6.0637624 2026 01 15 08 08 34.67
0   3226.00590  -4933.45150  -3911.27270   0.7737296  -4.3679749   6.1533849 2026 01 15 08 08 54.67
0   3240.63041  -5019.72112  -3787.33164   0.6887246  -4.2586379   6.2402444 2026 01 15 08 09 14.67
0   3253.55478  -5103.78218  -3661.68138   0.6037219  -4.1471276   6.3243009 2026 01 15 08 09 34.67
0   3264.77948  -5185.59172  -3534.37836   0.5187656  -4.0334934   6.4055156 2026 01 15 08 09 54.67
0   3274.30590  -5265.10775  -3405.47979   0.4338999  -3.9177859   6.4838511 2026 01 15 08 10 14.67
0   3282.13627  -5342.28933  -3275.04362   0.3491687  -3.8000567   6.5592709 2026 01 15 08 10 34.67
0   3288.27374  -5417.09655  -3143.12853   0.2646158  -3.6803584   6.6317402 2026 01 15 08 10 54.67
0   3292.72230  -5489.49057  -3009.79384   0.1802846  -3.5587449   6.7012253 2026 01 15 08 11 14.67
0   3295.48681  -5559.43362  -2875.09959   0.0962185  -3.4352709   6.7676938 2026 01 15 08 11 34.67
0   3296.57302  -5626.88906  -2739.10640   0.0124607  -3.3099922   6.8311147 2026 01 15 08 11 54.67
0   3295.98752  -5691.82136  -2601.87554  -0.0709462  -3.1829656   6.8914583 2026 01 15 08 12 14.67
0   3293.73775  -5754.19613  -2463.46882  -0.1539595  -3.0542488   6.9486965 2026 01 15 08 12 34.67
0   3289.83201  -5813.98017  -2323.94863  -0.2365372  -2.9239007   7.0028022 2026 01 15 08 12 54.67
0   3284.27942  -5871.14144  -2183.37788  -0.3186373  -2.7919806   7.0537501 2026 01 15 08 13 14.67
0   3277.08996  -5925.64910  -2041.81996  -0.4002184  -2.6585492   7.1015160 2026 01 15 08 13 34.67
0   3268.27442  -5977.47353  -1899.33874  -0.4812393  -2.5236677   7.1460774 2026 01 15 08 13 54.67
0   3257.84440  -6026.58637  -1755.99852  -0.5616594  -2.3873984   7.1874130 2026 01 15 08 14 14.67
0   3245.81234  -6072.96048  -1611.86402  -0.6414383  -2.2498040   7.2255032 2026 01 15 08 14 34.67
0   3232.19144  -6116.56999  -1467.00033  -0.7205363  -2.1109484   7.2603298 2026 01 15 08 14 54.67
0   3216.99573  -6157.39033  -1321.47289  -0.7989140  -1.9708960   7.2918759 2026 01 15 08 15 14.67
0   3200.24000  -6195.39820  -1175.34746  -0.8765325  -1.8297119   7.3201264 2026 01 15 08 15 34.67
0   3181.93981  -6230.57164  -1028.69010  -0.9533535  -1.6874619   7.3450675 2026 01 15 08 15 54.67
0   3162.11150  -6262.88999   -881.56712  -1.0293391  -1.5442125   7.3666870 2026 01 15 08 16 14.67
0   3140.77215  -6292.33392   -734.04505  -1.1044521  -1.4000307   7.3849741 2026 01 15 08 16 34.67
0   3117.93957  -6318.88547   -586.19064  -1.1786557  -1.2549842   7.3999197 2026 01 15 08 16 54.67
0   3093.63232  -6342.52803   -438.07080  -1.2519139  -1.1091410   7.4115162 2026 01 15 08 17 14.67
0   3067.86966  -6363.24634   -289.75257  -1.3241913  -0.9625700   7.4197575 2026 01 15 08 17 34.67
0   3040.67155  -6381.02653   -141.30311  -1.3954528  -0.8153401   7.4246389 2026 01 15 08 17 54.67
0   3012.05867  -6395.85614      7.21037  -1.4656643  -0.6675210   7.4261576 2026 01 15 08 18 14.67
0   2982.05233  -6407.72406    155.72058  -1.5347922  -0.5191827   7.4243121 2026 01 15 08 18 34.67
0   2950.67455  -6416.62063    304.16024  -1.6028038  -0.3703954   7.4191024 2026 01 15 08 18 54.67
0   2917.94797  -6422.53755    452.46209  -1.6696668  -0.2212298   7.4105304 2026 01 15 08 19 14.67
0   2883.89588  -6425.46798    600.55891  -1.7353497  -0.0717568   7.3985991 2026 01 15 08 19 34.67
0   2848.54218  -6425.40648    748.38355  -1.7998219   0.0779523   7.3833134 2026 01 15 08 19 54.67
0   2811.91141  -6422.34904    895.86900  -1.8630534   0.2278261   7.3646796 2026 01 15 08 20 14.67
0   2774.02865  -6416.29308   1042.94836  -1.9250150   0.3777931   7.3427056 2026 01 15 08 20 34.67
0   2734.91959  -6407.23746   1189.55492  -1.9856784   0.5277815   7.3174009 2026 01 15 08 20 54.67
0   2694.61048  -6395.18246   1335.62219  -2.0450158   0.6777194   7.2887764 2026 01 15 08 21 14.67
0   2653.12810  -6380.12980   1481.08388  -2.1030005   0.8275350   7.2568447 2026 01 15 08 21 34.67
0   2610.49977  -6362.08267   1625.87398  -2.1596065   0.9771563   7.2216199 2026 01 15 08 21 54.67
0   2566.75332  -6341.04565   1769.92680  -2.2148086   1.1265113   7.1831175 2026 01 15 08 22 14.67
0   2521.91706  -6317.02480   1913.17695  -2.2685826   1.2755282   7.1413546 2026 01 15 08 22 34.67
0   2476.01980  -6290.02759   2055.55940  -2.3209049   1.4241350   7.0963500 2026 01 15 08 22 54.67
0   2429.09079  -6260.06294   2197.00951  -2.3717531   1.5722602   7.0481237 2026 01 15 08 23 14.67
0   2381.15974  -6227.14121   2337.46307  -2.4211054   1.7198322   6.9966973 2026 01 15 08 23 34.67
0   2332.25676  -6191.27416   2476.85630  -2.4689411   1.8667796   6.9420939 2026 01 15 08 23 54.67
0   2282.41241  -6152.47500   2615.12590  -2.5152402   2.0130312   6.8843382 2026 01 15 08 24 14.67
0   2231.65759  -6110.75835   2752.20909  -2.5599837   2.1585162   6.8234562 2026 01 15 08 24 34.67
0   2180.02360  -6066.14025   2888.04362  -2.6031536   2.3031640   6.7594753 2026 01 15 08 24 54.67
0   2127.54208  -6018.63816   3022.56778  -2.6447328   2.4469044   6.6924245 2026 01 15 08 25 14.67
0   2074.24503  -5968.27090   3155.72049  -2.6847049   2.5896675   6.6223341 2026 01 15 08 25 34.67
0   2020.16472  -5915.05873   3287.44126  -2.7230548   2.7313839   6.5492358 2026 01 15 08 25 54.67
0   1965.33375  -5859.02328   3417.67027  -2.7597681   2.8719844   6.4731627 2026 01 15 08 26 14.67
0   1909.78499  -5800.18753   3546.34836  -2.7948314   3.0114007   6.3941493 2026 01 15 08 26 34.67
0   1853.55156  -5738.57586   3673.41708  -2.8282323   3.1495646   6.3122315 2026 01 15 08 26 54.67
0   1796.66683  -5674.21399   3798.81871  -2.8599594   3.2864088   6.2274464 2026 01 15 08 27 14.67
0   1739.16438  -5607.12899   3922.49629  -2.8900020   3.4218662   6.1398325 2026 01 15 08 27 34.67
0   1681.07799  -5537.34925   4044.39363  -2.9183507   3.5558706   6.0494295 2026 01 15 08 27 54.67
0   1622.44164  -5464.90449   4164.45537  -2.9449969   3.6883565   5.9562785 2026 01 15 08 28 14.67
0   1563.28944  -5389.82574   4282.62696  -2.9699330   3.8192587   5.8604218 2026 01 15 08 28 34.67
0   1503.65568  -5312.14530   4398.85472  -2.9931523   3.9485131   5.7619029 2026 01 15 08 28 54.67
0   1443.57474  -5231.89678   4513.08585  -3.0146492   4.0760562   5.6607665 2026 01 15 08 29 14.67
0   1383.08112  -5149.11502   4625.26846  -3.0344190   4.2018253   5.5570586 2026 01 15 08 29 34.67
0   1322.20941  -5063.83613   4735.35158  -3.0524580   4.3257584   5.4508263 2026 01 15 08 29 54.67
0   1260.99424  -4976.09743   4843.28522  -3.0687633   4.4477944   5.3421178 2026 01 15 08 30 14.67
0   1199.47032  -4885.93749   4949.02033  -3.0833332   4.5678733   5.2309824 2026 01 15 08 30 34.67
0   1137.67236  -4793.39602   5052.50887  -3.0961668   4.6859355   5.1174706 2026 01 15 08 30 54.67
0   1075.63508  -4698.51395   5153.70385  -3.1072643   4.8019229   5.0016339 2026 01 15 08 31 14.67
0   1013.39321  -4601.33336   5252.55927  -3.1166268   4.9157778   4.8835249 2026 01 15 08 31 34.67
0    950.98142  -4501.89746   5349.03023  -3.1242563   5.0274439   4.7631971 2026 01 15 08 31 54.67
0    888.43434  -4400.25058   5443.07289  -3.1301557   5.1368657   4.6407051 2026 01 15 08 32 14.67
0    825.78654  -4296.43816   5534.64453  -3.1343290   5.2439887   4.5161044 2026 01 15 08 32 34.67
0    763.07249  -4190.50671   5623.70353  -3.1367811   5.3487597   4.3894515 2026 01 15 08 32 54.67
0    700.32657  -4082.50378   5710.20942  -3.1375177   5.4511264   4.2608039 2026 01 15 08 33 14.67
0    637.58301  -3972.47799   5794.12290  -3.1365456   5.5510376   4.1302198 2026 01 15 08 33 34.67
0    574.87592  -3860.47894   5875.40581  -3.1338724   5.6484432   3.9977583 2026 01 15 08 33 54.67
0    512.23924  -3746.55724   5954.02121  -3.1295067   5.7432944   3.8634794 2026 01 15 08 34 14.67
0    449.70671  -3630.76445   6029.93336  -3.1234579   5.8355436   3.7274440 2026 01 15 08 34 34.67
0    387.31191  -3513.15309   6103.10774  -3.1157363   5.9251441   3.5897136 2026 01 15 08 34 54.67
0    325.08818  -3393.77658   6173.51107  -3.1063532   6.0120509   3.4503504 2026 01 15 08 35 14.67
0    263.06863  -3272.68924   6241.11133  -3.0953206   6.0962198   3.3094176 2026 01 15 08 35 34.67
0    201.28611  -3149.94625   6305.87777  -3.0826516   6.1776080   3.1669789 2026 01 15 08 35 54.67
0    139.77323  -3025.60365   6367.78090  -3.0683600   6.2561742   3.0230986 2026 01 15 08 36 14.67
0     78.56229  -2899.71828   6426.79255  -3.0524603   6.3318782   2.8778419 2026 01 15 08 36 34.67
0     17.68529  -2772.34778   6482.88584  -3.0349683   6.4046812   2.7312743 2026 01 15 08 36 54.67
0    -42.82607  -2643.55054   6536.03522  -3.0159001   6.4745456   2.5834621 2026 01 15 08 37 14.67
0   -102.94044  -2513.38570   6586.21646  -2.9952728   6.5414353   2.4344721 2026 01 15 08 37 34.67
0   -162.62683  -2381.91311   6633.40668  -2.9731045   6.6053157   2.2843715 2026 01 15 08 37 54.67
0   -221.85459  -2249.19328   6677.58434  -2.9494139   6.6661532   2.1332282 2026 01 15 08 38 14.67
0   -280.59348  -2115.28740   6718.72928  -2.9242204   6.7239161   1.9811105 2026 01 15 08 38 34.67
0   -338.81363  -1980.25727   6756.82269  -2.8975444   6.7785736   1.8280869 2026 01 15 08 38 54.67
0   -396.48561  -1844.16528   6791.84714  -2.8694067   6.8300969   1.6742266 2026 01 15 08 39 14.67
0   -453.58039  -1707.07440   6823.78659  -2.8398292   6.8784582   1.5195991 2026 01 15 08 39 34.67
0   -510.06941  -1569.04814   6852.62641  -2.8088343   6.9236315   1.3642742 2026 01 15 08 39 54.67
0   -565.92454  -1430.15050   6878.35334  -2.7764452   6.9655919   1.2083219 2026 01 15 08 40 14.67
0   -621.11815  -1290.44598   6900.95553  -2.7426858   7.0043164   1.0518128 2026 01 15 08 40 34.67
0   -675.62306  -1149.99950   6920.42257  -2.7075804   7.0397832   0.8948175 2026 01 15 08 40 54.67
0   -729.41262  -1008.87644   6936.74543  -2.6711545   7.0719722   0.7374069 2026 01 15 08 41 14.67
0   -782.46066   -867.14254   6949.91652  -2.6334337   7.1008648   0.5796520 2026 01 15 08 41 34.67
0   -834.74155   -724.86389   6959.92966  -2.5944447   7.1264439   0.4216242 2026 01 15 08 41 54.67
0   -886.23021   -582.10692   6966.78012  -2.5542143   7.1486938   0.2633948 2026 01 15 08 42 14.67
0   -936.90207   -438.93837   6970.46458  -2.5127704   7.1676007   0.1050353 2026 01 15 08 42 34.67
0   -986.73314   -295.42521   6970.98114  -2.4701412   7.1831520  -0.0533827 2026 01 15 08 42 54.67
0  -1035.70002   -151.63468   6968.32936  -2.4263555   7.1953369  -0.2117876 2026 01 15 08 43 14.67
0  -1083.77986     -7.63418   6962.51021  -2.3814427   7.2041462  -0.3701077 2026 01 15 08 43 34.67
0  -1130.95042    136.50868   6953.52611  -2.3354327   7.2095721  -0.5282714 2026 01 15 08 43 54.67
0  -1177.19006    280.72617   6941.38090  -2.2883560   7.2116085  -0.6862073 2026 01 15 08 44 14.67
0  -1222.47775    424.95046   6926.07986  -2.2402433   7.2102510  -0.8438437 2026 01 15 08 44 34.67
0  -1266.79309    569.11364   6907.62968  -2.1911262   7.2054965  -1.0011093 2026 01 15 08 44 54.67
0  -1310.11630    713.14775   6886.03849  -2.1410365   7.1973439  -1.1579328 2026 01 15 08 45 14.67
0  -1352.42827    856.98484   6861.31585  -2.0900064   7.1857934  -1.3142432 2026 01 15 08 45 34.67
0  -1393.71049   1000.55695   6833.47273  -2.0380688   7.1708469  -1.4699696 2026 01 15 08 45 54.67
0  -1433.94516   1143.79621   6802.52152  -1.9852567   7.1525079  -1.6250413 2026 01 15 08 46 14.67
0  -1473.11513   1286.63481   6768.47601  -1.9316036   7.1307817  -1.7793879 2026 01 15 08 46 34.67
0  -1511.20390   1429.00507   6731.35140  -1.8771434   7.1056750  -1.9329394 2026 01 15 08 46 54.67
0  -1548.19568   1570.83948   6691.16431  -1.8219104   7.0771961  -2.0856258 2026 01 15 08 47 14.67
0  -1584.07536   1712.07067   6647.93271  -1.7659391   7.0453551  -2.2373779 2026 01 15 08 47 34.67
0  -1618.82852   1852.63152   6601.67600  -1.7092644   7.0101635  -2.3881266 2026 01 15 08 47 54.67
0  -1652.44144   1992.45515   6552.41492  -1.6519214   6.9716346  -2.5378031 2026 01 15 08 48 14.67
0  -1684.90111   2131.47496   6500.17160  -1.5939455   6.9297833  -2.6863394 2026 01 15 08 48 34.67
0  -1716.19524   2269.62467   6444.96953  -1.5353726   6.8846259  -2.8336677 2026 01 15 08 48 54.67
0  -1746.31223   2406.83832   6386.83352  -1.4762384   6.8361806  -2.9797208 2026 01 15 08 49 14.67
0  -1775.24122   2543.05036   6325.78977  -1.4165790   6.7844669  -3.1244321 2026 01 15 08 49 34.67
0  -1802.97208   2678.19563   6261.86576  -1.3564309   6.7295062  -3.2677353 2026 01 15 08 49 54.67
0  -1829.49539   2812.20941   6195.09030  -1.2958305   6.6713212  -3.4095651 2026 01 15 08 50 14.67
0  -1854.80247   2945.02747   6125.49353  -1.2348144   6.6099363  -3.5498564 2026 01 15 08 50 34.67
0  -1878.88538   3076.58604   6053.10685  -1.1734194   6.5453777  -3.6885451 2026 01 15 08 50 54.67
0  -1901.73691   3206.82195   5977.96294  -1.1116824   6.4776727  -3.8255677 2026 01 15 08 51 14.67
0  -1923.35058   3335.67254   5900.09576  -1.0496403   6.4068505  -3.9608612 2026 01 15 08 51 34.67
0  -1943.72066   3463.07578   5819.54052  -0.9873302   6.3329417  -4.0943637 2026 01 15 08 51 54.67
0  -1962.84217   3588.97025   5736.33364  -0.9247892   6.2559786  -4.2260137 2026 01 15 08 52 14.67
0  -1980.71086   3713.29521   5650.51278  -0.8620543   6.1759948  -4.3557509 2026 01 15 08 52 34.67
0  -1997.32322   3835.99058   5562.11680  -0.7991627   6.0930256  -4.4835156 2026 01 15 08 52 54.67
0  -2012.67649   3956.99703   5471.18573  -0.7361515   6.0071077  -4.6092489 2026 01 15 08 53 14.67
0  -2026.76864   4076.25595   5377.76078  -0.6730578   5.9182792  -4.7328930 2026 01 15 08 53 34.67
0  -2039.59840   4193.70954   5281.88431  -0.6099184   5.8265798  -4.8543909 2026 01 15 08 53 54.67
0  -2051.16522   4309.30077   5183.59980  -0.5467705   5.7320507  -4.9736865 2026 01 15 08 54 14.67
0  -2061.46930   4422.97349   5082.95185  -0.4836507   5.6347344  -5.0907248 2026 01 15 08 54 34.67
0  -2070.51157   4534.67237   4979.98615  -0.4205959   5.5346748  -5.2054518 2026 01 15 08 54 54.67
0  -2078.29369   4644.34301   4874.74945  -0.3576425   5.4319174  -5.3178144 2026 01 15 08 55 14.67
0  -2084.81806   4751.93191   4767.28956  -0.2948269   5.3265088  -5.4277608 2026 01 15 08 55 34.67
0  -2090.08780   4857.38654   4657.65532  -0.2321854   5.2184971  -5.5352400 2026 01 15 08 55 54.67
0  -2094.10674   4960.65531   4545.89657  -0.1697541   5.1079319  -5.6402023 2026 01 15 08 56 14.67
0  -2096.87945   5061.68766   4432.06414  -0.1075686   4.9948638  -5.7425992 2026 01 15 08 56 34.67
0  -2098.41120   5160.43405   4316.20980  -0.0456645   4.8793450  -5.8423832 2026 01 15 08 56 54.67
0  -2098.70798   5256.84600   4198.38629   0.0159229   4.7614286  -5.9395080 2026 01 15 08 57 14.67
0  -2097.77646   5350.87610   4078.64724   0.0771586   4.6411694  -6.0339287 2026 01 15 08 57 34.67
0  -2095.62403   5442.47805   3957.04716   0.1380079   4.5186230  -6.1256015 2026 01 15 08 57 54.67
0  -2092.25875   5531.60667   3833.64145   0.1984365   4.3938464  -6.2144838 2026 01 15 08 58 14.67
0  -2087.68940   5618.21793   3708.48634   0.2584104   4.2668978  -6.3005345 2026 01 15 08 58 34.67
0  -2081.92538   5702.26899   3581.63885   0.3178959   4.1378365  -6.3837135 2026 01 15 08 58 54.67
0  -2074.97682   5783.71818   3453.15680   0.3768597   4.0067227  -6.4639824 2026 01 15 08 59 14.67
0  -2066.85446   5862.52509   3323.09878   0.4352691   3.8736181  -6.5413039 2026 01 15 08 59 34.67
0  -2057.56973   5938.65050   3191.52409   0.4930916   3.7385851  -6.6156421 2026 01 15 08 59 54.67
0  -2047.13468   6012.05649   3058.49274   0.5502952   3.6016872  -6.6869626 2026 01 15 09 00 14.67
0  -2035.56200   6082.70639   2924.06543   0.6068484   3.4629889  -6.7552324 2026 01 15 09 00 34.67
0  -2022.86502   6150.56487   2788.30349   0.6627202   3.3225558  -6.8204197 2026 01 15 09 00 54.67
0  -2009.05767   6215.59787   2651.26887   0.7178800   3.1804542  -6.8824945 2026 01 15 09 01 14.67
0  -1994.15448   6277.77271   2513.02411   0.7722978   3.0367514  -6.9414280 2026 01 15 09 01 34.67
0  -1978.17061   6337.05804   2373.63231   0.8259441   2.8915156  -6.9971929 2026 01 15 09 01 54.67
0  -1961.12176   6393.42387   2233.15711   0.8787900   2.7448156  -7.0497636 2026 01 15 09 02 14.67
0  -1943.02422   6446.84164   2091.66264   0.9308072   2.5967212  -7.0991159 2026 01 15 09 02 34.67
0  -1923.89487   6497.28414   1949.21349   0.9819677   2.4473029  -7.1452270 2026 01 15 09 02 54.67
0  -1903.75109   6544.72562   1805.87470   1.0322445   2.2966319  -7.1880757 2026 01 15 09 03 14.67
0  -1882.61083   6589.14174   1661.71172   1.0816110   2.1447799  -7.2276425 2026 01 15 09 03 34.67
0  -1860.49256   6630.50960   1516.79038   1.1300412   1.9918196  -7.2639093 2026 01 15 09 03 54.67
0  -1837.41526   6668.80777   1371.17683   1.1775099   1.8378240  -7.2968595 2026 01 15 09 04 14.67
0  -1813.39840   6704.01626   1224.93757   1.2239924   1.6828666  -7.3264784 2026 01 15 09 04 34.67
0  -1788.46195   6736.11660   1078.13936   1.2694648   1.5270218  -7.3527524 2026 01 15 09 04 54.67
0  -1762.62635   6765.09178    930.84922   1.3139038   1.3703640  -7.3756700 2026 01 15 09 05 14.67
0  -1735.91249   6790.92628    783.13438   1.3572868   1.2129684  -7.3952209 2026 01 15 09 05 34.67
0  -1708.34171   6813.60611    635.06226   1.3995920   1.0549104  -7.4113965 2026 01 15 09 05 54.67
0  -1679.93578   6833.11877    486.70044   1.4407983   0.8962659  -7.4241901 2026 01 15 09 06 14.67
0  -1650.71688   6849.45330    338.11662   1.4808853   0.7371109  -7.4335962 2026 01 15 09 06 34.67
0  -1620.70761   6862.60026    189.37858   1.5198333   0.5775219  -7.4396111 2026 01 15 09 06 54.67
0  -1589.93092   6872.55171     40.55419   1.5576234   0.4175755  -7.4422327 2026 01 15 09 07 14.67
0  -1558.41015   6879.30130   -108.28870   1.5942376   0.2573486  -7.4414606 2026 01 15 09 07 34.67
0  -1526.16902   6882.84418   -257.08221   1.6296584   0.0969181  -7.4372957 2026 01 15 09 07 54.67
0  -1493.23153   6883.17704   -405.75850   1.6638694  -0.0636389  -7.4297409 2026 01 15 09 08 14.67
0  -1459.62206   6880.29814   -554.24984   1.6968547  -0.2242451  -7.4188005 2026 01 15 09 08 34.67
0  -1425.36527   6874.20725   -702.48855   1.7285995  -0.3848236  -7.4044804 2026 01 15 09 08 54.67
0  -1390.48611   6864.90570   -850.40712   1.7590895  -0.5452970  -7.3867882 2026 01 15 09 09 14.67
0  -1355.00981   6852.39638   -997.93819   1.7883115  -0.7055882  -7.3657329 2026 01 15 09 09 34.67
0  -1318.96185   6836.68368  -1145.01460   1.8162529  -0.8656203  -7.3413253 2026 01 15 09 09 54.67
0  -1282.36798   6817.77357  -1291.56944   1.8429020  -1.0253164  -7.3135776 2026 01 15 09 10 14.67
0  -1245.25414   6795.67354  -1437.53602   1.8682480  -1.1845997  -7.2825037 2026 01 15 09 10 34.67
0  -1207.64650   6770.39260  -1582.84799   1.8922808  -1.3433937  -7.2481190 2026 01 15 09 10 54.67
0  -1169.57142   6741.94131  -1727.43929   1.9149913  -1.5016224  -7.2104405 2026 01 15 09 11 14.67
0  -1131.05542   6710.33173  -1871.24423   1.9363712  -1.6592096  -7.1694867 2026 01 15 09 11 34.67
0  -1092.12520   6675.57744  -2014.19750   1.9564129  -1.8160799  -7.1252775 2026 01 15 09 11 54.67
0  -1052.80758   6637.69355  -2156.23421   1.9751098  -1.9721581  -7.0778344 2026 01 15 09 12 14.67
0  -1013.12953   6596.69664  -2297.28990   1.9924562  -2.1273693  -7.0271806 2026 01 15 09 12 34.67
0   -973.11810   6552.60479  -2437.30061   2.0084470  -2.2816392  -6.9733405 2026 01 15 09 12 54.67
0   -932.80044   6505.43757  -2576.20286   2.0230781  -2.4348940  -6.9163401 2026 01 15 09 13 14.67
0   -892.20380   6455.21602  -2713.93372   2.0363464  -2.5870603  -6.8562068 2026 01 15 09 13 34.67
0   -851.35544   6401.96263  -2850.43083   2.0482493  -2.7380655  -6.7929695 2026 01 15 09 13 54.67
0   -810.28270   6345.70136  -2985.63240   2.0587854  -2.8878374  -6.7266584 2026 01 15 09 14 14.67
0   -769.01291   6286.45758  -3119.47727   2.0679538  -3.0363045  -6.6573052 2026 01 15 09 14 34.67
0   -727.57343   6224.25810  -3251.90492   2.0757549  -3.1833959  -6.5849430 2026 01 15 09 14 54.67
0   -685.99160   6159.13113  -3382.85553   2.0821894  -3.3290415  -6.5096061 2026 01 15 09 15 14.67
0   -644.29474   6091.10629  -3512.26995   2.0872592  -3.4731721  -6.4313303 2026 01 15 09 15 34.67
0   -602.51011   6020.21457  -3640.08977   2.0909669  -3.6157189  -6.3501526 2026 01 15 09 15 54.67
0   -560.66492   5946.48831  -3766.25734   2.0933160  -3.7566143  -6.2661114 2026 01 15 09 16 14.67
0   -518.78630   5869.96122  -3890.71578   2.0943107  -3.8957912  -6.1792464 2026 01 15 09 16 34.67
0   -476.90130   5790.66833  -4013.40902   2.0939561  -4.0331836  -6.0895983 2026 01 15 09 16 54.67
0   -435.03683   5708.64598  -4134.28182   2.0922581  -4.1687263  -5.9972094 2026 01 15 09 17 14.67
0   -393.21971   5623.93181  -4253.27980   2.0892233  -4.3023552  -5.9021229 2026 01 15 09 17 34.67
0   -351.47658   5536.56473  -4370.34945   2.0848593  -4.4340069  -5.8043833 2026 01 15 09 17 54.67
0   -309.83397   5446.58491  -4485.43815   2.0791743  -4.5636192  -5.7040362 2026 01 15 09 18 14.67
0   -268.31819   5354.03374  -4598.49423   2.0721774  -4.6911308  -5.6011284 2026 01 15 09 18 34.67
0   -226.95539   5258.95386  -4709.46695   2.0638783  -4.8164815  -5.4957077 2026 01 15 09 18 54.67
0   -185.77151   5161.38906  -4818.30654   2.0542876  -4.9396122  -5.3878232 2026 01 15 09 19 14.67
0   -144.79227   5061.38433  -4924.96422   2.0434167  -5.0604649  -5.2775249 2026 01 15 09 19 34.67
0   -104.04314   4958.98579  -5029.39223   2.0312776  -5.1789827  -5.1648637 2026 01 15 09 19 54.67
0    -63.54938   4854.24072  -5131.54382   2.0178830  -5.2951098  -5.0498917 2026 01 15 09 20 14.67
0    -23.33595   4747.19746  -5231.37331   2.0032465  -5.4087917  -4.9326620 2026 01 15 09 20 34.67
0     16.57244   4637.90546  -5328.83608   1.9873824  -5.5199748  -4.8132284 2026 01 15 09 20 54.67
0     56.15140   4526.41521  -5423.88860   1.9703054  -5.6286072  -4.6916459 2026 01 15 09 21 14.67
0     95.37682   4412.77824  -5516.48845   1.9520312  -5.7346378  -4.5679701 2026 01 15 09 21 34.67
0    134.22492   4297.04709  -5606.59433   1.9325761  -5.8380170  -4.4422579 2026 01 15 09 21 54.67
0    172.67225   4179.27526  -5694.16607   1.9119571  -5.9386964  -4.3145665 2026 01 15 09 22 14.67
0    210.69571   4059.51723  -5779.16469   1.8901915  -6.0366289  -4.1849544 2026 01 15 09 22 34.67
0    248.27254   3937.82839  -5861.55235   1.8672978  -6.1317688  -4.0534805 2026 01 15 09 22 54.67
0    285.38037   3814.26505  -5941.29242   1.8432947  -6.2240715  -3.9202047 2026 01 15 09 23 14.67
0    321.99721   3688.88437  -6018.34946   1.8182017  -6.3134939  -3.7851876 2026 01 15 09 23 34.67
0    358.10145   3561.74439  -6092.68925   1.7920387  -6.3999945  -3.6484903 2026 01 15 09 23 54.67
0    393.67191   3432.90394  -6164.27881   1.7648265  -6.4835327  -3.5101748 2026 01 15 09 24 14.67
0    428.68780   3302.42266  -6233.08639   1.7365862  -6.5640697  -3.3703037 2026 01 15 09 24 34.67
0    463.12879   3170.36096  -6299.08153   1.7073396  -6.6415680  -3.2289401 2026 01 15 09 24 54.67
0    496.97497   3036.77997  -6362.23499   1.6771089  -6.7159913  -3.0861478 2026 01 15 09 25 14.67
0    530.20689   2901.74155  -6422.51885   1.6459169  -6.7873051  -2.9419911 2026 01 15 09 25 34.67
0    562.80555   2765.30821  -6479.90648   1.6137870  -6.8554762  -2.7965348 2026 01 15 09 25 54.67
0    594.75242   2627.54313  -6534.37251   1.5807430  -6.9204726  -2.6498443 2026 01 15 09 26 14.67
0    626.02948   2488.51011  -6585.89294   1.5468090  -6.9822643  -2.5019855 2026 01 15 09 26 34.67
0    656.61916   2348.27353  -6634.44506   1.5120100  -7.0408223  -2.3530246 2026 01 15 09 26 54.67
0    686.50443   2206.89835  -6680.00748   1.4763711  -7.0961193  -2.2030282 2026 01 15 09 27 14.67
0    715.66872   2064.45004  -6722.56016   1.4399178  -7.1481296  -2.0520636 2026 01 15 09 27 34.67
0    744.09603   1920.99458  -6762.08443   1.4026763  -7.1968288  -1.9001980 2026 01 15 09 27 54.67
0    771.77084   1776.59844  -6798.56293   1.3646730  -7.2421941  -1.7474994 2026 01 15 09 28 14.67
0    798.67819   1631.32849  -6831.97967   1.3259347  -7.2842043  -1.5940357 2026 01 15 09 28 34.67
0    824.80365   1485.25205  -6862.32006   1.2864886  -7.3228397  -1.4398754 2026 01 15 09 28 54.67
0    850.13333   1338.43679  -6889.57082   1.2463622  -7.3580820  -1.2850871 2026 01 15 09 29 14.67
0    874.65392   1190.95075  -6913.72010   1.2055835  -7.3899146  -1.1297397 2026 01 15 09 29 34.67
0    898.35264   1042.86227  -6934.75740   1.1641806  -7.4183225  -0.9739021 2026 01 15 09 29 54.67
0    921.21730    894.23999  -6952.67360   1.1221820  -7.4432920  -0.8176436 2026 01 15 09 30 14.67
0    943.23627    745.15280  -6967.46099   1.0796165  -7.4648113  -0.6610336 2026 01 15 09 30 34.67
0    964.39850    595.66980  -6979.11322   1.0365132  -7.4828698  -0.5041415 2026 01 15 09 30 54.67
0    984.69352    445.86032  -6987.62535   0.9929013  -7.4974588  -0.3470369 2026 01 15 09 31 14.67
0   1004.11146    295.79381  -6992.99383   0.9488104  -7.5085709  -0.1897895 2026 01 15 09 31 34.67
0   1022.64305    145.53988  -6995.21649   0.9042703  -7.5162004  -0.0324689 2026 01 15 09 31 54.67
0   1040.27958     -4.83179  -6994.29257   0.8593108  -7.5203433   0.1248553 2026 01 15 09 32 14.67
0   1057.01298   -155.25142  -6990.22269   0.8139622  -7.5209968   0.2821133 2026 01 15 09 32 34.67
0   1072.83576   -305.64922  -6983.00887   0.7682547  -7.5181601   0.4392355 2026 01 15 09 32 54.67
0   1087.74106   -455.95538  -6972.65452   0.7222188  -7.5118337   0.5961525 2026 01 15 09 33 14.67
0   1101.72260   -606.10013  -6959.16445   0.6758851  -7.5020198   0.7527947 2026 01 15 09 33 34.67
0   1114.77475   -756.01375  -6942.54484   0.6292842  -7.4887222   0.9090929 2026 01 15 09 33 54.67
0   1126.89246   -905.62662  -6922.80326   0.5824471  -7.4719460   1.0649779 2026 01 15 09 34 14.67
0   1138.07132  -1054.86923  -6899.94867   0.5354044  -7.4516982   1.2203807 2026 01 15 09 34 34.67
0   1148.30753  -1203.67222  -6873.99139   0.4881873  -7.4279873   1.3752325 2026 01 15 09 34 54.67
0   1157.59790  -1351.96644  -6844.94315   0.4408267  -7.4008232   1.5294649 2026 01 15 09 35 14.67
0   1165.93988  -1499.68293  -6812.81700   0.3933536  -7.3702176   1.6830094 2026 01 15 09 35 34.67
0   1173.33153  -1646.75298  -6777.62739   0.3457990  -7.3361836   1.8357982 2026 01 15 09 35 54.67
0   1179.77153  -1793.10818  -6739.39011   0.2981940  -7.2987358   1.9877634 2026 01 15 09 36 14.67
0   1185.25918  -1938.68041  -6698.12231   0.2505695  -7.2578905   2.1388379 2026 01 15 09 36 34.67
0   1189.79440  -2083.40188  -6653.84247   0.2029565  -7.2136655   2.2889545 2026 01 15 09 36 54.67
0   1193.37773  -2227.20521  -6606.57042   0.1553860  -7.1660802   2.4380468 2026 01 15 09 37 14.67
0   1196.01033  -2370.02337  -6556.32730   0.1078887  -7.1151554   2.5860484 2026 01 15 09 37 34.67
0   1197.69397  -2511.78982  -6503.13560   0.0604954  -7.0609134   2.7328938 2026 01 15 09 37 54.67
0   1198.43104  -2652.43843  -6447.01908   0.0132368  -7.0033783   2.8785177 2026 01 15 09 38 14.67
0   1198.22454  -2791.90361  -6388.00283  -0.0338568  -6.9425754   3.0228552 2026 01 15 09 38 34.67
0   1197.07806  -2930.12025  -6326.11322  -0.0807549  -6.8785317   3.1658422 2026 01 15 09 38 54.67
0   1194.99583  -3067.02382  -6261.37791  -0.1274273  -6.8112756   3.3074149 2026 01 15 09 39 14.67
0   1191.98265  -3202.55038  -6193.82580  -0.1738440  -6.7408369   3.4475104 2026 01 15 09 39 34.67
0   1188.04395  -3336.63657  -6123.48707  -0.2199751  -6.6672471   3.5860661 2026 01 15 09 39 54.67
0   1183.18572  -3469.21971  -6050.39314  -0.2657911  -6.5905391   3.7230200 2026 01 15 09 40 14.67
0   1177.41457  -3600.23778  -5974.57666  -0.3112626  -6.5107471   3.8583111 2026 01 15 09 40 34.67
0   1170.73768  -3729.62944  -5896.07149  -0.3563604  -6.4279069   3.9918788 2026 01 15 09 40 54.67
0   1163.16281  -3857.33410  -5814.91270  -0.4010556  -6.3420556   4.1236632 2026 01 15 09 41 14.67
0   1154.69830  -3983.29192  -5731.13655  -0.4453196  -6.2532318   4.2536053 2026 01 15 09 41 34.67
0   1145.35306  -4107.44386  -5644.78047  -0.4891241  -6.1614756   4.3816468 2026 01 15 09 41 54.67
0   1135.13655  -4229.73168  -5555.88306  -0.5324411  -6.0668282   4.5077300 2026 01 15 09 42 14.67
0   1124.05882  -4350.09797  -5464.48404  -0.5752430  -5.9693325   4.6317985 2026 01 15 09 42 34.67
0   1112.13042  -4468.48621  -5370.62427  -0.6175023  -5.8690325   4.7537961 2026 01 15 09 42 54.67
0   1099.36249  -4584.84077  -5274.34573  -0.6591921  -5.7659736   4.8736679 2026 01 15 09 43 14.67
0   1085.76669  -4699.10694  -5175.69147  -0.7002858  -5.6602027   4.9913598 2026 01 15 09 43 34.67
0   1071.35519  -4811.23095  -5074.70563  -0.7407572  -5.5517677   5.1068186 2026 01 15 09 43 54.67
0   1056.14070  -4921.16002  -4971.43339  -0.7805805  -5.4407181   5.2199920 2026 01 15 09 44 14.67
0   1040.13644  -5028.84236  -4865.92098  -0.8197303  -5.3271043   5.3308287 2026 01 15 09 44 34.67
0   1023.35614  -5134.22720  -4758.21563  -0.8581816  -5.2109784   5.4392783 2026 01 15 09 44 54.67
0   1005.81399  -5237.26483  -4648.36559  -0.8959099  -5.0923933   5.5452917 2026 01 15 09 45 14.67
0    987.52472  -5337.90660  -4536.42007  -0.9328912  -4.9714033   5.6488204 2026 01 15 09 45 34.67
0    968.50349  -5436.10498  -4422.42922  -0.9691019  -4.8480639   5.7498173 2026 01 15 09 45 54.67
0    948.76594  -5531.81355  -4306.44416  -1.0045190  -4.7224317   5.8482362 2026 01 15 09 46 14.67
0    928.32818  -5624.98701  -4188.51689  -1.0391199  -4.5945644   5.9440323 2026 01 15 09 46 34.67
0    907.20675  -5715.58127  -4068.70031  -1.0728825  -4.4645209   6.0371615 2026 01 15 09 46 54.67
0    885.41864  -5803.55338  -3947.04819  -1.1057854  -4.3323611   6.1275811 2026 01 15 09 47 14.67
0    862.98124  -5888.86165  -3823.61513  -1.1378077  -4.1981461   6.2152497 2026 01 15 09 47 34.67
0    839.91237  -5971.46557  -3698.45657  -1.1689289  -4.0619378   6.3001268 2026 01 15 09 47 54.67
0    816.23026  -6051.32593  -3571.62873  -1.1991291  -3.9237993   6.3821732 2026 01 15 09 48 14.67
0    791.95351  -6128.40474  -3443.18860  -1.2283893  -3.7837946   6.4613513 2026 01 15 09 48 34.67
0    767.10113  -6202.66534  -3313.19391  -1.2566908  -3.6419885   6.5376241 2026 01 15 09 48 54.67
0    741.69245  -6274.07236  -3181.70313  -1.2840154  -3.4984471   6.6109565 2026 01 15 09 49 14.67
0    715.74719  -6342.59176  -3048.77540  -1.3103459  -3.3532370   6.6813144 2026 01 15 09 49 34.67
0    689.28541  -6408.19084  -2914.47056  -1.3356655  -3.2064259   6.7486649 2026 01 15 09 49 54.67
0    662.32749  -6470.83827  -2778.84905  -1.3599581  -3.0580822   6.8129768 2026 01 15 09 50 14.67
0    634.89411  -6530.50408  -2641.97196  -1.3832081  -2.9082751   6.8742199 2026 01 15 09 50 34.67
0    607.00628  -6587.15970  -2503.90094  -1.4054009  -2.7570746   6.9323656 2026 01 15 09 50 54.67
0    578.68529  -6640.77798  -2364.69823  -1.4265222  -2.6045514   6.9873866 2026 01 15 09 51 14.67
0    549.95271  -6691.33318  -2224.42657  -1.4465586  -2.4507770   7.0392570 2026 01 15 09 51 34.67
0    520.83035  -6738.80098  -2083.14922  -1.4654975  -2.2958234   7.0879523 2026 01 15 09 51 54.67
0    491.34029  -6783.15854  -1940.92993  -1.4833266  -2.1397634   7.1334494 2026 01 15 09 52 14.67
0    461.50484  -6824.38446  -1797.83286  -1.5000348  -1.9826701   7.1757269 2026 01 15 09 52 34.67
0    431.34652  -6862.45881  -1653.92261  -1.5156114  -1.8246175   7.2147645 2026 01 15 09 52 54.67
0    400.88808  -6897.36315  -1509.26418  -1.5300464  -1.6656798   7.2505436 2026 01 15 09 53 14.67
0    370.15242  -6929.08052  -1363.92289  -1.5433307  -1.5059321   7.2830470 2026 01 15 09 53 34.67
0    339.16266  -6957.59547  -1217.96444  -1.5554559  -1.3454494   7.3122590 2026 01 15 09 53 54.67
0    307.94205  -6982.89407  -1071.45478  -1.5664143  -1.1843076   7.3381654 2026 01 15 09 54 14.67
0    276.51399  -7004.96388   -924.46015  -1.5761990  -1.0225827   7.3607536 2026 01 15 09 54 34.67
0    244.90203  -7023.79402   -777.04704  -1.5848037  -0.8603511   7.3800124 2026 01 15 09 54 54.67
0    213.12982  -7039.37511   -629.28213  -1.5922230  -0.6976894   7.3959321 2026 01 15 09 55 14.67
0    181.22112  -7051.69932   -481.23228  -1.5984523  -0.5346747   7.4085048 2026 01 15 09 55 34.67
0    149.19976  -7060.76036   -332.96451  -1.6034876  -0.3713839   7.4177238 2026 01 15 09 55 54.67
0    117.08965  -7066.55349   -184.54593  -1.6073259  -0.2078946   7.4235842 2026 01 15 09 56 14.67
0     84.91478  -7069.07550    -36.04375  -1.6099646  -0.0442842   7.4260825 2026 01 15 09 56 34.67
0     52.69913  -7068.32474    112.47475  -1.6114024   0.1193699   7.4252167 2026 01 15 09 56 54.67
0     20.46674  -7064.30113    260.94230  -1.6116382   0.2829900   7.4209867 2026 01 15 09 57 14.67
0    -11.75835  -7057.00611    409.29163  -1.6106722   0.4464983   7.4133935 2026 01 15 09 57 34.67
0    -43.95211  -7046.44270    557.45548  -1.6085049   0.6098175   7.4024399 2026 01 15 09 57 54.67
0    -76.09052  -7032.61546    705.36671  -1.6051379   0.7728698   7.3881304 2026 01 15 09 58 14.67
0   -108.14962  -7015.53048    852.95824  -1.6005734   0.9355778   7.3704707 2026 01 15 09 58 34.67
0   -140.10548  -6995.19545   1000.16314  -1.5948146   1.0978643   7.3494683 2026 01 15 09 58 54.67
0   -171.93426  -6971.61954   1146.91465  -1.5878652   1.2596522   7.3251323 2026 01 15 09 59 14.67
0   -203.61219  -6944.81352   1293.14619  -1.5797298   1.4208644   7.2974730 2026 01 15 09 59 34.67
0   -235.11559  -6914.78964   1438.79143  -1.5704137   1.5814245   7.2665027 2026 01 15 09 59 54.67
0   -266.42092  -6881.56173   1583.78428  -1.5599231   1.7412560   7.2322349 2026 01 15 10 00 14.67
0   -297.50476  -6845.14511   1728.05893  -1.5482648   1.9002830   7.1946849 2026 01 15 10 00 34.67
0   -328.34382  -6805.55662   1871.54990  -1.5354464   2.0584298   7.1538692 2026 01 15 10 00 54.67
0   -358.91498  -6762.81463   2014.19206  -1.5214764   2.2156213   7.1098060 2026 01 15 10 01 14.67
0   -389.19531  -6716.93898   2155.92066  -1.5063638   2.3717828   7.0625151 2026 01 15 10 01 34.67
0   -419.16204  -6667.95102   2296.67134  -1.4901185   2.5268399   7.0120177 2026 01 15 10 01 54.67
0   -448.79263  -6615.87358   2436.38021  -1.4727511   2.6807190   6.9583364 2026 01 15 10 02 14.67
0   -478.06475  -6560.73094   2574.98382  -1.4542729   2.8333470   6.9014953 2026 01 15 10 02 34.67
0   -506.95631  -6502.54885   2712.41923  -1.4346959   2.9846512   6.8415201 2026 01 15 10 02 54.67
0   -535.44544  -6441.35451   2848.62403  -1.4140330   3.1345599   6.7784379 2026 01 15 10 03 14.67
0   -563.51057  -6377.17654   2983.53636  -1.3922974   3.2830018   6.7122771 2026 01 15 10 03 34.67
0   -591.13038  -6310.04498   3117.09494  -1.3695034   3.4299064   6.6430677 2026 01 15 10 03 54.67
0   -618.28386  -6239.99128   3249.23912  -1.3456659   3.5752040   6.5708409 2026 01 15 10 04 14.67
0   -644.95028  -6167.04826   3379.90886  -1.3208003   3.7188257   6.4956296 2026 01 15 10 04 34.67
0   -671.10924  -6091.25013   3509.04482  -1.2949228   3.8607032   6.4174677 2026 01 15 10 04 54.67
0   -696.74068  -6012.63244   3636.58833  -1.2680502   4.0007693   6.3363907 2026 01 15 10 05 14.67
0   -721.82486  -5931.23209   3762.48147  -1.2402000   4.1389577   6.2524355 2026 01 15 10 05 34.67
0   -746.34242  -5847.08729   3886.66703  -1.2113904   4.2752028   6.1656400 2026 01 15 10 05 54.67
0   -770.27434  -5760.23755   4009.08861  -1.1816401   4.4094401   6.0760437 2026 01 15 10 06 14.67
0   -793.60202  -5670.72366   4129.69060  -1.1509684   4.5416062   5.9836873 2026 01 15 10 06 34.67
0   -816.30721  -5578.58767   4248.41821  -1.1193953   4.6716383   5.8886127 2026 01 15 10 06 54.67
0   -838.37210  -5483.87289   4365.21750  -1.0869413   4.7994752   5.7908630 2026 01 15 10 07 14.67
0   -859.77928  -5386.62381   4480.03541  -1.0536275   4.9250563   5.6904827 2026 01 15 10 07 34.67
0   -880.51177  -5286.88616   4592.81980  -1.0194757   5.0483223   5.5875173 2026 01 15 10 07 54.67
0   -900.55302  -5184.70681   4703.51941  -0.9845081   5.1692151   5.4820136 2026 01 15 10 08 14.67
0   -919.88695  -5080.13381   4812.08395  -0.9487474   5.2876777   5.3740195 2026 01 15 10 08 34.67
0   -938.49793  -4973.21631   4918.46412  -0.9122169   5.4036541   5.2635840 2026 01 15 10 08 54.67
0   -956.37081  -4864.00460   5022.61158  -0.8749404   5.5170898   5.1507573 2026 01 15 10 09 14.67
0   -973.49089  -4752.55001   5124.47901  -0.8369422   5.6279314   5.0355905 2026 01 15 10 09 34.67
0   -989.84400  -4638.90496   5224.02014  -0.7982470   5.7361266   4.9181359 2026 01 15 10 09 54.67
0  -1005.41644  -4523.12289   5321.18973  -0.7588802   5.8416247   4.7984469 2026 01 15 10 10 14.67
0  -1020.19504  -4405.25824   5415.94365  -0.7188672   5.9443761   4.6765776 2026 01 15 10 10 34.67
0  -1034.16714  -4285.36642   5508.23883  -0.6782344   6.0443326   4.5525833 2026 01 15 10 10 54.67
0  -1047.32060  -4163.50381   5598.03333  -0.6370081   6.1414472   4.4265203 2026 01 15 10 11 14.67
0  -1059.64383  -4039.72769   5685.28636  -0.5952153   6.2356745   4.2984457 2026 01 15 10 11 34.67
0  -1071.12576  -3914.09627   5769.95826  -0.5528833   6.3269703   4.1684175 2026 01 15 10 11 54.67
0  -1081.75588  -3786.66861   5852.01054  -0.5100398   6.4152919   4.0364946 2026 01 15 10 12 14.67
0  -1091.52425  -3657.50459   5931.40591  -0.4667128   6.5005980   3.9027368 2026 01 15 10 12 34.67
0  -1100.42148  -3526.66494   6008.10827  -0.4229306   6.5828488   3.7672046 2026 01 15 10 12 54.67
0  -1108.43876  -3394.21114   6082.08275  -0.3787219   6.6620059   3.6299594 2026 01 15 10 13 14.67
0  -1115.56783  -3260.20544   6153.29570  -0.3341157   6.7380323   3.4910632 2026 01 15 10 13 34.67
0  -1121.80104  -3124.71082   6221.71474  -0.2891413   6.8108927   3.3505790 2026 01 15 10 13 54.67
0  -1127.13133  -2987.79094   6287.30873  -0.2438281   6.8805531   3.2085702 2026 01 15 10 14 14.67
0  -1131.55221  -2849.51012   6350.04784  -0.1982059   6.9469811   3.0651010 2026 01 15 10 14 34.67
0  -1135.05780  -2709.93331   6409.90349  -0.1523047   7.0101460   2.9202364 2026 01 15 10 14 54.67
0  -1137.64283  -2569.12609   6466.84843  -0.1061547   7.0700183   2.7740418 2026 01 15 10 15 14.67
0  -1139.30262  -2427.15459   6520.85673  -0.0597863   7.1265704   2.6265832 2026 01 15 10 15 34.67
0  -1140.03312  -2284.08546   6571.90376  -0.0132301   7.1797760   2.4779273 2026 01 15 10 15 54.67
0  -1139.83086  -2139.98589   6619.96626   0.0334831   7.2296107   2.3281412 2026 01 15 10 16 14.67
0  -1138.69302  -1994.92354   6665.02230   0.0803226   7.2760513   2.1772927 2026 01 15 10 16 34.67
0  -1136.61739  -1848.96649   6707.05131   0.1272573   7.3190766   2.0254497 2026 01 15 10 16 54.67
0  -1133.60237  -1702.18326   6746.03408   0.1742560   7.3586666   1.8726809 2026 01 15 10 17 14.67
0  -1129.64699  -1554.64274   6781.95279   0.2212877   7.3948033   1.7190553 2026 01 15 10 17 34.67
0  -1124.75091  -1406.41416   6814.79100   0.2683211   7.4274701   1.5646422 2026 01 15 10 17 54.67
0  -1118.91439  -1257.56707   6844.53365   0.3153248   7.4566521   1.4095114 2026 01 15 10 18 14.67
0  -1112.13836  -1108.17131   6871.16710   0.3622676   7.4823360   1.2537328 2026 01 15 10 18 34.67
0  -1104.42434   -958.29695   6894.67908   0.4091181   7.5045102   1.0973769 2026 01 15 10 18 54.67
0  -1095.77450   -808.01429   6915.05875   0.4558449   7.5231647   0.9405142 2026 01 15 10 19 14.67
0  -1086.19161   -657.39380   6932.29670   0.5024168   7.5382913   0.7832156 2026 01 15 10 19 34.67
0  -1075.67909   -506.50613   6946.38491   0.5488024   7.5498832   0.6255520 2026 01 15 10 19 54.67
0  -1064.24098   -355.42201   6957.31680   0.5949706   7.5579354   0.4675948 2026 01 15 10 20 14.67
0  -1051.88193   -204.21227   6965.08720   0.6408903   7.5624446   0.3094153 2026 01 15 10 20 34.67
0  -1038.60724    -52.94779   6969.69239   0.6865304   7.5634091   0.1510849 2026 01 15 10 20 54.67
0  -1024.42279     98.30052   6971.13006   0.7318599   7.5608289  -0.0073248 2026 01 15 10 21 14.67
0  -1009.33511    249.46180   6969.39934   0.7768483   7.5547056  -0.1657422 2026 01 15 10 21 34.67
0   -993.35133    400.46520   6964.50080   0.8214647   7.5450425  -0.3240956 2026 01 15 10 21 54.67
0   -976.47919    551.23999   6956.43644   0.8656787   7.5318447  -0.4823135 2026 01 15 10 22 14.67
0   -958.72704    701.71553   6945.20967   0.9094602   7.5151187  -0.6403242 2026 01 15 10 22 34.67
0   -940.10383    851.82133   6930.82537   0.9527790   7.4948728  -0.7980562 2026 01 15 10 22 54.67
0   -920.61912   1001.48710   6913.28981   0.9956054   7.4711170  -0.9554381 2026 01 15 10 23 14.67
0   -900.28305   1150.64276   6892.61071   1.0379097   7.4438629  -1.1123986 2026 01 15 10 23 34.67
0   -879.10636   1299.21846   6868.79721   1.0796626   7.4131237  -1.2688665 2026 01 15 10 23 54.67
0   -857.10036   1447.14465   6841.85988   1.1208351   7.3789143  -1.4247710 2026 01 15 10 24 14.67
0   -834.27695   1594.35210   6811.81068   1.1613985   7.3412513  -1.5800413 2026 01 15 10 24 34.67
0   -810.64860   1740.77190   6778.66301   1.2013243   7.3001528  -1.7346069 2026 01 15 10 24 54.67
0   -786.22834   1886.33555   6742.43167   1.2405845   7.2556386  -1.8883976 2026 01 15 10 25 14.67
0   -761.02975   2030.97494   6703.13285   1.2791513   7.2077301  -2.0413435 2026 01 15 10 25 34.67
0   -735.06699   2174.62241   6660.78414   1.3169973   7.1564503  -2.1933752 2026 01 15 10 25 54.67
0   -708.35474   2317.21078   6615.40452   1.3540956   7.1018239  -2.3444234 2026 01 15 10 26 14.67
0   -680.90822   2458.67338   6567.01434   1.3904195   7.0438770  -2.4944194 2026 01 15 10 26 34.67
0   -652.74318   2598.94408   6515.63534   1.4259430   6.9826375  -2.6432948 2026 01 15 10 26 54.67
0   -623.87588   2737.95731   6461.29060   1.4606403   6.9181347  -2.7909819 2026 01 15 10 27 14.67
0   -594.32310   2875.64812   6404.00457   1.4944860   6.8503994  -2.9374131 2026 01 15 10 27 34.67
0   -564.10213   3011.95217   6343.80302   1.5274556   6.7794643  -3.0825218 2026 01 15 10 27 54.67
0   -533.23072   3146.80581   6280.71308   1.5595245   6.7053631  -3.2262415 2026 01 15 10 28 14.67
0   -501.72714   3280.14607   6214.76318   1.5906689   6.6281316  -3.3685067 2026 01 15 10 28 34.67
0   -469.61010   3411.91071   6145.98307   1.6208657   6.5478067  -3.5092523 2026 01 15 10 28 54.67
0   -436.89879   3542.03825   6074.40377   1.6500920   6.4644269  -3.6484137 2026 01 15 10 29 14.67
0   -403.61284   3670.46798   6000.05761   1.6783256   6.3780321  -3.7859274 2026 01 15 10 29 34.67
0   -369.77232   3797.14002   5922.97818   1.7055448   6.2886639  -3.9217301 2026 01 15 10 29 54.67
0   -335.39773   3921.99532   5843.20032   1.7317286   6.1963651  -4.0557597 2026 01 15 10 30 14.67
0   -300.50999   4044.97572   5760.76010   1.7568564   6.1011799  -4.1879546 2026 01 15 10 30 34.67
0   -265.13040   4166.02393   5675.69483   1.7809085   6.0031542  -4.3182541 2026 01 15 10 30 54.67
0   -229.28069   4285.08362   5588.04302   1.8038654   5.9023349  -4.4465982 2026 01 15 10 31 14.67
0   -192.98295   4402.09940   5497.84437   1.8257087   5.7987705  -4.5729279 2026 01 15 10 31 34.67
0   -156.25962   4517.01686   5405.13974   1.8464202   5.6925107  -4.6971851 2026 01 15 10 31 54.67
0   -119.13352   4629.78259   5309.97116   1.8659828   5.5836068  -4.8193125 2026 01 15 10 32 14.67
0    -81.62779   4740.34425   5212.38180   1.8843797   5.4721109  -4.9392537 2026 01 15 10 32 34.67
0    -43.76590   4848.65052   5112.41591   1.9015949   5.3580769  -5.0569535 2026 01 15 10 32 54.67
0     -5.57165   4954.65119   5010.11889   1.9176133   5.2415596  -5.1723575 2026 01 15 10 33 14.67
0     32.93087   5058.29714   4905.53719   1.9324202   5.1226151  -5.2854125 2026 01 15 10 33 34.67
0     71.71732   5159.54042   4798.71829   1.9460018   5.0013008  -5.3960661 2026 01 15 10 33 54.67
0    110.76303   5258.33419   4689.71076   1.9583450   4.8776750  -5.5042671 2026 01 15 10 34 14.67
0    150.04312   5354.63283   4578.56413   1.9694374   4.7517976  -5.6099656 2026 01 15 10 34 34.67
0    189.53247   5448.39191   4465.32896   1.9792674   4.6237291  -5.7131126 2026 01 15 10 34 54.67
0    229.20569   5539.56822   4350.05674   1.9878241   4.4935313  -5.8136603 2026 01 15 10 35 14.67
0    269.03724   5628.11980   4232.79994   1.9950974   4.3612673  -5.9115622 2026 01 15 10 35 34.67
0    309.00135   5714.00597   4113.61193   2.0010780   4.2270008  -6.0067728 2026 01 15 10 35 54.67
0    349.07207   5797.18731   3992.54698   2.0057574   4.0907966  -6.0992481 2026 01 15 10 36 14.67
0    389.22330   5877.62574   3869.66021   2.0091278   3.9527208  -6.1889451 2026 01 15 10 36 34.67
0    429.42880   5955.28449   3745.00763   2.0111823   3.8128399  -6.2758222 2026 01 15 10 36 54.67
0    469.66218   6030.12812   3618.64602   2.0119147   3.6712217  -6.3598392 2026 01 15 10 37 14.67
0    509.89694   6102.12258   3490.63300   2.0113197   3.5279346  -6.4409571 2026 01 15 10 37 34.67
0    550.10649   6171.23517   3361.02690   2.0093928   3.3830480  -6.5191382 2026 01 15 10 37 54.67
0    590.26415   6237.43461   3229.88685   2.0061303   3.2366321  -6.5943464 2026 01 15 10 38 14.67
0    630.34318   6300.69102   3097.27264   2.0015293   3.0887575  -6.6665466 2026 01 15 10 38 34.67
0    670.31679   6360.97594   2963.24477   1.9955879   2.9394961  -6.7357056 2026 01 15 10 38 54.67
0    710.15815   6418.26235   2827.86440   1.9883047   2.7889199  -6.8017911 2026 01 15 10 39 14.67
0    749.84043   6472.52469   2691.19330   1.9796794   2.6371020  -6.8647727 2026 01 15 10 39 34.67
0    789.33679   6523.73885   2553.29384   1.9697126   2.4841157  -6.9246212 2026 01 15 10 39 54.67
0    828.62040   6571.88221   2414.22897   1.9584055   2.3300353  -6.9813090 2026 01 15 10 40 14.67
0    867.66448   6616.93362   2274.06216   1.9457603   2.1749352  -7.0348098 2026 01 15 10 40 34.67
0    906.44230   6658.87345   2132.85741   1.9317799   2.0188906  -7.0850990 2026 01 15 10 40 54.67
0    944.92719   6697.68355   1990.67917   1.9164683   1.8619769  -7.1321535 2026 01 15 10 41 14.67
0    983.09257   6733.34731   1847.59237   1.8998300   1.7042701  -7.1759516 2026 01 15 10 41 34.67
0   1020.91196   6765.84963   1703.66234   1.8818707   1.5458465  -7.2164733 2026 01 15 10 41 54.67
0   1058.35901   6795.17693   1558.95478   1.8625966   1.3867827  -7.2537002 2026 01 15 10 42 14.67
0   1095.40748   6821.31718   1413.53578   1.8420150   1.2271556  -7.2876151 2026 01 15 10 42 34.67
0   1132.03130   6844.25988   1267.47173   1.8201339   1.0670423  -7.3182028 2026 01 15 10 42 54.67
0   1168.20458   6863.99609   1120.82931   1.7969621   0.9065202  -7.3454494 2026 01 15 10 43 14.67
0   1203.90159   6880.51840    973.67548   1.7725094   0.7456668  -7.3693428 2026 01 15 10 43 34.67
0   1239.09682   6893.82096    826.07740   1.7467862   0.5845597  -7.3898724 2026 01 15 10 43 54.67
0   1273.76497   6903.89948    678.10244   1.7198038   0.4232765  -7.4070291 2026 01 15 10 44 14.67
0   1307.88098   6910.75121    529.81814   1.6915744   0.2618951  -7.4208055 2026 01 15 10 44 34.67
0   1341.42003   6914.37497    381.29217   1.6621109   0.1004931  -7.4311959 2026 01 15 10 44 54.67
0   1374.35758   6914.77112    232.59229   1.6314270  -0.0608518  -7.4381960 2026 01 15 10 45 14.67
0   1406.66936   6911.94158     83.78634   1.5995373  -0.2220620  -7.4418033 2026 01 15 10 45 34.67
0   1438.33142   6905.88982    -65.05781   1.5664570  -0.3830601  -7.4420169 2026 01 15 10 45 54.67
0   1469.32008   6896.62085   -213.87230   1.5322021  -0.5437688  -7.4388373 2026 01 15 10 46 14.67
0   1499.61205   6884.14124   -362.58928   1.4967896  -0.7041111  -7.4322668 2026 01 15 10 46 34.67
0   1529.18432   6868.45908   -511.14096   1.4602370  -0.8640101  -7.4223094 2026 01 15 10 46 54.67
0   1558.01429   6849.58400   -659.45967   1.4225626  -1.0233894  -7.4089704 2026 01 15 10 47 14.67
0   1586.07970   6827.52716   -807.47783   1.3837855  -1.1821728  -7.3922569 2026 01 15 10 47 34.67
0   1613.35871   6802.30124   -955.12804   1.3439254  -1.3402845  -7.3721776 2026 01 15 10 47 54.67
0   1639.82985   6773.92043  -1102.34308   1.3030029  -1.4976493  -7.3487428 2026 01 15 10 48 14.67
0   1665.47209   6742.40041  -1249.05597   1.2610390  -1.6541920  -7.3219642 2026 01 15 10 48 34.67
0   1690.26481   6707.75837  -1395.19995   1.2180558  -1.8098385  -7.2918553 2026 01 15 10 48 54.67
0   1714.18786   6670.01299  -1540.70856   1.1740757  -1.9645147  -7.2584310 2026 01 15 10 49 14.67
0   1737.22153   6629.18439  -1685.51567   1.1291220  -2.1181475  -7.2217079 2026 01 15 10 49 34.67
0   1759.34658   6585.29417  -1829.55546   1.0832185  -2.2706641  -7.1817039 2026 01 15 10 49 54.67
0   1780.54426   6538.36539  -1972.76253   1.0363896  -2.4219924  -7.1384386 2026 01 15 10 50 14.67
0   1800.79631   6488.42251  -2115.07184   0.9886604  -2.5720612  -7.0919332 2026 01 15 10 50 34.67
0   1820.08499   6435.49145  -2256.41883   0.9400567  -2.7207998  -7.0422102 2026 01 15 10 50 54.67
0   1838.39307   6379.59950  -2396.73937   0.8906048  -2.8681383  -6.9892936 2026 01 15 10 51 14.67
0   1855.70384   6320.77536  -2535.96986   0.8403314  -3.0140078  -6.9332092 2026 01 15 10 51 34.67
0   1872.00115   6259.04909  -2674.04720   0.7892640  -3.1583398  -6.8739837 2026 01 15 10 51 54.67
0   1887.26941   6194.45212  -2810.90885   0.7374305  -3.3010670  -6.8116458 2026 01 15 10 52 14.67
0   1901.49357   6127.01721  -2946.49287   0.6848595  -3.4421230  -6.7462252 2026 01 15 10 52 34.67
0   1914.65918   6056.77845  -3080.73790   0.6315798  -3.5814421  -6.6777532 2026 01 15 10 52 54.67
0   1926.75234   5983.77121  -3213.58325   0.5776210  -3.7189597  -6.6062625 2026 01 15 10 53 14.67
0   1937.75978   5908.03217  -3344.96888   0.5230129  -3.8546122  -6.5317870 2026 01 15 10 53 34.67
0   1947.66883   5829.59926  -3474.83544   0.4677860  -3.9883370  -6.4543622 2026 01 15 10 53 54.67
0   1956.46739   5748.51165  -3603.12432   0.4119710  -4.1200725  -6.3740247 2026 01 15 10 54 14.67
0   1964.14404   5664.80973  -3729.77764   0.3555993  -4.2497581  -6.2908124 2026 01 15 10 54 34.67
0   1970.68795   5578.53509  -3854.73829   0.2987024  -4.3773345  -6.2047647 2026 01 15 10 54 54.67
0   1976.08893   5489.73051  -3977.94997   0.2413123  -4.5027434  -6.1159220 2026 01 15 10 55 14.67
0   1980.33744   5398.43991  -4099.35720   0.1834615  -4.6259276  -6.0243262 2026 01 15 10 55 34.67
0   1983.42460   5304.70833  -4218.90534   0.1251827  -4.7468312  -5.9300200 2026 01 15 10 55 54.67
0   1985.34218   5208.58195  -4336.54062   0.0665089  -4.8653995  -5.8330478 2026 01 15 10 56 14.67
0   1986.08261   5110.10801  -4452.21018   0.0074734  -4.9815789  -5.7334548 2026 01 15 10 56 34.67
0   1985.63899   5009.33480  -4565.86206  -0.0518901  -5.0953171  -5.6312874 2026 01 15 10 56 54.67
0   1984.00510   4906.31167  -4677.44525  -0.1115477  -5.2065631  -5.5265932 2026 01 15 10 57 14.67
0   1981.17540   4801.08895  -4786.90969  -0.1714652  -5.3152672  -5.4194209 2026 01 15 10 57 34.67
0   1977.14504   4693.71798  -4894.20632  -0.2316082  -5.4213809  -5.3098201 2026 01 15 10 57 54.67
0   1971.90985   4584.25102  -4999.28708  -0.2919422  -5.5248572  -5.1978415 2026 01 15 10 58 14.67
0   1965.46635   4472.74130  -5102.10493  -0.3524324  -5.6256502  -5.0835370 2026 01 15 10 58 34.67
0   1957.81178   4359.24292  -5202.61387  -0.4130438  -5.7237156  -4.9669593 2026 01 15 10 58 54.67
0   1948.94406   4243.81086  -5300.76897  -0.4737413  -5.8190104  -4.8481620 2026 01 15 10 59 14.67
0   1938.86181   4126.50095  -5396.52640  -0.5344897  -5.9114929  -4.7271997 2026 01 15 10 59 34.67
0   1927.56439   4007.36985  -5489.84339  -0.5952536  -6.0011229  -4.6041280 2026 01 15 10 59 54.67
0   1915.05182   3886.47500  -5580.67832  -0.6559975  -6.0878616  -4.4790032 2026 01 15 11 00 14.67
0   1901.32486   3763.87459  -5668.99071  -0.7166860  -6.1716717  -4.3518826 2026 01 15 11 00 34.67
0   1886.38499   3639.62755  -5754.74122  -0.7772835  -6.2525172  -4.2228242 2026 01 15 11 00 54.67
0   1870.23437   3513.79354  -5837.89167  -0.8377543  -6.3303636  -4.0918868 2026 01 15 11 01 14.67
0   1852.87589   3386.43285  -5918.40508  -0.8980628  -6.4051780  -3.9591301 2026 01 15 11 01 34.67
0   1834.31316   3257.60646  -5996.24567  -0.9581735  -6.4769288  -3.8246144 2026 01 15 11 01 54.67
0   1814.55048   3127.37592  -6071.37886  -1.0180506  -6.5455861  -3.6884007 2026 01 15 11 02 14.67
0   1793.59289   2995.80341  -6143.77132  -1.0776587  -6.6111213  -3.5505507 2026 01 15 11 02 34.67
0   1771.44612   2862.95163  -6213.39093  -1.1369623  -6.6735073  -3.4111269 2026 01 15 11 02 54.67
0   1748.11662   2728.88382  -6280.20684  -1.1959258  -6.7327186  -3.2701922 2026 01 15 11 03 14.67
0   1723.61153   2593.66372  -6344.18949  -1.2545140  -6.7887314  -3.1278102 2026 01 15 11 03 34.67
0   1697.93873   2457.35554  -6405.31055  -1.3126918  -6.8415229  -2.9840450 2026 01 15 11 03 54.67
0   1671.10676   2320.02390  -6463.54300  -1.3704239  -6.8910725  -2.8389614 2026 01 15 11 04 14.67
0   1643.12488   2181.73384  -6518.86115  -1.4276756  -6.9373605  -2.6926246 2026 01 15 11 04 34.67
0   1614.00307   2042.55078  -6571.24056  -1.4844120  -6.9803692  -2.5451002 2026 01 15 11 04 54.67
0   1583.75196   1902.54046  -6620.65815  -1.5405987  -7.0200821  -2.3964544 2026 01 15 11 05 14.67
0   1552.38290   1761.76895  -6667.09216  -1.5962012  -7.0564846  -2.2467538 2026 01 15 11 05 34.67
0   1519.90791   1620.30261  -6710.52216  -1.6511854  -7.0895633  -2.0960653 2026 01 15 11 05 54.67
0   1486.33969   1478.20801  -6750.92906  -1.7055175  -7.1193066  -1.9444562 2026 01 15 11 06 14.67
0   1451.69163   1335.55198  -6788.29512  -1.7591639  -7.1457043  -1.7919943 2026 01 15 11 06 34.67
0   1415.97777   1192.40151  -6822.60398  -1.8120913  -7.1687478  -1.6387476 2026 01 15 11 06 54.67
0   1379.21283   1048.82377  -6853.84060  -1.8642665  -7.1884300  -1.4847843 2026 01 15 11 07 14.67
0   1341.41216    904.88604  -6881.99135  -1.9156570  -7.2047454  -1.3301730 2026 01 15 11 07 34.67
0   1302.59180    760.65569  -6907.04396  -1.9662303  -7.2176900  -1.1749825 2026 01 15 11 07 54.67
0   1262.76841    616.20018  -6928.98752  -2.0159545  -7.2272614  -1.0192817 2026 01 15 11 08 14.67
0   1221.95929    471.58697  -6947.81252  -2.0647977  -7.2334587  -0.8631399 2026 01 15 11 08 34.67
0   1180.18237    326.88355  -6963.51083  -2.1127289  -7.2362826  -0.7066263 2026 01 15 11 08 54.67
0   1137.45619    182.15736  -6976.07572  -2.1597171  -7.2357351  -0.5498104 2026 01 15 11 09 14.67
0   1093.79994     37.47581  -6985.50183  -2.2057318  -7.2318201  -0.3927618 2026 01 15 11 09 34.67
0   1049.23337   -107.09382  -6991.78520  -2.2507431  -7.2245428  -0.2355501 2026 01 15 11 09 54.67
0   1003.77686   -251.48432  -6994.92327  -2.2947214  -7.2139098  -0.0782448 2026 01 15 11 10 14.67
0    957.45135   -395.62869  -6994.91485  -2.3376375  -7.1999296   0.0790842 2026 01 15 11 10 34.67
0    910.27837   -539.46005  -6991.76018  -2.3794629  -7.1826118   0.2363675 2026 01 15 11 10 54.67
0    862.28003   -682.91177  -6985.46086  -2.4201695  -7.1619677   0.3935352 2026 01 15 11 11 14.67
0    813.47897   -825.91745  -6976.01990  -2.4597296  -7.1380101   0.5505179 2026 01 15 11 11 34.67
0    763.89840   -968.41095  -6963.44170  -2.4981162  -7.1107533   0.7072461 2026 01 15 11 11 54.67
0    713.56205  -1110.32645  -6947.73204  -2.5353028  -7.0802130   0.8636505 2026 01 15 11 12 14.67
0    662.49419  -1251.59845  -6928.89808  -2.5712634  -7.0464064   1.0196618 2026 01 15 11 12 34.67
0    610.71958  -1392.16180  -6906.94839  -2.6059726  -7.0093523   1.1752110 2026 01 15 11 12 54.67
0    558.26352  -1531.95174  -6881.89288  -2.6394057  -6.9690707   1.3302292 2026 01 15 11 13 14.67
0    505.15176  -1670.90395  -6853.74288  -2.6715384  -6.9255833   1.4846479 2026 01 15 11 13 34.67
0    451.41054  -1808.95453  -6822.51105  -2.7023473  -6.8789130   1.6383987 2026 01 15 11 13 54.67
0    397.06658  -1946.04007  -6788.21143  -2.7318092  -6.8290844   1.7914135 2026 01 15 11 14 14.67
0    342.14704  -2082.09765  -6750.85942  -2.7599021  -6.7761232   1.9436246 2026 01 15 11 14 34.67
0    286.67952  -2217.06489  -6710.47178  -2.7866042  -6.7200568   2.0949644 2026 01 15 11 14 54.67
0    230.69204  -2350.87998  -6667.06660  -2.8118947  -6.6609137   2.2453659 2026 01 15 11 15 14.67
0    174.21304  -2483.48167  -6620.66331  -2.8357532  -6.5987242   2.3947624 2026 01 15 11 15 34.67
0    117.27136  -2614.80936  -6571.28268  -2.8581602  -6.5335195   2.5430876 2026 01 15 11 15 54.67
0     59.89622  -2744.80305  -6518.94680  -2.8790970  -6.4653324   2.6902756 2026 01 15 11 16 14.67
0      2.11720  -2873.40344  -6463.67906  -2.8985453  -6.3941971   2.8362611 2026 01 15 11 16 34.67
0    -56.03575  -3000.55192  -6405.50418  -2.9164878  -6.3201489   2.9809791 2026 01 15 11 16 54.67
0   -114.53235  -3126.19059  -6344.44813  -2.9329079  -6.2432246   3.1243652 2026 01 15 11 17 14.67
0   -173.34199  -3250.26231  -6280.53821  -2.9477898  -6.1634623   3.2663557 2026 01 15 11 17 34.67
0   -232.43375  -3372.71072  -6213.80296  -2.9611184  -6.0809012   3.4068872 2026 01 15 11 17 54.67
0   -291.77642  -3493.48023  -6144.27218  -2.9728794  -5.9955820   3.5458970 2026 01 15 11 18 14.67
0   -351.33851  -3612.51611  -6071.97694  -2.9830593  -5.9075465   3.6833232 2026 01 15 11 18 34.67
0   -411.08828  -3729.76445  -5996.94952  -2.9916454  -5.8168378   3.8191043 2026 01 15 11 18 54.67
0   -470.99372  -3845.17224  -5919.22344  -2.9986259  -5.7235001   3.9531795 2026 01 15 11 19 14.67
0   -531.02262  -3958.68734  -5838.83342  -3.0039897  -5.6275789   4.0854889 2026 01 15 11 19 34.67
0   -591.14253  -4070.25855  -5755.81536  -3.0077267  -5.5291208   4.2159732 2026 01 15 11 19 54.67
0   -651.32083  -4179.83561  -5670.20636  -3.0098275  -5.4281737   4.3445737 2026 01 15 11 20 14.67
0   -711.52470  -4287.36923  -5582.04467  -3.0102836  -5.3247866   4.4712328 2026 01 15 11 20 34.67
0   -771.72118  -4392.81111  -5491.36970  -3.0090875  -5.2190094   4.5958935 2026 01 15 11 20 54.67
0   -831.87714  -4496.11395  -5398.22197  -3.0062322  -5.1108934   4.7184996 2026 01 15 11 21 14.67
0   -891.95935  -4597.23150  -5302.64314  -3.0017121  -5.0004907   4.8389959 2026 01 15 11 21 34.67
0   -951.93446  -4696.11856  -5204.67594  -2.9955220  -4.8878547   4.9573280 2026 01 15 11 21 54.67
0  -1011.76902  -4792.73101  -5104.36420  -2.9876579  -4.7730397   5.0734424 2026 01 15 11 22 14.67
0  -1071.42953  -4887.02582  -5001.75280  -2.9781167  -4.6561010   5.1872866 2026 01 15 11 22 34.67
0  -1130.88242  -4978.96106  -4896.88766  -2.9668960  -4.5370948   5.2988089 2026 01 15 11 22 54.67
0  -1190.09408  -5068.49598  -4789.81573  -2.9539944  -4.4160785   5.4079587 2026 01 15 11 23 14.67
0  -1249.03088  -5155.59094  -4680.58496  -2.9394116  -4.2931102   5.5146866 2026 01 15 11 23 34.67
0  -1307.65922  -5240.20751  -4569.24427  -2.9231480  -4.1682490   5.6189438 2026 01 15 11 23 54.67
0  -1365.94548  -5322.30841  -4455.84355  -2.9052050  -4.0415549   5.7206828 2026 01 15 11 24 14.67
0  -1423.85610  -5401.85760  -4340.43364  -2.8855849  -3.9130888   5.8198573 2026 01 15 11 24 34.67
0  -1481.35757  -5478.82026  -4223.06628  -2.8642910  -3.7829123   5.9164218 2026 01 15 11 24 54.67
0  -1538.41645  -5553.16280  -4103.79411  -2.8413275  -3.6510878   6.0103322 2026 01 15 11 25 14.67
0  -1594.99940  -5624.85289  -3982.67066  -2.8166995  -3.5176786   6.1015455 2026 01 15 11 25 34.67
0  -1651.07320  -5693.85949  -3859.75027  -2.7904130  -3.3827486   6.1900196 2026 01 15 11 25 54.67
0  -1706.60473  -5760.15281  -3735.08816  -2.7624752  -3.2463626   6.2757139 2026 01 15 11 26 14.67
0  -1761.56106  -5823.70440  -3608.74030  -2.7328939  -3.1085858   6.3585888 2026 01 15 11 26 34.67
0  -1815.90940  -5884.48710  -3480.76347  -2.7016781  -2.9694843   6.4386063 2026 01 15 11 26 54.67
0  -1869.61716  -5942.47508  -3351.21520  -2.6688376  -2.8291247   6.5157291 2026 01 15 11 27 14.67
0  -1922.65195  -5997.64385  -3220.15373  -2.6343830  -2.6875743   6.5899216 2026 01 15 11 27 34.67
0  -1974.98161  -6049.97028  -3087.63802  -2.5983263  -2.5449008   6.6611494 2026 01 15 11 27 54.67
0  -2026.57421  -6099.43258  -2953.72769  -2.5606799  -2.4011726   6.7293793 2026 01 15 11 28 14.67
0  -2077.39811  -6146.01034  -2818.48302  -2.5214575  -2.2564584   6.7945796 2026 01 15 11 28 34.67
0  -2127.42191  -6189.68455  -2681.96491  -2.4806735  -2.1108274   6.8567197 2026 01 15 11 28 54.67
0  -2176.61456  -6230.43756  -2544.23486  -2.4383434  -1.9643494   6.9157706 2026 01 15 11 29 14.67
0  -2224.94527  -6268.25314  -2405.35492  -2.3944836  -1.8170945   6.9717045 2026 01 15 11 29 34.67
0  -2272.38364  -6303.11644  -2265.38771  -2.3491111  -1.6691330   7.0244953 2026 01 15 11 29 54.67
0  -2318.89959  -6335.01405  -2124.39633  -2.3022443  -1.5205357   7.0741180 2026 01 15 11 30 14.67
0  -2364.46342  -6363.93395  -1982.44439  -2.2539021  -1.3713736   7.1205490 2026 01 15 11 30 34.67
0  -2409.04582  -6389.86558  -1839.59594  -2.2041046  -1.2217181   7.1637665 2026 01 15 11 30 54.67
0  -2452.61790  -6412.79976  -1695.91545  -2.1528725  -1.0716406   7.2037499 2026 01 15 11 31 14.67
0  -2495.15118  -6432.72879  -1551.46780  -2.1002275  -0.9212129   7.2404800 2026 01 15 11 31 34.67
0  -2536.61762  -6449.64637  -1406.31823  -2.0461923  -0.7705067   7.2739393 2026 01 15 11 31 54.67
0  -2576.98965  -6463.54765  -1260.53233  -1.9907902  -0.6195939   7.3041115 2026 01 15 11 32 14.67
0  -2616.24018  -6474.42923  -1114.17599  -1.9340455  -0.4685467   7.3309822 2026 01 15 11 32 34.67
0  -2654.34261  -6482.28913   -967.31535  -1.8759834  -0.3174370   7.3545381 2026 01 15 11 32 54.67
0  -2691.27085  -6487.12682   -820.01685  -1.8166298  -0.1663369   7.3747677 2026 01 15 11 33 14.67
0  -2726.99932  -6488.94322   -672.34710  -1.7560115  -0.0153184   7.3916608 2026 01 15 11 33 34.67
0  -2761.50302  -6487.74067   -524.37293  -1.6941559   0.1355467   7.4052091 2026 01 15 11 33 54.67
0  -2794.75748  -6483.52297   -376.16130  -1.6310915   0.2861864   7.4154054 2026 01 15 11 34 14.67
0  -2826.73881  -6476.29533   -227.77930  -1.5668474   0.4365291   7.4222444 2026 01 15 11 34 34.67
0  -2857.42372  -6466.06442    -79.29413  -1.5014535   0.5865034   7.4257220 2026 01 15 11 34 54.67
0  -2886.78952  -6452.83831     69.22696  -1.4349403   0.7360379   7.4258360 2026 01 15 11 35 14.67
0  -2914.81412  -6436.62651    217.71670  -1.3673392   0.8850618   7.4225856 2026 01 15 11 35 34.67
0  -2941.47610  -6417.43993    366.10779  -1.2986824   1.0335042   7.4159715 2026 01 15 11 35 54.67
0  -2966.75466  -6395.29091    514.33299  -1.2290025   1.1812948   7.4059960 2026 01 15 11 36 14.67
0  -2990.62969  -6370.19319    662.32510  -1.1583331   1.3283637   7.3926631 2026 01 15 11 36 34.67
0  -3013.08171  -6342.16190    810.01703  -1.0867082   1.4746412   7.3759781 2026 01 15 11 36 54.67
0  -3034.09199  -6311.21355    957.34181  -1.0141627   1.6200581   7.3559481 2026 01 15 11 37 14.67
0  -3053.64244  -6277.36605   1104.23261  -0.9407319   1.7645459   7.3325815 2026 01 15 11 37 34.67
0  -3071.71573  -6240.63865   1250.62281  -0.8664518   1.9080363   7.3058885 2026 01 15 11 37 54.67
0  -3088.29524  -6201.05198   1396.44599  -0.7913590   2.0504618   7.2758807 2026 01 15 11 38 14.67
0  -3103.36507  -6158.62802   1541.63598  -0.7154907   2.1917552   7.2425713 2026 01 15 11 38 34.67
0  -3116.91011  -6113.39006   1686.12690  -0.6388847   2.3318502   7.2059749 2026 01 15 11 38 54.67
0  -3128.91597  -6065.36274   1829.85316  -0.5615791   2.4706810   7.1661079 2026 01 15 11 39 14.67
0  -3139.36905  -6014.57198   1972.74954  -0.4836128   2.6081825   7.1229879 2026 01 15 11 39 34.67
0  -3148.25653  -5961.04503   2114.75115  -0.4050251   2.7442903   7.0766342 2026 01 15 11 39 54.67
0  -3155.56637  -5904.81038   2255.79353  -0.3258556   2.8789409   7.0270676 2026 01 15 11 40 14.67
0  -3161.28734  -5845.89781   2395.81265  -0.2461446   3.0120713   6.9743103 2026 01 15 11 40 34.67
0  -3165.40902  -5784.33835   2534.74492  -0.1659327   3.1436196   6.9183860 2026 01 15 11 40 54.67
0  -3167.92179  -5720.16425   2672.52725  -0.0852609   3.2735245   6.8593200 2026 01 15 11 41 14.67
0  -3168.81688  -5653.40898   2809.09707  -0.0041707   3.4017258   6.7971388 2026 01 15 11 41 34.67
0  -3168.08632  -5584.10721   2944.39235   0.0772962   3.5281640   6.7318705 2026 01 15 11 41 54.67
0  -3165.72301  -5512.29479   3078.35165   0.1590977   3.6527807   6.6635447 2026 01 15 11 42 14.67
0  -3161.72068  -5438.00872   3210.91412   0.2411913   3.7755183   6.5921923 2026 01 15 11 42 34.67
0  -3156.07391  -5361.28716   3342.01955   0.3235344   3.8963203   6.5178455 2026 01 15 11 42 54.67
0  -3148.77815  -5282.16937   3471.60839   0.4060838   4.0151312   6.4405381 2026 01 15 11 43 14.67
0  -3139.82969  -5200.69572   3599.62177   0.4887963   4.1318965   6.3603051 2026 01 15 11 43 34.67
0  -3129.22570  -5116.90765   3726.00154   0.5716286   4.2465628   6.2771829 2026 01 15 11 43 54.67
0  -3116.96424  -5030.84768   3850.69028   0.6545368   4.3590779   6.1912092 2026 01 15 11 44 14.67
0  -3103.04422  -4942.55933   3973.63137   0.7374771   4.4693904   6.1024231 2026 01 15 11 44 34.67
0  -3087.46544  -4852.08717   4094.76895   0.8204055   4.5774504   6.0108648 2026 01 15 11 44 54.67
0  -3070.22857  -4759.47673   4214.04798   0.9032779   4.6832090   5.9165758 2026 01 15 11 45 14.67
0  -3051.33517  -4664.77453   4331.41429   0.9860500   4.7866185   5.8195992 2026 01 15 11 45 34.67
0  -3030.78771  -4568.02801   4446.81455   1.0686775   4.8876323   5.7199787 2026 01 15 11 45 54.67
0  -3008.58950  -4469.28553   4560.19634   1.1511160   4.9862052   5.6177598 2026 01 15 11 46 14.67
0  -2984.74479  -4368.59637   4671.50815   1.2333211   5.0822933   5.5129888 2026 01 15 11 46 34.67
0  -2959.25867  -4266.01064   4780.69941   1.3152482   5.1758537   5.4057132 2026 01 15 11 46 54.67
0  -2932.13716  -4161.57932   4887.72052   1.3968530   5.2668450   5.2959819 2026 01 15 11 47 14.67
0  -2903.38714  -4055.35419   4992.52285   1.4780911   5.3552271   5.1838445 2026 01 15 11 47 34.67
0  -2873.01640  -3947.38782   5095.05880   1.5589181   5.4409611   5.0693520 2026 01 15 11 47 54.67
0  -2841.03359  -3837.73357   5195.28177   1.6392898   5.5240095   4.9525564 2026 01 15 11 48 14.67
0  -2807.44826  -3726.44550   5293.14624   1.7191620   5.6043362   4.8335107 2026 01 15 11 48 34.67
0  -2772.27084  -3613.57840   5388.60773   1.7984908   5.6819064   4.7122687 2026 01 15 11 48 54.67
0  -2735.51265  -3499.18773   5481.62287   1.8772321   5.7566867   4.5888856 2026 01 15 11 49 14.67
0  -2697.18586  -3383.32962   5572.14940   1.9553425   5.8286452   4.4634173 2026 01 15 11 49 34.67
0  -2657.30354  -3266.06080   5660.14618   2.0327783   5.8977512   4.3359206 2026 01 15 11 49 54.67
0  -2615.87960  -3147.43864   5745.57322   2.1094963   5.9639756   4.2064533 2026 01 15 11 50 14.67
0  -2572.92884  -3027.52103   5828.39168   2.1854535   6.0272906   4.0750741 2026 01 15 11 50 34.67
0  -2528.46689  -2906.36643   5908.56393   2.2606071   6.0876700   3.9418424 2026 01 15 11 50 54.67
0  -2482.51026  -2784.03380   5986.05352   2.3349146   6.1450888   3.8068187 2026 01 15 11 51 14.67
0  -2435.07629  -2660.58260   6060.82521   2.4083340   6.1995237   3.6700639 2026 01 15 11 51 34.67
0  -2386.18316  -2536.07273   6132.84501   2.4808234   6.2509528   3.5316401 2026 01 15 11 51 54.67
0  -2335.84988  -2410.56450   6202.08016   2.5523413   6.2993556   3.3916097 2026 01 15 11 52 14.67
0  -2284.09630  -2284.11864   6268.49915   2.6228467   6.3447132   3.2500363 2026 01 15 11 52 34.67
0  -2230.94307  -2156.79622   6332.07178   2.6922990   6.3870080   3.1069837 2026 01 15 11 52 54.67
0  -2176.41167  -2028.65868   6392.76909   2.7606577   6.4262240   2.9625168 2026 01 15 11 53 14.67
0  -2120.52435  -1899.76772   6450.56346   2.8278833   6.4623468   2.8167006 2026 01 15 11 53 34.67
0  -2063.30418  -1770.18535   6505.42856   2.8939363   6.4953634   2.6696013 2026 01 15 11 53 54.67
0  -2004.77500  -1639.97382   6557.33939   2.9587779   6.5252622   2.5212852 2026 01 15 11 54 14.67
0  -1944.96142  -1509.19557   6606.27228   3.0223698   6.5520332   2.3718193 2026 01 15 11 54 34.67
0  -1883.88881  -1377.91325   6652.20492   3.0846741   6.5756680   2.2212712 2026 01 15 11 54 54.67
0  -1821.58330  -1246.18966   6695.11634   3.1456536   6.5961596   2.0697088 2026 01 15 11 55 14.67
0  -1758.07175  -1114.08773   6734.98693   3.2052716   6.6135025   1.9172007 2026 01 15 11 55 34.67
0  -1693.38176   -981.67046   6771.79848   3.2634921   6.6276927   1.7638156 2026 01 15 11 55 54.67
0  -1627.54163   -849.00094   6805.53413   3.3202795   6.6387277   1.6096228 2026 01 15 11 56 14.67
0  -1560.58038   -716.14228   6836.17843   3.3755989   6.6466067   1.4546919 2026 01 15 11 56 34.67
0  -1492.52769   -583.15760   6863.71731   3.4294163   6.6513301   1.2990930 2026 01 15 11 56 54.67
0  -1423.41396   -450.11000   6888.13812   3.4816980   6.6529000   1.1428962 2026 01 15 11 57 14.67
0  -1353.27023   -317.06251   6909.42960   3.5324112   6.6513200   0.9861721 2026 01 15 11 57 34.67
0  -1282.12818   -184.07809   6927.58192   3.5815238   6.6465950   0.8289915 2026 01 15 11 57 54.67
0  -1210.02014    -51.21956   6942.58666   3.6290043   6.6387316   0.6714253 2026 01 15 11 58 14.67
0  -1136.97908     81.45038   6954.43681   3.6748221   6.6277378   0.5135447 2026 01 15 11 58 34.67
0  -1063.03853    213.86921   6963.12680   3.7189472   6.6136232   0.3554211 2026 01 15 11 58 54.67
0   -988.23265    345.97463   6968.65249   3.7613505   6.5963986   0.1971258 2026 01 15 11 59 14.67
0   -912.59615    477.70456   6971.01116   3.8020037   6.5760765   0.0387305 2026 01 15 11 59 34.67
0   -836.16433    608.99719   6970.20152   3.8408792   6.5526708  -0.1196934 2026 01 15 11 59 54.67
0   -758.97298    739.79099   6966.22372   3.8779503   6.5261968  -0.2780740 2026 01 15 12 00 14.67
0   -681.05848    870.02476   6959.07934   3.9131911   6.4966713  -0.4363399 2026 01 15 12 00 34.67
0   -602.45766    999.63766   6948.77139   3.9465767   6.4641126  -0.5944194 2026 01 15 12 00 54.67
0   -523.20789   1128.56922   6935.30431   3.9780830   6.4285402  -0.7522410 2026 01 15 12 01 14.67
0   -443.34697   1256.75936   6918.68399   4.0076866   6.3899752  -0.9097332 2026 01 15 12 01 34.67
0   -362.91319   1384.14847   6898.91771   4.0353653   6.3484401  -1.0668247 2026 01 15 12 01 54.67
0   -281.94526   1510.67737   6876.01421   4.0610976   6.3039587  -1.2234442 2026 01 15 12 02 14.67
0   -200.48232   1636.28739   6849.98363   4.0848631   6.2565563  -1.3795208 2026 01 15 12 02 34.67
0   -118.56389   1760.92038   6820.83755   4.1066422   6.2062594  -1.5349837 2026 01 15 12 02 54.67
0    -36.22989   1884.51872   6788.58894   4.1264165   6.1530961  -1.6897624 2026 01 15 12 03 14.67
0     46.47941   2007.02537   6753.25218   4.1441683   6.0970956  -1.8437864 2026 01 15 12 03 34.67
0    129.52338   2128.38390   6714.84308   4.1598810   6.0382885  -1.9969860 2026 01 15 12 03 54.67
0    212.86108   2248.53849   6673.37882   4.1735390   5.9767068  -2.1492914 2026 01 15 12 04 14.67
0    296.45129   2367.43398   6628.87797   4.1851277   5.9123838  -2.3006333 2026 01 15 12 04 34.67
0    380.25247   2485.01589   6581.36049   4.1946337   5.8453539  -2.4509430 2026 01 15 12 04 54.67
0    464.22285   2601.23043   6530.84771   4.2020443   5.7756529  -2.6001518 2026 01 15 12 05 14.67
0    548.32039   2716.02455   6477.36234   4.2073481   5.7033180  -2.7481919 2026 01 15 12 05 34.67
0    632.50286   2829.34596   6420.92841   4.2105347   5.6283874  -2.8949956 2026 01 15 12 05 54.67
0    716.72782   2941.14313   6361.57133   4.2115947   5.5509005  -3.0404961 2026 01 15 12 06 14.67
0    800.95266   3051.36535   6299.31783   4.2105200   5.4708980  -3.1846269 2026 01 15 12 06 34.67
0    885.13459   3159.96271   6234.19595   4.2073032   5.3884220  -3.3273220 2026 01 15 12 06 54.67
0    969.23073   3266.88618   6166.23508   4.2019383   5.3035152  -3.4685163 2026 01 15 12 07 14.67
0   1053.19806   3372.08758   6095.46586   4.1944203   5.2162220  -3.6081451 2026 01 15 12 07 34.67
0   1136.99346   3475.51964   6021.92025   4.1847454   5.1265876  -3.7461445 2026 01 15 12 07 54.67
0   1220.57379   3577.13598   5945.63146   4.1729107   5.0346584  -3.8824512 2026 01 15 12 08 14.67
0   1303.89581   3676.89119   5866.63399   4.1589147   4.9404818  -4.0170027 2026 01 15 12 08 34.67
0   1386.91631   3774.74080   5784.96355   4.1427567   4.8441064  -4.1497373 2026 01 15 12 08 54.67
0   1469.59204   3870.64133   5700.65709   4.1244376   4.7455816  -4.2805940 2026 01 15 12 09 14.67
0   1551.87979   3964.55030   5613.75277   4.1039589   4.6449581  -4.4095125 2026 01 15 12 09 34.67
0   1633.73641   4056.42623   5524.28994   4.0813236   4.5422873  -4.5364337 2026 01 15 12 09 54.67
0   1715.11879   4146.22872   5432.30914   4.0565357   4.4376216  -4.6612991 2026 01 15 12 10 14.67
0   1795.98394   4233.91840   5337.85207   4.0296005   4.3310146  -4.7840512 2026 01 15 12 10 34.67
0   1876.28897   4319.45697   5240.96154   4.0005242   4.2225205  -4.9046334 2026 01 15 12 10 54.67
0   1955.99113   4402.80725   5141.68153   3.9693144   4.1121944  -5.0229901 2026 01 15 12 11 14.67
0   2035.04783   4483.93316   5040.05708   3.9359797   4.0000925  -5.1390667 2026 01 15 12 11 34.67
0   2113.41668   4562.79974   4936.13434   3.9005299   3.8862716  -5.2528095 2026 01 15 12 11 54.67
0   2191.05548   4639.37319   4829.96051   3.8629760   3.7707893  -5.3641659 2026 01 15 12 12 14.67
0   2267.92226   4713.62087   4721.58383   3.8233300   3.6537041  -5.4730846 2026 01 15 12 12 34.67
0   2343.97531   4785.51131   4611.05356   3.7816051   3.5350750  -5.5795151 2026 01 15 12 12 54.67
0   2419.17319   4855.01422   4498.41996   3.7378158   3.4149620  -5.6834082 2026 01 15 12 13 14.67
0   2493.47478   4922.10053   4383.73426   3.6919776   3.2934256  -5.7847157 2026 01 15 12 13 34.67
0   2566.83926   4986.74239   4267.04865   3.6441072   3.1705270  -5.8833907 2026 01 15 12 13 54.67
0   2639.22615   5048.91316   4148.41624   3.5942223   3.0463279  -5.9793875 2026 01 15 12 14 14.67
0   2710.59536   5108.58746   4027.89102   3.5423419   2.9208908  -6.0726616 2026 01 15 12 14 34.67
0   2780.90717   5165.74115   3905.52790   3.4884861   2.7942786  -6.1631697 2026 01 15 12 14 54.67
0   2850.12229   5220.35137   3781.38262   3.4326759   2.6665546  -6.2508699 2026 01 15 12 15 14.67
0   2918.20184   5272.39652   3655.51174   3.3749336   2.5377829  -6.3357215 2026 01 15 12 15 34.67
0   2985.10741   5321.85629   3527.97263   3.3152827   2.4080279  -6.4176852 2026 01 15 12 15 54.67
0   3050.80109   5368.71165   3398.82343   3.2537475   2.2773542  -6.4967229 2026 01 15 12 16 14.67
0   3115.24542   5412.94489   3268.12303   3.1903537   2.1458272  -6.5727979 2026 01 15 12 16 34.67
0   3178.40351   5454.53959   3135.93104   3.1251277   2.0135122  -6.6458751 2026 01 15 12 16 54.67
0   3240.23898   5493.48065   3002.30777   3.0580972   1.8804753  -6.7159204 2026 01 15 12 17 14.67
0   3300.71604   5529.75430   2867.31416   2.9892910   1.7467825  -6.7829016 2026 01 15 12 17 34.67
0   3359.79945   5563.34807   2731.01182   2.9187387   1.6125001  -6.8467875 2026 01 15 12 17 54.67
0   3417.45460   5594.25084   2593.46296   2.8464712   1.4776948  -6.9075486 2026 01 15 12 18 14.67
0   3473.64751   5622.45282   2454.73035   2.7725200   1.3424332  -6.9651569 2026 01 15 12 18 34.67
0   3528.34483   5647.94556   2314.87731   2.6969181   1.2067824  -7.0195856 2026 01 15 12 18 54.67
0   3581.51387   5670.72193   2173.96771   2.6196990   1.0708092  -7.0708098 2026 01 15 12 19 14.67
0   3633.12264   5690.77616   2032.06585   2.5408975   0.9345808  -7.1188058 2026 01 15 12 19 34.67
0   3683.13984   5708.10382   1889.23654   2.4605491   0.7981641  -7.1635516 2026 01 15 12 19 54.67
0   3731.53490   5722.70182   1745.54498   2.3786904   0.6616264  -7.2050267 2026 01 15 12 20 14.67
0   3778.27799   5734.56839   1601.05679   2.2953588   0.5250345  -7.2432120 2026 01 15 12 20 34.67
0   3823.34003   5743.70313   1455.83793   2.2105925   0.3884555  -7.2780903 2026 01 15 12 20 54.67
0   3866.69271   5750.10697   1309.95470   2.1244309   0.2519562  -7.3096456 2026 01 15 12 21 14.67
0   3908.30853   5753.78217   1163.47372   2.0369138   0.1156033  -7.3378637 2026 01 15 12 21 34.67
0   3948.16078   5754.73231   1016.46185   1.9480821  -0.0205367  -7.3627320 2026 01 15 12 21 54.67
0   3986.22359   5752.96233    868.98621   1.8579774  -0.1563977  -7.3842394 2026 01 15 12 22 14.67
0   4022.47192   5748.47846    721.11411   1.7666422  -0.2919134  -7.4023764 2026 01 15 12 22 34.67
0   4056.88159   5741.28826    572.91305   1.6741196  -0.4270183  -7.4171352 2026 01 15 12 22 54.67
0   4089.42929   5731.40061    424.45065   1.5804536  -0.5616470  -7.4285094 2026 01 15 12 23 14.67
0   4120.09261   5718.82569    275.79465   1.4856887  -0.6957345  -7.4364945 2026 01 15 12 23 34.67
0   4148.85000   5703.57496    127.01287   1.3898703  -0.8292160  -7.4410874 2026 01 15 12 23 54.67
0   4175.68086   5685.66119    -21.82682   1.2930442  -0.9620276  -7.4422866 2026 01 15 12 24 14.67
0   4200.56550   5665.09841   -170.65656   1.1952572  -1.0941054  -7.4400924 2026 01 15 12 24 34.67
0   4223.48518   5641.90193   -319.40849   1.0965564  -1.2253862  -7.4345065 2026 01 15 12 24 54.67
0   4244.42210   5616.08833   -468.01480   0.9969895  -1.3558075  -7.4255324 2026 01 15 12 25 14.67
0   4263.35941   5587.67541   -616.40779   0.8966051  -1.4853070  -7.4131750 2026 01 15 12 25 34.67
0   4280.28126   5556.68222   -764.51984   0.7954519  -1.6138234  -7.3974410 2026 01 15 12 25 54.67
0   4295.17276   5523.12905   -912.28351   0.6935793  -1.7412957  -7.3783385 2026 01 15 12 26 14.67
0   4308.02003   5487.03737  -1059.63151   0.5910372  -1.8676638  -7.3558774 2026 01 15 12 26 34.67
0   4318.81017   5448.42986  -1206.49680   0.4878759  -1.9928682  -7.3300690 2026 01 15 12 26 54.67
0   4327.53131   5407.33039  -1352.81254   0.3841462  -2.1168501  -7.3009263 2026 01 15 12 27 14.67
0   4334.17260   5363.76400  -1498.51220   0.2798992  -2.2395516  -7.2684637 2026 01 15 12 27 34.67
0   4338.72419   5317.75685  -1643.52954   0.1751864  -2.3609154  -7.2326973 2026 01 15 12 27 54.67
0   4341.17730   5269.33628  -1787.79865   0.0700597  -2.4808851  -7.1936447 2026 01 15 12 28 14.67
0   4341.52417   5218.53072  -1931.25399  -0.0354288  -2.5994052  -7.1513251 2026 01 15 12 28 34.67
0   4339.75808   5165.36971  -2073.83045  -0.1412267  -2.7164210  -7.1057591 2026 01 15 12 28 54.67
0   4335.87337   5109.88388  -2215.46329  -0.2472811  -2.8318787  -7.0569688 2026 01 15 12 29 14.67
0   4329.86545   5052.10492  -2356.08828  -0.3535393  -2.9457255  -7.0049780 2026 01 15 12 29 34.67
0   4321.73077   4992.06557  -2495.64165  -0.4599481  -3.0579094  -6.9498116 2026 01 15 12 29 54.67
0   4311.46685   4929.79960  -2634.06015  -0.5664541  -3.1683796  -6.8914964 2026 01 15 12 30 14.67
0   4299.07228   4865.34178  -2771.28109  -0.6730041  -3.2770861  -6.8300603 2026 01 15 12 30 34.67
0   4284.54672   4798.72788  -2907.24234  -0.7795443  -3.3839800  -6.7655328 2026 01 15 12 30 54.67
0   4267.89089   4729.99463  -3041.88238  -0.8860213  -3.4890134  -6.6979447 2026 01 15 12 31 14.67
0   4249.10661   4659.17972  -3175.14032  -0.9923813  -3.5921396  -6.6273283 2026 01 15 12 31 34.67
0   4228.19674   4586.32174  -3306.95593  -1.0985706  -3.6933127  -6.5537172 2026 01 15 12 31 54.67
0   4205.16524   4511.46020  -3437.26965  -1.2045355  -3.7924883  -6.4771464 2026 01 15 12 32 14.67
0   4180.01713   4434.63550  -3566.02266  -1.3102223  -3.8896228  -6.3976521 2026 01 15 12 32 34.67
0   4152.75851   4355.88887  -3693.15687  -1.4155775  -3.9846739  -6.3152720 2026 01 15 12 32 54.67
0   4123.39655   4275.26240  -3818.61494  -1.5205474  -4.0776004  -6.2300450 2026 01 15 12 33 14.67
0   4091.93949   4192.79899  -3942.34034  -1.6250788  -4.1683623  -6.1420111 2026 01 15 12 33 34.67
0   4058.39663   4108.54231  -4064.27733  -1.7291183  -4.2569208  -6.0512119 2026 01 15 12 33 54.67
0   4022.77834   4022.53681  -4184.37105  -1.8326127  -4.3432383  -5.9576898 2026 01 15 12 34 14.67
0   3985.09605   3934.82768  -4302.56746  -1.9355093  -4.4272784  -5.8614888 2026 01 15 12 34 34.67
0   3945.36225   3845.46082  -4418.81344  -2.0377553  -4.5090060  -5.7626537 2026 01 15 12 34 54.67
0   3903.59047   3754.48281  -4533.05676  -2.1392983  -4.5883871  -5.6612306 2026 01 15 12 35 14.67
0   3859.79529   3661.94093  -4645.24614  -2.2400862  -4.6653892  -5.5572670 2026 01 15 12 35 34.67
0   3813.99234   3567.88305  -4755.33124  -2.3400670  -4.7399809  -5.4508109 2026 01 15 12 35 54.67
0   3766.19827   3472.35770  -4863.26272  -2.4391893  -4.8121320  -5.3419119 2026 01 15 12 36 14.67
0   3716.43076   3375.41397  -4968.99221  -2.5374019  -4.8818138  -5.2306203 2026 01 15 12 36 34.67
0   3664.70852   3277.10152  -5072.47237  -2.6346540  -4.9489988  -5.1169877 2026 01 15 12 36 54.67
0   3611.05126   3177.47056  -5173.65691  -2.7308952  -5.0136608  -5.0010664 2026 01 15 12 37 14.67
0   3555.47970   3076.57180  -5272.50059  -2.8260755  -5.0757750  -4.8829100 2026 01 15 12 37 34.67
0   3498.01555   2974.45643  -5368.95925  -2.9201455  -5.1353176  -4.7625726 2026 01 15 12 37 54.67
0   3438.68150   2871.17611  -5462.98981  -3.0130561  -5.1922666  -4.6401096 2026 01 15 12 38 14.67
0   3377.50124   2766.78291  -5554.55033  -3.1047587  -5.2466010  -4.5155771 2026 01 15 12 38 34.67
0   3314.49940   2661.32933  -5643.59998  -3.1952055  -5.2983013  -4.3890321 2026 01 15 12 38 54.67
0   3249.70158   2554.86823  -5730.09909  -3.2843488  -5.3473492  -4.2605323 2026 01 15 12 39 14.67
0   3183.13431   2447.45284  -5814.00915  -3.3721419  -5.3937278  -4.1301365 2026 01 15 12 39 34.67
0   3114.82505   2339.13669  -5895.29283  -3.4585383  -5.4374215  -3.9979039 2026 01 15 12 39 54.67
0   3044.80222   2229.97363  -5973.91399  -3.5434925  -5.4784162  -3.8638947 2026 01 15 12 40 14.67
0   2973.09508   2120.01777  -6049.83770  -3.6269594  -5.5166990  -3.7281698 2026 01 15 12 40 34.67
0   2899.73385   2009.32346  -6123.03028  -3.7088944  -5.5522584  -3.5907906 2026 01 15 12 40 54.67
0   2824.74959   1897.94528  -6193.45924  -3.7892541  -5.5850841  -3.4518194 2026 01 15 12 41 14.67
0   2748.17425   1785.93799  -6261.09339  -3.8679952  -5.6151674  -3.3113189 2026 01 15 12 41 34.67
0   2670.04061   1673.35651  -6325.90275  -3.9450754  -5.6425007  -3.1693526 2026 01 15 12 41 54.67
0   2590.38232   1560.25591  -6387.85866  -4.0204533  -5.6670779  -3.0259845 2026 01 15 12 42 14.67
0   2509.23382   1446.69136  -6446.93373  -4.0940879  -5.6888942  -2.8812791 2026 01 15 12 42 34.67
0   2426.63039   1332.71812  -6503.10185  -4.1659392  -5.7079460  -2.7353014 2026 01 15 12 42 54.67
0   2342.60808   1218.39150  -6556.33823  -4.2359680  -5.7242311  -2.5881170 2026 01 15 12 43 14.67
0   2257.20374   1103.76684  -6606.61940  -4.3041358  -5.7377488  -2.4397920 2026 01 15 12 43 34.67
0   2170.45496    988.89949  -6653.92321  -4.3704049  -5.7484995  -2.2903927 2026 01 15 12 43 54.67
0   2082.40007    873.84478  -6698.22884  -4.4347386  -5.7564849  -2.1399860 2026 01 15 12 44 14.67
0   1993.07817    758.65798  -6739.51681  -4.4971009  -5.7617082  -1.9886392 2026 01 15 12 44 34.67
0   1902.52901    643.39430  -6777.76899  -4.5574568  -5.7641738  -1.8364198 2026 01 15 12 44 54.67
0   1810.79307    528.10883  -6812.96862  -4.6157723  -5.7638872  -1.6833957 2026 01 15 12 45 14.67
0   1717.91150    412.85654  -6845.10027  -4.6720139  -5.7608555  -1.5296352 2026 01 15 12 45 34.67
0   1623.92610    297.69228  -6874.14991  -4.7261495  -5.7550869  -1.3752067 2026 01 15 12 45 54.67
0   1528.87930    182.67067  -6900.10485  -4.7781476  -5.7465908  -1.2201790 2026 01 15 12 46 14.67
0   1432.81416     67.84616  -6922.95381  -4.8279778  -5.7353782  -1.0646209 2026 01 15 12 46 34.67
0   1335.77433    -46.72703  -6942.68686  -4.8756108  -5.7214608  -0.9086016 2026 01 15 12 46 54.67
0   1237.80405   -160.99494  -6959.29547  -4.9210180  -5.7048521  -0.7521904 2026 01 15 12 47 14.67
0   1138.94811   -274.90388  -6972.77250  -4.9641720  -5.6855664  -0.5954567 2026 01 15 12 47 34.67
0   1039.25183   -388.40047  -6983.11220  -5.0050463  -5.6636195  -0.4384699 2026 01 15 12 47 54.67
0    938.76108   -501.43165  -6990.31018  -5.0436156  -5.6390282  -0.2812997 2026 01 15 12 48 14.67
0    837.52219   -613.94471  -6994.36349  -5.0798554  -5.6118108  -0.1240157 2026 01 15 12 48 34.67
0    735.58199   -725.88732  -6995.27055  -5.1137425  -5.5819864   0.0333123 2026 01 15 12 48 54.67
0    632.98776   -837.20754  -6993.03116  -5.1452546  -5.5495755   0.1906149 2026 01 15 12 49 14.67
0    529.78721   -947.85385  -6987.64654  -5.1743705  -5.5145997   0.3478222 2026 01 15 12 49 34.67
0    426.02848  -1057.77518  -6979.11928  -5.2010700  -5.4770819   0.5048647 2026 01 15 12 49 54.67
0    321.76008  -1166.92093  -6967.45338  -5.2253343  -5.4370458   0.6616730 2026 01 15 12 50 14.67
0    217.03089  -1275.24098  -6952.65421  -5.2471455  -5.3945167   0.8181776 2026 01 15 12 50 34.67
0    111.89016  -1382.68572  -6934.72855  -5.2664867  -5.3495205   0.9743093 2026 01 15 12 50 54.67
0      6.38744  -1489.20609  -6913.68454  -5.2833424  -5.3020846   1.1299991 2026 01 15 12 51 14.67
0    -99.42741  -1594.75357  -6889.53171  -5.2976980  -5.2522372   1.2851779 2026 01 15 12 51 34.67
0   -205.50426  -1699.28023  -6862.28096  -5.3095403  -5.2000077   1.4397772 2026 01 15 12 51 54.67
0   -311.79271  -1802.73872  -6831.94458  -5.3188569  -5.1454266   1.5937284 2026 01 15 12 52 14.67
0   -418.24214  -1905.08232  -6798.53620  -5.3256371  -5.0885254   1.7469635 2026 01 15 12 52 34.67
0   -524.80172  -2006.26495  -6762.07083  -5.3298708  -5.0293366   1.8994146 2026 01 15 12 52 54.67
0   -631.42042  -2106.24120  -6722.56483  -5.3315494  -4.9678935   2.0510140 2026 01 15 12 53 14.67
0   -738.04708  -2204.96632  -6680.03590  -5.3306656  -4.9042309   2.2016947 2026 01 15 12 53 34.67
0   -844.63037  -2302.39627  -6634.50308  -5.3272130  -4.8383840   2.3513898 2026 01 15 12 53 54.67
0   -951.11887  -2398.48774  -6585.98676  -5.3211866  -4.7703893   2.5000329 2026 01 15 12 54 14.67
0  -1057.46105  -2493.19813  -6534.50864  -5.3125825  -4.7002843   2.6475580 2026 01 15 12 54 34.67
0  -1163.60534  -2586.48561  -6480.09173  -5.3013982  -4.6281071   2.7938995 2026 01 15 12 54 54.67
0  -1269.50012  -2678.30915  -6422.76036  -5.2876322  -4.5538970   2.9389925 2026 01 15 12 55 14.67
0  -1375.09375  -2768.62847  -6362.54014  -5.2712844  -4.4776939   3.0827723 2026 01 15 12 55 34.67
0  -1480.33460  -2857.40413  -6299.45799  -5.2523558  -4.3995390   3.2251751 2026 01 15 12 55 54.67
0  -1585.17107  -2944.59751  -6233.54207  -5.2308488  -4.3194738   3.3661372 2026 01 15 12 56 14.67
0  -1689.55163  -3030.17082  -6164.82184  -5.2067669  -4.2375411   3.5055960 2026 01 15 12 56 34.67
0  -1793.42483  -3114.08715  -6093.32798  -5.1801148  -4.1537843   3.6434891 2026 01 15 12 56 54.67
0  -1896.73932  -3196.31045  -6019.09243  -5.1508987  -4.0682475   3.7797550 2026 01 15 12 57 14.67
0  -1999.44389  -3276.80558  -5942.14834  -5.1191258  -3.9809758   3.9143327 2026 01 15 12 57 34.67
0  -2101.48749  -3355.53829  -5862.53008  -5.0848047  -3.8920149   4.0471620 2026 01 15 12 57 54.67
0  -2202.81925  -3432.47526  -5780.27321  -5.0479451  -3.8014111   4.1781833 2026 01 15 12 58 14.67
0  -2303.38851  -3507.58412  -5695.41449  -5.0085580  -3.7092118   4.3073380 2026 01 15 12 58 34.67
0  -2403.14484  -3580.83341  -5607.99184  -4.9666559  -3.6154646   4.4345680 2026 01 15 12 58 54.67
0  -2502.03808  -3652.19268  -5518.04431  -4.9222522  -3.5202182   4.5598162 2026 01 15 12 59 14.67
0  -2600.01833  -3721.63242  -5425.61212  -4.8753617  -3.4235216   4.6830261 2026 01 15 12 59 34.67
0  -2697.03603  -3789.12413  -5330.73658  -4.8260005  -3.3254247   4.8041421 2026 01 15 12 59 54.67
0  -2793.04193  -3854.64031  -5233.46013  -4.7741859  -3.2259777   4.9231098 2026 01 15 13 00 14.67
0  -2887.98713  -3918.15446  -5133.82626  -4.7199364  -3.1252315   5.0398753 2026 01 15 13 00 34.67
0  -2981.82316  -3979.64112  -5031.87956  -4.6632717  -3.0232378   5.1543858 2026 01 15 13 00 54.67
0  -3074.50190  -4039.07585  -4927.66565  -4.6042130  -2.9200483   5.2665894 2026 01 15 13 01 14.67
0  -3165.97569  -4096.43526  -4821.23117  -4.5427823  -2.8157157   5.3764352 2026 01 15 13 01 34.67
0  -3256.19734  -4151.69703  -4712.62378  -4.4790033  -2.7102928   5.4838734 2026 01 15 13 01 54.67
0  -3345.12012  -4204.83988  -4601.89213  -4.4129005  -2.6038332   5.5888550 2026 01 15 13 02 14.67
0  -3432.69782  -4255.84361  -4489.08582  -4.3444999  -2.4963905   5.6913322 2026 01 15 13 02 34.67
0  -3518.88474  -4304.68910  -4374.25543  -4.2738285  -2.3880191   5.7912583 2026 01 15 13 02 54.67
0  -3603.63575  -4351.35833  -4257.45241  -4.2009147  -2.2787735   5.8885875 2026 01 15 13 03 14.67
0  -3686.90630  -4395.83437  -4138.72918  -4.1257878  -2.1687087   5.9832755 2026 01 15 13 03 34.67
0  -3768.65244  -4438.10137  -4018.13897  -4.0484787  -2.0578799   6.0752786 2026 01 15 13 03 54.67
0  -3848.83082  -4478.14463  -3895.73592  -3.9690190  -1.9463428   6.1645548 2026 01 15 13 04 14.67
0  -3927.39878  -4515.95052  -3771.57498  -3.8874418  -1.8341530   6.2510628 2026 01 15 13 04 34.67
0  -4004.31431  -4551.50656  -3645.71190  -3.8037812  -1.7213666   6.3347630 2026 01 15 13 04 54.67
0  -4079.53608  -4584.80137  -3518.20324  -3.7180724  -1.6080400   6.4156167 2026 01 15 13 05 14.67
0  -4153.02349  -4615.82473  -3389.10630  -3.6303517  -1.4942295   6.4935864 2026 01 15 13 05 34.67
0  -4224.73668  -4644.56751  -3258.47913  -3.5406567  -1.3799918   6.5686361 2026 01 15 13 05 54.67
0  -4294.63655  -4671.02175  -3126.38046  -3.4490258  -1.2653835   6.6407310 2026 01 15 13 06 14.67
0  -4362.68478  -4695.18059  -2992.86975  -3.3554987  -1.1504616   6.7098375 2026 01 15 13 06 34.67
0  -4428.84384  -4717.03834  -2858.00707  -3.2601161  -1.0352827   6.7759234 2026 01 15 13 06 54.67
0  -4493.07705  -4736.59042  -2721.85315  -3.1629197  -0.9199040   6.8389580 2026 01 15 13 07 14.67
0  -4555.34856  -4753.83341  -2584.46931  -3.0639523  -0.8043823   6.8989117 2026 01 15 13 07 34.67
0  -4615.62337  -4768.76501  -2445.91746  -2.9632575  -0.6887745   6.9557564 2026 01 15 13 07 54.67
0  -4673.86740  -4781.38409  -2306.26003  -2.8608800  -0.5731376   7.0094654 2026 01 15 13 08 14.67
0  -4730.04744  -4791.69061  -2165.56001  -2.7568657  -0.4575283   7.0600134 2026 01 15 13 08 34.67
0  -4784.13121  -4799.68570  -2023.88085  -2.6512610  -0.3420032   7.1073765 2026 01 15 13 08 54.67
0  -4836.08740  -4805.37162  -1881.28647  -2.5441136  -0.2266190   7.1515322 2026 01 15 13 09 14.67
0  -4885.88562  -4808.75174  -1737.84123  -2.4354719  -0.1114321   7.1924597 2026 01 15 13 09 34.67
0  -4933.49649  -4809.83057  -1593.60990  -2.3253853   0.0035014   7.2301393 2026 01 15 13 09 54.67
0  -4978.89160  -4808.61374  -1448.65761  -2.2139038   0.1181255   7.2645530 2026 01 15 13 10 14.67
0  -5022.04357  -4805.10800  -1303.04985  -2.1010786   0.2323845   7.2956842 2026 01 15 13 10 34.67
0  -5062.92604  -4799.32120  -1156.85243  -1.9869615   0.3462228   7.3235179 2026 01 15 13 10 54.67
0  -5101.51370  -4791.26230  -1010.13142  -1.8716051   0.4595854   7.3480405 2026 01 15 13 11 14.67
0  -5137.78230  -4780.94138   -862.95317  -1.7550627   0.5724175   7.3692400 2026 01 15 13 11 34.67
0  -5171.70864  -4768.36958   -715.38425  -1.6373884   0.6846646   7.3871059 2026 01 15 13 11 54.67
0  -5203.27066  -4753.55915   -567.49143  -1.5186371   0.7962727   7.4016291 2026 01 15 13 12 14.67
0  -5232.44734  -4736.52340   -419.34163  -1.3988643   0.9071882   7.4128022 2026 01 15 13 12 34.67
0  -5259.21884  -4717.27672   -271.00192  -1.2781260   1.0173578   7.4206194 2026 01 15 13 12 54.67
0  -5283.56639  -4695.83455   -122.53946  -1.1564790   1.1267290   7.4250762 2026 01 15 13 13 14.67
0  -5305.47241  -4672.21339     25.97851  -1.0339806   1.2352494   7.4261698 2026 01 15 13 13 34.67
0  -5324.92044  -4646.43075    174.48472  -0.9106889   1.3428676   7.4238991 2026 01 15 13 13 54.67
0  -5341.89520  -4618.50521    322.91187  -0.7866621   1.4495323   7.4182642 2026 01 15 13 14 14.67
0  -5356.38257  -4588.45633    471.19271  -0.6619593   1.5551930   7.4092671 2026 01 15 13 14 34.67
0  -5368.36963  -4556.30470    619.26001  -0.5366400   1.6597999   7.3969113 2026 01 15 13 14 54.67
0  -5377.84465  -4522.07188    767.04666  -0.4107639   1.7633037   7.3812015 2026 01 15 13 15 14.67
0  -5384.79708  -4485.78043    914.48564  -0.2843913   1.8656559   7.3621445 2026 01 15 13 15 34.67
0  -5389.21761  -4447.45385   1061.51008  -0.1575830   1.9668084   7.3397483 2026 01 15 13 15 54.67
0  -5391.09814  -4407.11661   1208.05329  -0.0304000   2.0667141   7.3140225 2026 01 15 13 16 14.67
0  -5390.43177  -4364.79411   1354.04879   0.0970964   2.1653265   7.2849783 2026 01 15 13 16 34.67
0  -5387.21286  -4320.51268   1499.43033   0.2248446   2.2626000   7.2526284 2026 01 15 13 16 54.67
0  -5381.43699  -4274.29954   1644.13195   0.3527827   2.3584896   7.2169871 2026 01 15 13 17 14.67
0  -5373.10098  -4226.18281   1788.08797   0.4808485   2.4529513   7.1780702 2026 01 15 13 17 34.67
0  -5362.20290  -4176.19149   1931.23304   0.6089797   2.5459417   7.1358950 2026 01 15 13 17 54.67
0  -5348.74206  -4124.35542   2073.50219   0.7371140   2.6374184   7.0904803 2026 01 15 13 18 14.67
0  -5332.71904  -4070.70530   2214.83083   0.8651886   2.7273399   7.0418464 2026 01 15 13 18 34.67
0  -5314.13563  -4015.27264   2355.15479   0.9931409   2.8156655   6.9900151 2026 01 15 13 18 54.67
0  -5292.99493  -3958.08975   2494.41036   1.1209082   2.9023554   6.9350097 2026 01 15 13 19 14.67
0  -5269.30126  -3899.18974   2632.53428   1.2484277   2.9873708   6.8768550 2026 01 15 13 19 34.67
0  -5243.06019  -3838.60648   2769.46385   1.3756365   3.0706739   6.8155772 2026 01 15 13 19 54.67
0  -5214.27858  -3776.37458   2905.13687   1.5024720   3.1522277   6.7512040 2026 01 15 13 20 14.67
0  -5182.96451  -3712.52939   3039.49171   1.6288715   3.2319963   6.6837644 2026 01 15 13 20 34.67
0  -5149.12733  -3647.10697   3172.46736   1.7547723   3.3099448   6.6132890 2026 01 15 13 20 54.67
0  -5112.77764  -3580.14406   3304.00342   1.8801122   3.3860393   6.5398097 2026 01 15 13 21 14.67
0  -5073.92727  -3511.67806   3434.04013   2.0048288   3.4602469   6.4633597 2026 01 15 13 21 34.67
0  -5032.58932  -3441.74704   3562.51843   2.1288600   3.5325357   6.3839738 2026 01 15 13 21 54.67
0  -4988.77811  -3370.38968   3689.37995   2.2521440   3.6028751   6.3016878 2026 01 15 13 22 14.67
0  -4942.50920  -3297.64527   3814.56707   2.3746192   3.6712353   6.2165392 2026 01 15 13 22 34.67
0  -4893.79938  -3223.55368   3938.02291   2.4962243   3.7375877   6.1285666 2026 01 15 13 22 54.67
0  -4842.66665  -3148.15534   4059.69139   2.6168984   3.8019048   6.0378099 2026 01 15 13 23 14.67
0  -4789.13026  -3071.49122   4179.51724   2.7365809   3.8641603   5.9443103 2026 01 15 13 23 34.67
0  -4733.21063  -2993.60282   4297.44603   2.8552116   3.9243288   5.8481104 2026 01 15 13 23 54.67
0  -4674.92939  -2914.53211   4413.42417   2.9727306   3.9823862   5.7492536 2026 01 15 13 24 14.67
0  -4614.30938  -2834.32154   4527.39898   3.0890786   4.0383095   5.6477851 2026 01 15 13 24 34.67
0  -4551.37460  -2753.01403   4639.31869   3.2041967   4.0920769   5.5437507 2026 01 15 13 24 54.67
0  -4486.15024  -2670.65290   4749.13244   3.3180266   4.1436676   5.4371979 2026 01 15 13 25 14.67
0  -4418.66264  -2587.28188   4856.79035   3.4305105   4.1930622   5.3281748 2026 01 15 13 25 34.67
0  -4348.93930  -2502.94508   4962.24351   3.5415910   4.2402422   5.2167312 2026 01 15 13 25 54.67
0  -4277.00884  -2417.68696   5065.44400   3.6512116   4.2851904   5.1029174 2026 01 15 13 26 14.67
0  -4202.90103  -2331.55233   5166.34494   3.7593162   4.3278910   4.9867853 2026 01 15 13 26 34.67
0  -4126.64674  -2244.58628   5264.90049   3.8658494   4.3683290   4.8683874 2026 01 15 13 26 54.67
0  -4048.27796  -2156.83420   5361.06586   3.9707565   4.4064907   4.7477775 2026 01 15 13 27 14.67
0  -3967.82773  -2068.34176   5454.79737   4.0739835   4.4423639   4.6250103 2026 01 15 13 27 34.67
0  -3885.33021  -1979.15483   5546.05242   4.1754772   4.4759372   4.5001414 2026 01 15 13 27 54.67
0  -3800.82058  -1889.31951   5634.78954   4.2751849   4.5072005   4.3732275 2026 01 15 13 28 14.67
0  -3714.33509  -1798.88210   5720.96840   4.3730552   4.5361450   4.2443261 2026 01 15 13 28 34.67
0  -3625.91098  -1707.88905   5804.54984   4.4690369   4.5627631   4.1134956 2026 01 15 13 28 54.67
0  -3535.58654  -1616.38696   5885.49586   4.5630800   4.5870483   3.9807952 2026 01 15 13 29 14.67
0  -3443.40102  -1524.42253   5963.76967   4.6551354   4.6089954   3.8462850 2026 01 15 13 29 34.67
0  -3349.39468  -1432.04258   6039.33568   4.7451548   4.6286001   3.7100259 2026 01 15 13 29 54.67
0  -3253.60871  -1339.29399   6112.15952   4.8330906   4.6458598   3.5720797 2026 01 15 13 30 14.67
0  -3156.08524  -1246.22366   6182.20809   4.9188964   4.6607727   3.4325086 2026 01 15 13 30 34.67
0  -3056.86733  -1152.87856   6249.44950   5.0025267   4.6733383   3.2913760 2026 01 15 13 30 54.67
0  -2955.99894  -1059.30560   6313.85317   5.0839369   4.6835574   3.1487455 2026 01 15 13 31 14.67
0  -2853.52490   -965.55173   6375.38978   5.1630836   4.6914317   3.0046816 2026 01 15 13 31 34.67
0  -2749.49093   -871.66379   6434.03132   5.2399241   4.6969643   2.8592496 2026 01 15 13 31 54.67
0  -2643.94355   -777.68858   6489.75108   5.3144170   4.7001594   2.7125151 2026 01 15 13 32 14.67
0  -2536.93013   -683.67281   6542.52368   5.3865219   4.7010225   2.5645445 2026 01 15 13 32 34.67
0  -2428.49881   -589.66304   6592.32505   5.4561994   4.6995600   2.4154045 2026 01 15 13 32 54.67
0  -2318.69854   -495.70572   6639.13249   5.5234113   4.6957796   2.2651626 2026 01 15 13 33 14.67
0  -2207.57900   -401.84712   6682.92463   5.5881205   4.6896902   2.1138866 2026 01 15 13 33 34.67
0  -2095.19060   -308.13331   6723.68148   5.6502910   4.6813017   1.9616449 2026 01 15 13 33 54.67
0  -1981.58447   -214.61018   6761.38441   5.7098881   4.6706253   1.8085062 2026 01 15 13 34 14.67
0  -1866.81242   -121.32336   6796.01616   5.7668780   4.6576731   1.6545396 2026 01 15 13 34 34.67
0  -1750.92691    -28.31824   6827.56089   5.8212283   4.6424584   1.4998146 2026 01 15 13 34 54.67
0  -1633.98105     64.36009   6856.00412   5.8729079   4.6249958   1.3444013 2026 01 15 13 35 14.67
0  -1516.02856    156.66680   6881.33277   5.9218867   4.6053006   1.1883696 2026 01 15 13 35 34.67
0  -1397.12374    248.55742   6903.53520   5.9681359   4.5833894   1.0317901 2026 01 15 13 35 54.67
0  -1277.32146    339.98780   6922.60116   6.0116281   4.5592801   0.8747334 2026 01 15 13 36 14.67
0  -1156.67713    430.91416   6938.52180   6.0523371   4.5329911   0.7172706 2026 01 15 13 36 34.67
0  -1035.24666    521.29311   6951.28972   6.0902379   4.5045424   0.5594727 2026 01 15 13 36 54.67
0   -913.08645    611.08165   6960.89892   6.1253068   4.4739546   0.4014110 2026 01 15 13 37 14.67
0   -790.25337    700.23722   6967.34485   6.1575216   4.4412497   0.2431569 2026 01 15 13 37 34.67
0   -666.80471    788.71771   6970.62438   6.1868613   4.4064503   0.0847819 2026 01 15 13 37 54.67
0   -542.79818    876.48147   6970.73580   6.2133062   4.3695804  -0.0736423 2026 01 15 13 38 14.67
0   -418.29184    963.48732   6967.67884   6.2368381   4.3306646  -0.2320442 2026 01 15 13 38 34.67
0   -293.34413   1049.69461   6961.45467   6.2574400   4.2897289  -0.3903521 2026 01 15 13 38 54.67
0   -168.01382   1135.06321   6952.06588   6.2750963   4.2467997  -0.5484944 2026 01 15 13 39 14.67
0    -42.35995   1219.55352   6939.51650   6.2897930   4.2019049  -0.7063995 2026 01 15 13 39 34.67
0     83.55815   1303.12651   6923.81200   6.3015172   4.1550729  -0.8639959 2026 01 15 13 39 54.67
0    209.68093   1385.74373   6904.95925   6.3102576   4.1063332  -1.0212123 2026 01 15 13 40 14.67
0    335.94859   1467.36733   6882.96657   6.3160043   4.0557161  -1.1779775 2026 01 15 13 40 34.67
0    462.30117   1547.96008   6857.84370   6.3187486   4.0032529  -1.3342202 2026 01 15 13 40 54.67
0    588.67857   1627.48536   6829.60180   6.3184836   3.9489756  -1.4898698 2026 01 15 13 41 14.67
0    715.02053   1705.90724   6798.25342   6.3152036   3.8929172  -1.6448555 2026 01 15 13 41 34.67
0    841.26671   1783.19041   6763.81256   6.3089043   3.8351113  -1.7991071 2026 01 15 13 41 54.67
0    967.35670   1859.30028   6726.29460   6.2995831   3.7755926  -1.9525544 2026 01 15 13 42 14.67
0   1093.23004   1934.20294   6685.71633   6.2872385   3.7143962  -2.1051277 2026 01 15 13 42 34.67
0   1218.82626   2007.86520   6642.09590   6.2718709   3.6515584  -2.2567575 2026 01 15 13 42 54.67
0   1344.08491   2080.25459   6595.45290   6.2534817   3.5871158  -2.4073750 2026 01 15 13 43 14.67
0   1468.94560   2151.33940   6545.80824   6.2320741   3.5211061  -2.5569115 2026 01 15 13 43 34.67
0   1593.34800   2221.08867   6493.18422   6.2076528   3.4535676  -2.7052989 2026 01 15 13 43 54.67
0   1717.23189   2289.47219   6437.60452   6.1802236   3.3845391  -2.8524695 2026 01 15 13 44 14.67
0   1840.53719   2356.46058   6379.09413   6.1497941   3.3140602  -2.9983562 2026 01 15 13 44 34.67
0   1963.20398   2422.02523   6317.67941   6.1163734   3.2421713  -3.1428924 2026 01 15 13 44 54.67
0   2085.17254   2486.13834   6253.38801   6.0799719   3.1689132  -3.2860120 2026 01 15 13 45 14.67
0   2206.38337   2548.77294   6186.24894   6.0406015   3.0943274  -3.4276495 2026 01 15 13 45 34.67
0   2326.77722   2609.90290   6116.29246   5.9982757   3.0184560  -3.5677403 2026 01 15 13 45 54.67
0   2446.29514   2669.50293   6043.55018   5.9530094   2.9413415  -3.7062201 2026 01 15 13 46 14.67
0   2564.87847   2727.54860   5968.05493   5.9048190   2.8630273  -3.8430255 2026 01 15 13 46 34.67
0   2682.46890   2784.01636   5889.84084   5.8537222   2.7835568  -3.9780937 2026 01 15 13 46 54.67
0   2799.00850   2838.88351   5808.94326   5.7997384   2.7029744  -4.1113628 2026 01 15 13 47 14.67
0   2914.43974   2892.12826   5725.39880   5.7428885   2.6213247  -4.2427715 2026 01 15 13 47 34.67
0   3028.70551   2943.72972   5639.24526   5.6831945   2.5386527  -4.3722595 2026 01 15 13 47 54.67
0   3141.74917   2993.66790   5550.52166   5.6206801   2.4550039  -4.4997673 2026 01 15 13 48 14.67
0   3253.51455   3041.92372   5459.26819   5.5553706   2.3704244  -4.6252361 2026 01 15 13 48 34.67
0   3363.94601   3088.47902   5365.52621   5.4872923   2.2849603  -4.7486081 2026 01 15 13 48 54.67
0   3472.98846   3133.31659   5269.33822   5.4164733   2.1986584  -4.8698266 2026 01 15 13 49 14.67
0   3580.58737   3176.42013   5170.74785   5.3429430   2.1115655  -4.9888355 2026 01 15 13 49 34.67
0   3686.68882   3217.77429   5069.79984   5.2667321   2.0237289  -5.1055800 2026 01 15 13 49 54.67
0   3791.23952   3257.36468   4966.54003   5.1878728   1.9351963  -5.2200062 2026 01 15 13 50 14.67
0   3894.18683   3295.17785   4861.01530   5.1063987   1.8460153  -5.3320612 2026 01 15 13 50 34.67
0   3995.47881   3331.20131   4753.27361   5.0223447   1.7562340  -5.4416932 2026 01 15 13 50 54.67
0   4095.06421   3365.42355   4643.36392   4.9357471   1.6659006  -5.5488515 2026 01 15 13 51 14.67
0   4192.89254   3397.83399   4531.33620   4.8466435   1.5750635  -5.6534865 2026 01 15 13 51 34.67
0   4288.91406   3428.42306   4417.24141   4.7550728   1.4837713  -5.7555498 2026 01 15 13 51 54.67
0   4383.07983   3457.18213   4301.13145   4.6610753   1.3920725  -5.8549941 2026 01 15 13 52 14.67
0   4475.34172   3484.10356   4183.05916   4.5646926   1.3000160  -5.9517733 2026 01 15 13 52 34.67
0   4565.65247   3509.18068   4063.07831   4.4659673   1.2076505  -6.0458426 2026 01 15 13 52 54.67
0   4653.96564   3532.40781   3941.24352   4.3649437   1.1150249  -6.1371583 2026 01 15 13 53 14.67
0   4740.23574   3553.78023   3817.61029   4.2616671   1.0221881  -6.2256781 2026 01 15 13 53 34.67
0   4824.41815   3573.29420   3692.23495   4.1561838   0.9291890  -6.3113609 2026 01 15 13 53 54.67
0   4906.46923   3590.94697   3565.17465   4.0485417   0.8360764  -6.3941671 2026 01 15 13 54 14.67
0   4986.34627   3606.73674   3436.48730   3.9387895   0.7428990  -6.4740582 2026 01 15 13 54 34.67
0   5064.00758   3620.66272   3306.23158   3.8269774   0.6497054  -6.5509972 2026 01 15 13 54 54.67
0   5139.41247   3632.72507   3174.46688   3.7131565   0.5565444  -6.6249483 2026 01 15 13 55 14.67
0   5212.52128   3642.92492   3041.25332   3.5973790   0.4634642  -6.6958774 2026 01 15 13 55 34.67
0   5283.29541   3651.26437   2906.65166   3.4796983   0.3705130  -6.7637515 2026 01 15 13 55 54.67
0   5351.69733   3657.74647   2770.72333   3.3601686   0.2777390  -6.8285392 2026 01 15 13 56 14.67
0   5417.69062   3662.37526   2633.53035   3.2388454   0.1851899  -6.8902105 2026 01 15 13 56 34.67
0   5481.23997   3665.15571   2495.13533   3.1157850   0.0929132  -6.9487370 2026 01 15 13 56 54.67
0   5542.31121   3666.09373   2355.60145   2.9910449   0.0009562  -7.0040915 2026 01 15 13 57 14.67
0   5600.87133   3665.19620   2214.99241   2.8646831  -0.0906340  -7.0562486 2026 01 15 13 57 34.67
0   5656.88847   3662.47091   2073.37240   2.7367591  -0.1818110  -7.1051842 2026 01 15 13 57 54.67
0   5710.33199   3657.92659   1930.80607   2.6073327  -0.2725283  -7.1508759 2026 01 15 13 58 14.67
0   5761.17246   3651.57290   1787.35852   2.4764648  -0.3627402  -7.1933026 2026 01 15 13 58 34.67
0   5809.38166   3643.42040   1643.09524   2.3442173  -0.4524011  -7.2324450 2026 01 15 13 58 54.67
0   5854.93262   3633.48056   1498.08211   2.2106525  -0.5414659  -7.2682852 2026 01 15 13 59 14.67
0   5897.79963   3621.76575   1352.38533   2.0758337  -0.6298901  -7.3008069 2026 01 15 13 59 34.67
0   5937.95824   3608.28922   1206.07143   1.9398248  -0.7176296  -7.3299954 2026 01 15 13 59 54.67
0   5975.38529   3593.06511   1059.20719   1.8026904  -0.8046408  -7.3558377 2026 01 15 14 00 14.67
0   6010.05894   3576.10842    911.85968   1.6644959  -0.8908805  -7.3783220 2026 01 15 14 00 34.67
0   6041.95863   3557.43499    764.09613   1.5253071  -0.9763063  -7.3974386 2026 01 15 14 00 54.67
0   6071.06514   3537.06153    615.98401   1.3851904  -1.0608763  -7.4131791 2026 01 15 14 01 14.67
0   6097.36059   3515.00557    467.59090   1.2442129  -1.1445490  -7.4255367 2026 01 15 14 01 34.67
0   6120.82843   3491.28547    318.98451   1.1024420  -1.2272838  -7.4345064 2026 01 15 14 01 54.67
0   6141.45347   3465.92038    170.23264   0.9599456  -1.3090406  -7.4400847 2026 01 15 14 02 14.67
0   6159.22189   3438.93027     21.40314   0.8167922  -1.3897800  -7.4422696 2026 01 15 14 02 34.67
0   6174.12123   3410.33585   -127.43611   0.6730506  -1.4694633  -7.4410608 2026 01 15 14 02 54.67
0   6186.14043   3380.15865   -276.21726   0.5287899  -1.5480524  -7.4364598 2026 01 15 14 03 14.67
0   6195.26979   3348.42092   -424.87248   0.3840795  -1.6255101  -7.4284694 2026 01 15 14 03 34.67
0   6201.50102   3315.14566   -573.33403   0.2389892  -1.7017998  -7.4170941 2026 01 15 14 03 54.67
0   6204.82722   3280.35658   -721.53427   0.0935890  -1.7768858  -7.4023402 2026 01 15 14 04 14.67
0   6205.24289   3244.07811   -869.40570  -0.0520510  -1.8507330  -7.3842153 2026 01 15 14 04 34.67
0   6202.74394   3206.33537  -1016.88100  -0.1978604  -1.9233073  -7.3627288 2026 01 15 14 04 54.67
0   6197.32770   3167.15415  -1163.89303  -0.3437686  -1.9945753  -7.3378916 2026 01 15 14 05 14.67
0   6188.99288   3126.56091  -1310.37490  -0.4897052  -2.0645044  -7.3097161 2026 01 15 14 05 34.67
0   6177.73963   3084.58274  -1456.26000  -0.6355995  -2.1330630  -7.2782165 2026 01 15 14 05 54.67
0   6163.56951   3041.24736  -1601.48198  -0.7813808  -2.2002203  -7.2434084 2026 01 15 14 06 14.67
0   6146.48547   2996.58310  -1745.97485  -0.9269785  -2.2659463  -7.2053088 2026 01 15 14 06 34.67
0   6126.49190   2950.61889  -1889.67297  -1.0723221  -2.3302119  -7.1639365 2026 01 15 14 06 54.67
0   6103.59458   2903.38420  -2032.51107  -1.2173409  -2.3929890  -7.1193117 2026 01 15 14 07 14.67
0   6077.80072   2854.90908  -2174.42433  -1.3619648  -2.4542504  -7.0714561 2026 01 15 14 07 34.67
0   6049.11892   2805.22412  -2315.34835  -1.5061235  -2.5139698  -7.0203930 2026 01 15 14 07 54.67
0   6017.55917   2754.36041  -2455.21924  -1.6497471  -2.5721219  -6.9661470 2026 01 15 14 08 14.67
0   5983.13289   2702.34953  -2593.97359  -1.7927657  -2.6286822  -6.9087442 2026 01 15 14 08 34.67
0   5945.85286   2649.22357  -2731.54854  -1.9351101  -2.6836273  -6.8482124 2026 01 15 14 08 54.67
0   5905.73326   2595.01505  -2867.88180  -2.0767109  -2.7369349  -6.7845805 2026 01 15 14 09 14.67
0   5862.78966   2539.75693  -3002.91168  -2.2174995  -2.7885833  -6.7178790 2026 01 15 14 09 34.67
0   5817.03897   2483.48262  -3136.57709  -2.3574074  -2.8385521  -6.6481397 2026 01 15 14 09 54.67
0   5768.49951   2426.22589  -3268.81761  -2.4963666  -2.8868218  -6.5753959 2026 01 15 14 10 14.67
0   5717.19091   2368.02092  -3399.57350  -2.6343097  -2.9333740  -6.4996821 2026 01 15 14 10 34.67
0   5663.13417   2308.90223  -3528.78571  -2.7711695  -2.9781911  -6.4210342 2026 01 15 14 10 54.67
0   5606.35162   2248.90469  -3656.39593  -2.9068795  -3.0212567  -6.3394895 2026 01 15 14 11 14.67
0   5546.86693   2188.06348  -3782.34661  -3.0413738  -3.0625553  -6.2550864 2026 01 15 14 11 34.67
0   5484.70505   2126.41410  -3906.58097  -3.1745869  -3.1020726  -6.1678649 2026 01 15 14 11 54.67
0   5419.89226   2063.99230  -4029.04306  -3.3064541  -3.1397950  -6.0778658 2026 01 15 14 12 14.67
0   5352.45612   2000.83411  -4149.67775  -3.4369112  -3.1757103  -5.9851314 2026 01 15 14 12 34.67
0   5282.42547   1936.97578  -4268.43077  -3.5658949  -3.2098070  -5.8897053 2026 01 15 14 12 54.67
0   5209.83041   1872.45380  -4385.24871  -3.6933423  -3.2420749  -5.7916320 2026 01 15 14 13 14.67
0   5134.70227   1807.30482  -4500.07911  -3.8191914  -3.2725046  -5.6909573 2026 01 15 14 13 34.67
0   5057.07365   1741.56570  -4612.87038  -3.9433811  -3.3010880  -5.5877281 2026 01 15 14 13 54.67
0   4976.97833   1675.27344  -4723.57194  -4.0658509  -3.3278178  -5.4819924 2026 01 15 14 14 14.67
0   4894.45131   1608.46518  -4832.13413  -4.1865412  -3.3526877  -5.3737994 2026 01 15 14 14 34.67
0   4809.52876   1541.17815  -4938.50830  -4.3053931  -3.3756927  -5.2631992 2026 01 15 14 14 54.67
0   4722.24804   1473.44972  -5042.64683  -4.4223489  -3.3968286  -5.1502428 2026 01 15 14 15 14.67
0   4632.64764   1405.31728  -5144.50311  -4.5373515  -3.4160922  -5.0349825 2026 01 15 14 15 34.67
0   4540.76719   1336.81832  -5244.03159  -4.6503449  -3.4334814  -4.9174714 2026 01 15 14 15 54.67
0   4446.64741   1267.99032  -5341.18780  -4.7612740  -3.4489951  -4.7977636 2026 01 15 14 16 14.67
0   4350.33014   1198.87081  -5435.92834  -4.8700846  -3.4626333  -4.6759140 2026 01 15 14 16 34.67
0   4251.85828   1129.49727  -5528.21095  -4.9767237  -3.4743968  -4.5519786 2026 01 15 14 16 54.67
0   4151.27579   1059.90720  -5617.99446  -5.0811391  -3.4842876  -4.4260140 2026 01 15 14 17 14.67
0   4048.62764    990.13801  -5705.23887  -5.1832798  -3.4923085  -4.2980778 2026 01 15 14 17 34.67
0   3943.95983    920.22708  -5789.90533  -5.2830958  -3.4984634  -4.1682285 2026 01 15 14 17 54.67
0   3837.31936    850.21165  -5871.95617  -5.3805382  -3.5027573  -4.0365251 2026 01 15 14 18 14.67
0   3728.75416    780.12892  -5951.35490  -5.4755592  -3.5051958  -3.9030276 2026 01 15 14 18 34.67
0   3618.31314    710.01590  -6028.06624  -5.5681121  -3.5057859  -3.7677966 2026 01 15 14 18 54.67
0   3506.04610    639.90951  -6102.05615  -5.6581516  -3.5045351  -3.6308935 2026 01 15 14 19 14.67
0   3392.00378    569.84646  -6173.29178  -5.7456331  -3.5014523  -3.4923801 2026 01 15 14 19 34.67
0   3276.23775    499.86331  -6241.74156  -5.8305136  -3.4965470  -3.3523192 2026 01 15 14 19 54.67
0   3158.80047    429.99640  -6307.37518  -5.9127512  -3.4898297  -3.2107740 2026 01 15 14 20 14.67
0   3039.74519    360.28185  -6370.16357  -5.9923050  -3.4813120  -3.0678084 2026 01 15 14 20 34.67
0   2919.12599    290.75556  -6430.07898  -6.0691356  -3.4710060  -2.9234866 2026 01 15 14 20 54.67
0   2796.99772    221.45316  -6487.09493  -6.1432047  -3.4589252  -2.7778736 2026 01 15 14 21 14.67
0   2673.41598    152.41000  -6541.18625  -6.2144755  -3.4450836  -2.6310348 2026 01 15 14 21 34.67
0   2548.43710     83.66116  -6592.32908  -6.2829121  -3.4294962  -2.4830361 2026 01 15 14 21 54.67
0   2422.11810     15.24138  -6640.50087  -6.3484802  -3.4121787  -2.3339438 2026 01 15 14 22 14.67
0   2294.51669    -52.81488  -6685.68044  -6.4111467  -3.3931481  -2.1838247 2026 01 15 14 22 34.67
0   2165.69122   -120.47355  -6727.84790  -6.4708799  -3.3724216  -2.0327458 2026 01 15 14 22 54.67
0   2035.70066   -187.70089  -6766.98473  -6.5276492  -3.3500178  -1.8807746 2026 01 15 14 23 14.67
0   1904.60459   -254.46353  -6803.07378  -6.5814257  -3.3259556  -1.7279791 2026 01 15 14 23 34.67
0   1772.46314   -320.72852  -6836.09922  -6.6321816  -3.3002551  -1.5744271 2026 01 15 14 23 54.67
0   1639.33699   -386.46328  -6866.04662  -6.6798906  -3.2729370  -1.4201873 2026 01 15 14 24 14.67
0   1505.28733   -451.63569  -6892.90290  -6.7245277  -3.2440227  -1.2653282 2026 01 15 14 24 34.67
0   1370.37583   -516.21404  -6916.65636  -6.7660693  -3.2135345  -1.1099187 2026 01 15 14 24 54.67
0   1234.66464   -580.16707  -6937.29669  -6.8044932  -3.1814953  -0.9540278 2026 01 15 14 25 14.67
0   1098.21631   -643.46401  -6954.81495  -6.8397787  -3.1479288  -0.7977248 2026 01 15 14 25 34.67
0    961.09381   -706.07454  -6969.20359  -6.8719064  -3.1128594  -0.6410790 2026 01 15 14 25 54.67
0    823.36048   -767.96887  -6980.45644  -6.9008585  -3.0763122  -0.4841600 2026 01 15 14 26 14.67
0    685.08000   -829.11768  -6988.56874  -6.9266183  -3.0383129  -0.3270373 2026 01 15 14 26 34.67
0    546.31637   -889.49221  -6993.53712  -6.9491709  -2.9988880  -0.1697806 2026 01 15 14 26 54.67
0    407.13387   -949.06421  -6995.35958  -6.9685027  -2.9580644  -0.0124594 2026 01 15 14 27 14.67
0    267.59705  -1007.80598  -6994.03553  -6.9846016  -2.9158700   0.1448565 2026 01 15 14 27 34.67
0    127.77067  -1065.69038  -6989.56578  -6.9974567  -2.8723330   0.3020975 2026 01 15 14 27 54.67
0    -12.28030  -1122.69085  -6981.95252  -7.0070591  -2.8274822   0.4591940 2026 01 15 14 28 14.67
0   -152.49072  -1178.78142  -6971.19933  -7.0134008  -2.7813473   0.6160764 2026 01 15 14 28 34.67
0   -292.79531  -1233.93668  -6957.31119  -7.0164756  -2.7339581   0.7726754 2026 01 15 14 28 54.67
0   -433.12869  -1288.13187  -6940.29446  -7.0162788  -2.6853454   0.9289217 2026 01 15 14 29 14.67
0   -573.42537  -1341.34283  -6920.15690  -7.0128070  -2.6355402   1.0847461 2026 01 15 14 29 34.67
0   -713.61985  -1393.54601  -6896.90762  -7.0060584  -2.5845742   1.2400796 2026 01 15 14 29 54.67
0   -853.64657  -1444.71853  -6870.55713  -6.9960327  -2.5324794   1.3948536 2026 01 15 14 30 14.67
0   -993.44001  -1494.83813  -6841.11731  -6.9827310  -2.4792885   1.5489995 2026 01 15 14 30 34.67
0  -1132.93467  -1543.88322  -6808.60140  -6.9661561  -2.4250346   1.7024491 2026 01 15 14 30 54.67
0  -1272.06512  -1591.83288  -6773.02402  -6.9463121  -2.3697512   1.8551344 2026 01 15 14 31 14.67
0  -1410.76603  -1638.66684  -6734.40111  -6.9232045  -2.3134722   2.0069878 2026 01 15 14 31 34.67
0  -1548.97220  -1684.36555  -6692.75001  -6.8968406  -2.2562320   2.1579420 2026 01 15 14 31 54.67
0  -1686.61858  -1728.91013  -6648.08936  -6.8672291  -2.1980653   2.3079300 2026 01 15 14 32 14.67
0  -1823.64033  -1772.28239  -6600.43915  -6.8343799  -2.1390072   2.4568853 2026 01 15 14 32 34.67
0  -1959.97280  -1814.46486  -6549.82070  -6.7983049  -2.0790932   2.6047419 2026 01 15 14 32 54.67
0  -2095.55159  -1855.44079  -6496.25664  -6.7590170  -2.0183590   2.7514339 2026 01 15 14 33 14.67
0  -2230.31261  -1895.19412  -6439.77092  -6.7165309  -1.9568409   2.8968964 2026 01 15 14 33 34.67
0  -2364.19204  -1933.70955  -6380.38878  -6.6708627  -1.8945751   3.0410644 2026 01 15 14 33 54.67
0  -2497.12640  -1970.97248  -6318.13674  -6.6220300  -1.8315985   3.1838740 2026 01 15 14 34 14.67
0  -2629.05261  -2006.96908  -6253.04263  -6.5700519  -1.7679479   3.3252615 2026 01 15 14 34 34.67
0  -2759.90796  -2041.68622  -6185.13550  -6.5149488  -1.7036605   3.4651638 2026 01 15 14 34 54.67
0  -2889.63015  -2075.11155  -6114.44570  -6.4567428  -1.6387738   3.6035186 2026 01 15 14 35 14.67
0  -3018.15737  -2107.23347  -6041.00479  -6.3954573  -1.5733255   3.7402641 2026 01 15 14 35 34.67
0  -3145.42828  -2138.04111  -5964.84558  -6.3311174  -1.5073532   3.8753391 2026 01 15 14 35 54.67
0  -3271.38204  -2167.52437  -5886.00207  -6.2637493  -1.4408950   4.0086832 2026 01 15 14 36 14.67
0  -3395.95836  -2195.67392  -5804.50949  -6.1933809  -1.3739889   4.1402366 2026 01 15 14 36 34.67
0  -3519.09754  -2222.48119  -5720.40424  -6.1200414  -1.3066733   4.2699405 2026 01 15 14 36 54.67
0  -3640.74046  -2247.93836  -5633.72390  -6.0437616  -1.2389865   4.3977365 2026 01 15 14 37 14.67
0  -3760.82862  -2272.03840  -5544.50721  -5.9645734  -1.1709669   4.5235673 2026 01 15 14 37 34.67
0  -3879.30420  -2294.77503  -5452.79403  -5.8825105  -1.1026530   4.6473762 2026 01 15 14 37 54.67
0  -3996.11005  -2316.14276  -5358.62536  -5.7976077  -1.0340833   4.7691074 2026 01 15 14 38 14.67
0  -4111.18972  -2336.13686  -5262.04331  -5.7099014  -0.9652965   4.8887060 2026 01 15 14 38 34.67
0  -4224.48753  -2354.75337  -5163.09108  -5.6194290  -0.8963310   5.0061181 2026 01 15 14 38 54.67
0  -4335.94855  -2371.98910  -5061.81293  -5.5262298  -0.8272256   5.1212904 2026 01 15 14 39 14.67
0  -4445.51863  -2387.84164  -4958.25417  -5.4303440  -0.7580187   5.2341710 2026 01 15 14 39 34.67
0  -4553.14446  -2402.30935  -4852.46117  -5.3318133  -0.6887487   5.3447085 2026 01 15 14 39 54.67
0  -4658.77357  -2415.39135  -4744.48127  -5.2306807  -0.6194542   5.4528528 2026 01 15 14 40 14.67
0  -4762.35437  -2427.08752  -4634.36285  -5.1269906  -0.5501733   5.5585547 2026 01 15 14 40 34.67
0  -4863.83617  -2437.39854  -4522.15523  -5.0207884  -0.4809444   5.6617660 2026 01 15 14 40 54.67
0  -4963.16917  -2446.32581  -4407.90869  -4.9121211  -0.4118054   5.7624398 2026 01 15 14 41 14.67
0  -5060.30458  -2453.87152  -4291.67446  -4.8010367  -0.3427943   5.8605300 2026 01 15 14 41 34.67
0  -5155.19453  -2460.03861  -4173.50465  -4.6875846  -0.2739488   5.9559916 2026 01 15 14 41 54.67
0  -5247.79217  -2464.83075  -4053.45227  -4.5718152  -0.2053064   6.0487811 2026 01 15 14 42 14.67
0  -5338.05168  -2468.25239  -3931.57120  -4.4537804  -0.1369046   6.1388558 2026 01 15 14 42 34.67
0  -5425.92828  -2470.30871  -3807.91615  -4.3335329  -0.0687802   6.2261743 2026 01 15 14 42 54.67
0  -5511.37825  -2471.00563  -3682.54264  -4.2111268  -0.0009703   6.3106963 2026 01 15 14 43 14.67
0  -5594.35897  -2470.34980  -3555.50700  -4.0866173   0.0664886   6.3923830 2026 01 15 14 43 34.67
0  -5674.82893  -2468.34860  -3426.86631  -3.9600605   0.1335603   6.4711965 2026 01 15 14 43 54.67
0  -5752.74777  -2465.01015  -3296.67840  -3.8315138   0.2002089   6.5471004 2026 01 15 14 44 14.67
0  -5828.07626  -2460.34326  -3165.00183  -3.7010356   0.2663986   6.6200594 2026 01 15 14 44 34.67
0  -5900.77637  -2454.35746  -3031.89581  -3.5686852   0.3320943   6.6900398 2026 01 15 14 44 54.67
0  -5970.81126  -2447.06299  -2897.42027  -3.4345231   0.3972610   6.7570088 2026 01 15 14 45 14.67
0  -6038.14530  -2438.47075  -2761.63573  -3.2986105   0.4618643   6.8209353 2026 01 15 14 45 34.67
0  -6102.74412  -2428.59238  -2624.60335  -3.1610098   0.5258699   6.8817894 2026 01 15 14 45 54.67
0  -6164.57458  -2417.44016  -2486.38487  -3.0217842   0.5892444   6.9395425 2026 01 15 14 46 14.67
0  -6223.60481  -2405.02704  -2347.04258  -2.8809977   0.6519544   6.9941675 2026 01 15 14 46 34.67
0  -6279.80426  -2391.36664  -2206.63928  -2.7387153   0.7139672   7.0456388 2026 01 15 14 46 54.67
0  -6333.14366  -2376.47323  -2065.23832  -2.5950028   0.7752505   7.0939320 2026 01 15 14 47 14.67
0  -6383.59508  -2360.36172  -1922.90348  -2.4499267   0.8357726   7.1390242 2026 01 15 14 47 34.67
0  -6431.13191  -2343.04764  -1779.69898  -2.3035543   0.8955022   7.1808940 2026 01 15 14 47 54.67
0  -6475.72891  -2324.54716  -1635.68949  -2.1559537   0.9544085   7.2195216 2026 01 15 14 48 14.67
0  -6517.36220  -2304.87704  -1490.94004  -2.0071937   1.0124615   7.2548883 2026 01 15 14 48 34.67
0  -6556.00928  -2284.05464  -1345.51600  -1.8573436   1.0696316   7.2869772 2026 01 15 14 48 54.67
0  -6591.64907  -2262.09792  -1199.48310  -1.7064734   1.1258896   7.3157728 2026 01 15 14 49 14.67
0  -6624.26184  -2239.02540  -1052.90734  -1.5546539   1.1812073   7.3412611 2026 01 15 14 49 34.67
0  -6653.82934  -2214.85616   -905.85500  -1.4019561   1.2355568   7.3634295 2026 01 15 14 49 54.67
0  -6680.33472  -2189.60984   -758.39258  -1.2484518   1.2889110   7.3822673 2026 01 15 14 50 14.67
0  -6703.76255  -2163.30662   -610.58679  -1.0942131   1.3412433   7.3977648 2026 01 15 14 50 34.67
0  -6724.09889  -2135.96719   -462.50452  -0.9393128   1.3925279   7.4099142 2026 01 15 14 50 54.67
0  -6741.33123  -2107.61275   -314.21279  -0.7838238   1.4427397   7.4187091 2026 01 15 14 51 14.67
0  -6755.44852  -2078.26501   -165.77875  -0.6278197   1.4918542   7.4241448 2026 01 15 14 51 34.67
0  -6766.44121  -2047.94615    -17.26961  -0.4713741   1.5398475   7.4262180 2026 01 15 14 51 54.67
0  -6774.30120  -2016.67884    131.24736  -0.3145612   1.5866966   7.4249269 2026 01 15 14 52 14.67
0  -6779.02189  -1984.48616    279.70486  -0.1574553   1.6323792   7.4202715 2026 01 15 14 52 34.67
0  -6780.59816  -1951.39169    428.03563  -0.0001310   1.6768738   7.4122531 2026 01 15 14 52 54.67
0  -6779.02640  -1917.41937    576.17243   0.1573369   1.7201593   7.4008747 2026 01 15 14 53 14.67
0  -6774.30448  -1882.59360    724.04811   0.3148736   1.7622158   7.3861408 2026 01 15 14 53 34.67
0  -6766.43176  -1846.93915    871.59561   0.4724039   1.8030240   7.3680574 2026 01 15 14 53 54.67
0  -6755.40914  -1810.48118   1018.74802   0.6298529   1.8425653   7.3466324 2026 01 15 14 54 14.67
0  -6741.23898  -1773.24519   1165.43859   0.7871454   1.8808220   7.3218747 2026 01 15 14 54 34.67
0  -6723.92517  -1735.25706   1311.60079   0.9442063   1.9177772   7.2937952 2026 01 15 14 54 54.67
0  -6703.47310  -1696.54297   1457.16828   1.1009604   1.9534147   7.2624061 2026 01 15 14 55 14.67
0  -6679.88963  -1657.12943   1602.07502   1.2573327   1.9877192   7.2277212 2026 01 15 14 55 34.67
0  -6653.18316  -1617.04325   1746.25524   1.4132485   2.0206763   7.1897559 2026 01 15 14 55 54.67
0  -6623.36357  -1576.31151   1889.64350   1.5686329   2.0522722   7.1485270 2026 01 15 14 56 14.67
0  -6590.44223  -1534.96157   2032.17471   1.7234114   2.0824943   7.1040529 2026 01 15 14 56 34.67
0  -6554.43200  -1493.02103   2173.78416   1.8775097   2.1113304   7.0563536 2026 01 15 14 56 54.67
0  -6515.34721  -1450.51770   2314.40755   2.0308539   2.1387696   7.0054503 2026 01 15 14 57 14.67
0  -6473.20370  -1407.47965   2453.98104   2.1833702   2.1648015   6.9513659 2026 01 15 14 57 34.67
0  -6428.01875  -1363.93511   2592.44124   2.3349853   2.1894167   6.8941248 2026 01 15 14 57 54.67
0  -6379.81112  -1319.91249   2729.72527   2.4856261   2.2126067   6.8337528 2026 01 15 14 58 14.67
0  -6328.60101  -1275.44039   2865.77078   2.6352202   2.2343637   6.7702771 2026 01 15 14 58 34.67
0  -6274.41009  -1230.54753   3000.51599   2.7836954   2.2546811   6.7037263 2026 01 15 14 58 54.67
0  -6217.26144  -1185.26277   3133.89969   2.9309803   2.2735527   6.6341307 2026 01 15 14 59 14.67
0  -6157.17958  -1139.61507   3265.86130   3.0770036   2.2909735   6.5615216 2026 01 15 14 59 34.67
0  -6094.19046  -1093.63349   3396.34086   3.2216950   2.3069394   6.4859320 2026 01 15 14 59 54.67
0  -6028.32140  -1047.34717   3525.27912   3.3649846   2.3214469   6.4073961 2026 01 15 15 00 14.67
0  -5959.60113  -1000.78529   3652.61750   3.5068032   2.3344936   6.3259496 2026 01 15 15 00 34.67
0  -5888.05977   -953.97711   3778.29816   3.6470821   2.3460778   6.2416294 2026 01 15 15 00 54.67
0  -5813.72879   -906.95186   3902.26399   3.7857536   2.3561989   6.1544737 2026 01 15 15 01 14.67
0  -5736.64100   -859.73882   4024.45868   3.9227505   2.3648570   6.0645221 2026 01 15 15 01 34.67
0  -5656.83057   -812.36723   4144.82673   4.0580066   2.3720530   5.9718155 2026 01 15 15 01 54.67
0  -5574.33295   -764.86633   4263.31344   4.1914563   2.3777888   5.8763959 2026 01 15 15 02 14.67
0  -5489.18494   -717.26529   4379.86499   4.3230349   2.3820671   5.7783067 2026 01 15 15 02 34.67
0  -5401.42459   -669.59323   4494.42843   4.4526787   2.3848914   5.6775924 2026 01 15 15 02 54.67
0  -5311.09123   -621.87918   4606.95172   4.5803247   2.3862661   5.5742987 2026 01 15 15 03 14.67
0  -5218.22544   -574.15208   4717.38372   4.7059109   2.3861966   5.4684727 2026 01 15 15 03 34.67
0  -5122.86902   -526.44077   4825.67427   4.8293765   2.3846887   5.3601622 2026 01 15 15 03 54.67
0  -5025.06498   -478.77394   4931.77418   4.9506614   2.3817495   5.2494165 2026 01 15 15 04 14.67
0  -4924.85755   -431.18014   5035.63524   5.0697065   2.3773867   5.1362859 2026 01 15 15 04 34.67
0  -4822.29207   -383.68776   5137.21025   5.1864541   2.3716088   5.0208216 2026 01 15 15 04 54.67
0  -4717.41510   -336.32500   5236.45308   5.3008472   2.3644252   4.9030762 2026 01 15 15 05 14.67
0  -4610.27426   -289.11990   5333.31863   5.4128300   2.3558460   4.7831029 2026 01 15 15 05 34.67
0  -4500.91832   -242.10024   5427.76288   5.5223481   2.3458821   4.6609563 2026 01 15 15 05 54.67
0  -4389.39710   -195.29361   5519.74292   5.6293479   2.3345454   4.5366918 2026 01 15 15 06 14.67
0  -4275.76150   -148.72734   5609.21695   5.7337771   2.3218482   4.4103655 2026 01 15 15 06 34.67
0  -4160.06345   -102.42850   5696.14431   5.8355847   2.3078039   4.2820349 2026 01 15 15 06 54.67
0  -4042.35587    -56.42391   5780.48549   5.9347209   2.2924264   4.1517581 2026 01 15 15 07 14.67
0  -3922.69268    -10.74008   5862.20216   6.0311370   2.2757306   4.0195940 2026 01 15 15 07 34.67
0  -3801.12876     34.59678   5941.25716   6.1247858   2.2577319   3.8856026 2026 01 15 15 07 54.67
0  -3677.71992     79.56077   6017.61456   6.2156212   2.2384465   3.7498445 2026 01 15 15 08 14.67
0  -3552.52287    124.12633   6091.23964   6.3035986   2.2178914   3.6123811 2026 01 15 15 08 34.67
0  -3425.59522    168.26823   6162.09891   6.3886746   2.1960841   3.4732747 2026 01 15 15 08 54.67
0  -3296.99541    211.96161   6230.16014   6.4708072   2.1730431   3.3325882 2026 01 15 15 09 14.67
0  -3166.78273    255.18199   6295.39237   6.5499558   2.1487872   3.1903852 2026 01 15 15 09 34.67
0  -3035.01724    297.90527   6357.76589   6.6260811   2.1233361   3.0467301 2026 01 15 15 09 54.67
0  -2901.75979    340.10774   6417.25233   6.6991454   2.0967102   2.9016877 2026 01 15 15 10 14.67
0  -2767.07197    381.76611   6473.82459   6.7691122   2.0689303   2.7553237 2026 01 15 15 10 34.67
0  -2631.01608    422.85752   6527.45690   6.8359467   2.0400179   2.6077042 2026 01 15 15 10 54.67
0  -2493.65510    463.35954   6578.12482   6.8996153   2.0099953   2.4588958 2026 01 15 15 11 14.67
0  -2355.05268    503.25020   6625.80524   6.9600861   1.9788851   2.3089659 2026 01 15 15 11 34.67
0  -2215.27309    542.50796   6670.47640   7.0173285   1.9467107   2.1579821 2026 01 15 15 11 54.67
0  -2074.38116    581.11179   6712.11791   7.0713137   1.9134959   2.0060126 2026 01 15 15 12 14.67
0  -1932.44235    619.04112   6750.71075   7.1220140   1.8792652   1.8531261 2026 01 15 15 12 34.67
0  -1789.52259    656.27588   6786.23726   7.1694035   1.8440436   1.6993916 2026 01 15 15 12 54.67
0  -1645.68836    692.79650   6818.68118   7.2134580   1.8078564   1.5448785 2026 01 15 15 13 14.67
0  -1501.00658    728.58394   6848.02763   7.2541544   1.7707298   1.3896566 2026 01 15 15 13 34.67
0  -1355.54463    763.61967   6874.26314   7.2914716   1.7326900   1.2337960 2026 01 15 15 13 54.67
0  -1209.37031    797.88570   6897.37564   7.3253898   1.6937641   1.0773670 2026 01 15 15 14 14.67
0  -1062.55176    831.36456   6917.35446   7.3558909   1.6539794   0.9204404 2026 01 15 15 14 34.67
0   -915.15750    864.03938   6934.19037   7.3829585   1.6133638   0.7630869 2026 01 15 15 14 54.67
0   -767.25635    895.89380   6947.87553   7.4065776   1.5719454   0.6053776 2026 01 15 15 15 14.67
0   -618.91741    926.91207   6958.40355   7.4267348   1.5297529   0.4473839 2026 01 15 15 15 34.67
0   -470.21005    957.07898   6965.76945   7.4434186   1.4868152   0.2891770 2026 01 15 15 15 54.67
0   -321.20383    986.37993   6969.96967   7.4566189   1.4431619   0.1308285 2026 01 15 15 16 14.67
0   -171.96852   1014.80090   6971.00211   7.4663273   1.3988226  -0.0275901 2026 01 15 15 16 34.67
0    -22.57401   1042.32847   6968.86608   7.4725369   1.3538273  -0.1860071 2026 01 15 15 16 54.67
0    126.90966   1068.94982   6963.56232   7.4752426   1.3082064  -0.3443510 2026 01 15 15 17 14.67
0    276.41237   1094.65276   6955.09303   7.4744409   1.2619907  -0.5025500 2026 01 15 15 17 34.67
0    425.86396   1119.42568   6943.46180   7.4701301   1.2152110  -0.6605326 2026 01 15 15 17 54.67
0    575.19425   1143.25763   6928.67368   7.4623098   1.1678985  -0.8182272 2026 01 15 15 18 14.67
0    724.33304   1166.13826   6910.73515   7.4509815   1.1200847  -0.9755626 2026 01 15 15 18 34.67
0    873.21022   1188.05787   6889.65411   7.4361485   1.0718013  -1.1324673 2026 01 15 15 18 54.67
0   1021.75574   1209.00737   6865.43987   7.4178153   1.0230802  -1.2888702 2026 01 15 15 19 14.67
0   1169.89964   1228.97834   6838.10319   7.3959885   0.9739533  -1.4447005 2026 01 15 15 19 34.67
0   1317.57214   1247.96298   6807.65623   7.3706761   0.9244530  -1.5998874 2026 01 15 15 19 54.67
0   1464.70363   1265.95414   6774.11255   7.3418879   0.8746116  -1.7543605 2026 01 15 15 20 14.67
0   1611.22469   1282.94533   6737.48714   7.3096352   0.8244616  -1.9080496 2026 01 15 15 20 34.67
0   1757.06617   1298.93071   6697.79637   7.2739312   0.7740356  -2.0608849 2026 01 15 15 20 54.67
0   1902.15918   1313.90508   6655.05801   7.2347905   0.7233664  -2.2127969 2026 01 15 15 21 14.67
0   2046.43516   1327.86390   6609.29123   7.1922294   0.6724867  -2.3637164 2026 01 15 15 21 34.67
0   2189.82586   1340.80330   6560.51655   7.1462659   0.6214294  -2.5135749 2026 01 15 15 21 54.67
0   2332.26344   1352.72005   6508.75589   7.0969197   0.5702274  -2.6623039 2026 01 15 15 22 14.67
0   2473.68045   1363.61157   6454.03251   7.0442119   0.5189135  -2.8098356 2026 01 15 15 22 34.67
0   2614.00989   1373.47598   6396.37103   6.9881655   0.4675206  -2.9561029 2026 01 15 15 22 54.67
0   2753.18523   1382.31201   6335.79740   6.9288048   0.4160816  -3.1010389 2026 01 15 15 23 14.67
0   2891.14043   1390.11906   6272.33892   6.8661561   0.3646293  -3.2445774 2026 01 15 15 23 34.67
0   3027.81002   1396.89721   6206.02419   6.8002469   0.3131965  -3.3866528 2026 01 15 15 23 54.67
0   3163.12907   1402.64717   6136.88312   6.7311065   0.2618159  -3.5272001 2026 01 15 15 24 14.67
0   3297.03327   1407.37031   6064.94691   6.6587658   0.2105200  -3.6661549 2026 01 15 15 24 34.67
0   3429.45892   1411.06864   5990.24807   6.5832572   0.1593414  -3.8034537 2026 01 15 15 24 54.67
0   3560.34302   1413.74484   5912.82033   6.5046147   0.1083123  -3.9390334 2026 01 15 15 25 14.67
0   3689.62323   1415.40222   5832.69870   6.4228737   0.0574649  -4.0728318 2026 01 15 15 25 34.67
0   3817.23795   1416.04473   5749.91942   6.3380713   0.0068313  -4.2047876 2026 01 15 15 25 54.67
0   3943.12633   1415.67697   5664.51995   6.2502460  -0.0435568  -4.3348400 2026 01 15 15 26 14.67
0   4067.22832   1414.30416   5576.53895   6.1594379  -0.0936678  -4.4629293 2026 01 15 15 26 34.67
0   4189.48468   1411.93217   5486.01629   6.0656884  -0.1434703  -4.5889966 2026 01 15 15 26 54.67
0   4309.83699   1408.56746   5392.99297   5.9690407  -0.1929332  -4.7129838 2026 01 15 15 27 14.67
0   4428.22774   1404.21714   5297.51118   5.8695390  -0.2420257  -4.8348337 2026 01 15 15 27 34.67
0   4544.60030   1398.88893   5199.61422   5.7672294  -0.2907171  -4.9544903 2026 01 15 15 27 54.67
0   4658.89899   1392.59116   5099.34652   5.6621589  -0.3389774  -5.0718982 2026 01 15 15 28 14.67
0   4771.06907   1385.33273   4996.75358   5.5543763  -0.3867764  -5.1870033 2026 01 15 15 28 34.67
0   4881.05679   1377.12318   4891.88200   5.4439317  -0.4340847  -5.2997525 2026 01 15 15 28 54.67
0   4988.80943   1367.97261   4784.77942   5.3308762  -0.4808731  -5.4100935 2026 01 15 15 29 14.67
0   5094.27529   1357.89171   4675.49451   5.2152628  -0.5271126  -5.5179754 2026 01 15 15 29 34.67
0   5197.40375   1346.89174   4564.07696   5.0971453  -0.5727748  -5.6233483 2026 01 15 15 29 54.67
0   5298.14528   1334.98452   4450.57744   4.9765789  -0.6178318  -5.7261634 2026 01 15 15 30 14.67
0   5396.45146   1322.18245   4335.04758   4.8536202  -0.6622558  -5.8263730 2026 01 15 15 30 34.67
0   5492.27502   1308.49845   4217.53996   4.7283269  -0.7060198  -5.9239308 2026 01 15 15 30 54.67
0   5585.56986   1293.94599   4098.10806   4.6007580  -0.7490970  -6.0187916 2026 01 15 15 31 14.67
0   5676.29106   1278.53907   3976.80628   4.4709734  -0.7914612  -6.1109113 2026 01 15 15 31 34.67
0   5764.39491   1262.29221   3853.68985   4.3390344  -0.8330867  -6.2002472 2026 01 15 15 31 54.67
0   5849.83896   1245.22043   3728.81488   4.2050033  -0.8739483  -6.2867579 2026 01 15 15 32 14.67
0   5932.58198   1227.33926   3602.23826   4.0689436  -0.9140212  -6.3704034 2026 01 15 15 32 34.67
0   6012.58405   1208.66471   3474.01771   3.9309196  -0.9532815  -6.4511448 2026 01 15 15 32 54.67
0   6089.80653   1189.21328   3344.21166   3.7909968  -0.9917054  -6.5289446 2026 01 15 15 33 14.67
0   6164.21212   1169.00192   3212.87933   3.6492417  -1.0292700  -6.6037668 2026 01 15 15 33 34.67
0   6235.76483   1148.04805   3080.08061   3.5057216  -1.0659528  -6.6755767 2026 01 15 15 33 54.67
0   6304.43004   1126.36952   2945.87608   3.3605049  -1.1017320  -6.7443411 2026 01 15 15 34 14.67
0   6370.17452   1103.98462   2810.32698   3.2136606  -1.1365864  -6.8100280 2026 01 15 15 34 34.67
0   6432.96641   1080.91204   2673.49516   3.0652589  -1.1704955  -6.8726071 2026 01 15 15 34 54.67
0   6492.77527   1057.17091   2535.44306   2.9153705  -1.2034392  -6.9320495 2026 01 15 15 35 14.67
0   6549.57208   1032.78071   2396.23371   2.7640671  -1.2353982  -6.9883277 2026 01 15 15 35 34.67
0   6603.32926   1007.76133   2255.93065   2.6114209  -1.2663540  -7.0414156 2026 01 15 15 35 54.67
0   6654.02068    982.13301   2114.59794   2.4575051  -1.2962886  -7.0912889 2026 01 15 15 36 14.67
0   6701.62169    955.91636   1972.30009   2.3023932  -1.3251847  -7.1379247 2026 01 15 15 36 34.67
0   6746.10911    929.13231   1829.10207   2.1461596  -1.3530257  -7.1813014 2026 01 15 15 36 54.67
0   6787.46125    901.80212   1685.06927   1.9888791  -1.3797958  -7.2213993 2026 01 15 15 37 14.67
0   6825.65792    873.94737   1540.26746   1.8306272  -1.4054798  -7.2582000 2026 01 15 15 37 34.67
0   6860.68046    845.58991   1394.76274   1.6714799  -1.4300633  -7.2916869 2026 01 15 15 37 54.67
0   6892.51172    816.75191   1248.62155   1.5115133  -1.4535325  -7.3218446 2026 01 15 15 38 14.67
0   6921.13609    787.45578   1101.91061   1.3508045  -1.4758746  -7.3486597 2026 01 15 15 38 34.67
0   6946.53948    757.72417    954.69690   1.1894304  -1.4970772  -7.3721202 2026 01 15 15 38 54.67
0   6968.70937    727.58001    807.04761   1.0274687  -1.5171291  -7.3922156 2026 01 15 15 39 14.67
0   6987.63479    697.04640    659.03013   0.8649972  -1.5360194  -7.4089373 2026 01 15 15 39 34.67
0   7003.30632    666.14669    510.71203   0.7020938  -1.5537383  -7.4222778 2026 01 15 15 39 54.67
0   7015.71610    634.90440    362.16098   0.5388369  -1.5702766  -7.4322318 2026 01 15 15 40 14.67
0   7024.85785    603.34321    213.44475   0.3753049  -1.5856260  -7.4387952 2026 01 15 15 40 34.67
0   7030.72686    571.48700     64.63119   0.2115763  -1.5997788  -7.4419657 2026 01 15 15 40 54.67
0   7033.31997    539.35975    -84.21185   0.0477298  -1.6127283  -7.4417425 2026 01 15 15 41 14.67
0   7032.63561    506.98559   -233.01648  -0.1161560  -1.6244685  -7.4381265 2026 01 15 15 41 34.67
0   7028.67380    474.38878   -381.71488  -0.2800023  -1.6349942  -7.4311201 2026 01 15 15 41 54.67
0   7021.43610    441.59363   -530.23928  -0.4437305  -1.6443008  -7.4207275 2026 01 15 15 42 14.67
0   7010.92567    408.62458   -678.52199  -0.6072621  -1.6523849  -7.4069542 2026 01 15 15 42 34.67
0   6997.14722    375.50610   -826.49550  -0.7705186  -1.6592436  -7.3898076 2026 01 15 15 42 54.67
0   6980.10703    342.26272   -974.09240  -0.9334218  -1.6648749  -7.3692966 2026 01 15 15 43 14.67
0   6959.81296    308.91900  -1121.24552  -1.0958936  -1.6692775  -7.3454316 2026 01 15 15 43 34.67
0   6936.27442    275.49952  -1267.88789  -1.2578562  -1.6724511  -7.3182246 2026 01 15 15 43 54.67
0   6909.50235    242.02887  -1413.95280  -1.4192322  -1.6743959  -7.2876893 2026 01 15 15 44 14.67
0   6879.50927    208.53159  -1559.37385  -1.5799443  -1.6751132  -7.2538408 2026 01 15 15 44 34.67
0   6846.30922    175.03224  -1704.08492  -1.7399158  -1.6746048  -7.2166957 2026 01 15 15 44 54.67
0   6809.91779    141.55529  -1848.02028  -1.8990703  -1.6728737  -7.1762724 2026 01 15 15 45 14.67
0   6770.35207    108.12517  -1991.11454  -2.0573317  -1.6699232  -7.1325906 2026 01 15 15 45 34.67
0   6727.63067     74.76622  -2133.30275  -2.2146248  -1.6657577  -7.0856717 2026 01 15 15 45 54.67
0   6681.77373     41.50269  -2274.52040  -2.3708745  -1.6603823  -7.0355383 2026 01 15 15 46 14.67
0   6632.80284      8.35873  -2414.70343  -2.5260066  -1.6538029  -6.9822148 2026 01 15 15 46 34.67
0   6580.74111    -24.64166  -2553.78829  -2.6799473  -1.6460260  -6.9257268 2026 01 15 15 46 54.67
0   6525.61309    -57.47460  -2691.71198  -2.8326235  -1.6370591  -6.8661017 2026 01 15 15 47 14.67
0   6467.44479    -90.11636  -2828.41203  -2.9839628  -1.6269104  -6.8033679 2026 01 15 15 47 34.67
0   6406.26368   -122.54340  -2963.82656  -3.1338934  -1.6155887  -6.7375556 2026 01 15 15 47 54.67
0   6342.09863   -154.73235  -3097.89432  -3.2823446  -1.6031037  -6.6686962 2026 01 15 15 48 14.67
0   6274.97995   -186.66004  -3230.55469  -3.4292460  -1.5894657  -6.5968225 2026 01 15 15 48 34.67
0   6204.93931   -218.30354  -3361.74772  -3.5745283  -1.5746859  -6.5219687 2026 01 15 15 48 54.67
0   6132.00980   -249.64012  -3491.41418  -3.7181231  -1.5587760  -6.4441703 2026 01 15 15 49 14.67
0   6056.22582   -280.64730  -3619.49552  -3.8599627  -1.5417487  -6.3634642 2026 01 15 15 49 34.67
0   5977.62317   -311.30287  -3745.93399  -3.9999805  -1.5236170  -6.2798885 2026 01 15 15 49 54.67
0   5896.23893   -341.58488  -3870.67257  -4.1381107  -1.5043950  -6.1934826 2026 01 15 15 50 14.67
0   5812.11151   -371.47165  -3993.65507  -4.2742886  -1.4840972  -6.1042872 2026 01 15 15 50 34.67
0   5725.28058   -400.94184  -4114.82613  -4.4084504  -1.4627389  -6.0123442 2026 01 15 15 50 54.67
0   5635.78711   -429.97439  -4234.13120  -4.5405333  -1.4403360  -5.9176967 2026 01 15 15 51 14.67
0   5543.67328   -458.54857  -4351.51665  -4.6704758  -1.4169050  -5.8203890 2026 01 15 15 51 34.67
0   5448.98251   -486.64398  -4466.92973  -4.7982173  -1.3924631  -5.7204666 2026 01 15 15 51 54.67
0   5351.75942   -514.24060  -4580.31860  -4.9236983  -1.3670282  -5.6179759 2026 01 15 15 52 14.67
0   5252.04980   -541.31874  -4691.63238  -5.0468606  -1.3406186  -5.5129648 2026 01 15 15 52 34.67
0   5149.90059   -567.85910  -4800.82115  -5.1676469  -1.3132534  -5.4054820 2026 01 15 15 52 54.67
0   5045.35989   -593.84275  -4907.83595  -5.2860015  -1.2849522  -5.2955773 2026 01 15 15 53 14.67
0   4938.47687   -619.25120  -5012.62888  -5.4018695  -1.2557351  -5.1833016 2026 01 15 15 53 34.67
0   4829.30179   -644.06631  -5115.15301  -5.5151975  -1.2256229  -5.0687067 2026 01 15 15 53 54.67
0   4717.88599   -668.27040  -5215.36250  -5.6259333  -1.1946368  -4.9518456 2026 01 15 15 54 14.67
0   4604.28181   -691.84621  -5313.21256  -5.7340260  -1.1627986  -4.8327719 2026 01 15 15 54 34.67
0   4488.54263   -714.77692  -5408.65947  -5.8394259  -1.1301307  -4.7115405 2026 01 15 15 54 54.67
0   4370.72277   -737.04616  -5501.66065  -5.9420846  -1.0966558  -4.5882069 2026 01 15 15 55 14.67
0   4250.87753   -758.63803  -5592.17461  -6.0419554  -1.0623971  -4.4628276 2026 01 15 15 55 34.67
0   4129.06314   -779.53708  -5680.16100  -6.1389925  -1.0273786  -4.3354599 2026 01 15 15 55 54.67
0   4005.33670   -799.72836  -5765.58065  -6.2331517  -0.9916243  -4.2061621 2026 01 15 15 56 14.67
0   3879.75620   -819.19741  -5848.39553  -6.3243902  -0.9551590  -4.0749930 2026 01 15 15 56 34.67
0   3752.38048   -837.93024  -5928.56882  -6.4126665  -0.9180076  -3.9420123 2026 01 15 15 56 54.67
0   3623.26918   -855.91340  -6006.06487  -6.4979407  -0.8801957  -3.8072804 2026 01 15 15 57 14.67
0   3492.48273   -873.13393  -6080.84929  -6.5801742  -0.8417492  -3.6708585 2026 01 15 15 57 34.67
0   3360.08232   -889.57939  -6152.88889  -6.6593297  -0.8026942  -3.5328083 2026 01 15 15 57 54.67
0   3226.12986   -905.23790  -6222.15171  -6.7353718  -0.7630575  -3.3931923 2026 01 15 15 58 14.67
0   3090.68797   -920.09807  -6288.60709  -6.8082662  -0.7228658  -3.2520736 2026 01 15 15 58 34.67
0   2953.81994   -934.14909  -6352.22559  -6.8779801  -0.6821466  -3.1095158 2026 01 15 15 58 54.67
0   2815.58968   -947.38068  -6412.97907  -6.9444825  -0.6409274  -2.9655832 2026 01 15 15 59 14.67
0   2676.06172   -959.78311  -6470.84069  -7.0077435  -0.5992360  -2.8203404 2026 01 15 15 59 34.67
0   2535.30119   -971.34723  -6525.78489  -7.0677351  -0.5571007  -2.6738528 2026 01 15 15 59 54.67
0   2393.37372   -982.06443  -6577.78743  -7.1244305  -0.5145498  -2.5261861 2026 01 15 16 00 14.67
0   2250.34551   -991.92670  -6626.82538  -7.1778047  -0.4716120  -2.3774064 2026 01 15 16 00 34.67
0   2106.28322  -1000.92658  -6672.87717  -7.2278340  -0.4283162  -2.2275805 2026 01 15 16 00 54.67
0   1961.25396  -1009.05721  -6715.92251  -7.2744965  -0.3846914  -2.0767752 2026 01 15 16 01 14.67
0   1815.32528  -1016.31229  -6755.94252  -7.3177716  -0.3407670  -1.9250581 2026 01 15 16 01 34.67
0   1668.56512  -1022.68613  -6792.91961  -7.3576404  -0.2965724  -1.7724967 2026 01 15 16 01 54.67
0   1521.04178  -1028.17362  -6826.83759  -7.3940856  -0.2521373  -1.6191592 2026 01 15 16 02 14.67
0   1372.82390  -1032.77025  -6857.68161  -7.4270913  -0.2074914  -1.4651138 2026 01 15 16 02 34.67
0   1223.98041  -1036.47209  -6885.43820  -7.4566434  -0.1626645  -1.3104292 2026 01 15 16 02 54.67
0   1074.58051  -1039.27584  -6910.09527  -7.4827292  -0.1176868  -1.1551740 2026 01 15 16 03 14.67
0    924.69365  -1041.17878  -6931.64208  -7.5053377  -0.0725882  -0.9994174 2026 01 15 16 03 34.67
0    774.38946  -1042.17878  -6950.06931  -7.5244593  -0.0273990  -0.8432286 2026 01 15 16 03 54.67
0    623.73777  -1042.27434  -6965.36900  -7.5400861   0.0178507  -0.6866767 2026 01 15 16 04 14.67
0    472.80854  -1041.46455  -6977.53459  -7.5522120   0.0631306  -0.5298314 2026 01 15 16 04 34.67
0    321.67184  -1039.74911  -6986.56089  -7.5608320   0.1084104  -0.3727621 2026 01 15 16 04 54.67
0    170.39783  -1037.12832  -6992.44413  -7.5659431   0.1536598  -0.2155384 2026 01 15 16 05 14.67
0     19.05669  -1033.60310  -6995.18192  -7.5675438   0.1988486  -0.0582301 2026 01 15 16 05 34.67
0   -132.28135  -1029.17496  -6994.77325  -7.5656339   0.2439466   0.0990932 2026 01 15 16 05 54.67
0   -283.54611  -1023.84602  -6991.21852  -7.5602153   0.2889234   0.2563620 2026 01 15 16 06 14.67
0   -434.66742  -1017.61900  -6984.51953  -7.5512910   0.3337490   0.4135065 2026 01 15 16 06 34.67
0   -585.57523  -1010.49723  -6974.67945  -7.5388658   0.3783934   0.5704572 2026 01 15 16 06 54.67
0   -736.19958  -1002.48463  -6961.70285  -7.5229461   0.4228266   0.7271447 2026 01 15 16 07 14.67
0   -886.47064   -993.58573  -6945.59569  -7.5035398   0.4670187   0.8834996 2026 01 15 16 07 34.67
0  -1036.31878   -983.80564  -6926.36532  -7.4806563   0.5109400   1.0394528 2026 01 15 16 07 54.67
0  -1185.67456   -973.15007  -6904.02045  -7.4543069   0.5545611   1.1949352 2026 01 15 16 08 14.67
0  -1334.46879   -961.62533  -6878.57120  -7.4245040   0.5978524   1.3498781 2026 01 15 16 08 34.67
0  -1482.63254   -949.23831  -6850.02904  -7.3912619   0.6407847   1.5042128 2026 01 15 16 08 54.67
0  -1630.09717   -935.99646  -6818.40682  -7.3545962   0.6833291   1.6578711 2026 01 15 16 09 14.67
0  -1776.79438   -921.90785  -6783.71875  -7.3145244   0.7254567   1.8107849 2026 01 15 16 09 34.67
0  -1922.65623   -906.98109  -6745.98039  -7.2710651   0.7671390   1.9628865 2026 01 15 16 09 54.67
0  -2067.61518   -891.22537  -6705.20867  -7.2242388   0.8083476   2.1141084 2026 01 15 16 10 14.67
0  -2211.60409   -874.65045  -6661.42186  -7.1740673   0.8490545   2.2643837 2026 01 15 16 10 34.67
0  -2354.55630   -857.26665  -6614.63954  -7.1205740   0.8892318   2.4136457 2026 01 15 16 10 54.67
0  -2496.40562   -839.08482  -6564.88266  -7.0637839   0.9288522   2.5618281 2026 01 15 16 11 14.67
0  -2637.08637   -820.11638  -6512.17347  -7.0037232   0.9678883   2.7088651 2026 01 15 16 11 34.67
0  -2776.53341   -800.37328  -6456.53552  -6.9404199   1.0063134   2.8546915 2026 01 15 16 11 54.67
0  -2914.68218   -779.86801  -6397.99368  -6.8739034   1.0441010   2.9992423 2026 01 15 16 12 14.67
0  -3051.46873   -758.61359  -6336.57411  -6.8042045   1.0812249   3.1424533 2026 01 15 16 12 34.67
0  -3186.82972   -736.62355  -6272.30424  -6.7313555   1.1176592   3.2842607 2026 01 15 16 12 54.67
0  -3320.70250   -713.91192  -6205.21278  -6.6553902   1.1533788   3.4246013 2026 01 15 16 13 14.67
0  -3453.02507   -690.49326  -6135.32970  -6.5763436   1.1883585   3.5634125 2026 01 15 16 13 34.67
0  -3583.73618   -666.38261  -6062.68620  -6.4942525   1.2225738   3.7006323 2026 01 15 16 13 54.67
0  -3712.77532   -641.59551  -5987.31472  -6.4091547   1.2560006   3.8361994 2026 01 15 16 14 14.67
0  -3840.08275   -616.14795  -5909.24894  -6.3210897   1.2886152   3.9700532 2026 01 15 16 14 34.67
0  -3965.59952   -590.05642  -5828.52372  -6.2300982   1.3203943   4.1021337 2026 01 15 16 14 54.67
0  -4089.26753   -563.33785  -5745.17511  -6.1362224   1.3513154   4.2323818 2026 01 15 16 15 14.67
0  -4211.02952   -536.00964  -5659.24037  -6.0395058   1.3813561   4.3607389 2026 01 15 16 15 34.67
0  -4330.82912   -508.08959  -5570.75787  -5.9399931   1.4104947   4.4871475 2026 01 15 16 15 54.67
0  -4448.61088   -479.59598  -5479.76717  -5.8377305   1.4387100   4.6115506 2026 01 15 16 16 14.67
0  -4564.32025   -450.54747  -5386.30893  -5.7327653   1.4659813   4.7338922 2026 01 15 16 16 34.67
0  -4677.90369   -420.96314  -5290.42495  -5.6251462   1.4922885   4.8541172 2026 01 15 16 16 54.67
0  -4789.30861   -390.86248  -5192.15810  -5.5149233   1.5176120   4.9721713 2026 01 15 16 17 14.67
0  -4898.48344   -360.26535  -5091.55233  -5.4021475   1.5419329   5.0880011 2026 01 15 16 17 34.67
0  -5005.37765   -329.19198  -4988.65266  -5.2868715   1.5652327   5.2015542 2026 01 15 16 17 54.67
0  -5109.94176   -297.66298  -4883.50513  -5.1691486   1.5874936   5.3127791 2026 01 15 16 18 14.67
0  -5212.12740   -265.69930  -4776.15683  -5.0490336   1.6086985   5.4216253 2026 01 15 16 18 34.67
0  -5311.88727   -233.32223  -4666.65581  -4.9265826   1.6288307   5.5280434 2026 01 15 16 18 54.67
0  -5409.17522   -200.55337  -4555.05113  -4.8018523   1.6478743   5.6319849 2026 01 15 16 19 14.67
0  -5503.94625   -167.41466  -4441.39280  -4.6749011   1.6658141   5.7334024 2026 01 15 16 19 34.67
0  -5596.15653   -133.92832  -4325.73176  -4.5457881   1.6826354   5.8322496 2026 01 15 16 19 54.67
0  -5685.76343   -100.11686  -4208.11988  -4.4145735   1.6983241   5.9284813 2026 01 15 16 20 14.67
0  -5772.72553    -66.00306  -4088.60990  -4.2813187   1.7128671   6.0220535 2026 01 15 16 20 34.67
0  -5857.00264    -31.60997  -3967.25544  -4.1460858   1.7262518   6.1129231 2026 01 15 16 20 54.67
0  -5938.55584      3.03913  -3844.11099  -4.0089382   1.7384661   6.2010485 2026 01 15 16 21 14.67
0  -6017.34748     37.92071  -3719.23182  -3.8699399   1.7494990   6.2863891 2026 01 15 16 21 34.67
0  -6093.34118     73.01105  -3592.67404  -3.7291562   1.7593399   6.3689056 2026 01 15 16 21 54.67
0  -6166.50191    108.28620  -3464.49451  -3.5866530   1.7679790   6.4485597 2026 01 15 16 22 14.67
0  -6236.79594    143.72204  -3334.75084  -3.4424971   1.7754073   6.5253148 2026 01 15 16 22 34.67
0  -6304.19089    179.29427  -3203.50137  -3.2967562   1.7816166   6.5991352 2026 01 15 16 22 54.67
0  -6368.65575    214.97842  -3070.80514  -3.1494987   1.7865992   6.6699866 2026 01 15 16 23 14.67
0  -6430.16087    250.74990  -2936.72187  -3.0007939   1.7903483   6.7378360 2026 01 15 16 23 34.67
0  -6488.67802    286.58398  -2801.31190  -2.8507117   1.7928579   6.8026519 2026 01 15 16 23 54.67
0  -6544.18034    322.45581  -2664.63623  -2.6993227   1.7941228   6.8644038 2026 01 15 16 24 14.67
0  -6596.64242    358.34045  -2526.75640  -2.5466982   1.7941383   6.9230631 2026 01 15 16 24 34.67
0  -6646.04026    394.21287  -2387.73456  -2.3929102   1.7929007   6.9786020 2026 01 15 16 24 54.67
0  -6692.35132    430.04799  -2247.63338  -2.2380312   1.7904072   7.0309944 2026 01 15 16 25 14.67
0  -6735.55452    465.82066  -2106.51603  -2.0821341   1.7866554   7.0802157 2026 01 15 16 25 34.67
0  -6775.63021    501.50570  -1964.44617  -1.9252927   1.7816440   7.1262426 2026 01 15 16 25 54.67
0  -6812.56027    537.07791  -1821.48791  -1.7675811   1.7753724   7.1690531 2026 01 15 16 26 14.67
0  -6846.32802    572.51209  -1677.70578  -1.6090737   1.7678407   7.2086270 2026 01 15 16 26 34.67
0  -6876.91830    607.78305  -1533.16471  -1.4498454   1.7590500   7.2449453 2026 01 15 16 26 54.67
0  -6904.31745    642.86561  -1387.92998  -1.2899717   1.7490019   7.2779905 2026 01 15 16 27 14.67
0  -6928.51332    677.73467  -1242.06721  -1.1295282   1.7376990   7.3077468 2026 01 15 16 27 34.67
0  -6949.49527    712.36515  -1095.64233  -0.9685908   1.7251447   7.3341997 2026 01 15 16 27 54.67
0  -6967.25417    746.73206   -948.72153  -0.8072357   1.7113431   7.3573363 2026 01 15 16 28 14.67
0  -6981.78245    780.81051   -801.37127  -0.6455395   1.6962991   7.3771450 2026 01 15 16 28 34.67
0  -6993.07405    814.57572   -653.65819  -0.4835787   1.6800185   7.3936162 2026 01 15 16 28 54.67
0  -7001.12443    848.00300   -505.64914  -0.3214301   1.6625079   7.4067413 2026 01 15 16 29 14.67
0  -7005.93062    881.06783   -357.41110  -0.1591706   1.6437743   7.4165137 2026 01 15 16 29 34.67
0  -7007.49117    913.74583   -209.01118   0.0031229   1.6238261   7.4229280 2026 01 15 16 29 54.67
0  -7005.80615    946.01280    -60.51659   0.1653733   1.6026720   7.4259806 2026 01 15 16 30 14.67
0  -7000.87722    977.84471     88.00543   0.3275038   1.5803218   7.4256692 2026 01 15 16 30 34.67
0  -6992.70752   1009.21775    236.48757   0.4894373   1.5567857   7.4219933 2026 01 15 16 30 54.67
0  -6981.30177   1040.10831    384.86256   0.6510971   1.5320751   7.4149538 2026 01 15 16 31 14.67
0  -6966.66622   1070.49301    533.06316   0.8124064   1.5062018   7.4045532 2026 01 15 16 31 34.67
0  -6948.80862   1100.34873    681.02217   0.9732888   1.4791787   7.3907956 2026 01 15 16 31 54.67
0  -6927.73829   1129.65260    828.67251   1.1336679   1.4510190   7.3736867 2026 01 15 16 32 14.67
0  -6903.46606   1158.38204    975.94723   1.2934676   1.4217372   7.3532335 2026 01 15 16 32 34.67
0  -6876.00425   1186.51475   1122.77952   1.4526122   1.3913480   7.3294449 2026 01 15 16 32 54.67
0  -6845.36675   1214.02873   1269.10278   1.6110262   1.3598673   7.3023311 2026 01 15 16 33 14.67
0  -6811.56890   1240.90233   1414.85062   1.7686345   1.3273113   7.2719040 2026 01 15 16 33 34.67
0  -6774.62756   1267.11420   1559.95690   1.9253623   1.2936971   7.2381768 2026 01 15 16 33 54.67
0  -6734.56110   1292.64335   1704.35577   2.0811355   1.2590427   7.2011646 2026 01 15 16 34 14.67
0  -6691.38933   1317.46918   1847.98169   2.2358803   1.2233665   7.1608836 2026 01 15 16 34 34.67
0  -6645.13356   1341.57142   1990.76946   2.3895234   1.1866876   7.1173519 2026 01 15 16 34 54.67
0  -6595.81656   1364.93023   2132.65426   2.5419921   1.1490260   7.0705889 2026 01 15 16 35 14.67
0  -6543.46252   1387.52616   2273.57167   2.6932143   1.1104022   7.0206156 2026 01 15 16 35 34.67
0  -6488.09709   1409.34016   2413.45770   2.8431185   1.0708372   6.9674543 2026 01 15 16 35 54.67
0  -6429.74735   1430.35364   2552.24884   2.9916340   1.0303530   6.9111290 2026 01 15 16 36 14.67
0  -6368.44177   1450.54843   2689.88205   3.1386905   0.9889720   6.8516651 2026 01 15 16 36 34.67
0  -6304.21022   1469.90683   2826.29482   3.2842188   0.9467171   6.7890893 2026 01 15 16 36 54.67
0  -6237.08395   1488.41159   2961.42520   3.4281502   0.9036121   6.7234299 2026 01 15 16 37 14.67
0  -6167.09558   1506.04595   3095.21181   3.5704169   0.8596811   6.6547167 2026 01 15 16 37 34.67
0  -6094.27908   1522.79364   3227.59388   3.7109519   0.8149490   6.5829807 2026 01 15 16 37 54.67
0  -6018.66973   1538.63889   3358.51128   3.8496892   0.7694411   6.5082544 2026 01 15 16 38 14.67
0  -5940.30416   1553.56644   3487.90454   3.9865635   0.7231833   6.4305717 2026 01 15 16 38 34.67
0  -5859.22026   1567.56155   3615.71487   4.1215106   0.6762020   6.3499677 2026 01 15 16 38 54.67
0  -5775.45720   1580.61003   3741.88422   4.2544672   0.6285242   6.2664791 2026 01 15 16 39 14.67
0  -5689.05543   1592.69822   3866.35527   4.3853710   0.5801773   6.1801437 2026 01 15 16 39 34.67
0  -5600.05661   1603.81301   3989.07147   4.5141608   0.5311891   6.0910008 2026 01 15 16 39 54.67
0  -5508.50363   1613.94187   4109.97707   4.6407763   0.4815882   5.9990907 2026 01 15 16 40 14.67
0  -5414.44057   1623.07281   4229.01715   4.7651584   0.4314033   5.9044552 2026 01 15 16 40 34.67
0  -5317.91267   1631.19446   4346.13762   4.8872491   0.3806637   5.8071373 2026 01 15 16 40 54.67
0  -5218.96634   1638.29602   4461.28528   5.0069916   0.3293991   5.7071812 2026 01 15 16 41 14.67
0  -5117.64910   1644.36729   4574.40781   5.1243301   0.2776394   5.6046322 2026 01 15 16 41 34.67
0  -5014.00957   1649.39866   4685.45382   5.2392101   0.2254153   5.4995370 2026 01 15 16 41 54.67
0  -4908.09746   1653.38116   4794.37285   5.3515784   0.1727574   5.3919433 2026 01 15 16 42 14.67
0  -4799.96353   1656.30643   4901.11543   5.4613829   0.1196970   5.2818998 2026 01 15 16 42 34.67
0  -4689.65956   1658.16672   5005.63305   5.5685729   0.0662656   5.1694567 2026 01 15 16 42 54.67
0  -4577.23835   1658.95494   5107.87823   5.6730987   0.0124949   5.0546648 2026 01 15 16 43 14.67
0  -4462.75365   1658.66461   5207.80452   5.7749123  -0.0415830   4.9375764 2026 01 15 16 43 34.67
0  -4346.26019   1657.28993   5305.36651   5.8739668  -0.0959356   4.8182444 2026 01 15 16 43 54.67
0  -4227.81361   1654.82571   5400.51987   5.9702167  -0.1505305   4.6967231 2026 01 15 16 44 14.67
0  -4107.47043   1651.26745   5493.22137   6.0636178  -0.2053346   4.5730676 2026 01 15 16 44 34.67
0  -3985.28807   1646.61128   5583.42887   6.1541275  -0.2603150   4.4473340 2026 01 15 16 44 54.67
0  -3861.32478   1640.85402   5671.10139   6.2417045  -0.3154384   4.3195791 2026 01 15 16 45 14.67
0  -3735.63960   1633.99314   5756.19907   6.3263088  -0.3706714   4.1898610 2026 01 15 16 45 34.67
0  -3608.29237   1626.02677   5838.68324   6.4079019  -0.4259802   4.0582384 2026 01 15 16 45 54.67
0  -3479.34371   1616.95376   5918.51640   6.4864470  -0.4813313   3.9247709 2026 01 15 16 46 14.67
0  -3348.85491   1606.77358   5995.66226   6.5619084  -0.5366907   3.7895189 2026 01 15 16 46 34.67
0  -3216.88801   1595.48640   6070.08574   6.6342521  -0.5920244   3.6525437 2026 01 15 16 46 54.67
0  -3083.50568   1583.09310   6141.75299   6.7034457  -0.6472984   3.5139073 2026 01 15 16 47 14.67
0  -2948.77124   1569.59519   6210.63142   6.7694582  -0.7024785   3.3736723 2026 01 15 16 47 34.67
0  -2812.74861   1554.99490   6276.68969   6.8322599  -0.7575307   3.2319023 2026 01 15 16 47 54.67
0  -2675.50228   1539.29513   6339.89773   6.8918231  -0.8124207   3.0886614 2026 01 15 16 48 14.67
0  -2537.09730   1522.49946   6400.22678   6.9481213  -0.8671143   2.9440142 2026 01 15 16 48 34.67
0  -2397.59922   1504.61216   6457.64937   7.0011297  -0.9215774   2.7980263 2026 01 15 16 48 54.67
0  -2257.07405   1485.63820   6512.13933   7.0508251  -0.9757758   2.6507635 2026 01 15 16 49 14.67
0  -2115.58830   1465.58319   6563.67184   7.0971857  -1.0296753   2.5022925 2026 01 15 16 49 34.67
0  -1973.20885   1444.45346   6612.22340   7.1401916  -1.0832421   2.3526802 2026 01 15 16 49 54.67
0  -1830.00299   1422.25601   6657.77186   7.1798241  -1.1364421   2.2019944 2026 01 15 16 50 14.67
0  -1686.03836   1398.99850   6700.29644   7.2160665  -1.1892416   2.0503029 2026 01 15 16 50 34.67
0  -1541.38291   1374.68929   6739.77770   7.2489034  -1.2416068   1.8976745 2026 01 15 16 50 54.67
0  -1396.10490   1349.33739   6776.19759   7.2783212  -1.2935042   1.7441779 2026 01 15 16 51 14.67
0  -1250.27283   1322.95250   6809.53945   7.3043078  -1.3449005   1.5898826 2026 01 15 16 51 34.67
0  -1103.95543   1295.54497   6839.78799   7.3268529  -1.3957624   1.4348581 2026 01 15 16 51 54.67
0   -957.22162   1267.12582   6866.92933   7.3459475  -1.4460570   1.2791745 2026 01 15 16 52 14.67
0   -810.14049   1237.70671   6890.95100   7.3615846  -1.4957516   1.1229021 2026 01 15 16 52 34.67
0   -662.78124   1207.29999   6911.84192   7.3737585  -1.5448136   0.9661114 2026 01 15 16 52 54.67
0   -515.21318   1175.91862   6929.59244   7.3824654  -1.5932108   0.8088733 2026 01 15 16 53 14.67
0   -367.50568   1143.57622   6944.19431   7.3877031  -1.6409112   0.6512588 2026 01 15 16 53 34.67
0   -219.72812   1110.28704   6955.64072   7.3894708  -1.6878832   0.4933391 2026 01 15 16 53 54.67
0    -71.94991   1076.06596   6963.92629   7.3877695  -1.7340954   0.3351855 2026 01 15 16 54 14.67
0     75.75961   1040.92849   6969.04704   7.3826019  -1.7795169   0.1768694 2026 01 15 16 54 34.67
0    223.33115   1004.89075   6971.00045   7.3739722  -1.8241170   0.0184625 2026 01 15 16 54 54.67
0    370.69551    967.96947   6969.78542   7.3618863  -1.8678654  -0.1399636 2026 01 15 16 55 14.67
0    517.78366    930.18199   6965.40227   7.3463517  -1.9107323  -0.2983373 2026 01 15 16 55 34.67
0    664.52670    891.54623   6957.85277   7.3273774  -1.9526882  -0.4565870 2026 01 15 16 55 54.67
0    810.85595    852.08070   6947.14012   7.3049744  -1.9937040  -0.6146410 2026 01 15 16 56 14.67
0    956.70296    811.80449   6933.26894   7.2791548  -2.0337513  -0.7724279 2026 01 15 16 56 34.67
0   1101.99952    770.73725   6916.24530   7.2499326  -2.0728018  -0.9298761 2026 01 15 16 56 54.67
0   1246.67774    728.89920   6896.07668   7.2173235  -2.1108279  -1.0869144 2026 01 15 16 57 14.67
0   1390.67006    686.31109   6872.77200   7.1813445  -2.1478024  -1.2434715 2026 01 15 16 57 34.67
0   1533.90926    642.99422   6846.34158   7.1420144  -2.1836988  -1.3994766 2026 01 15 16 57 54.67
0   1676.32851    598.97042   6816.79717   7.0993535  -2.2184910  -1.5548587 2026 01 15 16 58 14.67
0   1817.86142    554.26203   6784.15194   7.0533836  -2.2521534  -1.7095474 2026 01 15 16 58 34.67
0   1958.44205    508.89189   6748.42047   7.0041283  -2.2846610  -1.8634725 2026 01 15 16 58 54.67
0   2098.00492    462.88334   6709.61871   6.9516126  -2.3159894  -2.0165639 2026 01 15 16 59 14.67
0   2236.48510    416.26022   6667.76404   6.8958628  -2.3461149  -2.1687522 2026 01 15 16 59 34.67
0   2373.81819    369.04680   6622.87523   6.8369072  -2.3750142  -2.3199680 2026 01 15 16 59 54.67
0   2509.94035    321.26784   6574.97239   6.7747753  -2.4026647  -2.4701426 2026 01 15 17 00 14.67
0   2644.78838    272.94854   6524.07705   6.7094982  -2.4290447  -2.6192075 2026 01 15 17 00 34.67
0   2778.29969    224.11451   6470.21207   6.6411084  -2.4541327  -2.7670948 2026 01 15 17 00 54.67
0   2910.41237    174.79181   6413.40169   6.5696401  -2.4779083  -2.9137370 2026 01 15 17 01 14.67
0   3041.06520    125.00688   6353.67147   6.4951287  -2.5003515  -3.0590672 2026 01 15 17 01 34.67
0   3170.19768     74.78657   6291.04832   6.4176112  -2.5214432  -3.2030191 2026 01 15 17 01 54.67
0   3297.75008     24.15808   6225.56046   6.3371260  -2.5411649  -3.3455268 2026 01 15 17 02 14.67
0   3423.66343    -26.85099   6157.23744   6.2537129  -2.5594987  -3.4865252 2026 01 15 17 02 34.67
0   3547.87959    -78.21273   6086.11007   6.1674131  -2.5764278  -3.6259498 2026 01 15 17 02 54.67
0   3670.34125   -129.89887   6012.21047   6.0782693  -2.5919359  -3.7637366 2026 01 15 17 03 14.67
0   3790.99197   -181.88084   5935.57205   5.9863253  -2.6060075  -3.8998225 2026 01 15 17 03 34.67
0   3909.77619   -234.12976   5856.22942   5.8916265  -2.6186278  -4.0341451 2026 01 15 17 03 54.67
0   4026.63927   -286.61646   5774.21849   5.7942194  -2.6297831  -4.1666427 2026 01 15 17 04 14.67
0   4141.52754   -339.31152   5689.57635   5.6941520  -2.6394602  -4.2972545 2026 01 15 17 04 34.67
0   4254.38827   -392.18523   5602.34133   5.5914735  -2.6476467  -4.4259205 2026 01 15 17 04 54.67
0   4365.16974   -445.20769   5512.55294   5.4862344  -2.6543313  -4.5525813 2026 01 15 17 05 14.67
0   4473.82125   -498.34873   5420.25186   5.3784862  -2.6595033  -4.6771788 2026 01 15 17 05 34.67
0   4580.29316   -551.57801   5325.47993   5.2682820  -2.6631529  -4.7996556 2026 01 15 17 05 54.67
0   4684.53688   -604.86498   5228.28013   5.1556757  -2.6652711  -4.9199551 2026 01 15 17 06 14.67
0   4786.50491   -658.17895   5128.69657   5.0407227  -2.6658500  -5.0380219 2026 01 15 17 06 34.67
0   4886.15088   -711.48904   5026.77444   4.9234792  -2.6648823  -5.1538014 2026 01 15 17 06 54.67
0   4983.42956   -764.76427   4922.56003   4.8040029  -2.6623617  -5.2672403 2026 01 15 17 07 14.67
0   5078.29687   -817.97351   4816.10068   4.6823521  -2.6582827  -5.3782861 2026 01 15 17 07 34.67
0   5170.70992   -871.08555   4707.44475   4.5585867  -2.6526407  -5.4868874 2026 01 15 17 07 54.67
0   5260.62701   -924.06910   4596.64165   4.4327671  -2.6454322  -5.5929941 2026 01 15 17 08 14.67
0   5348.00768   -976.89279   4483.74177   4.3049550  -2.6366544  -5.6965569 2026 01 15 17 08 34.67
0   5432.81271  -1029.52522   4368.79645   4.1752130  -2.6263055  -5.7975280 2026 01 15 17 08 54.67
0   5515.00412  -1081.93495   4251.85800   4.0436046  -2.6143844  -5.8958606 2026 01 15 17 09 14.67
0   5594.54523  -1134.09055   4132.97966   3.9101943  -2.6008913  -5.9915091 2026 01 15 17 09 34.67
0   5671.40065  -1185.96056   4012.21554   3.7750473  -2.5858270  -6.0844292 2026 01 15 17 09 54.67
0   5745.53631  -1237.51360   3889.62066   3.6382298  -2.5691933  -6.1745777 2026 01 15 17 10 14.67
0   5816.91947  -1288.71829   3765.25085   3.4998086  -2.5509930  -6.2619130 2026 01 15 17 10 34.67
0   5885.51872  -1339.54335   3639.16280   3.3598516  -2.5312299  -6.3463944 2026 01 15 17 10 54.67
0   5951.30404  -1389.95754   3511.41397   3.2184272  -2.5099084  -6.4279829 2026 01 15 17 11 14.67
0   6014.24676  -1439.92978   3382.06261   3.0756044  -2.4870342  -6.5066406 2026 01 15 17 11 34.67
0   6074.31961  -1489.42905   3251.16770   2.9314530  -2.4626137  -6.5823309 2026 01 15 17 11 54.67
0   6131.49673  -1538.42451   3118.78893   2.7860436  -2.4366544  -6.6550189 2026 01 15 17 12 14.67
0   6185.75365  -1586.88546   2984.98670   2.6394471  -2.4091645  -6.7246708 2026 01 15 17 12 34.67
0   6237.06737  -1634.78138   2849.82205   2.4917351  -2.3801532  -6.7912544 2026 01 15 17 12 54.67
0   6285.41627  -1682.08195   2713.35667   2.3429797  -2.3496309  -6.8547389 2026 01 15 17 13 14.67
0   6330.78023  -1728.75704   2575.65282   2.1932534  -2.3176085  -6.9150948 2026 01 15 17 13 34.67
0   6373.14055  -1774.77679   2436.77336   2.0426293  -2.2840980  -6.9722944 2026 01 15 17 13 54.67
0   6412.48000  -1820.11155   2296.78170   1.8911807  -2.2491124  -7.0263112 2026 01 15 17 14 14.67
0   6448.78284  -1864.73195   2155.74172   1.7389815  -2.2126655  -7.0771202 2026 01 15 17 14 34.67
0   6482.03480  -1908.60892   2013.71784   1.5861057  -2.1747720  -7.1246982 2026 01 15 17 14 54.67
0   6512.22308  -1951.71368   1870.77488   1.4326278  -2.1354475  -7.1690233 2026 01 15 17 15 14.67
0   6539.33639  -1994.01777   1726.97812   1.2786222  -2.0947084  -7.2100751 2026 01 15 17 15 34.67
0   6563.36493  -2035.49308   1582.39321   1.1241640  -2.0525723  -7.2478349 2026 01 15 17 15 54.67
0   6584.30038  -2076.11183   1437.08616   0.9693280  -2.0090572  -7.2822856 2026 01 15 17 16 14.67
0   6602.13595  -2115.84665   1291.12332   0.8141893  -1.9641824  -7.3134114 2026 01 15 17 16 34.67
0   6616.86633  -2154.67053   1144.57133   0.6588232  -1.9179677  -7.3411984 2026 01 15 17 16 54.67
0   6628.48774  -2192.55689    997.49710   0.5033050  -1.8704339  -7.3656341 2026 01 15 17 17 14.67
0   6636.99787  -2229.47956    849.96775   0.3477097  -1.8216027  -7.3867076 2026 01 15 17 17 34.67
0   6642.39594  -2265.41281    702.05064   0.1921128  -1.7714966  -7.4044097 2026 01 15 17 17 54.67
0   6644.68267  -2300.33137    553.81327   0.0365892  -1.7201386  -7.4187328 2026 01 15 17 18 14.67
0   6643.86028  -2334.21045    405.32328  -0.1187860  -1.6675530  -7.4296707 2026 01 15 17 18 34.67
0   6639.93248  -2367.02574    256.64843  -0.2739380  -1.6137645  -7.4372190 2026 01 15 17 18 54.67
0   6632.90449  -2398.75344    107.85653  -0.4287921  -1.5587988  -7.4413750 2026 01 15 17 19 14.67
0   6622.78301  -2429.37026    -40.98455  -0.5832740  -1.5026821  -7.4421374 2026 01 15 17 19 34.67
0   6609.57622  -2458.85346   -189.80693  -0.7373094  -1.4454415  -7.4395066 2026 01 15 17 19 54.67
0   6593.29380  -2487.18083   -338.54278  -0.8908246  -1.3871049  -7.4334846 2026 01 15 17 20 14.67
0   6573.94688  -2514.33075   -487.12430  -1.0437462  -1.3277008  -7.4240750 2026 01 15 17 20 34.67
0   6551.54806  -2540.28214   -635.48379  -1.1960011  -1.2672585  -7.4112830 2026 01 15 17 20 54.67
0   6526.11142  -2565.01455   -783.55366  -1.3475166  -1.2058077  -7.3951155 2026 01 15 17 21 14.67
0   6497.65246  -2588.50810   -931.26649  -1.4982207  -1.1433791  -7.3755808 2026 01 15 17 21 34.67
0   6466.18812  -2610.74356  -1078.55503  -1.6480417  -1.0800038  -7.3526890 2026 01 15 17 21 54.67
0   6431.73679  -2631.70231  -1225.35225  -1.7969086  -1.0157137  -7.3264516 2026 01 15 17 22 14.67
0   6394.31824  -2651.36637  -1371.59138  -1.9447508  -0.9505413  -7.2968818 2026 01 15 17 22 34.67
0   6353.95368  -2669.71843  -1517.20589  -2.0914985  -0.8845194  -7.2639943 2026 01 15 17 22 54.67
0   6310.66569  -2686.74184  -1662.12960  -2.2370825  -0.8176818  -7.2278053 2026 01 15 17 23 14.67
0   6264.47822  -2702.42061  -1806.29667  -2.3814343  -0.7500626  -7.1883326 2026 01 15 17 23 34.67
0   6215.41661  -2716.73947  -1949.64159  -2.5244860  -0.6816964  -7.1455956 2026 01 15 17 23 54.67
0   6163.50752  -2729.68382  -2092.09930  -2.6661707  -0.6126184  -7.0996152 2026 01 15 17 24 14.67
0   6108.77896  -2741.23979  -2233.60515  -2.8064221  -0.5428644  -7.0504136 2026 01 15 17 24 34.67
0   6051.26026  -2751.39422  -2374.09494  -2.9451749  -0.4724704  -6.9980147 2026 01 15 17 24 54.67
0   5990.98202  -2760.13466  -2513.50499  -3.0823645  -0.4014731  -6.9424438 2026 01 15 17 25 14.67
0   5927.97617  -2767.44944  -2651.77212  -3.2179272  -0.3299095  -6.8837277 2026 01 15 17 25 34.67
0   5862.27585  -2773.32759  -2788.83371  -3.3518004  -0.2578170  -6.8218946 2026 01 15 17 25 54.67
0   5793.91548  -2777.75891  -2924.62771  -3.4839223  -0.1852335  -6.7569742 2026 01 15 17 26 14.67
0   5722.93069  -2780.73397  -3059.09268  -3.6142321  -0.1121972  -6.6889974 2026 01 15 17 26 34.67
0   5649.35834  -2782.24409  -3192.16782  -3.7426701  -0.0387467  -6.6179967 2026 01 15 17 26 54.67
0   5573.23643  -2782.28139  -3323.79299  -3.8691775   0.0350793  -6.5440059 2026 01 15 17 27 14.67
0   5494.60417  -2780.83873  -3453.90873  -3.9936966   0.1092414  -6.4670601 2026 01 15 17 27 34.67
0   5413.50189  -2777.90980  -3582.45631  -4.1161708   0.1837004  -6.3871958 2026 01 15 17 27 54.67
0   5329.97104  -2773.48904  -3709.37773  -4.2365449   0.2584163  -6.3044507 2026 01 15 17 28 14.67
0   5244.05416  -2767.57173  -3834.61576  -4.3547643   0.3333494  -6.2188639 2026 01 15 17 28 34.67
0   5155.79489  -2760.15392  -3958.11399  -4.4707760   0.4084594  -6.1304757 2026 01 15 17 28 54.67
0   5065.23790  -2751.23248  -4079.81678  -4.5845280   0.4837059  -6.0393277 2026 01 15 17 29 14.67
0   4972.42890  -2740.80508  -4199.66937  -4.6959695   0.5590485  -5.9454626 2026 01 15 17 29 34.67
0   4877.41458  -2728.87020  -4317.61785  -4.8050511   0.6344464  -5.8489243 2026 01 15 17 29 54.67
0   4780.24263  -2715.42715  -4433.60922  -4.9117245   0.7098588  -5.7497580 2026 01 15 17 30 14.67
0   4680.96170  -2700.47605  -4547.59137  -5.0159426   0.7852449  -5.6480100 2026 01 15 17 30 34.67
0   4579.62133  -2684.01782  -4659.51314  -5.1176598   0.8605635  -5.5437275 2026 01 15 17 30 54.67
0   4476.27201  -2666.05424  -4769.32432  -5.2168317   0.9357738  -5.4369591 2026 01 15 17 31 14.67
0   4370.96505  -2646.58788  -4876.97569  -5.3134151   1.0108345  -5.3277542 2026 01 15 17 31 34.67
0   4263.75267  -2625.62214  -4982.41902  -5.4073684   1.0857045  -5.2161635 2026 01 15 17 31 54.67
0   4154.68785  -2603.16124  -5085.60712  -5.4986511   1.1603428  -5.1022386 2026 01 15 17 32 14.67
0   4043.82441  -2579.21024  -5186.49381  -5.5872243   1.2347083  -4.9860319 2026 01 15 17 32 34.67
0   3931.21691  -2553.77500  -5285.03401  -5.6730503   1.3087598  -4.8675970 2026 01 15 17 32 54.67
0   3816.92066  -2526.86220  -5381.18368  -5.7560929   1.3824566  -4.7469884 2026 01 15 17 33 14.67
0   3700.99168  -2498.47935  -5474.89991  -5.8363172   1.4557576  -4.6242614 2026 01 15 17 33 34.67
0   3583.48668  -2468.63478  -5566.14088  -5.9136898   1.5286221  -4.4994722 2026 01 15 17 33 54.67
0   3464.46300  -2437.33761  -5654.86593  -5.9881787   1.6010096  -4.3726780 2026 01 15 17 34 14.67
0   3343.97863  -2404.59780  -5741.03553  -6.0597534   1.6728794  -4.2439366 2026 01 15 17 34 34.67
0   3222.09214  -2370.42610  -5824.61132  -6.1283848   1.7441914  -4.1133067 2026 01 15 17 34 54.67
0   3098.86268  -2334.83407  -5905.55613  -6.1940451   1.8149054  -3.9808479 2026 01 15 17 35 14.67
0   2974.34994  -2297.83407  -5983.83398  -6.2567083   1.8849815  -3.8466203 2026 01 15 17 35 34.67
0   2848.61411  -2259.43925  -6059.41009  -6.3163496   1.9543801  -3.7106849 2026 01 15 17 35 54.67
0   2721.71585  -2219.66355  -6132.25093  -6.3729457   2.0230617  -3.5731031 2026 01 15 17 36 14.67
0   2593.71630  -2178.52172  -6202.32418  -6.4264749   2.0909873  -3.4339374 2026 01 15 17 36 34.67
0   2464.67700  -2136.02925  -6269.59881  -6.4769169   2.1581181  -3.2932506 2026 01 15 17 36 54.67
0   2334.65988  -2092.20242  -6334.04501  -6.5242528   2.2244155  -3.1511061 2026 01 15 17 37 14.67
0   2203.72723  -2047.05830  -6395.63428  -6.5684653   2.2898413  -3.0075681 2026 01 15 17 37 34.67
0   2071.94169  -2000.61468  -6454.33939  -6.6095387   2.3543578  -2.8627011 2026 01 15 17 37 54.67
0   1939.36618  -1952.89014  -6510.13440  -6.6474586   2.4179275  -2.7165702 2026 01 15 17 38 14.67
0   1806.06392  -1903.90397  -6562.99470  -6.6822121   2.4805133  -2.5692410 2026 01 15 17 38 34.67
0   1672.09833  -1853.67622  -6612.89698  -6.7137879   2.5420787  -2.4207797 2026 01 15 17 38 54.67
0   1537.53307  -1802.22766  -6659.81925  -6.7421762   2.6025874  -2.2712526 2026 01 15 17 39 14.67
0   1402.43199  -1749.57979  -6703.74087  -6.7673686   2.6620036  -2.1207268 2026 01 15 17 39 34.67
0   1266.85906  -1695.75481  -6744.64253  -6.7893582   2.7202921  -1.9692693 2026 01 15 17 39 54.67
0   1130.87841  -1640.77562  -6782.50629  -6.8081397   2.7774180  -1.8169480 2026 01 15 17 40 14.67
0    994.55424  -1584.66581  -6817.31553  -6.8237091   2.8333471  -1.6638306 2026 01 15 17 40 34.67
0    857.95081  -1527.44967  -6849.05502  -6.8360642   2.8880455  -1.5099855 2026 01 15 17 40 54.67
0    721.13242  -1469.15214  -6877.71089  -6.8452039   2.9414800  -1.3554812 2026 01 15 17 41 14.67
0    584.16339  -1409.79882  -6903.27063  -6.8511288   2.9936179  -1.2003863 2026 01 15 17 41 34.67
0    447.10798  -1349.41597  -6925.72314  -6.8538411   3.0444271  -1.0447699 2026 01 15 17 41 54.67
0    310.03042  -1288.03049  -6945.05865  -6.8533441   3.0938760  -0.8887010 2026 01 15 17 42 14.67
0    172.99485  -1225.66988  -6961.26883  -6.8496429   3.1419337  -0.7322490 2026 01 15 17 42 34.67
0     36.06529  -1162.36228  -6974.34670  -6.8427438   3.1885698  -0.5754832 2026 01 15 17 42 54.67
0   -100.69438  -1098.13642  -6984.28667  -6.8326549   3.2337548  -0.4184732 2026 01 15 17 43 14.67
0   -237.22045  -1033.02161  -6991.08456  -6.8193853   3.2774594  -0.2612886 2026 01 15 17 43 34.67
0   -373.44941   -967.04774  -6994.73758  -6.8029459   3.3196555  -0.1039990 2026 01 15 17 43 54.67
0   -509.31798   -900.24527  -6995.24431  -6.7833489   3.3603152   0.0533259 2026 01 15 17 44 14.67
0   -644.76315   -832.64518  -6992.60475  -6.7606079   3.3994117   0.2106164 2026 01 15 17 44 34.67
0   -779.72218   -764.27902  -6986.82029  -6.7347379   3.4369186   0.3678030 2026 01 15 17 44 54.67
0   -914.13266   -695.17883  -6977.89369  -6.7057554   3.4728104   0.5248161 2026 01 15 17 45 14.67
0  -1047.93250   -625.37716  -6965.82913  -6.6736782   3.5070622   0.6815862 2026 01 15 17 45 34.67
0  -1181.06000   -554.90706  -6950.63216  -6.6385256   3.5396501   0.8380438 2026 01 15 17 45 54.67
0  -1313.45386   -483.80203  -6932.30971  -6.6003181   3.5705507   0.9941199 2026 01 15 17 46 14.67
0  -1445.05320   -412.09605  -6910.87011  -6.5590777   3.5997415   1.1497454 2026 01 15 17 46 34.67
0  -1575.79758   -339.82354  -6886.32306  -6.5148278   3.6272008   1.3048513 2026 01 15 17 46 54.67
0  -1705.62706   -267.01933  -6858.67964  -6.4675930   3.6529078   1.4593691 2026 01 15 17 47 14.67
0  -1834.48221   -193.71868  -6827.95231  -6.4173993   3.6768423   1.6132303 2026 01 15 17 47 34.67
0  -1962.30410   -119.95723  -6794.15486  -6.3642740   3.6989851   1.7663668 2026 01 15 17 47 54.67
0  -2089.03440    -45.77100  -6757.30248  -6.3082458   3.7193178   1.9187108 2026 01 15 17 48 14.67
0  -2214.61534     28.80363  -6717.41169  -6.2493445   3.7378229   2.0701948 2026 01 15 17 48 34.67
0  -2338.98977    103.72995  -6674.50036  -6.1876014   3.7544837   2.2207517 2026 01 15 17 48 54.67
0  -2462.10117    178.97090  -6628.58772  -6.1230490   3.7692845   2.3703146 2026 01 15 17 49 14.67
0  -2583.89370    254.48913  -6579.69429  -6.0557210   3.7822102   2.5188173 2026 01 15 17 49 34.67
0  -2704.31218    330.24700  -6527.84195  -5.9856523   3.7932471   2.6661937 2026 01 15 17 49 54.67
0  -2823.30217    406.20660  -6473.05388  -5.9128791   3.8023819   2.8123785 2026 01 15 17 50 14.67
0  -2940.80994    482.32977  -6415.35456  -5.8374388   3.8096025   2.9573066 2026 01 15 17 50 34.67
0  -3056.78254    558.57811  -6354.76977  -5.7593700   3.8148978   3.1009136 2026 01 15 17 50 54.67
0  -3171.16779    634.91300  -6291.32659  -5.6787124   3.8182575   3.2431355 2026 01 15 17 51 14.67
0  -3283.91432    711.29564  -6225.05334  -5.5955069   3.8196722   3.3839090 2026 01 15 17 51 34.67
0  -3394.97160    787.68705  -6155.97962  -5.5097956   3.8191336   3.5231713 2026 01 15 17 51 54.67
0  -3504.28993    864.04807  -6084.13628  -5.4216217   3.8166343   3.6608603 2026 01 15 17 52 14.67
0  -3611.82051    940.33944  -6009.55541  -5.3310294   3.8121679   3.7969144 2026 01 15 17 52 34.67
0  -3717.51542   1016.52176  -5932.27031  -5.2380641   3.8057291   3.9312728 2026 01 15 17 52 54.67
0  -3821.32766   1092.55553  -5852.31550  -5.1427721   3.7973133   4.0638753 2026 01 15 17 53 14.67
0  -3923.21117   1168.40117  -5769.72670  -5.0452010   3.7869172   4.1946626 2026 01 15 17 53 34.67
0  -4023.12086   1244.01906  -5684.54080  -4.9453993   3.7745384   4.3235759 2026 01 15 17 53 54.67
0  -4121.01260   1319.36951  -5596.79586  -4.8434164   3.7601754   4.4505574 2026 01 15 17 54 14.67
0  -4216.84328   1394.41286  -5506.53109  -4.7393028   3.7438279   4.5755499 2026 01 15 17 54 34.67
0  -4310.57079   1469.10940  -5413.78684  -4.6331100   3.7254965   4.6984973 2026 01 15 17 54 54.67
0  -4402.15408   1543.41947  -5318.60456  -4.5248903   3.7051829   4.8193440 2026 01 15 17 55 14.67
0  -4491.55313   1617.30347  -5221.02682  -4.4146969   3.6828897   4.9380356 2026 01 15 17 55 34.67
0  -4578.72902   1690.72183  -5121.09726  -4.3025841   3.6586208   5.0545183 2026 01 15 17 55 54.67
0  -4663.64390   1763.63508  -5018.86058  -4.1886070   3.6323809   5.1687396 2026 01 15 17 56 14.67
0  -4746.26105   1836.00386  -4914.36253  -4.0728213   3.6041758   5.2806476 2026 01 15 17 56 34.67
0  -4826.54486   1907.78893  -4807.64990  -3.9552838   3.5740123   5.3901916 2026 01 15 17 56 54.67
0  -4904.46088   1978.95121  -4698.77046  -3.8360520   3.5418985   5.4973217 2026 01 15 17 57 14.67
0  -4979.97580   2049.45178  -4587.77297  -3.7151841   3.5078431   5.6019893 2026 01 15 17 57 34.67
0  -5053.05748   2119.25189  -4474.70717  -3.5927392   3.4718562   5.7041466 2026 01 15 17 57 54.67
0  -5123.67499   2188.31304  -4359.62374  -3.4687770   3.4339489   5.8037470 2026 01 15 17 58 14.67
0  -5191.79857   2256.59693  -4242.57426  -3.3433578   3.3941331   5.9007450 2026 01 15 17 58 34.67
0  -5257.39971   2324.06553  -4123.61123  -3.2165427   3.3524222   5.9950962 2026 01 15 17 58 54.67
0  -5320.45110   2390.68107  -4002.78802  -3.0883934   3.3088301   6.0867573 2026 01 15 17 59 14.67
0  -5380.92668   2456.40608  -3880.15887  -2.9589723   3.2633721   6.1756861 2026 01 15 17 59 34.67
0  -5438.80164   2521.20340  -3755.77881  -2.8283420   3.2160644   6.2618419 2026 01 15 17 59 54.67
0  -5494.05244   2585.03621  -3629.70372  -2.6965661   3.1669244   6.3451849 2026 01 15 18 00 14.67
0  -5546.65679   2647.86805  -3501.99024  -2.5637085   3.1159702   6.4256766 2026 01 15 18 00 34.67
0  -5596.59372   2709.66282  -3372.69576  -2.4298336   3.0632213   6.5032798 2026 01 15 18 00 54.67
0  -5643.84352   2770.38483  -3241.87842  -2.2950061   3.0086979   6.5779586 2026 01 15 18 01 14.67
0  -5688.38779   2829.99881  -3109.59705  -2.1592915   2.9524213   6.6496782 2026 01 15 18 01 34.67
0  -5730.20945   2888.46992  -2975.91118  -2.0227552   2.8944140   6.7184054 2026 01 15 18 01 54.67
0  -5769.29273   2945.76376  -2840.88097  -1.8854634   2.8346992   6.7841080 2026 01 15 18 02 14.67
0  -5805.62318   3001.84644  -2704.56723  -1.7474824   2.7733013   6.8467555 2026 01 15 18 02 34.67
0  -5839.18767   3056.68454  -2567.03134  -1.6088788   2.7102455   6.9063185 2026 01 15 18 02 54.67
0  -5869.97444   3110.24517  -2428.33529  -1.4697194   2.6455581   6.9627690 2026 01 15 18 03 14.67
0  -5897.97302   3162.49597  -2288.54158  -1.3300714   2.5792663   7.0160806 2026 01 15 18 03 34.67
0  -5923.17434   3213.40513  -2147.71325  -1.1900022   2.5113984   7.0662281 2026 01 15 18 03 54.67
0  -5945.57063   3262.94141  -2005.91383  -1.0495790   2.4419833   7.1131877 2026 01 15 18 04 14.67
0  -5965.15549   3311.07418  -1863.20728  -0.9088696   2.3710512   7.1569372 2026 01 15 18 04 34.67
0  -5981.92387   3357.77340  -1719.65803  -0.7679416   2.2986328   7.1974559 2026 01 15 18 04 54.67
0  -5995.87208   3403.00966  -1575.33088  -0.6268628   2.2247602   7.2347243 2026 01 15 18 05 14.67
0  -6006.99779   3446.75421  -1430.29103  -0.4857008   2.1494659   7.2687245 2026 01 15 18 05 34.67
0  -6015.30000   3488.97894  -1284.60399  -0.3445234   2.0727836   7.2994403 2026 01 15 18 05 54.67
0  -6020.77908   3529.65643  -1138.33561  -0.2033984   1.9947476   7.3268567 2026 01 15 18 06 14.67
0  -6023.43676   3568.75998   -991.55201  -0.0623932   1.9153932   7.3509603 2026 01 15 18 06 34.67
0  -6023.27611   3606.26356   -844.31957   0.0784245   1.8347566   7.3717394 2026 01 15 18 06 54.67
0  -6020.30156   3642.14190   -696.70488   0.2189875   1.7528745   7.3891835 2026 01 15 18 07 14.67
0  -6014.51886   3676.37047   -548.77473   0.3592286   1.6697847   7.4032838 2026 01 15 18 07 34.67
0  -6005.93512   3708.92549   -400.59607   0.4990808   1.5855256   7.4140332 2026 01 15 18 07 54.67
0  -5994.55880   3739.78397   -252.23599   0.6384775   1.5001364   7.4214258 2026 01 15 18 08 14.67
0  -5980.39965   3768.92371   -103.76165   0.7773524   1.4136570   7.4254576 2026 01 15 18 08 34.67
0  -5963.46879   3796.32330     44.75970   0.9156393   1.3261279   7.4261258 2026 01 15 18 08 54.67
0  -5943.77863   3821.96217    193.26078   1.0532725   1.2375906   7.4234296 2026 01 15 18 09 14.67
0  -5921.34289   3845.82056    341.67429   1.1901867   1.1480869   7.4173692 2026 01 15 18 09 34.67
0  -5896.17660   3867.87958    489.93297   1.3263170   1.0576595   7.4079469 2026 01 15 18 09 54.67
0  -5868.29609   3888.12119    637.96963   1.4615990   0.9663517   7.3951661 2026 01 15 18 10 14.67
0  -5837.71896   3906.52821    785.71713   1.5959688   0.8742073   7.3790322 2026 01 15 18 10 34.67
0  -5804.46409   3923.08435    933.10849   1.7293630   0.7812707   7.3595518 2026 01 15 18 10 54.67
0  -5768.55162   3937.77421   1080.07685   1.8617186   0.6875870   7.3367331 2026 01 15 18 11 14.67
0  -5730.00294   3950.58332   1226.55554   1.9929735   0.5932015   7.3105861 2026 01 15 18 11 34.67
0  -5688.84069   3961.49809   1372.47811   2.1230660   0.4981605   7.2811220 2026 01 15 18 11 54.67
0  -5645.08872   3970.50587   1517.77835   2.2519351   0.4025103   7.2483539 2026 01 15 18 12 14.67
0  -5598.77211   3977.59495   1662.39031   2.3795205   0.3062980   7.2122961 2026 01 15 18 12 34.67
0  -5549.91712   3982.75457   1806.24836   2.5057626   0.2095709   7.1729647 2026 01 15 18 12 54.67
0  -5498.55122   3985.97490   1949.28720   2.6306025   0.1123770   7.1303770 2026 01 15 18 13 14.67
0  -5444.70302   3987.24709   2091.44190   2.7539823   0.0147644   7.0845522 2026 01 15 18 13 34.67
0  -5388.40229   3986.56324   2232.64790   2.8758447  -0.0832183   7.0355108 2026 01 15 18 13 54.67
0  -5329.67997   3983.91645   2372.84110   2.9961332  -0.1815222   6.9832746 2026 01 15 18 14 14.67
0  -5268.56807   3979.30079   2511.95783   3.1147922  -0.2800980   6.9278673 2026 01 15 18 14 34.67
0  -5205.09973   3972.71129   2649.93492   3.2317672  -0.3788962   6.8693138 2026 01 15 18 14 54.67
0  -5139.30918   3964.14403   2786.70970   3.3470042  -0.4778672   6.8076404 2026 01 15 18 15 14.67
0  -5071.23171   3953.59604   2922.22005   3.4604506  -0.5769608   6.7428750 2026 01 15 18 15 34.67
0  -5000.90364   3941.06536   3056.40443   3.5720544  -0.6761269   6.6750469 2026 01 15 18 15 54.67
0  -4928.36233   3926.55106   3189.20187   3.6817649  -0.7753151   6.6041867 2026 01 15 18 16 14.67
0  -4853.64616   3910.05319   3320.55207   3.7895320  -0.8744749   6.5303267 2026 01 15 18 16 34.67
0  -4776.79448   3891.57283   3450.39535   3.8953072  -0.9735555   6.4535001 2026 01 15 18 16 54.67
0  -4697.84760   3871.11206   3578.67273   3.9990426  -1.0725063   6.3737418 2026 01 15 18 17 14.67
0  -4616.84680   3848.67401   3705.32592   4.1006915  -1.1712764   6.2910881 2026 01 15 18 17 34.67
0  -4533.83425   3824.26277   3830.29741   4.2002085  -1.2698150   6.2055764 2026 01 15 18 17 54.67
0  -4448.85305   3797.88351   3953.53040   4.2975491  -1.3680711   6.1172455 2026 01 15 18 18 14.67
0  -4361.94714   3769.54236   4074.96892   4.3926701  -1.4659938   6.0261355 2026 01 15 18 18 34.67
0  -4273.16136   3739.24651   4194.55779   4.4855293  -1.5635324   5.9322878 2026 01 15 18 18 54.67
0  -4182.54135   3707.00416   4312.24269   4.5760859  -1.6606361   5.8357450 2026 01 15 18 19 14.67
0  -4090.13356   3672.82449   4427.97014   4.6643001  -1.7572541   5.7365509 2026 01 15 18 19 34.67
0  -3995.98521   3636.71774   4541.68757   4.7501335  -1.8533359   5.6347506 2026 01 15 18 19 54.67
0  -3900.14431   3598.69513   4653.34332   4.8335488  -1.9488311   5.5303904 2026 01 15 18 20 14.67
0  -3802.65958   3558.76890   4762.88666   4.9145100  -2.0436893   5.4235175 2026 01 15 18 20 34.67
0  -3703.58045   3516.95228   4870.26781   4.9929825  -2.1378606   5.3141806 2026 01 15 18 20 54.67
0  -3602.95702   3473.25952   4975.43799   5.0689328  -2.2312950   5.2024293 2026 01 15 18 21 14.67
0  -3500.84008   3427.70585   5078.34942   5.1423287  -2.3239430   5.0883143 2026 01 15 18 21 34.67
0  -3397.28101   3380.30749   5178.95534   5.2131394  -2.4157553   4.9718873 2026 01 15 18 21 54.67
0  -3292.33183   3331.08165   5277.21004   5.2813354  -2.5066828   4.8532013 2026 01 15 18 22 14.67
0  -3186.04510   3280.04650   5373.06887   5.3468885  -2.5966768   4.7323101 2026 01 15 18 22 34.67
0  -3078.47395   3227.22121   5466.48827   5.4097720  -2.6856890   4.6092684 2026 01 15 18 22 54.67
0  -2969.67205   3172.62588   5557.42579   5.4699602  -2.7736715   4.4841321 2026 01 15 18 23 14.67
0  -2859.69352   3116.28160   5645.84010   5.5274292  -2.8605765   4.3569580 2026 01 15 18 23 34.67
0  -2748.59300   3058.21038   5731.69103   5.5821561  -2.9463571   4.2278036 2026 01 15 18 23 54.67
0  -2636.42554   2998.43518   5814.93955   5.6341196  -3.0309664   4.0967275 2026 01 15 18 24 14.67
0  -2523.24661   2936.97989   5895.54782   5.6832997  -3.1143583   3.9637890 2026 01 15 18 24 34.67
0  -2409.11206   2873.86931   5973.47918   5.7296779  -3.1964870   3.8290484 2026 01 15 18 24 54.67
0  -2294.07811   2809.12917   6048.69822   5.7732368  -3.2773073   3.6925667 2026 01 15 18 25 14.67
0  -2178.20131   2742.78607   6121.17072   5.8139607  -3.3567745   3.5544056 2026 01 15 18 25 34.67
0  -2061.53850   2674.86753   6190.86371   5.8518353  -3.4348446   3.4146276 2026 01 15 18 25 54.67
0  -1944.14681   2605.40191   6257.74550   5.8868475  -3.5114740   3.2732960 2026 01 15 18 26 14.67
0  -1826.08359   2534.41847   6321.78565   5.9189857  -3.5866199   3.1304747 2026 01 15 18 26 34.67
0  -1707.40644   2461.94730   6382.95501   5.9482399  -3.6602399   2.9862284 2026 01 15 18 26 54.67
0  -1588.17311   2388.01933   6441.22572   5.9746012  -3.7322925   2.8406221 2026 01 15 18 27 14.67
0  -1468.44156   2312.66632   6496.57126   5.9980623  -3.8027367   2.6937217 2026 01 15 18 27 34.67
0  -1348.26984   2235.92085   6548.96640   6.0186173  -3.8715324   2.5455937 2026 01 15 18 27 54.67
0  -1227.71612   2157.81628   6598.38725   6.0362617  -3.9386399   2.3963049 2026 01 15 18 28 14.67
0  -1106.83865   2078.38676   6644.81127   6.0509923  -4.0040205   2.2459227 2026 01 15 18 28 34.67
0   -985.69572   1997.66722   6688.21729   6.0628076  -4.0676363   2.0945152 2026 01 15 18 28 54.67
0   -864.34565   1915.69332   6728.58547   6.0717073  -4.1294500   1.9421507 2026 01 15 18 29 14.67
0   -742.84673   1832.50147   6765.89735   6.0776923  -4.1894251   1.7888979 2026 01 15 18 29 34.67
0   -621.25725   1748.12880   6800.13588   6.0807654  -4.2475262   1.6348262 2026 01 15 18 29 54.67
0   -499.63539   1662.61314   6831.28536   6.0809305  -4.3037184   1.4800051 2026 01 15 18 30 14.67
0   -378.03928   1575.99300   6859.33151   6.0781928  -4.3579678   1.3245045 2026 01 15 18 30 34.67
0   -256.52689   1488.30758   6884.26144   6.0725590  -4.4102414   1.1683946 2026 01 15 18 30 54.67
0   -135.15608   1399.59672   6906.06366   6.0640373  -4.4605070   1.0117459 2026 01 15 18 31 14.67
0    -13.98451   1309.90088   6924.72811   6.0526372  -4.5087336   0.8546292 2026 01 15 18 31 34.67
0    106.93037   1219.26115   6940.24614   6.0383694  -4.5548907   0.6971154 2026 01 15 18 31 54.67
0    227.53130   1127.71922   6952.61052   6.0212463  -4.5989491   0.5392757 2026 01 15 18 32 14.67
0    347.76133   1035.31735   6961.81545   6.0012812  -4.6408804   0.3811814 2026 01 15 18 32 34.67
0    467.56376    942.09834   6967.85654   5.9784892  -4.6806573   0.2229039 2026 01 15 18 32 54.67
0    586.88221    848.10556   6970.73085   5.9528865  -4.7182532   0.0645148 2026 01 15 18 33 14.67
0    705.66065    753.38289   6970.43686   5.9244906  -4.7536429  -0.0939144 2026 01 15 18 33 34.67
0    823.84338    657.97468   6966.97449   5.8933203  -4.7868021  -0.2523120 2026 01 15 18 33 54.67
0    941.37514    561.92579   6960.34508   5.8593960  -4.8177074  -0.4106063 2026 01 15 18 34 14.67
0   1058.20105    465.28151   6950.55142   5.8227391  -4.8463365  -0.5687258 2026 01 15 18 34 34.67
0   1174.26667    368.08758   6937.59773   5.7833723  -4.8726684  -0.7265988 2026 01 15 18 34 54.67
0   1289.51807    270.39016   6921.48963   5.7413196  -4.8966829  -0.8841539 2026 01 15 18 35 14.67
0   1403.90176    172.23577   6902.23422   5.6966064  -4.9183612  -1.0413197 2026 01 15 18 35 34.67
0   1517.36480     73.67133   6879.83998   5.6492592  -4.9376852  -1.1980251 2026 01 15 18 35 54.67
0   1629.85479    -25.25592   6854.31683   5.5993057  -4.9546383  -1.3541989 2026 01 15 18 36 14.67
0   1741.31988   -124.49839   6825.67612   5.5467750  -4.9692049  -1.5097703 2026 01 15 18 36 34.67
0   1851.70885   -224.00822   6793.93060   5.4916972  -4.9813705  -1.6646687 2026 01 15 18 36 54.67
0   1960.97105   -323.73724   6759.09442   5.4341037  -4.9911218  -1.8188238 2026 01 15 18 37 14.67
0   2069.05649   -423.63705   6721.18317   5.3740270  -4.9984468  -1.9721655 2026 01 15 18 37 34.67
0   2175.91585   -523.65901   6680.21380   5.3115010  -5.0033344  -2.1246242 2026 01 15 18 37 54.67
0   2281.50049   -623.75427   6636.20467   5.2465603  -5.0057750  -2.2761305 2026 01 15 18 38 14.67
0   2385.76247   -723.87381   6589.17551   5.1792409  -5.0057600  -2.4266155 2026 01 15 18 38 34.67
0   2488.65459   -823.96844   6539.14745   5.1095800  -5.0032820  -2.5760106 2026 01 15 18 38 54.67
0   2590.13040   -923.98884   6486.14294   5.0376157  -4.9983350  -2.7242477 2026 01 15 18 39 14.67
0   2690.14422  -1023.88557   6430.18584   4.9633873  -4.9909140  -2.8712592 2026 01 15 18 39 34.67
0   2788.65116  -1123.60912   6371.30132   4.8869349  -4.9810155  -3.0169781 2026 01 15 18 39 54.67
0   2885.60716  -1223.10991   6309.51591   4.8082999  -4.9686369  -3.1613378 2026 01 15 18 40 14.67
0   2980.96900  -1322.33832   6244.85744   4.7275246  -4.9537772  -3.3042724 2026 01 15 18 40 34.67
0   3074.69429  -1421.24474   6177.35508   4.6446524  -4.9364363  -3.4457165 2026 01 15 18 40 54.67
0   3166.74153  -1519.77955   6107.03927   4.5597275  -4.9166157  -3.5856053 2026 01 15 18 41 14.67
0   3257.07014  -1617.89318   6033.94177   4.4727951  -4.8943179  -3.7238749 2026 01 15 18 41 34.67
0   3345.64040  -1715.53611   5958.09560   4.3839013  -4.8695468  -3.8604618 2026 01 15 18 41 54.67
0   3432.41357  -1812.65895   5879.53503   4.2930932  -4.8423075  -3.9953034 2026 01 15 18 42 14.67
0   3517.35184  -1909.21237   5798.29560   4.2004188  -4.8126064  -4.1283378 2026 01 15 18 42 34.67
0   3600.41837  -2005.14723   5714.41405   4.1059268  -4.7804512  -4.2595039 2026 01 15 18 42 54.67
0   3681.57729  -2100.41453   5627.92836   4.0096668  -4.7458508  -4.3887415 2026 01 15 18 43 14.67
0   3760.79376  -2194.96545   5538.87769   3.9116892  -4.7088155  -4.5159910 2026 01 15 18 43 34.67
0   3838.03392  -2288.75142   5447.30238   3.8120452  -4.6693566  -4.6411940 2026 01 15 18 43 54.67
0   3913.26498  -2381.72409   5353.24396   3.7107868  -4.6274871  -4.7642928 2026 01 15 18 44 14.67
0   3986.45516  -2473.83539   5256.74507   3.6079667  -4.5832208  -4.8852306 2026 01 15 18 44 34.67
0   4057.57377  -2565.03752   5157.84948   3.5036383  -4.5365731  -5.0039517 2026 01 15 18 44 54.67
0   4126.59118  -2655.28303   5056.60209   3.3978555  -4.4875606  -5.1204012 2026 01 15 18 45 14.67
0   4193.47884  -2744.52480   4953.04886   3.2906732  -4.4362010  -5.2345254 2026 01 15 18 45 34.67
0   4258.20932  -2832.71606   4847.23682   3.1821466  -4.3825135  -5.3462716 2026 01 15 18 45 54.67
0   4320.75629  -2919.81047   4739.21407   3.0723317  -4.3265183  -5.4555882 2026 01 15 18 46 14.67
0   4381.09454  -3005.76208   4629.02968   2.9612849  -4.2682371  -5.5624244 2026 01 15 18 46 34.67
0   4439.20002  -3090.52539   4516.73378   2.8490634  -4.2076926  -5.6667310 2026 01 15 18 46 54.67
0   4495.04979  -3174.05538   4402.37743   2.7357246  -4.1449089  -5.7684597 2026 01 15 18 47 14.67
0   4548.62209  -3256.30752   4286.01267   2.6213266  -4.0799112  -5.8675632 2026 01 15 18 47 34.67
0   4599.89632  -3337.23778   4167.69246   2.5059277  -4.0127259  -5.9639957 2026 01 15 18 47 54.67
0   4648.85305  -3416.80269   4047.47066   2.3895870  -3.9433809  -6.0577125 2026 01 15 18 48 14.67
0   4695.47404  -3494.95935   3925.40204   2.2723635  -3.8719048  -6.1486702 2026 01 15 18 48 34.67
0   4739.74222  -3571.66542   3801.54220   2.1543170  -3.7983278  -6.2368266 2026 01 15 18 48 54.67
0   4781.64173  -3646.87919   3675.94757   2.0355074  -3.7226811  -6.3221407 2026 01 15 18 49 14.67
0   4821.15791  -3720.55960   3548.67540   1.9159948  -3.6449969  -6.4045731 2026 01 15 18 49 34.67
0   4858.27730  -3792.66623   3419.78371   1.7958398  -3.5653089  -6.4840855 2026 01 15 18 49 54.67
0   4892.98767  -3863.15934   3289.33127   1.6751032  -3.4836516  -6.5606411 2026 01 15 18 50 14.67
0   4925.27799  -3931.99991   3157.37756   1.5538457  -3.4000608  -6.6342043 2026 01 15 18 50 34.67
0   4955.13845  -3999.14962   3023.98280   1.4321284  -3.3145733  -6.7047411 2026 01 15 18 50 54.67
0   4982.56047  -4064.57093   2889.20782   1.3100126  -3.2272269  -6.7722188 2026 01 15 18 51 14.67
0   5007.53669  -4128.22703   2753.11414   1.1875595  -3.1380607  -6.8366061 2026 01 15 18 51 34.67
0   5030.06097  -4190.08194   2615.76385   1.0648305  -3.0471147  -6.8978733 2026 01 15 18 51 54.67
0   5050.12842  -4250.10047   2477.21965   0.9418869  -2.9544298  -6.9559921 2026 01 15 18 52 14.67
0   5067.73535  -4308.24825   2337.54477   0.8187902  -2.8600481  -7.0109355 2026 01 15 18 52 34.67
0   5082.87932  -4364.49177   2196.80299   0.6956017  -2.7640126  -7.0626784 2026 01 15 18 52 54.67
0   5095.55910  -4418.79841   2055.05855   0.5723826  -2.6663672  -7.1111968 2026 01 15 18 53 14.67
0   5105.77469  -4471.13640   1912.37616   0.4491940  -2.5671569  -7.1564684 2026 01 15 18 53 34.67
0   5113.52731  -4521.47491   1768.82098   0.3260972  -2.4664273  -7.1984726 2026 01 15 18 53 54.67
0   5118.81942  -4569.78401   1624.45855   0.2031527  -2.3642254  -7.2371901 2026 01 15 18 54 14.67
0   5121.65465  -4616.03473   1479.35479   0.0804215  -2.2605984  -7.2726033 2026 01 15 18 54 34.67
0   5122.03789  -4660.19906   1333.57593  -0.0420363  -2.1555950  -7.3046960 2026 01 15 18 54 54.67
0   5119.97520  -4702.24996   1187.18855  -0.1641603  -2.0492643  -7.3334538 2026 01 15 18 55 14.67
0   5115.47385  -4742.16137   1040.25947  -0.2858908  -1.9416563  -7.3588638 2026 01 15 18 55 34.67
0   5108.54232  -4779.90827    892.85576  -0.4071682  -1.8328218  -7.3809146 2026 01 15 18 55 54.67
0   5099.19026  -4815.46662    745.04472  -0.5279335  -1.7228123  -7.3995966 2026 01 15 18 56 14.67
0   5087.42849  -4848.81346    596.89379  -0.6481278  -1.6116800  -7.4149016 2026 01 15 18 56 34.67
0   5073.26903  -4879.92686    448.47059  -0.7676929  -1.4994777  -7.4268231 2026 01 15 18 56 54.67
0   5056.72503  -4908.78595    299.84284  -0.8865709  -1.3862592  -7.4353562 2026 01 15 18 57 14.67
0   5037.81082  -4935.37094    151.07835  -1.0047044  -1.2720784  -7.4404976 2026 01 15 18 57 34.67
0   5016.54185  -4959.66315      2.24496  -1.1220366  -1.1569902  -7.4422456 2026 01 15 18 57 54.67
0   4992.93472  -4981.64497   -146.58944  -1.2385113  -1.0410500  -7.4406001 2026 01 15 18 58 14.67
0   4967.00712  -5001.29992   -295.35701  -1.3540727  -0.9243135  -7.4355628 2026 01 15 18 58 34.67
0   4938.77789  -5018.61264   -443.98993  -1.4686657  -0.8068372  -7.4271367 2026 01 15 18 58 54.67
0   4908.26694  -5033.56890   -592.42048  -1.5822360  -0.6886780  -7.4153266 2026 01 15 18 59 14.67
0   4875.49525  -5046.15561   -740.58102  -1.6947296  -0.5698930  -7.4001388 2026 01 15 18 59 34.67
0   4840.48489  -5056.36085   -888.40410  -1.8060937  -0.4505400  -7.3815813 2026 01 15 18 59 54.67
0   4803.25899  -5064.17382  -1035.82240  -1.9162757  -0.3306771  -7.3596637 2026 01 15 19 00 14.67
0   4763.84170  -5069.58491  -1182.76883  -2.0252242  -0.2103627  -7.3343970 2026 01 15 19 00 34.67
0   4722.25819  -5072.58568  -1329.17653  -2.1328883  -0.0896555  -7.3057939 2026 01 15 19 00 54.67
0   4678.53467  -5073.16887  -1474.97892  -2.2392179   0.0313853  -7.2738688 2026 01 15 19 01 14.67
0   4632.69831  -5071.32840  -1620.10971  -2.3441640   0.1527006  -7.2386373 2026 01 15 19 01 34.67
0   4584.77726  -5067.05937  -1764.50295  -2.4476782   0.2742308  -7.2001169 2026 01 15 19 01 54.67
0   4534.80066  -5060.35808  -1908.09303  -2.5497130   0.3959162  -7.1583265 2026 01 15 19 02 14.67
0   4482.79853  -5051.22202  -2050.81478  -2.6502219   0.5176969  -7.1132864 2026 01 15 19 02 34.67
0   4428.80188  -5039.64990  -2192.60340  -2.7491593   0.6395130  -7.0650186 2026 01 15 19 02 54.67
0   4372.84257  -5025.64160  -2333.39457  -2.8464805   0.7613044  -7.0135464 2026 01 15 19 03 14.67
0   4314.95336  -5009.19821  -2473.12446  -2.9421417   0.8830110  -6.9588949 2026 01 15 19 03 34.67
0   4255.16789  -4990.32204  -2611.72975  -3.0361003   1.0045725  -6.9010903 2026 01 15 19 03 54.67
0   4193.52063  -4969.01659  -2749.14763  -3.1283145   1.1259289  -6.8401603 2026 01 15 19 04 14.67
0   4130.04687  -4945.28657  -2885.31590  -3.2187436   1.2470200  -6.7761343 2026 01 15 19 04 34.67
0   4064.78271  -4919.13788  -3020.17295  -3.3073479   1.3677857  -6.7090429 2026 01 15 19 04 54.67
0   3997.76505  -4890.57762  -3153.65777  -3.3940889   1.4881661  -6.6389181 2026 01 15 19 05 14.67
0   3929.03151  -4859.61411  -3285.71004  -3.4789291   1.6081014  -6.5657932 2026 01 15 19 05 34.67
0   3858.62049  -4826.25684  -3416.27010  -3.5618319   1.7275318  -6.4897030 2026 01 15 19 05 54.67
0   3786.57108  -4790.51651  -3545.27901  -3.6427622   1.8463979  -6.4106837 2026 01 15 19 06 14.67
0   3712.92308  -4752.40500  -3672.67855  -3.7216855   1.9646403  -6.3287726 2026 01 15 19 06 34.67
0   3637.71697  -4711.93536  -3798.41126  -3.7985690   2.0822002  -6.2440083 2026 01 15 19 06 54.67
0   3560.99386  -4669.12184  -3922.42050  -3.8733806   2.1990187  -6.1564308 2026 01 15 19 07 14.67
0   3482.79549  -4623.97986  -4044.65040  -3.9460896   2.3150375  -6.0660814 2026 01 15 19 07 34.67
0   3403.16422  -4576.52598  -4165.04594  -4.0166664   2.4301983  -5.9730024 2026 01 15 19 07 54.67
0   3322.14297  -4526.77794  -4283.55298  -4.0850826   2.5444437  -5.8772373 2026 01 15 19 08 14.67
0   3239.77524  -4474.75463  -4400.11823  -4.1513108   2.6577161  -5.7788311 2026 01 15 19 08 34.67
0   3156.10505  -4420.47607  -4514.68932  -4.2153251   2.7699587  -5.6778296 2026 01 15 19 08 54.67
0   3071.17691  -4363.96342  -4627.21483  -4.2771007   2.8811151  -5.5742798 2026 01 15 19 09 14.67
0   2985.03585  -4305.23898  -4737.64427  -4.3366139   2.9911293  -5.4682300 2026 01 15 19 09 34.67
0   2897.72734  -4244.32613  -4845.92812  -4.3938423   3.0999459  -5.3597293 2026 01 15 19 09 54.67
0   2809.29729  -4181.24939  -4952.01788  -4.4487646   3.2075099  -5.2488280 2026 01 15 19 10 14.67
0   2719.79201  -4116.03434  -5055.86603  -4.5013611   3.3137670  -5.1355773 2026 01 15 19 10 34.67
0   2629.25823  -4048.70767  -5157.42611  -4.5516129   3.4186634  -5.0200296 2026 01 15 19 10 54.67
0   2537.74300  -3979.29711  -5256.65272  -4.5995025   3.5221460  -4.9022381 2026 01 15 19 11 14.67
0   2445.29373  -3907.83147  -5353.50152  -4.6450136   3.6241622  -4.7822570 2026 01 15 19 11 34.67
0   2351.95815  -3834.34060  -5447.92926  -4.6881314   3.7246601  -4.6601413 2026 01 15 19 11 54.67
0   2257.78426  -3758.85538  -5539.89381  -4.7288420   3.8235887  -4.5359471 2026 01 15 19 12 14.67
0   2162.82033  -3681.40769  -5629.35417  -4.7671328   3.9208973  -4.4097312 2026 01 15 19 12 34.67
0   2067.11487  -3602.03044  -5716.27048  -4.8029926   4.0165364  -4.2815513 2026 01 15 19 12 54.67
0   1970.71661  -3520.75751  -5800.60403  -4.8364114   4.1104568  -4.1514658 2026 01 15 19 13 14.67
0   1873.67446  -3437.62375  -5882.31732  -4.8673803   4.2026105  -4.0195339 2026 01 15 19 13 34.67
0   1776.03748  -3352.66497  -5961.37401  -4.8958917   4.2929499  -3.8858158 2026 01 15 19 13 54.67
0   1677.85490  -3265.91793  -6037.73898  -4.9219394   4.3814286  -3.7503720 2026 01 15 19 14 14.67
0   1579.17604  -3177.42029  -6111.37832  -4.9455182   4.4680007  -3.6132640 2026 01 15 19 14 34.67
0   1480.05031  -3087.21065  -6182.25939  -4.9666244   4.5526214  -3.4745538 2026 01 15 19 14 54.67
0   1380.52721  -2995.32846  -6250.35074  -4.9852551   4.6352467  -3.3343043 2026 01 15 19 15 14.67
0   1280.65626  -2901.81407  -6315.62224  -5.0014091   4.7158334  -3.1925785 2026 01 15 19 15 34.67
0   1180.48699  -2806.70868  -6378.04499  -5.0150861   4.7943394  -3.0494406 2026 01 15 19 15 54.67
0   1080.06893  -2710.05430  -6437.59139  -5.0262871   4.8707234  -2.9049548 2026 01 15 19 16 14.67
0    979.45160  -2611.89380  -6494.23514  -5.0350143   4.9449452  -2.7591863 2026 01 15 19 16 34.67
0    878.68442  -2512.27079  -6547.95122  -5.0412711   5.0169654  -2.6122003 2026 01 15 19 16 54.67
0    777.81677  -2411.22971  -6598.71596  -5.0450622   5.0867457  -2.4640629 2026 01 15 19 17 14.67
0    676.89789  -2308.81573  -6646.50697  -5.0463933   5.1542488  -2.3148404 2026 01 15 19 17 34.67
0    575.97694  -2205.07475  -6691.30324  -5.0452713   5.2194384  -2.1645995 2026 01 15 19 17 54.67
0    475.10288  -2100.05339  -6733.08505  -5.0417044   5.2822792  -2.0134076 2026 01 15 19 18 14.67
0    374.32453  -1993.79899  -6771.83406  -5.0357019   5.3427371  -1.8613320 2026 01 15 19 18 34.67
0    273.69049  -1886.35952  -6807.53328  -5.0272741   5.4007788  -1.7084406 2026 01 15 19 18 54.67
0    173.24916  -1777.78364  -6840.16707  -5.0164326   5.4563725  -1.5548016 2026 01 15 19 19 14.67
0     73.04869  -1668.12061  -6869.72116  -5.0031902   5.5094872  -1.4004834 2026 01 15 19 19 34.67
0    -26.86304  -1557.42033  -6896.18265  -4.9875606   5.5600929  -1.2455546 2026 01 15 19 19 54.67
0   -126.43844  -1445.73325  -6919.54001  -4.9695587   5.6081611  -1.0900842 2026 01 15 19 20 14.67
0   -225.63021  -1333.11040  -6939.78312  -4.9492006   5.6536642  -0.9341412 2026 01 15 19 20 34.67
0   -324.39139  -1219.60336  -6956.90319  -4.9265033   5.6965757  -0.7777949 2026 01 15 19 20 54.67
0   -422.67539  -1105.26421  -6970.89287  -4.9014850   5.7368705  -0.6211146 2026 01 15 19 21 14.67
0   -520.43598   -990.14552  -6981.74616  -4.8741649   5.7745246  -0.4641699 2026 01 15 19 21 34.67
0   -617.62731   -874.30036  -6989.45848  -4.8445633   5.8095149  -0.3070302 2026 01 15 19 21 54.67
0   -714.20397   -757.78219  -6994.02661  -4.8127014   5.8418200  -0.1497653 2026 01 15 19 22 14.67
0   -810.12098   -640.64495  -6995.44875  -4.7786017   5.8714192   0.0075552 2026 01 15 19 22 34.67
0   -905.33380   -522.94294  -6993.72449  -4.7422874   5.8982935   0.1648617 2026 01 15 19 22 54.67
0   -999.79840   -404.73085  -6988.85480  -4.7037829   5.9224248   0.3220845 2026 01 15 19 23 14.67
0  -1093.47120   -286.06370  -6980.84205  -4.6631134   5.9437964   0.4791540 2026 01 15 19 23 34.67
0  -1186.30918   -166.99685  -6969.69000  -4.6203053   5.9623927   0.6360007 2026 01 15 19 23 54.67
0  -1278.26983    -47.58594  -6955.40381  -4.5753857   5.9781996   0.7925553 2026 01 15 19 24 14.67
0  -1369.31121     72.11309  -6937.99000  -4.5283829   5.9912041   0.9487485 2026 01 15 19 24 34.67
0  -1459.39193    192.04409  -6917.45649  -4.4793258   6.0013944   1.1045111 2026 01 15 19 24 54.67
0  -1548.47121    312.15066  -6893.81260  -4.4282445   6.0087603   1.2597742 2026 01 15 19 25 14.67
0  -1636.50887    432.37623  -6867.06899  -4.3751699   6.0132925   1.4144692 2026 01 15 19 25 34.67
0  -1723.46535    552.66402  -6837.23772  -4.3201336   6.0149833   1.5685275 2026 01 15 19 25 54.67
0  -1809.30176    672.95715  -6804.33219  -4.2631684   6.0138262   1.7218810 2026 01 15 19 26 14.67
0  -1893.97985    793.19861  -6768.36720  -4.2043076   6.0098160   1.8744617 2026 01 15 19 26 34.67
0  -1977.46203    913.33129  -6729.35887  -4.1435854   6.0029487   2.0262021 2026 01 15 19 26 54.67
0  -2059.71144   1033.29802  -6687.32467  -4.0810371   5.9932219   2.1770348 2026 01 15 19 27 14.67
0  -2140.69191   1153.04160  -6642.28345  -4.0166984   5.9806344   2.3268931 2026 01 15 19 27 34.67
0  -2220.36800   1272.50481  -6594.25534  -3.9506060   5.9651863   2.4757104 2026 01 15 19 27 54.67
0  -2298.70500   1391.63044  -6543.26183  -3.8827973   5.9468789   2.6234207 2026 01 15 19 28 14.67
0  -2375.66897   1510.36135  -6489.32573  -3.8133104   5.9257151   2.7699583 2026 01 15 19 28 34.67
0  -2451.22673   1628.64043  -6432.47113  -3.7421841   5.9016991   2.9152582 2026 01 15 19 28 54.67
0  -2525.34589   1746.41070  -6372.72344  -3.6694580   5.8748362   3.0592558 2026 01 15 19 29 14.67
0  -2597.99485   1863.61528  -6310.10935  -3.5951723   5.8451334   3.2018868 2026 01 15 19 29 34.67
0  -2669.14283   1980.19746  -6244.65683  -3.5193678   5.8125988   3.3430879 2026 01 15 19 29 54.67
0  -2738.75986   2096.10070  -6176.39511  -3.4420862   5.7772419   3.4827961 2026 01 15 19 30 14.67
0  -2806.81683   2211.26864  -6105.35466  -3.3633695   5.7390736   3.6209489 2026 01 15 19 30 34.67
0  -2873.28546   2325.64519  -6031.56723  -3.2832605   5.6981061   3.7574848 2026 01 15 19 30 54.67
0  -2938.13834   2439.17449  -5955.06576  -3.2018025   5.6543530   3.8923427 2026 01 15 19 31 14.67
0  -3001.34891   2551.80098  -5875.88441  -3.1190394   5.6078292   4.0254622 2026 01 15 19 31 34.67
0  -3062.89154   2663.46940  -5794.05856  -3.0350157   5.5585509   4.1567837 2026 01 15 19 31 54.67
0  -3122.74145   2774.12485  -5709.62475  -2.9497761   5.5065358   4.2862483 2026 01 15 19 32 14.67
0  -3180.87477   2883.71276  -5622.62071  -2.8633663   5.4518028   4.4137978 2026 01 15 19 32 34.67
0  -3237.26857   2992.17898  -5533.08531  -2.7758321   5.3943722   4.5393751 2026 01 15 19 32 54.67
0  -3291.90082   3099.46978  -5441.05857  -2.6872199   5.3342655   4.6629234 2026 01 15 19 33 14.67
0  -3344.75043   3205.53186  -5346.58162  -2.5975764   5.2715057   4.7843872 2026 01 15 19 33 34.67
0  -3395.79723   3310.31240  -5249.69671  -2.5069489   5.2061172   4.9037117 2026 01 15 19 33 54.67
0  -3445.02204   3413.75908  -5150.44716  -2.4153850   5.1381253   5.0208430 2026 01 15 19 34 14.67
0  -3492.40660   3515.82010  -5048.87738  -2.3229326   5.0675571   5.1357280 2026 01 15 19 34 34.67
0  -3537.93362   3616.44421  -4945.03280  -2.2296400   4.9944407   5.2483148 2026 01 15 19 34 54.67
0  -3581.58679   3715.58075  -4838.95991  -2.1355558   4.9188055   5.3585522 2026 01 15 19 35 14.67
0  -3623.35076   3813.17963  -4730.70619  -2.0407290   4.8406824   5.4663903 2026 01 15 19 35 34.67
0  -3663.21117   3909.19144  -4620.32013  -1.9452086   4.7601032   5.5717799 2026 01 15 19 35 54.67
0  -3701.15465   4003.56736  -4507.85118  -1.8490442   4.6771014   5.6746731 2026 01 15 19 36 14.67
0  -3737.16881   4096.25930  -4393.34974  -1.7522853   4.5917115   5.7750228 2026 01 15 19 36 34.67
0  -3771.24226   4187.21985  -4276.86713  -1.6549818   4.5039691   5.8727833 2026 01 15 19 36 54.67
0  -3803.36461   4276.40233  -4158.45560  -1.5571836   4.4139114   5.9679099 2026 01 15 19 37 14.67
0  -3833.52647   4363.76082  -4038.16826  -1.4589410   4.3215765   6.0603588 2026 01 15 19 37 34.67
0  -3861.71945   4449.25016  -3916.05909  -1.3603042   4.2270038   6.1500877 2026 01 15 19 37 54.67
0  -3887.93618   4532.82600  -3792.18290  -1.2613236   4.1302339   6.2370554 2026 01 15 19 38 14.67
0  -3912.17027   4614.44482  -3666.59532  -1.1620496   4.0313086   6.3212216 2026 01 15 19 38 34.67
0  -3934.41638   4694.06393  -3539.35277  -1.0625327   3.9302708   6.4025477 2026 01 15 19 38 54.67
0  -3954.67014   4771.64153  -3410.51243  -0.9628234   3.8271646   6.4809960 2026 01 15 19 39 14.67
0  -3972.92822   4847.13670  -3280.13223  -0.8629721   3.7220350   6.5565302 2026 01 15 19 39 34.67
0  -3989.18828   4920.50943  -3148.27078  -0.7630295   3.6149283   6.6291153 2026 01 15 19 39 54.67
0  -4003.44899   4991.72065  -3014.98743  -0.6630459   3.5058920   6.6987175 2026 01 15 19 40 14.67
0  -4015.71005   5060.73226  -2880.34215  -0.5630715   3.3949743   6.7653044 2026 01 15 19 40 34.67
0  -4025.97214   5127.50711  -2744.39556  -0.4631567   3.2822247   6.8288449 2026 01 15 19 40 54.67
0  -4034.23695   5192.00909  -2607.20888  -0.3633516   3.1676937   6.8893093 2026 01 15 19 41 14.67
0  -4040.50718   5254.20306  -2468.84393  -0.2637059   3.0514326   6.9466692 2026 01 15 19 41 34.67
0  -4044.78652   5314.05495  -2329.36306  -0.1642696   2.9334940   7.0008978 2026 01 15 19 41 54.67
0  -4047.07964   5371.53175  -2188.82915  -0.0650921   2.8139311   7.0519694 2026 01 15 19 42 14.67
0  -4047.39221   5426.60151  -2047.30560   0.0337772   2.6927982   7.0998599 2026 01 15 19 42 34.67
0  -4045.73090   5479.23338  -1904.85624   0.1322894   2.5701506   7.1445467 2026 01 15 19 42 54.67
0  -4042.10332   5529.39763  -1761.54538   0.2303958   2.4460442   7.1860085 2026 01 15 19 43 14.67
0  -4036.51809   5577.06564  -1617.43770   0.3280478   2.3205359   7.2242255 2026 01 15 19 43 34.67
0  -4028.98477   5622.20997  -1472.59829   0.4251974   2.1936835   7.2591794 2026 01 15 19 43 54.67
0  -4019.51389   5664.80430  -1327.09258   0.5217969   2.0655455   7.2908534 2026 01 15 19 44 14.67
0  -4008.11692   5704.82353  -1180.98631   0.6177990   1.9361811   7.3192323 2026 01 15 19 44 34.67
0  -3994.80628   5742.24371  -1034.34555   0.7131567   1.8056503   7.3443020 2026 01 15 19 44 54.67
0  -3979.59533   5777.04213   -887.23658   0.8078236   1.6740138   7.3660505 2026 01 15 19 45 14.67
0  -3962.49833   5809.19729   -739.72595   0.9017536   1.5413331   7.3844668 2026 01 15 19 45 34.67
0  -3943.53049   5838.68892   -591.88040   0.9949012   1.4076701   7.3995418 2026 01 15 19 45 54.67
0  -3922.70790   5865.49800   -443.76682   1.0872215   1.2730875   7.4112676 2026 01 15 19 46 14.67
0  -3900.04756   5889.60677   -295.45226   1.1786700   1.1376485   7.4196383 2026 01 15 19 46 34.67
0  -3875.56733   5910.99874   -147.00388   1.2692027   1.0014169   7.4246491 2026 01 15 19 46 54.67
0  -3849.28597   5929.65870      1.51109   1.3587763   0.8644570   7.4262970 2026 01 15 19 47 14.67
0  -3821.22310   5945.57273    150.02538   1.4473481   0.7268335   7.4245804 2026 01 15 19 47 34.67
0  -3791.39916   5958.72820    298.47170   1.5348760   0.5886117   7.4194995 2026 01 15 19 47 54.67
0  -3759.83545   5969.11382    446.78278   1.6213185   0.4498572   7.4110557 2026 01 15 19 48 14.67
0  -3726.55408   5976.71958    594.89139   1.7066349   0.3106361   7.3992523 2026 01 15 19 48 34.67
0  -3691.57798   5981.53681    742.73037   1.7907852   0.1710148   7.3840940 2026 01 15 19 48 54.67
0  -3654.93087   5983.55817    890.23270   1.8737298   0.0310599   7.3655870 2026 01 15 19 49 14.67
0  -3616.63725   5982.77767   1037.33148   1.9554303  -0.1091614   7.3437392 2026 01 15 19 49 34.67
0  -3576.72237   5979.19065   1183.95997   2.0358487  -0.2495821   7.3185599 2026 01 15 19 49 54.67
0  -3535.21226   5972.79378   1330.05167   2.1149479  -0.3901345   7.2900601 2026 01 15 19 50 14.67
0  -3492.13366   5963.58512   1475.54028   2.1926916  -0.5307511   7.2582523 2026 01 15 19 50 34.67
0  -3447.51403   5951.56406   1620.35977   2.2690443  -0.6713641   7.2231504 2026 01 15 19 50 54.67
0  -3401.38154   5936.73134   1764.44442   2.3439713  -0.8119056   7.1847700 2026 01 15 19 51 14.67
0  -3353.76506   5919.08907   1907.72883   2.4174387  -0.9523075   7.1431280 2026 01 15 19 51 34.67
0  -3304.69409   5898.64073   2050.14795   2.4894137  -1.0925020   7.0982432 2026 01 15 19 51 54.67
0  -3254.19880   5875.39115   2191.63712   2.5598641  -1.2324210   7.0501356 2026 01 15 19 52 14.67
0  -3202.31002   5849.34650   2332.13209   2.6287587  -1.3719964   6.9988266 2026 01 15 19 52 34.67
0  -3149.05915   5820.51435   2471.56908   2.6960673  -1.5111604   6.9443395 2026 01 15 19 52 54.67
0  -3094.47821   5788.90360   2609.88475   2.7617603  -1.6498452   6.8866986 2026 01 15 19 53 14.67
0  -3038.59979   5754.52450   2747.01629   2.8258095  -1.7879831   6.8259300 2026 01 15 19 53 34.67
0  -2981.45705   5717.38868   2882.90141   2.8881874  -1.9255066   6.7620611 2026 01 15 19 53 54.67
0  -2923.08369   5677.50909   3017.47840   2.9488673  -2.0623483   6.6951208 2026 01 15 19 54 14.67
0  -2863.51391   5634.90004   3150.68612   3.0078238  -2.1984412   6.6251393 2026 01 15 19 54 34.67
0  -2802.78244   5589.57717   3282.46408   3.0650323  -2.3337185   6.5521483 2026 01 15 19 54 54.67
0  -2740.92447   5541.55746   3412.75240   3.1204693  -2.4681138   6.4761809 2026 01 15 19 55 14.67
0  -2677.97565   5490.85920   3541.49189   3.1741121  -2.6015609   6.3972714 2026 01 15 19 55 34.67
0  -2613.97210   5437.50204   3668.62408   3.2259392  -2.7339941   6.3154558 2026 01 15 19 55 54.67
0  -2548.95033   5381.50688   3794.09121   3.2759301  -2.8653479   6.2307711 2026 01 15 19 56 14.67
0  -2482.94725   5322.89598   3917.83627   3.3240653  -2.9955576   6.1432557 2026 01 15 19 56 34.67
0  -2416.00018   5261.69285   4039.80305   3.3703263  -3.1245587   6.0529494 2026 01 15 19 56 54.67
0  -2348.14677   5197.92232   4159.93613   3.4146958  -3.2522872   5.9598931 2026 01 15 19 57 14.67
0  -2279.42502   5131.61046   4278.18095   3.4571573  -3.3786799   5.8641292 2026 01 15 19 57 34.67
0  -2209.87323   5062.78462   4394.48377   3.4976956  -3.5036739   5.7657010 2026 01 15 19 57 54.67
0  -2139.53003   4991.47340   4508.79175   3.5362965  -3.6272070   5.6646534 2026 01 15 19 58 14.67
0  -2068.43429   4917.70663   4621.05297   3.5729467  -3.7492177   5.5610322 2026 01 15 19 58 34.67
0  -1996.62515   4841.51537   4731.21641   3.6076341  -3.8696451   5.4548844 2026 01 15 19 58 54.67
0  -1924.14198   4762.93189   4839.23204   3.6403478  -3.9884290   5.3462583 2026 01 15 19 59 14.67
0  -1851.02435   4681.98966   4945.05076   3.6710777  -4.1055100   5.2352031 2026 01 15 19 59 34.67
0  -1777.31202   4598.72332   5048.62450   3.6998150  -4.2208293   5.1217694 2026 01 15 19 59 54.67
0  -1703.04495   4513.16869   5149.90621   3.7265518  -4.3343290   5.0060084 2026 01 15 20 00 14.67
0  -1628.26319   4425.36273   5248.84986   3.7512815  -4.4459520   4.8879729 2026 01 15 20 00 34.67
0  -1553.00695   4335.34354   5345.41050   3.7739984  -4.5556421   4.7677164 2026 01 15 20 00 54.67
0  -1477.31654   4243.15033   5439.54424   3.7946979  -4.6633439   4.6452934 2026 01 15 20 01 14.67
0  -1401.23235   4148.82342   5531.20831   3.8133765  -4.7690028   4.5207593 2026 01 15 20 01 34.67
0  -1324.79481   4052.40420   5620.36106   3.8300318  -4.8725654   4.3941708 2026 01 15 20 01 54.67
0  -1248.04441   3953.93512   5706.96196   3.8446623  -4.9739789   4.2655851 2026 01 15 20 02 14.67
0  -1171.02164   3853.45970   5790.97165   3.8572679  -5.0731918   4.1350606 2026 01 15 20 02 34.67
0  -1093.76701   3751.02244   5872.35195   3.8678493  -5.1701533   4.0026563 2026 01 15 20 02 54.67
0  -1016.32098   3646.66887   5951.06586   3.8764083  -5.2648139   3.8684323 2026 01 15 20 03 14.67
0   -938.72397   3540.44550   6027.07760   3.8829478  -5.3571250   3.7324492 2026 01 15 20 03 34.67
0   -861.01634   3432.39980   6100.35258   3.8874717  -5.4470391   3.5947687 2026 01 15 20 03 54.67
0   -783.23834   3322.58018   6170.85750   3.8899850  -5.5345097   3.4554531 2026 01 15 20 04 14.67
0   -705.43013   3211.03595   6238.56027   3.8904938  -5.6194916   3.3145654 2026 01 15 20 04 34.67
0   -627.63174   3097.81734   6303.43009   3.8890050  -5.7019406   3.1721693 2026 01 15 20 04 54.67
0   -549.88303   2982.97544   6365.43743   3.8855267  -5.7818137   3.0283292 2026 01 15 20 05 14.67
0   -472.22372   2866.56218   6424.55407   3.8800680  -5.8590691   2.8831102 2026 01 15 20 05 34.67
0   -394.69330   2748.63033   6480.75308   3.8726389  -5.9336662   2.7365780 2026 01 15 20 05 54.67
0   -317.33108   2629.23345   6534.00886   3.8632506  -6.0055655   2.5887986 2026 01 15 20 06 14.67
0   -240.17611   2508.42589   6584.29714   3.8519151  -6.0747289   2.4398389 2026 01 15 20 06 34.67
0   -163.26723   2386.26272   6631.59498   3.8386455  -6.1411196   2.2897663 2026 01 15 20 06 54.67
0    -86.64297   2262.79976   6675.88079   3.8234558  -6.2047018   2.1386484 2026 01 15 20 07 14.67
0    -10.34158   2138.09353   6717.13436   3.8063609  -6.2654413   1.9865536 2026 01 15 20 07 34.67
0     65.59899   2012.20122   6755.33684   3.7873768  -6.3233049   1.8335506 2026 01 15 20 07 54.67
0    141.14112   1885.18066   6790.47075   3.7665204  -6.3782611   1.6797084 2026 01 15 20 08 14.67
0    216.24754   1757.09031   6822.52000   3.7438093  -6.4302794   1.5250966 2026 01 15 20 08 34.67
0    290.88135   1627.98921   6851.46990   3.7192624  -6.4793309   1.3697849 2026 01 15 20 08 54.67
0    365.00601   1497.93698   6877.30715   3.6928991  -6.5253879   1.2138435 2026 01 15 20 09 14.67
0    438.58541   1366.99378   6900.01987   3.6647400  -6.5684242   1.0573427 2026 01 15 20 09 34.67
0    511.58385   1235.22026   6919.59756   3.6348065  -6.6084149   0.9003534 2026 01 15 20 09 54.67
0    583.96606   1102.67759   6936.03118   3.6031207  -6.6453367   0.7429464 2026 01 15 20 10 14.67
0    655.69721    969.42736   6949.31308   3.5697058  -6.6791674   0.5851927 2026 01 15 20 10 34.67
0    726.74297    835.53159   6959.43703   3.5345855  -6.7098866   0.4271638 2026 01 15 20 10 54.67
0    797.06947    701.05272   6966.39825   3.4977847  -6.7374751   0.2689309 2026 01 15 20 11 14.67
0    866.64335    566.05353   6970.19337   3.4593288  -6.7619153   0.1105655 2026 01 15 20 11 34.67
0    935.43179    430.59715   6970.82046   3.4192441  -6.7831910  -0.0478606 2026 01 15 20 11 54.67
0   1003.40247    294.74703   6968.27902   3.3775578  -6.8012874  -0.2062760 2026 01 15 20 12 14.67
0   1070.52363    158.56688   6962.56998   3.3342976  -6.8161915  -0.3646089 2026 01 15 20 12 34.67
0   1136.76409     22.12067   6953.69571   3.2894922  -6.8278914  -0.5227877 2026 01 15 20 12 54.67
0   1202.09322   -114.52741   6941.66000   3.2431708  -6.8363769  -0.6807409 2026 01 15 20 13 14.67
0   1266.48102   -251.31299   6926.46809   3.1953634  -6.8416395  -0.8383969 2026 01 15 20 13 34.67
0   1329.89806   -388.17153   6908.12663   3.1461008  -6.8436718  -0.9956843 2026 01 15 20 13 54.67
0   1392.31556   -525.03837   6886.64371   3.0954143  -6.8424684  -1.1525318 2026 01 15 20 14 14.67
0   1453.70535   -661.84876   6862.02884   3.0433359  -6.8380250  -1.3088684 2026 01 15 20 14 34.67
0   1514.03993   -798.53786   6834.29294   2.9898983  -6.8303391  -1.4646231 2026 01 15 20 14 54.67
0   1573.29243   -935.04081   6803.44835   2.9351348  -6.8194097  -1.6197253 2026 01 15 20 15 14.67
0   1631.43670  -1071.29275   6769.50884   2.8790793  -6.8052373  -1.7741046 2026 01 15 20 15 34.67
0   1688.44721  -1207.22884   6732.48956   2.8217663  -6.7878240  -1.9276907 2026 01 15 20 15 54.67
0   1744.29919  -1342.78429   6692.40707   2.7632307  -6.7671735  -2.0804141 2026 01 15 20 16 14.67
0   1798.96852  -1477.89440   6649.27933   2.7035082  -6.7432910  -2.2322050 2026 01 15 20 16 34.67
0   1852.43183  -1612.49460   6603.12567   2.6426350  -6.7161831  -2.3829946 2026 01 15 20 16 54.67
0   1904.66648  -1746.52047   6553.96681   2.5806475  -6.6858582  -2.5327141 2026 01 15 20 17 14.67
0   1955.65054  -1879.90777   6501.82482   2.5175829  -6.6523263  -2.6812954 2026 01 15 20 17 34.67
0   2005.36285  -2012.59245   6446.72316   2.4534788  -6.6155987  -2.8286706 2026 01 15 20 17 54.67
0   2053.78300  -2144.51075   6388.68662   2.3883732  -6.5756884  -2.9747726 2026 01 15 20 18 14.67
0   2100.89134  -2275.59914   6327.74133   2.3223045  -6.5326100  -3.1195346 2026 01 15 20 18 34.67
0   2146.66901  -2405.79442   6263.91474   2.2553116  -6.4863796  -3.2628905 2026 01 15 20 18 54.67
0   2191.09790  -2535.03373   6197.23564   2.1874337  -6.4370148  -3.4047749 2026 01 15 20 19 14.67
0   2234.16071  -2663.25457   6127.73411   2.1187105  -6.3845349  -3.5451226 2026 01 15 20 19 34.67
0   2275.84093  -2790.39484   6055.44153   2.0491818  -6.3289605  -3.6838696 2026 01 15 20 19 54.67
0   2316.12287  -2916.39287   5980.39054   1.9788879  -6.2703140  -3.8209522 2026 01 15 20 20 14.67
0   2354.99161  -3041.18745   5902.61505   1.9078693  -6.2086192  -3.9563076 2026 01 15 20 20 34.67
0   2392.43307  -3164.71788   5822.15025   1.8361670  -6.1439014  -4.0898736 2026 01 15 20 20 54.67
0   2428.43398  -3286.92395   5739.03252   1.7638219  -6.0761874  -4.2215890 2026 01 15 20 21 14.67
0   2462.98192  -3407.74602   5653.29949   1.6908755  -6.0055057  -4.3513933 2026 01 15 20 21 34.67
0   2496.06525  -3527.12504   5564.98998   1.6173692  -5.9318859  -4.4792266 2026 01 15 20 21 54.67
0   2527.67321  -3645.00255   5474.14399   1.5433447  -5.8553596  -4.6050303 2026 01 15 20 22 14.67
0   2557.79584  -3761.32074   5380.80270   1.4688440  -5.7759594  -4.7287463 2026 01 15 20 22 34.67
0   2586.42404  -3876.02249   5285.00843   1.3939090  -5.6937197  -4.8503177 2026 01 15 20 22 54.67
0   2613.54956  -3989.05134   5186.80463   1.3185820  -5.6086762  -4.9696885 2026 01 15 20 23 14.67
0   2639.16495  -4100.35160   5086.23588   1.2429050  -5.5208660  -5.0868035 2026 01 15 20 23 34.67
0   2663.26366  -4209.86832   4983.34782   1.1669206  -5.4303276  -5.2016086 2026 01 15 20 23 54.67
0   2685.83996  -4317.54732   4878.18719   1.0906709  -5.3371012  -5.3140509 2026 01 15 20 24 14.67
0   2706.88896  -4423.33526   4770.80177   1.0141984  -5.2412279  -5.4240784 2026 01 15 20 24 34.67
0   2726.40663  -4527.17962   4661.24035   0.9375455  -5.1427506  -5.5316402 2026 01 15 20 24 54.67
0   2744.38979  -4629.02876   4549.55276   0.8607545  -5.0417134  -5.6366865 2026 01 15 20 25 14.67
0   2760.83610  -4728.83194   4435.78979   0.7838678  -4.9381617  -5.7391687 2026 01 15 20 25 34.67
0   2775.74406  -4826.53933   4320.00321   0.7069275  -4.8321422  -5.8390393 2026 01 15 20 25 54.67
0   2789.11303  -4922.10205   4202.24570   0.6299760  -4.7237029  -5.9362521 2026 01 15 20 26 14.67
0   2800.94320  -5015.47219   4082.57087   0.5530552  -4.6128932  -6.0307621 2026 01 15 20 26 34.67
0   2811.23561  -5106.60285   3961.03323   0.4762070  -4.4997637  -6.1225253 2026 01 15 20 26 54.67
0   2819.99212  -5195.44815   3837.68813   0.3994731  -4.3843660  -6.2114994 2026 01 15 20 27 14.67
0   2827.21545  -5281.96325   3712.59177   0.3228952  -4.2667531  -6.2976430 2026 01 15 20 27 34.67
0   2832.90911  -5366.10438   3585.80117   0.2465146  -4.1469793  -6.3809161 2026 01 15 20 27 54.67
0   2837.07746  -5447.82888   3457.37412   0.1703723  -4.0250999  -6.4612802 2026 01 15 20 28 14.67
0   2839.72570  -5527.09521   3327.36918   0.0945093  -3.9011712  -6.5386980 2026 01 15 20 28 34.67
0   2840.85979  -5603.86293   3195.84564   0.0189660  -3.7752508  -6.6131336 2026 01 15 20 28 54.67
0   2840.48655  -5678.09281   3062.86349  -0.0562171  -3.6473974  -6.6845525 2026 01 15 20 29 14.67
0   2838.61358  -5749.74678   2928.48339  -0.1310001  -3.5176704  -6.7529216 2026 01 15 20 29 34.67
0   2835.24927  -5818.78796   2792.76666  -0.2053435  -3.3861307  -6.8182094 2026 01 15 20 29 54.67
0   2830.40281  -5885.18073   2655.77523  -0.2792081  -3.2528398  -6.8803854 2026 01 15 20 30 14.67
0   2824.08417  -5948.89068   2517.57163  -0.3525548  -3.1178604  -6.9394211 2026 01 15 20 30 34.67
0   2816.30408  -6009.88467   2378.21895  -0.4253454  -2.9812558  -6.9952892 2026 01 15 20 30 54.67
0   2807.07405  -6068.13084   2237.78078  -0.4975419  -2.8430905  -7.0479638 2026 01 15 20 31 14.67
0   2796.40635  -6123.59864   2096.32126  -0.5691066  -2.7034298  -7.0974208 2026 01 15 20 31 34.67
0   2784.31397  -6176.25879   1953.90496  -0.6400026  -2.5623396  -7.1436374 2026 01 15 20 31 54.67
0   2770.81066  -6226.08340   1810.59690  -0.7101932  -2.4198868  -7.1865923 2026 01 15 20 32 14.67
0   2755.91089  -6273.04587   1666.46253  -0.7796425  -2.2761391  -7.2262660 2026 01 15 20 32 34.67
0   2739.62984  -6317.12099   1521.56764  -0.8483149  -2.1311646  -7.2626403 2026 01 15 20 32 54.67
0   2721.98339  -6358.28492   1375.97840  -0.9161755  -1.9850324  -7.2956987 2026 01 15 20 33 14.67
0   2702.98814  -6396.51519   1229.76127  -0.9831900  -1.8378120  -7.3254263 2026 01 15 20 33 34.67
0   2682.66133  -6431.79075   1082.98301  -1.0493245  -1.6895738  -7.3518097 2026 01 15 20 33 54.67
0   2661.02091  -6464.09194    935.71063  -1.1145459  -1.5403883  -7.3748370 2026 01 15 20 34 14.67
0   2638.08546  -6493.40053    788.01134  -1.1788217  -1.3903271  -7.3944982 2026 01 15 20 34 34.67
0   2613.87422  -6519.69972    639.95257  -1.2421200  -1.2394618  -7.4107846 2026 01 15 20 34 54.67
0   2588.40704  -6542.97415    491.60189  -1.3044097  -1.0878648  -7.4236892 2026 01 15 20 35 14.67
0   2561.70440  -6563.20992    343.02697  -1.3656602  -0.9356086  -7.4332068 2026 01 15 20 35 34.67
0   2533.78740  -6580.39458    194.29561  -1.4258417  -0.7827663  -7.4393335 2026 01 15 20 35 54.67
0   2504.67769  -6594.51712     45.47565  -1.4849253  -0.6294113  -7.4420671 2026 01 15 20 36 14.67
0   2474.39753  -6605.56805   -103.36504  -1.5428824  -0.4756173  -7.4414072 2026 01 15 20 36 34.67
0   2442.96973  -6613.53931   -252.15860  -1.5996855  -0.3214581  -7.4373548 2026 01 15 20 36 54.67
0   2410.41762  -6618.42434   -400.83720  -1.6553079  -0.1670079  -7.4299126 2026 01 15 20 37 14.67
0   2376.76509  -6620.21806   -549.33309  -1.7097233  -0.0123410  -7.4190849 2026 01 15 20 37 34.67
0   2342.03654  -6618.91690   -697.57862  -1.7629066   0.1424682  -7.4048776 2026 01 15 20 37 54.67
0   2306.25685  -6614.51874   -845.50625  -1.8148333   0.2973451  -7.3872981 2026 01 15 20 38 14.67
0   2269.45139  -6607.02298   -993.04864  -1.8654797   0.4522152  -7.3663556 2026 01 15 20 38 34.67
0   2231.64599  -6596.43051  -1140.13864  -1.9148231   0.6070037  -7.3420606 2026 01 15 20 38 54.67
0   2192.86695  -6582.74370  -1286.70930  -1.9628414   0.7616362  -7.3144255 2026 01 15 20 39 14.67
0   2153.14096  -6565.96641  -1432.69397  -2.0095135   0.9160381  -7.2834641 2026 01 15 20 39 34.67
0   2112.49517  -6546.10401  -1578.02626  -2.0548192   1.0701351  -7.2491916 2026 01 15 20 39 54.67
0   2070.95710  -6523.16333  -1722.64013  -2.0987389   1.2238527  -7.2116251 2026 01 15 20 40 14.67
0   2028.55465  -6497.15271  -1866.46988  -2.1412542   1.3771170  -7.1707829 2026 01 15 20 40 34.67
0   1985.31609  -6468.08195  -2009.45018  -2.1823475   1.5298540  -7.1266851 2026 01 15 20 40 54.67
0   1941.27003  -6435.96234  -2151.51615  -2.2220019   1.6819902  -7.0793531 2026 01 15 20 41 14.67
0   1896.44541  -6400.80662  -2292.60332  -2.2602015   1.8334523  -7.0288098 2026 01 15 20 41 34.67
0   1850.87147  -6362.62901  -2432.64770  -2.2969315   1.9841672  -6.9750798 2026 01 15 20 41 54.67
0   1804.57775  -6321.44517  -2571.58584  -2.3321777   2.1340623  -6.9181890 2026 01 15 20 42 14.67
0   1757.59405  -6277.27224  -2709.35477  -2.3659270   2.2830655  -6.8581647 2026 01 15 20 42 34.67
0   1709.95045  -6230.12876  -2845.89211  -2.3981672   2.4311050  -6.7950357 2026 01 15 20 42 54.67
0   1661.67723  -6180.03472  -2981.13608  -2.4288870   2.5781096  -6.7288324 2026 01 15 20 43 14.67
0   1612.80491  -6127.01153  -3115.02550  -2.4580758   2.7240084  -6.6595862 2026 01 15 20 43 34.67
0   1563.36421  -6071.08201  -3247.49983  -2.4857244   2.8687314  -6.5873302 2026 01 15 20 43 54.67
0   1513.38602  -6012.27037  -3378.49924  -2.5118241   3.0122088  -6.5120988 2026 01 15 20 44 14.67
0   1462.90138  -5950.60221  -3507.96456  -2.5363673   3.1543718  -6.4339276 2026 01 15 20 44 34.67
0   1411.94151  -5886.10451  -3635.83736  -2.5593473   3.2951519  -6.3528536 2026 01 15 20 44 54.67
0   1360.53772  -5818.80561  -3762.05998  -2.5807584   3.4344816  -6.2689153 2026 01 15 20 45 14.67
0   1308.72145  -5748.73517  -3886.57551  -2.6005957   3.5722940  -6.1821520 2026 01 15 20 45 34.67
0   1256.52420  -5675.92421  -4009.32788  -2.6188553   3.7085228  -6.0926047 2026 01 15 20 45 54.67
0   1203.97757  -5600.40506  -4130.26181  -2.6355341   3.8431028  -6.0003155 2026 01 15 20 46 14.67
0   1151.11319  -5522.21133  -4249.32289  -2.6506302   3.9759693  -5.9053275 2026 01 15 20 46 34.67
0   1097.96272  -5441.37794  -4366.45760  -2.6641424   4.1070587  -5.8076852 2026 01 15 20 46 54.67
0   1044.55786  -5357.94106  -4481.61331  -2.6760703   4.2363082  -5.7074342 2026 01 15 20 47 14.67
0    990.93028  -5271.93811  -4594.73830  -2.6864147   4.3636558  -5.6046213 2026 01 15 20 47 34.67
0    937.11163  -5183.40773  -4705.78182  -2.6951770   4.4890404  -5.4992942 2026 01 15 20 47 54.67
0    883.13354  -5092.38978  -4814.69406  -2.7023599   4.6124022  -5.3915018 2026 01 15 20 48 14.67
0    829.02757  -4998.92532  -4921.42623  -2.7079666   4.7336821  -5.2812942 2026 01 15 20 48 34.67
0    774.82518  -4903.05657  -5025.93051  -2.7120012   4.8528219  -5.1687223 2026 01 15 20 48 54.67
0    720.55778  -4804.82688  -5128.16016  -2.7144691   4.9697648  -5.0538381 2026 01 15 20 49 14.67
0    666.25665  -4704.28078  -5228.06944  -2.7153761   5.0844548  -4.9366946 2026 01 15 20 49 34.67
0    611.95293  -4601.46385  -5325.61372  -2.7147290   5.1968371  -4.8173456 2026 01 15 20 49 54.67
0    557.67762  -4496.42281  -5420.74941  -2.7125356   5.3068579  -4.6958461 2026 01 15 20 50 14.67
0    503.46158  -4389.20539  -5513.43408  -2.7088044   5.4144647  -4.5722516 2026 01 15 20 50 34.67
0    449.33545  -4279.86040  -5603.62639  -2.7035448   5.5196059  -4.4466189 2026 01 15 20 50 54.67
0    395.32972  -4168.43766  -5691.28614  -2.6967670   5.6222315  -4.3190053 2026 01 15 20 51 14.67
0    341.47464  -4054.98796  -5776.37430  -2.6884820   5.7222921  -4.1894692 2026 01 15 20 51 34.67
0    287.80023  -3939.56309  -5858.85301  -2.6787017   5.8197401  -4.0580694 2026 01 15 20 51 54.67
0    234.33627  -3822.21577  -5938.68558  -2.6674387   5.9145288  -3.9248658 2026 01 15 20 52 14.67
0    181.11228  -3702.99963  -6015.83655  -2.6547064   6.0066129  -3.7899189 2026 01 15 20 52 34.67
0    128.15752  -3581.96922  -6090.27165  -2.6405189   6.0959482  -3.6532899 2026 01 15 20 52 54.67
0     75.50093  -3459.17994  -6161.95787  -2.6248913   6.1824920  -3.5150406 2026 01 15 20 53 14.67
0     23.17116  -3334.68804  -6230.86342  -2.6078393   6.2662028  -3.3752337 2026 01 15 20 53 34.67
0    -28.80346  -3208.55057  -6296.95778  -2.5893793   6.3470404  -3.2339321 2026 01 15 20 53 54.67
0    -80.39494  -3080.82540  -6360.21169  -2.5695284   6.4249659  -3.0911997 2026 01 15 20 54 14.67
0   -131.57565  -2951.57113  -6420.59718  -2.5483045   6.4999420  -2.9471007 2026 01 15 20 54 34.67
0   -182.31831  -2820.84713  -6478.08755  -2.5257263   6.5719324  -2.8017000 2026 01 15 20 54 54.67
0   -232.59602  -2688.71346  -6532.65743  -2.5018130   6.6409026  -2.6550628 2026 01 15 20 55 14.67
0   -282.38228  -2555.23086  -6584.28275  -2.4765845   6.7068190  -2.5072549 2026 01 15 20 55 34.67
0   -331.65099  -2420.46072  -6632.94074  -2.4500615   6.7696498  -2.3583426 2026 01 15 20 55 54.67
0   -380.37648  -2284.46506  -6678.60999  -2.4222651   6.8293645  -2.2083926 2026 01 15 20 56 14.67
0   -428.53348  -2147.30650  -6721.27041  -2.3932173   6.8859340  -2.0574718 2026 01 15 20 56 34.67
0   -476.09720  -2009.04823  -6760.90326  -2.3629406   6.9393306  -1.9056477 2026 01 15 20 56 54.67
0   -523.04330  -1869.75396  -6797.49115  -2.3314580   6.9895282  -1.7529881 2026 01 15 20 57 14.67
0   -569.34787  -1729.48792  -6831.01804  -2.2987932   7.0365019  -1.5995610 2026 01 15 20 57 34.67
0   -614.98754  -1588.31484  -6861.46928  -2.2649705   7.0802286  -1.4454348 2026 01 15 20 57 54.67
0   -659.93937  -1446.29987  -6888.83155  -2.2300147   7.1206864  -1.2906780 2026 01 15 20 58 14.67
0   -704.18097  -1303.50859  -6913.09294  -2.1939511   7.1578550  -1.1353594 2026 01 15 20 58 34.67
0   -747.69044  -1160.00698  -6934.24291  -2.1568057   7.1917156  -0.9795482 2026 01 15 20 58 54.67
0   -790.44639  -1015.86138  -6952.27228  -2.1186047   7.2222508  -0.8233135 2026 01 15 20 59 14.67
0   -832.42800   -871.13845  -6967.17328  -2.0793751   7.2494450  -0.6667245 2026 01 15 20 59 34.67
0   -873.61495   -725.90517  -6978.93952  -2.0391443   7.2732836  -0.5098509 2026 01 15 20 59 54.67
0   -913.98750   -580.22877  -6987.56600  -1.9979399   7.2937540  -0.3527622 2026 01 15 21 00 14.67
0   -953.52647   -434.17674  -6993.04912  -1.9557904   7.3108449  -0.1955278 2026 01 15 21 00 34.67
0   -992.21323   -287.81676  -6995.38666  -1.9127244   7.3245466  -0.0382176 2026 01 15 21 00 54.67
0  -1030.02974   -141.21672  -6994.57779  -1.8687709   7.3348508   0.1190989 2026 01 15 21 01 14.67
0  -1066.95855      5.55538  -6990.62309  -1.8239596   7.3417508   0.2763519 2026 01 15 21 01 34.67
0  -1102.98280    152.43139  -6983.52453  -1.7783201   7.3452415   0.4334720 2026 01 15 21 01 54.67
0  -1138.08623    299.34309  -6973.28545  -1.7318829   7.3453194   0.5903896 2026 01 15 21 02 14.67
0  -1172.25319    446.22220  -6959.91060  -1.6846784   7.3419823   0.7470352 2026 01 15 21 02 34.67
0  -1205.46864    593.00040  -6943.40612  -1.6367376   7.3352298   0.9033395 2026 01 15 21 02 54.67
0  -1237.71816    739.60941  -6923.77953  -1.5880917   7.3250629   1.0592334 2026 01 15 21 03 14.67
0  -1268.98798    885.98094  -6901.03971  -1.5387722   7.3114840   1.2146479 2026 01 15 21 03 34.67
0  -1299.26492   1032.04680  -6875.19696  -1.4888109   7.2944975   1.3695143 2026 01 15 21 03 54.67
0  -1328.53649   1177.73888  -6846.26290  -1.4382397   7.2741089   1.5237639 2026 01 15 21 04 14.67
0  -1356.79080   1322.98923  -6814.25058  -1.3870911   7.2503254   1.6773286 2026 01 15 21 04 34.67
0  -1384.01663   1467.73001  -6779.17436  -1.3353975   7.2231559   1.8301403 2026 01 15 21 04 54.67
0  -1410.20340   1611.89362  -6741.04999  -1.2831915   7.1926106   1.9821313 2026 01 15 21 05 14.67
0  -1435.34120   1755.41264  -6699.89455  -1.2305062   7.1587013   2.1332342 2026 01 15 21 05 34.67
0  -1459.42077   1898.21994  -6655.72647  -1.1773746   7.1214414   2.2833822 2026 01 15 21 05 54.67
0  -1482.43352   2040.24863  -6608.56552  -1.1238299   7.0808458   2.4325085 2026 01 15 21 06 14.67
0  -1504.37151   2181.43218  -6558.43281  -1.0699054   7.0369310   2.5805471 2026 01 15 21 06 34.67
0  -1525.22749   2321.70437  -6505.35074  -1.0156347   6.9897150   2.7274321 2026 01 15 21 06 54.67
0  -1544.99487   2460.99937  -6449.34304  -0.9610513   6.9392171   2.8730983 2026 01 15 21 07 14.67
0  -1563.66773   2599.25176  -6390.43473  -0.9061888   6.8854585   3.0174809 2026 01 15 21 07 34.67
0  -1581.24083   2736.39652  -6328.65213  -0.8510809   6.8284615   3.1605157 2026 01 15 21 07 54.67
0  -1597.70959   2872.36915  -6264.02284  -0.7957615   6.7682504   3.3021391 2026 01 15 21 08 14.67
0  -1613.07012   3007.10560  -6196.57572  -0.7402643   6.7048504   3.4422877 2026 01 15 21 08 34.67
0  -1627.31921   3140.54237  -6126.34089  -0.6846230   6.6382887   3.5808993 2026 01 15 21 08 54.67
0  -1640.45431   3272.61650  -6053.34971  -0.6288715   6.5685938   3.7179118 2026 01 15 21 09 14.67
0  -1652.47356   3403.26563  -5977.63479  -0.5730436   6.4957954   3.8532640 2026 01 15 21 09 34.67
0  -1663.37576   3532.42800  -5899.22993  -0.5171728   6.4199252   3.9868954 2026 01 15 21 09 54.67
0  -1673.16040   3660.04250  -5818.17014  -0.4612930   6.3410159   4.1187461 2026 01 15 21 10 14.67
0  -1681.82762   3786.04869  -5734.49165  -0.4054375   6.2591018   4.2487570 2026 01 15 21 10 34.67
0  -1689.37826   3910.38682  -5648.23183  -0.3496399   6.1742186   4.3768698 2026 01 15 21 10 54.67
0  -1695.81380   4032.99789  -5559.42922  -0.2939336   6.0864036   4.5030269 2026 01 15 21 11 14.67
0  -1701.13640   4153.82365  -5468.12350  -0.2383516   5.9956951   4.6271716 2026 01 15 21 11 34.67
0  -1705.34888   4272.80661  -5374.35549  -0.1829272   5.9021332   4.7492478 2026 01 15 21 11 54.67
0  -1708.45471   4389.89013  -5278.16711  -0.1276930   5.8057592   4.8692007 2026 01 15 21 12 14.67
0  -1710.45804   4505.01838  -5179.60136  -0.0726819   5.7066158   4.9869759 2026 01 15 21 12 34.67
0  -1711.36365   4618.13642  -5078.70234  -0.0179263   5.6047469   5.1025203 2026 01 15 21 12 54.67
0  -1711.17697   4729.19020  -4975.51520   0.0365416   5.5001979   5.2157815 2026 01 15 21 13 14.67
0  -1709.90407   4838.12656  -4870.08610   0.0906897   5.3930154   5.3267083 2026 01 15 21 13 34.67
0  -1707.55168   4944.89333  -4762.46224   0.1444864   5.2832474   5.4352501 2026 01 15 21 13 54.67
0  -1704.12713   5049.43928  -4652.69183   0.1979001   5.1709431   5.5413577 2026 01 15 21 14 14.67
0  -1699.63839   5151.71419  -4540.82402   0.2508998   5.0561529   5.6449827 2026 01 15 21 14 34.67
0  -1694.09407   5251.66886  -4426.90895   0.3034544   4.9389287   5.7460779 2026 01 15 21 14 54.67
0  -1687.50335   5349.25514  -4310.99767   0.3555337   4.8193232   5.8445972 2026 01 15 21 15 14.67
0  -1679.87606   5444.42594  -4193.14216   0.4071073   4.6973907   5.9404954 2026 01 15 21 15 34.67
0  -1671.22260   5537.13527  -4073.39528   0.4581455   4.5731864   6.0337286 2026 01 15 21 15 54.67
0  -1661.55398   5627.33827  -3951.81076   0.5086189   4.4467666   6.1242541 2026 01 15 21 16 14.67
0  -1650.88178   5714.99119  -3828.44317   0.5584984   4.3181891   6.2120302 2026 01 15 21 16 34.67
0  -1639.21817   5800.05147  -3703.34791   0.6077555   4.1875124   6.2970165 2026 01 15 21 16 54.67
0  -1626.57589   5882.47772  -3576.58117   0.6563619   4.0547962   6.3791738 2026 01 15 21 17 14.67
0  -1612.96821   5962.22976  -3448.19990   0.7042901   3.9201014   6.4584641 2026 01 15 21 17 34.67
0  -1598.40899   6039.26864  -3318.26182   0.7515127   3.7834896   6.5348508 2026 01 15 21 17 54.67
0  -1582.91259   6113.55663  -3186.82536   0.7980029   3.6450238   6.6082985 2026 01 15 21 18 14.67
0  -1566.49394   6185.05731  -3053.94963   0.8437345   3.5047676   6.6787730 2026 01 15 21 18 34.67
0  -1549.16846   6253.73550  -2919.69443   0.8886817   3.3627858   6.7462415 2026 01 15 21 18 54.67
0  -1530.95209   6319.55735  -2784.12020   0.9328193   3.2191439   6.8106725 2026 01 15 21 19 14.67
0  -1511.86128   6382.49033  -2647.28799   0.9761226   3.0739083   6.8720359 2026 01 15 21 19 34.67
0  -1491.91294   6442.50322  -2509.25944   1.0185674   2.9271465   6.9303030 2026 01 15 21 19 54.67
0  -1471.12450   6499.56620  -2370.09675   1.0601302   2.7789266   6.9854464 2026 01 15 21 20 14.67
0  -1449.51381   6553.65078  -2229.86267   1.1007880   2.6293174   7.0374402 2026 01 15 21 20 34.67
0  -1427.09921   6604.72987  -2088.62041   1.1405184   2.4783886   7.0862598 2026 01 15 21 20 54.67
0  -1403.89946   6652.77779  -1946.43371   1.1792995   2.3262106   7.1318820 2026 01 15 21 21 14.67
0  -1379.93376   6697.77027  -1803.36673   1.2171104   2.1728545   7.1742853 2026 01 15 21 21 34.67
0  -1355.22171   6739.68445  -1659.48405   1.2539303   2.0183919   7.2134494 2026 01 15 21 21 54.67
0  -1329.78335   6778.49893  -1514.85065   1.2897394   1.8628952   7.2493556 2026 01 15 21 22 14.67
0  -1303.63907   6814.19375  -1369.53184   1.3245186   1.7064373   7.2819867 2026 01 15 21 22 34.67
0  -1276.80967   6846.75043  -1223.59331   1.3582492   1.5490917   7.3113268 2026 01 15 21 22 54.67
0  -1249.31629   6876.15195  -1077.10101   1.3909134   1.3909322   7.3373617 2026 01 15 21 23 14.67
0  -1221.18043   6902.38277   -930.12117   1.4224940   1.2320332   7.3600786 2026 01 15 21 23 34.67
0  -1192.42394   6925.42886   -782.72026   1.4529746   1.0724697   7.3794665 2026 01 15 21 23 54.67
0  -1163.06897   6945.27768   -634.96498   1.4823393   0.9123169   7.3955154 2026 01 15 21 24 14.67
0  -1133.13798   6961.91819   -486.92217   1.5105730   0.7516504   7.4082174 2026 01 15 21 24 34.67
0  -1102.65376   6975.34087   -338.65884   1.5376616   0.5905460   7.4175657 2026 01 15 21 24 54.67
0  -1071.63932   6985.53774   -190.24213   1.5635913   0.4290800   7.4235554 2026 01 15 21 25 14.67
0  -1040.11799   6992.50232    -41.73924   1.5883494   0.2673288   7.4261828 2026 01 15 21 25 34.67
0  -1008.11331   6996.22967    106.78257   1.6119238   0.1053691   7.4254460 2026 01 15 21 25 54.67
0   -975.64907   6996.71639    255.25600   1.6343031  -0.0567224   7.4213446 2026 01 15 21 26 14.67
0   -942.74929   6993.96062    403.61376   1.6554767  -0.2188688   7.4138797 2026 01 15 21 26 34.67
0   -909.43817   6987.96203    551.78863   1.6754348  -0.3809929   7.4030541 2026 01 15 21 26 54.67
0   -875.74012   6978.72182    699.71341   1.6941685  -0.5430179   7.3888720 2026 01 15 21 27 14.67
0   -841.67970   6966.24276    847.32105   1.7116695  -0.7048665   7.3713392 2026 01 15 21 27 34.67
0   -807.28165   6950.52914    994.54459   1.7279303  -0.8664619   7.3504631 2026 01 15 21 27 54.67
0   -772.57085   6931.58678   1141.31725   1.7429442  -1.0277271   7.3262526 2026 01 15 21 28 14.67
0   -737.57227   6909.42308   1287.57246   1.7567054  -1.1885852   7.2987182 2026 01 15 21 28 34.67
0   -702.31104   6884.04692   1433.24385   1.7692088  -1.3489595   7.2678719 2026 01 15 21 28 54.67
0   -666.81236   6855.46876   1578.26531   1.7804501  -1.5087736   7.2337272 2026 01 15 21 29 14.67
0   -631.10149   6823.70056   1722.57103   1.7904258  -1.6679513   7.1962993 2026 01 15 21 29 34.67
0   -595.20379   6788.75580   1866.09551   1.7991332  -1.8264165   7.1556048 2026 01 15 21 29 54.67
0   -559.14463   6750.64950   2008.77359   1.8065704  -1.9840935   7.1116617 2026 01 15 21 30 14.67
0   -522.94944   6709.39816   2150.54049   1.8127363  -2.1409072   7.0644897 2026 01 15 21 30 34.67
0   -486.64364   6665.01981   2291.33185   1.8176307  -2.2967825   7.0141100 2026 01 15 21 30 54.67
0   -450.25266   6617.53395   2431.08373   1.8212540  -2.4516450   6.9605451 2026 01 15 21 31 14.67
0   -413.80191   6566.96159   2569.73268   1.8236075  -2.6054205   6.9038192 2026 01 15 21 31 34.67
0   -377.31677   6513.32519   2707.21571   1.8246933  -2.7580357   6.8439578 2026 01 15 21 31 54.67
0   -340.82256   6456.64870   2843.47039   1.8245144  -2.9094175   6.7809879 2026 01 15 21 32 14.67
0   -304.34454   6396.95751   2978.43484   1.8230744  -3.0594934   6.7149380 2026 01 15 21 32 34.67
0   -267.90790   6334.27845   3112.04773   1.8203777  -3.2081917   6.6458378 2026 01 15 21 32 54.67
0   -231.53770   6268.63979   3244.24839   1.8164297  -3.3554413   6.5737188 2026 01 15 21 33 14.67
0   -195.25893   6200.07120   3374.97676   1.8112362  -3.5011717   6.4986135 2026 01 15 21 33 34.67
0   -159.09642   6128.60377   3504.17344   1.8048042  -3.6453130   6.4205560 2026 01 15 21 33 54.67
0   -123.07487   6054.26997   3631.77975   1.7971412  -3.7877965   6.3395817 2026 01 15 21 34 14.67
0    -87.21882   5977.10364   3757.73772   1.7882556  -3.9285538   6.2557273 2026 01 15 21 34 34.67
0    -51.55263   5897.13998   3881.99011   1.7781563  -4.0675175   6.1690309 2026 01 15 21 34 54.67
0    -16.10048   5814.41553   4004.48049   1.7668532  -4.2046213   6.0795317 2026 01 15 21 35 14.67
0     19.11366   5728.96814   4125.15319   1.7543570  -4.3397994   5.9872706 2026 01 15 21 35 34.67
0     54.06604   5640.83698   4243.95340   1.7406788  -4.4729871   5.8922892 2026 01 15 21 35 54.67
0     88.73314   5550.06249   4360.82714   1.7258307  -4.6041207   5.7946309 2026 01 15 21 36 14.67
0    123.09169   5456.68638   4475.72131   1.7098255  -4.7331375   5.6943398 2026 01 15 21 36 34.67
0    157.11868   5360.75161   4588.58371   1.6926766  -4.8599756   5.5914616 2026 01 15 21 36 54.67
0    190.79137   5262.30236   4699.36306   1.6743982  -4.9845744   5.4860431 2026 01 15 21 37 14.67
0    224.08732   5161.38402   4808.00903   1.6550050  -5.1068742   5.3781319 2026 01 15 21 37 34.67
0    256.98439   5058.04315   4914.47226   1.6345126  -5.2268165   5.2677773 2026 01 15 21 37 54.67
0    289.46076   4952.32748   5018.70437   1.6129372  -5.3443440   5.1550292 2026 01 15 21 38 14.67
0    321.49493   4844.28588   5120.65801   1.5902955  -5.4594002   5.0399388 2026 01 15 21 38 34.67
0    353.06574   4733.96831   5220.28684   1.5666052  -5.5719302   4.9225584 2026 01 15 21 38 54.67
0    384.15241   4621.42585   5317.54561   1.5418841  -5.6818801   4.8029412 2026 01 15 21 39 14.67
0    414.73452   4506.71062   5412.39011   1.5161512  -5.7891973   4.6811416 2026 01 15 21 39 34.67
0    444.79200   4389.87580   5504.77725   1.4894257  -5.8938304   4.5572146 2026 01 15 21 39 54.67
0    474.30521   4270.97557   5594.66503   1.4617275  -5.9957293   4.4312166 2026 01 15 21 40 14.67
0    503.25490   4150.06511   5682.01261   1.4330772  -6.0948452   4.3032046 2026 01 15 21 40 34.67
0    531.62224   4027.20055   5766.78029   1.4034958  -6.1911306   4.1732367 2026 01 15 21 40 54.67
0    559.38882   3902.43897   5848.92954   1.3730049  -6.2845394   4.0413717 2026 01 15 21 41 14.67
0    586.53667   3775.83835   5928.42301   1.3416268  -6.3750268   3.9076694 2026 01 15 21 41 34.67
0    613.04827   3647.45755   6005.22455   1.3093841  -6.4625496   3.7721903 2026 01 15 21 41 54.67
0    638.90656   3517.35630   6079.29925   1.2763000  -6.5470656   3.6349957 2026 01 15 21 42 14.67
0    664.09495   3385.59513   6150.61341   1.2423983  -6.6285344   3.4961478 2026 01 15 21 42 34.67
0    688.59733   3252.23538   6219.13460   1.2077031  -6.7069168   3.3557094 2026 01 15 21 42 54.67
0    712.39808   3117.33916   6284.83164   1.1722390  -6.7821752   3.2137440 2026 01 15 21 43 14.67
0    735.48206   2980.96931   6347.67463   1.1360313  -6.8542735   3.0703158 2026 01 15 21 43 34.67
0    757.83466   2843.18940   6407.63496   1.0991053  -6.9231768   2.9254896 2026 01 15 21 43 54.67
0    779.44177   2704.06364   6464.68533   1.0614872  -6.9888522   2.7793310 2026 01 15 21 44 14.67
0    800.28981   2563.65692   6518.79975   1.0232032  -7.0512679   2.6319060 2026 01 15 21 44 34.67
0    820.36574   2422.03473   6569.95356   0.9842801  -7.1103938   2.4832812 2026 01 15 21 44 54.67
0    839.65703   2279.26317   6618.12342   0.9447450  -7.1662013   2.3335238 2026 01 15 21 45 14.67
0    858.15174   2135.40887   6663.28738   0.9046255  -7.2186634   2.1827014 2026 01 15 21 45 34.67
0    875.83843   1990.53900   6705.42480   0.8639492  -7.2677547   2.0308822 2026 01 15 21 45 54.67
0    892.70626   1844.72121   6744.51644   0.8227445  -7.3134513   1.8781347 2026 01 15 21 46 14.67
0    908.74495   1698.02362   6780.54442   0.7810396  -7.3557310   1.7245279 2026 01 15 21 46 34.67
0    923.94477   1550.51479   6813.49224   0.7388633  -7.3945730   1.5701313 2026 01 15 21 46 54.67
0    938.29659   1402.26366   6843.34482   0.6962446  -7.4299583   1.4150144 2026 01 15 21 47 14.67
0    951.79186   1253.33953   6870.08844   0.6532129  -7.4618695   1.2592474 2026 01 15 21 47 34.67
0    964.42260   1103.81206   6893.71081   0.6097975  -7.4902908   1.1029007 2026 01 15 21 47 54.67
0    976.18144    953.75119   6914.20103   0.5660281  -7.5152080   0.9460447 2026 01 15 21 48 14.67
0    987.06160    803.22711   6931.54964   0.5219347  -7.5366086   0.7887505 2026 01 15 21 48 34.67
0    997.05690    652.31029   6945.74857   0.4775473  -7.5544817   0.6310889 2026 01 15 21 48 54.67
0   1006.16176    501.07136   6956.79119   0.4328962  -7.5688180   0.4731313 2026 01 15 21 49 14.67
0   1014.37121    349.58114   6964.67230   0.3880118  -7.5796101   0.3149490 2026 01 15 21 49 34.67
0   1021.68090    197.91057   6969.38811   0.3429246  -7.5868519   0.1566136 2026 01 15 21 49 54.67
0   1028.08706     46.13070   6970.93629   0.2976652  -7.5905393  -0.0018036 2026 01 15 21 50 14.67
0   1033.58656   -105.68735   6969.31591   0.2522643  -7.5906696  -0.1602307 2026 01 15 21 50 34.67
0   1038.17689   -257.47242   6964.52748   0.2067527  -7.5872420  -0.3185961 2026 01 15 21 50 54.67
0   1041.85613   -409.15338   6956.57297   0.1611613  -7.5802572  -0.4768283 2026 01 15 21 51 14.67
0   1044.62300   -560.65908   6945.45574   0.1155210  -7.5697177  -0.6348555 2026 01 15 21 51 34.67
0   1046.47683   -711.91848   6931.18063   0.0698626  -7.5556276  -0.7926064 2026 01 15 21 51 54.67
0   1047.41756   -862.86062   6913.75385   0.0242170  -7.5379926  -0.9500093 2026 01 15 21 52 14.67
0   1047.44577  -1013.41468   6893.18310  -0.0213848  -7.5168202  -1.1069931 2026 01 15 21 52 34.67
0   1046.56263  -1163.50999   6869.47747  -0.0669121  -7.4921196  -1.2634865 2026 01 15 21 52 54.67
0   1044.76994  -1313.07610   6842.64746  -0.1123340  -7.4639015  -1.4194186 2026 01 15 21 53 14.67
0   1042.07012  -1462.04278   6812.70502  -0.1576198  -7.4321784  -1.5747187 2026 01 15 21 53 34.67
0   1038.46620  -1610.34007   6779.66349  -0.2027389  -7.3969643  -1.7293162 2026 01 15 21 53 54.67
0   1033.96182  -1757.89830   6743.53763  -0.2476608  -7.3582751  -1.8831409 2026 01 15 21 54 14.67
0   1028.56121  -1904.64815   6704.34358  -0.2923552  -7.3161282  -2.0361230 2026 01 15 21 54 34.67
0   1022.26925  -2050.52065   6662.09891  -0.3367917  -7.2705427  -2.1881928 2026 01 15 21 54 54.67
0   1015.09138  -2195.44723   6616.82253  -0.3809403  -7.2215392  -2.3392812 2026 01 15 21 55 14.67
0   1007.03366  -2339.35976   6568.53478  -0.4247712  -7.1691401  -2.4893195 2026 01 15 21 55 34.67
0    998.10275  -2482.19055   6517.25734  -0.4682546  -7.1133694  -2.6382392 2026 01 15 21 55 54.67
0    988.30589  -2623.87243   6463.01326  -0.5113610  -7.0542526  -2.7859724 2026 01 15 21 56 14.67
0    977.65090  -2764.33874   6405.82694  -0.5540614  -6.9918169  -2.9324519 2026 01 15 21 56 34.67
0    966.14621  -2903.52340   6345.72412  -0.5963266  -6.9260911  -3.0776107 2026 01 15 21 56 54.67
0    953.80081  -3041.36090   6282.73189  -0.6381279  -6.8571055  -3.2213825 2026 01 15 21 57 14.67
0    940.62424  -3177.78637   6216.87863  -0.6794371  -6.7848921  -3.3637016 2026 01 15 21 57 34.67
0    926.62665  -3312.73558   6148.19407  -0.7202259  -6.7094844  -3.5045029 2026 01 15 21 57 54.67
0    911.81871  -3446.14499   6076.70919  -0.7604666  -6.6309175  -3.6437220 2026 01 15 21 58 14.67
0    896.21166  -3577.95178   6002.45627  -0.8001318  -6.5492278  -3.7812950 2026 01 15 21 58 34.67
0    879.81729  -3708.09387   5925.46888  -0.8391944  -6.4644536  -3.9171590 2026 01 15 21 58 54.67
0    862.64791  -3836.50997   5845.78181  -0.8776277  -6.3766343  -4.0512516 2026 01 15 21 59 14.67
0    844.71637  -3963.13958   5763.43112  -0.9154054  -6.2858111  -4.1835112 2026 01 15 21 59 34.67
0    826.03604  -4087.92306   5678.45406  -0.9525016  -6.1920266  -4.3138770 2026 01 15 21 59 54.67
0    806.62081  -4210.80159   5590.88911  -0.9888910  -6.0953247  -4.4422893 2026 01 15 22 00 14.67
0    786.48507  -4331.71731   5500.77594  -1.0245483  -5.9957510  -4.5686887 2026 01 15 22 00 34.67
0    765.64370  -4450.61322   5408.15539  -1.0594492  -5.8933522  -4.6930173 2026 01 15 22 00 54.67
0    744.11208  -4567.43331   5313.06944  -1.0935694  -5.7881766  -4.8152176 2026 01 15 22 01 14.67
0    721.90605  -4682.12254   5215.56123  -1.1268855  -5.6802738  -4.9352334 2026 01 15 22 01 34.67
0    699.04193  -4794.62688   5115.67499  -1.1593744  -5.5696949  -5.0530094 2026 01 15 22 01 54.67
0    675.53649  -4904.89330   5013.45608  -1.1910134  -5.4564921  -5.1684910 2026 01 15 22 02 14.67
0    651.40694  -5012.86989   4908.95092  -1.2217806  -5.3407191  -5.2816251 2026 01 15 22 02 34.67
0    626.67095  -5118.50577   4802.20697  -1.2516545  -5.2224307  -5.3923593 2026 01 15 22 02 54.67
0    601.34658  -5221.75119   4693.27275  -1.2806141  -5.1016830  -5.5006424 2026 01 15 22 03 14.67
0    575.45232  -5322.55754   4582.19779  -1.3086392  -4.9785335  -5.6064243 2026 01 15 22 03 34.67
0    549.00708  -5420.87738   4469.03260  -1.3357100  -4.8530408  -5.7096561 2026 01 15 22 03 54.67
0    522.03011  -5516.66442   4353.82865  -1.3618073  -4.7252645  -5.8102900 2026 01 15 22 04 14.67
0    494.54109  -5609.87360   4236.63839  -1.3869127  -4.5952656  -5.9082794 2026 01 15 22 04 34.67
0    466.56002  -5700.46110   4117.51515  -1.4110083  -4.4631062  -6.0035788 2026 01 15 22 04 54.67
0    438.10728  -5788.38431   3996.51317  -1.4340768  -4.3288492  -6.0961441 2026 01 15 22 05 14.67
0    409.20357  -5873.60194   3873.68758  -1.4561017  -4.1925588  -6.1859324 2026 01 15 22 05 34.67
0    379.86994  -5956.07397   3749.09433  -1.4770670  -4.0543004  -6.2729020 2026 01 15 22 05 54.67
0    350.12772  -6035.76169   3622.79020  -1.4969574  -3.9141399  -6.3570127 2026 01 15 22 06 14.67
0    319.99856  -6112.62773   3494.83275  -1.5157585  -3.7721446  -6.4382253 2026 01 15 22 06 34.67
0    289.50438  -6186.63608   3365.28034  -1.5334564  -3.6283825  -6.5165024 2026 01 15 22 06 54.67
0    258.66739  -6257.75208   3234.19203  -1.5500379  -3.4829225  -6.5918075 2026 01 15 22 07 14.67
0    227.51003  -6325.94247   3101.62762  -1.5654907  -3.3358346  -6.6641058 2026 01 15 22 07 34.67
0    196.05500  -6391.17540   2967.64759  -1.5798029  -3.1871892  -6.7333638 2026 01 15 22 07 54.67
0    164.32522  -6453.42044   2832.31305  -1.5929636  -3.0370579  -6.7995494 2026 01 15 22 08 14.67
0    132.34383  -6512.64857   2695.68578  -1.6049626  -2.8855127  -6.8626319 2026 01 15 22 08 34.67
0    100.13416  -6568.83226   2557.82812  -1.6157905  -2.7326266  -6.9225823 2026 01 15 22 08 54.67
0     67.71971  -6621.94542   2418.80300  -1.6254384  -2.5784731  -6.9793728 2026 01 15 22 09 14.67
0     35.12417  -6671.96344   2278.67388  -1.6338985  -2.4231264  -7.0329772 2026 01 15 22 09 34.67
0      2.37137  -6718.86320   2137.50474  -1.6411635  -2.2666612  -7.0833709 2026 01 15 22 09 54.67
0    -30.51473  -6762.62309   1995.36001  -1.6472270  -2.1091529  -7.1305306 2026 01 15 22 10 14.67
0    -63.51004  -6803.22300   1852.30462  -1.6520834  -1.9506774  -7.1744347 2026 01 15 22 10 34.67
0    -96.59036  -6840.64434   1708.40386  -1.6557279  -1.7913108  -7.2150630 2026 01 15 22 10 54.67
0   -129.73141  -6874.87007   1563.72344  -1.6581563  -1.6311301  -7.2523972 2026 01 15 22 11 14.67
0   -162.90884  -6905.88468   1418.32942  -1.6593653  -1.4702124  -7.2864200 2026 01 15 22 11 34.67
0   -196.09823  -6933.67419   1272.28819  -1.6593526  -1.3086351  -7.3171163 2026 01 15 22 11 54.67
0   -229.27514  -6958.22620   1125.66641  -1.6581163  -1.1464761  -7.3444720 2026 01 15 22 12 14.67
0   -262.41507  -6979.52984    978.53103  -1.6556556  -0.9838134  -7.3684751 2026 01 15 22 12 34.67
0   -295.49354  -6997.57584    830.94921  -1.6519704  -0.8207254  -7.3891147 2026 01 15 22 12 54.67
0   -328.48607  -7012.35646    682.98830  -1.6470613  -0.6572905  -7.4063820 2026 01 15 22 13 14.67
0   -361.36818  -7023.86556    534.71584  -1.6409299  -0.4935875  -7.4202694 2026 01 15 22 13 34.67
0   -394.11546  -7032.09856    386.19948  -1.6335785  -0.3296950  -7.4307711 2026 01 15 22 13 54.67
0   -426.70353  -7037.05247    237.50698  -1.6250101  -0.1656919  -7.4378829 2026 01 15 22 14 14.67
0   -459.10809  -7038.72585     88.70618  -1.6152287  -0.0016569  -7.4416021 2026 01 15 22 14 34.67
0   -491.30493  -7037.11886    -60.13507  -1.6042388   0.1623312  -7.4419278 2026 01 15 22 14 54.67
0   -523.26993  -7032.23322   -208.94890  -1.5920460   0.3261935  -7.4388606 2026 01 15 22 15 14.67
0   -554.97908  -7024.07225   -357.66747  -1.5786564   0.4898516  -7.4324027 2026 01 15 22 15 34.67
0   -586.40854  -7012.64080   -506.22299  -1.5640772   0.6532270  -7.4225580 2026 01 15 22 15 54.67
0   -617.53457  -6997.94531   -654.54779  -1.5483160   0.8162413  -7.4093317 2026 01 15 22 16 14.67
0   -648.33363  -6979.99379   -802.57430  -1.5313816   0.9788166  -7.3927310 2026 01 15 22 16 34.67
0   -678.78233  -6958.79580   -950.23512  -1.5132831   1.1408752  -7.3727645 2026 01 15 22 16 54.67
0   -708.85751  -6934.36245  -1097.46303  -1.4940308   1.3023395  -7.3494424 2026 01 15 22 17 14.67
0   -738.53619  -6906.70639  -1244.19103  -1.4736354   1.4631325  -7.3227765 2026 01 15 22 17 34.67
0   -767.79562  -6875.84183  -1390.35237  -1.4521085   1.6231775  -7.2927801 2026 01 15 22 17 54.67
0   -796.61330  -6841.78447  -1535.88060  -1.4294626   1.7823983  -7.2594681 2026 01 15 22 18 14.67
0   -824.96697  -6804.55157  -1680.70956  -1.4057106   1.9407192  -7.2228570 2026 01 15 22 18 34.67
0   -852.83465  -6764.16188  -1824.77346  -1.3808663   2.0980648  -7.1829648 2026 01 15 22 18 54.67
0   -880.19464  -6720.63565  -1968.00685  -1.3549443   2.2543606  -7.1398110 2026 01 15 22 19 14.67
0   -907.02554  -6673.99462  -2110.34472  -1.3279597   2.4095324  -7.0934167 2026 01 15 22 19 34.67
0   -933.30624  -6624.26201  -2251.72249  -1.2999284   2.5635068  -7.0438044 2026 01 15 22 19 54.67
0   -959.01599  -6571.46249  -2392.07602  -1.2708670   2.7162109  -6.9909981 2026 01 15 22 20 14.67
0   -984.13435  -6515.62219  -2531.34169  -1.2407929   2.8675728  -6.9350234 2026 01 15 22 20 34.67
0  -1008.64124  -6456.76868  -2669.45640  -1.2097237   3.0175211  -6.8759072 2026 01 15 22 20 54.67
0  -1032.51695  -6394.93093  -2806.35761  -1.1776783   3.1659851  -6.8136779 2026 01 15 22 21 14.67
0  -1055.74215  -6330.13932  -2941.98334  -1.1446756   3.3128953  -6.7483652 2026 01 15 22 21 34.67
0  -1078.29788  -6262.42563  -3076.27225  -1.1107357   3.4581826  -6.6800005 2026 01 15 22 21 54.67
0  -1100.16560  -6191.82299  -3209.16361  -1.0758788   3.6017790  -6.6086163 2026 01 15 22 22 14.67
0  -1121.32720  -6118.36590  -3340.59737  -1.0401261   3.7436175  -6.5342466 2026 01 15 22 22 34.67
0  -1141.76495  -6042.09017  -3470.51418  -1.0034992   3.8836319  -6.4569267 2026 01 15 22 22 54.67
0  -1161.46161  -5963.03294  -3598.85539  -0.9660202   4.0217569  -6.3766932 2026 01 15 22 23 14.67
0  -1180.40036  -5881.23264  -3725.56311  -0.9277120   4.1579285  -6.2935841 2026 01 15 22 23 34.67
0  -1198.56484  -5796.72897  -3850.58021  -0.8885977   4.2920833  -6.2076385 2026 01 15 22 23 54.67
0  -1215.93917  -5709.56290  -3973.85038  -0.8487014   4.4241595  -6.1188969 2026 01 15 22 24 14.67
0  -1232.50795  -5619.77660  -4095.31811  -0.8080472   4.5540958  -6.0274011 2026 01 15 22 24 34.67
0  -1248.25628  -5527.41347  -4214.92874  -0.7666601   4.6818326  -5.9331939 2026 01 15 22 24 54.67
0  -1263.16974  -5432.51810  -4332.62848  -0.7245653   4.8073109  -5.8363194 2026 01 15 22 25 14.67
0  -1277.23444  -5335.13622  -4448.36444  -0.6817887   4.9304733  -5.7368229 2026 01 15 22 25 34.67
0  -1290.43701  -5235.31473  -4562.08463  -0.6383565   5.0512634  -5.6347508 2026 01 15 22 25 54.67
0  -1302.76460  -5133.10162  -4673.73803  -0.5942954   5.1696260  -5.5301506 2026 01 15 22 26 14.67
0  -1314.20490  -5028.54599  -4783.27455  -0.5496326   5.2855071  -5.4230709 2026 01 15 22 26 34.67
0  -1324.74616  -4921.69798  -4890.64510  -0.5043954   5.3988542  -5.3135613 2026 01 15 22 26 54.67
0  -1334.37715  -4812.60880  -4995.80159  -0.4586118   5.5096159  -5.2016726 2026 01 15 22 27 14.67
0  -1343.08725  -4701.33066  -5098.69694  -0.4123102   5.6177421  -5.0874564 2026 01 15 22 27 34.67
0  -1350.86637  -4587.91675  -5199.28514  -0.3655190   5.7231840  -4.9709654 2026 01 15 22 27 54.67
0  -1357.70501  -4472.42123  -5297.52122  -0.3182673   5.8258943  -4.8522532 2026 01 15 22 28 14.67
0  -1363.59425  -4354.89921  -5393.36131  -0.2705843   5.9258269  -4.7313744 2026 01 15 22 28 34.67
0  -1368.52577  -4235.40669  -5486.76262  -0.2224997   6.0229371  -4.6083846 2026 01 15 22 28 54.67
0  -1372.49182  -4114.00053  -5577.68349  -0.1740432   6.1171817  -4.4833399 2026 01 15 22 29 14.67
0  -1375.48527  -3990.73849  -5666.08340  -0.1252451   6.2085187  -4.3562976 2026 01 15 22 29 34.67
0  -1377.49960  -3865.67911  -5751.92298  -0.0761357   6.2969079  -4.2273158 2026 01 15 22 29 54.67
0  -1378.52888  -3738.88174  -5835.16402  -0.0267456   6.3823102  -4.0964531 2026 01 15 22 30 14.67
0  -1378.56780  -3610.40651  -5915.76949   0.0228944   6.4646879  -3.9637692 2026 01 15 22 30 34.67
0  -1377.61168  -3480.31425  -5993.70358   0.0727531   6.5440052  -3.8293244 2026 01 15 22 30 54.67
0  -1375.65645  -3348.66654  -6068.93166   0.1227995   6.6202272  -3.6931796 2026 01 15 22 31 14.67
0  -1372.69868  -3215.52560  -6141.42037   0.1730021   6.6933210  -3.5553966 2026 01 15 22 31 34.67
0  -1368.73555  -3080.95433  -6211.13755   0.2233295   6.7632549  -3.4160376 2026 01 15 22 31 54.67
0  -1363.76489  -2945.01622  -6278.05232   0.2737499   6.8299988  -3.2751656 2026 01 15 22 32 14.67
0  -1357.78516  -2807.77536  -6342.13504   0.3242317   6.8935241  -3.1328442 2026 01 15 22 32 34.67
0  -1350.79543  -2669.29639  -6403.35737   0.3747429   6.9538037  -2.9891375 2026 01 15 22 32 54.67
0  -1342.79545  -2529.64449  -6461.69225   0.4252518   7.0108121  -2.8441101 2026 01 15 22 33 14.67
0  -1333.78558  -2388.88533  -6517.11391   0.4757262   7.0645253  -2.6978272 2026 01 15 22 33 34.67
0  -1323.76682  -2247.08503  -6569.59789   0.5261343   7.1149208  -2.5503545 2026 01 15 22 33 54.67
0  -1312.74084  -2104.31016  -6619.12107   0.5764440   7.1619777  -2.4017581 2026 01 15 22 34 14.67
0  -1300.70990  -1960.62769  -6665.66163   0.6266232   7.2056767  -2.2521045 2026 01 15 22 34 34.67
0  -1287.67695  -1816.10496  -6709.19910   0.6766400   7.2459999  -2.1014606 2026 01 15 22 34 54.67
0  -1273.64555  -1670.80965  -6749.71433   0.7264624   7.2829312  -1.9498938 2026 01 15 22 35 14.67
0  -1258.61990  -1524.80975  -6787.18955   0.7760585   7.3164558  -1.7974717 2026 01 15 22 35 34.67
0  -1242.60486  -1378.17352  -6821.60833   0.8253963   7.3465608  -1.6442623 2026 01 15 22 35 54.67
0  -1225.60591  -1230.96947  -6852.95561   0.8744442   7.3732345  -1.4903338 2026 01 15 22 36 14.67
0  -1207.62916  -1083.26634  -6881.21768   0.9231705   7.3964670  -1.3357548 2026 01 15 22 36 34.67
0  -1188.68135   -935.13304  -6906.38222   0.9715436   7.4162500  -1.1805940 2026 01 15 22 36 54.67
0  -1168.76988   -786.63862  -6928.43829   1.0195322   7.4325766  -1.0249204 2026 01 15 22 37 14.67
0  -1147.90274   -637.85227  -6947.37632   1.0671049   7.4454417  -0.8688032 2026 01 15 22 37 34.67
0  -1126.08855   -488.84326  -6963.18813   1.1142307   7.4548415  -0.7123115 2026 01 15 22 37 54.67
0  -1103.33658   -339.68092  -6975.86692   1.1608787   7.4607740  -0.5555149 2026 01 15 22 38 14.67
0  -1079.65667   -190.43461  -6985.40729   1.2070183   7.4632387  -0.3984829 2026 01 15 22 38 34.67
0  -1055.05931    -41.17367  -6991.80523   1.2526190   7.4622367  -0.2412851 2026 01 15 22 38 54.67
0  -1029.55557    108.03258  -6995.05811   1.2976505   7.4577705  -0.0839911 2026 01 15 22 39 14.67
0  -1003.15714    257.11491  -6995.16471   1.3420830   7.4498445   0.0733295 2026 01 15 22 39 34.67
0   -975.87630    406.00415  -6992.12520   1.3858867   7.4384643   0.2306069 2026 01 15 22 39 54.67
0   -947.72591    554.63131  -6985.94113   1.4290323   7.4236372   0.3877717 2026 01 15 22 40 14.67
0   -918.71943    702.92753  -6976.61545   1.4714906   7.4053721   0.5447541 2026 01 15 22 40 34.67
0   -888.87089    850.82415  -6964.15250   1.5132330   7.3836795   0.7014848 2026 01 15 22 40 54.67
0   -858.19491    998.25274  -6948.55801   1.5542310   7.3585712   0.8578945 2026 01 15 22 41 14.67
0   -826.70664   1145.14510  -6929.83910   1.5944565   7.3300608   1.0139138 2026 01 15 22 41 34.67
0   -794.42181   1291.43335  -6908.00426   1.6338819   7.2981633   1.1694739 2026 01 15 22 41 54.67
0   -761.35671   1437.04991  -6883.06337   1.6724799   7.2628952   1.3245058 2026 01 15 22 42 14.67
0   -727.52814   1581.92754  -6855.02767   1.7102235   7.2242745   1.4789410 2026 01 15 22 42 34.67
0   -692.95347   1725.99938  -6823.90979   1.7470863   7.1823209   1.6327111 2026 01 15 22 42 54.67
0   -657.65056   1869.19898  -6789.72370   1.7830423   7.1370553   1.7857480 2026 01 15 22 43 14.67
0   -621.63782   2011.46032  -6752.48476   1.8180659   7.0885004   1.9379839 2026 01 15 22 43 34.67
0   -584.93414   2152.71785  -6712.20966   1.8521320   7.0366801   2.0893514 2026 01 15 22 43 54.67
0   -547.55892   2292.90652  -6668.91644   1.8852158   6.9816200   2.2397834 2026 01 15 22 44 14.67
0   -509.53206   2431.96180  -6622.62447   1.9172933   6.9233470   2.3892132 2026 01 15 22 44 34.67
0   -470.87390   2569.81971  -6573.35447   1.9483409   6.8618895   2.5375744 2026 01 15 22 44 54.67
0   -431.60529   2706.41685  -6521.12847   1.9783354   6.7972775   2.6848012 2026 01 15 22 45 14.67
0   -391.74751   2841.69045  -6465.96981   2.0072542   6.7295420   2.8308282 2026 01 15 22 45 34.67
0   -351.32230   2975.57836  -6407.90314   2.0350754   6.6587160   2.9755905 2026 01 15 22 45 54.67
0   -310.35182   3108.01910  -6346.95440   2.0617776   6.5848333   3.1190237 2026 01 15 22 46 14.67
0   -268.85867   3238.95190  -6283.15082   2.0873397   6.5079296   3.2610639 2026 01 15 22 46 34.67
0   -226.86585   3368.31670  -6216.52088   2.1117416   6.4280417   3.4016478 2026 01 15 22 46 54.67
0   -184.39677   3496.05420  -6147.09435   2.1349636   6.3452078   3.5407127 2026 01 15 22 47 14.67
0   -141.47520   3622.10587  -6074.90222   2.1569867   6.2594675   3.6781967 2026 01 15 22 47 34.67
0    -98.12532   3746.41399  -5999.97673   2.1777925   6.1708616   3.8140381 2026 01 15 22 47 54.67
0    -54.37166   3868.92167  -5922.35135   2.1973631   6.0794324   3.9481763 2026 01 15 22 48 14.67
0    -10.23908   3989.57287  -5842.06073   2.2156816   5.9852233   4.0805513 2026 01 15 22 48 34.67
0     34.24720   4108.31245  -5759.14075   2.2327314   5.8882793   4.2111036 2026 01 15 22 48 54.67
0     79.06166   4225.08615  -5673.62844   2.2484968   5.7886462   4.3397747 2026 01 15 22 49 14.67
0    124.17845   4339.84069  -5585.56200   2.2629628   5.6863714   4.4665069 2026 01 15 22 49 34.67
0    169.57143   4452.52369  -5494.98080   2.2761151   5.5815034   4.5912431 2026 01 15 22 49 54.67
0    215.21421   4563.08380  -5401.92530   2.2879399   5.4740919   4.7139272 2026 01 15 22 50 14.67
0    261.08009   4671.47065  -5306.43712   2.2984245   5.3641879   4.8345038 2026 01 15 22 50 34.67
0    307.14216   4777.63491  -5208.55894   2.3075565   5.2518433   4.9529185 2026 01 15 22 50 54.67
0    353.37323   4881.52831  -5108.33454   2.3153247   5.1371114   5.0691178 2026 01 15 22 51 14.67
0    399.74594   4983.10363  -5005.80877   2.3217183   5.0200466   5.1830492 2026 01 15 22 51 34.67
0    446.23269   5082.31477  -4901.02748   2.3267274   4.9007041   5.2946609 2026 01 15 22 51 54.67
0    492.80569   5179.11675  -4794.03760   2.3303430   4.7791406   5.4039023 2026 01 15 22 52 14.67
0    539.43699   5273.46572  -4684.88702   2.3325567   4.6554136   5.5107238 2026 01 15 22 52 34.67
0    586.09848   5365.31899  -4573.62463   2.3333609   4.5295816   5.6150767 2026 01 15 22 52 54.67
0    632.76190   5454.63506  -4460.30028   2.3327489   4.4017043   5.7169135 2026 01 15 22 53 14.67
0    679.39886   5541.37362  -4344.96476   2.3307147   4.2718420   5.8161877 2026 01 15 22 53 34.67
0    725.98086   5625.49560  -4227.66978   2.3272533   4.1400565   5.9128539 2026 01 15 22 53 54.67
0    772.47933   5706.96314  -4108.46794   2.3223602   4.0064099   6.0068678 2026 01 15 22 54 14.67
0    818.86558   5785.73968  -3987.41272   2.3160321   3.8709657   6.0981862 2026 01 15 22 54 34.67
0    865.11090   5861.78988  -3864.55846   2.3082661   3.7337880   6.1867674 2026 01 15 22 54 54.67
0    911.18649   5935.07973  -3739.96030   2.2990607   3.5949418   6.2725704 2026 01 15 22 55 14.67
0    957.06358   6005.57653  -3613.67421   2.2884146   3.4544928   6.3555557 2026 01 15 22 55 34.67
0   1002.71333   6073.24887  -3485.75693   2.2763278   3.3125078   6.4356851 2026 01 15 22 55 54.67
0   1048.10694   6138.06671  -3356.26595   2.2628011   3.1690539   6.5129213 2026 01 15 22 56 14.67
0   1093.21563   6200.00136  -3225.25949   2.2478358   3.0241992   6.5872287 2026 01 15 22 56 34.67
0   1138.01065   6259.02549  -3092.79647   2.2314346   2.8780124   6.6585727 2026 01 15 22 56 54.67
0   1182.46331   6315.11314  -2958.93650   2.2136005   2.7305629   6.7269202 2026 01 15 22 57 14.67
0   1226.54499   6368.23977  -2823.73982   2.1943378   2.5819207   6.7922392 2026 01 15 22 57 34.67
0   1270.22717   6418.38222  -2687.26732   2.1736513   2.4321562   6.8544993 2026 01 15 22 57 54.67
0   1313.48144   6465.51876  -2549.58047   2.1515470   2.2813407   6.9136713 2026 01 15 22 58 14.67
0   1356.27950   6509.62908  -2410.74130   2.1280315   2.1295456   6.9697274 2026 01 15 22 58 34.67
0   1398.59320   6550.69432  -2270.81240   2.1031124   1.9768432   7.0226413 2026 01 15 22 58 54.67
0   1440.39456   6588.69706  -2129.85686   2.0767980   1.8233059   7.0723879 2026 01 15 22 59 14.67
0   1481.65575   6623.62131  -1987.93827   2.0490976   1.6690067   7.1189439 2026 01 15 22 59 34.67
0   1522.34916   6655.45259  -1845.12066   2.0200213   1.5140189   7.1622870 2026 01 15 22 59 54.67
0   1562.44738   6684.17785  -1701.46850   1.9895801   1.3584162   7.2023967 2026 01 15 23 00 14.67
0   1601.92323   6709.78554  -1557.04665   1.9577857   1.2022725   7.2392537 2026 01 15 23 00 34.67
0   1640.74976   6732.26557  -1411.92033   1.9246507   1.0456620   7.2728405 2026 01 15 23 00 54.67
0   1678.90031   6751.60936  -1266.15513   1.8901887   0.8886592   7.3031407 2026 01 15 23 01 14.67
0   1716.34847   6767.80981  -1119.81691   1.8544139   0.7313387   7.3301397 2026 01 15 23 01 34.67
0   1753.06814   6780.86130   -972.97184   1.8173415   0.5737752   7.3538243 2026 01 15 23 01 54.67
0   1789.03352   6790.75974   -825.68632   1.7789874   0.4160437   7.3741829 2026 01 15 23 02 14.67
0   1824.21915   6797.50249   -678.02697   1.7393683   0.2582191   7.3912052 2026 01 15 23 02 34.67
0   1858.59989   6801.08847   -530.06062   1.6985018   0.1003764   7.4048827 2026 01 15 23 02 54.67
0   1892.15099   6801.51804   -381.85422   1.6564063  -0.0574093   7.4152084 2026 01 15 23 03 14.67
0   1924.84805   6798.79311   -233.47487   1.6131009  -0.2150632   7.4221766 2026 01 15 23 03 34.67
0   1956.66708   6792.91705    -84.98976   1.5686055  -0.3725104   7.4257834 2026 01 15 23 03 54.67
0   1987.58448   6783.89475     63.53386   1.5229408  -0.5296761   7.4260264 2026 01 15 23 04 14.67
0   2017.57708   6771.73258    212.02869   1.4761283  -0.6864857   7.4229047 2026 01 15 23 04 34.67
0   2046.62213   6756.43841    360.42745   1.4281902  -0.8428648   7.4164191 2026 01 15 23 04 54.67
0   2074.69737   6738.02159    508.66289   1.3791494  -0.9987392   7.4065717 2026 01 15 23 05 14.67
0   2101.78096   6716.49295    656.66779   1.3290295  -1.1540351   7.3933663 2026 01 15 23 05 34.67
0   2127.85158   6691.86480    804.37506   1.2778550  -1.3086788   7.3768084 2026 01 15 23 05 54.67
0   2152.88837   6664.15091    951.71771   1.2256510  -1.4625972   7.3569048 2026 01 15 23 06 14.67
0   2176.87101   6633.36652   1098.62891   1.1724432  -1.6157173   7.3336640 2026 01 15 23 06 34.67
0   2199.77968   6599.52832   1245.04202   1.1182580  -1.7679667   7.3070960 2026 01 15 23 06 54.67
0   2221.59510   6562.65444   1390.89059   1.0631226  -1.9192734   7.2772125 2026 01 15 23 07 14.67
0   2242.29855   6522.76445   1536.10846   1.0070648  -2.0695660   7.2440264 2026 01 15 23 07 34.67
0   2261.87186   6479.87934   1680.62971   0.9501129  -2.2187736   7.2075525 2026 01 15 23 07 54.67
0   2280.29743   6434.02152   1824.38875   0.8922959  -2.3668257   7.1678069 2026 01 15 23 08 14.67
0   2297.55827   6385.21480   1967.32031   0.8336435  -2.5136526   7.1248073 2026 01 15 23 08 34.67
0   2313.63795   6333.48436   2109.35951   0.7741858  -2.6591851   7.0785729 2026 01 15 23 08 54.67
0   2328.52069   6278.85678   2250.44186   0.7139536  -2.8033548   7.0291244 2026 01 15 23 09 14.67
0   2342.19130   6221.36000   2390.50328   0.6529782  -2.9460941   6.9764839 2026 01 15 23 09 34.67
0   2354.63524   6161.02329   2529.48018   0.5912916  -3.0873357   6.9206752 2026 01 15 23 09 54.67
0   2365.83861   6097.87728   2667.30944   0.5289260  -3.2270137   6.8617233 2026 01 15 23 10 14.67
0   2375.78815   6031.95388   2803.92846   0.4659143  -3.3650625   6.7996549 2026 01 15 23 10 34.67
0   2384.47128   5963.28633   2939.27518   0.4022899  -3.5014176   6.7344979 2026 01 15 23 10 54.67
0   2391.87607   5891.90914   3073.28813   0.3380867  -3.6360153   6.6662819 2026 01 15 23 11 14.67
0   2397.99130   5817.85809   3205.90644   0.2733388  -3.7687928   6.5950376 2026 01 15 23 11 34.67
0   2402.80641   5741.17019   3337.06984   0.2080810  -3.8996883   6.5207974 2026 01 15 23 11 54.67
0   2406.31156   5661.88371   3466.71877   0.1423484  -4.0286410   6.4435949 2026 01 15 23 12 14.67
0   2408.49761   5580.03809   3594.79432   0.0761765  -4.1555909   6.3634651 2026 01 15 23 12 34.67
0   2409.35612   5495.67398   3721.23831   0.0096012  -4.2804793   6.2804443 2026 01 15 23 12 54.67
0   2408.87939   5408.83319   3845.99329  -0.0573415  -4.4032482   6.1945702 2026 01 15 23 13 14.67
0   2407.06044   5319.55869   3969.00257  -0.1246148  -4.5238411   6.1058818 2026 01 15 23 13 34.67
0   2403.89302   5227.89454   4090.21029  -0.1921820  -4.6422023   6.0144193 2026 01 15 23 13 54.67
0   2399.37163   5133.88593   4209.56135  -0.2600059  -4.7582774   5.9202242 2026 01 15 23 14 14.67
0   2393.49150   5037.57911   4327.00155  -0.3280492  -4.8720131   5.8233394 2026 01 15 23 14 34.67
0   2386.24862   4939.02140   4442.47752  -0.3962742  -4.9833572   5.7238089 2026 01 15 23 14 54.67
0   2377.63974   4838.26114   4555.93679  -0.4646429  -5.0922588   5.6216778 2026 01 15 23 15 14.67
0   2367.66236   4735.34768   4667.32782  -0.5331174  -5.1986683   5.5169925 2026 01 15 23 15 34.67
0   2356.31476   4630.33134   4776.60000  -0.6016593  -5.3025373   5.4098006 2026 01 15 23 15 54.67
0   2343.59595   4523.26342   4883.70367  -0.6702303  -5.4038186   5.3001507 2026 01 15 23 16 14.67
0   2329.50576   4414.19612   4988.59018  -0.7387917  -5.5024664   5.1880927 2026 01 15 23 16 34.67
0   2314.04475   4303.18256   5091.21186  -0.8073049  -5.5984361   5.0736773 2026 01 15 23 16 54.67
0   2297.21428   4190.27675   5191.52209  -0.8757310  -5.6916846   4.9569566 2026 01 15 23 17 14.67
0   2279.01648   4075.53352   5289.47529  -0.9440313  -5.7821700   4.8379834 2026 01 15 23 17 34.67
0   2259.45425   3959.00854   5385.02694  -1.0121667  -5.8698519   4.7168118 2026 01 15 23 17 54.67
0   2238.53129   3840.75828   5478.13363  -1.0800984  -5.9546912   4.5934967 2026 01 15 23 18 14.67
0   2216.25205   3720.83998   5568.75304  -1.1477873  -6.0366502   4.4680941 2026 01 15 23 18 34.67
0   2192.62179   3599.31159   5656.84399  -1.2151944  -6.1156926   4.3406608 2026 01 15 23 18 54.67
0   2167.64652   3476.23181   5742.36644  -1.2822809  -6.1917838   4.2112545 2026 01 15 23 19 14.67
0   2141.33304   3351.66000   5825.28152  -1.3490078  -6.2648903   4.0799339 2026 01 15 23 19 34.67
0   2113.68895   3225.65616   5905.55152  -1.4153364  -6.3349801   3.9467584 2026 01 15 23 19 54.67
0   2084.72259   3098.28095   5983.13997  -1.4812278  -6.4020230   3.8117885 2026 01 15 23 20 14.67
0   2054.44309   2969.59559   6058.01158  -1.5466435  -6.4659900   3.6750852 2026 01 15 23 20 34.67
0   2022.86035   2839.66187   6130.13230  -1.6115450  -6.5268536   3.5367103 2026 01 15 23 20 54.67
0   1989.98504   2708.54214   6199.46931  -1.6758940  -6.5845879   3.3967266 2026 01 15 23 21 14.67
0   1955.82860   2576.29921   6265.99109  -1.7396523  -6.6391686   3.2551973 2026 01 15 23 21 34.67
0   1920.40320   2442.99641   6329.66735  -1.8027820  -6.6905726   3.1121864 2026 01 15 23 21 54.67
0   1883.72182   2308.69747   6390.46911  -1.8652453  -6.7387788   2.9677587 2026 01 15 23 22 14.67
0   1845.79814   2173.46655   6448.36869  -1.9270048  -6.7837672   2.8219794 2026 01 15 23 22 34.67
0   1806.64661   2037.36819   6503.33971  -1.9880232  -6.8255197   2.6749144 2026 01 15 23 22 54.67
0   1766.28244   1900.46729   6555.35712  -2.0482636  -6.8640194   2.5266301 2026 01 15 23 23 14.67
0   1724.72154   1762.82905   6604.39721  -2.1076894  -6.8992514   2.3771937 2026 01 15 23 23 34.67
0   1681.98057   1624.51897   6650.43761  -2.1662641  -6.9312020   2.2266726 2026 01 15 23 23 54.67
0   1638.07692   1485.60279   6693.45730  -2.2239518  -6.9598591   2.0751347 2026 01 15 23 24 14.67
0   1593.02868   1346.14650   6733.43664  -2.2807169  -6.9852125   1.9226486 2026 01 15 23 24 34.67
0   1546.85466   1206.21626   6770.35734  -2.3365242  -7.0072531   1.7692832 2026 01 15 23 24 54.67
0   1499.57436   1065.87839   6804.20252  -2.3913387  -7.0259738   1.6151076 2026 01 15 23 25 14.67
0   1451.20798    925.19937   6834.95666  -2.4451261  -7.0413687   1.4601915 2026 01 15 23 25 34.67
0   1401.77640    784.24574   6862.60566  -2.4978524  -7.0534339   1.3046049 2026 01 15 23 25 54.67
0   1351.30119    643.08413   6887.13681  -2.5494841  -7.0621666   1.1484181 2026 01 15 23 26 14.67
0   1299.80457    501.78121   6908.53881  -2.5999880  -7.0675660   0.9917015 2026 01 15 23 26 34.67
0   1247.30941    360.40363   6926.80177  -2.6493318  -7.0696327   0.8345260 2026 01 15 23 26 54.67
0   1193.83925    219.01803   6941.91723  -2.6974832  -7.0683688   0.6769626 2026 01 15 23 27 14.67
0   1139.41824     77.69098   6953.87813  -2.7444109  -7.0637781   0.5190823 2026 01 15 23 27 34.67
0   1084.07117    -63.51102   6962.67886  -2.7900839  -7.0558658   0.3609567 2026 01 15 23 27 54.67
0   1027.82344   -204.52161   6968.31522  -2.8344717  -7.0446389   0.2026571 2026 01 15 23 28 14.67
0    970.70105   -345.27459   6970.78445  -2.8775447  -7.0301058   0.0442551 2026 01 15 23 28 34.67
0    912.73059   -485.70393   6970.08522  -2.9192737  -7.0122766  -0.1141777 2026 01 15 23 28 54.67
0    853.93923   -625.74381   6966.21762  -2.9596300  -6.9911627  -0.2725697 2026 01 15 23 29 14.67
0    794.35470   -765.32867   6959.18320  -2.9985857  -6.9667772  -0.4308491 2026 01 15 23 29 34.67
0    734.00528   -904.39323   6948.98491  -3.0361137  -6.9391348  -0.5889445 2026 01 15 23 29 54.67
0    672.91980  -1042.87251   6935.62715  -3.0721873  -6.9082516  -0.7467842 2026 01 15 23 30 14.67
0    611.12761  -1180.70186   6919.11577  -3.1067807  -6.8741454  -0.9042967 2026 01 15 23 30 34.67
0    548.65855  -1317.81702   6899.45800  -3.1398686  -6.8368353  -1.0614107 2026 01 15 23 30 54.67
0    485.54300  -1454.15411   6876.66253  -3.1714265  -6.7963420  -1.2180549 2026 01 15 23 31 14.67
0    421.81177  -1589.64969   6850.73948  -3.2014309  -6.7526877  -1.3741585 2026 01 15 23 31 34.67
0    357.49618  -1724.24077   6821.70036  -3.2298587  -6.7058961  -1.5296505 2026 01 15 23 31 54.67
0    292.62799  -1857.86486   6789.55810  -3.2566877  -6.6559924  -1.6844603 2026 01 15 23 32 14.67
0    227.23937  -1990.45998   6754.32706  -3.2818966  -6.6030032  -1.8385177 2026 01 15 23 32 34.67
0    161.36295  -2121.96469   6716.02298  -3.3054646  -6.5469566  -1.9917527 2026 01 15 23 32 54.67
0     95.03173  -2252.31815   6674.66301  -3.3273721  -6.4878820  -2.1440956 2026 01 15 23 33 14.67
0     28.27912  -2381.46009   6630.26569  -3.3476001  -6.4258104  -2.2954771 2026 01 15 23 33 34.67
0    -38.86111  -2509.33091   6582.85092  -3.3661304  -6.3607741  -2.4458284 2026 01 15 23 33 54.67
0   -106.35483  -2635.87164   6532.44001  -3.3829458  -6.2928070  -2.5950808 2026 01 15 23 34 14.67
0   -174.16758  -2761.02402   6479.05560  -3.3980299  -6.2219440  -2.7431664 2026 01 15 23 34 34.67
0   -242.26457  -2884.73049   6422.72171  -3.4113672  -6.1482218  -2.8900178 2026 01 15 23 34 54.67
0   -310.61072  -3006.93425   6363.46370  -3.4229430  -6.0716782  -3.0355677 2026 01 15 23 35 14.67
0   -379.17067  -3127.57924   6301.30825  -3.4327437  -5.9923522  -3.1797499 2026 01 15 23 35 34.67
0   -447.90878  -3246.61024   6236.28339  -3.4407564  -5.9102845  -3.3224984 2026 01 15 23 35 54.67
0   -516.78918  -3363.97282   6168.41844  -3.4469693  -5.8255167  -3.4637478 2026 01 15 23 36 14.67
0   -585.77575  -3479.61340   6097.74402  -3.4513715  -5.7380920  -3.6034336 2026 01 15 23 36 34.67
0   -654.83217  -3593.47930   6024.29206  -3.4539529  -5.6480547  -3.7414919 2026 01 15 23 36 54.67
0   -723.92195  -3705.51871   5948.09573  -3.4547045  -5.5554503  -3.8778592 2026 01 15 23 37 14.67
0   -793.00840  -3815.68076   5869.18948  -3.4536183  -5.4603256  -4.0124731 2026 01 15 23 37 34.67
0   -862.05470  -3923.91551   5787.60899  -3.4506872  -5.3627286  -4.1452718 2026 01 15 23 37 54.67
0   -931.02388  -4030.17401   5703.39118  -3.4459050  -5.2627083  -4.2761944 2026 01 15 23 38 14.67
0   -999.87887  -4134.40830   5616.57418  -3.4392667  -5.1603152  -4.4051805 2026 01 15 23 38 34.67
0  -1068.58250  -4236.57142   5527.19731  -3.4307682  -5.0556005  -4.5321709 2026 01 15 23 38 54.67
0  -1137.09755  -4336.61748   5435.30106  -3.4204063  -4.9486169  -4.6571072 2026 01 15 23 39 14.67
0  -1205.38671  -4434.50162   5340.92710  -3.4081790  -4.8394179  -4.7799318 2026 01 15 23 39 34.67
0  -1273.41266  -4530.18009   5244.11823  -3.3940852  -4.7280581  -4.9005880 2026 01 15 23 39 54.67
0  -1341.13808  -4623.61022   5144.91837  -3.3781247  -4.6145933  -5.0190203 2026 01 15 23 40 14.67
0  -1408.52563  -4714.75048   5043.37255  -3.3602987  -4.4990800  -5.1351740 2026 01 15 23 40 34.67
0  -1475.53803  -4803.56046   4939.52688  -3.3406090  -4.3815760  -5.2489955 2026 01 15 23 40 54.67
0  -1542.13803  -4890.00094   4833.42853  -3.3190588  -4.2621397  -5.3604321 2026 01 15 23 41 14.67
0  -1608.28845  -4974.03388   4725.12571  -3.2956520  -4.1408308  -5.4694323 2026 01 15 23 41 34.67
0  -1673.95222  -5055.62240   4614.66766  -3.2703938  -4.0177096  -5.5759458 2026 01 15 23 41 54.67
0  -1739.09236  -5134.73089   4502.10461  -3.2432903  -3.8928373  -5.6799233 2026 01 15 23 42 14.67
0  -1803.67204  -5211.32494   4387.48776  -3.2143487  -3.7662760  -5.7813165 2026 01 15 23 42 34.67
0  -1867.65458  -5285.37138   4270.86926  -3.1835773  -3.6380885  -5.8800786 2026 01 15 23 42 54.67
0  -1931.00347  -5356.83834   4152.30220  -3.1509852  -3.5083385  -5.9761638 2026 01 15 23 43 14.67
0  -1993.68240  -5425.69521   4031.84057  -3.1165829  -3.3770903  -6.0695276 2026 01 15 23 43 34.67
0  -2055.65528  -5491.91267   3909.53922  -3.0803815  -3.2444089  -6.1601267 2026 01 15 23 43 54.67
0  -2116.88624  -5555.46270   3785.45388  -3.0423936  -3.1103601  -6.2479190 2026 01 15 23 44 14.67
0  -2177.33968  -5616.31863   3659.64108  -3.0026324  -2.9750101  -6.3328639 2026 01 15 23 44 34.67
0  -2236.98029  -5674.45510   3532.15818  -2.9611125  -2.8384260  -6.4149220 2026 01 15 23 44 54.67
0  -2295.77304  -5729.84810   3403.06329  -2.9178492  -2.7006752  -6.4940553 2026 01 15 23 45 14.67
0  -2353.68322  -5782.47497   3272.41528  -2.8728590  -2.5618257  -6.5702270 2026 01 15 23 45 34.67
0  -2410.67648  -5832.31443   3140.27374  -2.8261594  -2.4219461  -6.6434019 2026 01 15 23 45 54.67
0  -2466.71879  -5879.34656   3006.69894  -2.7777689  -2.2811052  -6.7135461 2026 01 15 23 46 14.67
0  -2521.77655  -5923.55282   2871.75182  -2.7277070  -2.1393726  -6.7806270 2026 01 15 23 46 34.67
0  -2575.81652  -5964.91609   2735.49397  -2.6759940  -1.9968179  -6.8446136 2026 01 15 23 46 54.67
0  -2628.80589  -6003.42061   2597.98757  -2.6226515  -1.8535113  -6.9054764 2026 01 15 23 47 14.67
0  -2680.71230  -6039.05206   2459.29538  -2.5677018  -1.7095232  -6.9631872 2026 01 15 23 47 34.67
0  -2731.50383  -6071.79751   2319.48071  -2.5111684  -1.5649243  -7.0177193 2026 01 15 23 47 54.67
0  -2781.14905  -6101.64545   2178.60739  -2.4530755  -1.4197854  -7.0690477 2026 01 15 23 48 14.67
0  -2829.61703  -6128.58580   2036.73973  -2.3934485  -1.2741778  -7.1171488 2026 01 15 23 48 34.67
0  -2876.87733  -6152.60988   1893.94250  -2.3323134  -1.1281726  -7.1620003 2026 01 15 23 48 54.67
0  -2922.90007  -6173.71047   1750.28091  -2.2696974  -0.9818412  -7.2035819 2026 01 15 23 49 14.67
0  -2967.65590  -6191.88175   1605.82054  -2.2056285  -0.8352552  -7.2418744 2026 01 15 23 49 34.67
0  -3011.11607  -6207.11935   1460.62735  -2.1401356  -0.6884861  -7.2768605 2026 01 15 23 49 54.67
0  -3053.25237  -6219.42033   1314.76764  -2.0732484  -0.5416052  -7.3085242 2026 01 15 23 50 14.67
0  -3094.03723  -6228.78315   1168.30800  -2.0049975  -0.3946842  -7.3368514 2026 01 15 23 50 34.67
0  -3133.44369  -6235.20773   1021.31529  -1.9354144  -0.2477944  -7.3618292 2026 01 15 23 50 54.67
0  -3171.44544  -6238.69541    873.85661  -1.8645314  -0.1010070  -7.3834466 2026 01 15 23 51 14.67
0  -3208.01678  -6239.24896    725.99927  -1.7923816   0.0456067  -7.4016941 2026 01 15 23 51 34.67
0  -3243.13274  -6236.87254    577.81074  -1.7189988   0.1919759  -7.4165638 2026 01 15 23 51 54.67
0  -3276.76899  -6231.57177    429.35866  -1.6444176   0.3380298  -7.4280493 2026 01 15 23 52 14.67
0  -3308.90193  -6223.35365    280.71075  -1.5686736   0.4836980  -7.4361460 2026 01 15 23 52 34.67
0  -3339.50864  -6212.22660    131.93483  -1.4918027   0.6289103  -7.4408508 2026 01 15 23 52 54.67
0  -3368.56697  -6198.20044    -16.90126  -1.4138419   0.7735970  -7.4421623 2026 01 15 23 53 14.67
0  -3396.05549  -6181.28637   -165.72963  -1.3348286   0.9176887  -7.4400805 2026 01 15 23 53 34.67
0  -3421.95353  -6161.49699   -314.48244  -1.2548012   1.0611163  -7.4346072 2026 01 15 23 53 54.67
0  -3446.24119  -6138.84627   -463.09189  -1.1737984   1.2038112  -7.4257458 2026 01 15 23 54 14.67
0  -3468.89937  -6113.34953   -611.49027  -1.0918598   1.3457055  -7.4135013 2026 01 15 23 54 34.67
0  -3489.90974  -6085.02347   -759.60998  -1.0090254   1.4867316  -7.3978801 2026 01 15 23 54 54.67
0  -3509.25481  -6053.88613   -907.38355  -0.9253361   1.6268226  -7.3788905 2026 01 15 23 55 14.67
0  -3526.91787  -6019.95687  -1054.74372  -0.8408329   1.7659119  -7.3565422 2026 01 15 23 55 34.67
0  -3542.88308  -5983.25639  -1201.62343  -0.7555578   1.9039340  -7.3308466 2026 01 15 23 55 54.67
0  -3557.13540  -5943.80668  -1347.95585  -0.6695530   2.0408237  -7.3018165 2026 01 15 23 56 14.67
0  -3569.66069  -5901.63104  -1493.67443  -0.5828614   2.1765166  -7.2694664 2026 01 15 23 56 34.67
0  -3580.44564  -5856.75403  -1638.71294  -0.4955262   2.3109492  -7.2338122 2026 01 15 23 56 54.67
0  -3589.47780  -5809.20151  -1783.00546  -0.4075912   2.4440584  -7.1948717 2026 01 15 23 57 14.67
0  -3596.74563  -5759.00055  -1926.48647  -0.3191005   2.5757822  -7.1526637 2026 01 15 23 57 34.67
0  -3602.23846  -5706.17949  -2069.09080  -0.2300988   2.7060593  -7.1072091 2026 01 15 23 57 54.67
0  -3605.94652  -5650.76785  -2210.75375  -0.1406309   2.8348293  -7.0585297 2026 01 15 23 58 14.67
0  -3607.86092  -5592.79639  -2351.41106  -0.0507421   2.9620327  -7.0066494 2026 01 15 23 58 34.67
0  -3607.97372  -5532.29701  -2490.99896   0.0395220   3.0876108  -6.9515931 2026 01 15 23 58 54.67
0  -3606.27787  -5469.30281  -2629.45418   0.1301155   3.2115060  -6.8933873 2026 01 15 23 59 14.67
0  -3602.76723  -5403.84801  -2766.71403   0.2209922   3.3336616  -6.8320601 2026 01 15 23 59 34.67
0  -3597.43661  -5335.96797  -2902.71636   0.3121056   3.4540218  -6.7676409 2026 01 15 23 59 54.67
0  -3590.28175  -5265.69914  -3037.39963   0.4034092   3.5725320  -6.7001604 2026 01 16 00 00 14.67
0  -3581.29930  -5193.07905  -3170.70295   0.4948560   3.6891385  -6.6296509 2026 01 16 00 00 34.67
0  -3570.48687  -5118.14631  -3302.56607   0.5863991   3.8037887  -6.5561459 2026 01 16 00 00 54.67
0  -3557.84301  -5040.94057  -3432.92942   0.6779913   3.9164313  -6.4796804 2026 01 16 00 01 14.67
0  -3543.36721  -4961.50247  -3561.73416   0.7695852   4.0270158  -6.4002905 2026 01 16 00 01 34.67
0  -3527.05990  -4879.87368  -3688.92217   0.8611335   4.1354929  -6.3180139 2026 01 16 00 01 54.67
0  -3508.92248  -4796.09683  -3814.43610   0.9525888   4.2418147  -6.2328894 2026 01 16 00 02 14.67
0  -3488.95728  -4710.21548  -3938.21940   1.0439035   4.3459343  -6.1449571 2026 01 16 00 02 34.67
0  -3467.16759  -4622.27416  -4060.21632   1.1350300   4.4478060  -6.0542583 2026 01 16 00 02 54.67
0  -3443.55764  -4532.31825  -4180.37196   1.2259210   4.5473853  -5.9608357 2026 01 16 00 03 14.67
0  -3418.13263  -4440.39404  -4298.63227   1.3165288   4.6446291  -5.8647328 2026 01 16 00 03 34.67
0  -3390.89868  -4346.54867  -4414.94410   1.4068060   4.7394953  -5.7659947 2026 01 16 00 03 54.67
0  -3361.86289  -4250.83009  -4529.25521   1.4967053   4.8319432  -5.6646675 2026 01 16 00 04 14.67
0  -3331.03329  -4153.28706  -4641.51427   1.5861794   4.9219335  -5.5607983 2026 01 16 00 04 34.67
0  -3298.41884  -4053.96913  -4751.67094   1.6751811   5.0094280  -5.4544354 2026 01 16 00 04 54.67
0  -3264.02948  -3952.92657  -4859.67582   1.7636635   5.0943899  -5.3456281 2026 01 16 00 05 14.67
0  -3227.87604  -3850.21039  -4965.48054   1.8515798   5.1767837  -5.2344269 2026 01 16 00 05 34.67
0  -3189.97033  -3745.87230  -5069.03773   1.9388834   5.2565753  -5.1208831 2026 01 16 00 05 54.67
0  -3150.32506  -3639.96468  -5170.30106   2.0255278   5.3337320  -5.0050491 2026 01 16 00 06 14.67
0  -3108.95387  -3532.54053  -5269.22525   2.1114670   5.4082222  -4.8869784 2026 01 16 00 06 34.67
0  -3065.87133  -3423.65349  -5365.76612   2.1966551   5.4800159  -4.7667251 2026 01 16 00 06 54.67
0  -3021.09292  -3313.35778  -5459.88056   2.2810464   5.5490844  -4.6443446 2026 01 16 00 07 14.67
0  -2974.63502  -3201.70817  -5551.52659   2.3645957   5.6154004  -4.5198928 2026 01 16 00 07 34.67
0  -2926.51493  -3088.75998  -5640.66335   2.4472582   5.6789379  -4.3934268 2026 01 16 00 07 54.67
0  -2876.75082  -2974.56903  -5727.25113   2.5289891   5.7396726  -4.2650042 2026 01 16 00 08 14.67
0  -2825.36177  -2859.19159  -5811.25139   2.6097444   5.7975812  -4.1346837 2026 01 16 00 08 34.67
0  -2772.36773  -2742.68443  -5892.62675   2.6894803   5.8526420  -4.0025246 2026 01 16 00 08 54.67
0  -2717.78952  -2625.10468  -5971.34105   2.7681533   5.9048347  -3.8685870 2026 01 16 00 09 14.67
0  -2661.64883  -2506.50992  -6047.35931   2.8457206   5.9541405  -3.7329317 2026 01 16 00 09 34.67
0  -2603.96820  -2386.95804  -6120.64781   2.9221398   6.0005419  -3.5956201 2026 01 16 00 09 54.67
0  -2544.77102  -2266.50731  -6191.17402   2.9973688   6.0440229  -3.4567144 2026 01 16 00 10 14.67
0  -2484.08149  -2145.21628  -6258.90670   3.0713662   6.0845688  -3.3162773 2026 01 16 00 10 34.67
0  -2421.92466  -2023.14379  -6323.81586   3.1440911   6.1221664  -3.1743723 2026 01 16 00 10 54.67
0  -2358.32639  -1900.34891  -6385.87276   3.2155032   6.1568040  -3.0310634 2026 01 16 00 11 14.67
0  -2293.31334  -1776.89096  -6445.04998   3.2855625   6.1884712  -2.8864149 2026 01 16 00 11 34.67
0  -2226.91294  -1652.82944  -6501.32136   3.3542298   6.2171591  -2.7404919 2026 01 16 00 11 54.67
0  -2159.15343  -1528.22401  -6554.66209   3.4214666   6.2428602  -2.5933600 2026 01 16 00 12 14.67
0  -2090.06380  -1403.13446  -6605.04863   3.4872348   6.2655684  -2.4450851 2026 01 16 00 12 34.67
0  -2019.67380  -1277.62071  -6652.45878   3.5514971   6.2852790  -2.2957336 2026 01 16 00 12 54.67
0  -1948.01391  -1151.74275  -6696.87169   3.6142167   6.3019888  -2.1453723 2026 01 16 00 13 14.67
0  -1875.11534  -1025.56061  -6738.26782   3.6753576   6.3156959  -1.9940685 2026 01 16 00 13 34.67
0  -1801.01003   -899.13434  -6776.62901   3.7348846   6.3263999  -1.8418897 2026 01 16 00 13 54.67
0  -1725.73060   -772.52402  -6811.93842   3.7927629   6.3341017  -1.6889037 2026 01 16 00 14 14.67
0  -1649.31037   -645.78965  -6844.18060   3.8489587   6.3388037  -1.5351788 2026 01 16 00 14 34.67
0  -1571.78332   -518.99121  -6873.34144   3.9034388   6.3405096  -1.3807834 2026 01 16 00 14 54.67
0  -1493.18409   -392.18857  -6899.40823   3.9561708   6.3392245  -1.2257862 2026 01 16 00 15 14.67
0  -1413.54795   -265.44148  -6922.36962   4.0071232   6.3349549  -1.0702561 2026 01 16 00 15 34.67
0  -1332.91081   -138.80955  -6942.21563   4.0562651   6.3277087  -0.9142622 2026 01 16 00 15 54.67
0  -1251.30919    -12.35224  -6958.93769   4.1035665   6.3174951  -0.7578737 2026 01 16 00 16 14.67
0  -1168.78018    113.87122  -6972.52859   4.1489982   6.3043247  -0.6011601 2026 01 16 00 16 34.67
0  -1085.36147    239.80180  -6982.98253   4.1925318   6.2882094  -0.4441907 2026 01 16 00 16 54.67
0  -1001.09129    365.38074  -6990.29509   4.2341399   6.2691625  -0.2870353 2026 01 16 00 17 14.67
0   -916.00842    490.54955  -6994.46324   4.2737959   6.2471986  -0.1297634 2026 01 16 00 17 34.67
0   -830.15217    615.25003  -6995.48534   4.3114739   6.2223335   0.0275554 2026 01 16 00 17 54.67
0   -743.56234    739.42434  -6993.36116   4.3471492   6.1945844   0.1848513 2026 01 16 00 18 14.67
0   -656.27923    863.01499  -6988.09186   4.3807978   6.1639700   0.3420548 2026 01 16 00 18 34.67
0   -568.34361    985.96485  -6979.67996   4.4123966   6.1305099   0.4990962 2026 01 16 00 18 54.67
0   -479.79670   1108.21722  -6968.12942   4.4419237   6.0942252   0.6559062 2026 01 16 00 19 14.67
0   -390.68014   1229.71583  -6953.44555   4.4693578   6.0551383   0.8124153 2026 01 16 00 19 34.67
0   -301.03600   1350.40487  -6935.63507   4.4946788   6.0132728   0.9685543 2026 01 16 00 19 54.67
0   -210.90673   1470.22901  -6914.70606   4.5178674   5.9686534   1.1242541 2026 01 16 00 20 14.67
0   -120.33517   1589.13343  -6890.66800   4.5389055   5.9213062   1.2794457 2026 01 16 00 20 34.67
0    -29.36450   1707.06385  -6863.53175   4.5577758   5.8712584   1.4340607 2026 01 16 00 20 54.67
0     61.96176   1823.96653  -6833.30951   4.5744621   5.8185386   1.5880304 2026 01 16 00 21 14.67
0    153.59977   1939.78834  -6800.01489   4.5889492   5.7631764   1.7412867 2026 01 16 00 21 34.67
0    245.50540   2054.47671  -6763.66282   4.6012230   5.7052025   1.8937619 2026 01 16 00 21 54.67
0    337.63426   2167.97975  -6724.26960   4.6112702   5.6446490   2.0453882 2026 01 16 00 22 14.67
0    429.94169   2280.24618  -6681.85290   4.6190788   5.5815490   2.1960986 2026 01 16 00 22 34.67
0    522.38280   2391.22542  -6636.43169   4.6246377   5.5159366   2.3458261 2026 01 16 00 22 54.67
0    614.91250   2500.86756  -6588.02629   4.6279371   5.4478474   2.4945045 2026 01 16 00 23 14.67
0    707.48551   2609.12344  -6536.65836   4.6289679   5.3773176   2.6420675 2026 01 16 00 23 34.67
0    800.05638   2715.94462  -6482.35086   4.6277224   5.3043848   2.7884499 2026 01 16 00 23 54.67
0    892.57950   2821.28341  -6425.12805   4.6241938   5.2290876   2.9335864 2026 01 16 00 24 14.67
0    985.00916   2925.09293  -6365.01549   4.6183766   5.1514656   3.0774125 2026 01 16 00 24 34.67
0   1077.29954   3027.32708  -6302.04005   4.6102661   5.0715596   3.2198642 2026 01 16 00 24 54.67
0   1169.40473   3127.94061  -6236.22984   4.5998591   4.9894110   3.3608780 2026 01 16 00 25 14.67
0   1261.27879   3226.88907  -6167.61425   4.5871531   4.9050626   3.5003911 2026 01 16 00 25 34.67
0   1352.87572   3324.12892  -6096.22392   4.5721471   4.8185581   3.6383413 2026 01 16 00 25 54.67
0   1444.14951   3419.61747  -6022.09073   4.5548410   4.7299419   3.7746668 2026 01 16 00 26 14.67
0   1535.05417   3513.31294  -5945.24778   4.5352358   4.6392596   3.9093067 2026 01 16 00 26 34.67
0   1625.54375   3605.17447  -5865.72940   4.5133339   4.5465575   4.0422009 2026 01 16 00 26 54.67
0   1715.57233   3695.16214  -5783.57109   4.4891386   4.4518830   4.1732896 2026 01 16 00 27 14.67
0   1805.09410   3783.23699  -5698.80955   4.4626544   4.3552843   4.3025142 2026 01 16 00 27 34.67
0   1894.06333   3869.36101  -5611.48265   4.4338870   4.2568104   4.4298166 2026 01 16 00 27 54.67
0   1982.43441   3953.49720  -5521.62940   4.4028432   4.1565110   4.5551396 2026 01 16 00 28 14.67
0   2070.16192   4035.60956  -5429.28997   4.3695309   4.0544369   4.6784268 2026 01 16 00 28 34.67
0   2157.20055   4115.66311  -5334.50563   4.3339594   3.9506395   4.7996226 2026 01 16 00 28 54.67
0   2243.50524   4193.62390  -5237.31875   4.2961388   3.8451710   4.9186723 2026 01 16 00 29 14.67
0   2329.03111   4269.45903  -5137.77279   4.2560806   3.7380843   5.0355221 2026 01 16 00 29 34.67
0   2413.73353   4343.13669  -5035.91229   4.2137975   3.6294329   5.1501192 2026 01 16 00 29 54.67
0   2497.56814   4414.62611  -4931.78283   4.1693030   3.5192713   5.2624116 2026 01 16 00 30 14.67
0   2580.49086   4483.89765  -4825.43100   4.1226122   3.4076544   5.3723484 2026 01 16 00 30 34.67
0   2662.45792   4550.92276  -4716.90442   4.0737411   3.2946378   5.4798797 2026 01 16 00 30 54.67
0   2743.42590   4615.67400  -4606.25169   4.0227068   3.1802777   5.5849565 2026 01 16 00 31 14.67
0   2823.35170   4678.12506  -4493.52239   3.9695277   3.0646310   5.6875309 2026 01 16 00 31 34.67
0   2902.19262   4738.25081  -4378.76702   3.9142233   2.9477550   5.7875562 2026 01 16 00 31 54.67
0   2979.90637   4796.02721  -4262.03705   3.8568141   2.8297075   5.8849866 2026 01 16 00 32 14.67
0   3056.45106   4851.43144  -4143.38480   3.7973219   2.7105470   5.9797775 2026 01 16 00 32 34.67
0   3131.78527   4904.44181  -4022.86351   3.7357696   2.5903324   6.0718855 2026 01 16 00 32 54.67
0   3205.86802   4955.03785  -3900.52725   3.6721811   2.4691229   6.1612683 2026 01 16 00 33 14.67
0   3278.65884   5003.20024  -3776.43096   3.6065815   2.3469783   6.2478847 2026 01 16 00 33 34.67
0   3350.11778   5048.91089  -3650.63035   3.5389970   2.2239587   6.3316948 2026 01 16 00 33 54.67
0   3420.20540   5092.15291  -3523.18194   3.4694548   2.1001246   6.4126600 2026 01 16 00 34 14.67
0   3488.88283   5132.91061  -3394.14301   3.3979833   1.9755369   6.4907428 2026 01 16 00 34 34.67
0   3556.11179   5171.16954  -3263.57156   3.3246119   1.8502566   6.5659070 2026 01 16 00 34 54.67
0   3621.85458   5206.91645  -3131.52632   3.2493712   1.7243451   6.6381178 2026 01 16 00 35 14.67
0   3686.07412   5240.13933  -2998.06670   3.1722926   1.5978641   6.7073415 2026 01 16 00 35 34.67
0   3748.73399   5270.82743  -2863.25276   3.0934088   1.4708755   6.7735460 2026 01 16 00 35 54.67
0   3809.79841   5298.97119  -2727.14519   3.0127532   1.3434412   6.8367003 2026 01 16 00 36 14.67
0   3869.23229   5324.56234  -2589.80530   2.9303606   1.2156234   6.8967748 2026 01 16 00 36 34.67
0   3927.00126   5347.59383  -2451.29496   2.8462666   1.0874845   6.9537414 2026 01 16 00 36 54.67
0   3983.07163   5368.05986  -2311.67661   2.7605077   0.9590867   7.0075733 2026 01 16 00 37 14.67
0   4037.41050   5385.95587  -2171.01319   2.6731215   0.8304927   7.0582452 2026 01 16 00 37 34.67
0   4089.98570   5401.27857  -2029.36814   2.5841464   0.7017648   7.1057330 2026 01 16 00 37 54.67
0   4140.76585   5414.02591  -1886.80538   2.4936220   0.5729655   7.1500142 2026 01 16 00 38 14.67
0   4189.72036   5424.19707  -1743.38924   2.4015887   0.4441572   7.1910679 2026 01 16 00 38 34.67
0   4236.81947   5431.79251  -1599.18447   2.3080875   0.3154024   7.2288743 2026 01 16 00 38 54.67
0   4282.03423   5436.81392  -1454.25621   2.2131608   0.1867631   7.2634154 2026 01 16 00 39 14.67
0   4325.33657   5439.26422  -1308.66992   2.1168514   0.0583016   7.2946746 2026 01 16 00 39 34.67
0   4366.69927   5439.14760  -1162.49140   2.0192032  -0.0699202   7.3226366 2026 01 16 00 39 54.67
0   4406.09600   5436.46946  -1015.78673   1.9202609  -0.1978405   7.3472879 2026 01 16 00 40 14.67
0   4443.50133   5431.23645   -868.62224   1.8200699  -0.3253979   7.3686164 2026 01 16 00 40 34.67
0   4478.89075   5423.45645   -721.06451   1.7186763  -0.4525310   7.3866114 2026 01 16 00 40 54.67
0   4512.24067   5413.13854   -573.18028   1.6161273  -0.5791789   7.4012639 2026 01 16 00 41 14.67
0   4543.52847   5400.29304   -425.03649   1.5124705  -0.7052809   7.4125665 2026 01 16 00 41 34.67
0   4572.73246   5384.93147   -276.70019   1.4077543  -0.8307768   7.4205130 2026 01 16 00 41 54.67
0   4599.83196   5367.06655   -128.23857   1.3020279  -0.9556067   7.4250991 2026 01 16 00 42 14.67
0   4624.80724   5346.71220     20.28116   1.1953408  -1.0797110   7.4263218 2026 01 16 00 42 34.67
0   4647.63961   5323.88351    168.79170   1.0877436  -1.2030308   7.4241800 2026 01 16 00 42 54.67
0   4668.31137   5298.59677    317.22576   0.9792873  -1.3255074   7.4186738 2026 01 16 00 43 14.67
0   4686.80585   5270.86942    465.51607   0.8700234  -1.4470829   7.4098049 2026 01 16 00 43 34.67
0   4703.10741   5240.72005    613.59542   0.7600040  -1.5676998   7.3975769 2026 01 16 00 43 54.67
0   4717.20148   5208.16841    761.39666   0.6492818  -1.6873011   7.3819944 2026 01 16 00 44 14.67
0   4729.07453   5173.23537    908.85276   0.5379100  -1.8058305   7.3630641 2026 01 16 00 44 34.67
0   4738.71410   5135.94293   1055.89686   0.4259422  -1.9232322   7.3407940 2026 01 16 00 44 54.67
0   4746.10881   5096.31419   1202.46224   0.3134325  -2.0394514   7.3151935 2026 01 16 00 45 14.67
0   4751.24837   5054.37335   1348.48241   0.2004353  -2.1544335   7.2862739 2026 01 16 00 45 34.67
0   4754.12357   5010.14569   1493.89111   0.0870057  -2.2681250   7.2540477 2026 01 16 00 45 54.67
0   4754.72632   4963.65754   1638.62234  -0.0268013  -2.3804729   7.2185292 2026 01 16 00 46 14.67
0   4753.04963   4914.93631   1782.61043  -0.1409299  -2.4914251   7.1797341 2026 01 16 00 46 34.67
0   4749.08761   4864.01041   1925.78999  -0.2553243  -2.6009303   7.1376797 2026 01 16 00 46 54.67
0   4742.83552   4810.90930   2068.09604  -0.3699283  -2.7089380   7.0923846 2026 01 16 00 47 14.67
0   4734.28972   4755.66342   2209.46396  -0.4846856  -2.8153984   7.0438692 2026 01 16 00 47 34.67
0   4723.44772   4698.30421   2349.82955  -0.5995394  -2.9202628   6.9921552 2026 01 16 00 47 54.67
0   4710.30815   4638.86406   2489.12908  -0.7144331  -3.0234833   6.9372658 2026 01 16 00 48 14.67
0   4694.87079   4577.37633   2627.29929  -0.8293095  -3.1250128   6.8792258 2026 01 16 00 48 34.67
0   4677.13654   4513.87530   2764.27741  -0.9441117  -3.2248053   6.8180613 2026 01 16 00 48 54.67
0   4657.10747   4448.39616   2900.00123  -1.0587824  -3.3228158   6.7537999 2026 01 16 00 49 14.67
0   4634.78677   4380.97500   3034.40910  -1.1732644  -3.4190000   6.6864706 2026 01 16 00 49 34.67
0   4610.17880   4311.64876   3167.43996  -1.2875004  -3.5133149   6.6161039 2026 01 16 00 49 54.67
0   4583.28904   4240.45527   3299.03339  -1.4014330  -3.6057184   6.5427317 2026 01 16 00 50 14.67
0   4554.12414   4167.43315   3429.12960  -1.5150051  -3.6961695   6.4663872 2026 01 16 00 50 34.67
0   4522.69187   4092.62186   3557.66949  -1.6281594  -3.7846282   6.3871050 2026 01 16 00 50 54.67
0   4489.00117   4016.06164   3684.59466  -1.7408387  -3.8710556   6.3049210 2026 01 16 00 51 14.67
0   4453.06210   3937.79350   3809.84745  -1.8529861  -3.9554139   6.2198726 2026 01 16 00 51 34.67
0   4414.88588   3857.85917   3933.37095  -1.9645446  -4.0376665   6.1319983 2026 01 16 00 51 54.67
0   4374.48484   3776.30114   4055.10903  -2.0754576  -4.1177778   6.0413381 2026 01 16 00 52 14.67
0   4331.87246   3693.16257   4175.00640  -2.1856685  -4.1957134   5.9479331 2026 01 16 00 52 34.67
0   4287.06334   3608.48732   4293.00856  -2.2951211  -4.2714401   5.8518256 2026 01 16 00 52 54.67
0   4240.07322   3522.31989   4409.06192  -2.4037593  -4.3449259   5.7530594 2026 01 16 00 53 14.67
0   4190.91894   3434.70540   4523.11374  -2.5115275  -4.4161398   5.6516794 2026 01 16 00 53 34.67
0   4139.61845   3345.68959   4635.11220  -2.6183702  -4.4850522   5.5477315 2026 01 16 00 53 54.67
0   4086.19082   3255.31878   4745.00641  -2.7242324  -4.5516347   5.4412629 2026 01 16 00 54 14.67
0   4030.65619   3163.63983   4852.74645  -2.8290594  -4.6158601   5.3323221 2026 01 16 00 54 34.67
0   3973.03583   3070.70017   4958.28335  -2.9327968  -4.6777023   5.2209585 2026 01 16 00 54 54.67
0   3913.35205   2976.54769   5061.56917  -3.0353910  -4.7371367   5.1072225 2026 01 16 00 55 14.67
0   3851.62827   2881.23079   5162.55697  -3.1367884  -4.7941397   4.9911660 2026 01 16 00 55 34.67
0   3787.88894   2784.79833   5261.20087  -3.2369361  -4.8486891   4.8728414 2026 01 16 00 55 54.67
0   3722.15958   2687.29959   5357.45604  -3.3357818  -4.9007640   4.7523026 2026 01 16 00 56 14.67
0   3654.46676   2588.78425   5451.27874  -3.4332737  -4.9503447   4.6296041 2026 01 16 00 56 34.67
0   3584.83806   2489.30240   5542.62633  -3.5293603  -4.9974128   4.5048017 2026 01 16 00 56 54.67
0   3513.30210   2388.90445   5631.45730  -3.6239911  -5.0419512   4.3779520 2026 01 16 00 57 14.67
0   3439.88849   2287.64115   5717.73127  -3.7171159  -5.0839441   4.2491123 2026 01 16 00 57 34.67
0   3364.62786   2185.56358   5801.40902  -3.8086853  -5.1233770   4.1183411 2026 01 16 00 57 54.67
0   3287.55180   2082.72305   5882.45253  -3.8986505  -5.1602366   3.9856977 2026 01 16 00 58 14.67
0   3208.69287   1979.17117   5960.82494  -3.9869634  -5.1945111   3.8512422 2026 01 16 00 58 34.67
0   3128.08460   1874.95974   6036.49062  -4.0735767  -5.2261898   3.7150353 2026 01 16 00 58 54.67
0   3045.76145   1770.14076   6109.41515  -4.1584437  -5.2552635   3.5771389 2026 01 16 00 59 14.67
0   2961.75880   1664.76644   6179.56537  -4.2415187  -5.2817241   3.4376152 2026 01 16 00 59 34.67
0   2876.11294   1558.88909   6246.90937  -4.3227564  -5.3055650   3.2965274 2026 01 16 00 59 54.67
0   2788.86107   1452.56116   6311.41649  -4.4021126  -5.3267807   3.1539394 2026 01 16 01 00 14.67
0   2700.04125   1345.83521   6373.05739  -4.4795439  -5.3453673   3.0099156 2026 01 16 01 00 34.67
0   2609.69241   1238.76385   6431.80398  -4.5550077  -5.3613219   2.8645212 2026 01 16 01 00 54.67
0   2517.85432   1131.39973   6487.62953  -4.6284623  -5.3746430   2.7178218 2026 01 16 01 01 14.67
0   2424.56756   1023.79553   6540.50859  -4.6998669  -5.3853305   2.5698838 2026 01 16 01 01 34.67
0   2329.87355    916.00391   6590.41705  -4.7691816  -5.3933855   2.4207741 2026 01 16 01 01 54.67
0   2233.81447    808.07749   6637.33216  -4.8363673  -5.3988105   2.2705599 2026 01 16 01 02 14.67
0   2136.43327    700.06886   6681.23250  -4.9013862  -5.4016090   2.1193093 2026 01 16 01 02 34.67
0   2037.77368    592.03048   6722.09803  -4.9642012  -5.4017861   1.9670904 2026 01 16 01 02 54.67
0   1937.88013    484.01472   6759.91008  -5.0247763  -5.3993480   1.8139721 2026 01 16 01 03 14.67
0   1836.79777    376.07382   6794.65134  -5.0830763  -5.3943023   1.6600235 2026 01 16 01 03 34.67
0   1734.57244    268.25985   6826.30590  -5.1390675  -5.3866577   1.5053141 2026 01 16 01 03 54.67
0   1631.25066    160.62467   6854.85925  -5.1927168  -5.3764242   1.3499138 2026 01 16 01 04 14.67
0   1526.87957     53.21996   6880.29827  -5.2439924  -5.3636132   1.1938929 2026 01 16 01 04 34.67
0   1421.50696    -53.90284   6902.61125  -5.2928635  -5.3482371   1.0373216 2026 01 16 01 04 54.67
0   1315.18123   -160.69259   6921.78790  -5.3393004  -5.3303097   0.8802709 2026 01 16 01 05 14.67
0   1207.95134   -267.09840   6937.81932  -5.3832746  -5.3098460   0.7228115 2026 01 16 01 05 34.67
0   1099.86681   -373.06970   6950.69807  -5.4247587  -5.2868621   0.5650148 2026 01 16 01 05 54.67
0    990.97773   -478.55625   6960.41811  -5.4637265  -5.2613754   0.4069518 2026 01 16 01 06 14.67
0    881.33466   -583.50820   6966.97483  -5.5001527  -5.2334044   0.2486941 2026 01 16 01 06 34.67
0    770.98869   -687.87605   6970.36504  -5.5340136  -5.2029690   0.0903132 2026 01 16 01 06 54.67
0    659.99134   -791.61071   6970.58701  -5.5652863  -5.1700899  -0.0681193 2026 01 16 01 07 14.67
0    548.39459   -894.66354   6967.64041  -5.5939495  -5.1347893  -0.2265317 2026 01 16 01 07 34.67
0    436.25084   -996.98633   6961.52636  -5.6199827  -5.0970904  -0.3848524 2026 01 16 01 07 54.67
0    323.61289  -1098.53136   6952.24742  -5.6433670  -5.0570175  -0.5430098 2026 01 16 01 08 14.67
0    210.53388  -1199.25140   6939.80757  -5.6640845  -5.0145959  -0.7009323 2026 01 16 01 08 34.67
0     97.06733  -1299.09974   6924.21221  -5.6821187  -4.9698524  -0.8585484 2026 01 16 01 08 54.67
0    -16.73295  -1398.03022   6905.46820  -5.6974544  -4.9228145  -1.0157866 2026 01 16 01 09 14.67
0   -130.81285  -1495.99724   6883.58380  -5.7100775  -4.8735108  -1.1725758 2026 01 16 01 09 34.67
0   -245.11798  -1592.95577   6858.56871  -5.7199753  -4.8219712  -1.3288448 2026 01 16 01 09 54.67
0   -359.59372  -1688.86141   6830.43403  -5.7271365  -4.7682265  -1.4845228 2026 01 16 01 10 14.67
0   -474.18524  -1783.67037   6799.19230  -5.7315509  -4.7123084  -1.6395391 2026 01 16 01 10 34.67
0   -588.83751  -1877.33951   6764.85745  -5.7332099  -4.6542498  -1.7938233 2026 01 16 01 10 54.67
0   -703.49535  -1969.82635   6727.44482  -5.7321059  -4.5940846  -1.9473054 2026 01 16 01 11 14.67
0   -818.10344  -2061.08911   6686.97116  -5.7282329  -4.5318474  -2.0999155 2026 01 16 01 11 34.67
0   -932.60634  -2151.08671   6643.45459  -5.7215861  -4.4675741  -2.2515843 2026 01 16 01 11 54.67
0  -1046.94854  -2239.77878   6596.91464  -5.7121621  -4.4013014  -2.4022428 2026 01 16 01 12 14.67
0  -1161.07449  -2327.12573   6547.37220  -5.6999589  -4.3330668  -2.5518223 2026 01 16 01 12 34.67
0  -1274.92858  -2413.08868   6494.84953  -5.6849759  -4.2629088  -2.7002547 2026 01 16 01 12 54.67
0  -1388.45523  -2497.62957   6439.37025  -5.6672136  -4.1908669  -2.8474722 2026 01 16 01 13 14.67
0  -1501.59886  -2580.71113   6380.95932  -5.6466742  -4.1169813  -2.9934078 2026 01 16 01 13 34.67
0  -1614.30397  -2662.29687   6319.64306  -5.6233612  -4.0412931  -3.1379948 2026 01 16 01 13 54.67
0  -1726.51513  -2742.35118   6255.44909  -5.5972792  -3.9638441  -3.2811671 2026 01 16 01 14 14.67
0  -1838.17702  -2820.83926   6188.40637  -5.5684346  -3.8846772  -3.4228593 2026 01 16 01 14 34.67
0  -1949.23446  -2897.72719   6118.54514  -5.5368349  -3.8038357  -3.5630066 2026 01 16 01 14 54.67
0  -2059.63244  -2972.98191   6045.89695  -5.5024891  -3.7213639  -3.7015446 2026 01 16 01 15 14.67
0  -2169.31614  -3046.57126   5970.49462  -5.4654076  -3.6373068  -3.8384101 2026 01 16 01 15 34.67
0  -2278.23096  -3118.46401   5892.37222  -5.4256020  -3.5517101  -3.9735402 2026 01 16 01 15 54.67
0  -2386.32254  -3188.62981   5811.56508  -5.3830856  -3.4646201  -4.1068729 2026 01 16 01 16 14.67
0  -2493.53681  -3257.03927   5728.10976  -5.3378728  -3.3760838  -4.2383471 2026 01 16 01 16 34.67
0  -2599.82001  -3323.66394   5642.04405  -5.2899796  -3.2861490  -4.3679022 2026 01 16 01 16 54.67
0  -2705.11868  -3388.47634   5553.40691  -5.2394231  -3.1948639  -4.4954786 2026 01 16 01 17 14.67
0  -2809.37976  -3451.44993   5462.23852  -5.1862221  -3.1022773  -4.6210178 2026 01 16 01 17 34.67
0  -2912.55054  -3512.55919   5368.58018  -5.1303966  -3.0084388  -4.7444619 2026 01 16 01 17 54.67
0  -3014.57875  -3571.77958   5272.47438  -5.0719679  -2.9133983  -4.8657539 2026 01 16 01 18 14.67
0  -3115.41254  -3629.08756   5173.96471  -5.0109588  -2.8172063  -4.9848381 2026 01 16 01 18 34.67
0  -3215.00056  -3684.46060   5073.09589  -4.9473933  -2.7199138  -5.1016593 2026 01 16 01 18 54.67
0  -3313.29192  -3737.87722   4969.91371  -4.8812969  -2.6215722  -5.2161638 2026 01 16 01 19 14.67
0  -3410.23627  -3789.31695   4864.46504  -4.8126963  -2.5222335  -5.3282985 2026 01 16 01 19 34.67
0  -3505.78380  -3838.76036   4756.79780  -4.7416197  -2.4219498  -5.4380117 2026 01 16 01 19 54.67
0  -3599.88528  -3886.18909   4646.96091  -4.6680964  -2.3207739  -5.5452526 2026 01 16 01 20 14.67
0  -3692.49209  -3931.58581   4535.00433  -4.5921572  -2.2187588  -5.6499717 2026 01 16 01 20 34.67
0  -3783.55623  -3974.93428   4420.97899  -4.5138340  -2.1159579  -5.7521204 2026 01 16 01 20 54.67
0  -3873.03033  -4016.21931   4304.93675  -4.4331601  -2.0124247  -5.8516514 2026 01 16 01 21 14.67
0  -3960.86774  -4055.42681   4186.93044  -4.3501701  -1.9082132  -5.9485187 2026 01 16 01 21 34.67
0  -4047.02248  -4092.54373   4067.01378  -4.2648997  -1.8033775  -6.0426773 2026 01 16 01 21 54.67
0  -4131.44932  -4127.55815   3945.24140  -4.1773860  -1.6979721  -6.1340836 2026 01 16 01 22 14.67
0  -4214.10377  -4160.45922   3821.66874  -4.0876673  -1.5920514  -6.2226953 2026 01 16 01 22 34.67
0  -4294.94212  -4191.23716   3696.35214  -3.9957830  -1.4856702  -6.3084712 2026 01 16 01 22 54.67
0  -4373.92145  -4219.88332   3569.34869  -3.9017737  -1.3788832  -6.3913716 2026 01 16 01 23 14.67
0  -4450.99970  -4246.39014   3440.71630  -3.8056812  -1.2717454  -6.4713580 2026 01 16 01 23 34.67
0  -4526.13562  -4270.75115   3310.51362  -3.7075486  -1.1643118  -6.5483934 2026 01 16 01 23 54.67
0  -4599.28884  -4292.96097   3178.80003  -3.6074199  -1.0566373  -6.6224421 2026 01 16 01 24 14.67
0  -4670.41990  -4313.01535   3045.63561  -3.5053403  -0.9487770  -6.6934697 2026 01 16 01 24 34.67
0  -4739.49023  -4330.91111   2911.08111  -3.4013561  -0.8407859  -6.7614433 2026 01 16 01 24 54.67
0  -4806.46222  -4346.64619   2775.19794  -3.2955146  -0.7327189  -6.8263315 2026 01 16 01 25 14.67
0  -4871.29920  -4360.21962   2638.04809  -3.1878642  -0.6246308  -6.8881044 2026 01 16 01 25 34.67
0  -4933.96549  -4371.63153   2499.69418  -3.0784543  -0.5165764  -6.9467332 2026 01 16 01 25 54.67
0  -4994.42639  -4380.88313   2360.19935  -2.9673354  -0.4086103  -7.0021910 2026 01 16 01 26 14.67
0  -5052.64824  -4387.97674   2219.62728  -2.8545587  -0.3007869  -7.0544522 2026 01 16 01 26 34.67
0  -5108.59841  -4392.91575   2078.04215  -2.7401767  -0.1931603  -7.1034927 2026 01 16 01 26 54.67
0  -5162.24531  -4395.70464   1935.50859  -2.6242424  -0.0857846  -7.1492900 2026 01 16 01 27 14.67
0  -5213.55844  -4396.34896   1792.09170  -2.5068101   0.0212866  -7.1918232 2026 01 16 01 27 34.67
0  -5262.50839  -4394.85534   1647.85694  -2.3879346   0.1279998  -7.2310727 2026 01 16 01 27 54.67
0  -5309.06686  -4391.23147   1502.87018  -2.2676718   0.2343020  -7.2670206 2026 01 16 01 28 14.67
0  -5353.20666  -4385.48610   1357.19762  -2.1460784   0.3401404  -7.2996507 2026 01 16 01 28 34.67
0  -5394.90174  -4377.62903   1210.90575  -2.0232115   0.4454627  -7.3289482 2026 01 16 01 28 54.67
0  -5434.12723  -4367.67110   1064.06137  -1.8991295   0.5502169  -7.3548999 2026 01 16 01 29 14.67
0  -5470.85941  -4355.62419    916.73151  -1.7738910   0.6543515  -7.3774943 2026 01 16 01 29 34.67
0  -5505.07573  -4341.50120    768.98342  -1.6475557   0.7578156  -7.3967214 2026 01 16 01 29 54.67
0  -5536.75487  -4325.31606    620.88453  -1.5201835   0.8605585  -7.4125728 2026 01 16 01 30 14.67
0  -5565.87669  -4307.08368    472.50244  -1.3918354   0.9625302  -7.4250418 2026 01 16 01 30 34.67
0  -5592.42229  -4286.81998    323.90483  -1.2625727   1.0636813  -7.4341232 2026 01 16 01 30 54.67
0  -5616.37400  -4264.54188    175.15951  -1.1324572   1.1639628  -7.4398134 2026 01 16 01 31 14.67
0  -5637.71538  -4240.26723     26.33432  -1.0015514   1.2633265  -7.4421106 2026 01 16 01 31 34.67
0  -5656.43125  -4214.01489   -122.50288  -0.8699182   1.3617247  -7.4410143 2026 01 16 01 31 54.67
0  -5672.50770  -4185.80462   -271.28422  -0.7376209   1.4591104  -7.4365260 2026 01 16 01 32 14.67
0  -5685.93209  -4155.65716   -419.94189  -0.6047233   1.5554373  -7.4286484 2026 01 16 01 32 34.67
0  -5696.69305  -4123.59412   -568.40815  -0.4712896   1.6506596  -7.4173861 2026 01 16 01 32 54.67
0  -5704.78051  -4089.63805   -716.61535  -0.3373842   1.7447325  -7.4027452 2026 01 16 01 33 14.67
0  -5710.18567  -4053.81239   -864.49601  -0.2030718   1.8376118  -7.3847334 2026 01 16 01 33 34.67
0  -5712.90105  -4016.14144  -1011.98280  -0.0684177   1.9292542  -7.3633599 2026 01 16 01 33 54.67
0  -5712.92047  -3976.65037  -1159.00858   0.0665129   2.0196170  -7.3386356 2026 01 16 01 34 14.67
0  -5710.23905  -3935.36519  -1305.50646   0.2016544   2.1086584  -7.3105730 2026 01 16 01 34 34.67
0  -5704.85324  -3892.31274  -1451.40981   0.3369413   2.1963374  -7.2791861 2026 01 16 01 34 54.67
0  -5696.76078  -3847.52066  -1596.65231   0.4723076   2.2826141  -7.2444904 2026 01 16 01 35 14.67
0  -5685.96074  -3801.01741  -1741.16794   0.6076874   2.3674491  -7.2065031 2026 01 16 01 35 34.67
0  -5672.45352  -3752.83219  -1884.89106   0.7430147   2.4508040  -7.1652428 2026 01 16 01 35 54.67
0  -5656.24083  -3702.99500  -2027.75640   0.8782236   2.5326416  -7.1207296 2026 01 16 01 36 14.67
0  -5637.32569  -3651.53653  -2169.69913   1.0132480   2.6129253  -7.0729852 2026 01 16 01 36 34.67
0  -5615.71245  -3598.48823  -2310.65484   1.1480219   2.6916194  -7.0220329 2026 01 16 01 36 54.67
0  -5591.40679  -3543.88223  -2450.55962   1.2824794   2.7686896  -6.9678972 2026 01 16 01 37 14.67
0  -5564.41569  -3487.75136  -2589.35008   1.4165548   2.8441021  -6.9106043 2026 01 16 01 37 34.67
0  -5534.74745  -3430.12909  -2726.96332   1.5501824   2.9178242  -6.8501817 2026 01 16 01 37 54.67
0  -5502.41169  -3371.04954  -2863.33706   1.6832967   2.9898245  -6.7866585 2026 01 16 01 38 14.67
0  -5467.41931  -3310.54747  -2998.40957   1.8158325   3.0600723  -6.7200649 2026 01 16 01 38 34.67
0  -5429.78255  -3248.65822  -3132.11977   1.9477248   3.1285381  -6.6504329 2026 01 16 01 38 54.67
0  -5389.51491  -3185.41772  -3264.40722   2.0789088   3.1951933  -6.5777956 2026 01 16 01 39 14.67
0  -5346.63122  -3120.86245  -3395.21216   2.2093201   3.2600104  -6.5021875 2026 01 16 01 39 34.67
0  -5301.14756  -3055.02945  -3524.47553   2.3388948   3.3229631  -6.4236445 2026 01 16 01 39 54.67
0  -5253.08130  -2987.95625  -3652.13899   2.4675690   3.3840260  -6.3422037 2026 01 16 01 40 14.67
0  -5202.45110  -2919.68090  -3778.14498   2.5952795   3.4431749  -6.2579036 2026 01 16 01 40 34.67
0  -5149.27684  -2850.24191  -3902.43671   2.7219634   3.5003866  -6.1707841 2026 01 16 01 40 54.67
0  -5093.57970  -2779.67825  -4024.95820   2.8475584   3.5556390  -6.0808859 2026 01 16 01 41 14.67
0  -5035.38206  -2708.02930  -4145.65429   2.9720026   3.6089113  -5.9882514 2026 01 16 01 41 34.67
0  -4974.70755  -2635.33489  -4264.47069   3.0952347   3.6601835  -5.8929240 2026 01 16 01 41 54.67
0  -4911.58103  -2561.63518  -4381.35399   3.2171938   3.7094370  -5.7949482 2026 01 16 01 42 14.67
0  -4846.02856  -2486.97075  -4496.25168   3.3378199   3.7566541  -5.6943699 2026 01 16 01 42 34.67
0  -4778.07739  -2411.38247  -4609.11216   3.4570533   3.8018184  -5.5912357 2026 01 16 01 42 54.67
0  -4707.75598  -2334.91157  -4719.88480   3.5748351   3.8449144  -5.4855937 2026 01 16 01 43 14.67
0  -4635.09392  -2257.59956  -4828.51995   3.6911071   3.8859280  -5.3774930 2026 01 16 01 43 34.67
0  -4560.12200  -2179.48820  -4934.96891   3.8058118   3.9248461  -5.2669836 2026 01 16 01 43 54.67
0  -4482.87214  -2100.61954  -5039.18402   3.9188923   3.9616567  -5.1541167 2026 01 16 01 44 14.67
0  -4403.37737  -2021.03583  -5141.11866   4.0302926   3.9963489  -5.0389443 2026 01 16 01 44 34.67
0  -4321.67185  -1940.77954  -5240.72725   4.1399574   4.0289131  -4.9215196 2026 01 16 01 44 54.67
0  -4237.79084  -1859.89332  -5337.96527   4.2478322   4.0593408  -4.8018965 2026 01 16 01 45 14.67
0  -4151.77068  -1778.41997  -5432.78930   4.3538635   4.0876244  -4.6801300 2026 01 16 01 45 34.67
0  -4063.64877  -1696.40245  -5525.15705   4.4579984   4.1137576  -4.5562759 2026 01 16 01 45 54.67
0  -3973.46354  -1613.88380  -5615.02731   4.5601851   4.1377354  -4.4303910 2026 01 16 01 46 14.67
0  -3881.25449  -1530.90718  -5702.36004   4.6603725   4.1595535  -4.3025327 2026 01 16 01 46 34.67
0  -3787.06208  -1447.51582  -5787.11636   4.7585106   4.1792092  -4.1727593 2026 01 16 01 46 54.67
0  -3690.92782  -1363.75299  -5869.25857   4.8545503   4.1967004  -4.0411301 2026 01 16 01 47 14.67
0  -3592.89413  -1279.66197  -5948.75012   4.9484433   4.2120266  -3.9077049 2026 01 16 01 47 34.67
0  -3493.00444  -1195.28608  -6025.55572   5.0401426   4.2251881  -3.7725441 2026 01 16 01 47 54.67
0  -3391.30308  -1110.66859  -6099.64126   5.1296020   4.2361864  -3.6357092 2026 01 16 01 48 14.67
0  -3287.83529  -1025.85273  -6170.97388   5.2167763   4.2450240  -3.4972621 2026 01 16 01 48 34.67
0  -3182.64723   -940.88170  -6239.52195   5.3016214   4.2517047  -3.3572654 2026 01 16 01 48 54.67
0  -3075.78590   -855.79858  -6305.25511   5.3840944   4.2562331  -3.2157822 2026 01 16 01 49 14.67
0  -2967.29918   -770.64637  -6368.14428   5.4641533   4.2586150  -3.0728764 2026 01 16 01 49 34.67
0  -2857.23575   -685.46792  -6428.16163   5.5417573   4.2588574  -2.9286123 2026 01 16 01 49 54.67
0  -2745.64511   -600.30594  -6485.28066   5.6168666   4.2569680  -2.7830548 2026 01 16 01 50 14.67
0  -2632.57754   -515.20300  -6539.47614   5.6894427   4.2529560  -2.6362692 2026 01 16 01 50 34.67
0  -2518.08409   -430.20143  -6590.72417   5.7594482   4.2468312  -2.4883214 2026 01 16 01 50 54.67
0  -2402.21652   -345.34339  -6639.00216   5.8268467   4.2386047  -2.3392777 2026 01 16 01 51 14.67
0  -2285.02734   -260.67079  -6684.28887   5.8916033   4.2282885  -2.1892047 2026 01 16 01 51 34.67
0  -2166.56971   -176.22531  -6726.56438   5.9536840   4.2158956  -2.0381696 2026 01 16 01 51 54.67
0  -2046.89750    -92.04833  -6765.81011   6.0130562   4.2014401  -1.8862398 2026 01 16 01 52 14.67
0  -1926.06518     -8.18095  -6802.00885   6.0696884   4.1849369  -1.7334831 2026 01 16 01 52 34.67
0  -1804.12785     75.33602  -6835.14475   6.1235504   4.1664020  -1.5799676 2026 01 16 01 52 54.67
0  -1681.14122    158.46211  -6865.20330   6.1746134   4.1458524  -1.4257616 2026 01 16 01 53 14.67
0  -1557.16155    241.15722  -6892.17139   6.2228495   4.1233059  -1.2709338 2026 01 16 01 53 34.67
0  -1432.24563    323.38159  -6916.03726   6.2682324   4.0987813  -1.1155531 2026 01 16 01 53 54.67
0  -1306.45079    405.09585  -6936.79054   6.3107370   4.0722983  -0.9596883 2026 01 16 01 54 14.67
0  -1179.83483    486.26104  -6954.42225   6.3503394   4.0438776  -0.8034089 2026 01 16 01 54 34.67
0  -1052.45603    566.83861  -6968.92478   6.3870172   4.0135406  -0.6467840 2026 01 16 01 54 54.67
0   -924.37309    646.79047  -6980.29193   6.4207490   3.9813097  -0.4898833 2026 01 16 01 55 14.67
0   -795.64514    726.07897  -6988.51886   6.4515152   3.9472083  -0.3327761 2026 01 16 01 55 34.67
0   -666.33168    804.66692  -6993.60214   6.4792970   3.9112603  -0.1755322 2026 01 16 01 55 54.67
0   -536.49256    882.51767  -6995.53974   6.5040774   3.8734908  -0.0182212 2026 01 16 01 56 14.67
0   -406.18798    959.59501  -6994.33101   6.5258406   3.8339255   0.1390873 2026 01 16 01 56 34.67
0   -275.47843   1035.86331  -6989.97669   6.5445720   3.7925909   0.2963237 2026 01 16 01 56 54.67
0   -144.42468   1111.28745  -6982.47893   6.5602585   3.7495145   0.4534183 2026 01 16 01 57 14.67
0    -13.08775   1185.83287  -6971.84125   6.5728886   3.7047243   0.6103016 2026 01 16 01 57 34.67
0    118.47113   1259.46559  -6958.06857   6.5824517   3.6582492   0.7669043 2026 01 16 01 57 54.67
0    250.19052   1332.15220  -6941.16721   6.5889390   3.6101188   0.9231570 2026 01 16 01 58 14.67
0    382.00883   1403.85989  -6921.14485   6.5923431   3.5603635   1.0789906 2026 01 16 01 58 34.67
0    513.86433   1474.55648  -6898.01056   6.5926576   3.5090144   1.2343363 2026 01 16 01 58 54.67
0    645.69518   1544.21041  -6871.77480   6.5898779   3.4561033   1.3891251 2026 01 16 01 59 14.67
0    777.43946   1612.79075  -6842.44937   6.5840007   3.4016624   1.5432887 2026 01 16 01 59 34.67
0    909.03519   1680.26725  -6810.04748   6.5750241   3.3457250   1.6967588 2026 01 16 01 59 54.67
0   1040.42038   1746.61031  -6774.58367   6.5629477   3.2883248   1.8494674 2026 01 16 02 00 14.67
0   1171.53303   1811.79101  -6736.07386   6.5477723   3.2294961   2.0013469 2026 01 16 02 00 34.67
0   1302.31120   1875.78114  -6694.53528   6.5295003   3.1692739   2.1523300 2026 01 16 02 00 54.67
0   1432.69298   1938.55317  -6649.98656   6.5081356   3.1076937   2.3023497 2026 01 16 02 01 14.67
0   1562.61656   2000.08032  -6602.44762   6.4836833   3.0447918   2.4513395 2026 01 16 02 01 34.67
0   1692.02026   2060.33650  -6551.93971   6.4561502   2.9806047   2.5992333 2026 01 16 02 01 54.67
0   1820.84255   2119.29639  -6498.48543   6.4255443   2.9151696   2.7459654 2026 01 16 02 02 14.67
0   1949.02205   2176.93540  -6442.10865   6.3918753   2.8485244   2.8914706 2026 01 16 02 02 34.67
0   2076.49761   2233.22972  -6382.83458   6.3551539   2.7807072   3.0356842 2026 01 16 02 02 54.67
0   2203.20831   2288.15628  -6320.68967   6.3153927   2.7117567   3.1785421 2026 01 16 02 03 14.67
0   2329.09348   2341.69282  -6255.70168   6.2726055   2.6417122   3.3199805 2026 01 16 02 03 34.67
0   2454.09275   2393.81785  -6187.89965   6.2268075   2.5706131   3.4599365 2026 01 16 02 03 54.67
0   2578.14608   2444.51067  -6117.31383   6.1780154   2.4984996   3.5983476 2026 01 16 02 04 14.67
0   2701.19375   2493.75141  -6043.97576   6.1262473   2.4254120   3.7351521 2026 01 16 02 04 34.67
0   2823.17644   2541.52098  -5967.91817   6.0715227   2.3513912   3.8702886 2026 01 16 02 04 54.67
0   2944.03524   2587.80114  -5889.17503   6.0138626   2.2764783   4.0036969 2026 01 16 02 05 14.67
0   3063.71164   2632.57446  -5807.78151   5.9532894   2.2007148   4.1353171 2026 01 16 02 05 34.67
0   3182.14763   2675.82434  -5723.77396   5.8898267   2.1241426   4.2650903 2026 01 16 02 05 54.67
0   3299.28566   2717.53504  -5637.18991   5.8234998   2.0468037   4.3929581 2026 01 16 02 06 14.67
0   3415.06871   2757.69164  -5548.06805   5.7543351   1.9687406   4.5188631 2026 01 16 02 06 34.67
0   3529.44031   2796.28008  -5456.44819   5.6823607   1.8899960   4.6427486 2026 01 16 02 06 54.67
0   3642.34454   2833.28716  -5362.37128   5.6076058   1.8106127   4.7645589 2026 01 16 02 07 14.67
0   3753.72612   2868.70054  -5265.87940   5.5301010   1.7306338   4.8842390 2026 01 16 02 07 34.67
0   3863.53035   2902.50875  -5167.01567   5.4498786   1.6501026   5.0017349 2026 01 16 02 07 54.67
0   3971.70321   2934.70117  -5065.82432   5.3669717   1.5690626   5.1169933 2026 01 16 02 08 14.67
0   4078.19137   2965.26806  -4962.35063   5.2814151   1.4875575   5.2299621 2026 01 16 02 08 34.67
0   4182.94219   2994.20055  -4856.64090   5.1932449   1.4056309   5.3405901 2026 01 16 02 08 54.67
0   4285.90377   3021.49066  -4748.74245   5.1024985   1.3233267   5.4488270 2026 01 16 02 09 14.67
0   4387.02496   3047.13128  -4638.70359   5.0092144   1.2406889   5.5546236 2026 01 16 02 09 34.67
0   4486.25542   3071.11617  -4526.57363   4.9134327   1.1577615   5.6579318 2026 01 16 02 09 54.67
0   4583.54560   3093.43997  -4412.40279   4.8151945   1.0745884   5.7587043 2026 01 16 02 10 14.67
0   4678.84680   3114.09823  -4296.24227   4.7145423   0.9912138   5.8568952 2026 01 16 02 10 34.67
0   4772.11118   3133.08735  -4178.14413   4.6115198   0.9076817   5.9524595 2026 01 16 02 10 54.67
0   4863.29177   3150.40462  -4058.16135   4.5061720   0.8240361   6.0453534 2026 01 16 02 11 14.67
0   4952.34252   3166.04820  -3936.34778   4.3985450   0.7403209   6.1355343 2026 01 16 02 11 34.67
0   5039.21834   3180.01716  -3812.75808   4.2886862   0.6565802   6.2229607 2026 01 16 02 11 54.67
0   5123.87507   3192.31142  -3687.44775   4.1766439   0.5728576   6.3075923 2026 01 16 02 12 14.67
0   5206.26953   3202.93177  -3560.47308   4.0624680   0.4891969   6.3893902 2026 01 16 02 12 34.67
0   5286.35955   3211.87989  -3431.89112   3.9462091   0.4056416   6.4683165 2026 01 16 02 12 54.67
0   5364.10401   3219.15832  -3301.75967   3.8279192   0.3222350   6.5443346 2026 01 16 02 13 14.67
0   5439.46279   3224.77048  -3170.13725   3.7076511   0.2390204   6.6174093 2026 01 16 02 13 34.67
0   5512.39689   3228.72062  -3037.08307   3.5854590   0.1560407   6.6875066 2026 01 16 02 13 54.67
0   5582.86837   3231.01388  -2902.65701   3.4613979   0.0733387   6.7545940 2026 01 16 02 14 14.67
0   5650.84041   3231.65624  -2766.91957   3.3355239  -0.0090432   6.8186400 2026 01 16 02 14 34.67
0   5716.27733   3230.65451  -2629.93190   3.2078941  -0.0910628   6.8796147 2026 01 16 02 14 54.67
0   5779.14458   3228.01638  -2491.75569   3.0785665  -0.1726780   6.9374896 2026 01 16 02 15 14.67
0   5839.40879   3223.75033  -2352.45322   2.9476000  -0.2538474   6.9922374 2026 01 16 02 15 34.67
0   5897.03780   3217.86570  -2212.08730   2.8150547  -0.3345297   7.0438323 2026 01 16 02 15 54.67
0   5952.00063   3210.37264  -2070.72122   2.6809911  -0.4146841   7.0922501 2026 01 16 02 16 14.67
0   6004.26753   3201.28212  -1928.41876   2.5454710  -0.4942700   7.1374677 2026 01 16 02 16 34.67
0   6053.81000   3190.60591  -1785.24413   2.4085569  -0.5732473   7.1794637 2026 01 16 02 16 54.67
0   6100.60078   3178.35657  -1641.26198   2.2703119  -0.6515765   7.2182181 2026 01 16 02 17 14.67
0   6144.61390   3164.54746  -1496.53731   2.1308000  -0.7292183   7.2537122 2026 01 16 02 17 34.67
0   6185.82466   3149.19272  -1351.13552   1.9900860  -0.8061340   7.2859290 2026 01 16 02 17 54.67
0   6224.20968   3132.30725  -1205.12230   1.8482354  -0.8822854   7.3148529 2026 01 16 02 18 14.67
0   6259.74688   3113.90671  -1058.56365   1.7053143  -0.9576347   7.3404700 2026 01 16 02 18 34.67
0   6292.41553   3094.00753   -911.52583   1.5613894  -1.0321448   7.3627675 2026 01 16 02 18 54.67
0   6322.19621   3072.62684   -764.07536   1.4165281  -1.1057791   7.3817344 2026 01 16 02 19 14.67
0   6349.07088   3049.78253   -616.27893   1.2707983  -1.1785016   7.3973614 2026 01 16 02 19 34.67
0   6373.02286   3025.49319   -468.20343   1.1242685  -1.2502767   7.4096403 2026 01 16 02 19 54.67
0   6394.03682   2999.77811   -319.91588   0.9770077  -1.3210696   7.4185648 2026 01 16 02 20 14.67
0   6412.09885   2972.65728   -171.48343   0.8290853  -1.3908462   7.4241299 2026 01 16 02 20 34.67
0   6427.19641   2944.15137    -22.97329   0.6805712  -1.4595728   7.4263324 2026 01 16 02 20 54.67
0   6439.31837   2914.28171    125.54726   0.5315357  -1.5272166   7.4251705 2026 01 16 02 21 14.67
0   6448.45501   2883.07026    274.01092   0.3820495  -1.5937454   7.4206439 2026 01 16 02 21 34.67
0   6454.59801   2850.53966    422.35043   0.2321834  -1.6591276   7.4127539 2026 01 16 02 21 54.67
0   6457.74050   2816.71313    570.49853   0.0820088  -1.7233326   7.4015036 2026 01 16 02 22 14.67
0   6457.87701   2781.61453    718.38807  -0.0684028  -1.7863301   7.3868972 2026 01 16 02 22 34.67
0   6455.00353   2745.26830    865.95197  -0.2189797  -1.8480910   7.3689409 2026 01 16 02 22 54.67
0   6449.11747   2707.69945   1013.12332  -0.3696500  -1.9085867   7.3476422 2026 01 16 02 23 14.67
0   6440.21767   2668.93357   1159.83536  -0.5203416  -1.9677894   7.3230103 2026 01 16 02 23 34.67
0   6428.30443   2628.99679   1306.02151  -0.6709823  -2.0256722   7.2950557 2026 01 16 02 23 54.67
0   6413.37950   2587.91577   1451.61546  -0.8215000  -2.0822089   7.2637906 2026 01 16 02 24 14.67
0   6395.44605   2545.71769   1596.55113  -0.9718223  -2.1373742   7.2292290 2026 01 16 02 24 34.67
0   6374.50871   2502.43022   1740.76274  -1.1218770  -2.1911435   7.1913859 2026 01 16 02 24 54.67
0   6350.57356   2458.08151   1884.18481  -1.2715920  -2.2434933   7.1502782 2026 01 16 02 25 14.67
0   6323.64811   2412.70019   2026.75225  -1.4208949  -2.2944007   7.1059243 2026 01 16 02 25 34.67
0   6293.74132   2366.31533   2168.40032  -1.5697139  -2.3438438   7.0583439 2026 01 16 02 25 54.67
0   6260.86358   2318.95642   2309.06470  -1.7179771  -2.3918015   7.0075584 2026 01 16 02 26 14.67
0   6225.02674   2270.65337   2448.68152  -1.8656129  -2.4382536   6.9535905 2026 01 16 02 26 34.67
0   6186.24406   2221.43650   2587.18737  -2.0125496  -2.4831809   6.8964646 2026 01 16 02 26 54.67
0   6144.53021   2171.33647   2724.51934  -2.1587163  -2.5265651   6.8362063 2026 01 16 02 27 14.67
0   6099.90133   2120.38434   2860.61505  -2.3040421  -2.5683886   6.7728429 2026 01 16 02 27 34.67
0   6052.37492   2068.61147   2995.41269  -2.4484563  -2.6086349   6.7064030 2026 01 16 02 27 54.67
0   6001.96992   2016.04958   3128.85102  -2.5918889  -2.6472884   6.6369167 2026 01 16 02 28 14.67
0   5948.70666   1962.73066   3260.86943  -2.7342701  -2.6843345   6.5644153 2026 01 16 02 28 34.67
0   5892.60687   1908.68700   3391.40794  -2.8755306  -2.7197594   6.4889318 2026 01 16 02 28 54.67
0   5833.69364   1853.95116   3520.40724  -3.0156015  -2.7535502   6.4105003 2026 01 16 02 29 14.67
0   5771.99145   1798.55593   3647.80874  -3.1544147  -2.7856953   6.3291563 2026 01 16 02 29 34.67
0   5707.52613   1742.53435   3773.55454  -3.2919023  -2.8161836   6.2449369 2026 01 16 02 29 54.67
0   5640.32486   1685.91965   3897.58751  -3.4279972  -2.8450052   6.1578802 2026 01 16 02 30 14.67
0   5570.41618   1628.74525   4019.85131  -3.5626328  -2.8721512   6.0680258 2026 01 16 02 30 34.67
0   5497.82991   1571.04476   4140.29039  -3.6957433  -2.8976134   5.9754143 2026 01 16 02 30 54.67
0   5422.59722   1512.85190   4258.85001  -3.8272634  -2.9213850   5.8800880 2026 01 16 02 31 14.67
0   5344.75057   1454.20058   4375.47632  -3.9571286  -2.9434597   5.7820900 2026 01 16 02 31 34.67
0   5264.32368   1395.12476   4490.11633  -4.0852753  -2.9638324   5.6814649 2026 01 16 02 31 54.67
0   5181.35156   1335.65854   4602.71793  -4.2116404  -2.9824990   5.5782584 2026 01 16 02 32 14.67
0   5095.87046   1275.83608   4713.22998  -4.3361618  -2.9994562   5.4725174 2026 01 16 02 32 34.67
0   5007.91788   1215.69158   4821.60227  -4.4587782  -3.0147017   5.3642898 2026 01 16 02 32 54.67
0   4917.53251   1155.25929   4927.78554  -4.5794291  -3.0282344   5.2536248 2026 01 16 02 33 14.67
0   4824.75427   1094.57348   5031.73155  -4.6980551  -3.0400537   5.1405728 2026 01 16 02 33 34.67
0   4729.62424   1033.66842   5133.39307  -4.8145976  -3.0501604   5.0251849 2026 01 16 02 33 54.67
0   4632.18468    972.57833   5232.72390  -4.9289988  -3.0585559   4.9075135 2026 01 16 02 34 14.67
0   4532.47896    911.33741   5329.67891  -5.0412021  -3.0652428   4.7876121 2026 01 16 02 34 34.67
0   4430.55162    849.97982   5424.21404  -5.1511519  -3.0702244   4.6655350 2026 01 16 02 34 54.67
0   4326.44826    788.53961   5516.28633  -5.2587937  -3.0735053   4.5413376 2026 01 16 02 35 14.67
0   4220.21559    727.05075   5605.85393  -5.3640738  -3.0750906   4.4150763 2026 01 16 02 35 34.67
0   4111.90137    665.54708   5692.87613  -5.4669398  -3.0749865   4.2868082 2026 01 16 02 35 54.67
0   4001.55440    604.06234   5777.31339  -5.5673404  -3.0732002   4.1565916 2026 01 16 02 36 14.67
0   3889.22448    542.63007   5859.12730  -5.6652254  -3.0697397   4.0244853 2026 01 16 02 36 34.67
0   3774.96242    481.28368   5938.28069  -5.7605457  -3.0646140   3.8905493 2026 01 16 02 36 54.67
0   3658.82000    420.05638   6014.73756  -5.8532537  -3.0578329   3.7548441 2026 01 16 02 37 14.67
0   3540.84993    358.98116   6088.46313  -5.9433025  -3.0494070   3.6174313 2026 01 16 02 37 34.67
0   3421.10585    298.09082   6159.42389  -6.0306469  -3.0393479   3.4783731 2026 01 16 02 37 54.67
0   3299.64229    237.41789   6227.58755  -6.1152427  -3.0276681   3.3377323 2026 01 16 02 38 14.67
0   3176.51467    176.99466   6292.92308  -6.1970470  -3.0143810   3.1955726 2026 01 16 02 38 34.67
0   3051.77922    116.85312   6355.40077  -6.2760182  -2.9995005   3.0519582 2026 01 16 02 38 54.67
0   2925.49301     57.02501   6414.99215  -6.3521162  -2.9830417   2.9069542 2026 01 16 02 39 14.67
0   2797.71389     -2.45827   6471.67011  -6.4253019  -2.9650204   2.7606261 2026 01 16 02 39 34.67
0   2668.50051    -61.56564   6525.40880  -6.4955378  -2.9454531   2.6130400 2026 01 16 02 39 54.67
0   2537.91220   -120.26634   6576.18374  -6.5627876  -2.9243574   2.4642626 2026 01 16 02 40 14.67
0   2406.00906   -178.52999   6623.97178  -6.6270167  -2.9017513   2.3143612 2026 01 16 02 40 34.67
0   2272.85182   -236.32657   6668.75112  -6.6881914  -2.8776538   2.1634035 2026 01 16 02 40 54.67
0   2138.50189   -293.62644   6710.50130  -6.7462799  -2.8520847   2.0114577 2026 01 16 02 41 14.67
0   2003.02132   -350.40038   6749.20325  -6.8012515  -2.8250644   1.8585924 2026 01 16 02 41 34.67
0   1866.47273   -406.61958   6784.83928  -6.8530771  -2.7966141   1.7048766 2026 01 16 02 41 54.67
0   1728.91932   -462.25565   6817.39306  -6.9017291  -2.7667557   1.5503798 2026 01 16 02 42 14.67
0   1590.42483   -517.28066   6846.84968  -6.9471812  -2.7355119   1.3951718 2026 01 16 02 42 34.67
0   1451.05351   -571.66712   6873.19561  -6.9894088  -2.7029060   1.2393226 2026 01 16 02 42 54.67
0   1310.87007   -625.38804   6896.41874  -7.0283886  -2.6689619   1.0829027 2026 01 16 02 43 14.67
0   1169.93970   -678.41691   6916.50835  -7.0640990  -2.6337045   0.9259827 2026 01 16 02 43 34.67
0   1028.32799   -730.72769   6933.45515  -7.0965197  -2.5971588   0.7686335 2026 01 16 02 43 54.67
0    886.10091   -782.29489   6947.25126  -7.1256323  -2.5593510   0.6109261 2026 01 16 02 44 14.67
0    743.32481   -833.09354   6957.89025  -7.1514194  -2.5203075   0.4529319 2026 01 16 02 44 34.67
0    600.06635   -883.09917   6965.36708  -7.1738657  -2.4800555   0.2947221 2026 01 16 02 44 54.67
0    456.39250   -932.28791   6969.67816  -7.1929571  -2.4386228   0.1363684 2026 01 16 02 45 14.67
0    312.37046   -980.63642   6970.82132  -7.2086813  -2.3960376  -0.0220577 2026 01 16 02 45 34.67
0    168.06771  -1028.12194   6968.79584  -7.2210273  -2.3523287  -0.1804846 2026 01 16 02 45 54.67
0     23.55189  -1074.72229   6963.60242  -7.2299860  -2.3075257  -0.3388406 2026 01 16 02 46 14.67
0   -121.10916  -1120.41588   6955.24319  -7.2355497  -2.2616584  -0.4970541 2026 01 16 02 46 34.67
0   -265.84748  -1165.18174   6943.72171  -7.2377123  -2.2147571  -0.6550534 2026 01 16 02 46 54.67
0   -410.59502  -1208.99948   6929.04300  -7.2364694  -2.1668529  -0.8127670 2026 01 16 02 47 14.67
0   -555.28361  -1251.84937   6911.21346  -7.2318182  -2.1179769  -0.9701235 2026 01 16 02 47 34.67
0   -699.84510  -1293.71228   6890.24097  -7.2237573  -2.0681611  -1.1270516 2026 01 16 02 47 54.67
0   -844.21127  -1334.56974   6866.13480  -7.2122872  -2.0174376  -1.2834801 2026 01 16 02 48 14.67
0   -988.31397  -1374.40393   6838.90565  -7.1974099  -1.9658391  -1.4393381 2026 01 16 02 48 34.67
0  -1132.08509  -1413.19767   6808.56564  -7.1791290  -1.9133986  -1.5945550 2026 01 16 02 48 54.67
0  -1275.45660  -1450.93446   6775.12829  -7.1574496  -1.8601495  -1.7490601 2026 01 16 02 49 14.67
0  -1418.36060  -1487.59846   6738.60855  -7.1323788  -1.8061255  -1.9027834 2026 01 16 02 49 34.67
0  -1560.72934  -1523.17451   6699.02275  -7.1039249  -1.7513606  -2.0556549 2026 01 16 02 49 54.67
0  -1702.49527  -1557.64814   6656.38861  -7.0720980  -1.6958894  -2.2076053 2026 01 16 02 50 14.67
0  -1843.59103  -1591.00557   6610.72526  -7.0369099  -1.6397465  -2.3585652 2026 01 16 02 50 34.67
0  -1983.94954  -1623.23371   6562.05319  -6.9983739  -1.5829668  -2.5084660 2026 01 16 02 50 54.67
0  -2123.50397  -1654.32019   6510.39427  -6.9565049  -1.5255856  -2.6572394 2026 01 16 02 51 14.67
0  -2262.18785  -1684.25332   6455.77172  -6.9113195  -1.4676384  -2.8048176 2026 01 16 02 51 34.67
0  -2399.93501  -1713.02214   6398.21012  -6.8628359  -1.4091607  -2.9511332 2026 01 16 02 51 54.67
0  -2536.67969  -1740.61640   6337.73538  -6.8110739  -1.3501885  -3.0961195 2026 01 16 02 52 14.67
0  -2672.35653  -1767.02657   6274.37477  -6.7560548  -1.2907578  -3.2397102 2026 01 16 02 52 34.67
0  -2806.90062  -1792.24384   6208.15685  -6.6978016  -1.2309049  -3.3818397 2026 01 16 02 52 54.67
0  -2940.24752  -1816.26013   6139.11148  -6.6363388  -1.1706660  -3.5224430 2026 01 16 02 53 14.67
0  -3072.33329  -1839.06809   6067.26985  -6.5716926  -1.1100777  -3.6614556 2026 01 16 02 53 34.67
0  -3203.09453  -1860.66109   5992.66440  -6.5038906  -1.0491764  -3.7988139 2026 01 16 02 53 54.67
0  -3332.46844  -1881.03324   5915.32885  -6.4329621  -0.9879988  -3.9344550 2026 01 16 02 54 14.67
0  -3460.39277  -1900.17937   5835.29815  -6.3589379  -0.9265816  -4.0683166 2026 01 16 02 54 34.67
0  -3586.80594  -1918.09507   5752.60853  -6.2818503  -0.8649615  -4.2003373 2026 01 16 02 54 54.67
0  -3711.64701  -1934.77664   5667.29741  -6.2017332  -0.8031752  -4.3304563 2026 01 16 02 55 14.67
0  -3834.85574  -1950.22113   5579.40341  -6.1186219  -0.7412595  -4.4586140 2026 01 16 02 55 34.67
0  -3956.37262  -1964.42632   5488.96635  -6.0325534  -0.6792509  -4.5847512 2026 01 16 02 55 54.67
0  -4076.13889  -1977.39070   5396.02723  -5.9435660  -0.6171862  -4.7088100 2026 01 16 02 56 14.67
0  -4194.09655  -1989.11354   5300.62819  -5.8516995  -0.5551020  -4.8307332 2026 01 16 02 56 34.67
0  -4310.18844  -1999.59479   5202.81249  -5.7569951  -0.4930346  -4.9504645 2026 01 16 02 56 54.67
0  -4424.35822  -2008.83516   5102.62454  -5.6594957  -0.4310205  -5.0679488 2026 01 16 02 57 14.67
0  -4536.55044  -2016.83609   5000.10982  -5.5592453  -0.3690959  -5.1831318 2026 01 16 02 57 34.67
0  -4646.71052  -2023.59971   4895.31488  -5.4562894  -0.3072969  -5.2959603 2026 01 16 02 57 54.67
0  -4754.78482  -2029.12891   4788.28733  -5.3506750  -0.2456593  -5.4063822 2026 01 16 02 58 14.67
0  -4860.72065  -2033.42726   4679.07583  -5.2424504  -0.1842189  -5.5143465 2026 01 16 02 58 34.67
0  -4964.46630  -2036.49907   4567.73003  -5.1316652  -0.1230112  -5.6198031 2026 01 16 02 58 54.67
0  -5065.97106  -2038.34934   4454.30056  -5.0183702  -0.0620714  -5.7227032 2026 01 16 02 59 14.67
0  -5165.18525  -2038.98378   4338.83905  -4.9026177  -0.0014345  -5.8229993 2026 01 16 02 59 34.67
0  -5262.06027  -2038.40880   4221.39802  -4.7844612   0.0588648  -5.9206449 2026 01 16 02 59 54.67
0  -5356.54857  -2036.63149   4102.03095  -4.6639555   0.1187921  -6.0155947 2026 01 16 03 00 14.67
0  -5448.60372  -2033.65964   3980.79220  -4.5411565   0.1783131  -6.1078048 2026 01 16 03 00 34.67
0  -5538.18043  -2029.50170   3857.73699  -4.4161213   0.2373943  -6.1972323 2026 01 16 03 00 54.67
0  -5625.23455  -2024.16682   3732.92139  -4.2889083   0.2960022  -6.2838359 2026 01 16 03 01 14.67
0  -5709.72313  -2017.66478   3606.40228  -4.1595769   0.3541037  -6.3675753 2026 01 16 03 01 34.67
0  -5791.60439  -2010.00604   3478.23734  -4.0281876   0.4116661  -6.4484118 2026 01 16 03 01 54.67
0  -5870.83779  -2001.20171   3348.48500  -3.8948022   0.4686574  -6.5263079 2026 01 16 03 02 14.67
0  -5947.38403  -1991.26352   3217.20443  -3.7594833   0.5250457  -6.6012274 2026 01 16 03 02 34.67
0  -6021.20509  -1980.20386   3084.45551  -3.6222946   0.5807996  -6.6731357 2026 01 16 03 02 54.67
0  -6092.26419  -1968.03571   2950.29881  -3.4833009   0.6358884  -6.7419995 2026 01 16 03 03 14.67
0  -6160.52591  -1954.77269   2814.79554  -3.3425677   0.6902815  -6.8077868 2026 01 16 03 03 34.67
0  -6225.95612  -1940.42901   2678.00753  -3.2001616   0.7439493  -6.8704673 2026 01 16 03 03 54.67
0  -6288.52202  -1925.01947   2539.99722  -3.0561501   0.7968622  -6.9300119 2026 01 16 03 04 14.67
0  -6348.19220  -1908.55946   2400.82759  -2.9106016   0.8489915  -6.9863932 2026 01 16 03 04 34.67
0  -6404.93660  -1891.06493   2260.56218  -2.7635850   0.9003090  -7.0395852 2026 01 16 03 04 54.67
0  -6458.72655  -1872.55239   2119.26503  -2.6151704   0.9507869  -7.0895633 2026 01 16 03 05 14.67
0  -6509.53481  -1853.03891   1977.00064  -2.4654284   1.0003983  -7.1363046 2026 01 16 03 05 34.67
0  -6557.33553  -1832.54209   1833.83396  -2.3144303   1.0491166  -7.1797877 2026 01 16 03 05 54.67
0  -6602.10432  -1811.08005   1689.83037  -2.1622482   1.0969159  -7.2199927 2026 01 16 03 06 14.67
0  -6643.81822  -1788.67142   1545.05561  -2.0089546   1.1437711  -7.2569011 2026 01 16 03 06 34.67
0  -6682.45573  -1765.33533   1399.57579  -1.8546230   1.1896576  -7.2904963 2026 01 16 03 06 54.67
0  -6717.99682  -1741.09139   1253.45733  -1.6993270   1.2345515  -7.3207630 2026 01 16 03 07 14.67
0  -6750.42296  -1715.95970   1106.76693  -1.5431411   1.2784295  -7.3476877 2026 01 16 03 07 34.67
0  -6779.71709  -1689.96079    959.57156  -1.3861399   1.3212691  -7.3712582 2026 01 16 03 07 54.67
0  -6805.86366  -1663.11565    811.93840  -1.2283987   1.3630485  -7.3914642 2026 01 16 03 08 14.67
0  -6828.84862  -1635.44571    663.93485  -1.0699932   1.4037466  -7.4082968 2026 01 16 03 08 34.67
0  -6848.65945  -1606.97278    515.62845  -0.9109993   1.4433430  -7.4217488 2026 01 16 03 08 54.67
0  -6865.28514  -1577.71911    367.08687  -0.7514934   1.4818179  -7.4318145 2026 01 16 03 09 14.67
0  -6878.71622  -1547.70732    218.37787  -0.5915519   1.5191526  -7.4384900 2026 01 16 03 09 34.67
0  -6888.94474  -1516.96038     69.56928  -0.4312517   1.5553289  -7.4417729 2026 01 16 03 09 54.67
0  -6895.96430  -1485.50165    -79.27102  -0.2706698   1.5903294  -7.4416623 2026 01 16 03 10 14.67
0  -6899.77004  -1453.35481   -228.07517  -0.1098833   1.6241374  -7.4381591 2026 01 16 03 10 34.67
0  -6900.35864  -1420.54386   -376.77535   0.0510306   1.6567373  -7.4312657 2026 01 16 03 10 54.67
0  -6897.72832  -1387.09313   -525.30378   0.2119945   1.6881139  -7.4209862 2026 01 16 03 11 14.67
0  -6891.87886  -1353.02722   -673.59281   0.3729312   1.7182531  -7.4073261 2026 01 16 03 11 34.67
0  -6882.81158  -1318.37101   -821.57487   0.5337632   1.7471414  -7.3902928 2026 01 16 03 11 54.67
0  -6870.52934  -1283.14965   -969.18261   0.6944134   1.7747663  -7.3698950 2026 01 16 03 12 14.67
0  -6855.03656  -1247.38854  -1116.34882   0.8548045   1.8011159  -7.3461432 2026 01 16 03 12 34.67
0  -6836.33918  -1211.11328  -1263.00655   1.0148596   1.8261793  -7.3190493 2026 01 16 03 12 54.67
0  -6814.44469  -1174.34969  -1409.08909   1.1745018   1.8499464  -7.2886269 2026 01 16 03 13 14.67
0  -6789.36213  -1137.12382  -1554.53001   1.3336546   1.8724079  -7.2548911 2026 01 16 03 13 34.67
0  -6761.10203  -1099.46184  -1699.26321   1.4922415   1.8935553  -7.2178585 2026 01 16 03 13 54.67
0  -6729.67649  -1061.39012  -1843.22294   1.6501865   1.9133811  -7.1775475 2026 01 16 03 14 14.67
0  -6695.09910  -1022.93517  -1986.34382   1.8074139   1.9318783  -7.1339776 2026 01 16 03 14 34.67
0  -6657.38497   -984.12361  -2128.56088   1.9638484   1.9490411  -7.0871702 2026 01 16 03 14 54.67
0  -6616.55069   -944.98218  -2269.80961   2.1194150   1.9648644  -7.0371479 2026 01 16 03 15 14.67
0  -6572.61439   -905.53772  -2410.02594   2.2740393   1.9793440  -6.9839351 2026 01 16 03 15 34.67
0  -6525.59564   -865.81715  -2549.14631   2.4276474   1.9924764  -6.9275573 2026 01 16 03 15 54.67
0  -6475.51550   -825.84742  -2687.10770   2.5801657   2.0042590  -6.8680418 2026 01 16 03 16 14.67
0  -6422.39650   -785.65556  -2823.84764   2.7315216   2.0146901  -6.8054170 2026 01 16 03 16 34.67
0  -6366.26262   -745.26860  -2959.30423   2.8816427   2.0237689  -6.7397131 2026 01 16 03 16 54.67
0  -6307.13926   -704.71359  -3093.41622   3.0304573   2.0314952  -6.6709613 2026 01 16 03 17 14.67
0  -6245.05326   -664.01758  -3226.12296   3.1778947   2.0378699  -6.5991946 2026 01 16 03 17 34.67
0  -6180.03288   -623.20758  -3357.36450   3.3238846   2.0428946  -6.5244469 2026 01 16 03 17 54.67
0  -6112.10776   -582.31057  -3487.08157   3.4683574   2.0465717  -6.4467538 2026 01 16 03 18 14.67
0  -6041.30893   -541.35348  -3615.21563   3.6112446   2.0489044  -6.3661521 2026 01 16 03 18 34.67
0  -5967.66877   -500.36314  -3741.70888   3.7524783   2.0498968  -6.2826798 2026 01 16 03 18 54.67
0  -5891.22104   -459.36632  -3866.50432   3.8919913   2.0495538  -6.1963764 2026 01 16 03 19 14.67
0  -5812.00081   -418.38968  -3989.54571   4.0297177   2.0478810  -6.1072825 2026 01 16 03 19 34.67
0  -5730.04447   -377.45973  -4110.77767   4.1655920   2.0448851  -6.0154398 2026 01 16 03 19 54.67
0  -5645.38970   -336.60288  -4230.14566   4.2995501   2.0405731  -5.9208916 2026 01 16 03 20 14.67
0  -5558.07545   -295.84536  -4347.59599   4.4315286   2.0349533  -5.8236819 2026 01 16 03 20 34.67
0  -5468.14196   -255.21324  -4463.07589   4.5614651   2.0280343  -5.7238563 2026 01 16 03 20 54.67
0  -5375.63066   -214.73243  -4576.53352   4.6892983   2.0198258  -5.6214612 2026 01 16 03 21 14.67
0  -5280.58424   -174.42859  -4687.91795   4.8149680   2.0103382  -5.5165444 2026 01 16 03 21 34.67
0  -5183.04655   -134.32720  -4797.17923   4.9384150   1.9995825  -5.4091544 2026 01 16 03 21 54.67
0  -5083.06263    -94.45351  -4904.26841   5.0595811   1.9875706  -5.2993412 2026 01 16 03 22 14.67
0  -4980.67867    -54.83252  -5009.13751   5.1784095   1.9743150  -5.1871555 2026 01 16 03 22 34.67
0  -4875.94198    -15.48897  -5111.73961   5.2948442   1.9598291  -5.0726491 2026 01 16 03 22 54.67
0  -4768.90099     23.55267  -5212.02882   5.4088307   1.9441268  -4.9558749 2026 01 16 03 23 14.67
0  -4659.60519     62.26823  -5309.96032   5.5203156   1.9272227  -4.8368866 2026 01 16 03 23 34.67
0  -4548.10515    100.63381  -5405.49037   5.6292466   1.9091324  -4.7157388 2026 01 16 03 23 54.67
0  -4434.45244    138.62586  -5498.57634   5.7355727   1.8898718  -4.5924872 2026 01 16 03 24 14.67
0  -4318.69966    176.22113  -5589.17672   5.8392443   1.8694576  -4.4671882 2026 01 16 03 24 34.67
0  -4200.90040    213.39673  -5677.25111   5.9402128   1.8479072  -4.3398991 2026 01 16 03 24 54.67
0  -4081.10918    250.13010  -5762.76032   6.0384313   1.8252386  -4.2106779 2026 01 16 03 25 14.67
0  -3959.38147    286.39908  -5845.66627   6.1338538   1.8014704  -4.0795836 2026 01 16 03 25 34.67
0  -3835.77364    322.18185  -5925.93210   6.2264359   1.7766217  -3.9466758 2026 01 16 03 25 54.67
0  -3710.34291    357.45701  -6003.52214   6.3161345   1.7507125  -3.8120149 2026 01 16 03 26 14.67
0  -3583.14739    392.20356  -6078.40195   6.4029078   1.7237631  -3.6756619 2026 01 16 03 26 34.67
0  -3454.24598    426.40088  -6150.53829   6.4867154   1.6957944  -3.5376787 2026 01 16 03 26 54.67
0  -3323.69839    460.02882  -6219.89918   6.5675184   1.6668281  -3.3981276 2026 01 16 03 27 14.67
0  -3191.56509    493.06764  -6286.45389   6.6452792   1.6368862  -3.2570716 2026 01 16 03 27 34.67
0  -3057.90729    525.49805  -6350.17296   6.7199618   1.6059911  -3.1145744 2026 01 16 03 27 54.67
0  -2922.78689    557.30123  -6411.02821   6.7915313   1.5741662  -2.9707002 2026 01 16 03 28 14.67
0  -2786.26650    588.45880  -6468.99273   6.8599546   1.5414348  -2.8255136 2026 01 16 03 28 34.67
0  -2648.40936    618.95288  -6524.04094   6.9251999   1.5078211  -2.6790799 2026 01 16 03 28 54.67
0  -2509.27934    648.76606  -6576.14854   6.9872370   1.4733497  -2.5314648 2026 01 16 03 29 14.67
0  -2368.94089    677.88145  -6625.29258   7.0460369   1.4380455  -2.3827345 2026 01 16 03 29 34.67
0  -2227.45903    706.28264  -6671.45139   7.1015724   1.4019339  -2.2329554 2026 01 16 03 29 54.67
0  -2084.89931    733.95373  -6714.60469   7.1538176   1.3650408  -2.0821947 2026 01 16 03 30 14.67
0  -1941.32777    760.87937  -6754.73351   7.2027483   1.3273923  -1.9305197 2026 01 16 03 30 34.67
0  -1796.81095    787.04470  -6791.82024   7.2483416   1.2890152  -1.7779980 2026 01 16 03 30 54.67
0  -1651.41581    812.43543  -6825.84862   7.2905764   1.2499363  -1.6246976 2026 01 16 03 31 14.67
0  -1505.20971    837.03779  -6856.80377   7.3294328   1.2101831  -1.4706869 2026 01 16 03 31 34.67
0  -1358.26041    860.83857  -6884.67215   7.3648928   1.1697832  -1.3160343 2026 01 16 03 31 54.67
0  -1210.63600    883.82512  -6909.44162   7.3969396   1.1287646  -1.1608087 2026 01 16 03 32 14.67
0  -1062.40491    905.98534  -6931.10140   7.4255582   1.0871556  -1.0050791 2026 01 16 03 32 34.67
0   -913.63584    927.30771  -6949.64212   7.4507350   1.0449848  -0.8489145 2026 01 16 03 32 54.67
0   -764.39774    947.78129  -6965.05575   7.4724582   1.0022810  -0.6923843 2026 01 16 03 33 14.67
0   -614.75980    967.39570  -6977.33568   7.4907172   0.9590734  -0.5355580 2026 01 16 03 33 34.67
0   -464.79140    986.14117  -6986.47669   7.5055032   0.9153913  -0.3785051 2026 01 16 03 33 54.67
0   -314.56206   1004.00849  -6992.47493   7.5168090   0.8712643  -0.2212950 2026 01 16 03 34 14.67
0   -164.14145   1020.98907  -6995.32796   7.5246289   0.8267221  -0.0639976 2026 01 16 03 34 34.67
0    -13.59934   1037.07490  -6995.03473   7.5289587   0.7817948   0.0933176 2026 01 16 03 34 54.67
0    136.99444   1052.25858  -6991.59558   7.5297959   0.7365123   0.2505809 2026 01 16 03 35 14.67
0    287.57003   1066.53331  -6985.01224   7.5271396   0.6909051   0.4077227 2026 01 16 03 35 34.67
0    438.05756   1079.89289  -6975.28783   7.5209902   0.6450035   0.5646735 2026 01 16 03 35 54.67
0    588.38719   1092.33175  -6962.42689   7.5113501   0.5988380   0.7213639 2026 01 16 03 36 14.67
0    738.48913   1103.84492  -6946.43529   7.4982229   0.5524393   0.8777245 2026 01 16 03 36 34.67
0    888.29369   1114.42803  -6927.32034   7.4816140   0.5058381   1.0336862 2026 01 16 03 36 54.67
0   1037.73130   1124.07735  -6905.09070   7.4615303   0.4590651   1.1891799 2026 01 16 03 37 14.67
0   1186.73256   1132.78974  -6879.75641   7.4379802   0.4121513   1.3441369 2026 01 16 03 37 34.67
0   1335.22822   1140.56270  -6851.32891   7.4109739   0.3651274   1.4984886 2026 01 16 03 37 54.67
0   1483.14927   1147.39434  -6819.82098   7.3805227   0.3180243   1.6521666 2026 01 16 03 38 14.67
0   1630.42695   1153.28338  -6785.24678   7.3466401   0.2708729   1.8051029 2026 01 16 03 38 34.67
0   1776.99277   1158.22916  -6747.62181   7.3093405   0.2237041   1.9572299 2026 01 16 03 38 54.67
0   1922.77855   1162.23164  -6706.96295   7.2686404   0.1765486   2.1084800 2026 01 16 03 39 14.67
0   2067.71645   1165.29141  -6663.28839   7.2245576   0.1294373   2.2587862 2026 01 16 03 39 34.67
0   2211.73901   1167.40964  -6616.61769   7.1771113   0.0824008   2.4080819 2026 01 16 03 39 54.67
0   2354.77917   1168.58814  -6566.97173   7.1263224   0.0354698   2.5563009 2026 01 16 03 40 14.67
0   2496.77029   1168.82933  -6514.37268   7.0722135  -0.0113254   2.7033773 2026 01 16 03 40 34.67
0   2637.64621   1168.13622  -6458.84407   7.0148083  -0.0579543   2.8492457 2026 01 16 03 40 54.67
0   2777.34126   1166.51245  -6400.41071   6.9541324  -0.1043866   2.9938414 2026 01 16 03 41 14.67
0   2915.79029   1163.96225  -6339.09868   6.8902127  -0.1505924   3.1371000 2026 01 16 03 41 34.67
0   3052.92870   1160.49044  -6274.93538   6.8230777  -0.1965416   3.2789576 2026 01 16 03 41 54.67
0   3188.69249   1156.10247  -6207.94946   6.7527573  -0.2422046   3.4193512 2026 01 16 03 42 14.67
0   3323.01825   1150.80434  -6138.17082   6.6792828  -0.2875519   3.5582181 2026 01 16 03 42 34.67
0   3455.84324   1144.60266  -6065.63063   6.6026871  -0.3325542   3.6954962 2026 01 16 03 42 54.67
0   3587.10536   1137.50463  -5990.36127   6.5230047  -0.3771824   3.8311243 2026 01 16 03 43 14.67
0   3716.74325   1129.51802  -5912.39636   6.4402711  -0.4214078   3.9650416 2026 01 16 03 43 34.67
0   3844.69624   1120.65117  -5831.77071   6.3545237  -0.4652018   4.0971883 2026 01 16 03 43 54.67
0   3970.90444   1110.91298  -5748.52033   6.2658010  -0.5085363   4.2275050 2026 01 16 03 44 14.67
0   4095.30875   1100.31294  -5662.68241   6.1741430  -0.5513832   4.3559334 2026 01 16 03 44 34.67
0   4217.85087   1088.86106  -5574.29529   6.0795911  -0.5937151   4.4824156 2026 01 16 03 44 54.67
0   4338.47336   1076.56792  -5483.39847   5.9821880  -0.6355046   4.6068948 2026 01 16 03 45 14.67
0   4457.11961   1063.44464  -5390.03257   5.8819779  -0.6767250   4.7293150 2026 01 16 03 45 34.67
0   4573.73396   1049.50287  -5294.23932   5.7790062  -0.7173495   4.8496209 2026 01 16 03 45 54.67
0   4688.26163   1034.75478  -5196.06157   5.6733198  -0.7573521   4.9677582 2026 01 16 03 46 14.67
0   4800.64881   1019.21308  -5095.54321   5.5649665  -0.7967071   5.0836735 2026 01 16 03 46 34.67
0   4910.84265   1002.89097  -4992.72921   5.4539959  -0.8353890   5.1973144 2026 01 16 03 46 54.67
0   5018.79131    985.80216  -4887.66558   5.3404585  -0.8733731   5.3086293 2026 01 16 03 47 14.67
0   5124.44398    967.96085  -4780.39935   5.2244063  -0.9106348   5.4175677 2026 01 16 03 47 34.67
0   5227.75088    949.38174  -4670.97855   5.1058922  -0.9471502   5.5240800 2026 01 16 03 47 54.67
0   5328.66332    930.07998  -4559.45218   4.9849705  -0.9828958   5.6281179 2026 01 16 03 48 14.67
0   5427.13371    910.07120  -4445.87021   4.8616968  -1.0178485   5.7296337 2026 01 16 03 48 34.67
0   5523.11557    889.37148  -4330.28354   4.7361277  -1.0519858   5.8285812 2026 01 16 03 48 54.67
0   5616.56357    867.99736  -4212.74400   4.6083209  -1.0852858   5.9249152 2026 01 16 03 49 14.67
0   5707.43353    845.96580  -4093.30431   4.4783353  -1.1177268   6.0185914 2026 01 16 03 49 34.67
0   5795.68250    823.29418  -3972.01804   4.3462308  -1.1492881   6.1095669 2026 01 16 03 49 54.67
0   5881.26868    800.00031  -3848.93964   4.2120684  -1.1799493   6.1977999 2026 01 16 03 50 14.67
0   5964.15156    776.10238  -3724.12435   4.0759102  -1.2096905   6.2832498 2026 01 16 03 50 34.67
0   6044.29184    751.61899  -3597.62825   3.9378192  -1.2384925   6.3658772 2026 01 16 03 50 54.67
0   6121.65151    726.56911  -3469.50816   3.7978595  -1.2663368   6.4456438 2026 01 16 03 51 14.67
0   6196.19384    700.97207  -3339.82167   3.6560959  -1.2932053   6.5225128 2026 01 16 03 51 34.67
0   6267.88341    674.84757  -3208.62709   3.5125943  -1.3190806   6.5964486 2026 01 16 03 51 54.67
0   6336.68613    648.21564  -3075.98343   3.3674216  -1.3439460   6.6674168 2026 01 16 03 52 14.67
0   6402.56926    621.09664  -2941.95037   3.2206454  -1.3677853   6.7353843 2026 01 16 03 52 34.67
0   6465.50140    593.51124  -2806.58825   3.0723340  -1.3905831   6.8003195 2026 01 16 03 52 54.67
0   6525.45255    565.48043  -2669.95801   2.9225567  -1.4123245   6.8621920 2026 01 16 03 53 14.67
0   6582.39408    537.02547  -2532.12121   2.7713836  -1.4329955   6.9209728 2026 01 16 03 53 34.67
0   6636.29879    508.16791  -2393.13995   2.6188853  -1.4525825   6.9766343 2026 01 16 03 53 54.67
0   6687.14090    478.92956  -2253.07688   2.4651333  -1.4710729   7.0291504 2026 01 16 03 54 14.67
0   6734.89603    449.33247  -2111.99517   2.3101997  -1.4884545   7.0784962 2026 01 16 03 54 34.67
0   6779.54130    419.39893  -1969.95845   2.1541572  -1.5047159   7.1246484 2026 01 16 03 54 54.67
0   6821.05525    389.15145  -1827.03081   1.9970790  -1.5198466   7.1675850 2026 01 16 03 55 14.67
0   6859.41791    358.61275  -1683.27677   1.8390391  -1.5338366   7.2072857 2026 01 16 03 55 34.67
0   6894.61078    327.80574  -1538.76125   1.6801118  -1.5466767   7.2437314 2026 01 16 03 55 54.67
0   6926.61687    296.75349  -1393.54951   1.5203719  -1.5583585   7.2769045 2026 01 16 03 56 14.67
0   6955.42068    265.47925  -1247.70718   1.3598948  -1.5688742   7.3067892 2026 01 16 03 56 34.67
0   6981.00822    234.00642  -1101.30016   1.1987562  -1.5782168   7.3333709 2026 01 16 03 56 54.67
0   7003.36702    202.35852   -954.39465   1.0370320  -1.5863801   7.3566365 2026 01 16 03 57 14.67
0   7022.48613    170.55919   -807.05709   0.8747989  -1.5933587   7.3765747 2026 01 16 03 57 34.67
0   7038.35614    138.63217   -659.35412   0.7121333  -1.5991479   7.3931754 2026 01 16 03 57 54.67
0   7050.96917    106.60130   -511.35258   0.5491124  -1.6037436   7.4064302 2026 01 16 03 58 14.67
0   7060.31888     74.49046   -363.11947   0.3858132  -1.6071428   7.4163322 2026 01 16 03 58 34.67
0   7066.40049     42.32364   -214.72188   0.2223132  -1.6093429   7.4228762 2026 01 16 03 58 54.67
0   7069.21074     10.12480    -66.22702   0.0586897  -1.6103425   7.4260582 2026 01 16 03 59 14.67
0   7068.74795    -22.08201     82.29784  -0.1049797  -1.6101405   7.4258762 2026 01 16 03 59 34.67
0   7065.01197    -54.27276    230.78542  -0.2686172  -1.6087369   7.4223293 2026 01 16 03 59 54.67
0   7058.00421    -86.42344    379.16842  -0.4321454  -1.6061325   7.4154185 2026 01 16 04 00 14.67
0   7047.72764   -118.51004    527.37960  -0.5954864  -1.6023285   7.4051463 2026 01 16 04 00 34.67
0   7034.18677   -150.50858    675.35176  -0.7585629  -1.5973274   7.3915166 2026 01 16 04 00 54.67
0   7017.38768   -182.39516    823.01780  -0.9212972  -1.5911320   7.3745350 2026 01 16 04 01 14.67
0   6997.33797   -214.14592    970.31075  -1.0836122  -1.5837461   7.3542085 2026 01 16 04 01 34.67
0   6974.04680   -245.73710   1117.16381  -1.2454306  -1.5751744   7.3305460 2026 01 16 04 01 54.67
0   6947.52487   -277.14504   1263.51035  -1.4066756  -1.5654220   7.3035575 2026 01 16 04 02 14.67
0   6917.78443   -308.34617   1409.28396  -1.5672705  -1.5544951   7.2732548 2026 01 16 04 02 34.67
0   6884.83922   -339.31708   1554.41850  -1.7271390  -1.5424005   7.2396512 2026 01 16 04 02 54.67
0   6848.70455   -370.03449   1698.84809  -1.8862050  -1.5291458   7.2027616 2026 01 16 04 03 14.67
0   6809.39721   -400.47528   1842.50717  -2.0443930  -1.5147393   7.1626023 2026 01 16 04 03 34.67
0   6766.93552   -430.61650   1985.33053  -2.2016277  -1.4991901   7.1191912 2026 01 16 04 03 54.67
0   6721.33929   -460.43539   2127.25331  -2.3578343  -1.4825081   7.0725476 2026 01 16 04 04 14.67
0   6672.62983   -489.90941   2268.21108  -2.5129387  -1.4647038   7.0226925 2026 01 16 04 04 34.67
0   6620.82991   -519.01621   2408.13983  -2.6668670  -1.4457884   6.9696482 2026 01 16 04 04 54.67
0   6565.96380   -547.73370   2546.97600  -2.8195462  -1.4257741   6.9134386 2026 01 16 04 05 14.67
0   6508.05719   -576.04002   2684.65655  -2.9709037  -1.4046734   6.8540890 2026 01 16 04 05 34.67
0   6447.13725   -603.91358   2821.11893  -3.1208676  -1.3825000   6.7916261 2026 01 16 04 05 54.67
0   6383.23255   -631.33307   2956.30117  -3.2693666  -1.3592678   6.7260781 2026 01 16 04 06 14.67
0   6316.37310   -658.27745   3090.14185  -3.4163303  -1.3349918   6.6574748 2026 01 16 04 06 34.67
0   6246.59030   -684.72600   3222.58017  -3.5616890  -1.3096873   6.5858471 2026 01 16 04 06 54.67
0   6173.91695   -710.65831   3353.55596  -3.7053736  -1.2833707   6.5112274 2026 01 16 04 07 14.67
0   6098.38721   -736.05431   3483.00973  -3.8473160  -1.2560586   6.4336496 2026 01 16 04 07 34.67
0   6020.03660   -760.89427   3610.88266  -3.9874490  -1.2277687   6.3531489 2026 01 16 04 07 54.67
0   5938.90196   -785.15880   3737.11665  -4.1257061  -1.1985190   6.2697617 2026 01 16 04 08 14.67
0   5855.02149   -808.82889   3861.65436  -4.2620218  -1.1683282   6.1835260 2026 01 16 04 08 34.67
0   5768.43463   -831.88593   3984.43918  -4.3963317  -1.1372158   6.0944808 2026 01 16 04 08 54.67
0   5679.18216   -854.31166   4105.41535  -4.5285721  -1.1052016   6.0026665 2026 01 16 04 09 14.67
0   5587.30609   -876.08826   4224.52789  -4.6586806  -1.0723063   5.9081249 2026 01 16 04 09 34.67
0   5492.84967   -897.19833   4341.72268  -4.7865957  -1.0385510   5.8108989 2026 01 16 04 09 54.67
0   5395.85738   -917.62487   4456.94647  -4.9122569  -1.0039574   5.7110327 2026 01 16 04 10 14.67
0   5296.37489   -937.35134   4570.14691  -5.0356049  -0.9685478   5.6085716 2026 01 16 04 10 34.67
0   5194.44905   -956.36165   4681.27256  -5.1565816  -0.9323449   5.5035621 2026 01 16 04 10 54.67
0   5090.12785   -974.64016   4790.27294  -5.2751300  -0.8953721   5.3960520 2026 01 16 04 11 14.67
0   4983.46043   -992.17171   4897.09851  -5.3911941  -0.8576531   5.2860900 2026 01 16 04 11 34.67
0   4874.49701  -1008.94162   5001.70073  -5.5047195  -0.8192125   5.1737261 2026 01 16 04 11 54.67
0   4763.28891  -1024.93571   5104.03208  -5.6156526  -0.7800748   5.0590113 2026 01 16 04 12 14.67
0   4649.88850  -1040.14029   5204.04605  -5.7239413  -0.7402655   4.9419977 2026 01 16 04 12 34.67
0   4534.34918  -1054.54218   5301.69719  -5.8295348  -0.6998103   4.8227383 2026 01 16 04 12 54.67
0   4416.72535  -1068.12872   5396.94113  -5.9323836  -0.6587352   4.7012873 2026 01 16 04 13 14.67
0   4297.07238  -1080.88778   5489.73459  -6.0324394  -0.6170670   4.5776998 2026 01 16 04 13 34.67
0   4175.44661  -1092.80777   5580.03540  -6.1296554  -0.5748325   4.4520317 2026 01 16 04 13 54.67
0   4051.90530  -1103.87763   5667.80250  -6.2239860  -0.5320592   4.3243402 2026 01 16 04 14 14.67
0   3926.50660  -1114.08687   5752.99602  -6.3153872  -0.4887748   4.1946830 2026 01 16 04 14 34.67
0   3799.30951  -1123.42554   5835.57721  -6.4038162  -0.4450074   4.0631189 2026 01 16 04 14 54.67
0   3670.37391  -1131.88426   5915.50855  -6.4892318  -0.4007855   3.9297075 2026 01 16 04 15 14.67
0   3539.76047  -1139.45424   5992.75368  -6.5715941  -0.3561377   3.7945093 2026 01 16 04 15 34.67
0   3407.53063  -1146.12725   6067.27749  -6.6508649  -0.3110932   3.6575854 2026 01 16 04 15 54.67
0   3273.74659  -1151.89564   6139.04606  -6.7270071  -0.2656813   3.5189979 2026 01 16 04 16 14.67
0   3138.47129  -1156.75236   6208.02677  -6.7999854  -0.2199316   3.3788094 2026 01 16 04 16 34.67
0   3001.76835  -1160.69096   6274.18822  -6.8697660  -0.1738740   3.2370835 2026 01 16 04 16 54.67
0   2863.70204  -1163.70557   6337.50031  -6.9363164  -0.1275385   3.0938841 2026 01 16 04 17 14.67
0   2724.33729  -1165.79095   6397.93420  -6.9996059  -0.0809556   2.9492761 2026 01 16 04 17 34.67
0   2583.73960  -1166.94245   6455.46239  -7.0596052  -0.0341557   2.8033248 2026 01 16 04 17 54.67
0   2441.97506  -1167.15603   6510.05867  -7.1162865   0.0128306   2.6560962 2026 01 16 04 18 14.67
0   2299.11030  -1166.42827   6561.69815  -7.1696238   0.0599723   2.5076569 2026 01 16 04 18 34.67
0   2155.21244  -1164.75639   6610.35730  -7.2195924   0.1072384   2.3580740 2026 01 16 04 18 54.67
0   2010.34908  -1162.13819   6656.01391  -7.2661695   0.1545979   2.2074150 2026 01 16 04 19 14.67
0   1864.58829  -1158.57213   6698.64714  -7.3093336   0.2020194   2.0557479 2026 01 16 04 19 34.67
0   1717.99851  -1154.05727   6738.23752  -7.3490650   0.2494718   1.9031414 2026 01 16 04 19 54.67
0   1570.64858  -1148.59332   6774.76695  -7.3853456   0.2969235   1.7496644 2026 01 16 04 20 14.67
0   1422.60769  -1142.18060   6808.21870  -7.4181589   0.3443432   1.5953861 2026 01 16 04 20 34.67
0   1273.94534  -1134.82006   6838.57746  -7.4474901   0.3916994   1.4403762 2026 01 16 04 20 54.67
0   1124.73130  -1126.51330   6865.82930  -7.4733258   0.4389605   1.2847048 2026 01 16 04 21 14.67
0    975.03560  -1117.26253   6889.96167  -7.4956545   0.4860952   1.1284421 2026 01 16 04 21 34.67
0    824.92848  -1107.07058   6910.96347  -7.5144662   0.5330718   0.9716588 2026 01 16 04 21 54.67
0    674.48037  -1095.94094   6928.82498  -7.5297528   0.5798591   0.8144257 2026 01 16 04 22 14.67
0    523.76184  -1083.87771   6943.53793  -7.5415075   0.6264257   0.6568138 2026 01 16 04 22 34.67
0    372.84358  -1070.88561   6955.09545  -7.5497254   0.6727402   0.4988942 2026 01 16 04 22 54.67
0    221.79636  -1056.97000   6963.49210  -7.5544032   0.7187715   0.3407384 2026 01 16 04 23 14.67
0     70.69101  -1042.13686   6968.72387  -7.5555393   0.7644884   0.1824179 2026 01 16 04 23 34.67
0    -80.40165  -1026.39277   6970.78819  -7.5531336   0.8098602   0.0240042 2026 01 16 04 23 54.67
0   -231.41080  -1009.74495   6969.68389  -7.5471879   0.8548558  -0.1344311 2026 01 16 04 24 14.67
0   -382.26565   -992.20124   6965.41128  -7.5377055   0.8994449  -0.2928163 2026 01 16 04 24 34.67
0   -532.89553   -973.77006   6957.97207  -7.5246913   0.9435968  -0.4510798 2026 01 16 04 24 54.67
