0  -7282.73730    739.14901      0.00744  -0.5718349  -4.1939540   5.6462803 2026 01 14 04 18 50.58
0  -7292.82205    655.14120    112.92515  -0.4366473  -4.2065879   5.6451300 2026 01 14 04 19 10.58
0  -7300.20331    570.89399    225.79690  -0.3014953  -4.2178993   5.6416822 2026 01 14 04 19 30.58
0  -7304.88230    486.43385    338.57681  -0.1664302  -4.2278873   5.6359437 2026 01 14 04 19 50.58
0  -7306.86128    401.78724    451.21915  -0.0315029  -4.2365519   5.6279226 2026 01 14 04 20 10.58
0  -7306.14352    316.98064    563.67835   0.1032357  -4.2438931   5.6176274 2026 01 14 04 20 30.58
0  -7302.73329    232.04050    675.90903   0.2377353  -4.2499114   5.6050679 2026 01 14 04 20 50.58
0  -7296.63588    146.99328    787.86600   0.3719460  -4.2546079   5.5902547 2026 01 14 04 21 10.58
0  -7287.85757     61.86539    899.50430   0.5058180  -4.2579839   5.5731991 2026 01 14 04 21 30.58
0  -7276.40562    -23.31676   1010.77922   0.6393023  -4.2600410   5.5539135 2026 01 14 04 21 50.58
0  -7262.28828   -108.52683   1121.64626   0.7723499  -4.2607815   5.5324111 2026 01 14 04 22 10.58
0  -7245.51477   -193.73851   1232.06125   0.9049126  -4.2602078   5.5087058 2026 01 14 04 22 30.58
0  -7226.09527   -278.92554   1341.98028   1.0369423  -4.2583227   5.4828126 2026 01 14 04 22 50.58
0  -7204.04092   -364.06173   1451.35973   1.1683918  -4.2551295   5.4547469 2026 01 14 04 23 10.58
0  -7179.36379   -449.12096   1560.15632   1.2992140  -4.2506318   5.4245253 2026 01 14 04 23 30.58
0  -7152.07689   -534.07717   1668.32712   1.4293624  -4.2448335   5.3921650 2026 01 14 04 23 50.58
0  -7122.19417   -618.90440   1775.82951   1.5587910  -4.2377388   5.3576839 2026 01 14 04 24 10.58
0  -7089.73047   -703.57677   1882.62128   1.6874545  -4.2293524   5.3211009 2026 01 14 04 24 30.58
0  -7054.70155   -788.06850   1988.66059   1.8153079  -4.2196793   5.2824353 2026 01 14 04 24 50.58
0  -7017.12405   -872.35390   2093.90597   1.9423069  -4.2087247   5.2417074 2026 01 14 04 25 10.58
0  -6977.01550   -956.40741   2198.31639   2.0684075  -4.1964942   5.1989380 2026 01 14 04 25 30.58
0  -6934.39431  -1040.20357   2301.85125   2.1935666  -4.1829938   5.1541488 2026 01 14 04 25 50.58
0  -6889.27973  -1123.71704   2404.47036   2.3177415  -4.1682297   5.1073620 2026 01 14 04 26 10.58
0  -6841.69186  -1206.92263   2506.13400   2.4408901  -4.1522084   5.0586005 2026 01 14 04 26 30.58
0  -6791.65165  -1289.79526   2606.80292   2.5629709  -4.1349368   5.0078880 2026 01 14 04 26 50.58
0  -6739.18086  -1372.30999   2706.43833   2.6839430  -4.1164220   4.9552485 2026 01 14 04 27 10.58
0  -6684.30207  -1454.44204   2805.00195   2.8037662  -4.0966714   4.9007070 2026 01 14 04 27 30.58
0  -6627.03866  -1536.16677   2902.45598   2.9224006  -4.0756928   4.8442887 2026 01 14 04 27 50.58
0  -6567.41478  -1617.45971   2998.76315   3.0398075  -4.0534940   4.7860198 2026 01 14 04 28 10.58
0  -6505.45537  -1698.29654   3093.88670   3.1559482  -4.0300834   4.7259267 2026 01 14 04 28 30.58
0  -6441.18614  -1778.65311   3187.79044   3.2707850  -4.0054695   4.6640366 2026 01 14 04 28 50.58
0  -6374.63352  -1858.50544   3280.43869   3.3842809  -3.9796611   4.6003771 2026 01 14 04 29 10.58
0  -6305.82471  -1937.82974   3371.79634   3.4963993  -3.9526671   4.5349764 2026 01 14 04 29 30.58
0  -6234.78760  -2016.60239   3461.82886   3.6071045  -3.9244968   4.4678632 2026 01 14 04 29 50.58
0  -6161.55082  -2094.79996   3550.50229   3.7163612  -3.8951599   4.3990666 2026 01 14 04 30 10.58
0  -6086.14367  -2172.39922   3637.78324   3.8241349  -3.8646660   4.3286163 2026 01 14 04 30 30.58
0  -6008.59616  -2249.37714   3723.63895   3.9303919  -3.8330251   4.2565425 2026 01 14 04 30 50.58
0  -5928.93894  -2325.71087   3808.03725   4.0350990  -3.8002475   4.1828755 2026 01 14 04 31 10.58
0  -5847.20334  -2401.37779   3890.94658   4.1382236  -3.7663436   4.1076465 2026 01 14 04 31 30.58
0  -5763.42132  -2476.35548   3972.33602   4.2397339  -3.7313240   4.0308869 2026 01 14 04 31 50.58
0  -5677.62548  -2550.62175   4052.17527   4.3395989  -3.6951997   3.9526285 2026 01 14 04 32 10.58
0  -5589.84903  -2624.15460   4130.43466   4.4377880  -3.6579818   3.8729036 2026 01 14 04 32 30.58
0  -5500.12578  -2696.93228   4207.08519   4.5342715  -3.6196815   3.7917446 2026 01 14 04 32 50.58
0  -5408.49012  -2768.93326   4282.09852   4.6290203  -3.5803103   3.7091847 2026 01 14 04 33 10.58
0  -5314.97705  -2840.13624   4355.44694   4.7220059  -3.5398800   3.6252570 2026 01 14 04 33 30.58
0  -5219.62210  -2910.52015   4427.10343   4.8132007  -3.4984024   3.5399954 2026 01 14 04 33 50.58
0  -5122.46135  -2980.06418   4497.04166   4.9025776  -3.4558897   3.4534337 2026 01 14 04 34 10.58
0  -5023.53142  -3048.74774   4565.23595   4.9901102  -3.4123540   3.3656062 2026 01 14 04 34 30.58
0  -4922.86945  -3116.55050   4631.66135   5.0757729  -3.3678079   3.2765477 2026 01 14 04 34 50.58
0  -4820.51309  -3183.45238   4696.29356   5.1595406  -3.3222640   3.1862930 2026 01 14 04 35 10.58
0  -4716.50049  -3249.43354   4759.10901   5.2413892  -3.2757350   3.0948772 2026 01 14 04 35 30.58
0  -4610.87025  -3314.47442   4820.08483   5.3212949  -3.2282341   3.0023359 2026 01 14 04 35 50.58
0  -4503.66147  -3378.55572   4879.19887   5.3992349  -3.1797742   2.9087046 2026 01 14 04 36 10.58
0  -4394.91368  -3441.65837   4936.42967   5.4751869  -3.1303688   2.8140195 2026 01 14 04 36 30.58
0  -4284.66685  -3503.76362   4991.75652   5.5491293  -3.0800313   2.7183166 2026 01 14 04 36 50.58
0  -4172.96140  -3564.85295   5045.15942   5.6210413  -3.0287754   2.6216324 2026 01 14 04 37 10.58
0  -4059.83812  -3624.90812   5096.61910   5.6909026  -2.9766149   2.5240035 2026 01 14 04 37 30.58
0  -3945.33822  -3683.91120   5146.11704   5.7586938  -2.9235637   2.4254667 2026 01 14 04 37 50.58
0  -3829.50331  -3741.84449   5193.63544   5.8243960  -2.8696360   2.3260590 2026 01 14 04 38 10.58
0  -3712.37534  -3798.69063   5239.15725   5.8879910  -2.8148460   2.2258176 2026 01 14 04 38 30.58
0  -3593.99662  -3854.43249   5282.66617   5.9494614  -2.7592082   2.1247798 2026 01 14 04 38 50.58
0  -3474.40983  -3909.05327   5324.14664   6.0087903  -2.7027371   2.0229833 2026 01 14 04 39 10.58
0  -3353.65795  -3962.53646   5363.58385   6.0659617  -2.6454475   1.9204656 2026 01 14 04 39 30.58
0  -3231.78430  -4014.86582   5400.96375   6.1209599  -2.5873542   1.8172646 2026 01 14 04 39 50.58
0  -3108.83248  -4066.02543   5436.27306   6.1737704  -2.5284722   1.7134182 2026 01 14 04 40 10.58
0  -2984.84639  -4115.99967   5469.49924   6.2243788  -2.4688167   1.6089645 2026 01 14 04 40 30.58
0  -2859.87022  -4164.77322   5500.63052   6.2727718  -2.4084030   1.5039417 2026 01 14 04 40 50.58
0  -2733.94840  -4212.33107   5529.65591   6.3189365  -2.3472465   1.3983880 2026 01 14 04 41 10.58
0  -2607.12563  -4258.65851   5556.56515   6.3628609  -2.2853629   1.2923418 2026 01 14 04 41 30.58
0  -2479.44682  -4303.74116   5581.34879   6.4045334  -2.2227677   1.1858417 2026 01 14 04 41 50.58
0  -2350.95712  -4347.56494   5603.99813   6.4439433  -2.1594769   1.0789262 2026 01 14 04 42 10.58
0  -2221.70191  -4390.11610   5624.50523   6.4810803  -2.0955064   0.9716338 2026 01 14 04 42 30.58
0  -2091.72672  -4431.38120   5642.86296   6.5159351  -2.0308724   0.8640032 2026 01 14 04 42 50.58
0  -1961.07730  -4471.34714   5659.06492   6.5484987  -1.9655912   0.7560733 2026 01 14 04 43 10.58
0  -1829.79956  -4510.00113   5673.10552   6.5787630  -1.8996791   0.6478827 2026 01 14 04 43 30.58
0  -1697.93957  -4547.33072   5684.97993   6.6067205  -1.8331527   0.5394703 2026 01 14 04 43 50.58
0  -1565.54353  -4583.32379   5694.68409   6.6323642  -1.7660286   0.4308749 2026 01 14 04 44 10.58
0  -1432.65779  -4617.96855   5702.21475   6.6556880  -1.6983236   0.3221354 2026 01 14 04 44 30.58
0  -1299.32880  -4651.25355   5707.56940   6.6766863  -1.6300547   0.2132906 2026 01 14 04 44 50.58
0  -1165.60314  -4683.16769   5710.74632   6.6953541  -1.5612390   0.1043795 2026 01 14 04 45 10.58
0  -1031.52746  -4713.70019   5711.74457   6.7116872  -1.4918936  -0.0045590 2026 01 14 04 45 30.58
0   -897.14849  -4742.84063   5710.56401   6.7256820  -1.4220358  -0.1134861 2026 01 14 04 45 50.58
0   -762.51303  -4770.57894   5707.20523   6.7373354  -1.3516832  -0.2223630 2026 01 14 04 46 10.58
0   -627.66796  -4796.90541   5701.66964   6.7466452  -1.2808534  -0.3311508 2026 01 14 04 46 30.58
0   -492.66014  -4821.81065   5693.95941   6.7536096  -1.2095640  -0.4398107 2026 01 14 04 46 50.58
0   -357.53652  -4845.28566   5684.07748   6.7582276  -1.1378330  -0.5483040 2026 01 14 04 47 10.58
0   -222.34403  -4867.32178   5672.02757   6.7604988  -1.0656783  -0.6565919 2026 01 14 04 47 30.58
0    -87.12961  -4887.91073   5657.81418   6.7604235  -0.9931181  -0.7646359 2026 01 14 04 47 50.58
0     48.05982  -4907.04457   5641.44257   6.7580025  -0.9201706  -0.8723972 2026 01 14 04 48 10.58
0    183.17735  -4924.71574   5622.91879   6.7532373  -0.8468542  -0.9798375 2026 01 14 04 48 30.58
0    318.17611  -4940.91705   5602.24964   6.7461302  -0.7731875  -1.0869182 2026 01 14 04 48 50.58
0    453.00930  -4955.64168   5579.44270   6.7366839  -0.6991891  -1.1936011 2026 01 14 04 49 10.58
0    587.63015  -4968.88318   5554.50631   6.7249020  -0.6248779  -1.2998478 2026 01 14 04 49 30.58
0    721.99199  -4980.63549   5527.44958   6.7107884  -0.5502727  -1.4056202 2026 01 14 04 49 50.58
0    856.04823  -4990.89291   5498.28238   6.6943481  -0.4753926  -1.5108803 2026 01 14 04 50 10.58
0    989.75238  -4999.65015   5467.01534   6.6755863  -0.4002568  -1.6155902 2026 01 14 04 50 30.58
0   1123.05808  -5006.90228   5433.65985   6.6545091  -0.3248846  -1.7197121 2026 01 14 04 50 50.58
0   1255.91907  -5012.64476   5398.22804   6.6311232  -0.2492955  -1.8232082 2026 01 14 04 51 10.58
0   1388.28926  -5016.87346   5360.73281   6.6054360  -0.1735090  -1.9260411 2026 01 14 04 51 30.58
0   1520.12269  -5019.58463   5321.18780   6.5774554  -0.0975450  -2.0281735 2026 01 14 04 51 50.58
0   1651.37357  -5020.77492   5279.60741   6.5471900  -0.0214232  -2.1295681 2026 01 14 04 52 10.58
0   1781.99632  -5020.44136   5236.00675   6.5146492   0.0548365  -2.2301879 2026 01 14 04 52 30.58
0   1911.94550  -5018.58141   5190.40170   6.4798428   0.1312138  -2.3299961 2026 01 14 04 52 50.58
0   2041.17592  -5015.19291   5142.80887   6.4427815   0.2076885  -2.4289559 2026 01 14 04 53 10.58
0   2169.64258  -5010.27413   5093.24559   6.4034764   0.2842404  -2.5270310 2026 01 14 04 53 30.58
0   2297.30073  -5003.82372   5041.72991   6.3619394   0.3608489  -2.6241850 2026 01 14 04 53 50.58
0   2424.10586  -4995.84075   4988.28065   6.3181831   0.4374933  -2.7203819 2026 01 14 04 54 10.58
0   2550.01370  -4986.32473   4932.91728   6.2722207   0.5141531  -2.8155859 2026 01 14 04 54 30.58
0   2674.98028  -4975.27555   4875.66004   6.2240660   0.5908072  -2.9097613 2026 01 14 04 54 50.58
0   2798.96189  -4962.69353   4816.52986   6.1737335   0.6674347  -3.0028729 2026 01 14 04 55 10.58
0   2921.91513  -4948.57942   4755.54836   6.1212383   0.7440146  -3.0948855 2026 01 14 04 55 30.58
0   3043.79691  -4932.93439   4692.73788   6.0665964   0.8205256  -3.1857644 2026 01 14 04 55 50.58
0   3164.56444  -4915.76002   4628.12145   6.0098240   0.8969463  -3.2754749 2026 01 14 04 56 10.58
0   3284.17531  -4897.05834   4561.72278   5.9509384   0.9732554  -3.3639827 2026 01 14 04 56 30.58
0   3402.58741  -4876.83179   4493.56627   5.8899574   1.0494312  -3.4512540 2026 01 14 04 56 50.58
0   3519.75904  -4855.08327   4423.67699   5.8268993   1.1254522  -3.5372550 2026 01 14 04 57 10.58
0   3635.64884  -4831.81607   4352.08069   5.7617834   1.2012965  -3.6219523 2026 01 14 04 57 30.58
0   3750.21584  -4807.03396   4278.80376   5.6946294   1.2769422  -3.7053130 2026 01 14 04 57 50.58
0   3863.41951  -4780.74113   4203.87329   5.6254576   1.3523675  -3.7873043 2026 01 14 04 58 10.58
0   3975.21969  -4752.94221   4127.31698   5.5542893   1.4275501  -3.8678939 2026 01 14 04 58 30.58
0   4085.57668  -4723.64227   4049.16319   5.4811461   1.5024680  -3.9470498 2026 01 14 04 58 50.58
0   4194.45120  -4692.84682   3969.44092   5.4060505   1.5770989  -4.0247404 2026 01 14 04 59 10.58
0   4301.80443  -4660.56184   3888.17978   5.3290255   1.6514204  -4.1009345 2026 01 14 04 59 30.58
0   4407.59804  -4626.79373   3805.41002   5.2500950   1.7254102  -4.1756013 2026 01 14 04 59 50.58
0   4511.79416  -4591.54936   3721.16249   5.1692832   1.7990456  -4.2487103 2026 01 14 05 00 10.58
0   4614.35541  -4554.83603   3635.46866   5.0866153   1.8723043  -4.3202315 2026 01 14 05 00 30.58
0   4715.24493  -4516.66150   3548.36057   5.0021170   1.9451633  -4.3901355 2026 01 14 05 00 50.58
0   4814.42639  -4477.03400   3459.87086   4.9158147   2.0176002  -4.4583930 2026 01 14 05 01 10.58
0   4911.86397  -4435.96219   3370.03275   4.8277354   2.0895921  -4.5249754 2026 01 14 05 01 30.58
0   5007.52241  -4393.45521   3278.88004   4.7379067   2.1611161  -4.5898545 2026 01 14 05 01 50.58
0   5101.36702  -4349.52262   3186.44706   4.6463572   2.2321495  -4.6530027 2026 01 14 05 02 10.58
0   5193.36367  -4304.17449   3092.76870   4.5531156   2.3026692  -4.7143927 2026 01 14 05 02 30.58
0   5283.47881  -4257.42130   2997.88040   4.4582118   2.3726523  -4.7739978 2026 01 14 05 02 50.58
0   5371.67952  -4209.27402   2901.81812   4.3616760   2.4420759  -4.8317919 2026 01 14 05 03 10.58
0   5457.93345  -4159.74406   2804.61834   4.2635392   2.5109169  -4.8877494 2026 01 14 05 03 30.58
0   5542.20892  -4108.84331   2706.31804   4.1638329   2.5791523  -4.9418451 2026 01 14 05 03 50.58
0   5624.47484  -4056.58410   2606.95470   4.0625893   2.6467590  -4.9940546 2026 01 14 05 04 10.58
0   5704.70082  -4002.97924   2506.56629   3.9598414   2.7137140  -5.0443540 2026 01 14 05 04 30.58
0   5782.85709  -3948.04199   2405.19124   3.8556226   2.7799943  -5.0927199 2026 01 14 05 04 50.58
0   5858.91459  -3891.78608   2302.86845   3.7499670   2.8455768  -5.1391296 2026 01 14 05 05 10.58
0   5932.84492  -3834.22567   2199.63728   3.6429093   2.9104386  -5.1835610 2026 01 14 05 05 30.58
0   6004.62041  -3775.37543   2095.53748   3.5344850   2.9745565  -5.2259926 2026 01 14 05 05 50.58
0   6074.21407  -3715.25044   1990.60929   3.4247300   3.0379078  -5.2664036 2026 01 14 05 06 10.58
0   6141.59967  -3653.86627   1884.89330   3.3136808   3.1004694  -5.3047738 2026 01 14 05 06 30.58
0   6206.75168  -3591.23895   1778.43052   3.2013746   3.1622185  -5.3410839 2026 01 14 05 06 50.58
0   6269.64535  -3527.38493   1671.26236   3.0878492   3.2231323  -5.3753148 2026 01 14 05 07 10.58
0   6330.25668  -3462.32116   1563.43056   2.9731430   3.2831882  -5.4074487 2026 01 14 05 07 30.58
0   6388.56243  -3396.06502   1454.97726   2.8572947   3.3423634  -5.4374681 2026 01 14 05 07 50.58
0   6444.54017  -3328.63434   1345.94489   2.7403439   3.4006354  -5.4653564 2026 01 14 05 08 10.58
0   6498.16824  -3260.04741   1236.37626   2.6223308   3.4579818  -5.4910977 2026 01 14 05 08 30.58
0   6549.42580  -3190.32296   1126.31443   2.5032957   3.5143802  -5.5146768 2026 01 14 05 08 50.58
0   6598.29282  -3119.48018   1015.80281   2.3832800   3.5698083  -5.5360795 2026 01 14 05 09 10.58
0   6644.75010  -3047.53867    904.88506   2.2623252   3.6242442  -5.5552921 2026 01 14 05 09 30.58
0   6688.77929  -2974.51852    793.60511   2.1404736   3.6776658  -5.5723019 2026 01 14 05 09 50.58
0   6730.36287  -2900.44021    682.00713   2.0177678   3.7300514  -5.5870969 2026 01 14 05 10 10.58
0   6769.48419  -2825.32469    570.13553   1.8942511   3.7813792  -5.5996660 2026 01 14 05 10 30.58
0   6806.12746  -2749.19332    458.03494   1.7699671   3.8316279  -5.6099989 2026 01 14 05 10 50.58
0   6840.27778  -2672.06790    345.75016   1.6449600   3.8807762  -5.6180862 2026 01 14 05 11 10.58
0   6871.92113  -2593.97064    233.32622   1.5192744   3.9288030  -5.6239192 2026 01 14 05 11 30.58
0   6901.04438  -2514.92418    120.80825   1.3929554   3.9756874  -5.6274903 2026 01 14 05 11 50.58
0   6927.63533  -2434.95157      8.24158   1.2660486   4.0214088  -5.6287926 2026 01 14 05 12 10.58
0   6951.68267  -2354.07628   -104.32836   1.1385997   4.0659467  -5.6278203 2026 01 14 05 12 30.58
0   6973.17603  -2272.32218   -216.85603   1.0106552   4.1092810  -5.6245682 2026 01 14 05 12 50.58
0   6992.10594  -2189.71354   -329.29579   0.8822618   4.1513918  -5.6190323 2026 01 14 05 13 10.58
0   7008.46391  -2106.27502   -441.60193   0.7534665   4.1922593  -5.6112095 2026 01 14 05 13 30.58
0   7022.24236  -2022.03169   -553.72868   0.6243168   4.2318644  -5.6010976 2026 01 14 05 13 50.58
0   7033.43469  -1937.00898   -665.63026   0.4948606   4.2701878  -5.5886951 2026 01 14 05 14 10.58
0   7042.03523  -1851.23272   -777.26084   0.3651458   4.3072108  -5.5740019 2026 01 14 05 14 30.58
0   7048.03931  -1764.72910   -888.57461   0.2352210   4.3429150  -5.5570186 2026 01 14 05 14 50.58
0   7051.44321  -1677.52468   -999.52578   0.1051349   4.3772822  -5.5377467 2026 01 14 05 15 10.58
0   7052.24418  -1589.64638  -1110.06862  -0.0250636   4.4102947  -5.5161890 2026 01 14 05 15 30.58
0   7050.44046  -1501.12146  -1220.15743  -0.1553253   4.4419350  -5.4923490 2026 01 14 05 15 50.58
0   7046.03129  -1411.97755  -1329.74661  -0.2856006   4.4721862  -5.4662313 2026 01 14 05 16 10.58
0   7039.01689  -1322.24260  -1438.79066  -0.4158400   4.5010314  -5.4378416 2026 01 14 05 16 30.58
0   7029.39847  -1231.94488  -1547.24420  -0.5459936   4.5284546  -5.4071864 2026 01 14 05 16 50.58
0   7017.17825  -1141.11301  -1655.06200  -0.6760113   4.5544397  -5.3742733 2026 01 14 05 17 10.58
0   7002.35943  -1049.77590  -1762.19899  -0.8058430   4.5789715  -5.3391111 2026 01 14 05 17 30.58
0   6984.94626   -957.96277  -1868.61027  -0.9354385   4.6020347  -5.3017094 2026 01 14 05 17 50.58
0   6964.94394   -865.70314  -1974.25117  -1.0647473   4.6236149  -5.2620789 2026 01 14 05 18 10.58
0   6942.35873   -773.02682  -2079.07721  -1.1937189   4.6436980  -5.2202314 2026 01 14 05 18 30.58
0   6917.19786   -679.96389  -2183.04418  -1.3223029   4.6622703  -5.1761796 2026 01 14 05 18 50.58
0   6889.46959   -586.54470  -2286.10814  -1.4504487   4.6793186  -5.1299374 2026 01 14 05 19 10.58
0   6859.18320   -492.79986  -2388.22542  -1.5781056   4.6948303  -5.0815195 2026 01 14 05 19 30.58
0   6826.34897   -398.76023  -2489.35266  -1.7052233   4.7087933  -5.0309420 2026 01 14 05 19 50.58
0   6790.97818   -304.45691  -2589.44683  -1.8317512   4.7211958  -4.9782216 2026 01 14 05 20 10.58
0   6753.08314   -209.92123  -2688.46527  -1.9576387   4.7320267  -4.9233765 2026 01 14 05 20 30.58
0   6712.67716   -115.18471  -2786.36565  -2.0828357   4.7412755  -4.8664255 2026 01 14 05 20 50.58
0   6669.77456    -20.27912  -2883.10607  -2.2072918   4.7489321  -4.8073888 2026 01 14 05 21 10.58
0   6624.39065     74.76361  -2978.64501  -2.3309570   4.7549870  -4.7462873 2026 01 14 05 21 30.58
0   6576.54175    169.91134  -3072.94140  -2.4537814   4.7594314  -4.6831432 2026 01 14 05 21 50.58
0   6526.24518    265.13178  -3165.95462  -2.5757151   4.7622569  -4.6179796 2026 01 14 05 22 10.58
0   6473.51925    360.39248  -3257.64451  -2.6967087   4.7634558  -4.5508207 2026 01 14 05 22 30.58
0   6418.38326    455.66081  -3347.97143  -2.8167130   4.7630210  -4.4816915 2026 01 14 05 22 50.58
0   6360.85748    550.90404  -3436.89622  -2.9356789   4.7609460  -4.4106182 2026 01 14 05 23 10.58
0   6300.96318    646.08929  -3524.38027  -3.0535577   4.7572248  -4.3376280 2026 01 14 05 23 30.58
0   6238.72258    741.18360  -3610.38554  -3.1703011   4.7518522  -4.2627491 2026 01 14 05 23 50.58
0   6174.15888    836.15387  -3694.87453  -3.2858610   4.7448236  -4.1860105 2026 01 14 05 24 10.58
0   6107.29622    930.96694  -3777.81035  -3.4001898   4.7361350  -4.1074423 2026 01 14 05 24 30.58
0   6038.15971   1025.58958  -3859.15673  -3.5132403   4.7257831  -4.0270756 2026 01 14 05 24 50.58
0   5966.77538   1119.98849  -3938.87801  -3.6249656   4.7137652  -3.9449424 2026 01 14 05 25 10.58
0   5893.17020   1214.13032  -4016.93920  -3.7353194   4.7000793  -3.8610756 2026 01 14 05 25 30.58
0   5817.37207   1307.98171  -4093.30595  -3.8442559   4.6847241  -3.7755092 2026 01 14 05 25 50.58
0   5739.40979   1401.50924  -4167.94464  -3.9517296   4.6676990  -3.6882778 2026 01 14 05 26 10.58
0   5659.31306   1494.67953  -4240.82232  -4.0576958   4.6490040  -3.5994173 2026 01 14 05 26 30.58
0   5577.11249   1587.45917  -4311.90677  -4.1621102   4.6286400  -3.5089640 2026 01 14 05 26 50.58
0   5492.83956   1679.81480  -4381.16652  -4.2649292   4.6066082  -3.4169556 2026 01 14 05 27 10.58
0   5406.52660   1771.71309  -4448.57085  -4.3661096   4.5829110  -3.3234302 2026 01 14 05 27 30.58
0   5318.20681   1863.12074  -4514.08982  -4.4656092   4.5575511  -3.2284269 2026 01 14 05 27 50.58
0   5227.91424   1954.00454  -4577.69427  -4.5633861   4.5305321  -3.1319858 2026 01 14 05 28 10.58
0   5135.68375   2044.33136  -4639.35585  -4.6593993   4.5018584  -3.0341476 2026 01 14 05 28 30.58
0   5041.55102   2134.06813  -4699.04705  -4.7536084   4.4715349  -2.9349537 2026 01 14 05 28 50.58
0   4945.55254   2223.18193  -4756.74117  -4.8459739   4.4395675  -2.8344465 2026 01 14 05 29 10.58
0   4847.72556   2311.63993  -4812.41238  -4.9364569   4.4059624  -2.7326689 2026 01 14 05 29 30.58
0   4748.10812   2399.40946  -4866.03573  -5.0250195   4.3707270  -2.6296647 2026 01 14 05 29 50.58
0   4646.73901   2486.45799  -4917.58712  -5.1116243   4.3338691  -2.5254784 2026 01 14 05 30 10.58
0   4543.65774   2572.75315  -4967.04337  -5.1962350   4.2953973  -2.4201550 2026 01 14 05 30 30.58
0   4438.90457   2658.26276  -5014.38219  -5.2788160   4.2553211  -2.3137403 2026 01 14 05 30 50.58
0   4332.52042   2742.95484  -5059.58224  -5.3593327   4.2136506  -2.2062806 2026 01 14 05 31 10.58
0   4224.54692   2826.79760  -5102.62309  -5.4377513   4.1703964  -2.0978230 2026 01 14 05 31 30.58
0   4115.02638   2909.75948  -5143.48526  -5.5140390   4.1255703  -1.9884151 2026 01 14 05 31 50.58
0   4004.00171   2991.80918  -5182.15022  -5.5881639   4.0791844  -1.8781049 2026 01 14 05 32 10.58
0   3891.51650   3072.91563  -5218.60043  -5.6600951   4.0312517  -1.7669411 2026 01 14 05 32 30.58
0   3777.61492   3153.04803  -5252.81932  -5.7298025   3.9817860  -1.6549729 2026 01 14 05 32 50.58
0   3662.34172   3232.17586  -5284.79128  -5.7972573   3.9308016  -1.5422498 2026 01 14 05 33 10.58
0   3545.74225   3310.26890  -5314.50173  -5.8624316   3.8783137  -1.4288220 2026 01 14 05 33 30.58
0   3427.86238   3387.29725  -5341.93709  -5.9252984   3.8243380  -1.3147400 2026 01 14 05 33 50.58
0   3308.74851   3463.23131  -5367.08478  -5.9858318   3.7688912  -1.2000546 2026 01 14 05 34 10.58
0   3188.44757   3538.04184  -5389.93325  -6.0440072   3.7119904  -1.0848171 2026 01 14 05 34 30.58
0   3067.00695   3611.69994  -5410.47199  -6.0998007   3.6536536  -0.9690791 2026 01 14 05 34 50.58
0   2944.47450   3684.17707  -5428.69149  -6.1531899   3.5938992  -0.8528925 2026 01 14 05 35 10.58
0   2820.89854   3755.44508  -5444.58332  -6.2041533   3.5327467  -0.7363094 2026 01 14 05 35 30.58
0   2696.32777   3825.47621  -5458.14008  -6.2526704   3.4702159  -0.6193824 2026 01 14 05 35 50.58
0   2570.81132   3894.24310  -5469.35540  -6.2987221   3.4063274  -0.5021639 2026 01 14 05 36 10.58
0   2444.39866   3961.71881  -5478.22400  -6.3422903   3.3411024  -0.3847069 2026 01 14 05 36 30.58
0   2317.13964   4027.87683  -5484.74163  -6.3833580   3.2745628  -0.2670643 2026 01 14 05 36 50.58
0   2189.08442   4092.69109  -5488.90511  -6.4219097   3.2067312  -0.1492892 2026 01 14 05 37 10.58
0   2060.28346   4156.13600  -5490.71234  -6.4579306   3.1376306  -0.0314349 2026 01 14 05 37 30.58
0   1930.78750   4218.18640  -5490.16226  -6.4914074   3.0672848   0.0864453 2026 01 14 05 37 50.58
0   1800.64756   4278.81764  -5487.25487  -6.5223280   2.9957182   0.2042983 2026 01 14 05 38 10.58
0   1669.91485   4338.00555  -5481.99127  -6.5506814   2.9229556   0.3220706 2026 01 14 05 38 30.58
0   1538.64081   4395.72647  -5474.37359  -6.5764579   2.8490226   0.4397090 2026 01 14 05 38 50.58
0   1406.87708   4451.95726  -5464.40505  -6.5996488   2.7739453   0.5571602 2026 01 14 05 39 10.58
0   1274.67542   4506.67529  -5452.08992  -6.6202469   2.6977502   0.6743712 2026 01 14 05 39 30.58
0   1142.08775   4559.85849  -5437.43353  -6.6382460   2.6204645   0.7912888 2026 01 14 05 39 50.58
0   1009.16610   4611.48531  -5420.44228  -6.6536413   2.5421160   0.9078602 2026 01 14 05 40 10.58
0    875.96257   4661.53479  -5401.12362  -6.6664291   2.4627327   1.0240328 2026 01 14 05 40 30.58
0    742.52935   4709.98651  -5379.48604  -6.6766069   2.3823435   1.1397541 2026 01 14 05 40 50.58
0    608.91862   4756.82065  -5355.53909  -6.6841737   2.3009775   1.2549718 2026 01 14 05 41 10.58
0    475.18262   4802.01797  -5329.29336  -6.6891294   2.2186643   1.3696339 2026 01 14 05 41 30.58
0    341.37355   4845.55982  -5300.76047  -6.6914752   2.1354340   1.4836889 2026 01 14 05 41 50.58
0    207.54358   4887.42817  -5269.95307  -6.6912136   2.0513173   1.5970853 2026 01 14 05 42 10.58
0     73.74482   4927.60561  -5236.88485  -6.6883484   1.9663449   1.7097723 2026 01 14 05 42 30.58
0    -59.97070   4966.07532  -5201.57049  -6.6828843   1.8805483   1.8216992 2026 01 14 05 42 50.58
0   -193.55108   5002.82114  -5164.02569  -6.6748275   1.7939594   1.9328159 2026 01 14 05 43 10.58
0   -326.94454   5037.82755  -5124.26715  -6.6641854   1.7066100   2.0430728 2026 01 14 05 43 30.58
0   -460.09945   5071.07965  -5082.31255  -6.6509664   1.6185329   2.1524204 2026 01 14 05 43 50.58
0   -592.96436   5102.56323  -5038.18056  -6.6351801   1.5297607   2.2608102 2026 01 14 05 44 10.58
0   -725.48806   5132.26471  -4991.89081  -6.6168375   1.4403266   2.3681940 2026 01 14 05 44 30.58
0   -857.61952   5160.17118  -4943.46389  -6.5959507   1.3502642   2.4745240 2026 01 14 05 44 50.58
0   -989.30800   5186.27041  -4892.92135  -6.5725327   1.2596070   2.5797533 2026 01 14 05 45 10.58
0  -1120.50302   5210.55085  -4840.28566  -6.5465979   1.1683891   2.6838355 2026 01 14 05 45 30.58
0  -1251.15439   5233.00161  -4785.58022  -6.5181619   1.0766448   2.7867246 2026 01 14 05 45 50.58
0  -1381.21225   5253.61253  -4728.82933  -6.4872412   0.9844085   2.8883756 2026 01 14 05 46 10.58
0  -1510.62708   5272.37409  -4670.05819  -6.4538534   0.8917149   2.9887440 2026 01 14 05 46 30.58
0  -1639.34973   5289.27751  -4609.29290  -6.4180175   0.7985990   3.0877860 2026 01 14 05 46 50.58
0  -1767.33143   5304.31468  -4546.56040  -6.3797533   0.7050957   3.1854586 2026 01 14 05 47 10.58
0  -1894.52382   5317.47821  -4481.88850  -6.3390818   0.6112404   3.2817196 2026 01 14 05 47 30.58
0  -2020.87897   5328.76141  -4415.30584  -6.2960249   0.5170684   3.3765275 2026 01 14 05 47 50.58
0  -2146.34940   5338.15829  -4346.84189  -6.2506057   0.4226151   3.4698415 2026 01 14 05 48 10.58
0  -2270.88809   5345.66358  -4276.52692  -6.2028481   0.3279162   3.5616218 2026 01 14 05 48 30.58
0  -2394.44854   5351.27274  -4204.39199  -6.1527774   0.2330074   3.6518293 2026 01 14 05 48 50.58
0  -2516.98473   5354.98191  -4130.46894  -6.1004194   0.1379244   3.7404258 2026 01 14 05 49 10.58
0  -2638.45117   5356.78796  -4054.79036  -6.0458012   0.0427029   3.8273741 2026 01 14 05 49 30.58
0  -2758.80294   5356.68849  -3977.38957  -5.9889507  -0.0526211   3.9126377 2026 01 14 05 49 50.58
0  -2877.99568   5354.68180  -3898.30062  -5.9298966  -0.1480118   3.9961810 2026 01 14 05 50 10.58
0  -2995.98561   5350.76692  -3817.55825  -5.8686688  -0.2434335   4.0779696 2026 01 14 05 50 30.58
0  -3112.72955   5344.94357  -3735.19791  -5.8052978  -0.3388503   4.1579696 2026 01 14 05 50 50.58
0  -3228.18494   5337.21222  -3651.25568  -5.7398152  -0.4342264   4.2361485 2026 01 14 05 51 10.58
0  -3342.30987   5327.57404  -3565.76831  -5.6722531  -0.5295261   4.3124745 2026 01 14 05 51 30.58
0  -3455.06308   5316.03090  -3478.77315  -5.6026447  -0.6247139   4.3869168 2026 01 14 05 51 50.58
0  -3566.40397   5302.58541  -3390.30819  -5.5310238  -0.7197542   4.4594458 2026 01 14 05 52 10.58
0  -3676.29263   5287.24086  -3300.41197  -5.4574252  -0.8146115   4.5300325 2026 01 14 05 52 30.58
0  -3784.68987   5270.00128  -3209.12361  -5.3818842  -0.9092506   4.5986493 2026 01 14 05 52 50.58
0  -3891.55717   5250.87137  -3116.48279  -5.3044369  -1.0036363   4.6652694 2026 01 14 05 53 10.58
0  -3996.85679   5229.85655  -3022.52969  -5.2251201  -1.0977337   4.7298672 2026 01 14 05 53 30.58
0  -4100.55169   5206.96295  -2927.30501  -5.1439713  -1.1915079   4.7924180 2026 01 14 05 53 50.58
0  -4202.60561   5182.19736  -2830.84992  -5.0610285  -1.2849243   4.8528983 2026 01 14 05 54 10.58
0  -4302.98306   5155.56730  -2733.20607  -4.9763304  -1.3779485   4.9112854 2026 01 14 05 54 30.58
0  -4401.64932   5127.08095  -2634.41553  -4.8899165  -1.4705464   4.9675579 2026 01 14 05 54 50.58
0  -4498.57046   5096.74717  -2534.52079  -4.8018264  -1.5626840   5.0216954 2026 01 14 05 55 10.58
0  -4593.71336   5064.57552  -2433.56476  -4.7121007  -1.6543277   5.0736784 2026 01 14 05 55 30.58
0  -4687.04571   5030.57620  -2331.59071  -4.6207802  -1.7454439   5.1234889 2026 01 14 05 55 50.58
0  -4778.53602   4994.76010  -2228.64227  -4.5279064  -1.8359996   5.1711094 2026 01 14 05 56 10.58
0  -4868.15365   4957.13876  -2124.76339  -4.4335212  -1.9259620   5.2165240 2026 01 14 05 56 30.58
0  -4955.86879   4917.72438  -2019.99836  -4.3376667  -2.0152986   5.2597175 2026 01 14 05 56 50.58
0  -5041.65246   4876.52979  -1914.39173  -4.2403858  -2.1039770   5.3006761 2026 01 14 05 57 10.58
0  -5125.47658   4833.56848  -1807.98833  -4.1417216  -2.1919656   5.3393867 2026 01 14 05 57 30.58
0  -5207.31390   4788.85457  -1700.83324  -4.0417174  -2.2792327   5.3758376 2026 01 14 05 57 50.58
0  -5287.13807   4742.40280  -1592.97178  -3.9404172  -2.3657472   5.4100181 2026 01 14 05 58 10.58
0  -5364.92360   4694.22854  -1484.44944  -3.8378650  -2.4514783   5.4419184 2026 01 14 05 58 30.58
0  -5440.64589   4644.34775  -1375.31192  -3.7341052  -2.5363957   5.4715301 2026 01 14 05 58 50.58
0  -5514.28123   4592.77703  -1265.60508  -3.6291824  -2.6204693   5.4988454 2026 01 14 05 59 10.58
0  -5585.80682   4539.53353  -1155.37490  -3.5231415  -2.7036695   5.5238581 2026 01 14 05 59 30.58
0  -5655.20075   4484.63503  -1044.66749  -3.4160276  -2.7859671   5.5465626 2026 01 14 05 59 50.58
0  -5722.44199   4428.09987   -933.52907  -3.3078860  -2.8673335   5.5669545 2026 01 14 06 00 10.58
0  -5787.51046   4369.94697   -822.00592  -3.1987621  -2.9477401   5.5850306 2026 01 14 06 00 30.58
0  -5850.38696   4310.19579   -710.14439  -3.0887015  -3.0271593   5.6007886 2026 01 14 06 00 50.58
0  -5911.05322   4248.86636   -597.99084  -2.9777497  -3.1055634   5.6142272 2026 01 14 06 01 10.58
0  -5969.49187   4185.97927   -485.59169  -2.8659528  -3.1829256   5.6253461 2026 01 14 06 01 30.58
0  -6025.68647   4121.55561   -372.99330  -2.7533563  -3.2592193   5.6341462 2026 01 14 06 01 50.58
0  -6079.62148   4055.61702   -260.24206  -2.6400062  -3.3344185   5.6406292 2026 01 14 06 02 10.58
0  -6131.28229   3988.18566   -147.38426  -2.5259485  -3.4084975   5.6447978 2026 01 14 06 02 30.58
0  -6180.65522   3919.28416    -34.46617  -2.4112289  -3.4814314   5.6466557 2026 01 14 06 02 50.58
0  -6227.72748   3848.93570     78.46606  -2.2958934  -3.5531956   5.6462079 2026 01 14 06 03 10.58
0  -6272.48722   3777.16390    191.36635  -2.1799878  -3.6237658   5.6434597 2026 01 14 06 03 30.58
0  -6314.92350   3703.99288    304.18877  -2.0635579  -3.6931187   5.6384180 2026 01 14 06 03 50.58
0  -6355.02628   3629.44723    416.88752  -1.9466492  -3.7612310   5.6310903 2026 01 14 06 04 10.58
0  -6392.78645   3553.55198    529.41696  -1.8293074  -3.8280802   5.6214851 2026 01 14 06 04 30.58
0  -6428.19581   3476.33261    641.73164  -1.7115780  -3.8936442   5.6096116 2026 01 14 06 04 50.58
0  -6461.24705   3397.81505    753.78629  -1.5935061  -3.9579015   5.5954804 2026 01 14 06 05 10.58
0  -6491.93379   3318.02565    865.53587  -1.4751370  -4.0208311   5.5791025 2026 01 14 06 05 30.58
0  -6520.25053   3236.99115    976.93556  -1.3565156  -4.0824125   5.5604900 2026 01 14 06 05 50.58
0  -6546.19267   3154.73873   1087.94081  -1.2376866  -4.1426257   5.5396557 2026 01 14 06 06 10.58
0  -6569.75651   3071.29595   1198.50731  -1.1186946  -4.2014513   5.5166136 2026 01 14 06 06 30.58
0  -6590.93924   2986.69074   1308.59106  -0.9995838  -4.2588704   5.4913781 2026 01 14 06 06 50.58
0  -6609.73892   2900.95143   1418.14833  -0.8803984  -4.3148645   5.4639647 2026 01 14 06 07 10.58
0  -6626.15451   2814.10668   1527.13573  -0.7611820  -4.3694160   5.4343896 2026 01 14 06 07 30.58
0  -6640.18582   2726.18553   1635.51020  -0.6419783  -4.4225074   5.4026698 2026 01 14 06 07 50.58
0  -6651.83353   2637.21734   1743.22903  -0.5228303  -4.4741220   5.3688230 2026 01 14 06 08 10.58
0  -6661.09920   2547.23181   1850.24985  -0.4037811  -4.5242436   5.3328678 2026 01 14 06 08 30.58
0  -6667.98523   2456.25895   1956.53068  -0.2848731  -4.5728565   5.2948234 2026 01 14 06 08 50.58
0  -6672.49487   2364.32909   2062.02996  -0.1661487  -4.6199456   5.2547098 2026 01 14 06 09 10.58
0  -6674.63220   2271.47285   2166.70650  -0.0476496  -4.6654962   5.2125478 2026 01 14 06 09 30.58
0  -6674.40216   2177.72114   2270.51954   0.0705826  -4.7094942   5.1683588 2026 01 14 06 09 50.58
0  -6671.81050   2083.10514   2373.42876   0.1885067  -4.7519261   5.1221647 2026 01 14 06 10 10.58
0  -6666.86378   1987.65631   2475.39430   0.3060820  -4.7927790   5.0739884 2026 01 14 06 10 30.58
0  -6659.56938   1891.40634   2576.37673   0.4232681  -4.8320402   5.0238533 2026 01 14 06 10 50.58
0  -6649.93550   1794.38719   2676.33713   0.5400250  -4.8696980   4.9717834 2026 01 14 06 11 10.58
0  -6637.97111   1696.63104   2775.23705   0.6563133  -4.9057408   4.9178033 2026 01 14 06 11 30.58
0  -6623.68598   1598.17029   2873.03852   0.7720938  -4.9401578   4.8619383 2026 01 14 06 11 50.58
0  -6607.09064   1499.03755   2969.70412   0.8873278  -4.9729387   4.8042142 2026 01 14 06 12 10.58
0  -6588.19642   1399.26566   3065.19692   1.0019771  -5.0040736   4.7446575 2026 01 14 06 12 30.58
0  -6567.01538   1298.88761   3159.48054   1.1160040  -5.0335531   4.6832951 2026 01 14 06 12 50.58
0  -6543.56035   1197.93660   3252.51913   1.2293710  -5.0613686   4.6201545 2026 01 14 06 13 10.58
0  -6517.84489   1096.44599   3344.27742   1.3420414  -5.0875117   4.5552638 2026 01 14 06 13 30.58
0  -6489.88330    994.44930   3434.72069   1.4539787  -5.1119747   4.4886515 2026 01 14 06 13 50.58
0  -6459.69060    891.98020   3523.81478   1.5651472  -5.1347504   4.4203466 2026 01 14 06 14 10.58
0  -6427.28252    789.07251   3611.52615   1.6755112  -5.1558319   4.3503788 2026 01 14 06 14 30.58
0  -6392.67550    685.76016   3697.82184   1.7850360  -5.1752132   4.2787780 2026 01 14 06 14 50.58
0  -6355.88666    582.07722   3782.66948   1.8936872  -5.1928884   4.2055746 2026 01 14 06 15 10.58
0  -6316.93382    478.05786   3866.03732   2.0014307  -5.2088525   4.1307996 2026 01 14 06 15 30.58
0  -6275.83547    373.73634   3947.89426   2.1082332  -5.2231005   4.0544843 2026 01 14 06 15 50.58
0  -6232.61074    269.14702   4028.20979   2.2140618  -5.2356284   3.9766603 2026 01 14 06 16 10.58
0  -6187.27944    164.32434   4106.95406   2.3188841  -5.2464323   3.8973599 2026 01 14 06 16 30.58
0  -6139.86202     59.30282   4184.09787   2.4226682  -5.2555091   3.8166156 2026 01 14 06 16 50.58
0  -6090.37955    -45.88299   4259.61266   2.5253828  -5.2628560   3.7344602 2026 01 14 06 17 10.58
0  -6038.85373   -151.19845   4333.47053   2.6269971  -5.2684706   3.6509269 2026 01 14 06 17 30.58
0  -5985.30687   -256.60892   4405.64427   2.7274808  -5.2723513   3.5660494 2026 01 14 06 17 50.58
0  -5929.76187   -362.07970   4476.10732   2.8268040  -5.2744967   3.4798617 2026 01 14 06 18 10.58
0  -5872.24224   -467.57608   4544.83382   2.9249377  -5.2749060   3.3923978 2026 01 14 06 18 30.58
0  -5812.77205   -573.06333   4611.79858   3.0218531  -5.2735787   3.3036924 2026 01 14 06 18 50.58
0  -5751.37595   -678.50672   4676.97712   3.1175220  -5.2705151   3.2137804 2026 01 14 06 19 10.58
0  -5688.07914   -783.87153   4740.34565   3.2119167  -5.2657155   3.1226968 2026 01 14 06 19 30.58
0  -5622.90738   -889.12306   4801.88109   3.3050104  -5.2591811   3.0304770 2026 01 14 06 19 50.58
0  -5555.88695   -994.22662   4861.56107   3.3967762  -5.2509133   2.9371567 2026 01 14 06 20 10.58
0  -5487.04467  -1099.14757   4919.36393   3.4871884  -5.2409141   2.8427718 2026 01 14 06 20 30.58
0  -5416.40787  -1203.85129   4975.26874   3.5762213  -5.2291858   2.7473585 2026 01 14 06 20 50.58
0  -5344.00438  -1308.30324   5029.25528   3.6638501  -5.2157313   2.6509530 2026 01 14 06 21 10.58
0  -5269.86252  -1412.46893   5081.30408   3.7500503  -5.2005539   2.5535921 2026 01 14 06 21 30.58
0  -5194.01111  -1516.31392   5131.39638   3.8347982  -5.1836572   2.4553123 2026 01 14 06 21 50.58
0  -5116.47943  -1619.80389   5179.51419   3.9180704  -5.1650455   2.3561509 2026 01 14 06 22 10.58
0  -5037.29721  -1722.90456   5225.64021   3.9998441  -5.1447234   2.2561448 2026 01 14 06 22 30.58
0  -4956.49466  -1825.58178   5269.75794   4.0800971  -5.1226958   2.1553314 2026 01 14 06 22 50.58
0  -4874.10239  -1927.80150   5311.85160   4.1588078  -5.0989683   2.0537483 2026 01 14 06 23 10.58
0  -4790.15148  -2029.52978   5351.90617   4.2359549  -5.0735468   1.9514330 2026 01 14 06 23 30.58
0  -4704.67339  -2130.73279   5389.90737   4.3115179  -5.0464377   1.8484233 2026 01 14 06 23 50.58
0  -4617.70002  -2231.37684   5425.84169   4.3854766  -5.0176476   1.7447573 2026 01 14 06 24 10.58
0  -4529.26364  -2331.42840   5459.69638   4.4578116  -4.9871838   1.6404729 2026 01 14 06 24 30.58
0  -4439.39693  -2430.85405   5491.45945   4.5285039  -4.9550539   1.5356083 2026 01 14 06 24 50.58
0  -4348.13292  -2529.62055   5521.11967   4.5975349  -4.9212659   1.4302017 2026 01 14 06 25 10.58
0  -4255.50501  -2627.69483   5548.66659   4.6648867  -4.8858284   1.3242916 2026 01 14 06 25 30.58
0  -4161.54698  -2725.04397   5574.09052   4.7305420  -4.8487501   1.2179164 2026 01 14 06 25 50.58
0  -4066.29292  -2821.63525   5597.38252   4.7944838  -4.8100404   1.1111146 2026 01 14 06 26 10.58
0  -3969.77727  -2917.43614   5618.53447   4.8566958  -4.7697090   1.0039248 2026 01 14 06 26 30.58
0  -3872.03478  -3012.41430   5637.53897   4.9171622  -4.7277659   0.8963858 2026 01 14 06 26 50.58
0  -3773.10052  -3106.53760   5654.38943   4.9758677  -4.6842219   0.7885362 2026 01 14 06 27 10.58
0  -3673.00987  -3199.77413   5669.08003   5.0327976  -4.6390877   0.6804148 2026 01 14 06 27 30.58
0  -3571.79847  -3292.09218   5681.60571   5.0879376  -4.5923748   0.5720604 2026 01 14 06 27 50.58
0  -3469.50227  -3383.46031   5691.96219   5.1412740  -4.5440949   0.4635119 2026 01 14 06 28 10.58
0  -3366.15748  -3473.84730   5700.14600   5.1927937  -4.4942603   0.3548082 2026 01 14 06 28 30.58
0  -3261.80055  -3563.22215   5706.15439   5.2424840  -4.4428834   0.2459881 2026 01 14 06 28 50.58
0  -3156.46821  -3651.55417   5709.98545   5.2903327  -4.3899774   0.1370904 2026 01 14 06 29 10.58
0  -3050.19741  -3738.81290   5711.63799   5.3363283  -4.3355556   0.0281542 2026 01 14 06 29 30.58
0  -2943.02532  -3824.96815   5711.11165   5.3804596  -4.2796318  -0.0807818 2026 01 14 06 29 50.58
0  -2834.98933  -3909.99003   5708.40681   5.4227162  -4.2222203  -0.1896786 2026 01 14 06 30 10.58
0  -2726.12706  -3993.84892   5703.52465   5.4630878  -4.1633356  -0.2984974 2026 01 14 06 30 30.58
0  -2616.47629  -4076.51551   5696.46711   5.5015651  -4.1029929  -0.4071995 2026 01 14 06 30 50.58
0  -2506.07501  -4157.96079   5687.23692   5.5381390  -4.0412075  -0.5157460 2026 01 14 06 31 10.58
0  -2394.96137  -4238.15606   5675.83758   5.5728011  -3.9779953  -0.6240983 2026 01 14 06 31 30.58
0  -2283.17370  -4317.07294   5662.27335   5.6055433  -3.9133725  -0.7322176 2026 01 14 06 31 50.58
0  -2170.75048  -4394.68338   5646.54929   5.6363581  -3.8473558  -0.8400654 2026 01 14 06 32 10.58
0  -2057.73032  -4470.95968   5628.67122   5.6652388  -3.7799623  -0.9476032 2026 01 14 06 32 30.58
0  -1944.15197  -4545.87448   5608.64571   5.6921788  -3.7112093  -1.0547924 2026 01 14 06 32 50.58
0  -1830.05432  -4619.40074   5586.48014   5.7171722  -3.6411148  -1.1615948 2026 01 14 06 33 10.58
0  -1715.47634  -4691.51184   5562.18262   5.7402137  -3.5696971  -1.2679719 2026 01 14 06 33 30.58
0  -1600.45714  -4762.18149   5535.76203   5.7612985  -3.4969747  -1.3738858 2026 01 14 06 33 50.58
0  -1485.03590  -4831.38378   5507.22804   5.7804221  -3.4229669  -1.4792982 2026 01 14 06 34 10.58
0  -1369.25188  -4899.09320   5476.59105   5.7975807  -3.3476930  -1.5841713 2026 01 14 06 34 30.58
0  -1253.14442  -4965.28462   5443.86223   5.8127710  -3.2711729  -1.6884673 2026 01 14 06 34 50.58
0  -1136.75291  -5029.93332   5409.05351   5.8259904  -3.1934270  -1.7921484 2026 01 14 06 35 10.58
0  -1020.11680  -5093.01500   5372.17755   5.8372364  -3.1144759  -1.8951771 2026 01 14 06 35 30.58
0   -903.27558  -5154.50575   5333.24780   5.8465073  -3.0343408  -1.9975160 2026 01 14 06 35 50.58
0   -786.26876  -5214.38212   5292.27841   5.8538020  -2.9530431  -2.0991279 2026 01 14 06 36 10.58
0   -669.13588  -5272.62107   5249.28431   5.8591196  -2.8706047  -2.1999757 2026 01 14 06 36 30.58
0   -551.91649  -5329.20000   5204.28115   5.8624602  -2.7870480  -2.3000225 2026 01 14 06 36 50.58
0   -434.65012  -5384.09678   5157.28532   5.8638239  -2.7023956  -2.3992316 2026 01 14 06 37 10.58
0   -317.37631  -5437.28973   5108.31395   5.8632117  -2.6166707  -2.4975665 2026 01 14 06 37 30.58
0   -200.13456  -5488.75763   5057.38489   5.8606250  -2.5298968  -2.5949909 2026 01 14 06 37 50.58
0    -82.96434  -5538.47974   5004.51672   5.8560657  -2.4420977  -2.6914687 2026 01 14 06 38 10.58
0     34.09492  -5586.43580   4949.72872   5.8495363  -2.3532979  -2.7869641 2026 01 14 06 38 30.58
0    151.00384  -5632.60604   4893.04092   5.8410398  -2.2635221  -2.8814413 2026 01 14 06 38 50.58
0    267.72312  -5676.97120   4834.47403   5.8305797  -2.1727953  -2.9748650 2026 01 14 06 39 10.58
0    384.21352  -5719.51251   4774.04948   5.8181600  -2.0811430  -3.0672000 2026 01 14 06 39 30.58
0    500.43590  -5760.21172   4711.78940   5.8037853  -1.9885913  -3.1584114 2026 01 14 06 39 50.58
0    616.35122  -5799.05111   4647.71662   5.7874609  -1.8951663  -3.2484647 2026 01 14 06 40 10.58
0    731.92052  -5836.01347   4581.85463   5.7691923  -1.8008948  -3.3373255 2026 01 14 06 40 30.58
0    847.10500  -5871.08216   4514.22764   5.7489858  -1.7058039  -3.4249597 2026 01 14 06 40 50.58
0    961.86597  -5904.24106   4444.86053   5.7268481  -1.6099210  -3.5113336 2026 01 14 06 41 10.58
0   1076.16486  -5935.47461   4373.77883   5.7027866  -1.5132741  -3.5964137 2026 01 14 06 41 30.58
0   1189.96329  -5964.76781   4301.00876   5.6768090  -1.4158914  -3.6801670 2026 01 14 06 41 50.58
0   1303.22303  -5992.10624   4226.57718   5.6489238  -1.3178016  -3.7625607 2026 01 14 06 42 10.58
0   1415.90600  -6017.47603   4150.51163   5.6191399  -1.2190336  -3.8435624 2026 01 14 06 42 30.58
0   1527.97433  -6040.86393   4072.84025   5.5874667  -1.1196168  -3.9231399 2026 01 14 06 42 50.58
0   1639.39034  -6062.25726   3993.59186   5.5539144  -1.0195811  -4.0012617 2026 01 14 06 43 10.58
0   1750.11656  -6081.64395   3912.79589   5.5184935  -0.9189566  -4.0778963 2026 01 14 06 43 30.58
0   1860.11573  -6099.01251   3830.48239   5.4812152  -0.8177738  -4.1530130 2026 01 14 06 43 50.58
0   1969.35081  -6114.35210   3746.68203   5.4420912  -0.7160636  -4.2265810 2026 01 14 06 44 10.58
0   2077.78503  -6127.65247   3661.42609   5.4011337  -0.6138572  -4.2985705 2026 01 14 06 44 30.58
0   2185.38183  -6138.90403   3574.74645   5.3583556  -0.5111862  -4.3689516 2026 01 14 06 44 50.58
0   2292.10495  -6148.09781   3486.67555   5.3137702  -0.4080826  -4.4376952 2026 01 14 06 45 10.58
0   2397.91839  -6155.22546   3397.24644   5.2673915  -0.3045787  -4.5047725 2026 01 14 06 45 30.58
0   2502.78642  -6160.27932   3306.49274   5.2192340  -0.2007072  -4.5701551 2026 01 14 06 45 50.58
0   2606.67362  -6163.25236   3214.44861   5.1693127  -0.0965009  -4.6338154 2026 01 14 06 46 10.58
0   2709.54488  -6164.13821   3121.14878   5.1176434   0.0080069  -4.6957259 2026 01 14 06 46 30.58
0   2811.36540  -6162.93119   3026.62852   5.0642421   0.1127824  -4.7558599 2026 01 14 06 46 50.58
0   2912.10072  -6159.62627   2930.92362   5.0091257   0.2177917  -4.8141909 2026 01 14 06 47 10.58
0   3011.71670  -6154.21913   2834.07040   4.9523115   0.3230006  -4.8706934 2026 01 14 06 47 30.58
0   3110.17957  -6146.70611   2736.10567   4.8938173   0.4283746  -4.9253420 2026 01 14 06 47 50.58
0   3207.45593  -6137.08427   2637.06678   4.8336617   0.5338788  -4.9781122 2026 01 14 06 48 10.58
0   3303.51273  -6125.35135   2536.99152   4.7718637   0.6394780  -5.0289797 2026 01 14 06 48 30.58
0   3398.31733  -6111.50579   2435.91819   4.7084427   0.7451368  -5.0779212 2026 01 14 06 48 50.58
0   3491.83746  -6095.54677   2333.88554   4.6434191   0.8508196  -5.1249138 2026 01 14 06 49 10.58
0   3584.04130  -6077.47417   2230.93276   4.5768136   0.9564904  -5.1699351 2026 01 14 06 49 30.58
0   3674.89742  -6057.28858   2127.09951   4.5086473   1.0621129  -5.2129636 2026 01 14 06 49 50.58
0   3764.37481  -6034.99133   2022.42584   4.4389422   1.1676508  -5.2539783 2026 01 14 06 50 10.58
0   3852.44293  -6010.58447   1916.95224   4.3677206   1.2730674  -5.2929588 2026 01 14 06 50 30.58
0   3939.07169  -5984.07081   1810.71958   4.2950056   1.3783258  -5.3298854 2026 01 14 06 50 50.58
0   4024.23145  -5955.45387   1703.76915   4.2208206   1.4833888  -5.3647392 2026 01 14 06 51 10.58
0   4107.89304  -5924.73794   1596.14256   4.1451897   1.5882192  -5.3975019 2026 01 14 06 51 30.58
0   4190.02782  -5891.92803   1487.88184   4.0681375   1.6927794  -5.4281559 2026 01 14 06 51 50.58
0   4270.60759  -5857.02992   1379.02930   3.9896893   1.7970319  -5.4566844 2026 01 14 06 52 10.58
0   4349.60470  -5820.05015   1269.62764   3.9098707   1.9009387  -5.4830712 2026 01 14 06 52 30.58
0   4426.99200  -5780.99601   1159.71982   3.8287080   2.0044619  -5.5073012 2026 01 14 06 52 50.58
0   4502.74288  -5739.87554   1049.34914   3.7462280   2.1075634  -5.5293596 2026 01 14 06 53 10.58
0   4576.83126  -5696.69756    938.55917   3.6624580   2.2102049  -5.5492326 2026 01 14 06 53 30.58
0   4649.23163  -5651.47165    827.39375   3.5774259   2.3123481  -5.5669074 2026 01 14 06 53 50.58
0   4719.91903  -5604.20816    715.89695   3.4911601   2.4139544  -5.5823716 2026 01 14 06 54 10.58
0   4788.86906  -5554.91821    604.11312   3.4036895   2.5149855  -5.5956139 2026 01 14 06 54 30.58
0   4856.05794  -5503.61369    492.08678   3.3150436   2.6154027  -5.6066238 2026 01 14 06 54 50.58
0   4921.46244  -5450.30725    379.86269   3.2252522   2.7151673  -5.6153916 2026 01 14 06 55 10.58
0   4985.05996  -5395.01234    267.48578   3.1343458   2.8142407  -5.6219084 2026 01 14 06 55 30.58
0   5046.82851  -5337.74316    155.00115   3.0423553   2.9125843  -5.6261663 2026 01 14 06 55 50.58
0   5106.74673  -5278.51470     42.45404   2.9493122   3.0101592  -5.6281582 2026 01 14 06 56 10.58
0   5164.79386  -5217.34271    -70.11015   2.8552484   3.1069268  -5.6278779 2026 01 14 06 56 30.58
0   5220.94983  -5154.24372   -182.64593   2.7601961   3.2028485  -5.6253201 2026 01 14 06 56 50.58
0   5275.19519  -5089.23504   -295.10770   2.6641883   3.2978857  -5.6204804 2026 01 14 06 57 10.58
0   5327.51115  -5022.33473   -407.44980   2.5672583   3.3919998  -5.6133555 2026 01 14 06 57 30.58
0   5377.87962  -4953.56165   -519.62648   2.4694398   3.4851525  -5.6039427 2026 01 14 06 57 50.58
0   5426.28315  -4882.93541   -631.59197   2.3707670   3.5773053  -5.5922405 2026 01 14 06 58 10.58
0   5472.70501  -4810.47637   -743.30049   2.2712745   3.6684202  -5.5782483 2026 01 14 06 58 30.58
0   5517.12914  -4736.20569   -854.70622   2.1709972   3.7584589  -5.5619665 2026 01 14 06 58 50.58
0   5559.54021  -4660.14527   -965.76339   2.0699708   3.8473837  -5.5433963 2026 01 14 06 59 10.58
0   5599.92359  -4582.31775  -1076.42626   1.9682309   3.9351567  -5.5225401 2026 01 14 06 59 30.58
0   5638.26536  -4502.74656  -1186.64912   1.8658138   4.0217405  -5.4994012 2026 01 14 06 59 50.58
0   5674.55234  -4421.45584  -1296.38637   1.7627561   4.1070979  -5.4739839 2026 01 14 07 00 10.58
0   5708.77210  -4338.47050  -1405.59249   1.6590948   4.1911916  -5.4462934 2026 01 14 07 00 30.58
0   5740.91292  -4253.81619  -1514.22208   1.5548671   4.2739850  -5.4163361 2026 01 14 07 00 50.58
0   5770.96385  -4167.51926  -1622.22986   1.4501106   4.3554415  -5.3841192 2026 01 14 07 01 10.58
0   5798.91469  -4079.60683  -1729.57074   1.3448633   4.4355249  -5.3496512 2026 01 14 07 01 30.58
0   5824.75601  -3990.10672  -1836.19977   1.2391635   4.5141994  -5.3129412 2026 01 14 07 01 50.58
0   5848.47914  -3899.04747  -1942.07221   1.1330498   4.5914294  -5.2739998 2026 01 14 07 02 10.58
0   5870.07618  -3806.45831  -2047.14356   1.0265608   4.6671797  -5.2328383 2026 01 14 07 02 30.58
0   5889.54002  -3712.36920  -2151.36953   0.9197358   4.7414156  -5.1894692 2026 01 14 07 02 50.58
0   5906.86433  -3616.81077  -2254.70610   0.8126140   4.8141027  -5.1439060 2026 01 14 07 03 10.58
0   5922.04356  -3519.81433  -2357.10954   0.7052351   4.8852070  -5.0961631 2026 01 14 07 03 30.58
0   5935.07298  -3421.41189  -2458.53639   0.5976388   4.9546951  -5.0462561 2026 01 14 07 03 50.58
0   5945.94863  -3321.63610  -2558.94354   0.4898650   5.0225340  -4.9942016 2026 01 14 07 04 10.58
0   5954.66736  -3220.52027  -2658.28822   0.3819541   5.0886911  -4.9400173 2026 01 14 07 04 30.58
0   5961.22682  -3118.09837  -2756.52801   0.2739462   5.1531343  -4.8837218 2026 01 14 07 04 50.58
0   5965.62550  -3014.40499  -2853.62088   0.1658818   5.2158324  -4.8253347 2026 01 14 07 05 10.58
0   5967.86265  -2909.47535  -2949.52522   0.0578016   5.2767543  -4.7648769 2026 01 14 07 05 30.58
0   5967.93837  -2803.34528  -3044.19981  -0.0502537   5.3358696  -4.7023700 2026 01 14 07 05 50.58
0   5965.85356  -2696.05121  -3137.60391  -0.1582434   5.3931488  -4.6378369 2026 01 14 07 06 10.58
0   5961.60995  -2587.63018  -3229.69722  -0.2661266   5.4485626  -4.5713013 2026 01 14 07 06 30.58
0   5955.21008  -2478.11976  -3320.43995  -0.3738623   5.5020826  -4.5027881 2026 01 14 07 06 50.58
0   5946.65730  -2367.55813  -3409.79279  -0.4814095   5.5536809  -4.4323230 2026 01 14 07 07 10.58
0   5935.95580  -2255.98399  -3497.71698  -0.5887274   5.6033305  -4.3599329 2026 01 14 07 07 30.58
0   5923.11056  -2143.43659  -3584.17430  -0.6957748   5.6510048  -4.2856456 2026 01 14 07 07 50.58
0   5908.12743  -2029.95570  -3669.12709  -0.8025109   5.6966783  -4.2094899 2026 01 14 07 08 10.58
0   5891.01301  -1915.58159  -3752.53828  -0.9088948   5.7403259  -4.1314955 2026 01 14 07 08 30.58
0   5871.77479  -1800.35502  -3834.37140  -1.0148856   5.7819234  -4.0516932 2026 01 14 07 08 50.58
0   5850.42101  -1684.31724  -3914.59062  -1.1204425   5.8214473  -3.9701146 2026 01 14 07 09 10.58
0   5826.96078  -1567.50994  -3993.16073  -1.2255249   5.8588751  -3.8867925 2026 01 14 07 09 30.58
0   5801.40398  -1449.97528  -4070.04720  -1.3300923   5.8941850  -3.8017602 2026 01 14 07 09 50.58
0   5773.76133  -1331.75584  -4145.21618  -1.4341043   5.9273558  -3.7150524 2026 01 14 07 10 10.58
0   5744.04434  -1212.89459  -4218.63451  -1.5375206   5.9583675  -3.6267044 2026 01 14 07 10 30.58
0   5712.26531  -1093.43491  -4290.26976  -1.6403014   5.9872009  -3.5367524 2026 01 14 07 10 50.58
0   5678.43737   -973.42057  -4360.09020  -1.7424066   6.0138375  -3.4452336 2026 01 14 07 11 10.58
0   5642.57442   -852.89567  -4428.06491  -1.8437968   6.0382598  -3.3521860 2026 01 14 07 11 30.58
0   5604.69116   -731.90468  -4494.16368  -1.9444327   6.0604512  -3.2576484 2026 01 14 07 11 50.58
0   5564.80307   -610.49237  -4558.35711  -2.0442751   6.0803962  -3.1616604 2026 01 14 07 12 10.58
0   5522.92641   -488.70382  -4620.61662  -2.1432853   6.0980799  -3.0642626 2026 01 14 07 12 30.58
0   5479.07821   -366.58439  -4680.91442  -2.2414248   6.1134887  -2.9654962 2026 01 14 07 12 50.58
0   5433.27627   -244.17973  -4739.22355  -2.3386556   6.1266098  -2.8654031 2026 01 14 07 13 10.58
0   5385.53913   -121.53569  -4795.51793  -2.4349399   6.1374313  -2.7640262 2026 01 14 07 13 30.58
0   5335.88612      1.30162  -4849.77231  -2.5302402   6.1459425  -2.6614089 2026 01 14 07 13 50.58
0   5284.33728    124.28588  -4901.96234  -2.6245197   6.1521335  -2.5575955 2026 01 14 07 14 10.58
0   5230.91339    247.37062  -4952.06453  -2.7177416   6.1559957  -2.4526307 2026 01 14 07 14 30.58
0   5175.63597    370.50917  -5000.05633  -2.8098700   6.1575212  -2.3465602 2026 01 14 07 14 50.58
0   5118.52725    493.65473  -5045.91609  -2.9008691   6.1567033  -2.2394301 2026 01 14 07 15 10.58
0   5059.61017    616.76038  -5089.62308  -2.9907037   6.1535365  -2.1312871 2026 01 14 07 15 30.58
0   4998.90836    739.77909  -5131.15754  -3.0793391   6.1480160  -2.0221787 2026 01 14 07 15 50.58
0   4936.44616    862.66375  -5170.50063  -3.1667412   6.1401383  -1.9121527 2026 01 14 07 16 10.58
0   4872.24857    985.36720  -5207.63449  -3.2528762   6.1299010  -1.8012576 2026 01 14 07 16 30.58
0   4806.34126   1107.84222  -5242.54224  -3.3377111   6.1173027  -1.6895425 2026 01 14 07 16 50.58
0   4738.75056   1230.04160  -5275.20797  -3.4212134   6.1023430  -1.5770567 2026 01 14 07 17 10.58
0   4669.50345   1351.91812  -5305.61678  -3.5033511   6.0850227  -1.4638503 2026 01 14 07 17 30.58
0   4598.62752   1473.42459  -5333.75475  -3.5840930   6.0653436  -1.3499734 2026 01 14 07 17 50.58
0   4526.15101   1594.51386  -5359.60900  -3.6634082   6.0433088  -1.2354770 2026 01 14 07 18 10.58
0   4452.10274   1715.13886  -5383.16765  -3.7412667   6.0189222  -1.1204120 2026 01 14 07 18 30.58
0   4376.51214   1835.25260  -5404.41983  -3.8176392   5.9921890  -1.0048301 2026 01 14 07 18 50.58
0   4299.40923   1954.80823  -5423.35575  -3.8924968   5.9631155  -0.8887829 2026 01 14 07 19 10.58
0   4220.82457   2073.75900  -5439.96661  -3.9658117   5.9317089  -0.7723226 2026 01 14 07 19 30.58
0   4140.78930   2192.05836  -5454.24468  -4.0375564   5.8979778  -0.6555014 2026 01 14 07 19 50.58
0   4059.33508   2309.65989  -5466.18326  -4.1077044   5.8619316  -0.5383720 2026 01 14 07 20 10.58
0   3976.49410   2426.51742  -5475.77674  -4.1762297   5.8235810  -0.4209872 2026 01 14 07 20 30.58
0   3892.29907   2542.58497  -5483.02052  -4.2431073   5.7829377  -0.3033997 2026 01 14 07 20 50.58
0   3806.78319   2657.81682  -5487.91109  -4.3083128   5.7400145  -0.1856628 2026 01 14 07 21 10.58
0   3719.98012   2772.16752  -5490.44599  -4.3718226   5.6948252  -0.0678296 2026 01 14 07 21 30.58
0   3631.92401   2885.59189  -5490.62382  -4.4336139   5.6473849   0.0500467 2026 01 14 07 21 50.58
0   3542.64945   2998.04508  -5488.44427  -4.4936648   5.5977096   0.1679127 2026 01 14 07 22 10.58
0   3452.19146   3109.48256  -5483.90807  -4.5519540   5.5458164   0.2857152 2026 01 14 07 22 30.58
0   3360.58546   3219.86016  -5477.01702  -4.6084612   5.4917235   0.4034009 2026 01 14 07 22 50.58
0   3267.86729   3329.13408  -5467.77398  -4.6631669   5.4354500   0.5209165 2026 01 14 07 23 10.58
0   3174.07317   3437.26091  -5456.18291  -4.7160524   5.3770162   0.6382088 2026 01 14 07 23 30.58
0   3079.23967   3544.19767  -5442.24877  -4.7670999   5.3164433   0.7552247 2026 01 14 07 23 50.58
0   2983.40373   3649.90179  -5425.97764  -4.8162923   5.2537538   0.8719115 2026 01 14 07 24 10.58
0   2886.60260   3754.33117  -5407.37663  -4.8636137   5.1889708   0.9882162 2026 01 14 07 24 30.58
0   2788.87385   3857.44420  -5386.45388  -4.9090487   5.1221187   1.1040864 2026 01 14 07 24 50.58
0   2690.25535   3959.19975  -5363.21863  -4.9525831   5.0532227   1.2194697 2026 01 14 07 25 10.58
0   2590.78524   4059.55719  -5337.68111  -4.9942033   4.9823092   1.3343140 2026 01 14 07 25 30.58
0   2490.50194   4158.47646  -5309.85263  -5.0338968   4.9094052   1.4485677 2026 01 14 07 25 50.58
0   2389.44409   4255.91803  -5279.74551  -5.0716520   4.8345390   1.5621792 2026 01 14 07 26 10.58
0   2287.65056   4351.84294  -5247.37310  -5.1074580   4.7577396   1.6750975 2026 01 14 07 26 30.58
0   2185.16043   4446.21282  -5212.74976  -5.1413051   4.6790371   1.7872718 2026 01 14 07 26 50.58
0   2082.01296   4538.98994  -5175.89088  -5.1731843   4.5984622   1.8986519 2026 01 14 07 27 10.58
0   1978.24761   4630.13714  -5136.81283  -5.2030874   4.5160467   2.0091879 2026 01 14 07 27 30.58
0   1873.90395   4719.61795  -5095.53299  -5.2310075   4.4318232   2.1188303 2026 01 14 07 27 50.58
0   1769.02170   4807.39655  -5052.06971  -5.2569383   4.3458252   2.2275304 2026 01 14 07 28 10.58
0   1663.64072   4893.43777  -5006.44231  -5.2808744   4.2580868   2.3352396 2026 01 14 07 28 30.58
0   1557.80092   4977.70717  -4958.67109  -5.3028116   4.1686433   2.4419102 2026 01 14 07 28 50.58
0   1451.54233   5060.17100  -4908.77729  -5.3227462   4.0775303   2.5474949 2026 01 14 07 29 10.58
0   1344.90502   5140.79622  -4856.78309  -5.3406759   3.9847846   2.6519470 2026 01 14 07 29 30.58
0   1237.92911   5219.55057  -4802.71158  -5.3565987   3.8904433   2.7552205 2026 01 14 07 29 50.58
0   1130.65475   5296.40250  -4746.58681  -5.3705142   3.7945447   2.8572701 2026 01 14 07 30 10.58
0   1023.12207   5371.32125  -4688.43368  -5.3824223   3.6971273   2.9580510 2026 01 14 07 30 30.58
0    915.37122   5444.27684  -4628.27800  -5.3923241   3.5982306   3.0575193 2026 01 14 07 30 50.58
0    807.44231   5515.24007  -4566.14646  -5.4002215   3.4978948   3.1556316 2026 01 14 07 31 10.58
0    699.37540   5584.18258  -4502.06660  -5.4061174   3.3961603   3.2523454 2026 01 14 07 31 30.58
0    591.21048   5651.07679  -4436.06679  -5.4100155   3.2930686   3.3476190 2026 01 14 07 31 50.58
0    482.98747   5715.89598  -4368.17626  -5.4119202   3.1886615   3.4414113 2026 01 14 07 32 10.58
0    374.74617   5778.61425  -4298.42501  -5.4118372   3.0829814   3.5336823 2026 01 14 07 32 30.58
0    266.52630   5839.20658  -4226.84388  -5.4097725   2.9760712   3.6243925 2026 01 14 07 32 50.58
0    158.36741   5897.64880  -4153.46445  -5.4057335   2.8679744   3.7135035 2026 01 14 07 33 10.58
0     50.30891   5953.91759  -4078.31909  -5.3997280   2.7587349   3.8009777 2026 01 14 07 33 30.58
0    -57.60995   6007.99056  -4001.44089  -5.3917650   2.6483970   3.8867783 2026 01 14 07 33 50.58
0   -165.35011   6059.84618  -3922.86368  -5.3818539   2.5370056   3.9708696 2026 01 14 07 34 10.58
0   -272.87272   6109.46383  -3842.62200  -5.3700053   2.4246059   4.0532165 2026 01 14 07 34 30.58
0   -380.13912   6156.82379  -3760.75108  -5.3562305   2.3112435   4.1337851 2026 01 14 07 34 50.58
0   -487.11091   6201.90726  -3677.28679  -5.3405414   2.1969642   4.2125424 2026 01 14 07 35 10.58
0   -593.74993   6244.69637  -3592.26570  -5.3229508   2.0818144   4.2894563 2026 01 14 07 35 30.58
0   -700.01829   6285.17416  -3505.72498  -5.3034724   1.9658405   4.3644957 2026 01 14 07 35 50.58
0   -805.87835   6323.32463  -3417.70241  -5.2821205   1.8490895   4.4376306 2026 01 14 07 36 10.58
0   -911.29279   6359.13270  -3328.23639  -5.2589101   1.7316084   4.5088318 2026 01 14 07 36 30.58
0  -1016.22461   6392.58423  -3237.36586  -5.2338570   1.6134445   4.5780712 2026 01 14 07 36 50.58
0  -1120.63709   6423.66604  -3145.13033  -5.2069777   1.4946452   4.6453218 2026 01 14 07 37 10.58
0  -1224.49390   6452.36590  -3051.56984  -5.1782895   1.3752584   4.7105576 2026 01 14 07 37 30.58
0  -1327.75901   6478.67254  -2956.72494  -5.1478101   1.2553317   4.7737534 2026 01 14 07 37 50.58
0  -1430.39679   6502.57563  -2860.63666  -5.1155582   1.1349130   4.8348855 2026 01 14 07 38 10.58
0  -1532.37196   6524.06581  -2763.34652  -5.0815528   1.0140505   4.8939308 2026 01 14 07 38 30.58
0  -1633.64967   6543.13469  -2664.89646  -5.0458140   0.8927922   4.9508676 2026 01 14 07 38 50.58
0  -1734.19543   6559.77483  -2565.32887  -5.0083620   0.7711862   5.0056751 2026 01 14 07 39 10.58
0  -1833.97519   6573.97977  -2464.68652  -4.9692179   0.6492808   5.0583335 2026 01 14 07 39 30.58
0  -1932.95531   6585.74398  -2363.01260  -4.9284034   0.5271240   5.1088243 2026 01 14 07 39 50.58
0  -2031.10261   6595.06293  -2260.35063  -4.8859407   0.4047639   5.1571299 2026 01 14 07 40 10.58
0  -2128.38434   6601.93303  -2156.74449  -4.8418525   0.2822487   5.2032337 2026 01 14 07 40 30.58
0  -2224.76822   6606.35167  -2052.23836  -4.7961621   0.1596264   5.2471205 2026 01 14 07 40 50.58
0  -2320.22244   6608.31716  -1946.87673  -4.7488933   0.0369448   5.2887758 2026 01 14 07 41 10.58
0  -2414.71567   6607.82882  -1840.70437  -4.7000704  -0.0857484   5.3281864 2026 01 14 07 41 30.58
0  -2508.21708   6604.88689  -1733.76629  -4.6497183  -0.2084054   5.3653403 2026 01 14 07 41 50.58
0  -2600.69633   6599.49256  -1626.10774  -4.5978622  -0.3309788   5.4002262 2026 01 14 07 42 10.58
0  -2692.12358   6591.64798  -1517.77419  -4.5445277  -0.4534214   5.4328341 2026 01 14 07 42 30.58
0  -2782.46954   6581.35625  -1408.81129  -4.4897411  -0.5756861   5.4631552 2026 01 14 07 42 50.58
0  -2871.70542   6568.62138  -1299.26486  -4.4335288  -0.6977260   5.4911815 2026 01 14 07 43 10.58
0  -2959.80297   6553.44836  -1189.18086  -4.3759179  -0.8194946   5.5169063 2026 01 14 07 43 30.58
0  -3046.73449   6535.84305  -1078.60538  -4.3169355  -0.9409456   5.5403237 2026 01 14 07 43 50.58
0  -3132.47283   6515.81229   -967.58462  -4.2566095  -1.0620330   5.5614292 2026 01 14 07 44 10.58
0  -3216.99139   6493.36381   -856.16486  -4.1949679  -1.1827110   5.5802189 2026 01 14 07 44 30.58
0  -3300.26415   6468.50624   -744.39245  -4.1320389  -1.3029344   5.5966903 2026 01 14 07 44 50.58
0  -3382.26564   6441.24914   -632.31377  -4.0678512  -1.4226580   5.6108419 2026 01 14 07 45 10.58
0  -3462.97097   6411.60294   -519.97521  -4.0024339  -1.5418373   5.6226730 2026 01 14 07 45 30.58
0  -3542.35584   6379.57899   -407.42320  -3.9358160  -1.6604279   5.6321841 2026 01 14 07 45 50.58
0  -3620.39654   6345.18950   -294.70412  -3.8680270  -1.7783860   5.6393766 2026 01 14 07 46 10.58
0  -3697.06994   6308.44755   -181.86431  -3.7990968  -1.8956681   5.6442531 2026 01 14 07 46 30.58
0  -3772.35351   6269.36711    -68.95006  -3.7290551  -2.0122312   5.6468170 2026 01 14 07 46 50.58
0  -3846.22534   6227.96297     43.99241  -3.6579321  -2.1280327   5.6470726 2026 01 14 07 47 10.58
0  -3918.66408   6184.25080    156.91699  -3.5857581  -2.2430304   5.6450254 2026 01 14 07 47 30.58
0  -3989.64904   6138.24709    269.77768  -3.5125636  -2.3571828   5.6406817 2026 01 14 07 47 50.58
0  -4059.16011   6089.96915    382.52864  -3.4383792  -2.4704487   5.6340488 2026 01 14 07 48 10.58
0  -4127.17779   6039.43515    495.12415  -3.3632357  -2.5827874   5.6251349 2026 01 14 07 48 30.58
0  -4193.68322   5986.66401    607.51869  -3.2871641  -2.6941588   5.6139491 2026 01 14 07 48 50.58
0  -4258.65815   5931.67548    719.66691  -3.2101952  -2.8045233   5.6005015 2026 01 14 07 49 10.58
0  -4322.08495   5874.49010    831.52370  -3.1323602  -2.9138417   5.5848029 2026 01 14 07 49 30.58
0  -4383.94659   5815.12917    943.04414  -3.0536903  -3.0220756   5.5668652 2026 01 14 07 49 50.58
0  -4444.22671   5753.61477   1054.18357  -2.9742166  -3.1291870   5.5467010 2026 01 14 07 50 10.58
0  -4502.90954   5689.96972   1164.89762  -2.8939704  -3.2351385   5.5243239 2026 01 14 07 50 30.58
0  -4559.97995   5624.21760   1275.14216  -2.8129831  -3.3398933   5.4997482 2026 01 14 07 50 50.58
0  -4615.42342   5556.38269   1384.87336  -2.7312860  -3.4434151   5.4729891 2026 01 14 07 51 10.58
0  -4669.22609   5486.49001   1494.04773  -2.6489104  -3.5456682   5.4440626 2026 01 14 07 51 30.58
0  -4721.37469   5414.56529   1602.62207  -2.5658875  -3.6466178   5.4129854 2026 01 14 07 51 50.58
0  -4771.85660   5340.63495   1710.55356  -2.4822488  -3.7462292   5.3797750 2026 01 14 07 52 10.58
0  -4820.65980   5264.72609   1817.79970  -2.3980254  -3.8444688   5.3444499 2026 01 14 07 52 30.58
0  -4867.77294   5186.86647   1924.31841  -2.3132485  -3.9413034   5.3070290 2026 01 14 07 52 50.58
0  -4913.18524   5107.08452   2030.06795  -2.2279494  -4.0367003   5.2675322 2026 01 14 07 53 10.58
0  -4956.88658   5025.40932   2135.00702  -2.1421591  -4.1306277   5.2259800 2026 01 14 07 53 30.58
0  -4998.86745   4941.87056   2239.09472  -2.0559085  -4.2230543   5.1823935 2026 01 14 07 53 50.58
0  -5039.11895   4856.49856   2342.29057  -1.9692286  -4.3139495   5.1367947 2026 01 14 07 54 10.58
0  -5077.63280   4769.32426   2444.55458  -1.8821502  -4.4032833   5.0892061 2026 01 14 07 54 30.58
0  -5114.40136   4680.37918   2545.84715  -1.7947039  -4.4910264   5.0396510 2026 01 14 07 54 50.58
0  -5149.41755   4589.69540   2646.12922  -1.7069203  -4.5771500   4.9881533 2026 01 14 07 55 10.58
0  -5182.67496   4497.30561   2745.36216  -1.6188299  -4.6616263   4.9347373 2026 01 14 07 55 30.58
0  -5214.16774   4403.24301   2843.50786  -1.5304628  -4.7444278   4.8794283 2026 01 14 07 55 50.58
0  -5243.89066   4307.54137   2940.52872  -1.4418493  -4.8255280   4.8222518 2026 01 14 07 56 10.58
0  -5271.83910   4210.23498   3036.38765  -1.3530192  -4.9049007   4.7632342 2026 01 14 07 56 30.58
0  -5298.00903   4111.35862   3131.04810  -1.2640024  -4.9825207   4.7024023 2026 01 14 07 56 50.58
0  -5322.39700   4010.94761   3224.47405  -1.1748285  -5.0583632   4.6397834 2026 01 14 07 57 10.58
0  -5345.00018   3909.03773   3316.63003  -1.0855268  -5.1324044   4.5754056 2026 01 14 07 57 30.58
0  -5365.81630   3805.66523   3407.48116  -0.9961266  -5.2046208   4.5092971 2026 01 14 07 57 50.58
0  -5384.84368   3700.86684   3496.99311  -0.9066570  -5.2749899   4.4414869 2026 01 14 07 58 10.58
0  -5402.08122   3594.67971   3585.13213  -0.8171468  -5.3434896   4.3720045 2026 01 14 07 58 30.58
0  -5417.52840   3487.14145   3671.86508  -0.7276245  -5.4100987   4.3008797 2026 01 14 07 58 50.58
0  -5431.18526   3378.29006   3757.15941  -0.6381185  -5.4747966   4.2281429 2026 01 14 07 59 10.58
0  -5443.05241   3268.16399   3840.98319  -0.5486571  -5.5375633   4.1538248 2026 01 14 07 59 30.58
0  -5453.13102   3156.80202   3923.30509  -0.4592681  -5.5983795   4.0779567 2026 01 14 07 59 50.58
0  -5461.42281   3044.24337   4004.09445  -0.3699791  -5.6572266   4.0005703 2026 01 14 08 00 10.58
0  -5467.93007   2930.52758   4083.32119  -0.2808178  -5.7140867   3.9216975 2026 01 14 08 00 30.58
0  -5472.65560   2815.69457   4160.95592  -0.1918111  -5.7689426   3.8413708 2026 01 14 08 00 50.58
0  -5475.60279   2699.78458   4236.96989  -0.1029862  -5.8217776   3.7596230 2026 01 14 08 01 10.58
0  -5476.77553   2582.83819   4311.33499  -0.0143697  -5.8725759   3.6764872 2026 01 14 08 01 30.58
0  -5476.17825   2464.89629   4384.02381   0.0740120  -5.9213221   3.5919970 2026 01 14 08 01 50.58
0  -5473.81591   2346.00005   4455.00959   0.1621327  -5.9680017   3.5061863 2026 01 14 08 02 10.58
0  -5469.69399   2226.19096   4524.26625   0.2499665  -6.0126008   3.4190891 2026 01 14 08 02 30.58
0  -5463.81849   2105.51075   4591.76840   0.3374877  -6.0551060   3.3307400 2026 01 14 08 02 50.58
0  -5456.19589   1984.00142   4657.49136   0.4246711  -6.0955047   3.2411737 2026 01 14 08 03 10.58
0  -5446.83323   1861.70522   4721.41112   0.5114914  -6.1337851   3.1504254 2026 01 14 08 03 30.58
0  -5435.73799   1738.66463   4783.50439   0.5979240  -6.1699358   3.0585303 2026 01 14 08 03 50.58
0  -5422.91819   1614.92235   4843.74859   0.6839442  -6.2039461   2.9655241 2026 01 14 08 04 10.58
0  -5408.38231   1490.52129   4902.12185   0.7695278  -6.2358061   2.8714427 2026 01 14 08 04 30.58
0  -5392.13933   1365.50454   4958.60302   0.8546508  -6.2655063   2.7763220 2026 01 14 08 04 50.58
0  -5374.19868   1239.91540   5013.17167   0.9392896  -6.2930381   2.6801984 2026 01 14 08 05 10.58
0  -5354.57029   1113.79730   5065.80810   1.0234207  -6.3183934   2.5831085 2026 01 14 08 05 30.58
0  -5333.26455    987.19386   5116.49336   1.1070211  -6.3415648   2.4850891 2026 01 14 08 05 50.58
0  -5310.29229    860.14882   5165.20921   1.1900679  -6.3625454   2.3861770 2026 01 14 08 06 10.58
0  -5285.66481    732.70605   5211.93817   1.2725385  -6.3813292   2.2864093 2026 01 14 08 06 30.58
0  -5259.39386    604.90957   5256.66350   1.3544108  -6.3979105   2.1858235 2026 01 14 08 06 50.58
0  -5231.49163    476.80345   5299.36919   1.4356628  -6.4122846   2.0844569 2026 01 14 08 07 10.58
0  -5201.97073    348.43190   5340.04001   1.5162727  -6.4244470   1.9823471 2026 01 14 08 07 30.58
0  -5170.84422    219.83918   5378.66147   1.5962193  -6.4343942   1.8795320 2026 01 14 08 07 50.58
0  -5138.12558     91.06963   5415.21983   1.6754815  -6.4421232   1.7760495 2026 01 14 08 08 10.58
0  -5103.82870    -37.83235   5449.70213   1.7540384  -6.4476315   1.6719375 2026 01 14 08 08 30.58
0  -5067.96790   -166.82233   5482.09614   1.8318696  -6.4509174   1.5672342 2026 01 14 08 08 50.58
0  -5030.55789   -295.85586   5512.39042   1.9089548  -6.4519796   1.4619779 2026 01 14 08 09 10.58
0  -4991.61380   -424.88844   5540.57430   1.9852742  -6.4508178   1.3562070 2026 01 14 08 09 30.58
0  -4951.15112   -553.87559   5566.63785   2.0608081  -6.4474318   1.2499598 2026 01 14 08 09 50.58
0  -4909.18578   -682.77284   5590.57194   2.1355372  -6.4418224   1.1432749 2026 01 14 08 10 10.58
0  -4865.73404   -811.53571   5612.36819   2.2094424  -6.4339909   1.0361909 2026 01 14 08 10 30.58
0  -4820.81259   -940.11980   5632.01900   2.2825051  -6.4239392   0.9287465 2026 01 14 08 10 50.58
0  -4774.43846  -1068.48070   5649.51756   2.3547067  -6.4116697   0.8209803 2026 01 14 08 11 10.58
0  -4726.62905  -1196.57409   5664.85780   2.4260291  -6.3971856   0.7129313 2026 01 14 08 11 30.58
0  -4677.40213  -1324.35572   5678.03447   2.4964544  -6.3804905   0.6046381 2026 01 14 08 11 50.58
0  -4626.77581  -1451.78140   5689.04306   2.5659651  -6.3615888   0.4961396 2026 01 14 08 12 10.58
0  -4574.76857  -1578.80704   5697.87985   2.6345437  -6.3404854   0.3874747 2026 01 14 08 12 30.58
0  -4521.39921  -1705.38866   5704.54190   2.7021734  -6.3171857   0.2786823 2026 01 14 08 12 50.58
0  -4466.68689  -1831.48238   5709.02705   2.7688374  -6.2916960   0.1698012 2026 01 14 08 13 10.58
0  -4410.65109  -1957.04448   5711.33392   2.8345192  -6.2640228   0.0608704 2026 01 14 08 13 30.58
0  -4353.31160  -2082.03134   5711.46189   2.8992027  -6.2341734  -0.0480713 2026 01 14 08 13 50.58
0  -4294.68856  -2206.39952   5709.41114   2.9628721  -6.2021559  -0.1569850 2026 01 14 08 14 10.58
0  -4234.80242  -2330.10574   5705.18262   3.0255118  -6.1679786  -0.2658318 2026 01 14 08 14 30.58
0  -4173.67391  -2453.10688   5698.77805   3.0871064  -6.1316506  -0.3745730 2026 01 14 08 14 50.58
0  -4111.32410  -2575.36003   5690.19994   3.1476410  -6.0931816  -0.4831697 2026 01 14 08 15 10.58
0  -4047.77432  -2696.82246   5679.45156   3.2071009  -6.0525820  -0.5915832 2026 01 14 08 15 30.58
0  -3983.04624  -2817.45166   5666.53696   3.2654717  -6.0098624  -0.6997749 2026 01 14 08 15 50.58
0  -3917.16176  -2937.20535   5651.46097   3.3227391  -5.9650344  -0.8077061 2026 01 14 08 16 10.58
0  -3850.14311  -3056.04147   5634.22918   3.3788894  -5.9181101  -0.9153382 2026 01 14 08 16 30.58
0  -3782.01275  -3173.91821   5614.84797   3.4339089  -5.8691020  -1.0226329 2026 01 14 08 16 50.58
0  -3712.79345  -3290.79404   5593.32447   3.4877844  -5.8180235  -1.1295517 2026 01 14 08 17 10.58
0  -3642.50822  -3406.62767   5569.66657   3.5405028  -5.7648882  -1.2360563 2026 01 14 08 17 30.58
0  -3571.18032  -3521.37811   5543.88296   3.5920515  -5.7097107  -1.3421085 2026 01 14 08 17 50.58
0  -3498.83328  -3635.00466   5515.98307   3.6424179  -5.6525059  -1.4476702 2026 01 14 08 18 10.58
0  -3425.49087  -3747.46693   5485.97708   3.6915900  -5.5932894  -1.5527035 2026 01 14 08 18 30.58
0  -3351.17709  -3858.72485   5453.87594   3.7395559  -5.5320775  -1.6571705 2026 01 14 08 18 50.58
0  -3275.91620  -3968.73868   5419.69137   3.7863040  -5.4688869  -1.7610335 2026 01 14 08 19 10.58
0  -3199.73266  -4077.46900   5383.43582   3.8318230  -5.4037349  -1.8642550 2026 01 14 08 19 30.58
0  -3122.65116  -4184.87677   5345.12250   3.8761019  -5.3366396  -1.9667974 2026 01 14 08 19 50.58
0  -3044.69662  -4290.92330   5304.76538   3.9191299  -5.2676195  -2.0686235 2026 01 14 08 20 10.58
0  -2965.89416  -4395.57029   5262.37915   3.9608968  -5.1966938  -2.1696963 2026 01 14 08 20 30.58
0  -2886.26911  -4498.77983   5217.97925   4.0013922  -5.1238821  -2.2699788 2026 01 14 08 20 50.58
0  -2805.84700  -4600.51440   5171.58186   4.0406064  -5.0492049  -2.3694342 2026 01 14 08 21 10.58
0  -2724.65354  -4700.73688   5123.20390   4.0785299  -4.9726831  -2.4680260 2026 01 14 08 21 30.58
0  -2642.71466  -4799.41062   5072.86300   4.1151533  -4.8943381  -2.5657178 2026 01 14 08 21 50.58
0  -2560.05643  -4896.49935   5020.57753   4.1504677  -4.8141922  -2.6624736 2026 01 14 08 22 10.58
0  -2476.70513  -4991.96730   4966.36657   4.1844644  -4.7322680  -2.7582573 2026 01 14 08 22 30.58
0  -2392.68720  -5085.77913   4910.24994   4.2171351  -4.6485888  -2.8530333 2026 01 14 08 22 50.58
0  -2308.02924  -5177.89998   4852.24814   4.2484716  -4.5631786  -2.9467661 2026 01 14 08 23 10.58
0  -2222.75802  -5268.29547   4792.38239   4.2784663  -4.4760618  -3.0394206 2026 01 14 08 23 30.58
0  -2136.90043  -5356.93173   4730.67461   4.3071116  -4.3872636  -3.1309617 2026 01 14 08 23 50.58
0  -2050.48355  -5443.77537   4667.14743   4.3344004  -4.2968095  -3.2213548 2026 01 14 08 24 10.58
0  -1963.53457  -5528.79356   4601.82416   4.3603258  -4.2047259  -3.3105656 2026 01 14 08 24 30.58
0  -1876.08083  -5611.95396   4534.72878   4.3848813  -4.1110396  -3.3985598 2026 01 14 08 24 50.58
0  -1788.14978  -5693.22480   4465.88596   4.4080606  -4.0157780  -3.4853037 2026 01 14 08 25 10.58
0  -1699.76901  -5772.57486   4395.32107   4.4298578  -3.9189693  -3.5707638 2026 01 14 08 25 30.58
0  -1610.96622  -5849.97348   4323.06010   4.4502674  -3.8206420  -3.6549069 2026 01 14 08 25 50.58
0  -1521.76921  -5925.39058   4249.12974   4.4692839  -3.7208254  -3.7377001 2026 01 14 08 26 10.58
0  -1432.20589  -5998.79668   4173.55730   4.4869025  -3.6195492  -3.8191110 2026 01 14 08 26 30.58
0  -1342.30426  -6070.16289   4096.37077   4.5031185  -3.5168438  -3.8991073 2026 01 14 08 26 50.58
0  -1252.09242  -6139.46094   4017.59875   4.5179276  -3.4127402  -3.9776574 2026 01 14 08 27 10.58
0  -1161.59854  -6206.66318   3937.27048   4.5313259  -3.3072699  -4.0547298 2026 01 14 08 27 30.58
0  -1070.85088  -6271.74260   3855.41584   4.5433095  -3.2004651  -4.1302935 2026 01 14 08 27 50.58
0   -979.87776  -6334.67283   3772.06530   4.5538753  -3.0923583  -4.2043179 2026 01 14 08 28 10.58
0   -888.70756  -6395.42818   3687.24997   4.5630202  -2.9829830  -4.2767728 2026 01 14 08 28 30.58
0   -797.36872  -6453.98362   3601.00152   4.5707416  -2.8723729  -4.3476284 2026 01 14 08 28 50.58
0   -705.88975  -6510.31479   3513.35225   4.5770372  -2.7605624  -4.4168554 2026 01 14 08 29 10.58
0   -614.29916  -6564.39803   3424.33501   4.5819051  -2.6475864  -4.4844248 2026 01 14 08 29 30.58
0   -522.62553  -6616.21040   3333.98324   4.5853436  -2.5334805  -4.5503084 2026 01 14 08 29 50.58
0   -430.89745  -6665.72965   3242.33094   4.5873515  -2.4182807  -4.6144782 2026 01 14 08 30 10.58
0   -339.14354  -6712.93428   3149.41267   4.5879280  -2.3020236  -4.6769066 2026 01 14 08 30 30.58
0   -247.39243  -6757.80351   3055.26352   4.5870724  -2.1847463  -4.7375668 2026 01 14 08 30 50.58
0   -155.67277  -6800.31732   2959.91913   4.5847846  -2.0664866  -4.7964323 2026 01 14 08 31 10.58
0    -64.01319  -6840.45644   2863.41564   4.5810649  -1.9472826  -4.8534772 2026 01 14 08 31 30.58
0     27.55768  -6878.20238   2765.78972   4.5759138  -1.8271731  -4.9086763 2026 01 14 08 31 50.58
0    119.01123  -6913.53741   2667.07855   4.5693323  -1.7061974  -4.9620046 2026 01 14 08 32 10.58
0    210.31886  -6946.44461   2567.31977   4.5613216  -1.5843951  -5.0134379 2026 01 14 08 32 30.58
0    301.45200  -6976.90785   2466.55153   4.5518835  -1.4618065  -5.0629527 2026 01 14 08 32 50.58
0    392.38214  -7004.91182   2364.81243   4.5410201  -1.3384725  -5.1105258 2026 01 14 08 33 10.58
0    483.08080  -7030.44202   2262.14152   4.5287338  -1.2144342  -5.1561348 2026 01 14 08 33 30.58
0    573.51955  -7053.48477   2158.57831   4.5150276  -1.0897334  -5.1997580 2026 01 14 08 33 50.58
0    663.67003  -7074.02725   2054.16273   4.4999047  -0.9644122  -5.2413741 2026 01 14 08 34 10.58
0    753.50394  -7092.05748   1948.93512   4.4833687  -0.8385133  -5.2809627 2026 01 14 08 34 30.58
0    842.99306  -7107.56433   1842.93623   4.4654237  -0.7120798  -5.3185038 2026 01 14 08 34 50.58
0    932.10926  -7120.53755   1736.20720   4.4460741  -0.5851553  -5.3539783 2026 01 14 08 35 10.58
0   1020.82451  -7130.96775   1628.78956   4.4253250  -0.4577836  -5.3873678 2026 01 14 08 35 30.58
0   1109.11086  -7138.84643   1520.72517   4.4031814  -0.3300092  -5.4186545 2026 01 14 08 35 50.58
0   1196.94049  -7144.16599   1412.05627   4.3796491  -0.2018769  -5.4478213 2026 01 14 08 36 10.58
0   1284.28568  -7146.91971   1302.82541   4.3547343  -0.0734318  -5.4748520 2026 01 14 08 36 30.58
0   1371.11885  -7147.10179   1193.07548   4.3284434   0.0552805  -5.4997309 2026 01 14 08 36 50.58
0   1457.41255  -7144.70735   1082.84965   4.3007834   0.1842141  -5.5224433 2026 01 14 08 37 10.58
0   1543.13947  -7139.73242    972.19141   4.2717616   0.3133227  -5.5429751 2026 01 14 08 37 30.58
0   1628.27246  -7132.17396    861.14449   4.2413859   0.4425598  -5.5613132 2026 01 14 08 37 50.58
0   1712.78452  -7122.02987    749.75288   4.2096645   0.5718784  -5.5774451 2026 01 14 08 38 10.58
0   1796.64882  -7109.29899    638.06084   4.1766059   0.7012312  -5.5913593 2026 01 14 08 38 30.58
0   1879.83871  -7093.98111    526.11283   4.1422194   0.8305707  -5.6030448 2026 01 14 08 38 50.58
0   1962.32773  -7076.07696    413.95352   4.1065143   0.9598492  -5.6124918 2026 01 14 08 39 10.58
0   2044.08961  -7055.58826    301.62776   4.0695007   1.0890185  -5.6196912 2026 01 14 08 39 30.58
0   2125.09827  -7032.51765    189.18060   4.0311889   1.2180304  -5.6246347 2026 01 14 08 39 50.58
0   2205.32787  -7006.86878     76.65723   3.9915897   1.3468363  -5.6273151 2026 01 14 08 40 10.58
0   2284.75275  -6978.64624    -35.89702   3.9507144   1.4753875  -5.6277258 2026 01 14 08 40 30.58
0   2363.34753  -6947.85562   -148.43671   3.9085747   1.6036351  -5.6258613 2026 01 14 08 40 50.58
0   2441.08703  -6914.50347   -260.91627   3.8651827   1.7315300  -5.6217170 2026 01 14 08 41 10.58
0   2517.94633  -6878.59735   -373.29009   3.8205509   1.8590230  -5.6152891 2026 01 14 08 41 30.58
0   2593.90076  -6840.14577   -485.51245   3.7746924   1.9860648  -5.6065748 2026 01 14 08 41 50.58
0   2668.92592  -6799.15826   -597.53760   3.7276206   2.1126057  -5.5955723 2026 01 14 08 42 10.58
0   2742.99768  -6755.64533   -709.31978   3.6793494   2.2385964  -5.5822807 2026 01 14 08 42 30.58
0   2816.09220  -6709.61847   -820.81319   3.6298932   2.3639872  -5.5667000 2026 01 14 08 42 50.58
0   2888.18591  -6661.09018   -931.97206   3.5792666   2.4887284  -5.5488312 2026 01 14 08 43 10.58
0   2959.25556  -6610.07395  -1042.75066   3.5274848   2.6127704  -5.5286764 2026 01 14 08 43 30.58
0   3029.27820  -6556.58425  -1153.10328   3.4745636   2.7360634  -5.5062385 2026 01 14 08 43 50.58
0   3098.23120  -6500.63656  -1262.98430   3.4205189   2.8585579  -5.4815215 2026 01 14 08 44 10.58
0   3166.09224  -6442.24734  -1372.34819   3.3653672   2.9802042  -5.4545304 2026 01 14 08 44 30.58
0   3232.83937  -6381.43406  -1481.14952   3.3091254   3.1009529  -5.4252711 2026 01 14 08 44 50.58
0   3298.45093  -6318.21516  -1589.34300   3.2518110   3.2207544  -5.3937507 2026 01 14 08 45 10.58
0   3362.90567  -6252.61008  -1696.88347   3.1934416   3.3395596  -5.3599772 2026 01 14 08 45 30.58
0   3426.18264  -6184.63924  -1803.72597   3.1340354   3.4573191  -5.3239595 2026 01 14 08 45 50.58
0   3488.26131  -6114.32403  -1909.82571   3.0736111   3.5739841  -5.2857078 2026 01 14 08 46 10.58
0   3549.12149  -6041.68685  -2015.13812   3.0121875   3.6895057  -5.2452331 2026 01 14 08 46 30.58
0   3608.74339  -5966.75104  -2119.61885   2.9497843   3.8038354  -5.2025475 2026 01 14 08 46 50.58
0   3667.10761  -5889.54092  -2223.22382   2.8864211   3.9169248  -5.1576642 2026 01 14 08 47 10.58
0   3724.19515  -5810.08180  -2325.90921   2.8221182   4.0287259  -5.1105973 2026 01 14 08 47 30.58
0   3779.98743  -5728.39990  -2427.63149   2.7568963   4.1391910  -5.0613621 2026 01 14 08 47 50.58
0   3834.46625  -5644.52244  -2528.34747   2.6907762   4.2482726  -5.0099747 2026 01 14 08 48 10.58
0   3887.61388  -5558.47755  -2628.01427   2.6237795   4.3559236  -4.9564526 2026 01 14 08 48 30.58
0   3939.41300  -5470.29431  -2726.58937   2.5559279   4.4620974  -4.9008140 2026 01 14 08 48 50.58
0   3989.84672  -5380.00274  -2824.03064   2.4872435   4.5667477  -4.8430783 2026 01 14 08 49 10.58
0   4038.89861  -5287.63377  -2920.29633   2.4177488   4.6698286  -4.7832658 2026 01 14 08 49 30.58
0   4086.55269  -5193.21925  -3015.34513   2.3474666   4.7712948  -4.7213980 2026 01 14 08 49 50.58
0   4132.79344  -5096.79192  -3109.13615   2.2764203   4.8711012  -4.6574973 2026 01 14 08 50 10.58
0   4177.60581  -4998.38542  -3201.62896   2.2046333   4.9692036  -4.5915871 2026 01 14 08 50 30.58
0   4220.97522  -4898.03429  -3292.78363   2.1321295   5.0655581  -4.5236920 2026 01 14 08 50 50.58
0   4262.88758  -4795.77392  -3382.56070   2.0589332   5.1601213  -4.4538374 2026 01 14 08 51 10.58
0   4303.32928  -4691.64055  -3470.92124   1.9850689   5.2528507  -4.3820499 2026 01 14 08 51 30.58
0   4342.28721  -4585.67131  -3557.82688   1.9105614   5.3437041  -4.3083567 2026 01 14 08 51 50.58
0   4379.74875  -4477.90412  -3643.23979   1.8354359   5.4326401  -4.2327865 2026 01 14 08 52 10.58
0   4415.70180  -4368.37776  -3727.12271   1.7597178   5.5196179  -4.1553687 2026 01 14 08 52 30.58
0   4450.13475  -4257.13178  -3809.43901   1.6834328   5.6045976  -4.0761336 2026 01 14 08 52 50.58
0   4483.03653  -4144.20655  -3890.15265   1.6066070   5.6875397  -3.9951127 2026 01 14 08 53 10.58
0   4514.39659  -4029.64321  -3969.22824   1.5292666   5.7684057  -3.9123382 2026 01 14 08 53 30.58
0   4544.20490  -3913.48367  -4046.63104   1.4514381   5.8471578  -3.8278434 2026 01 14 08 53 50.58
0   4572.45196  -3795.77059  -4122.32699   1.3731483   5.9237590  -3.7416624 2026 01 14 08 54 10.58
0   4599.12882  -3676.54734  -4196.28272   1.2944241   5.9981731  -3.6538304 2026 01 14 08 54 30.58
0   4624.22706  -3555.85803  -4268.46556   1.2152927   6.0703648  -3.5643831 2026 01 14 08 54 50.58
0   4647.73881  -3433.74746  -4338.84359   1.1357817   6.1402997  -3.4733576 2026 01 14 08 55 10.58
0   4669.65675  -3310.26110  -4407.38562   1.0559184   6.2079442  -3.3807915 2026 01 14 08 55 30.58
0   4689.97413  -3185.44509  -4474.06123   0.9757309   6.2732657  -3.2867233 2026 01 14 08 55 50.58
0   4708.68472  -3059.34621  -4538.84076   0.8952470   6.3362324  -3.1911925 2026 01 14 08 56 10.58
0   4725.78289  -2932.01188  -4601.69539   0.8144948   6.3968138  -3.0942391 2026 01 14 08 56 30.58
0   4741.26356  -2803.49010  -4662.59705   0.7335027   6.4549800  -2.9959042 2026 01 14 08 56 50.58
0   4755.12221  -2673.82946  -4721.51856   0.6522990   6.5107023  -2.8962295 2026 01 14 08 57 10.58
0   4767.35490  -2543.07912  -4778.43354   0.5709123   6.5639531  -2.7952576 2026 01 14 08 57 30.58
0   4777.95825  -2411.28879  -4833.31649   0.4893712   6.6147058  -2.6930316 2026 01 14 08 57 50.58
0   4786.92947  -2278.50867  -4886.14276   0.4077045   6.6629347  -2.5895955 2026 01 14 08 58 10.58
0   4794.26633  -2144.78951  -4936.88860   0.3259410   6.7086153  -2.4849940 2026 01 14 08 58 30.58
0   4799.96719  -2010.18249  -4985.53117   0.2441095   6.7517245  -2.3792723 2026 01 14 08 58 50.58
0   4804.03097  -1874.73927  -5032.04853   0.1622391   6.7922398  -2.2724763 2026 01 14 08 59 10.58
0   4806.45720  -1738.51194  -5076.41966   0.0803587   6.8301402  -2.1646528 2026 01 14 08 59 30.58
0   4807.24596  -1601.55300  -5118.62448  -0.0015026   6.8654058  -2.0558487 2026 01 14 08 59 50.58
0   4806.39792  -1463.91534  -5158.64387  -0.0833159   6.8980177  -1.9461119 2026 01 14 09 00 10.58
0   4803.91434  -1325.65219  -5196.45967  -0.1650521   6.9279586  -1.8354905 2026 01 14 09 00 30.58
0   4799.79706  -1186.81716  -5232.05466  -0.2466821   6.9552119  -1.7240336 2026 01 14 09 00 50.58
0   4794.04848  -1047.46413  -5265.41264  -0.3281769   6.9797625  -1.6117902 2026 01 14 09 01 10.58
0   4786.67160   -907.64731  -5296.51839  -0.4095077   7.0015966  -1.4988102 2026 01 14 09 01 30.58
0   4777.67000   -767.42114  -5325.35767  -0.4906455   7.0207013  -1.3851437 2026 01 14 09 01 50.58
0   4767.04781   -626.84033  -5351.91726  -0.5715614   7.0370655  -1.2708415 2026 01 14 09 02 10.58
0   4754.80978   -485.95979  -5376.18497  -0.6522267   7.0506787  -1.1559544 2026 01 14 09 02 30.58
0   4740.96119   -344.83463  -5398.14962  -0.7326128   7.0615323  -1.0405338 2026 01 14 09 02 50.58
0   4725.50792   -203.52010  -5417.80105  -0.8126911   7.0696185  -0.9246315 2026 01 14 09 03 10.58
0   4708.45640    -62.07163  -5435.13016  -0.8924333   7.0749311  -0.8082993 2026 01 14 09 03 30.58
0   4689.81365     79.45528  -5450.12887  -0.9718109   7.0774651  -0.6915896 2026 01 14 09 03 50.58
0   4669.58723    221.00501  -5462.79016  -1.0507960   7.0772166  -0.5745547 2026 01 14 09 04 10.58
0   4647.78528    362.52190  -5473.10806  -1.1293605   7.0741833  -0.4572475 2026 01 14 09 04 30.58
0   4624.41649    503.95023  -5481.07764  -1.2074768   7.0683642  -0.3397208 2026 01 14 09 04 50.58
0   4599.49009    645.23431  -5486.69506  -1.2851171   7.0597593  -0.2220275 2026 01 14 09 05 10.58
0   4573.01587    786.31843  -5489.95751  -1.3622542   7.0483703  -0.1042209 2026 01 14 09 05 30.58
0   4545.00418    927.14694  -5490.86326  -1.4388609   7.0341999   0.0136459 2026 01 14 09 05 50.58
0   4515.46589   1067.66427  -5489.41163  -1.5149102   7.0172523   0.1315195 2026 01 14 09 06 10.58
0   4484.41242   1207.81491  -5485.60304  -1.5903757   6.9975330   0.2493466 2026 01 14 09 06 30.58
0   4451.85569   1347.54353  -5479.43893  -1.6652307   6.9750487   0.3670740 2026 01 14 09 06 50.58
0   4417.80819   1486.79488  -5470.92184  -1.7394493   6.9498076   0.4846484 2026 01 14 09 07 10.58
0   4382.28289   1625.51395  -5460.05536  -1.8130056   6.9218191   0.6020165 2026 01 14 09 07 30.58
0   4345.29330   1763.64588  -5446.84413  -1.8858740   6.8910937   0.7191254 2026 01 14 09 07 50.58
0   4306.85343   1901.13608  -5431.29389  -1.9580294   6.8576436   0.8359219 2026 01 14 09 08 10.58
0   4266.97778   2037.93017  -5413.41139  -2.0294468   6.8214821   0.9523533 2026 01 14 09 08 30.58
0   4225.68135   2173.97408  -5393.20446  -2.1001017   6.7826236   1.0683669 2026 01 14 09 08 50.58
0   4182.97965   2309.21402  -5370.68199  -2.1699699   6.7410841   1.1839105 2026 01 14 09 09 10.58
0   4138.88863   2443.59656  -5345.85388  -2.2390276   6.6968806   1.2989317 2026 01 14 09 09 30.58
0   4093.42474   2577.06860  -5318.73111  -2.3072512   6.6500315   1.4133787 2026 01 14 09 09 50.58
0   4046.60490   2709.57743  -5289.32567  -2.3746176   6.6005566   1.5272000 2026 01 14 09 10 10.58
0   3998.44646   2841.07073  -5257.65058  -2.4411043   6.5484765   1.6403444 2026 01 14 09 10 30.58
0   3948.96725   2971.49663  -5223.71988  -2.5066888   6.4938133   1.7527610 2026 01 14 09 10 50.58
0   3898.18553   3100.80369  -5187.54864  -2.5713493   6.4365904   1.8643993 2026 01 14 09 11 10.58
0   3846.11999   3228.94098  -5149.15291  -2.6350644   6.3768323   1.9752094 2026 01 14 09 11 30.58
0   3792.78975   3355.85804  -5108.54974  -2.6978130   6.3145645   2.0851416 2026 01 14 09 11 50.58
0   3738.21434   3481.50494  -5065.75719  -2.7595745   6.2498138   2.1941470 2026 01 14 09 12 10.58
0   3682.41370   3605.83231  -5020.79426  -2.8203288   6.1826083   2.3021768 2026 01 14 09 12 30.58
0   3625.40818   3728.79134  -4973.68095  -2.8800562   6.1129771   2.4091831 2026 01 14 09 12 50.58
0   3567.21849   3850.33382  -4924.43820  -2.9387375   6.0409502   2.5151185 2026 01 14 09 13 10.58
0   3507.86576   3970.41214  -4873.08788  -2.9963540   5.9665591   2.6199360 2026 01 14 09 13 30.58
0   3447.37145   4088.97934  -4819.65282  -3.0528875   5.8898360   2.7235895 2026 01 14 09 13 50.58
0   3385.75741   4205.98911  -4764.15674  -3.1083201   5.8108144   2.8260332 2026 01 14 09 14 10.58
0   3323.04582   4321.39583  -4706.62429  -3.1626347   5.7295288   2.9272223 2026 01 14 09 14 30.58
0   3259.25921   4435.15456  -4647.08099  -3.2158144   5.6460144   3.0271124 2026 01 14 09 14 50.58
0   3194.42044   4547.22109  -4585.55326  -3.2678430   5.5603079   3.1256602 2026 01 14 09 15 10.58
0   3128.55270   4657.55195  -4522.06836  -3.3187048   5.4724465   3.2228228 2026 01 14 09 15 30.58
0   3061.67946   4766.10443  -4456.65442  -3.3683846   5.3824686   3.3185580 2026 01 14 09 15 50.58
0   2993.82452   4872.83656  -4389.34039  -3.4168676   5.2904135   3.4128248 2026 01 14 09 16 10.58
0   2925.01196   4977.70722  -4320.15603  -3.4641398   5.1963212   3.5055827 2026 01 14 09 16 30.58
0   2855.26613   5080.67606  -4249.13193  -3.5101874   5.1002329   3.5967919 2026 01 14 09 16 50.58
0   2784.61165   5181.70358  -4176.29944  -3.5549974   5.0021902   3.6864138 2026 01 14 09 17 10.58
0   2713.07340   5280.75110  -4101.69068  -3.5985572   4.9022359   3.7744104 2026 01 14 09 17 30.58
0   2640.67651   5377.78083  -4025.33853  -3.6408548   4.8004134   3.8607447 2026 01 14 09 17 50.58
0   2567.44634   5472.75584  -3947.27658  -3.6818788   4.6967668   3.9453805 2026 01 14 09 18 10.58
0   2493.40847   5565.64009  -3867.53917  -3.7216183   4.5913412   4.0282826 2026 01 14 09 18 30.58
0   2418.58870   5656.39845  -3786.16130  -3.7600628   4.4841820   4.1094168 2026 01 14 09 18 50.58
0   2343.01303   5744.99671  -3703.17866  -3.7972025   4.3753357   4.1887495 2026 01 14 09 19 10.58
0   2266.70765   5831.40158  -3618.62761  -3.8330283   4.2648492   4.2662486 2026 01 14 09 19 30.58
0   2189.69893   5915.58074  -3532.54513  -3.8675313   4.1527699   4.3418825 2026 01 14 09 19 50.58
0   2112.01341   5997.50281  -3444.96884  -3.9007033   4.0391462   4.4156207 2026 01 14 09 20 10.58
0   2033.67779   6077.13737  -3355.93693  -3.9325369   3.9240266   4.4874339 2026 01 14 09 20 30.58
0   1954.71891   6154.45501  -3265.48819  -3.9630249   3.8074605   4.5572937 2026 01 14 09 20 50.58
0   1875.16375   6229.42728  -3173.66197  -3.9921609   3.6894975   4.6251725 2026 01 14 09 21 10.58
0   1795.03943   6302.02674  -3080.49815  -4.0199387   3.5701880   4.6910441 2026 01 14 09 21 30.58
0   1714.37315   6372.22696  -2986.03712  -4.0463531   3.4495825   4.7548831 2026 01 14 09 21 50.58
0   1633.19224   6440.00253  -2890.31979  -4.0713992   3.3277321   4.8166651 2026 01 14 09 22 10.58
0   1551.52412   6505.32907  -2793.38753  -4.0950726   3.2046883   4.8763669 2026 01 14 09 22 30.58
0   1469.39628   6568.18322  -2695.28215  -4.1173695   3.0805029   4.9339664 2026 01 14 09 22 50.58
0   1386.83628   6628.54267  -2596.04594  -4.1382868   2.9552281   4.9894424 2026 01 14 09 23 10.58
0   1303.87176   6686.38614  -2495.72154  -4.1578216   2.8289162   5.0427748 2026 01 14 09 23 30.58
0   1220.53039   6741.69343  -2394.35204  -4.1759717   2.7016200   5.0939447 2026 01 14 09 23 50.58
0   1136.83988   6794.44537  -2291.98086  -4.1927356   2.5733925   5.1429341 2026 01 14 09 24 10.58
0   1052.82798   6844.62386  -2188.65178  -4.2081120   2.4442866   5.1897262 2026 01 14 09 24 30.58
0    968.52244   6892.21188  -2084.40890  -4.2221004   2.3143559   5.2343053 2026 01 14 09 24 50.58
0    883.95103   6937.19345  -1979.29665  -4.2347005   2.1836536   5.2766566 2026 01 14 09 25 10.58
0    799.14152   6979.55369  -1873.35971  -4.2459129   2.0522336   5.3167667 2026 01 14 09 25 30.58
0    714.12166   7019.27876  -1766.64303  -4.2557383   1.9201493   5.3546228 2026 01 14 09 25 50.58
0    628.91918   7056.35594  -1659.19181  -4.2641782   1.7874547   5.3902137 2026 01 14 09 26 10.58
0    543.56177   7090.77353  -1551.05146  -4.2712344   1.6542034   5.4235290 2026 01 14 09 26 30.58
0    458.07708   7122.52096  -1442.26760  -4.2769093   1.5204494   5.4545593 2026 01 14 09 26 50.58
0    372.49273   7151.58870  -1332.88600  -4.2812056   1.3862463   5.4832965 2026 01 14 09 27 10.58
0    286.83625   7177.96832  -1222.95260  -4.2841268   1.2516480   5.5097334 2026 01 14 09 27 30.58
0    201.13511   7201.65243  -1112.51347  -4.2856765   1.1167081   5.5338639 2026 01 14 09 27 50.58
0    115.41670   7222.63476  -1001.61479  -4.2858590   0.9814801   5.5556830 2026 01 14 09 28 10.58
0     29.70833   7240.91008   -890.30284  -4.2846789   0.8460177   5.5751867 2026 01 14 09 28 30.58
0    -55.96281   7256.47423   -778.62395  -4.2821413   0.7103741   5.5923720 2026 01 14 09 28 50.58
0   -141.56961   7269.32412   -666.62452  -4.2782517   0.5746024   5.6072371 2026 01 14 09 29 10.58
0   -227.08510   7279.45772   -554.35095  -4.2730162   0.4387557   5.6197810 2026 01 14 09 29 30.58
0   -312.48241   7286.87407   -441.84968  -4.2664410   0.3028867   5.6300038 2026 01 14 09 29 50.58
0   -397.73482   7291.57324   -329.16711  -4.2585329   0.1670478   5.6379069 2026 01 14 09 30 10.58
0   -482.81574   7293.55636   -216.34963  -4.2492992   0.0312915   5.6434922 2026 01 14 09 30 30.58
0   -567.69873   7292.82561   -103.44355  -4.2387473  -0.1043305   5.6467629 2026 01 14 09 30 50.58
0   -652.35751   7289.38419      9.50487  -4.2268853  -0.2397664   5.6477232 2026 01 14 09 31 10.58
0   -736.76595   7283.23634    122.44947  -4.2137215  -0.3749648   5.6463781 2026 01 14 09 31 30.58
0   -820.89811   7274.38732    235.34420  -4.1992645  -0.5098748   5.6427337 2026 01 14 09 31 50.58
0   -904.72821   7262.84342    348.14314  -4.1835235  -0.6444457   5.6367970 2026 01 14 09 32 10.58
0   -988.23067   7248.61192    460.80053  -4.1665077  -0.7786273   5.6285758 2026 01 14 09 32 30.58
0  -1071.38008   7231.70110    573.27076  -4.1482271  -0.9123697   5.6180792 2026 01 14 09 32 50.58
0  -1154.15126   7212.12025    685.50843  -4.1286915  -1.0456235   5.6053167 2026 01 14 09 33 10.58
0  -1236.51921   7189.87964    797.46831  -4.1079116  -1.1783397   5.5902992 2026 01 14 09 33 30.58
0  -1318.45914   7164.99050    909.10543  -4.0858978  -1.3104697   5.5730381 2026 01 14 09 33 50.58
0  -1399.94650   7137.46504   1020.37504  -4.0626614  -1.4419655   5.5535458 2026 01 14 09 34 10.58
0  -1480.95694   7107.31642   1131.23263  -4.0382135  -1.5727796   5.5318356 2026 01 14 09 34 30.58
0  -1561.46635   7074.55875   1241.63401  -4.0125658  -1.7028647   5.5079217 2026 01 14 09 34 50.58
0  -1641.45086   7039.20709   1351.53523  -3.9857301  -1.8321744   5.4818189 2026 01 14 09 35 10.58
0  -1720.88683   7001.27739   1460.89268  -3.9577188  -1.9606625   5.4535430 2026 01 14 09 35 30.58
0  -1799.75087   6960.78655   1569.66307  -3.9285440  -2.0882837   5.4231105 2026 01 14 09 35 50.58
0  -1878.01984   6917.75236   1677.80343  -3.8982186  -2.2149929   5.3905389 2026 01 14 09 36 10.58
0  -1955.67087   6872.19350   1785.27117  -3.8667554  -2.3407458   5.3558461 2026 01 14 09 36 30.58
0  -2032.68132   6824.12954   1892.02404  -3.8341676  -2.4654986   5.3190511 2026 01 14 09 36 50.58
0  -2109.02885   6773.58092   1998.02021  -3.8004686  -2.5892080   5.2801733 2026 01 14 09 37 10.58
0  -2184.69137   6720.56892   2103.21821  -3.7656720  -2.7118314   5.2392333 2026 01 14 09 37 30.58
0  -2259.64706   6665.11569   2207.57701  -3.7297916  -2.8333269   5.1962519 2026 01 14 09 37 50.58
0  -2333.87440   6607.24420   2311.05600  -3.6928414  -2.9536531   5.1512508 2026 01 14 09 38 10.58
0  -2407.35213   6546.97825   2413.61501  -3.6548357  -3.0727692   5.1042526 2026 01 14 09 38 30.58
0  -2480.05929   6484.34243   2515.21433  -3.6157888  -3.1906351   5.0552801 2026 01 14 09 38 50.58
0  -2551.97521   6419.36216   2615.81471  -3.5757154  -3.3072112   5.0043571 2026 01 14 09 39 10.58
0  -2623.07950   6352.06360   2715.37739  -3.5346303  -3.4224589   4.9515080 2026 01 14 09 39 30.58
0  -2693.35209   6282.47371   2813.86408  -3.4925484  -3.5363399   4.8967576 2026 01 14 09 39 50.58
0  -2762.77318   6210.62020   2911.23702  -3.4494847  -3.6488167   4.8401315 2026 01 14 09 40 10.58
0  -2831.32331   6136.53152   3007.45895  -3.4054546  -3.7598525   4.7816558 2026 01 14 09 40 30.58
0  -2898.98330   6060.23685   3102.49315  -3.3604734  -3.8694112   4.7213572 2026 01 14 09 40 50.58
0  -2965.73428   5981.76608   3196.30343  -3.3145567  -3.9774572   4.6592629 2026 01 14 09 41 10.58
0  -3031.55770   5901.14982   3288.85415  -3.2677201  -4.0839558   4.5954007 2026 01 14 09 41 30.58
0  -3096.43534   5818.41934   3380.11024  -3.2199795  -4.1888728   4.5297990 2026 01 14 09 41 50.58
0  -3160.34926   5733.60662   3470.03719  -3.1713508  -4.2921750   4.4624864 2026 01 14 09 42 10.58
0  -3223.28187   5646.74428   3558.60108  -3.1218500  -4.3938295   4.3934923 2026 01 14 09 42 30.58
0  -3285.21589   5557.86559   3645.76856  -3.0714932  -4.4938044   4.3228465 2026 01 14 09 42 50.58
0  -3346.13436   5467.00445   3731.50692  -3.0202968  -4.5920683   4.2505792 2026 01 14 09 43 10.58
0  -3406.02067   5374.19538   3815.78402  -2.9682770  -4.6885907   4.1767211 2026 01 14 09 43 30.58
0  -3464.85850   5279.47351   3898.56835  -2.9154504  -4.7833417   4.1013034 2026 01 14 09 43 50.58
0  -3522.63189   5182.87457   3979.82903  -2.8618334  -4.8762920   4.0243574 2026 01 14 09 44 10.58
0  -3579.32519   5084.43484   4059.53582  -2.8074426  -4.9674132   3.9459153 2026 01 14 09 44 30.58
0  -3634.92311   4984.19118   4137.65911  -2.7522949  -5.0566776   3.8660093 2026 01 14 09 44 50.58
0  -3689.41066   4882.18100   4214.16996  -2.6964068  -5.1440580   3.7846722 2026 01 14 09 45 10.58
0  -3742.77322   4778.44224   4289.04005  -2.6397953  -5.2295282   3.7019370 2026 01 14 09 45 30.58
0  -3794.99648   4673.01335   4362.24177  -2.5824772  -5.3130626   3.6178372 2026 01 14 09 45 50.58
0  -3846.06648   4565.93331   4433.74815  -2.5244695  -5.3946361   3.5324066 2026 01 14 09 46 10.58
0  -3895.96960   4457.24156   4503.53292  -2.4657893  -5.4742246   3.4456792 2026 01 14 09 46 30.58
0  -3944.69256   4346.97804   4571.57048  -2.4064536  -5.5518046   3.3576895 2026 01 14 09 46 50.58
0  -3992.22243   4235.18316   4637.83592  -2.3464794  -5.6273534   3.2684722 2026 01 14 09 47 10.58
0  -4038.54660   4121.89774   4702.30505  -2.2858841  -5.7008488   3.1780623 2026 01 14 09 47 30.58
0  -4083.65282   4007.16307   4764.95434  -2.2246848  -5.7722696   3.0864951 2026 01 14 09 47 50.58
0  -4127.52919   3891.02085   4825.76102  -2.1628987  -5.8415950   2.9938061 2026 01 14 09 48 10.58
0  -4170.16415   3773.51319   4884.70300  -2.1005432  -5.9088051   2.9000312 2026 01 14 09 48 30.58
0  -4211.54647   3654.68258   4941.75891  -2.0376355  -5.9738807   2.8052063 2026 01 14 09 48 50.58
0  -4251.66529   3534.57190   4996.90811  -1.9741931  -6.0368033   2.7093678 2026 01 14 09 49 10.58
0  -4290.51008   3413.22439   5050.13070  -1.9102332  -6.0975549   2.6125522 2026 01 14 09 49 30.58
0  -4328.07068   3290.68363   5101.40748  -1.8457733  -6.1561186   2.5147962 2026 01 14 09 49 50.58
0  -4364.33725   3166.99356   5150.72002  -1.7808309  -6.2124779   2.4161366 2026 01 14 09 50 10.58
0  -4399.30031   3042.19841   5198.05062  -1.7154234  -6.2666170   2.3166106 2026 01 14 09 50 30.58
0  -4432.95074   2916.34274   5243.38230  -1.6495683  -6.3185210   2.2162554 2026 01 14 09 50 50.58
0  -4465.27976   2789.47141   5286.69886  -1.5832830  -6.3681754   2.1151085 2026 01 14 09 51 10.58
0  -4496.27895   2661.62953   5327.98483  -1.5165852  -6.4155668   2.0132075 2026 01 14 09 51 30.58
0  -4525.94022   2532.86250   5367.22550  -1.4494923  -6.4606820   1.9105901 2026 01 14 09 51 50.58
0  -4554.25584   2403.21598   5404.40692  -1.3820219  -6.5035088   1.8072941 2026 01 14 09 52 10.58
0  -4581.21845   2272.73584   5439.51590  -1.3141915  -6.5440357   1.7033577 2026 01 14 09 52 30.58
0  -4606.82101   2141.46819   5472.53999  -1.2460187  -6.5822518   1.5988190 2026 01 14 09 52 50.58
0  -4631.05685   2009.45936   5503.46754  -1.1775212  -6.6181469   1.4937161 2026 01 14 09 53 10.58
0  -4653.91966   1876.75587   5532.28764  -1.1087165  -6.6517115   1.3880874 2026 01 14 09 53 30.58
0  -4675.40346   1743.40441   5558.99016  -1.0396223  -6.6829366   1.2819714 2026 01 14 09 53 50.58
0  -4695.50265   1609.45186   5583.56572  -0.9702561  -6.7118142   1.1754065 2026 01 14 09 54 10.58
0  -4714.21194   1474.94526   5606.00573  -0.9006356  -6.7383368   1.0684315 2026 01 14 09 54 30.58
0  -4731.52644   1339.93177   5626.30238  -0.8307784  -6.7624975   0.9610848 2026 01 14 09 54 50.58
0  -4747.44159   1204.45870   5644.44861  -0.7607022  -6.7842903   0.8534053 2026 01 14 09 55 10.58
0  -4761.95318   1068.57347   5660.43816  -0.6904246  -6.8037096   0.7454316 2026 01 14 09 55 30.58
0  -4775.05735    932.32359   5674.26552  -0.6199633  -6.8207506   0.6372027 2026 01 14 09 55 50.58
0  -4786.75062    795.75668   5685.92598  -0.5493360  -6.8354092   0.5287574 2026 01 14 09 56 10.58
0  -4797.02984    658.92043   5695.41560  -0.4785603  -6.8476820   0.4201345 2026 01 14 09 56 30.58
0  -4805.89221    521.86259   5702.73120  -0.4076540  -6.8575661   0.3113729 2026 01 14 09 56 50.58
0  -4813.33530    384.63096   5707.87041  -0.3366347  -6.8650594   0.2025115 2026 01 14 09 57 10.58
0  -4819.35703    247.27337   5710.83161  -0.2655202  -6.8701605   0.0935892 2026 01 14 09 57 30.58
0  -4823.95567    109.83768   5711.61399  -0.1943280  -6.8728685  -0.0153551 2026 01 14 09 57 50.58
0  -4827.12984    -27.62823   5710.21747  -0.1230761  -6.8731833  -0.1242826 2026 01 14 09 58 10.58
0  -4828.87852   -165.07651   5706.64280  -0.0517820  -6.8711054  -0.2331543 2026 01 14 09 58 30.58
0  -4829.20106   -302.45931   5700.89147   0.0195365  -6.8666360  -0.3419314 2026 01 14 09 58 50.58
0  -4828.09713   -439.72881   5692.96577   0.0908616  -6.8597769  -0.4505752 2026 01 14 09 59 10.58
0  -4825.56679   -576.83723   5682.86874   0.1621757  -6.8505306  -0.5590469 2026 01 14 09 59 30.58
0  -4821.61043   -713.73686   5670.60422   0.2334609  -6.8389002  -0.6673078 2026 01 14 09 59 50.58
0  -4816.22880   -850.38004   5656.17682   0.3046995  -6.8248895  -0.7753194 2026 01 14 10 00 10.58
0  -4809.42303   -986.71922   5639.59190   0.3758738  -6.8085031  -0.8830429 2026 01 14 10 00 30.58
0  -4801.19457  -1122.70692   5620.85562   0.4469659  -6.7897460  -0.9904399 2026 01 14 10 00 50.58
0  -4791.54524  -1258.29578   5599.97488   0.5179581  -6.7686240  -1.0974721 2026 01 14 10 01 10.58
0  -4780.47723  -1393.43857   5576.95738   0.5888326  -6.7451436  -1.2041010 2026 01 14 10 01 30.58
0  -4767.99306  -1528.08818   5551.81157   0.6595716  -6.7193118  -1.3102885 2026 01 14 10 01 50.58
0  -4754.09563  -1662.19765   5524.54665   0.7301573  -6.6911363  -1.4159965 2026 01 14 10 02 10.58
0  -4738.78817  -1795.72020   5495.17260   0.8005719  -6.6606257  -1.5211870 2026 01 14 10 02 30.58
0  -4722.07430  -1928.60920   5463.70016   0.8707975  -6.6277888  -1.6258220 2026 01 14 10 02 50.58
0  -4703.95796  -2060.81823   5430.14080   0.9408164  -6.5926355  -1.7298639 2026 01 14 10 03 10.58
0  -4684.44348  -2192.30105   5394.50679   1.0106108  -6.5551762  -1.8332751 2026 01 14 10 03 30.58
0  -4663.53552  -2323.01166   5356.81110   1.0801627  -6.5154218  -1.9360180 2026 01 14 10 03 50.58
0  -4641.23912  -2452.90426   5317.06749   1.1494544  -6.4733840  -2.0380554 2026 01 14 10 04 10.58
0  -4617.55965  -2581.93332   5275.29043   1.2184680  -6.4290753  -2.1393501 2026 01 14 10 04 30.58
0  -4592.50286  -2710.05353   5231.49516   1.2871856  -6.3825086  -2.2398652 2026 01 14 10 04 50.58
0  -4566.07485  -2837.21987   5185.69764   1.3555895  -6.3336975  -2.3395639 2026 01 14 10 05 10.58
0  -4538.28206  -2963.38760   5137.91457   1.4236617  -6.2826565  -2.4384096 2026 01 14 10 05 30.58
0  -4509.13133  -3088.51226   5088.16338   1.4913845  -6.2294004  -2.5363658 2026 01 14 10 05 50.58
0  -4478.62980  -3212.54972   5036.46222   1.5587399  -6.1739451  -2.6333965 2026 01 14 10 06 10.58
0  -4446.78502  -3335.45614   4982.82998   1.6257102  -6.1163066  -2.7294657 2026 01 14 10 06 30.58
0  -4413.60486  -3457.18804   4927.28623   1.6922774  -6.0565022  -2.8245375 2026 01 14 10 06 50.58
0  -4379.09757  -3577.70226   4869.85130   1.7584238  -5.9945493  -2.9185765 2026 01 14 10 07 10.58
0  -4343.27173  -3696.95604   4810.54620   1.8241314  -5.9304664  -3.0115474 2026 01 14 10 07 30.58
0  -4306.13631  -3814.90694   4749.39264   1.8893825  -5.8642723  -3.1034153 2026 01 14 10 07 50.58
0  -4267.70061  -3931.51295   4686.41303   1.9541593  -5.7959867  -3.1941454 2026 01 14 10 08 10.58
0  -4227.97430  -4046.73244   4621.63048   2.0184440  -5.7256299  -3.2837032 2026 01 14 10 08 30.58
0  -4186.96739  -4160.52420   4555.06879   2.0822187  -5.6532229  -3.3720545 2026 01 14 10 08 50.58
0  -4144.69028  -4272.84744   4486.75242   2.1454656  -5.5787872  -3.4591655 2026 01 14 10 09 10.58
0  -4101.15368  -4383.66181   4416.70652   2.2081672  -5.5023453  -3.5450026 2026 01 14 10 09 30.58
0  -4056.36869  -4492.92742   4344.95692   2.2703055  -5.4239201  -3.6295326 2026 01 14 10 09 50.58
0  -4010.34674  -4600.60484   4271.53008   2.3318629  -5.3435351  -3.7127225 2026 01 14 10 10 10.58
0  -3963.09964  -4706.65511   4196.45313   2.3928217  -5.2612147  -3.7945397 2026 01 14 10 10 30.58
0  -3914.63952  -4811.03979   4119.75386   2.4531642  -5.1769839  -3.8749521 2026 01 14 10 10 50.58
0  -3864.97890  -4913.72093   4041.46069   2.5128729  -5.0908682  -3.9539277 2026 01 14 10 11 10.58
0  -3814.13062  -5014.66108   3961.60267   2.5719302  -5.0028940  -4.0314350 2026 01 14 10 11 30.58
0  -3762.10788  -5113.82335   3880.20947   2.6303184  -4.9130882  -4.1074430 2026 01 14 10 11 50.58
0  -3708.92425  -5211.17140   3797.31141   2.6880202  -4.8214784  -4.1819210 2026 01 14 10 12 10.58
0  -3654.59362  -5306.66942   3712.93938   2.7450180  -4.7280929  -4.2548385 2026 01 14 10 12 30.58
0  -3599.13024  -5400.28219   3627.12489   2.8012945  -4.6329606  -4.3261659 2026 01 14 10 12 50.58
0  -3542.54872  -5491.97508   3539.90005   2.8568323  -4.5361111  -4.3958736 2026 01 14 10 13 10.58
0  -3484.86400  -5581.71404   3451.29755   2.9116142  -4.4375747  -4.4639326 2026 01 14 10 13 30.58
0  -3426.09136  -5669.46565   3361.35063   2.9656229  -4.3373822  -4.5303144 2026 01 14 10 13 50.58
0  -3366.24645  -5755.19711   3270.09314   3.0188413  -4.2355652  -4.5949910 2026 01 14 10 14 10.58
0  -3305.34523  -5838.87625   3177.55945   3.0712524  -4.1321559  -4.6579348 2026 01 14 10 14 30.58
0  -3243.40402  -5920.47155   3083.78449   3.1228391  -4.0271871  -4.7191186 2026 01 14 10 14 50.58
0  -3180.43947  -5999.95216   2988.80372   3.1735845  -3.9206923  -4.7785160 2026 01 14 10 15 10.58
0  -3116.46858  -6077.28791   2892.65315   3.2234719  -3.8127056  -4.8361010 2026 01 14 10 15 30.58
0  -3051.50867  -6152.44931   2795.36927   3.2724846  -3.7032618  -4.8918479 2026 01 14 10 15 50.58
0  -2985.57740  -6225.40757   2696.98909   3.3206058  -3.5923963  -4.9457320 2026 01 14 10 16 10.58
0  -2918.69275  -6296.13462   2597.55012   3.3678193  -3.4801451  -4.9977287 2026 01 14 10 16 30.58
0  -2850.87306  -6364.60311   2497.09034   3.4141084  -3.3665447  -5.0478143 2026 01 14 10 16 50.58
0  -2782.13695  -6430.78644   2395.64821   3.4594571  -3.2516325  -5.0959657 2026 01 14 10 17 10.58
0  -2712.50341  -6494.65874   2293.26264   3.5038491  -3.1354462  -5.1421601 2026 01 14 10 17 30.58
0  -2641.99172  -6556.19492   2189.97299   3.5472685  -3.0180244  -5.1863757 2026 01 14 10 17 50.58
0  -2570.62148  -6615.37066   2085.81905   3.5896995  -2.8994060  -5.2285911 2026 01 14 10 18 10.58
0  -2498.41263  -6672.16243   1980.84102   3.6311262  -2.7796308  -5.2687855 2026 01 14 10 18 30.58
0  -2425.38539  -6726.54749   1875.07954   3.6715333  -2.6587389  -5.3069391 2026 01 14 10 18 50.58
0  -2351.56031  -6778.50392   1768.57561   3.7109053  -2.5367711  -5.3430323 2026 01 14 10 19 10.58
0  -2276.95825  -6828.01060   1661.37062   3.7492269  -2.4137688  -5.3770466 2026 01 14 10 19 30.58
0  -2201.60036  -6875.04728   1553.50634   3.7864833  -2.2897739  -5.4089640 2026 01 14 10 19 50.58
0  -2125.50809  -6919.59452   1445.02487   3.8226594  -2.1648288  -5.4387672 2026 01 14 10 20 10.58
0  -2048.70318  -6961.63375   1335.96866   3.8577407  -2.0389765  -5.4664398 2026 01 14 10 20 30.58
0  -1971.20768  -7001.14726   1226.38049   3.8917128  -1.9122606  -5.4919659 2026 01 14 10 20 50.58
0  -1893.04391  -7038.11822   1116.30343   3.9245614  -1.7847251  -5.5153306 2026 01 14 10 21 10.58
0  -1814.23448  -7072.53067   1005.78085   3.9562724  -1.6564146  -5.5365196 2026 01 14 10 21 30.58
0  -1734.80228  -7104.36956    894.85641   3.9868321  -1.5273740  -5.5555194 2026 01 14 10 21 50.58
0  -1654.77046  -7133.62075    783.57401   4.0162270  -1.3976489  -5.5723175 2026 01 14 10 22 10.58
0  -1574.16245  -7160.27101    671.97781   4.0444437  -1.2672854  -5.5869019 2026 01 14 10 22 30.58
0  -1493.00195  -7184.30802    560.11218   4.0714692  -1.1363297  -5.5992616 2026 01 14 10 22 50.58
0  -1411.31290  -7205.72042    448.02174   4.0972907  -1.0048289  -5.6093865 2026 01 14 10 23 10.58
0  -1329.11952  -7224.49776    335.75126   4.1218957  -0.8728301  -5.6172672 2026 01 14 10 23 30.58
0  -1246.44625  -7240.63057    223.34573   4.1452719  -0.7403813  -5.6228953 2026 01 14 10 23 50.58
0  -1163.31778  -7254.11033    110.85026   4.1674074  -0.6075304  -5.6262630 2026 01 14 10 24 10.58
0  -1079.75905  -7264.92946     -1.68987   4.1882905  -0.4743260  -5.6273638 2026 01 14 10 24 30.58
0   -995.79521  -7273.08139   -114.22926   4.2079098  -0.3408170  -5.6261917 2026 01 14 10 24 50.58
0   -911.45166  -7278.56052   -226.72239   4.2262544  -0.2070525  -5.6227418 2026 01 14 10 25 10.58
0   -826.75400  -7281.36223   -339.12368   4.2433136  -0.0730822  -5.6170102 2026 01 14 10 25 30.58
0   -741.72803  -7281.48290   -451.38746   4.2590769   0.0610441  -5.6089938 2026 01 14 10 25 50.58
0   -656.39978  -7278.91990   -563.46800   4.2735342   0.1952763  -5.5986904 2026 01 14 10 26 10.58
0   -570.79547  -7273.67162   -675.31956   4.2866760   0.3295639  -5.5860988 2026 01 14 10 26 30.58
0   -484.94149  -7265.73745   -786.89636   4.2984930   0.4638562  -5.5712188 2026 01 14 10 26 50.58
0   -398.86444  -7255.11782   -898.15264   4.3089760   0.5981023  -5.5540510 2026 01 14 10 27 10.58
0   -312.59108  -7241.81415  -1009.04266   4.3181166   0.7322509  -5.5345973 2026 01 14 10 27 30.58
0   -226.14834  -7225.82890  -1119.52073   4.3259066   0.8662509  -5.5128603 2026 01 14 10 27 50.58
0   -139.56332  -7207.16556  -1229.54122   4.3323382   1.0000506  -5.4888436 2026 01 14 10 28 10.58
0    -52.86327  -7185.82865  -1339.05857   4.3374039   1.1335983  -5.4625520 2026 01 14 10 28 30.58
0     33.92443  -7161.82372  -1448.02734   4.3410969   1.2668424  -5.4339910 2026 01 14 10 28 50.58
0    120.77226  -7135.15736  -1556.40220   4.3434105   1.3997307  -5.4031673 2026 01 14 10 29 10.58
0    207.65256  -7105.83721  -1664.13798   4.3443386   1.5322114  -5.3700887 2026 01 14 10 29 30.58
0    294.53756  -7073.87195  -1771.18967   4.3438755   1.6642324  -5.3347638 2026 01 14 10 29 50.58
0    381.39939  -7039.27128  -1877.51242   4.3420160   1.7957415  -5.2972023 2026 01 14 10 30 10.58
0    468.21006  -7002.04596  -1983.06163   4.3387552   1.9266866  -5.2574151 2026 01 14 10 30 30.58
0    554.94150  -6962.20779  -2087.79287   4.3340889   2.0570156  -5.2154138 2026 01 14 10 30 50.58
0    641.56555  -6919.76962  -2191.66200   4.3280132   2.1866765  -5.1712113 2026 01 14 10 31 10.58
0    728.05400  -6874.74532  -2294.62514   4.3205246   2.3156172  -5.1248215 2026 01 14 10 31 30.58
0    814.37855  -6827.14983  -2396.63867   4.3116203   2.4437858  -5.0762591 2026 01 14 10 31 50.58
0    900.51085  -6776.99911  -2497.65930   4.3012979   2.5711305  -5.0255402 2026 01 14 10 32 10.58
0    986.42253  -6724.31014  -2597.64408   4.2895555   2.6975995  -4.9726816 2026 01 14 10 32 30.58
0   1072.08516  -6669.10097  -2696.55038   4.2763915   2.8231413  -4.9177014 2026 01 14 10 32 50.58
0   1157.47030  -6611.39064  -2794.33597   4.2618052   2.9477046  -4.8606186 2026 01 14 10 33 10.58
0   1242.54949  -6551.19924  -2890.95898   4.2457962   3.0712384  -4.8014532 2026 01 14 10 33 30.58
0   1327.29428  -6488.54788  -2986.37797   4.2283645   3.1936916  -4.7402262 2026 01 14 10 33 50.58
0   1411.67621  -6423.45868  -3080.55193   4.2095108   3.3150138  -4.6769599 2026 01 14 10 34 10.58
0   1495.66685  -6355.95475  -3173.44031   4.1892364   3.4351545  -4.6116772 2026 01 14 10 34 30.58
0   1579.23780  -6286.06024  -3265.00302   4.1675430   3.5540639  -4.5444024 2026 01 14 10 34 50.58
0   1662.36070  -6213.80027  -3355.20046   4.1444328   3.6716923  -4.4751606 2026 01 14 10 35 10.58
0   1745.00724  -6139.20095  -3443.99356   4.1199087   3.7879903  -4.4039779 2026 01 14 10 35 30.58
0   1827.14917  -6062.28939  -3531.34376   4.0939740   3.9029093  -4.3308814 2026 01 14 10 35 50.58
0   1908.75831  -5983.09366  -3617.21309   4.0666328   4.0164008  -4.2558994 2026 01 14 10 36 10.58
0   1989.80657  -5901.64278  -3701.56410   4.0378894   4.1284168  -4.1790608 2026 01 14 10 36 30.58
0   2070.26596  -5817.96675  -3784.35998   4.0077489   4.2389099  -4.1003959 2026 01 14 10 36 50.58
0   2150.10858  -5732.09650  -3865.56451   3.9762170   4.3478332  -4.0199355 2026 01 14 10 37 10.58
0   2229.30667  -5644.06389  -3945.14210   3.9432998   4.4551403  -3.9377118 2026 01 14 10 37 30.58
0   2307.83258  -5553.90172  -4023.05782   3.9090042   4.5607853  -3.8537575 2026 01 14 10 37 50.58
0   2385.65883  -5461.64367  -4099.27739   3.8733374   4.6647230  -3.7681067 2026 01 14 10 38 10.58
0   2462.75805  -5367.32435  -4173.76723   3.8363073   4.7669090  -3.6807939 2026 01 14 10 38 30.58
0   2539.10306  -5270.97924  -4246.49446   3.7979224   4.8672991  -3.5918550 2026 01 14 10 38 50.58
0   2614.66686  -5172.64468  -4317.42693   3.7581917   4.9658502  -3.5013263 2026 01 14 10 39 10.58
0   2689.42263  -5072.35790  -4386.53322   3.7171250   5.0625198  -3.4092454 2026 01 14 10 39 30.58
0   2763.34375  -4970.15693  -4453.78267   3.6747323   5.1572660  -3.3156505 2026 01 14 10 39 50.58
0   2836.40380  -4866.08068  -4519.14539   3.6310246   5.2500478  -3.2205806 2026 01 14 10 40 10.58
0   2908.57659  -4760.16882  -4582.59229   3.5860130   5.3408249  -3.1240757 2026 01 14 10 40 30.58
0   2979.83616  -4652.46186  -4644.09507   3.5397096   5.4295579  -3.0261764 2026 01 14 10 40 50.58
0   3050.15681  -4543.00106  -4703.62628   3.4921268   5.5162081  -2.9269243 2026 01 14 10 41 10.58
0   3119.51307  -4431.82847  -4761.15927   3.4432777   5.6007378  -2.8263616 2026 01 14 10 41 30.58
0   3187.87976  -4318.98686  -4816.66827   3.3931760   5.6831102  -2.7245313 2026 01 14 10 41 50.58
0   3255.23195  -4204.51974  -4870.12838   3.3418357   5.7632892  -2.6214770 2026 01 14 10 42 10.58
0   3321.54504  -4088.47135  -4921.51555   3.2892718   5.8412399  -2.5172432 2026 01 14 10 42 30.58
0   3386.79470  -3970.88657  -4970.80666   3.2354994   5.9169281  -2.4118749 2026 01 14 10 42 50.58
0   3450.95691  -3851.81101  -5017.97947   3.1805345   5.9903207  -2.3054179 2026 01 14 10 43 10.58
0   3514.00800  -3731.29089  -5063.01269   3.1243934   6.0613857  -2.1979185 2026 01 14 10 43 30.58
0   3575.92461  -3609.37307  -5105.88593   3.0670931   6.1300920  -2.0894236 2026 01 14 10 43 50.58
0   3636.68373  -3486.10504  -5146.57977   3.0086512   6.1964095  -1.9799808 2026 01 14 10 44 10.58
0   3696.26272  -3361.53487  -5185.07574   2.9490855   6.2603091  -1.8696382 2026 01 14 10 44 30.58
0   3754.63927  -3235.71118  -5221.35633   2.8884148   6.3217631  -1.7584444 2026 01 14 10 44 50.58
0   3811.79149  -3108.68316  -5255.40500   2.8266579   6.3807446  -1.6464485 2026 01 14 10 45 10.58
0   3867.69784  -2980.50051  -5287.20624   2.7638346   6.4372278  -1.5337002 2026 01 14 10 45 30.58
0   3922.33721  -2851.21346  -5316.74547   2.6999649   6.4911882  -1.4202493 2026 01 14 10 45 50.58
0   3975.68886  -2720.87268  -5344.00918   2.6350694   6.5426024  -1.3061465 2026 01 14 10 46 10.58
0   4027.73250  -2589.52932  -5368.98482   2.5691692   6.5914482  -1.1914426 2026 01 14 10 46 30.58
0   4078.44825  -2457.23497  -5391.66090   2.5022857   6.6377044  -1.0761888 2026 01 14 10 46 50.58
0   4127.81667  -2324.04160  -5412.02693   2.4344411   6.6813511  -0.9604366 2026 01 14 10 47 10.58
0   4175.81875  -2190.00160  -5430.07347   2.3656579   6.7223696  -0.8442380 2026 01 14 10 47 30.58
0   4222.43597  -2055.16770  -5445.79212   2.2959589   6.7607425  -0.7276451 2026 01 14 10 47 50.58
0   4267.65023  -1919.59297  -5459.17551   2.2253675   6.7964536  -0.6107103 2026 01 14 10 48 10.58
0   4311.44394  -1783.33079  -5470.21734   2.1539077   6.8294878  -0.4934863 2026 01 14 10 48 30.58
0   4353.79996  -1646.43485  -5478.91236   2.0816035   6.8598314  -0.3760257 2026 01 14 10 48 50.58
0   4394.70165  -1508.95906  -5485.25635   2.0084798   6.8874718  -0.2583817 2026 01 14 10 49 10.58
0   4434.13289  -1370.95761  -5489.24620   1.9345614   6.9123979  -0.1406072 2026 01 14 10 49 30.58
0   4472.07802  -1232.48488  -5490.87981   1.8598740   6.9345998  -0.0227555 2026 01 14 10 49 50.58
0   4508.52193  -1093.59543  -5490.15619   1.7844433   6.9540686   0.0951201 2026 01 14 10 50 10.58
0   4543.45002   -954.34400  -5487.07538   1.7082954   6.9707972   0.2129663 2026 01 14 10 50 30.58
0   4576.84820   -814.78545  -5481.63851   1.6314570   6.9847793   0.3307299 2026 01 14 10 50 50.58
0   4608.70295   -674.97474  -5473.84776   1.5539549   6.9960101   0.4483575 2026 01 14 10 51 10.58
0   4639.00125   -534.96695  -5463.70638   1.4758163   7.0044862   0.5657960 2026 01 14 10 51 30.58
0   4667.73065   -394.81717  -5451.21869   1.3970688   7.0102054   0.6829921 2026 01 14 10 51 50.58
0   4694.87925   -254.58056  -5436.39005   1.3177402   7.0131668   0.7998929 2026 01 14 10 52 10.58
0   4720.43571   -114.31226  -5419.22691   1.2378585   7.0133708   0.9164455 2026 01 14 10 52 30.58
0   4744.38925     25.93260  -5399.73676   1.1574522   7.0108190   1.0325972 2026 01 14 10 52 50.58
0   4766.72968    166.09893  -5377.92812   1.0765500   7.0055146   1.1482956 2026 01 14 10 53 10.58
0   4787.44735    306.13173  -5353.81060   0.9951806   6.9974617   1.2634883 2026 01 14 10 53 30.58
0   4806.53321    445.97610  -5327.39481   0.9133733   6.9866660   1.3781234 2026 01 14 10 53 50.58
0   4823.97880    585.57724  -5298.69243   0.8311574   6.9731343   1.4921492 2026 01 14 10 54 10.58
0   4839.77625    724.88052  -5267.71615   0.7485624   6.9568749   1.6055144 2026 01 14 10 54 30.58
0   4853.91825    863.83148  -5234.47968   0.6656180   6.9378972   1.7181680 2026 01 14 10 54 50.58
0   4866.39814   1002.37586  -5198.99777   0.5823542   6.9162118   1.8300595 2026 01 14 10 55 10.58
0   4877.20981   1140.45963  -5161.28615   0.4988010   6.8918307   1.9411386 2026 01 14 10 55 30.58
0   4886.34777   1278.02901  -5121.36156   0.4149886   6.8647672   2.0513556 2026 01 14 10 55 50.58
0   4893.80716   1415.03050  -5079.24173   0.3309472   6.8350357   2.1606612 2026 01 14 10 56 10.58
0   4899.58368   1551.41089  -5034.94537   0.2467075   6.8026520   2.2690068 2026 01 14 10 56 30.58
0   4903.67368   1687.11731  -4988.49217   0.1622998   6.7676328   2.3763440 2026 01 14 10 56 50.58
0   4906.07410   1822.09723  -4939.90275   0.0777548   6.7299964   2.4826253 2026 01 14 10 57 10.58
0   4906.78250   1956.29850  -4889.19870  -0.0068968   6.6897620   2.5878036 2026 01 14 10 57 30.58
0   4905.79706   2089.66936  -4836.40255  -0.0916243   6.6469502   2.6918323 2026 01 14 10 57 50.58
0   4903.11655   2222.15847  -4781.53774  -0.1763970   6.6015825   2.7946656 2026 01 14 10 58 10.58
0   4898.74039   2353.71495  -4724.62862  -0.2611841   6.5536819   2.8962585 2026 01 14 10 58 30.58
0   4892.66859   2484.28838  -4665.70045  -0.3459548   6.5032721   2.9965663 2026 01 14 10 58 50.58
0   4884.90179   2613.82881  -4604.77935  -0.4306783   6.4503784   3.0955453 2026 01 14 10 59 10.58
0   4875.44123   2742.28683  -4541.89232  -0.5153239   6.3950268   3.1931524 2026 01 14 10 59 30.58
0   4864.28878   2869.61355  -4477.06724  -0.5998609   6.3372446   3.2893454 2026 01 14 10 59 50.58
0   4851.44692   2995.76063  -4410.33278  -0.6842586   6.2770600   3.3840826 2026 01 14 11 00 10.58
0   4836.91873   3120.68032  -4341.71847  -0.7684866   6.2145024   3.4773235 2026 01 14 11 00 30.58
0   4820.70791   3244.32546  -4271.25464  -0.8525143   6.1496021   3.5690280 2026 01 14 11 00 50.58
0   4802.81877   3366.64950  -4198.97238  -0.9363114   6.0823905   3.6591572 2026 01 14 11 01 10.58
0   4783.25623   3487.60652  -4124.90360  -1.0198476   6.0128998   3.7476727 2026 01 14 11 01 30.58
0   4762.02581   3607.15129  -4049.08093  -1.1030927   5.9411634   3.8345372 2026 01 14 11 01 50.58
0   4739.13362   3725.23921  -3971.53776  -1.1860169   5.8672155   3.9197143 2026 01 14 11 02 10.58
0   4714.58638   3841.82641  -3892.30818  -1.2685903   5.7910911   4.0031685 2026 01 14 11 02 30.58
0   4688.39140   3956.86971  -3811.42700  -1.3507832   5.7128263   4.0848650 2026 01 14 11 02 50.58
0   4660.55659   4070.32666  -3728.92971  -1.4325663   5.6324578   4.1647703 2026 01 14 11 03 10.58
0   4631.09044   4182.15556  -3644.85246  -1.5139102   5.5500235   4.2428516 2026 01 14 11 03 30.58
0   4600.00202   4292.31548  -3559.23205  -1.5947859   5.4655617   4.3190772 2026 01 14 11 03 50.58
0   4567.30098   4400.76624  -3472.10589  -1.6751646   5.3791118   4.3934162 2026 01 14 11 04 10.58
0   4532.99756   4507.46849  -3383.51201  -1.7550178   5.2907137   4.4658390 2026 01 14 11 04 30.58
0   4497.10253   4612.38366  -3293.48903  -1.8343171   5.2004083   4.5363166 2026 01 14 11 04 50.58
0   4459.62727   4715.47401  -3202.07613  -1.9130345   5.1082370   4.6048215 2026 01 14 11 05 10.58
0   4420.58370   4816.70264  -3109.31303  -1.9911423   5.0142420   4.6713268 2026 01 14 11 05 30.58
0   4379.98427   4916.03349  -3015.23998  -2.0686128   4.9184659   4.7358068 2026 01 14 11 05 50.58
0   4337.84201   5013.43138  -2919.89773  -2.1454191   4.8209524   4.7982369 2026 01 14 11 06 10.58
0   4294.17048   5108.86199  -2823.32752  -2.2215341   4.7217452   4.8585935 2026 01 14 11 06 30.58
0   4248.98377   5202.29189  -2725.57104  -2.2969314   4.6208891   4.9168540 2026 01 14 11 06 50.58
0   4202.29649   5293.68855  -2626.67044  -2.3715848   4.5184292   4.9729969 2026 01 14 11 07 10.58
0   4154.12379   5383.02033  -2526.66826  -2.4454683   4.4144110   5.0270019 2026 01 14 11 07 30.58
0   4104.48133   5470.25654  -2425.60747  -2.5185565   4.3088807   5.0788496 2026 01 14 11 07 50.58
0   4053.38526   5555.36739  -2323.53140  -2.5908242   4.2018849   5.1285217 2026 01 14 11 08 10.58
0   4000.85224   5638.32403  -2220.48373  -2.6622466   4.0934705   5.1760011 2026 01 14 11 08 30.58
0   3946.89943   5719.09857  -2116.50847  -2.7327993   3.9836849   5.2212715 2026 01 14 11 08 50.58
0   3891.54447   5797.66405  -2011.64997  -2.8024584   3.8725759   5.2643180 2026 01 14 11 09 10.58
0   3834.80547   5873.99449  -1905.95285  -2.8712001   3.7601916   5.3051267 2026 01 14 11 09 30.58
0   3776.70101   5948.06486  -1799.46198  -2.9390013   3.6465805   5.3436847 2026 01 14 11 09 50.58
0   3717.25013   6019.85111  -1692.22251  -3.0058392   3.5317912   5.3799801 2026 01 14 11 10 10.58
0   3656.47233   6089.33017  -1584.27979  -3.0716913   3.4158727   5.4140023 2026 01 14 11 10 30.58
0   3594.38754   6156.47993  -1475.67940  -3.1365358   3.2988742   5.4457417 2026 01 14 11 10 50.58
0   3531.01615   6221.27930  -1366.46707  -3.2003511   3.1808452   5.4751896 2026 01 14 11 11 10.58
0   3466.37894   6283.70815  -1256.68871  -3.2631161   3.0618352   5.5023386 2026 01 14 11 11 30.58
0   3400.49713   6343.74737  -1146.39037  -3.3248102   2.9418940   5.5271823 2026 01 14 11 11 50.58
0   3333.39235   6401.37882  -1035.61821  -3.3854132   2.8210714   5.5497152 2026 01 14 11 12 10.58
0   3265.08662   6456.58539   -924.41849  -3.4449053   2.6994175   5.5699332 2026 01 14 11 12 30.58
0   3195.60235   6509.35094   -812.83755  -3.5032672   2.5769823   5.5878328 2026 01 14 11 12 50.58
0   3124.96235   6559.66036   -700.92178  -3.5604801   2.4538159   5.6034118 2026 01 14 11 13 10.58
0   3053.18977   6607.49951   -588.71760  -3.6165256   2.3299683   5.6166691 2026 01 14 11 13 30.58
0   2980.30815   6652.85528   -476.27146  -3.6713859   2.2054898   5.6276045 2026 01 14 11 13 50.58
0   2906.34136   6695.71556   -363.62978  -3.7250435   2.0804305   5.6362188 2026 01 14 11 14 10.58
0   2831.31365   6736.06922   -250.83898  -3.7774815   1.9548404   5.6425138 2026 01 14 11 14 30.58
0   2755.24956   6773.90616   -137.94541  -3.8286833   1.8287694   5.6464924 2026 01 14 11 14 50.58
0   2678.17397   6809.21725    -24.99536  -3.8786331   1.7022675   5.6481584 2026 01 14 11 15 10.58
0   2600.11210   6841.99438     87.96496  -3.9273152   1.5753845   5.6475166 2026 01 14 11 15 30.58
0   2521.08944   6872.23043    200.88945  -3.9747147   1.4481699   5.6445727 2026 01 14 11 15 50.58
