0   7024.77955   -797.65828      0.00141  -0.1940459  -1.5986815   7.4258571 2026 01 14 04 24 54.67
0   7019.27322   -829.44292    148.50724  -0.3565707  -1.5795859   7.4241752 2026 01 14 04 25 14.67
0   7010.51828   -860.83378    296.94580  -0.5188939  -1.5593042   7.4191297 2026 01 14 04 25 34.67
0   6998.51955   -891.80723    445.24983  -0.6809386  -1.5378463   7.4107222 2026 01 14 04 25 54.67
0   6983.28336   -922.33985    593.35213  -0.8426279  -1.5152226   7.3989559 2026 01 14 04 26 14.67
0   6964.81759   -952.40844    741.18555  -1.0038851  -1.4914444   7.3838357 2026 01 14 04 26 34.67
0   6943.13164   -981.99002    888.68309  -1.1646338  -1.4665238   7.3653677 2026 01 14 04 26 54.67
0   6918.23644  -1011.06188   1035.77787  -1.3247976  -1.4404734   7.3435598 2026 01 14 04 27 14.67
0   6890.14445  -1039.60154   1182.40317  -1.4843007  -1.4133068   7.3184214 2026 01 14 04 27 34.67
0   6858.86965  -1067.58684   1328.49250  -1.6430675  -1.3850382   7.2899634 2026 01 14 04 27 54.67
0   6824.42750  -1094.99587   1473.97958  -1.8010227  -1.3556825   7.2581984 2026 01 14 04 28 14.67
0   6786.83499  -1121.80705   1618.79842  -1.9580913  -1.3252555   7.2231403 2026 01 14 04 28 34.67
0   6746.11060  -1147.99912   1762.88331  -2.1141991  -1.2937736   7.1848046 2026 01 14 04 28 54.67
0   6702.27428  -1173.55114   1906.16885  -2.2692721  -1.2612537   7.1432085 2026 01 14 04 29 14.67
0   6655.34745  -1198.44255   2048.59004  -2.4232369  -1.2277137   7.0983704 2026 01 14 04 29 34.67
0   6605.35302  -1222.65310   2190.08221  -2.5760207  -1.1931720   7.0503105 2026 01 14 04 29 54.67
0   6552.31533  -1246.16297   2330.58116  -2.7275510  -1.1576477   6.9990503 2026 01 14 04 30 14.67
0   6496.26016  -1268.95270   2470.02310  -2.8777565  -1.1211607   6.9446129 2026 01 14 04 30 34.67
0   6437.21472  -1291.00323   2608.34474  -3.0265660  -1.0837314   6.8870228 2026 01 14 04 30 54.67
0   6375.20763  -1312.29592   2745.48327  -3.1739092  -1.0453807   6.8263059 2026 01 14 04 31 14.67
0   6310.26891  -1332.81258   2881.37642  -3.3197168  -1.0061304   6.7624897 2026 01 14 04 31 34.67
0   6242.42997  -1352.53542   3015.96251  -3.4639198  -0.9660028   6.6956030 2026 01 14 04 31 54.67
0   6171.72357  -1371.44712   3149.18042  -3.6064504  -0.9250207   6.6256760 2026 01 14 04 32 14.67
0   6098.18384  -1389.53084   3280.96965  -3.7472414  -0.8832077   6.5527405 2026 01 14 04 32 34.67
0   6021.84622  -1406.77020   3411.27037  -3.8862266  -0.8405878   6.4768295 2026 01 14 04 32 54.67
0   5942.74750  -1423.14929   3540.02340  -4.0233406  -0.7971856   6.3979773 2026 01 14 04 33 14.67
0   5860.92574  -1438.65272   3667.17028  -4.1585191  -0.7530262   6.3162197 2026 01 14 04 33 34.67
0   5776.42029  -1453.26561   3792.65327  -4.2916985  -0.7081353   6.2315939 2026 01 14 04 33 54.67
0   5689.27175  -1466.97359   3916.41538  -4.4228165  -0.6625392   6.1441382 2026 01 14 04 34 14.67
0   5599.52197  -1479.76281   4038.40041  -4.5518116  -0.6162644   6.0538923 2026 01 14 04 34 34.67
0   5507.21401  -1491.61997   4158.55296  -4.6786234  -0.5693381   5.9608971 2026 01 14 04 34 54.67
0   5412.39214  -1502.53233   4276.81847  -4.8031928  -0.5217880   5.8651950 2026 01 14 04 35 14.67
0   5315.10177  -1512.48768   4393.14323  -4.9254615  -0.4736422   5.7668293 2026 01 14 04 35 34.67
0   5215.38951  -1521.47439   4507.47441  -5.0453725  -0.4249291   5.6658446 2026 01 14 04 35 54.67
0   5113.30305  -1529.48141   4619.76008  -5.1628700  -0.3756778   5.5622870 2026 01 14 04 36 14.67
0   5008.89123  -1536.49826   4729.94927  -5.2778993  -0.3259174   5.4562032 2026 01 14 04 36 34.67
0   4902.20395  -1542.51507   4837.99191  -5.3904069  -0.2756779   5.3476416 2026 01 14 04 36 54.67
0   4793.29215  -1547.52253   4943.83895  -5.5003408  -0.2249892   5.2366513 2026 01 14 04 37 14.67
0   4682.20783  -1551.51199   5047.44232  -5.6076499  -0.1738818   5.1232827 2026 01 14 04 37 34.67
0   4569.00399  -1554.47537   5148.75495  -5.7122846  -0.1223864   5.0075873 2026 01 14 04 37 54.67
0   4453.73459  -1556.40521   5247.73084  -5.8141965  -0.0705341   4.8896175 2026 01 14 04 38 14.67
0   4336.45456  -1557.29470   5344.32503  -5.9133388  -0.0183564   4.7694269 2026 01 14 04 38 34.67
0   4217.21976  -1557.13764   5438.49365  -6.0096657   0.0341152   4.6470698 2026 01 14 04 38 54.67
0   4096.08694  -1555.92848   5530.19392  -6.1031329   0.0868488   4.5226018 2026 01 14 04 39 14.67
0   3973.11373  -1553.66229   5619.38418  -6.1936976   0.1398121   4.3960793 2026 01 14 04 39 34.67
0   3848.35858  -1550.33481   5706.02392  -6.2813183   0.1929728   4.2675595 2026 01 14 04 39 54.67
0   3721.88079  -1545.94240   5790.07377  -6.3659550   0.2462984   4.1371007 2026 01 14 04 40 14.67
0   3593.74043  -1540.48211   5871.49553  -6.4475691   0.2997560   4.0047620 2026 01 14 04 40 34.67
0   3463.99832  -1533.95161   5950.25222  -6.5261233   0.3533127   3.8706031 2026 01 14 04 40 54.67
0   3332.71602  -1526.34927   6026.30803  -6.6015822   0.4069355   3.7346850 2026 01 14 04 41 14.67
0   3199.95578  -1517.67408   6099.62838  -6.6739114   0.4605912   3.5970689 2026 01 14 04 41 34.67
0   3065.78052  -1507.92572   6170.17995  -6.7430784   0.5142463   3.4578172 2026 01 14 04 41 54.67
0   2930.25380  -1497.10454   6237.93064  -6.8090520   0.5678676   3.3169928 2026 01 14 04 42 14.67
0   2793.43979  -1485.21156   6302.84965  -6.8718025   0.6214215   3.1746594 2026 01 14 04 42 34.67
0   2655.40324  -1472.24844   6364.90743  -6.9313019   0.6748745   3.0308813 2026 01 14 04 42 54.67
0   2516.20944  -1458.21756   6424.07573  -6.9875236   0.7281930   2.8857234 2026 01 14 04 43 14.67
0   2375.92418  -1443.12192   6480.32762  -7.0404428   0.7813435   2.7392514 2026 01 14 04 43 34.67
0   2234.61377  -1426.96523   6533.63747  -7.0900359   0.8342923   2.5915314 2026 01 14 04 43 54.67
0   2092.34493  -1409.75186   6583.98100  -7.1362813   0.8870059   2.4426300 2026 01 14 04 44 14.67
0   1949.18484  -1391.48685   6631.33524  -7.1791586   0.9394508   2.2926145 2026 01 14 04 44 34.67
0   1805.20105  -1372.17590   6675.67858  -7.2186493   0.9915936   2.1415527 2026 01 14 04 44 54.67
0   1660.46145  -1351.82540   6716.99080  -7.2547363   1.0434008   1.9895126 2026 01 14 04 45 14.67
0   1515.03427  -1330.44238   6755.25300  -7.2874043   1.0948393   1.8365630 2026 01 14 04 45 34.67
0   1368.98805  -1308.03455   6790.44769  -7.3166394   1.1458758   1.6827728 2026 01 14 04 45 54.67
0   1222.39156  -1284.61028   6822.55874  -7.3424295   1.1964774   1.5282115 2026 01 14 04 46 14.67
0   1075.31381  -1260.17861   6851.57144  -7.3647640   1.2466111   1.3729488 2026 01 14 04 46 34.67
0    927.82401  -1234.74921   6877.47245  -7.3836340   1.2962444   1.2170548 2026 01 14 04 46 54.67
0    779.99151  -1208.33241   6900.24985  -7.3990323   1.3453447   1.0605998 2026 01 14 04 47 14.67
0    631.88582  -1180.93921   6919.89314  -7.4109531   1.3938798   0.9036544 2026 01 14 04 47 34.67
0    483.57652  -1152.58122   6936.39320  -7.4193925   1.4418177   0.7462895 2026 01 14 04 47 54.67
0    335.13327  -1123.27071   6949.74237  -7.4243480   1.4891265   0.5885761 2026 01 14 04 48 14.67
0    186.62576  -1093.02057   6959.93437  -7.4258190   1.5357747   0.4305854 2026 01 14 04 48 34.67
0     38.12367  -1061.84433   6966.96439  -7.4238063   1.5817312   0.2723888 2026 01 14 04 48 54.67
0   -110.30334  -1029.75614   6970.82902  -7.4183125   1.6269650   0.1140576 2026 01 14 04 49 14.67
0   -258.58570   -996.77074   6971.52627  -7.4093417   1.6714455  -0.0443365 2026 01 14 04 49 34.67
0   -406.65393   -962.90353   6969.05562  -7.3968997   1.7151424  -0.2027220 2026 01 14 04 49 54.67
0   -554.43866   -928.17045   6963.41794  -7.3809939   1.7580260  -0.3610273 2026 01 14 04 50 14.67
0   -701.87071   -892.58808   6954.61555  -7.3616335   1.8000666  -0.5191808 2026 01 14 04 50 34.67
0   -848.88109   -856.17356   6942.65222  -7.3388290   1.8412353  -0.6771110 2026 01 14 04 50 54.67
0   -995.40105   -818.94463   6927.53311  -7.3125928   1.8815032  -0.8347465 2026 01 14 04 51 14.67
0  -1141.36208   -780.91958   6909.26484  -7.2829387   1.9208421  -0.9920158 2026 01 14 04 51 34.67
0  -1286.69598   -742.11728   6887.85545  -7.2498823   1.9592242  -1.1488477 2026 01 14 04 51 54.67
0  -1431.33487   -702.55712   6863.31439  -7.2134407   1.9966223  -1.3051712 2026 01 14 04 52 14.67
0  -1575.21124   -662.25906   6835.65253  -7.1736326   2.0330093  -1.4609155 2026 01 14 04 52 34.67
0  -1718.25795   -621.24358   6804.88218  -7.1304782   2.0683591  -1.6160098 2026 01 14 04 52 54.67
0  -1860.40829   -579.53170   6771.01703  -7.0839996   2.1026456  -1.7703838 2026 01 14 04 53 14.67
0  -2001.59602   -537.14492   6734.07219  -7.0342200   2.1358437  -1.9239675 2026 01 14 04 53 34.67
0  -2141.75536   -494.10527   6694.06417  -6.9811644   2.1679286  -2.0766909 2026 01 14 04 53 54.67
0  -2280.82105   -450.43525   6651.01086  -6.9248595   2.1988761  -2.2284848 2026 01 14 04 54 14.67
0  -2418.72839   -406.15784   6604.93154  -6.8653333   2.2286626  -2.3792800 2026 01 14 04 54 34.67
0  -2555.41325   -361.29650   6555.84689  -6.8026154   2.2572651  -2.5290079 2026 01 14 04 54 54.67
0  -2690.81209   -315.87514   6503.77892  -6.7367369   2.2846613  -2.6776003 2026 01 14 04 55 14.67
0  -2824.86203   -269.91809   6448.75102  -6.6677305   2.3108293  -2.8249895 2026 01 14 04 55 34.67
0  -2957.50086   -223.45013   6390.78793  -6.5956302   2.3357480  -2.9711083 2026 01 14 04 55 54.67
0  -3088.66704   -176.49645   6329.91572  -6.5204716   2.3593971  -3.1158899 2026 01 14 04 56 14.67
0  -3218.29979   -129.08265   6266.16181  -6.4422917   2.3817568  -3.2592682 2026 01 14 04 56 34.67
0  -3346.33905    -81.23471   6199.55490  -6.3611291   2.4028078  -3.4011778 2026 01 14 04 56 54.67
0  -3472.72557    -32.97898   6130.12504  -6.2770237   2.4225320  -3.5415536 2026 01 14 04 57 14.67
0  -3597.40090     15.65783   6057.90352  -6.1900166   2.4409115  -3.6803313 2026 01 14 04 57 34.67
0  -3720.30743     64.64864   5982.92296  -6.1001507   2.4579294  -3.8174475 2026 01 14 04 57 54.67
0  -3841.38843    113.96607   5905.21721  -6.0074700   2.4735696  -3.9528393 2026 01 14 04 58 14.67
0  -3960.58806    163.58240   5824.82138  -5.9120199   2.4878166  -4.0864445 2026 01 14 04 58 34.67
0  -4077.85138    213.46962   5741.77182  -5.8138471   2.5006557  -4.2182017 2026 01 14 04 58 54.67
0  -4193.12442    263.59943   5656.10609  -5.7129998   2.5120729  -4.3480505 2026 01 14 04 59 14.67
0  -4306.35419    313.94326   5567.86296  -5.6095273   2.5220553  -4.4759310 2026 01 14 04 59 34.67
0  -4417.48868    364.47230   5477.08239  -5.5034802   2.5305903  -4.6017846 2026 01 14 04 59 54.67
0  -4526.47692    415.15747   5383.80549  -5.3949103   2.5376666  -4.7255531 2026 01 14 05 00 14.67
0  -4633.26898    465.96949   5288.07454  -5.2838708   2.5432735  -4.8471796 2026 01 14 05 00 34.67
0  -4737.81601    516.87888   5189.93293  -5.1704158   2.5474010  -4.9666079 2026 01 14 05 00 54.67
0  -4840.07025    567.85596   5089.42519  -5.0546010   2.5500401  -5.0837829 2026 01 14 05 01 14.67
0  -4939.98506    618.87087   4986.59693  -4.9364828   2.5511827  -5.1986506 2026 01 14 05 01 34.67
0  -5037.51496    669.89361   4881.49481  -4.8161189   2.5508214  -5.3111578 2026 01 14 05 01 54.67
0  -5132.61561    720.89404   4774.16658  -4.6935682   2.5489498  -5.4212525 2026 01 14 05 02 14.67
0  -5225.24388    771.84189   4664.66099  -4.5688905   2.5455623  -5.5288837 2026 01 14 05 02 34.67
0  -5315.35783    822.70679   4553.02782  -4.4421468   2.5406541  -5.6340017 2026 01 14 05 02 54.67
0  -5402.91676    873.45829   4439.31781  -4.3133988   2.5342214  -5.7365578 2026 01 14 05 03 14.67
0  -5487.88121    924.06588   4323.58268  -4.1827096   2.5262613  -5.8365044 2026 01 14 05 03 34.67
0  -5570.21298    974.49897   4205.87510  -4.0501428   2.5167718  -5.9337951 2026 01 14 05 03 54.67
0  -5649.87519   1024.72696   4086.24861  -3.9157633   2.5057515  -6.0283850 2026 01 14 05 04 14.67
0  -5726.83221   1074.71925   3964.75770  -3.7796366   2.4932004  -6.1202300 2026 01 14 05 04 34.67
0  -5801.04978   1124.44521   3841.45768  -3.6418292   2.4791190  -6.2092876 2026 01 14 05 04 54.67
0  -5872.49494   1173.87425   3716.40471  -3.5024083   2.4635089  -6.2955165 2026 01 14 05 05 14.67
0  -5941.13611   1222.97583   3589.65577  -3.3614420   2.4463726  -6.3788765 2026 01 14 05 05 34.67
0  -6006.94307   1271.71944   3461.26863  -3.2189991   2.4277135  -6.4593291 2026 01 14 05 05 54.67
0  -6069.88697   1320.07468   3331.30182  -3.0751491   2.4075358  -6.5368368 2026 01 14 05 06 14.67
0  -6129.94038   1368.01122   3199.81459  -2.9299621   2.3858447  -6.6113638 2026 01 14 05 06 34.67
0  -6187.07725   1415.49886   3066.86690  -2.7835090   2.3626464  -6.6828753 2026 01 14 05 06 54.67
0  -6241.27299   1462.50751   2932.51941  -2.6358611   2.3379479  -6.7513383 2026 01 14 05 07 14.67
0  -6292.50441   1509.00726   2796.83340  -2.4870904   2.3117571  -6.8167210 2026 01 14 05 07 34.67
0  -6340.74978   1554.96833   2659.87078  -2.3372695   2.2840829  -6.8789930 2026 01 14 05 07 54.67
0  -6385.98882   1600.36117   2521.69406  -2.1864712   2.2549350  -6.9381256 2026 01 14 05 08 14.67
0  -6428.20273   1645.15640   2382.36631  -2.0347691   2.2243241  -6.9940914 2026 01 14 05 08 34.67
0  -6467.37415   1689.32487   2241.95111  -1.8822369   2.1922618  -7.0468646 2026 01 14 05 08 54.67
0  -6503.48724   1732.83769   2100.51258  -1.7289489   2.1587605  -7.0964207 2026 01 14 05 09 14.67
0  -6536.52762   1775.66619   1958.11528  -1.5749796   2.1238335  -7.1427369 2026 01 14 05 09 34.67
0  -6566.48241   1817.78201   1814.82423  -1.4204038   2.0874951  -7.1857920 2026 01 14 05 09 54.67
0  -6593.34023   1859.15707   1670.70485  -1.2652967   2.0497604  -7.2255662 2026 01 14 05 10 14.67
0  -6617.09121   1899.76360   1525.82295  -1.1097335   2.0106454  -7.2620413 2026 01 14 05 10 34.67
0  -6637.72698   1939.57416   1380.24467  -0.9537897   1.9701668  -7.2952006 2026 01 14 05 10 54.67
0  -6655.24069   1978.56166   1234.03649  -0.7975408   1.9283424  -7.3250291 2026 01 14 05 11 14.67
0  -6669.62698   2016.69936   1087.26516  -0.6410626   1.8851907  -7.3515135 2026 01 14 05 11 34.67
0  -6680.88204   2053.96090    939.99769  -0.4844307   1.8407312  -7.3746416 2026 01 14 05 11 54.67
0  -6689.00354   2090.32034    792.30130  -0.3277210   1.7949839  -7.3944034 2026 01 14 05 12 14.67
0  -6693.99069   2125.75213    644.24341  -0.1710091   1.7479700  -7.4107901 2026 01 14 05 12 34.67
0  -6695.84420   2160.23114    495.89161  -0.0143706   1.6997112  -7.4237946 2026 01 14 05 12 54.67
0  -6694.56629   2193.73271    347.31358   0.1421189   1.6502301  -7.4334114 2026 01 14 05 13 14.67
0  -6690.16070   2226.23263    198.57713   0.2983841   1.5995502  -7.4396369 2026 01 14 05 13 34.67
0  -6682.63267   2257.70716     49.75011   0.4543498   1.5476957  -7.4424685 2026 01 14 05 13 54.67
0  -6671.98893   2288.13305    -99.09960   0.6099411   1.4946914  -7.4419059 2026 01 14 05 14 14.67
0  -6658.23773   2317.48756   -247.90411   0.7650834   1.4405631  -7.4379499 2026 01 14 05 14 34.67
0  -6641.38878   2345.74848   -396.59558   0.9197022   1.3853370  -7.4306031 2026 01 14 05 14 54.67
0  -6621.45330   2372.89412   -545.10624   1.0737237   1.3290404  -7.4198698 2026 01 14 05 15 14.67
0  -6598.44396   2398.90335   -693.36841   1.2270743   1.2717010  -7.4057558 2026 01 14 05 15 34.67
0  -6572.37494   2423.75560   -841.31454   1.3796808   1.2133473  -7.3882683 2026 01 14 05 15 54.67
0  -6543.26182   2447.43087   -988.87726   1.5314705   1.1540085  -7.3674166 2026 01 14 05 16 14.67
0  -6511.12167   2469.90975  -1135.98938   1.6823713   1.0937144  -7.3432111 2026 01 14 05 16 34.67
0  -6475.97300   2491.17344  -1282.58395   1.8323116   1.0324954  -7.3156639 2026 01 14 05 16 54.67
0  -6437.83571   2511.20376  -1428.59426   1.9812202   0.9703826  -7.2847890 2026 01 14 05 17 14.67
0  -6396.73115   2529.98314  -1573.95392   2.1290270   0.9074075  -7.2506014 2026 01 14 05 17 34.67
0  -6352.68205   2547.49466  -1718.59683   2.2756620   0.8436025  -7.2131181 2026 01 14 05 17 54.67
0  -6305.71255   2563.72205  -1862.45727   2.4210562   0.7790004  -7.1723574 2026 01 14 05 18 14.67
0  -6255.84814   2578.64970  -2005.46987   2.5651413   0.7136344  -7.1283393 2026 01 14 05 18 34.67
0  -6203.11568   2592.26267  -2147.56972   2.7078498   0.6475384  -7.0810852 2026 01 14 05 18 54.67
0  -6147.54338   2604.54670  -2288.69230   2.8491148   0.5807467  -7.0306180 2026 01 14 05 19 14.67
0  -6089.16076   2615.48823  -2428.77361   2.9888706   0.5132943  -6.9769621 2026 01 14 05 19 34.67
0  -6027.99867   2625.07439  -2567.75012   3.1270518   0.4452165  -6.9201433 2026 01 14 05 19 54.67
0  -5964.08923   2633.29304  -2705.55885   3.2635946   0.3765489  -6.8601891 2026 01 14 05 20 14.67
0  -5897.46586   2640.13274  -2842.13738   3.3984354   0.3073277  -6.7971281 2026 01 14 05 20 34.67
0  -5828.16321   2645.58278  -2977.42386   3.5315122   0.2375896  -6.7309906 2026 01 14 05 20 54.67
0  -5756.21717   2649.63319  -3111.35709   3.6627635   0.1673715  -6.6618081 2026 01 14 05 21 14.67
0  -5681.66488   2652.27475  -3243.87650   3.7921291   0.0967107  -6.5896137 2026 01 14 05 21 34.67
0  -5604.54462   2653.49898  -3374.92218   3.9195497   0.0256450  -6.5144415 2026 01 14 05 21 54.67
0  -5524.89590   2653.29815  -3504.43493   4.0449672  -0.0457879  -6.4363273 2026 01 14 05 22 14.67
0  -5442.75933   2651.66532  -3632.35628   4.1683245  -0.1175494  -6.3553081 2026 01 14 05 22 34.67
0  -5358.17669   2648.59429  -3758.62852   4.2895655  -0.1896011  -6.2714222 2026 01 14 05 22 54.67
0  -5271.19085   2644.07964  -3883.19471   4.4086356  -0.2619042  -6.1847091 2026 01 14 05 23 14.67
0  -5181.84578   2638.11674  -4005.99870   4.5254810  -0.3344196  -6.0952096 2026 01 14 05 23 34.67
0  -5090.18648   2630.70174  -4126.98518   4.6400493  -0.4071081  -6.0029658 2026 01 14 05 23 54.67
0  -4996.25901   2621.83156  -4246.09971   4.7522893  -0.4799301  -5.9080209 2026 01 14 05 24 14.67
0  -4900.11045   2611.50394  -4363.28871   4.8621510  -0.5528461  -5.8104194 2026 01 14 05 24 34.67
0  -4801.78885   2599.71738  -4478.49949   4.9695855  -0.6258163  -5.7102068 2026 01 14 05 24 54.67
0  -4701.34322   2586.47121  -4591.68029   5.0745456  -0.6988008  -5.6074299 2026 01 14 05 25 14.67
0  -4598.82353   2571.76554  -4702.78032   5.1769849  -0.7717596  -5.5021365 2026 01 14 05 25 34.67
0  -4494.28063   2555.60128  -4811.74972   5.2768586  -0.8446526  -5.3943755 2026 01 14 05 25 54.67
0  -4387.76628   2537.98016  -4918.53965   5.3741232  -0.9174396  -5.2841969 2026 01 14 05 26 14.67
0  -4279.33307   2518.90468  -5023.10226   5.4687365  -0.9900806  -5.1716516 2026 01 14 05 26 34.67
0  -4169.03446   2498.37818  -5125.39073   5.5606577  -1.0625352  -5.0567918 2026 01 14 05 26 54.67
0  -4056.92467   2476.40478  -5225.35931   5.6498474  -1.1347633  -4.9396704 2026 01 14 05 27 14.67
0  -3943.05871   2452.98941  -5322.96329   5.7362674  -1.2067247  -4.8203412 2026 01 14 05 27 34.67
0  -3827.49235   2428.13782  -5418.15908   5.8198812  -1.2783793  -4.6988592 2026 01 14 05 27 54.67
0  -3710.28208   2401.85653  -5510.90416   5.9006535  -1.3496870  -4.5752801 2026 01 14 05 28 14.67
0  -3591.48505   2374.15288  -5601.15717   5.9785504  -1.4206079  -4.4496606 2026 01 14 05 28 34.67
0  -3471.15909   2345.03502  -5688.87786   6.0535397  -1.4911020  -4.3220580 2026 01 14 05 28 54.67
0  -3349.36269   2314.51187  -5774.02716   6.1255903  -1.5611297  -4.1925307 2026 01 14 05 29 14.67
0  -3226.15490   2282.59315  -5856.56715   6.1946728  -1.6306513  -4.0611378 2026 01 14 05 29 34.67
0  -3101.59536   2249.28939  -5936.46114   6.2607592  -1.6996275  -3.9279389 2026 01 14 05 29 54.67
0  -2975.74428   2214.61188  -6013.67359   6.3238230  -1.7680190  -3.7929948 2026 01 14 05 30 14.67
0  -2848.66234   2178.57271  -6088.17021   6.3838390  -1.8357868  -3.6563665 2026 01 14 05 30 34.67
0  -2720.41076   2141.18474  -6159.91795   6.4407838  -1.9028921  -3.5181162 2026 01 14 05 30 54.67
0  -2591.05117   2102.46160  -6228.88497   6.4946351  -1.9692965  -3.3783062 2026 01 14 05 31 14.67
0  -2460.64565   2062.41769  -6295.04073   6.5453724  -2.0349615  -3.2369998 2026 01 14 05 31 34.67
0  -2329.25667   2021.06819  -6358.35592   6.5929766  -2.0998494  -3.0942608 2026 01 14 05 31 54.67
0  -2196.94708   1978.42902  -6418.80254   6.6374301  -2.1639223  -2.9501535 2026 01 14 05 32 14.67
0  -2063.78005   1934.51684  -6476.35386   6.6787168  -2.2271431  -2.8047427 2026 01 14 05 32 34.67
0  -1929.81908   1889.34906  -6530.98448   6.7168221  -2.2894746  -2.6580939 2026 01 14 05 32 54.67
0  -1795.12791   1842.94385  -6582.67027   6.7517329  -2.3508803  -2.5102728 2026 01 14 05 33 14.67
0  -1659.77055   1795.32008  -6631.38847   6.7834376  -2.4113239  -2.3613458 2026 01 14 05 33 34.67
0  -1523.81125   1746.49735  -6677.11762   6.8119261  -2.4707697  -2.2113795 2026 01 14 05 33 54.67
0  -1387.31439   1696.49597  -6719.83760   6.8371898  -2.5291822  -2.0604412 2026 01 14 05 34 14.67
0  -1250.34456   1645.33696  -6759.52964   6.8592218  -2.5865265  -1.9085982 2026 01 14 05 34 34.67
0  -1112.96645   1593.04203  -6796.17633   6.8780164  -2.6427680  -1.7559184 2026 01 14 05 34 54.67
0   -975.24485   1539.63358  -6829.76161   6.8935695  -2.6978727  -1.6024698 2026 01 14 05 35 14.67
0   -837.24461   1485.13467  -6860.27080   6.9058787  -2.7518070  -1.4483210 2026 01 14 05 35 34.67
0   -699.03064   1429.56905  -6887.69055   6.9149427  -2.8045380  -1.2935405 2026 01 14 05 35 54.67
0   -560.66783   1372.96111  -6912.00895   6.9207621  -2.8560332  -1.1381972 2026 01 14 05 36 14.67
0   -422.22105   1315.33588  -6933.21540   6.9233388  -2.9062605  -0.9823602 2026 01 14 05 36 34.67
0   -283.75514   1256.71905  -6951.30075   6.9226761  -2.9551886  -0.8260988 2026 01 14 05 36 54.67
0   -145.33483   1197.13689  -6966.25718   6.9187790  -3.0027867  -0.6694823 2026 01 14 05 37 14.67
0     -7.02475   1136.61633  -6978.07829   6.9116537  -3.0490245  -0.5125803 2026 01 14 05 37 34.67
0    131.11060   1075.18485  -6986.75907   6.9013081  -3.0938724  -0.3554624 2026 01 14 05 37 54.67
0    269.00692   1012.87055  -6992.29590   6.8877515  -3.1373014  -0.1981983 2026 01 14 05 38 14.67
0    406.60008    949.70210  -6994.68654   6.8709945  -3.1792832  -0.0408576 2026 01 14 05 38 34.67
0    543.82620    885.70871  -6993.93016   6.8510494  -3.2197900   0.1164900 2026 01 14 05 38 54.67
0    680.62165    820.92016  -6990.02733   6.8279297  -3.2587949   0.2737746 2026 01 14 05 39 14.67
0    816.92307    755.36675  -6982.97999   6.8016505  -3.2962715   0.4309268 2026 01 14 05 39 34.67
0    952.66745    689.07930  -6972.79149   6.7722282  -3.3321942   0.5878768 2026 01 14 05 39 54.67
0   1087.79210    622.08914  -6959.46658   6.7396808  -3.3665380   0.7445553 2026 01 14 05 40 14.67
0   1222.23470    554.42810  -6943.01137   6.7040274  -3.3992787   0.9008928 2026 01 14 05 40 34.67
0   1355.93333    486.12847  -6923.43337   6.6652887  -3.4303930   1.0568202 2026 01 14 05 40 54.67
0   1488.82652    417.22302  -6900.74149   6.6234868  -3.4598581   1.2122685 2026 01 14 05 41 14.67
0   1620.85322    347.74494  -6874.94599   6.5786451  -3.4876520   1.3671687 2026 01 14 05 41 34.67
0   1751.95288    277.72787  -6846.05851   6.5307883  -3.5137537   1.5214524 2026 01 14 05 41 54.67
0   1882.06546    207.20586  -6814.09208   6.4799426  -3.5381429   1.6750512 2026 01 14 05 42 14.67
0   2011.13145    136.21336  -6779.06108   6.4261354  -3.5607999   1.8278970 2026 01 14 05 42 34.67
0   2139.09191     64.78520  -6740.98123   6.3693955  -3.5817061   1.9799222 2026 01 14 05 42 54.67
0   2265.88848     -7.04342  -6699.86964   6.3097529  -3.6008437   2.1310593 2026 01 14 05 43 14.67
0   2391.46341    -79.23696  -6655.74472   6.2472391  -3.6181955   2.2812413 2026 01 14 05 43 34.67
0   2515.75962   -151.75953  -6608.62626   6.1818867  -3.6337455   2.4304016 2026 01 14 05 43 54.67
0   2638.72066   -224.57495  -6558.53535   6.1137296  -3.6474783   2.5784740 2026 01 14 05 44 14.67
0   2760.29078   -297.64673  -6505.49441   6.0428031  -3.6593795   2.7253927 2026 01 14 05 44 34.67
0   2880.41497   -370.93809  -6449.52717   5.9691434  -3.6694357   2.8710924 2026 01 14 05 44 54.67
0   2999.03893   -444.41201  -6390.65865   5.8927884  -3.6776341   3.0155083 2026 01 14 05 45 14.67
0   3116.10913   -518.03122  -6328.91518   5.8137767  -3.6839631   3.1585762 2026 01 14 05 45 34.67
0   3231.57286   -591.75822  -6264.32436   5.7321485  -3.6884119   3.3002322 2026 01 14 05 45 54.67
0   3345.37817   -665.55529  -6196.91505   5.6479449  -3.6909706   3.4404134 2026 01 14 05 46 14.67
0   3457.47400   -739.38456  -6126.71739   5.5612083  -3.6916304   3.5790571 2026 01 14 05 46 34.67
0   3567.81011   -813.20795  -6053.76274   5.4719823  -3.6903832   3.7161015 2026 01 14 05 46 54.67
0   3676.33715   -886.98726  -5978.08371   5.3803113  -3.6872221   3.8514852 2026 01 14 05 47 14.67
0   3783.00669   -960.68415  -5899.71412   5.2862411  -3.6821410   3.9851478 2026 01 14 05 47 34.67
0   3887.77121  -1034.26017  -5818.68898   5.1898186  -3.6751349   4.1170293 2026 01 14 05 47 54.67
0   3990.58413  -1107.67676  -5735.04452   5.0910914  -3.6661996   4.2470707 2026 01 14 05 48 14.67
0   4091.39986  -1180.89532  -5648.81813   4.9901086  -3.6553320   4.3752137 2026 01 14 05 48 34.67
0   4190.17377  -1253.87718  -5560.04834   4.8869201  -3.6425301   4.5014005 2026 01 14 05 48 54.67
0   4286.86226  -1326.58364  -5468.77486   4.7815766  -3.6277928   4.6255745 2026 01 14 05 49 14.67
0   4381.42275  -1398.97598  -5375.03851   4.6741302  -3.6111198   4.7476798 2026 01 14 05 49 34.67
0   4473.81370  -1471.01551  -5278.88120   4.5646336  -3.5925122   4.8676612 2026 01 14 05 49 54.67
0   4563.99466  -1542.66354  -5180.34596   4.4531405  -3.5719718   4.9854648 2026 01 14 05 50 14.67
0   4651.92623  -1613.88145  -5079.47689   4.3397056  -3.5495015   5.1010371 2026 01 14 05 50 34.67
0   4737.57014  -1684.63068  -4976.31913   4.2243845  -3.5251054   5.2143259 2026 01 14 05 50 54.67
0   4820.88922  -1754.87276  -4870.91887   4.1072335  -3.4987883   5.3252798 2026 01 14 05 51 14.67
0   4901.84745  -1824.56933  -4763.32332   3.9883098  -3.4705562   5.4338486 2026 01 14 05 51 34.67
0   4980.40995  -1893.68215  -4653.58066   3.8676715  -3.4404163   5.5399828 2026 01 14 05 51 54.67
0   5056.54303  -1962.17316  -4541.74009   3.7453774  -3.4083765   5.6436342 2026 01 14 05 52 14.67
0   5130.21415  -2030.00445  -4427.85173   3.6214870  -3.3744458   5.7447555 2026 01 14 05 52 34.67
0   5201.39200  -2097.13829  -4311.96664   3.4960605  -3.3386345   5.8433006 2026 01 14 05 52 54.67
0   5270.04646  -2163.53718  -4194.13680   3.3691590  -3.3009536   5.9392245 2026 01 14 05 53 14.67
0   5336.14865  -2229.16385  -4074.41509   3.2408441  -3.2614153   6.0324831 2026 01 14 05 53 34.67
0   5399.67093  -2293.98129  -3952.85523   3.1111781  -3.2200327   6.1230338 2026 01 14 05 53 54.67
0   5460.58689  -2357.95275  -3829.51179   2.9802238  -3.1768201   6.2108350 2026 01 14 05 54 14.67
0   5518.87142  -2421.04178  -3704.44019   2.8480448  -3.1317927   6.2958463 2026 01 14 05 54 34.67
0   5574.50066  -2483.21224  -3577.69660   2.7147050  -3.0849668   6.3780285 2026 01 14 05 54 54.67
0   5627.45203  -2544.42835  -3449.33799   2.5802691  -3.0363595   6.4573437 2026 01 14 05 55 14.67
0   5677.70427  -2604.65464  -3319.42206   2.4448019  -2.9859891   6.5337553 2026 01 14 05 55 34.67
0   5725.23740  -2663.85605  -3188.00726   2.3083691  -2.9338749   6.6072277 2026 01 14 05 55 54.67
0   5770.03277  -2721.99791  -3055.15270   2.1710366  -2.8800371   6.6777271 2026 01 14 05 56 14.67
0   5812.07306  -2779.04596  -2920.91817   2.0328706  -2.8244971   6.7452205 2026 01 14 05 56 34.67
0   5851.34225  -2834.96637  -2785.36411   1.8939379  -2.7672769   6.8096766 2026 01 14 05 56 54.67
0   5887.82569  -2889.72577  -2648.55157   1.7543055  -2.7083998   6.8710652 2026 01 14 05 57 14.67
0   5921.51005  -2943.29127  -2510.54219   1.6140407  -2.6478900   6.9293577 2026 01 14 05 57 34.67
0   5952.38337  -2995.63045  -2371.39815   1.4732110  -2.5857726   6.9845267 2026 01 14 05 57 54.67
0   5980.43501  -3046.71143  -2231.18220   1.3318843  -2.5220736   7.0365463 2026 01 14 05 58 14.67
0   6005.65573  -3096.50285  -2089.95757   1.1901285  -2.4568201   7.0853920 2026 01 14 05 58 34.67
0   6028.03762  -3144.97388  -1947.78797   1.0480119  -2.3900399   7.1310408 2026 01 14 05 58 54.67
0   6047.57416  -3192.09429  -1804.73755   0.9056028  -2.3217620   7.1734709 2026 01 14 05 59 14.67
0   6064.26016  -3237.83442  -1660.87089   0.7629695  -2.2520160   7.2126622 2026 01 14 05 59 34.67
0   6078.09184  -3282.16521  -1516.25296   0.6201804  -2.1808325   7.2485961 2026 01 14 05 59 54.67
0   6089.06676  -3325.05823  -1370.94907   0.4773041  -2.1082432   7.2812553 2026 01 14 06 00 14.67
0   6097.18387  -3366.48567  -1225.02489   0.3344091  -2.0342802   7.3106240 2026 01 14 06 00 34.67
0   6102.44347  -3406.42041  -1078.54636   0.1915637  -1.9589769   7.3366882 2026 01 14 06 00 54.67
0   6104.84724  -3444.83597   -931.57970   0.0488364  -1.8823673   7.3594349 2026 01 14 06 01 14.67
0   6104.39823  -3481.70656   -784.19137  -0.0937048  -1.8044862   7.3788532 2026 01 14 06 01 34.67
0   6101.10083  -3517.00713   -636.44805  -0.2359915  -1.7253692   7.3949332 2026 01 14 06 01 54.67
0   6094.96082  -3550.71331   -488.41658  -0.3779561  -1.6450529   7.4076669 2026 01 14 06 02 14.67
0   6085.98531  -3582.80149   -340.16395  -0.5195308  -1.5635743   7.4170477 2026 01 14 06 02 34.67
0   6074.18278  -3613.24880   -191.75728  -0.6606481  -1.4809714   7.4230705 2026 01 14 06 02 54.67
0   6059.56305  -3642.03314    -43.26375  -0.8012410  -1.3972829   7.4257319 2026 01 14 06 03 14.67
0   6042.13726  -3669.13318    105.24937  -0.9412426  -1.3125482   7.4250299 2026 01 14 06 03 34.67
0   6021.91793  -3694.52841    253.71482  -1.0805864  -1.2268072   7.4209641 2026 01 14 06 03 54.67
0   5998.91885  -3718.19911    402.06533  -1.2192064  -1.1401007   7.4135356 2026 01 14 06 04 14.67
0   5973.15517  -3740.12638    550.23367  -1.3570370  -1.0524702   7.4027473 2026 01 14 06 04 34.67
0   5944.64331  -3760.29215    698.15269  -1.4940129  -0.9639575   7.3886034 2026 01 14 06 04 54.67
0   5913.40103  -3778.67920    845.75533  -1.6300695  -0.8746052   7.3711098 2026 01 14 06 05 14.67
0   5879.44735  -3795.27119    992.97466  -1.7651427  -0.7844566   7.3502737 2026 01 14 06 05 34.67
0   5842.80258  -3810.05260   1139.74394  -1.8991687  -0.6935554   7.3261042 2026 01 14 06 05 54.67
0   5803.48828  -3823.00885   1285.99658  -2.0320847  -0.6019459   7.2986118 2026 01 14 06 06 14.67
0   5761.52729  -3834.12619   1431.66626  -2.1638283  -0.5096728   7.2678084 2026 01 14 06 06 34.67
0   5716.94367  -3843.39182   1576.68688  -2.2943376  -0.4167814   7.2337077 2026 01 14 06 06 54.67
0   5669.76271  -3850.79383   1720.99264  -2.4235517  -0.3233175   7.1963247 2026 01 14 06 07 14.67
0   5620.01093  -3856.32122   1864.51807  -2.5514102  -0.2293272   7.1556760 2026 01 14 06 07 34.67
0   5567.71602  -3859.96394   2007.19803  -2.6778537  -0.1348572   7.1117798 2026 01 14 06 07 54.67
0   5512.90689  -3861.71285   2148.96776  -2.8028232  -0.0399545   7.0646558 2026 01 14 06 08 14.67
0   5455.61359  -3861.55978   2289.76292  -2.9262608   0.0553336   7.0143249 2026 01 14 06 08 34.67
0   5395.86733  -3859.49749   2429.51958  -3.0481093   0.1509594   6.9608099 2026 01 14 06 08 54.67
0   5333.70045  -3855.51971   2568.17432  -3.1683126   0.2468747   6.9041349 2026 01 14 06 09 14.67
0   5269.14642  -3849.62113   2705.66417  -3.2868151   0.3430314   6.8443253 2026 01 14 06 09 34.67
0   5202.23979  -3841.79742   2841.92672  -3.4035624   0.4393808   6.7814082 2026 01 14 06 09 54.67
0   5133.01621  -3832.04519   2976.90010  -3.5185011   0.5358740   6.7154120 2026 01 14 06 10 14.67
0   5061.51238  -3820.36207   3110.52301  -3.6315785   0.6324621   6.6463666 2026 01 14 06 10 34.67
0   4987.76603  -3806.74665   3242.73479  -3.7427431   0.7290957   6.5743032 2026 01 14 06 10 54.67
0   4911.81594  -3791.19851   3373.47540  -3.8519443   0.8257255   6.4992544 2026 01 14 06 11 14.67
0   4833.70186  -3773.71822   3502.68547  -3.9591328   0.9223020   6.4212543 2026 01 14 06 11 34.67
0   4753.46453  -3754.30735   3630.30632  -4.0642601   1.0187754   6.3403382 2026 01 14 06 11 54.67
0   4671.14565  -3732.96846   3756.28000  -4.1672788   1.1150961   6.2565428 2026 01 14 06 12 14.67
0   4586.78787  -3709.70509   3880.54930  -4.2681428   1.2112142   6.1699062 2026 01 14 06 12 34.67
0   4500.43472  -3684.52179   4003.05778  -4.3668071   1.3070799   6.0804677 2026 01 14 06 12 54.67
0   4412.13063  -3657.42412   4123.74982  -4.4632276   1.4026434   5.9882678 2026 01 14 06 13 14.67
0   4321.92093  -3628.41861   4242.57059  -4.5573617   1.4978549   5.8933484 2026 01 14 06 13 34.67
0   4229.85174  -3597.51280   4359.46613  -4.6491679   1.5926645   5.7957526 2026 01 14 06 13 54.67
0   4135.97004  -3564.71523   4474.38337  -4.7386057   1.6870227   5.6955248 2026 01 14 06 14 14.67
0   4040.32358  -3530.03542   4587.27010  -4.8256362   1.7808798   5.5927103 2026 01 14 06 14 34.67
0   3942.96090  -3493.48388   4698.07507  -4.9102214   1.8741863   5.4873560 2026 01 14 06 14 54.67
0   3843.93126  -3455.07213   4806.74795  -4.9923249   1.9668930   5.3795095 2026 01 14 06 15 14.67
0   3743.28466  -3414.81264   4913.23938  -5.0719111   2.0589506   5.2692199 2026 01 14 06 15 34.67
0   3641.07178  -3372.71890   5017.50100  -5.1489463   2.1503102   5.1565373 2026 01 14 06 15 54.67
0   3537.34398  -3328.80535   5119.48546  -5.2233976   2.2409232   5.0415126 2026 01 14 06 16 14.67
0   3432.15324  -3283.08740   5219.14644  -5.2952336   2.3307410   4.9241982 2026 01 14 06 16 34.67
0   3325.55218  -3235.58145   5316.43866  -5.3644244   2.4197155   4.8046471 2026 01 14 06 16 54.67
0   3217.59400  -3186.30484   5411.31795  -5.4309411   2.5077987   4.6829136 2026 01 14 06 17 14.67
0   3108.33244  -3135.27586   5503.74120  -5.4947565   2.5949433   4.5590530 2026 01 14 06 17 34.67
0   2997.82181  -3082.51377   5593.66642  -5.5558444   2.6811019   4.4331212 2026 01 14 06 17 54.67
0   2886.11689  -3028.03875   5681.05276  -5.6141804   2.7662277   4.3051754 2026 01 14 06 18 14.67
0   2773.27296  -2971.87193   5765.86053  -5.6697412   2.8502743   4.1752735 2026 01 14 06 18 34.67
0   2659.34575  -2914.03535   5848.05118  -5.7225048   2.9331958   4.0434743 2026 01 14 06 18 54.67
0   2544.39140  -2854.55196   5927.58736  -5.7724508   3.0149465   3.9098375 2026 01 14 06 19 14.67
0   2428.46647  -2793.44565   6004.43293  -5.8195603   3.0954814   3.7744236 2026 01 14 06 19 34.67
0   2311.62787  -2730.74115   6078.55295  -5.8638154   3.1747560   3.6372938 2026 01 14 06 19 54.67
0   2193.93284  -2666.46414   6149.91373  -5.9052000   3.2527262   3.4985101 2026 01 14 06 20 14.67
0   2075.43894  -2600.64113   6218.48281  -5.9436993   3.3293484   3.3581354 2026 01 14 06 20 34.67
0   1956.20403  -2533.29950   6284.22901  -5.9792999   3.4045798   3.2162330 2026 01 14 06 20 54.67
0   1836.28620  -2464.46751   6347.12241  -6.0119897   3.4783780   3.0728671 2026 01 14 06 21 14.67
0   1715.74376  -2394.17423   6407.13440  -6.0417582   3.5507012   2.9281024 2026 01 14 06 21 34.67
0   1594.63525  -2322.44959   6464.23764  -6.0685963   3.6215083   2.7820044 2026 01 14 06 21 54.67
0   1473.01935  -2249.32429   6518.40613  -6.0924963   3.6907589   2.6346391 2026 01 14 06 22 14.67
0   1350.95488  -2174.82988   6569.61520  -6.1134520   3.7584131   2.4860730 2026 01 14 06 22 34.67
0   1228.50079  -2098.99867   6617.84149  -6.1314584   3.8244319   2.3363732 2026 01 14 06 22 54.67
0   1105.71609  -2021.86376   6663.06300  -6.1465121   3.8887769   2.1856072 2026 01 14 06 23 14.67
0    982.65987  -1943.45901   6705.25910  -6.1586112   3.9514105   2.0338431 2026 01 14 06 23 34.67
0    859.39122  -1863.81900   6744.41050  -6.1677551   4.0122957   1.8811495 2026 01 14 06 23 54.67
0    735.96924  -1782.97907   6780.49931  -6.1739447   4.0713964   1.7275952 2026 01 14 06 24 14.67
0    612.45300  -1700.97527   6813.50900  -6.1771821   4.1286774   1.5732495 2026 01 14 06 24 34.67
0    488.90151  -1617.84433   6843.42445  -6.1774712   4.1841041   1.4181821 2026 01 14 06 24 54.67
0    365.37368  -1533.62368   6870.23191  -6.1748169   4.2376429   1.2624630 2026 01 14 06 25 14.67
0    241.92832  -1448.35141   6893.91905  -6.1692258   4.2892609   1.1061624 2026 01 14 06 25 34.67
0    118.62409  -1362.06625   6914.47496  -6.1607058   4.3389263   0.9493509 2026 01 14 06 25 54.67
0     -4.48053  -1274.80757   6931.89012  -6.1492661   4.3866079   0.7920992 2026 01 14 06 26 14.67
0   -127.32724  -1186.61534   6946.15644  -6.1349175   4.4322755   0.6344784 2026 01 14 06 26 34.67
0   -249.85798  -1097.53015   6957.26725  -6.1176719   4.4759001   0.4765596 2026 01 14 06 26 54.67
0   -372.01495  -1007.59313   6965.21729  -6.0975428   4.5174532   0.3184141 2026 01 14 06 27 14.67
0   -493.74062   -916.84598   6970.00276  -6.0745450   4.5569075   0.1601133 2026 01 14 06 27 34.67
0   -614.97778   -825.33096   6971.62126  -6.0486945   4.5942367   0.0017287 2026 01 14 06 27 54.67
0   -735.66955   -733.09082   6970.07183  -6.0200089   4.6294154  -0.1566680 2026 01 14 06 28 14.67
0   -855.75941   -640.16881   6965.35494  -5.9885070   4.6624192  -0.3150053 2026 01 14 06 28 34.67
0   -975.19123   -546.60866   6957.47250  -5.9542089   4.6932247  -0.4732117 2026 01 14 06 28 54.67
0  -1093.90930   -452.45457   6946.42785  -5.9171361   4.7218097  -0.6312155 2026 01 14 06 29 14.67
0  -1211.85836   -357.75116   6932.22575  -5.8773112   4.7481529  -0.7889452 2026 01 14 06 29 34.67
0  -1328.98360   -262.54347   6914.87239  -5.8347584   4.7722340  -0.9463295 2026 01 14 06 29 54.67
0  -1445.23072   -166.87694   6894.37539  -5.7895030   4.7940339  -1.1032972 2026 01 14 06 30 14.67
0  -1560.54592    -70.79736   6870.74381  -5.7415715   4.8135346  -1.2597770 2026 01 14 06 30 34.67
0  -1674.87596     25.64910   6843.98811  -5.6909917   4.8307191  -1.4156981 2026 01 14 06 30 54.67
0  -1788.16817    122.41595   6814.12016  -5.6377928   4.8455715  -1.5709897 2026 01 14 06 31 14.67
0  -1900.37046    219.45642   6781.15327  -5.5820049   4.8580773  -1.7255814 2026 01 14 06 31 34.67
0  -2011.43136    316.72343   6745.10213  -5.5236597   4.8682227  -1.8794031 2026 01 14 06 31 54.67
0  -2121.30007    414.16965   6705.98284  -5.4627898   4.8759953  -2.0323848 2026 01 14 06 32 14.67
0  -2229.92641    511.74750   6663.81291  -5.3994290   4.8813840  -2.1844569 2026 01 14 06 32 34.67
0  -2337.26092    609.40921   6618.61120  -5.3336125   4.8843785  -2.3355505 2026 01 14 06 32 54.67
0  -2443.25485    707.10679   6570.39799  -5.2653762   4.8849700  -2.4855966 2026 01 14 06 33 14.67
0  -2547.86016    804.79212   6519.19490  -5.1947576   4.8831507  -2.6345269 2026 01 14 06 33 34.67
0  -2651.02961    902.41691   6465.02492  -5.1217950   4.8789140  -2.7822736 2026 01 14 06 33 54.67
0  -2752.71669    999.93275   6407.91241  -5.0465280   4.8722547  -2.9287694 2026 01 14 06 34 14.67
0  -2852.87573   1097.29115   6347.88306  -4.9689970   4.8631686  -3.0739472 2026 01 14 06 34 34.67
0  -2951.46186   1194.44355   6284.96388  -4.8892437   4.8516527  -3.2177409 2026 01 14 06 34 54.67
0  -3048.43107   1291.34132   6219.18321  -4.8073107   4.8377055  -3.3600847 2026 01 14 06 35 14.67
0  -3143.74018   1387.93584   6150.57070  -4.7232417   4.8213263  -3.5009136 2026 01 14 06 35 34.67
0  -3237.34692   1484.17847   6079.15731  -4.6370813   4.8025161  -3.6401629 2026 01 14 06 35 54.67
0  -3329.20993   1580.02060   6004.97524  -4.5488750   4.7812767  -3.7777691 2026 01 14 06 36 14.67
0  -3419.28874   1675.41370   5928.05801  -4.4586695   4.7576115  -3.9136690 2026 01 14 06 36 34.67
0  -3507.54385   1770.30927   5848.44036  -4.3665123   4.7315250  -4.0478002 2026 01 14 06 36 54.67
0  -3593.93670   1864.65896   5766.15828  -4.2724515   4.7030229  -4.1801012 2026 01 14 06 37 14.67
0  -3678.42971   1958.41451   5681.24898  -4.1765366   4.6721122  -4.3105112 2026 01 14 06 37 34.67
0  -3760.98630   2051.52784   5593.75088  -4.0788176   4.6388011  -4.4389702 2026 01 14 06 37 54.67
0  -3841.57090   2143.95103   5503.70360  -3.9793454   4.6030993  -4.5654192 2026 01 14 06 38 14.67
0  -3920.14896   2235.63637   5411.14792  -3.8781718   4.5650174  -4.6897998 2026 01 14 06 38 34.67
0  -3996.68696   2326.53638   5316.12578  -3.7753492   4.5245674  -4.8120548 2026 01 14 06 38 54.67
0  -4071.15247   2416.60382   5218.68025  -3.6709309   4.4817626  -4.9321278 2026 01 14 06 39 14.67
0  -4143.51410   2505.79175   5118.85553  -3.5649708   4.4366176  -5.0499635 2026 01 14 06 39 34.67
0  -4213.74157   2594.05351   5016.69692  -3.4575236   4.3891481  -5.1655073 2026 01 14 06 39 54.67
0  -4281.80569   2681.34278   4912.25079  -3.3486447   4.3393711  -5.2787059 2026 01 14 06 40 14.67
0  -4347.67837   2767.61359   4805.56456  -3.2383900   4.2873048  -5.3895070 2026 01 14 06 40 34.67
0  -4411.33267   2852.82035   4696.68670  -3.1268161   4.2329688  -5.4978593 2026 01 14 06 40 54.67
0  -4472.74278   2936.91786   4585.66669  -3.0139802   4.1763837  -5.6037127 2026 01 14 06 41 14.67
0  -4531.88402   3019.86137   4472.55499  -2.8999399   4.1175715  -5.7070181 2026 01 14 06 41 34.67
0  -4588.73290   3101.60655   4357.40306  -2.7847536   4.0565554  -5.8077277 2026 01 14 06 41 54.67
0  -4643.26707   3182.10958   4240.26327  -2.6684800   3.9933596  -5.9057948 2026 01 14 06 42 14.67
0  -4695.46539   3261.32711   4121.18893  -2.5511782   3.9280097  -6.0011739 2026 01 14 06 42 34.67
0  -4745.30788   3339.21632   4000.23424  -2.4329079   3.8605325  -6.0938208 2026 01 14 06 42 54.67
0  -4792.77578   3415.73494   3877.45428  -2.3137292   3.7909559  -6.1836925 2026 01 14 06 43 14.67
0  -4837.85151   3490.84128   3752.90498  -2.1937025   3.7193090  -6.2707473 2026 01 14 06 43 34.67
0  -4880.51873   3564.49422   3626.64307  -2.0728885   3.6456219  -6.3549447 2026 01 14 06 43 54.67
0  -4920.76230   3636.65329   3498.72611  -1.9513482   3.5699262  -6.4362458 2026 01 14 06 44 14.67
0  -4958.56830   3707.27861   3369.21239  -1.8291430   3.4922543  -6.5146127 2026 01 14 06 44 34.67
0  -4993.92405   3776.33102   3238.16097  -1.7063344   3.4126399  -6.5900091 2026 01 14 06 44 54.67
0  -5026.81810   3843.77199   3105.63160  -1.5829843   3.3311176  -6.6624000 2026 01 14 06 45 14.67
0  -5057.24024   3909.56373   2971.68474  -1.4591545   3.2477233  -6.7317518 2026 01 14 06 45 34.67
0  -5085.18150   3973.66917   2836.38150  -1.3349072   3.1624938  -6.7980324 2026 01 14 06 45 54.67
0  -5110.63415   4036.05197   2699.78361  -1.2103046   3.0754672  -6.8612110 2026 01 14 06 46 14.67
0  -5133.59170   4096.67658   2561.95340  -1.0854089   2.9866823  -6.9212583 2026 01 14 06 46 34.67
0  -5154.04891   4155.50824   2422.95378  -0.9602825   2.8961791  -6.9781467 2026 01 14 06 46 54.67
0  -5172.00180   4212.51299   2282.84819  -0.8349876   2.8039986  -7.0318497 2026 01 14 06 47 14.67
0  -5187.44762   4267.65769   2141.70060  -0.7095867   2.7101827  -7.0823426 2026 01 14 06 47 34.67
0  -5200.38486   4320.91007   1999.57545  -0.5841419   2.6147743  -7.1296021 2026 01 14 06 47 54.67
0  -5210.81328   4372.23871   1856.53761  -0.4587153   2.5178173  -7.1736065 2026 01 14 06 48 14.67
0  -5218.73386   4421.61309   1712.65240  -0.3333690   2.4193564  -7.2143356 2026 01 14 06 48 34.67
0  -5224.14882   4469.00358   1567.98552  -0.2081649   2.3194372  -7.2517707 2026 01 14 06 48 54.67
0  -5227.06162   4514.38149   1422.60301  -0.0831646   2.2181062  -7.2858948 2026 01 14 06 49 14.67
0  -5227.47696   4557.71903   1276.57127   0.0415705   2.1154107  -7.3166923 2026 01 14 06 49 34.67
0  -5225.40075   4598.98942   1129.95695   0.1659791   2.0113988  -7.3441493 2026 01 14 06 49 54.67
0  -5220.84013   4638.16679    982.82700   0.2900005   1.9061195  -7.3682534 2026 01 14 06 50 14.67
0  -5213.80345   4675.22632    835.24860   0.4135740   1.7996225  -7.3889940 2026 01 14 06 50 34.67
0  -5204.30027   4710.14413    687.28909   0.5366395   1.6919581  -7.4063619 2026 01 14 06 50 54.67
0  -5192.34135   4742.89740    539.01602   0.6591372   1.5831776  -7.4203495 2026 01 14 06 51 14.67
0  -5177.93865   4773.46431    390.49705   0.7810077   1.4733326  -7.4309510 2026 01 14 06 51 34.67
0  -5161.10529   4801.82412    241.79995   0.9021921   1.3624758  -7.4381619 2026 01 14 06 51 54.67
0  -5141.85559   4827.95709     92.99257   1.0226320   1.2506601  -7.4419796 2026 01 14 06 52 14.67
0  -5120.20501   4851.84461    -55.85722   1.1422695   1.1379393  -7.4424031 2026 01 14 06 52 34.67
0  -5096.17017   4873.46909   -204.68153   1.2610472   1.0243676  -7.4394328 2026 01 14 06 52 54.67
0  -5069.76885   4892.81409   -353.41251   1.3789084   0.9099998  -7.4330708 2026 01 14 06 53 14.67
0  -5041.01994   4909.86422   -501.98236   1.4957969   0.7948913  -7.4233209 2026 01 14 06 53 34.67
0  -5009.94344   4924.60522   -650.32337   1.6116572   0.6790977  -7.4101885 2026 01 14 06 53 54.67
0  -4976.56048   4937.02397   -798.36796   1.7264344   0.5626754  -7.3936804 2026 01 14 06 54 14.67
0  -4940.89325   4947.10845   -946.04869   1.8400745   0.4456810  -7.3738052 2026 01 14 06 54 34.67
0  -4902.96503   4954.84779  -1093.29833   1.9525240   0.3281715  -7.3505731 2026 01 14 06 54 54.67
0  -4862.80017   4960.23225  -1240.04984   2.0637302   0.2102043  -7.3239957 2026 01 14 06 55 14.67
0  -4820.42405   4963.25328  -1386.23646   2.1736413   0.0918371  -7.2940864 2026 01 14 06 55 34.67
0  -4775.86308   4963.90343  -1531.79168   2.2822062  -0.0268720  -7.2608599 2026 01 14 06 55 54.67
0  -4729.14470   4962.17647  -1676.64933   2.3893746  -0.1458648  -7.2243327 2026 01 14 06 56 14.67
0  -4680.29733   4958.06730  -1820.74358   2.4950972  -0.2650828  -7.1845226 2026 01 14 06 56 34.67
0  -4629.35037   4951.57200  -1964.00895   2.5993254  -0.3844673  -7.1414493 2026 01 14 06 56 54.67
0  -4576.33419   4942.68783  -2106.38039   2.7020117  -0.5039594  -7.0951335 2026 01 14 06 57 14.67
0  -4521.28009   4931.41323  -2247.79327   2.8031094  -0.6235002  -7.0455980 2026 01 14 06 57 34.67
0  -4464.22031   4917.74782  -2388.18343   2.9025728  -0.7430304  -6.9928665 2026 01 14 06 57 54.67
0  -4405.18798   4901.69240  -2527.48721   3.0003572  -0.8624910  -6.9369645 2026 01 14 06 58 14.67
0  -4344.21713   4883.24895  -2665.64147   3.0964188  -0.9818228  -6.8779191 2026 01 14 06 58 34.67
0  -4281.34263   4862.42066  -2802.58361   3.1907148  -1.1009664  -6.8157585 2026 01 14 06 58 54.67
0  -4216.60022   4839.21186  -2938.25164   3.2832035  -1.2198627  -6.7505124 2026 01 14 06 59 14.67
0  -4150.02645   4813.62810  -3072.58414   3.3738444  -1.3384526  -6.6822121 2026 01 14 06 59 34.67
0  -4081.65867   4785.67610  -3205.52037   3.4625978  -1.4566769  -6.6108902 2026 01 14 06 59 54.67
0  -4011.53503   4755.36376  -3337.00022   3.5494252  -1.5744768  -6.5365805 2026 01 14 07 00 14.67
0  -3939.69442   4722.70015  -3466.96429   3.6342892  -1.6917934  -6.4593183 2026 01 14 07 00 34.67
0  -3866.17646   4687.69554  -3595.35389   3.7171535  -1.8085680  -6.3791403 2026 01 14 07 00 54.67
0  -3791.02152   4650.36134  -3722.11110   3.7979830  -1.9247424  -6.2960844 2026 01 14 07 01 14.67
0  -3714.27062   4610.71014  -3847.17873   3.8767436  -2.0402582  -6.2101897 2026 01 14 07 01 34.67
0  -3635.96548   4568.75569  -3970.50041   3.9534026  -2.1550575  -6.1214967 2026 01 14 07 01 54.67
0  -3556.14844   4524.51290  -4092.02060   4.0279282  -2.2690828  -6.0300470 2026 01 14 07 02 14.67
0  -3474.86247   4477.99782  -4211.68459   4.1002900  -2.3822767  -5.9358837 2026 01 14 07 02 34.67
0  -3392.15116   4429.22765  -4329.43855   4.1704585  -2.4945822  -5.8390507 2026 01 14 07 02 54.67
0  -3308.05865   4378.22073  -4445.22953   4.2384058  -2.6059429  -5.7395934 2026 01 14 07 03 14.67
0  -3222.62964   4324.99650  -4559.00550   4.3041049  -2.7163025  -5.6375580 2026 01 14 07 03 34.67
0  -3135.90933   4269.57556  -4670.71539   4.3675302  -2.8256054  -5.5329922 2026 01 14 07 03 54.67
0  -3047.94347   4211.97959  -4780.30907   4.4286571  -2.9337962  -5.4259446 2026 01 14 07 04 14.67
0  -2958.77825   4152.23138  -4887.73739   4.4874625  -3.0408201  -5.3164647 2026 01 14 07 04 34.67
0  -2868.46032   4090.35481  -4992.95222   4.5439244  -3.1466231  -5.2046033 2026 01 14 07 04 54.67
0  -2777.03676   4026.37483  -5095.90643   4.5980220  -3.2511512  -5.0904122 2026 01 14 07 05 14.67
0  -2684.55505   3960.31748  -5196.55398   4.6497359  -3.3543514  -4.9739440 2026 01 14 07 05 34.67
0  -2591.06306   3892.20984  -5294.84983   4.6990478  -3.4561712  -4.8552523 2026 01 14 07 05 54.67
0  -2496.60898   3822.08004  -5390.75008   4.7459408  -3.5565586  -4.7343918 2026 01 14 07 06 14.67
0  -2401.24137   3749.95723  -5484.21189   4.7903990  -3.6554623  -4.6114180 2026 01 14 07 06 34.67
0  -2305.00905   3675.87161  -5575.19357   4.8324082  -3.7528317  -4.4863871 2026 01 14 07 06 54.67
0  -2207.96116   3599.85435  -5663.65454   4.8719550  -3.8486169  -4.3593565 2026 01 14 07 07 14.67
0  -2110.14704   3521.93763  -5749.55539   4.9090275  -3.9427687  -4.2303842 2026 01 14 07 07 34.67
0  -2011.61631   3442.15461  -5832.85786   4.9436150  -4.0352385  -4.0995290 2026 01 14 07 07 54.67
0  -1912.41875   3360.53941  -5913.52490   4.9757081  -4.1259788  -3.9668505 2026 01 14 07 08 14.67
0  -1812.60434   3277.12708  -5991.52064   5.0052986  -4.2149424  -3.8324090 2026 01 14 07 08 34.67
0  -1712.22320   3191.95363  -6066.81043   5.0323797  -4.3020833  -3.6962656 2026 01 14 07 08 54.67
0  -1611.32557   3105.05595  -6139.36084   5.0569456  -4.3873561  -3.5584820 2026 01 14 07 09 14.67
0  -1509.96180   3016.47186  -6209.13970   5.0789920  -4.4707165  -3.4191205 2026 01 14 07 09 34.67
0  -1408.18233   2926.24004  -6276.11607   5.0985157  -4.5521207  -3.2782443 2026 01 14 07 09 54.67
0  -1306.03762   2834.40005  -6340.26030   5.1155148  -4.6315260  -3.1359168 2026 01 14 07 10 14.67
0  -1203.57818   2740.99228  -6401.54400   5.1299885  -4.7088906  -2.9922022 2026 01 14 07 10 34.67
0  -1100.85450   2646.05795  -6459.94007   5.1419375  -4.7841736  -2.8471653 2026 01 14 07 10 54.67
0   -997.91707   2549.63911  -6515.42272   5.1513635  -4.8573350  -2.7008713 2026 01 14 07 11 14.67
0   -894.81633   2451.77857  -6567.96746   5.1582694  -4.9283358  -2.5533859 2026 01 14 07 11 34.67
0   -791.60262   2352.51993  -6617.55111   5.1626596  -4.9971380  -2.4047752 2026 01 14 07 11 54.67
0   -688.32622   2251.90754  -6664.15185   5.1645394  -5.0637043  -2.2551058 2026 01 14 07 12 14.67
0   -585.03727   2149.98646  -6707.74917   5.1639153  -5.1279989  -2.1044448 2026 01 14 07 12 34.67
0   -481.78576   2046.80250  -6748.32390   5.1607953  -5.1899867  -1.9528595 2026 01 14 07 12 54.67
0   -378.62154   1942.40212  -6785.85823   5.1551882  -5.2496337  -1.8004176 2026 01 14 07 13 14.67
0   -275.59425   1836.83248  -6820.33571   5.1471042  -5.3069069  -1.6471871 2026 01 14 07 13 34.67
0   -172.75330   1730.14137  -6851.74126   5.1365546  -5.3617745  -1.4932364 2026 01 14 07 13 54.67
0    -70.14790   1622.37721  -6880.06114   5.1235518  -5.4142056  -1.3386340 2026 01 14 07 14 14.67
0     32.17303   1513.58904  -6905.28302   5.1081094  -5.4641706  -1.1834488 2026 01 14 07 14 34.67
0    134.16085   1403.82646  -6927.39593   5.0902422  -5.5116409  -1.0277497 2026 01 14 07 14 54.67
0    235.76720   1293.13964  -6946.39028   5.0699659  -5.5565891  -0.8716061 2026 01 14 07 15 14.67
0    336.94408   1181.57930  -6962.25787   5.0472976  -5.5989887  -0.7150871 2026 01 14 07 15 34.67
0    437.64382   1069.19665  -6974.99189   5.0222552  -5.6388147  -0.5582624 2026 01 14 07 15 54.67
0    537.81913    956.04342  -6984.58692   4.9948579  -5.6760429  -0.4012015 2026 01 14 07 16 14.67
0    637.42312    842.17178  -6991.03894   4.9651258  -5.7106506  -0.2439741 2026 01 14 07 16 34.67
0    736.40929    727.63438  -6994.34530   4.9330803  -5.7426161  -0.0866498 2026 01 14 07 16 54.67
0    834.73160    612.48426  -6994.50476   4.8987435  -5.7719190   0.0707017 2026 01 14 07 17 14.67
0    932.34445    496.77487  -6991.51749   4.8621389  -5.7985399   0.2280106 2026 01 14 07 17 34.67
0   1029.20273    380.56003  -6985.38503   4.8232907  -5.8224608   0.3852072 2026 01 14 07 17 54.67
0   1125.26181    263.89391  -6976.11032   4.7822243  -5.8436650   0.5422221 2026 01 14 07 18 14.67
0   1220.47760    146.83101  -6963.69769   4.7389661  -5.8621368   0.6989855 2026 01 14 07 18 34.67
0   1314.80653     29.42612  -6948.15286   4.6935433  -5.8778618   0.8554283 2026 01 14 07 18 54.67
0   1408.20559    -88.26569  -6929.48294   4.6459843  -5.8908271   1.0114810 2026 01 14 07 19 14.67
0   1500.63234   -206.18911  -6907.69642   4.5963182  -5.9010208   1.1670748 2026 01 14 07 19 34.67
0   1592.04494   -324.28859  -6882.80318   4.5445751  -5.9084323   1.3221405 2026 01 14 07 19 54.67
0   1682.40216   -442.50839  -6854.81445   4.4907862  -5.9130523   1.4766097 2026 01 14 07 20 14.67
0   1771.66340   -560.79260  -6823.74286   4.4349833  -5.9148729   1.6304139 2026 01 14 07 20 34.67
0   1859.78871   -679.08516  -6789.60238   4.3771994  -5.9138873   1.7834849 2026 01 14 07 20 54.67
0   1946.73879   -797.32990  -6752.40837   4.3174681  -5.9100902   1.9357550 2026 01 14 07 21 14.67
0   2032.47506   -915.47053  -6712.17751   4.2558239  -5.9034775   2.0871567 2026 01 14 07 21 34.67
0   2116.95960  -1033.45072  -6668.92784   4.1923023  -5.8940463   2.2376227 2026 01 14 07 21 54.67
0   2200.15521  -1151.21408  -6622.67876   4.1269394  -5.8817951   2.3870865 2026 01 14 07 22 14.67
0   2282.02546  -1268.70419  -6573.45096   4.0597722  -5.8667239   2.5354816 2026 01 14 07 22 34.67
0   2362.53462  -1385.86468  -6521.26648   3.9908385  -5.8488337   2.6827422 2026 01 14 07 22 54.67
0   2441.64775  -1502.63918  -6466.14867   3.9201767  -5.8281271   2.8288028 2026 01 14 07 23 14.67
0   2519.33067  -1618.97140  -6408.12218   3.8478262  -5.8046078   2.9735985 2026 01 14 07 23 34.67
0   2595.55003  -1734.80513  -6347.21295   3.7738270  -5.7782810   3.1170648 2026 01 14 07 23 54.67
0   2670.27323  -1850.08429  -6283.44822   3.6982196  -5.7491532   3.2591378 2026 01 14 07 24 14.67
0   2743.46854  -1964.75293  -6216.85648   3.6210456  -5.7172321   3.3997543 2026 01 14 07 24 34.67
0   2815.10503  -2078.75528  -6147.46750   3.5423468  -5.6825269   3.5388516 2026 01 14 07 24 54.67
0   2885.15265  -2192.03575  -6075.31228   3.4621660  -5.6450482   3.6763675 2026 01 14 07 25 14.67
0   2953.58218  -2304.53899  -6000.42306   3.3805466  -5.6048076   3.8122406 2026 01 14 07 25 34.67
0   3020.36529  -2416.20990  -5922.83332   3.2975323  -5.5618184   3.9464102 2026 01 14 07 25 54.67
0   3085.47452  -2526.99364  -5842.57772   3.2131677  -5.5160950   4.0788161 2026 01 14 07 26 14.67
0   3148.88333  -2636.83568  -5759.69213   3.1274977  -5.4676533   4.2093991 2026 01 14 07 26 34.67
0   3210.56604  -2745.68183  -5674.21361   3.0405681  -5.4165103   4.3381005 2026 01 14 07 26 54.67
0   3270.49795  -2853.47825  -5586.18037   2.9524249  -5.3626846   4.4648626 2026 01 14 07 27 14.67
0   3328.65523  -2960.17147  -5495.63175   2.8631147  -5.3061960   4.5896283 2026 01 14 07 27 34.67
0   3385.01501  -3065.70845  -5402.60827   2.7726845  -5.2470655   4.7123415 2026 01 14 07 27 54.67
0   3439.55539  -3170.03657  -5307.15151   2.6811819  -5.1853156   4.8329470 2026 01 14 07 28 14.67
0   3492.25537  -3273.10369  -5209.30418   2.5886549  -5.1209701   4.9513902 2026 01 14 07 28 34.67
0   3543.09497  -3374.85813  -5109.11007   2.4951517  -5.0540539   5.0676176 2026 01 14 07 28 54.67
0   3592.05514  -3475.24874  -5006.61402   2.4007211  -4.9845933   5.1815767 2026 01 14 07 29 14.67
0   3639.11783  -3574.22492  -4901.86191   2.3054123  -4.9126161   5.2932159 2026 01 14 07 29 34.67
0   3684.26597  -3671.73661  -4794.90066   2.2092746  -4.8381511   5.4024844 2026 01 14 07 29 54.67
0   3727.48347  -3767.73437  -4685.77817   2.1123578  -4.7612285   5.5093328 2026 01 14 07 30 14.67
0   3768.75526  -3862.16935  -4574.54333   2.0147119  -4.6818796   5.6137122 2026 01 14 07 30 34.67
0   3808.06726  -3954.99335  -4461.24601   1.9163873  -4.6001373   5.7155753 2026 01 14 07 30 54.67
0   3845.40639  -4046.15884  -4345.93699   1.8174343  -4.5160353   5.8148756 2026 01 14 07 31 14.67
0   3880.76060  -4135.61898  -4228.66799   1.7179039  -4.4296089   5.9115676 2026 01 14 07 31 34.67
0   3914.11886  -4223.32765  -4109.49162   1.6178468  -4.3408944   6.0056071 2026 01 14 07 31 54.67
0   3945.47113  -4309.23945  -3988.46136   1.5173143  -4.2499294   6.0969510 2026 01 14 07 32 14.67
0   3974.80842  -4393.30977  -3865.63155   1.4163575  -4.1567527   6.1855575 2026 01 14 07 32 34.67
0   4002.12277  -4475.49476  -3741.05734   1.3150278  -4.0614041   6.2713857 2026 01 14 07 32 54.67
0   4027.40722  -4555.75140  -3614.79469   1.2133766  -3.9639247   6.3543961 2026 01 14 07 33 14.67
0   4050.65587  -4634.03750  -3486.90035   1.1114554  -3.8643568   6.4345505 2026 01 14 07 33 34.67
0   4071.86382  -4710.31172  -3357.43181   1.0093157  -3.7627437   6.5118117 2026 01 14 07 33 54.67
0   4091.02723  -4784.53359  -3226.44729   0.9070091  -3.6591299   6.5861441 2026 01 14 07 34 14.67
0   4108.14327  -4856.66356  -3094.00572   0.8045871  -3.5535609   6.6575132 2026 01 14 07 34 34.67
0   4123.21015  -4926.66299  -2960.16669   0.7021010  -3.4460834   6.7258858 2026 01 14 07 34 54.67
0   4136.22711  -4994.49418  -2824.99045   0.5996025  -3.3367450   6.7912300 2026 01 14 07 35 14.67
0   4147.19440  -5060.12041  -2688.53788   0.4971426  -3.2255944   6.8535155 2026 01 14 07 35 34.67
0   4156.11331  -5123.50593  -2550.87045   0.3947727  -3.1126813   6.9127130 2026 01 14 07 35 54.67
0   4162.98616  -5184.61598  -2412.05019   0.2925438  -2.9980564   6.9687949 2026 01 14 07 36 14.67
0   4167.81627  -5243.41686  -2272.13968   0.1905066  -2.8817713   7.0217347 2026 01 14 07 36 34.67
0   4170.60798  -5299.87588  -2131.20202   0.0887119  -2.7638787   7.0715077 2026 01 14 07 36 54.67
0   4171.36665  -5353.96143  -1989.30077  -0.0127899  -2.6444321   7.1180903 2026 01 14 07 37 14.67
0   4170.09864  -5405.64297  -1846.49997  -0.1139487  -2.5234858   7.1614604 2026 01 14 07 37 34.67
0   4166.81131  -5454.89105  -1702.86407  -0.2147145  -2.4010951   7.2015974 2026 01 14 07 37 54.67
0   4161.51301  -5501.67736  -1558.45793  -0.3150378  -2.2773162   7.2384823 2026 01 14 07 38 14.67
0   4154.21309  -5545.97469  -1413.34677  -0.4148693  -2.1522059   7.2720973 2026 01 14 07 38 34.67
0   4144.92188  -5587.75700  -1267.59615  -0.5141602  -2.0258220   7.3024263 2026 01 14 07 38 54.67
0   4133.65066  -5626.99939  -1121.27193  -0.6128619  -1.8982229   7.3294547 2026 01 14 07 39 14.67
0   4120.41171  -5663.67814   -974.44027  -0.7109264  -1.7694678   7.3531692 2026 01 14 07 39 34.67
0   4105.21824  -5697.77075   -827.16756  -0.8083059  -1.6396166   7.3735582 2026 01 14 07 39 54.67
0   4088.08444  -5729.25589   -679.52040  -0.9049533  -1.5087299   7.3906117 2026 01 14 07 40 14.67
0   4069.02540  -5758.11347   -531.56561  -1.0008219  -1.3768689   7.4043211 2026 01 14 07 40 34.67
0   4048.05718  -5784.32461   -383.37012  -1.0958655  -1.2440954   7.4146793 2026 01 14 07 40 54.67
0   4025.19671  -5807.87168   -235.00103  -1.1900383  -1.1104718   7.4216808 2026 01 14 07 41 14.67
0   4000.46188  -5828.73832    -86.52551  -1.2832954  -0.9760611   7.4253217 2026 01 14 07 41 34.67
0   3973.87145  -5846.90941     61.98920  -1.3755920  -0.8409267   7.4255995 2026 01 14 07 41 54.67
0   3945.44505  -5862.37112    210.47584  -1.4668844  -0.7051326   7.4225135 2026 01 14 07 42 14.67
0   3915.20322  -5875.11090    358.86713  -1.5571292  -0.5687431   7.4160644 2026 01 14 07 42 34.67
0   3883.16732  -5885.11748    507.09583  -1.6462838  -0.4318232   7.4062543 2026 01 14 07 42 54.67
0   3849.35959  -5892.38092    655.09476  -1.7343062  -0.2944380   7.3930873 2026 01 14 07 43 14.67
0   3813.80307  -5896.89255    802.79683  -1.8211550  -0.1566531   7.3765685 2026 01 14 07 43 34.67
0   3776.52166  -5898.64505    950.13507  -1.9067898  -0.0185343   7.3567050 2026 01 14 07 43 54.67
0   3737.54002  -5897.63239   1097.04267  -1.9911707   0.1198521   7.3335053 2026 01 14 07 44 14.67
0   3696.88363  -5893.84989   1243.45301  -2.0742587   0.2584397   7.3069794 2026 01 14 07 44 34.67
0   3654.57873  -5887.29418   1389.29967  -2.1560153   0.3971619   7.2771388 2026 01 14 07 44 54.67
0   3610.65233  -5877.96325   1534.51648  -2.2364032   0.5359519   7.2439967 2026 01 14 07 45 14.67
0   3565.13216  -5865.85640   1679.03758  -2.3153856   0.6747427   7.2075678 2026 01 14 07 45 34.67
0   3518.04669  -5850.97429   1822.79736  -2.3929267   0.8134672   7.1678681 2026 01 14 07 45 54.67
0   3469.42510  -5833.31892   1965.73061  -2.4689914   0.9520582   7.1249155 2026 01 14 07 46 14.67
0   3419.29727  -5812.89362   2107.77243  -2.5435457   1.0904486   7.0787290 2026 01 14 07 46 34.67
0   3367.69372  -5789.70308   2248.85838  -2.6165562   1.2285711   7.0293294 2026 01 14 07 46 54.67
0   3314.64568  -5763.75333   2388.92439  -2.6879906   1.3663586   6.9767388 2026 01 14 07 47 14.67
0   3260.18496  -5735.05175   2527.90688  -2.7578175   1.5037438   6.9209810 2026 01 14 07 47 34.67
0   3204.34403  -5703.60704   2665.74277  -2.8260063   1.6406599   6.8620810 2026 01 14 07 47 54.67
0   3147.15595  -5669.42925   2802.36946  -2.8925275   1.7770397   6.8000655 2026 01 14 07 48 14.67
0   3088.65435  -5632.52979   2937.72492  -2.9573525   1.9128167   6.7349623 2026 01 14 07 48 34.67
0   3028.87344  -5592.92136   3071.74770  -3.0204536   2.0479243   6.6668011 2026 01 14 07 48 54.67
0   2967.84797  -5550.61803   3204.37693  -3.0818041   2.1822962   6.5956125 2026 01 14 07 49 14.67
0   2905.61320  -5505.63516   3335.55239  -3.1413785   2.3158663   6.5214288 2026 01 14 07 49 34.67
0   2842.20490  -5457.98946   3465.21452  -3.1991521   2.4485689   6.4442838 2026 01 14 07 49 54.67
0   2777.65933  -5407.69891   3593.30442  -3.2551012   2.5803385   6.3642122 2026 01 14 07 50 14.67
0   2712.01320  -5354.78284   3719.76393  -3.3092031   2.7111103   6.2812505 2026 01 14 07 50 34.67
0   2645.30368  -5299.26185   3844.53563  -3.3614365   2.8408194   6.1954363 2026 01 14 07 50 54.67
0   2577.56835  -5241.15782   3967.56284  -3.4117806   2.9694017   6.1068086 2026 01 14 07 51 14.67
0   2508.84518  -5180.49395   4088.78970  -3.4602160   3.0967936   6.0154074 2026 01 14 07 51 34.67
0   2439.17254  -5117.29466   4208.16115  -3.5067244   3.2229316   5.9212745 2026 01 14 07 51 54.67
0   2368.58914  -5051.58567   4325.62297  -3.5512883   3.3477532   5.8244524 2026 01 14 07 52 14.67
0   2297.13404  -4983.39392   4441.12183  -3.5938914   3.4711961   5.7249851 2026 01 14 07 52 34.67
0   2224.84660  -4912.74760   4554.60527  -3.6345186   3.5931989   5.6229179 2026 01 14 07 52 54.67
0   2151.76650  -4839.67613   4666.02174  -3.6731558   3.7137007   5.5182970 2026 01 14 07 53 14.67
0   2077.93365  -4764.21013   4775.32066  -3.7097897   3.8326410   5.4111699 2026 01 14 07 53 34.67
0   2003.38825  -4686.38143   4882.45237  -3.7444086   3.9499604   5.3015852 2026 01 14 07 53 54.67
0   1928.17071  -4606.22304   4987.36823  -3.7770016   4.0655999   5.1895927 2026 01 14 07 54 14.67
0   1852.32165  -4523.76912   5090.02057  -3.8075588   4.1795015   5.0752432 2026 01 14 07 54 34.67
0   1775.88188  -4439.05503   5190.36278  -3.8360716   4.2916078   4.9585886 2026 01 14 07 54 54.67
0   1698.89234  -4352.11723   5288.34929  -3.8625325   4.4018621   4.8396817 2026 01 14 07 55 14.67
0   1621.39417  -4262.99333   5383.93558  -3.8869348   4.5102089   4.7185765 2026 01 14 07 55 34.67
0   1543.42857  -4171.72201   5477.07823  -3.9092733   4.6165931   4.5953279 2026 01 14 07 55 54.67
0   1465.03688  -4078.34308   5567.73494  -3.9295435   4.7209609   4.4699917 2026 01 14 07 56 14.67
0   1386.26049  -3982.89740   5655.86451  -3.9477424   4.8232590   4.3426248 2026 01 14 07 56 34.67
0   1307.14086  -3885.42688   5741.42691  -3.9638677   4.9234354   4.2132847 2026 01 14 07 56 54.67
0   1227.71946  -3785.97447   5824.38326  -3.9779185   5.0214389   4.0820302 2026 01 14 07 57 14.67
0   1148.03779  -3684.58414   5904.69587  -3.9898947   5.1172192   3.9489205 2026 01 14 07 57 34.67
0   1068.13734  -3581.30084   5982.32822  -3.9997975   5.2107270   3.8140160 2026 01 14 07 57 54.67
0    988.05954  -3476.17051   6057.24504  -4.0076291   5.3019144   3.6773777 2026 01 14 07 58 14.67
0    907.84580  -3369.24002   6129.41226  -4.0133928   5.3907340   3.5390674 2026 01 14 07 58 34.67
0    827.53743  -3260.55720   6198.79707  -4.0170929   5.4771399   3.3991476 2026 01 14 07 58 54.67
0    747.17565  -3150.17078   6265.36791  -4.0187347   5.5610871   3.2576816 2026 01 14 07 59 14.67
0    666.80157  -3038.13036   6329.09449  -4.0183247   5.6425317   3.1147334 2026 01 14 07 59 34.67
0    586.45614  -2924.48643   6389.94782  -4.0158705   5.7214312   2.9703675 2026 01 14 07 59 54.67
0    506.18017  -2809.29031   6447.90020  -4.0113805   5.7977439   2.8246491 2026 01 14 08 00 14.67
0    426.01428  -2692.59413   6502.92522  -4.0048642   5.8714296   2.6776441 2026 01 14 08 00 34.67
0    345.99890  -2574.45085   6554.99783  -3.9963323   5.9424490   2.5294189 2026 01 14 08 00 54.67
0    266.17422  -2454.91415   6604.09428  -3.9857963   6.0107643   2.3800404 2026 01 14 08 01 14.67
0    186.58020  -2334.03849   6650.19219  -3.9732687   6.0763387   2.2295761 2026 01 14 08 01 34.67
0    107.25653  -2211.87905   6693.27052  -3.9587633   6.1391369   2.0780938 2026 01 14 08 01 54.67
0     28.24264  -2088.49170   6733.30959  -3.9422945   6.1991247   1.9256620 2026 01 14 08 02 14.67
0    -50.42237  -1963.93296   6770.29110  -3.9238779   6.2562693   1.7723494 2026 01 14 08 02 34.67
0   -128.69970  -1838.26004   6804.19812  -3.9035299   6.3105391   1.6182252 2026 01 14 08 02 54.67
0   -206.55090  -1711.53072   6835.01512  -3.8812680   6.3619038   1.4633590 2026 01 14 08 03 14.67
0   -283.93787  -1583.80340   6862.72796  -3.8571105   6.4103346   1.3078207 2026 01 14 08 03 34.67
0   -360.82289  -1455.13703   6887.32390  -3.8310769   6.4558040   1.1516805 2026 01 14 08 03 54.67
0   -437.16864  -1325.59111   6908.79160  -3.8031872   6.4982857   0.9950088 2026 01 14 08 04 14.67
0   -512.93821  -1195.22563   6927.12115  -3.7734626   6.5377551   0.8378763 2026 01 14 08 04 34.67
0   -588.09512  -1064.10109   6942.30403  -3.7419251   6.5741888   0.6803541 2026 01 14 08 04 54.67
0   -662.60334   -932.27842   6954.33316  -3.7085975   6.6075647   0.5225132 2026 01 14 08 05 14.67
0   -736.42729   -799.81898   6963.20288  -3.6735037   6.6378623   0.3644248 2026 01 14 08 05 34.67
0   -809.53191   -666.78453   6968.90896  -3.6366682   6.6650625   0.2061604 2026 01 14 08 05 54.67
0   -881.88261   -533.23720   6971.44859  -3.5981163   6.6891476   0.0477914 2026 01 14 08 06 14.67
0   -953.44533   -399.23945   6970.82040  -3.5578743   6.7101014  -0.1106105 2026 01 14 08 06 34.67
0  -1024.18652   -264.85407   6967.02444  -3.5159693   6.7279092  -0.2689738 2026 01 14 08 06 54.67
0  -1094.07322   -130.14409   6960.06220  -3.4724290   6.7425576  -0.4272269 2026 01 14 08 07 14.67
0  -1163.07299      4.82716   6949.93659  -3.4272820   6.7540349  -0.5852982 2026 01 14 08 07 34.67
0  -1231.15399    139.99616   6936.65198  -3.3805576   6.7623307  -0.7431163 2026 01 14 08 07 54.67
0  -1298.28498    275.29919   6920.21415  -3.3322859   6.7674363  -0.9006096 2026 01 14 08 08 14.67
0  -1364.43532    410.67237   6900.63029  -3.2824977   6.7693443  -1.0577070 2026 01 14 08 08 34.67
0  -1429.57499    546.05169   6877.90904  -3.2312245   6.7680490  -1.2143371 2026 01 14 08 08 54.67
0  -1493.67461    681.37304   6852.06046  -3.1784983   6.7635461  -1.3704291 2026 01 14 08 09 14.67
0  -1556.70545    816.57224   6823.09601  -3.1243521   6.7558329  -1.5259121 2026 01 14 08 09 34.67
0  -1618.63945    951.58507   6791.02859  -3.0688194   6.7449081  -1.6807156 2026 01 14 08 09 54.67
0  -1679.44921   1086.34729   6755.87248  -3.0119342   6.7307721  -1.8347694 2026 01 14 08 10 14.67
0  -1739.10802   1220.79469   6717.64338  -2.9537312   6.7134267  -1.9880034 2026 01 14 08 10 34.67
0  -1797.58990   1354.86314   6676.35837  -2.8942458   6.6928754  -2.1403481 2026 01 14 08 10 54.67
0  -1854.86953   1488.48854   6632.03595  -2.8335138   6.6691230  -2.2917341 2026 01 14 08 11 14.67
0  -1910.92237   1621.60694   6584.69597  -2.7715718   6.6421762  -2.4420927 2026 01 14 08 11 34.67
0  -1965.72458   1754.15454   6534.35967  -2.7084566   6.6120428  -2.5913552 2026 01 14 08 11 54.67
0  -2019.25306   1886.06769   6481.04965  -2.6442059   6.5787326  -2.7394538 2026 01 14 08 12 14.67
0  -2071.48549   2017.28297   6424.78986  -2.5788574   6.5422566  -2.8863208 2026 01 14 08 12 34.67
0  -2122.40029   2147.73719   6365.60560  -2.5124498   6.5026275  -3.0318893 2026 01 14 08 12 54.67
0  -2171.97667   2277.36741   6303.52351  -2.4450219   6.4598596  -3.1760928 2026 01 14 08 13 14.67
0  -2220.19462   2406.11104   6238.57154  -2.3766131   6.4139687  -3.3188654 2026 01 14 08 13 34.67
0  -2267.03491   2533.90576   6170.77898  -2.3072631   6.3649719  -3.4601419 2026 01 14 08 13 54.67
0  -2312.47913   2660.68966   6100.17639  -2.2370122   6.3128883  -3.5998575 2026 01 14 08 14 14.67
0  -2356.50965   2786.40119   6026.79562  -2.1659007   6.2577380  -3.7379483 2026 01 14 08 14 34.67
0  -2399.10968   2910.97924   5950.66981  -2.0939696   6.1995432  -3.8743510 2026 01 14 08 14 54.67
0  -2440.26324   3034.36315   5871.83334  -2.0212601   6.1383270  -4.0090031 2026 01 14 08 15 14.67
0  -2479.95517   3156.49274   5790.32184  -1.9478136   6.0741146  -4.1418427 2026 01 14 08 15 34.67
0  -2518.17114   3277.30835   5706.17218  -1.8736720   6.0069323  -4.2728089 2026 01 14 08 15 54.67
0  -2554.89768   3396.75085   5619.42243  -1.7988773   5.9368081  -4.4018414 2026 01 14 08 16 14.67
0  -2590.12215   3514.76170   5530.11185  -1.7234717   5.8637713  -4.5288808 2026 01 14 08 16 34.67
0  -2623.83274   3631.28295   5438.28089  -1.6474978   5.7878529  -4.6538687 2026 01 14 08 16 54.67
0  -2656.01853   3746.25729   5343.97116  -1.5709981   5.7090853  -4.7767475 2026 01 14 08 17 14.67
0  -2686.66943   3859.62808   5247.22541  -1.4940157   5.6275021  -4.8974605 2026 01 14 08 17 34.67
0  -2715.77620   3971.33934   5148.08752  -1.4165934   5.5431388  -5.0159521 2026 01 14 08 17 54.67
0  -2743.33049   4081.33585   5046.60244  -1.3387743   5.4560320  -5.1321676 2026 01 14 08 18 14.67
0  -2769.32478   4189.56310   4942.81626  -1.2606017   5.3662197  -5.2460532 2026 01 14 08 18 34.67
0  -2793.75245   4295.96739   4836.77609  -1.1821188   5.2737415  -5.3575564 2026 01 14 08 18 54.67
0  -2816.60771   4400.49580   4728.53011  -1.1033690   5.1786383  -5.4666255 2026 01 14 08 19 14.67
0  -2837.88566   4503.09624   4618.12748  -1.0243955   5.0809522  -5.5732101 2026 01 14 08 19 34.67
0  -2857.58227   4603.71750   4505.61842  -0.9452419   4.9807269  -5.6772608 2026 01 14 08 19 54.67
0  -2875.69436   4702.30923   4391.05406  -0.8659513   4.8780073  -5.7787295 2026 01 14 08 20 14.67
0  -2892.21962   4798.82202   4274.48654  -0.7865671   4.7728396  -5.8775690 2026 01 14 08 20 34.67
0  -2907.15662   4893.20736   4155.96888  -0.7071325   4.6652713  -5.9737337 2026 01 14 08 20 54.67
0  -2920.50478   4985.41773   4035.55504  -0.6276906   4.5553513  -6.0671788 2026 01 14 08 21 14.67
0  -2932.26439   5075.40660   3913.29984  -0.5482844   4.4431294  -6.1578610 2026 01 14 08 21 34.67
0  -2942.43657   5163.12844   3789.25897  -0.4689568   4.3286571  -6.2457383 2026 01 14 08 21 54.67
0  -2951.02334   5248.53875   3663.48892  -0.3897505   4.2119867  -6.3307699 2026 01 14 08 22 14.67
0  -2958.02755   5331.59412   3536.04702  -0.3107079   4.0931718  -6.4129162 2026 01 14 08 22 34.67
0  -2963.45289   5412.25219   3406.99136  -0.2318713   3.9722672  -6.4921392 2026 01 14 08 22 54.67
0  -2967.30390   5490.47174   3276.38076  -0.1532828   3.8493289  -6.5684021 2026 01 14 08 23 14.67
0  -2969.58596   5566.21265   3144.27479  -0.0749843   3.7244137  -6.6416695 2026 01 14 08 23 34.67
0  -2970.30530   5639.43595   3010.73370   0.0029829   3.5975798  -6.7119073 2026 01 14 08 23 54.67
0  -2969.46894   5710.10388   2875.81841   0.0805776   3.4688861  -6.7790832 2026 01 14 08 24 14.67
0  -2967.08475   5778.17983   2739.59048   0.1577588   3.3383930  -6.8431658 2026 01 14 08 24 34.67
0  -2963.16140   5843.62841   2602.11207   0.2344860   3.2061613  -6.9041255 2026 01 14 08 24 54.67
0  -2957.70837   5906.41548   2463.44592   0.3107192   3.0722531  -6.9619341 2026 01 14 08 25 14.67
0  -2950.73595   5966.50814   2323.65532   0.3864185   2.9367313  -7.0165649 2026 01 14 08 25 34.67
0  -2942.25520   6023.87474   2182.80409   0.4615448   2.7996599  -7.0679926 2026 01 14 08 25 54.67
0  -2932.27798   6078.48495   2040.95653   0.5360591   2.6611034  -7.1161936 2026 01 14 08 26 14.67
0  -2920.81690   6130.30971   1898.17740   0.6099230   2.5211273  -7.1611455 2026 01 14 08 26 34.67
0  -2907.88536   6179.32129   1754.53189   0.6830986   2.3797980  -7.2028279 2026 01 14 08 26 54.67
0  -2893.49750   6225.49329   1610.08559   0.7555486   2.2371824  -7.2412215 2026 01 14 08 27 14.67
0  -2877.66820   6268.80067   1464.90444   0.8272361   2.0933483  -7.2763089 2026 01 14 08 27 34.67
0  -2860.41307   6309.21975   1319.05474   0.8981247   1.9483640  -7.3080741 2026 01 14 08 27 54.67
0  -2841.74845   6346.72819   1172.60308   0.9681787   1.8022987  -7.3365027 2026 01 14 08 28 14.67
0  -2821.69139   6381.30509   1025.61632   1.0373630   1.6552220  -7.3615819 2026 01 14 08 28 34.67
0  -2800.25962   6412.93091    878.16157   1.1056429   1.5072041  -7.3833005 2026 01 14 08 28 54.67
0  -2777.47158   6441.58754    730.30613   1.1729847   1.3583158  -7.4016489 2026 01 14 08 29 14.67
0  -2753.34636   6467.25828    582.11750   1.2393550   1.2086284  -7.4166191 2026 01 14 08 29 34.67
0  -2727.90371   6489.92786    433.66330   1.3047212   1.0582134  -7.4282046 2026 01 14 08 29 54.67
0  -2701.16405   6509.58246    285.01128   1.3690515   0.9071431  -7.4364008 2026 01 14 08 30 14.67
0  -2673.14840   6526.20969    136.22926   1.4323145   0.7554900  -7.4412045 2026 01 14 08 30 34.67
0  -2643.87842   6539.79863    -12.61489   1.4944799   0.6033268  -7.4426140 2026 01 14 08 30 54.67
0  -2613.37635   6550.33980   -161.45328   1.5555178   0.4507267  -7.4406294 2026 01 14 08 31 14.67
0  -2581.66504   6557.82520   -310.21805   1.6153992   0.2977631  -7.4352525 2026 01 14 08 31 34.67
0  -2548.76791   6562.24830   -458.84137   1.6740958   0.1445096  -7.4264864 2026 01 14 08 31 54.67
0  -2514.70891   6563.60403   -607.25552   1.7315803  -0.0089601  -7.4143361 2026 01 14 08 32 14.67
0  -2479.51258   6561.88882   -755.39286   1.7878259  -0.1625719  -7.3988080 2026 01 14 08 32 34.67
0  -2443.20394   6557.10056   -903.18593   1.8428067  -0.3162520  -7.3799103 2026 01 14 08 32 54.67
0  -2405.80854   6549.23863  -1050.56742   1.8964977  -0.4699261  -7.3576525 2026 01 14 08 33 14.67
0  -2367.35242   6538.30388  -1197.47023   1.9488746  -0.6235202  -7.3320459 2026 01 14 08 33 34.67
0  -2327.86210   6524.29867  -1343.82753   1.9999142  -0.7769602  -7.3031033 2026 01 14 08 33 54.67
0  -2287.36456   6507.22680  -1489.57272   2.0495937  -0.9301720  -7.2708393 2026 01 14 08 34 14.67
0  -2245.88721   6487.09360  -1634.63955   2.0978916  -1.0830818  -7.2352695 2026 01 14 08 34 34.67
0  -2203.45789   6463.90583  -1778.96206   2.1447871  -1.2356158  -7.1964117 2026 01 14 08 34 54.67
0  -2160.10486   6437.67175  -1922.47469   2.1902603  -1.3877003  -7.1542848 2026 01 14 08 35 14.67
0  -2115.85675   6408.40108  -2065.11225   2.2342921  -1.5392619  -7.1089093 2026 01 14 08 35 34.67
0  -2070.74257   6376.10502  -2206.81000   2.2768644  -1.6902274  -7.0603073 2026 01 14 08 35 54.67
0  -2024.79169   6340.79622  -2347.50362   2.3179600  -1.8405241  -7.0085023 2026 01 14 08 36 14.67
0  -1978.03380   6302.48877  -2487.12932   2.3575626  -1.9900793  -6.9535194 2026 01 14 08 36 34.67
0  -1930.49893   6261.19823  -2625.62380   2.3956568  -2.1388209  -6.8953850 2026 01 14 08 36 54.67
0  -1882.21738   6216.94160  -2762.92431   2.4322281  -2.2866772  -6.8341272 2026 01 14 08 37 14.67
0  -1833.21975   6169.73729  -2898.96866   2.4672630  -2.4335768  -6.7697751 2026 01 14 08 37 34.67
0  -1783.53689   6119.60515  -3033.69529   2.5007490  -2.5794489  -6.7023597 2026 01 14 08 37 54.67
0  -1733.19991   6066.56643  -3167.04324   2.5326742  -2.7242230  -6.6319131 2026 01 14 08 38 14.67
0  -1682.24012   6010.64378  -3298.95221   2.5630281  -2.8678295  -6.5584688 2026 01 14 08 38 34.67
0  -1630.68906   5951.86126  -3429.36262   2.5918008  -3.0101992  -6.4820617 2026 01 14 08 38 54.67
0  -1578.57843   5890.24429  -3558.21555   2.6189834  -3.1512633  -6.4027280 2026 01 14 08 39 14.67
0  -1525.94012   5825.81966  -3685.45286   2.6445680  -3.2909540  -6.3205053 2026 01 14 08 39 34.67
0  -1472.80616   5758.61552  -3811.01714   2.6685478  -3.4292041  -6.2354323 2026 01 14 08 39 54.67
0  -1419.20871   5688.66133  -3934.85180   2.6909165  -3.5659469  -6.1475492 2026 01 14 08 40 14.67
0  -1365.18003   5615.98791  -4056.90104   2.7116693  -3.7011166  -6.0568973 2026 01 14 08 40 34.67
0  -1310.75251   5540.62737  -4177.10991   2.7308019  -3.8346483  -5.9635192 2026 01 14 08 40 54.67
0  -1255.95856   5462.61312  -4295.42432   2.7483111  -3.9664777  -5.8674585 2026 01 14 08 41 14.67
0  -1200.83068   5381.97982  -4411.79106   2.7641946  -4.0965414  -5.7687602 2026 01 14 08 41 34.67
0  -1145.40140   5298.76344  -4526.15785   2.7784512  -4.2247769  -5.6674704 2026 01 14 08 41 54.67
0  -1089.70327   5213.00114  -4638.47333   2.7910803  -4.3511226  -5.5636363 2026 01 14 08 42 14.67
0  -1033.76883   5124.73132  -4748.68708   2.8020826  -4.4755178  -5.4573061 2026 01 14 08 42 34.67
0   -977.63060   5033.99361  -4856.74969   2.8114593  -4.5979027  -5.3485292 2026 01 14 08 42 54.67
0   -921.32108   4940.82879  -4962.61271   2.8192130  -4.7182186  -5.2373560 2026 01 14 08 43 14.67
0   -864.87268   4845.27881  -5066.22874   2.8253467  -4.8364078  -5.1238380 2026 01 14 08 43 34.67
0   -808.31778   4747.38680  -5167.55140   2.8298647  -4.9524134  -5.0080274 2026 01 14 08 43 54.67
0   -751.68863   4647.19697  -5266.53537   2.8327720  -5.0661799  -4.8899778 2026 01 14 08 44 14.67
0   -695.01740   4544.75465  -5363.13641   2.8340746  -5.1776526  -4.7697434 2026 01 14 08 44 34.67
0   -638.33611   4440.10626  -5457.31139   2.8337791  -5.2867780  -4.6473795 2026 01 14 08 44 54.67
0   -581.67664   4333.29926  -5549.01826   2.8318934  -5.3935037  -4.5229422 2026 01 14 08 45 14.67
0   -525.07072   4224.38217  -5638.21612   2.8284259  -5.4977786  -4.3964884 2026 01 14 08 45 34.67
0   -468.54989   4113.40450  -5724.86523   2.8233860  -5.5995525  -4.2680760 2026 01 14 08 45 54.67
0   -412.14549   4000.41676  -5808.92700   2.8167840  -5.6987766  -4.1377635 2026 01 14 08 46 14.67
0   -355.88866   3885.47043  -5890.36401   2.8086309  -5.7954032  -4.0056104 2026 01 14 08 46 34.67
0   -299.81031   3768.61792  -5969.14006   2.7989386  -5.8893859  -3.8716767 2026 01 14 08 46 54.67
0   -243.94109   3649.91257  -6045.22013   2.7877198  -5.9806794  -3.7360232 2026 01 14 08 47 14.67
0   -188.31139   3529.40859  -6118.57045   2.7749880  -6.0692399  -3.5987116 2026 01 14 08 47 34.67
0   -132.95134   3407.16108  -6189.15847   2.7607574  -6.1550248  -3.4598040 2026 01 14 08 47 54.67
0    -77.89077   3283.22597  -6256.95290   2.7450432  -6.2379926  -3.3193632 2026 01 14 08 48 14.67
0    -23.15918   3157.65999  -6321.92371   2.7278611  -6.3181033  -3.1774526 2026 01 14 08 48 34.67
0     31.21423   3030.52069  -6384.04214   2.7092278  -6.3953182  -3.0341363 2026 01 14 08 48 54.67
0     85.20060   2901.86634  -6443.28072   2.6891605  -6.4695999  -2.8894788 2026 01 14 08 49 14.67
0    138.77144   2771.75598  -6499.61327   2.6676774  -6.5409125  -2.7435451 2026 01 14 08 49 34.67
0    191.89862   2640.24934  -6553.01493   2.6447971  -6.6092213  -2.5964009 2026 01 14 08 49 54.67
0    244.55438   2507.40683  -6603.46214   2.6205391  -6.6744930  -2.4481121 2026 01 14 08 50 14.67
0    296.71137   2373.28951  -6650.93268   2.5949235  -6.7366959  -2.2987453 2026 01 14 08 50 34.67
0    348.34265   2237.95907  -6695.40565   2.5679713  -6.7957994  -2.1483673 2026 01 14 08 50 54.67
0    399.42170   2101.47778  -6736.86150   2.5397038  -6.8517745  -1.9970453 2026 01 14 08 51 14.67
0    449.92243   1963.90850  -6775.28202   2.5101432  -6.9045936  -1.8448471 2026 01 14 08 51 34.67
0    499.81921   1825.31460  -6810.65037   2.4793123  -6.9542307  -1.6918404 2026 01 14 08 51 54.67
0    549.08686   1685.75997  -6842.95106   2.4472343  -7.0006609  -1.5380936 2026 01 14 08 52 14.67
0    597.70068   1545.30900  -6872.16996   2.4139333  -7.0438610  -1.3836752 2026 01 14 08 52 34.67
0    645.63646   1404.02650  -6898.29434   2.3794339  -7.0838094  -1.2286538 2026 01 14 08 52 54.67
0    692.87047   1261.97771  -6921.31283   2.3437611  -7.1204856  -1.0730986 2026 01 14 08 53 14.67
0    739.37950   1119.22827  -6941.21543   2.3069405  -7.1538708  -0.9170785 2026 01 14 08 53 34.67
0    785.14086    975.84418  -6957.99354   2.2689986  -7.1839478  -0.7606630 2026 01 14 08 53 54.67
0    830.13239    831.89175  -6971.63995   2.2299618  -7.2107007  -0.6039215 2026 01 14 08 54 14.67
0    874.33246    687.43762  -6982.14883   2.1898576  -7.2341153  -0.4469234 2026 01 14 08 54 34.67
0    917.72000    542.54869  -6989.51575   2.1487135  -7.2541786  -0.2897386 2026 01 14 08 54 54.67
0    960.27449    397.29210  -6993.73766   2.1065579  -7.2708795  -0.1324366 2026 01 14 08 55 14.67
0   1001.97599    251.73520  -6994.81292   2.0634194  -7.2842081   0.0249129 2026 01 14 08 55 34.67
0   1042.80514    105.94551  -6992.74129   2.0193271  -7.2941562   0.1822400 2026 01 14 08 55 54.67
0   1082.74314    -40.00927  -6987.52389   1.9743104  -7.3007171   0.3394753 2026 01 14 08 56 14.67
0   1121.77181   -186.06135  -6979.16326   1.9283994  -7.3038855   0.4965490 2026 01 14 08 56 34.67
0   1159.87356   -332.14285  -6967.66334   1.8816243  -7.3036580   0.6533916 2026 01 14 08 56 54.67
0   1197.03142   -478.18580  -6953.02944   1.8340159  -7.3000322   0.8099337 2026 01 14 08 57 14.67
0   1233.22904   -624.12225  -6935.26826   1.7856052  -7.2930077   0.9661060 2026 01 14 08 57 34.67
0   1268.45068   -769.88423  -6914.38788   1.7364235  -7.2825855   1.1218393 2026 01 14 08 57 54.67
0   1302.68123   -915.40379  -6890.39779   1.6865026  -7.2687679   1.2770647 2026 01 14 08 58 14.67
0   1335.90623  -1060.61308  -6863.30882   1.6358746  -7.2515592   1.4317136 2026 01 14 08 58 34.67
0   1368.11187  -1205.44431  -6833.13319   1.5845716  -7.2309648   1.5857173 2026 01 14 08 58 54.67
0   1399.28496  -1349.82984  -6799.88449   1.5326262  -7.2069918   1.7390078 2026 01 14 08 59 14.67
0   1429.41299  -1493.70219  -6763.57766   1.4800714  -7.1796490   1.8915171 2026 01 14 08 59 34.67
0   1458.48410  -1636.99406  -6724.22901   1.4269401  -7.1489466   2.0431776 2026 01 14 08 59 54.67
0   1486.48709  -1779.63836  -6681.85618   1.3732656  -7.1148963   2.1939221 2026 01 14 09 00 14.67
0   1513.41143  -1921.56827  -6636.47816   1.3190813  -7.0775113   2.3436836 2026 01 14 09 00 34.67
0   1539.24727  -2062.71724  -6588.11528   1.2644209  -7.0368065   2.4923959 2026 01 14 09 00 54.67
0   1563.98541  -2203.01904  -6536.78919   1.2093183  -6.9927982   2.6399928 2026 01 14 09 01 14.67
0   1587.61735  -2342.40776  -6482.52285   1.1538073  -6.9455042   2.7864087 2026 01 14 09 01 34.67
0   1610.13527  -2480.81789  -6425.34054   1.0979221  -6.8949439   2.9315786 2026 01 14 09 01 54.67
0   1631.53202  -2618.18431  -6365.26781   1.0416968  -6.8411383   3.0754379 2026 01 14 09 02 14.67
0   1651.80115  -2754.44233  -6302.33154   0.9851657  -6.7841096   3.2179225 2026 01 14 09 02 34.67
0   1670.93688  -2889.52772  -6236.55983   0.9283631  -6.7238817   3.3589691 2026 01 14 09 02 54.67
0   1688.93412  -3023.37675  -6167.98210   0.8713234  -6.6604801   3.4985146 2026 01 14 09 03 14.67
0   1705.78848  -3155.92622  -6096.62899   0.8140811  -6.5939316   3.6364968 2026 01 14 09 03 34.67
0   1721.49625  -3287.11346  -6022.53238   0.7566706  -6.5242646   3.7728541 2026 01 14 09 03 54.67
0   1736.05441  -3416.87641  -5945.72537   0.6991264  -6.4515088   3.9075254 2026 01 14 09 04 14.67
0   1749.46064  -3545.15359  -5866.24231   0.6414829  -6.3756955   4.0404507 2026 01 14 09 04 34.67
0   1761.71328  -3671.88418  -5784.11869   0.5837744  -6.2968574   4.1715702 2026 01 14 09 04 54.67
0   1772.81139  -3797.00802  -5699.39124   0.5260352  -6.2150286   4.3008252 2026 01 14 09 05 14.67
0   1782.75469  -3920.46566  -5612.09783   0.4682997  -6.1302448   4.4281576 2026 01 14 09 05 34.67
0   1791.54360  -4042.19836  -5522.27747   0.4106020  -6.0425430   4.5535103 2026 01 14 09 05 54.67
0   1799.17921  -4162.14814  -5429.97033   0.3529762  -5.9519614   4.6768267 2026 01 14 09 06 14.67
0   1805.66331  -4280.25781  -5335.21770   0.2954560  -5.8585399   4.7980515 2026 01 14 09 06 34.67
0   1810.99834  -4396.47098  -5238.06196   0.2380754  -5.7623196   4.9171297 2026 01 14 09 06 54.67
0   1815.18743  -4510.73209  -5138.54657   0.1808678  -5.6633430   5.0340078 2026 01 14 09 07 14.67
0   1818.23438  -4622.98645  -5036.71608   0.1238667  -5.5616540   5.1486328 2026 01 14 09 07 34.67
0   1820.14365  -4733.18027  -4932.61607   0.0671054  -5.4572978   5.2609528 2026 01 14 09 07 54.67
0   1820.92036  -4841.26067  -4826.29314   0.0106167  -5.3503207   5.3709169 2026 01 14 09 08 14.67
0   1820.57030  -4947.17570  -4717.79492  -0.0455666  -5.2407706   5.4784751 2026 01 14 09 08 34.67
0   1819.09990  -5050.87439  -4607.17001  -0.1014120  -5.1286966   5.5835786 2026 01 14 09 08 54.67
0   1816.51624  -5152.30678  -4494.46800  -0.1568874  -5.0141488   5.6861795 2026 01 14 09 09 14.67
0   1812.82704  -5251.42389  -4379.73941  -0.2119607  -4.8971788   5.7862310 2026 01 14 09 09 34.67
0   1808.04066  -5348.17781  -4263.03567  -0.2666004  -4.7778394   5.8836873 2026 01 14 09 09 54.67
0   1802.16608  -5442.52169  -4144.40915  -0.3207753  -4.6561845   5.9785040 2026 01 14 09 10 14.67
0   1795.21292  -5534.40977  -4023.91308  -0.3744544  -4.5322692   6.0706376 2026 01 14 09 10 34.67
0   1787.19138  -5623.79741  -3901.60153  -0.4276071  -4.4061496   6.1600458 2026 01 14 09 10 54.67
0   1778.11231  -5710.64109  -3777.52943  -0.4802034  -4.2778832   6.2466875 2026 01 14 09 11 14.67
0   1767.98713  -5794.89845  -3651.75251  -0.5322134  -4.1475285   6.3305228 2026 01 14 09 11 34.67
0   1756.82786  -5876.52833  -3524.32729  -0.5836078  -4.0151448   6.4115131 2026 01 14 09 11 54.67
0   1744.64711  -5955.49076  -3395.31104  -0.6343576  -3.8807929   6.4896210 2026 01 14 09 12 14.67
0   1731.45804  -6031.74698  -3264.76178  -0.6844344  -3.7445342   6.5648104 2026 01 14 09 12 34.67
0   1717.27440  -6105.25948  -3132.73822  -0.7338102  -3.6064314   6.6370463 2026 01 14 09 12 54.67
0   1702.11050  -6175.99202  -2999.29978  -0.7824573  -3.4665480   6.7062953 2026 01 14 09 13 14.67
0   1685.98116  -6243.90963  -2864.50651  -0.8303489  -3.3249485   6.7725251 2026 01 14 09 13 34.67
0   1668.90177  -6308.97863  -2728.41911  -0.8774584  -3.1816982   6.8357048 2026 01 14 09 13 54.67
0   1650.88824  -6371.16669  -2591.09887  -0.9237597  -3.0368634   6.8958050 2026 01 14 09 14 14.67
0   1631.95697  -6430.44277  -2452.60768  -0.9692275  -2.8905112   6.9527974 2026 01 14 09 14 34.67
0   1612.12489  -6486.77720  -2313.00795  -1.0138368  -2.7427095   7.0066554 2026 01 14 09 14 54.67
0   1591.40942  -6540.14169  -2172.36262  -1.0575634  -2.5935270   7.0573536 2026 01 14 09 15 14.67
0   1569.82845  -6590.50932  -2030.73515  -1.1003834  -2.4430331   7.1048681 2026 01 14 09 15 34.67
0   1547.40034  -6637.85454  -1888.18941  -1.1422737  -2.2912979   7.1491764 2026 01 14 09 15 54.67
0   1524.14391  -6682.15326  -1744.78976  -1.1832118  -2.1383924   7.1902574 2026 01 14 09 16 14.67
0   1500.07843  -6723.38276  -1600.60093  -1.2231758  -1.9843879   7.2280917 2026 01 14 09 16 34.67
0   1475.22358  -6761.52180  -1455.68805  -1.2621445  -1.8293566   7.2626612 2026 01 14 09 16 54.67
0   1449.59949  -6796.55057  -1310.11656  -1.3000972  -1.6733711   7.2939491 2026 01 14 09 17 14.67
0   1423.22668  -6828.45071  -1163.95226  -1.3370139  -1.5165046   7.3219406 2026 01 14 09 17 34.67
0   1396.12605  -6857.20533  -1017.26122  -1.3728755  -1.3588308   7.3466218 2026 01 14 09 17 54.67
0   1368.31890  -6882.79904   -870.10976  -1.4076632  -1.2004240   7.3679808 2026 01 14 09 18 14.67
0   1339.82689  -6905.21792   -722.56443  -1.4413592  -1.0413586   7.3860070 2026 01 14 09 18 34.67
0   1310.67201  -6924.44954   -574.69198  -1.4739463  -0.8817097   7.4006914 2026 01 14 09 18 54.67
0   1280.87662  -6940.48299   -426.55933  -1.5054081  -0.7215526   7.4120264 2026 01 14 09 19 14.67
0   1250.46338  -6953.30887   -278.23352  -1.5357286  -0.5609631   7.4200063 2026 01 14 09 19 34.67
0   1219.45527  -6962.91927   -129.78169  -1.5648931  -0.4000170   7.4246264 2026 01 14 09 19 54.67
0   1187.87555  -6969.30783     18.72891  -1.5928870  -0.2387906   7.4258840 2026 01 14 09 20 14.67
0   1155.74777  -6972.46971    167.23104  -1.6196970  -0.0773601   7.4237778 2026 01 14 09 20 34.67
0   1123.09573  -6972.40159    315.65741  -1.6453103   0.0841977   7.4183081 2026 01 14 09 20 54.67
0   1089.94350  -6969.10168    463.94077  -1.6697148   0.2458063   7.4094766 2026 01 14 09 21 14.67
0   1056.31535  -6962.56975    612.01392  -1.6928993   0.4073890   7.3972868 2026 01 14 09 21 34.67
0   1022.23580  -6952.80707    759.80973  -1.7148533   0.5688688   7.3817435 2026 01 14 09 21 54.67
0    987.72956  -6939.81648    907.26121  -1.7355672   0.7301690   7.3628533 2026 01 14 09 22 14.67
0    952.82151  -6923.60232   1054.30149  -1.7550320   0.8912129   7.3406242 2026 01 14 09 22 34.67
0    917.53672  -6904.17049   1200.86388  -1.7732397   1.0519237   7.3150657 2026 01 14 09 22 54.67
0    881.90040  -6881.52842   1346.88190  -1.7901829   1.2122249   7.2861890 2026 01 14 09 23 14.67
0    845.93792  -6855.68507   1492.28933  -1.8058551   1.3720401   7.2540068 2026 01 14 09 23 34.67
0    809.67475  -6826.65091   1637.02018  -1.8202507   1.5312929   7.2185332 2026 01 14 09 23 54.67
0    773.13647  -6794.43796   1781.00879  -1.8333647   1.6899074   7.1797841 2026 01 14 09 24 14.67
0    736.34876  -6759.05973   1924.18981  -1.8451930   1.8478079   7.1377765 2026 01 14 09 24 34.67
0    699.33736  -6720.53127   2066.49826  -1.8557323   2.0049190   7.0925294 2026 01 14 09 24 54.67
0    662.12809  -6678.86910   2207.86955  -1.8649802   2.1611656   7.0440629 2026 01 14 09 25 14.67
0    624.74678  -6634.09126   2348.23950  -1.8729349   2.3164729   6.9923987 2026 01 14 09 25 34.67
0    587.21931  -6586.21729   2487.54440  -1.8795956   2.4707668   6.9375603 2026 01 14 09 25 54.67
0    549.57157  -6535.26819   2625.72100  -1.8849622   2.6239735   6.8795721 2026 01 14 09 26 14.67
0    511.82942  -6481.26644   2762.70656  -1.8890355   2.7760196   6.8184604 2026 01 14 09 26 34.67
0    474.01873  -6424.23597   2898.43889  -1.8918169   2.9268324   6.7542528 2026 01 14 09 26 54.67
0    436.16530  -6364.20218   3032.85636  -1.8933090   3.0763397   6.6869782 2026 01 14 09 27 14.67
0    398.29490  -6301.19189   3165.89792  -1.8935146   3.2244699   6.6166672 2026 01 14 09 27 34.67
0    360.43321  -6235.23335   3297.50317  -1.8924380   3.3711521   6.5433515 2026 01 14 09 27 54.67
0    322.60584  -6166.35622   3427.61235  -1.8900836   3.5163161   6.4670645 2026 01 14 09 28 14.67
0    284.83828  -6094.59157   3556.16636  -1.8864571   3.6598923   6.3878405 2026 01 14 09 28 34.67
0    247.15591  -6019.97184   3683.10682  -1.8815648   3.8018120   6.3057157 2026 01 14 09 28 54.67
0    209.58399  -5942.53084   3808.37609  -1.8754137   3.9420072   6.2207272 2026 01 14 09 29 14.67
0    172.14761  -5862.30373   3931.91728  -1.8680117   4.0804107   6.1329136 2026 01 14 09 29 34.67
0    134.87171  -5779.32701   4053.67428  -1.8593673   4.2169561   6.0423147 2026 01 14 09 29 54.67
0     97.78103  -5693.63850   4173.59180  -1.8494900   4.3515781   5.9489718 2026 01 14 09 30 14.67
0     60.90015  -5605.27732   4291.61536  -1.8383898   4.4842122   5.8529271 2026 01 14 09 30 34.67
0     24.25341  -5514.28386   4407.69138  -1.8260776   4.6147947   5.7542242 2026 01 14 09 30 54.67
0    -12.13507  -5420.69977   4521.76713  -1.8125650   4.7432631   5.6529081 2026 01 14 09 31 14.67
0    -48.24140  -5324.56796   4633.79081  -1.7978643   4.8695559   5.5490246 2026 01 14 09 31 34.67
0    -84.04194  -5225.93255   4743.71154  -1.7819885   4.9936123   5.4426209 2026 01 14 09 31 54.67
0   -119.51333  -5124.83886   4851.47939  -1.7649514   5.1153731   5.3337454 2026 01 14 09 32 14.67
0   -154.63249  -5021.33339   4957.04542  -1.7467673   5.2347798   5.2224474 2026 01 14 09 32 34.67
0   -189.37662  -4915.46380   5060.36168  -1.7274515   5.3517751   5.1087774 2026 01 14 09 32 54.67
0   -223.72325  -4807.27887   5161.38124  -1.7070197   5.4663030   4.9927871 2026 01 14 09 33 14.67
0   -257.65022  -4696.82851   5260.05823  -1.6854883   5.5783085   4.8745289 2026 01 14 09 33 34.67
0   -291.13571  -4584.16371   5356.34782  -1.6628745   5.6877378   4.7540566 2026 01 14 09 33 54.67
0   -324.15825  -4469.33651   5450.20627  -1.6391961   5.7945386   4.6314248 2026 01 14 09 34 14.67
0   -356.69673  -4352.40001   5541.59095  -1.6144714   5.8986594   4.5066890 2026 01 14 09 34 34.67
0   -388.73040  -4233.40830   5630.46033  -1.5887194   6.0000503   4.3799058 2026 01 14 09 34 54.67
0   -420.23893  -4112.41647   5716.77405  -1.5619598   6.0986627   4.2511325 2026 01 14 09 35 14.67
0   -451.20236  -3989.48057   5800.49289  -1.5342127   6.1944492   4.1204276 2026 01 14 09 35 34.67
0   -481.60114  -3864.65758   5881.57879  -1.5054990   6.2873636   3.9878502 2026 01 14 09 35 54.67
0   -511.41615  -3738.00539   5959.99491  -1.4758399   6.3773614   3.8534603 2026 01 14 09 36 14.67
0   -540.62871  -3609.58277   6035.70561  -1.4452574   6.4643993   3.7173186 2026 01 14 09 36 34.67
0   -569.22058  -3479.44935   6108.67647  -1.4137740   6.5484352   3.5794869 2026 01 14 09 36 54.67
0   -597.17395  -3347.66555   6178.87431  -1.3814125   6.6294289   3.4400275 2026 01 14 09 37 14.67
0   -624.47151  -3214.29263   6246.26720  -1.3481965   6.7073412   3.2990033 2026 01 14 09 37 34.67
0   -651.09640  -3079.39259   6310.82448  -1.3141499   6.7821345   3.1564782 2026 01 14 09 37 54.67
0   -677.03225  -2943.02818   6372.51678  -1.2792971   6.8537727   3.0125165 2026 01 14 09 38 14.67
0   -702.26319  -2805.26284   6431.31601  -1.2436631   6.9222211   2.8671833 2026 01 14 09 38 34.67
0   -726.77384  -2666.16071   6487.19542  -1.2072732   6.9874467   2.7205443 2026 01 14 09 38 54.67
0   -750.54935  -2525.78657   6540.12953  -1.1701533   7.0494177   2.5726656 2026 01 14 09 39 14.67
0   -773.57538  -2384.20580   6590.09422  -1.1323294   7.1081041   2.4236142 2026 01 14 09 39 34.67
0   -795.83811  -2241.48438   6637.06671  -1.0938282   7.1634773   2.2734572 2026 01 14 09 39 54.67
0   -817.32426  -2097.68887   6681.02557  -1.0546767   7.2155103   2.1222624 2026 01 14 09 40 14.67
0   -838.02111  -1952.88631   6721.95072  -1.0149023   7.2641777   1.9700982 2026 01 14 09 40 34.67
0   -857.91646  -1807.14426   6759.82346  -0.9745326   7.3094555   1.8170331 2026 01 14 09 40 54.67
0   -876.99870  -1660.53074   6794.62647  -0.9335956   7.3513216   1.6631363 2026 01 14 09 41 14.67
0   -895.25676  -1513.11419   6826.34380  -0.8921198   7.3897552   1.5084772 2026 01 14 09 41 34.67
0   -912.68015  -1364.96346   6854.96091  -0.8501338   7.4247372   1.3531257 2026 01 14 09 41 54.67
0   -929.25896  -1216.14775   6880.46464  -0.8076664   7.4562502   1.1971518 2026 01 14 09 42 14.67
0   -944.98385  -1066.73661   6902.84326  -0.7647470   7.4842783   1.0406259 2026 01 14 09 42 34.67
0   -959.84607   -916.79987   6922.08643  -0.7214049   7.5088074   0.8836187 2026 01 14 09 42 54.67
0   -973.83746   -766.40766   6938.18524  -0.6776699   7.5298248   0.7262010 2026 01 14 09 43 14.67
0   -986.95047   -615.63030   6951.13218  -0.6335717   7.5473196   0.5684439 2026 01 14 09 43 34.67
0   -999.17814   -464.53836   6960.92119  -0.5891406   7.5612826   0.4104187 2026 01 14 09 43 54.67
0  -1010.51410   -313.20253   6967.54760  -0.5444067   7.5717060   0.2521968 2026 01 14 09 44 14.67
0  -1020.95260   -161.69369   6971.00821  -0.4994005   7.5785840   0.0938495 2026 01 14 09 44 34.67
0  -1030.48851    -10.08278   6971.30122  -0.4541525   7.5819122  -0.0645516 2026 01 14 09 44 54.67
0  -1039.11730    141.55917   6968.42627  -0.4086935   7.5816879  -0.2229349 2026 01 14 09 45 14.67
0  -1046.83504    293.16111   6962.38443  -0.3630541   7.5779103  -0.3812287 2026 01 14 09 45 34.67
0  -1053.63845    444.65196   6953.17821  -0.3172653   7.5705799  -0.5393616 2026 01 14 09 45 54.67
0  -1059.52485    595.96070   6940.81154  -0.2713580   7.5596991  -0.6972619 2026 01 14 09 46 14.67
0  -1064.49217    747.01635   6925.28980  -0.2253631   7.5452720  -0.8548583 2026 01 14 09 46 34.67
0  -1068.53897    897.74805   6906.61976  -0.1793118   7.5273043  -1.0120793 2026 01 14 09 46 54.67
0  -1071.66444   1048.08504   6884.80966  -0.1332350   7.5058032  -1.1688537 2026 01 14 09 47 14.67
0  -1073.86837   1197.95676   6859.86913  -0.0871638   7.4807779  -1.3251106 2026 01 14 09 47 34.67
0  -1075.15119   1347.29283   6831.80923  -0.0411292   7.4522390  -1.4807790 2026 01 14 09 47 54.67
0  -1075.51393   1496.02308   6800.64244   0.0048379   7.4201990  -1.6357884 2026 01 14 09 48 14.67
0  -1074.95827   1644.07765   6766.38265   0.0507066   7.3846717  -1.7900684 2026 01 14 09 48 34.67
0  -1073.48647   1791.38693   6729.04513   0.0964461   7.3456729  -1.9435489 2026 01 14 09 48 54.67
0  -1071.10142   1937.88167   6688.64659   0.1420255   7.3032200  -2.0961603 2026 01 14 09 49 14.67
0  -1067.80664   2083.49297   6645.20509   0.1874145   7.2573318  -2.2478330 2026 01 14 09 49 34.67
0  -1063.60623   2228.15234   6598.74010   0.2325823   7.2080290  -2.3984982 2026 01 14 09 49 54.67
0  -1058.50493   2371.79169   6549.27245   0.2774988   7.1553338  -2.5480872 2026 01 14 09 50 14.67
0  -1052.50806   2514.34342   6496.82436   0.3221338   7.0992701  -2.6965319 2026 01 14 09 50 34.67
0  -1045.62156   2655.74041   6441.41938   0.3664573   7.0398633  -2.8437646 2026 01 14 09 50 54.67
0  -1037.85194   2795.91606   6383.08243   0.4104396   6.9771406  -2.9897181 2026 01 14 09 51 14.67
0  -1029.20633   2934.80435   6321.83975   0.4540511   6.9111305  -3.1343259 2026 01 14 09 51 34.67
0  -1019.69244   3072.33982   6257.71893   0.4972626   6.8418635  -3.2775218 2026 01 14 09 51 54.67
0  -1009.31855   3208.45766   6190.74885   0.5400450   6.7693713  -3.4192404 2026 01 14 09 52 14.67
0   -998.09355   3343.09368   6120.95971   0.5823697   6.6936872  -3.5594168 2026 01 14 09 52 34.67
0   -986.02686   3476.18440   6048.38299   0.6242080   6.6148464  -3.6979870 2026 01 14 09 52 54.67
0   -973.12850   3607.66705   5973.05146   0.6655320   6.5328851  -3.8348873 2026 01 14 09 53 14.67
0   -959.40903   3737.47960   5894.99914   0.7063138   6.4478416  -3.9700550 2026 01 14 09 53 34.67
0   -944.87958   3865.56078   5814.26131   0.7465260   6.3597552  -4.1034280 2026 01 14 09 53 54.67
0   -929.55179   3991.85016   5730.87446   0.7861415   6.2686669  -4.2349453 2026 01 14 09 54 14.67
0   -913.43789   4116.28811   5644.87633   0.8251335   6.1746193  -4.3645461 2026 01 14 09 54 34.67
0   -896.55059   4238.81589   5556.30583   0.8634757   6.0776563  -4.4921711 2026 01 14 09 54 54.67
0   -878.90316   4359.37564   5465.20307   0.9011424   5.9778232  -4.6177614 2026 01 14 09 55 14.67
0   -860.50936   4477.91041   5371.60933   0.9381080   5.8751668  -4.7412592 2026 01 14 09 55 34.67
0   -841.38346   4594.36424   5275.56702   0.9743474   5.7697353  -4.8626076 2026 01 14 09 55 54.67
0   -821.54024   4708.68210   5177.11970   1.0098363   5.6615783  -4.9817505 2026 01 14 09 56 14.67
0   -800.99494   4820.80999   5076.31202   1.0445504   5.5507466  -5.0986331 2026 01 14 09 56 34.67
0   -779.76330   4930.69493   4973.18973   1.0784663   5.4372926  -5.2132012 2026 01 14 09 56 54.67
0   -757.86151   5038.28503   4867.79966   1.1115609   5.3212697  -5.3254021 2026 01 14 09 57 14.67
0   -735.30623   5143.52943   4760.18966   1.1438117   5.2027329  -5.4351837 2026 01 14 09 57 34.67
0   -712.11454   5246.37842   4650.40863   1.1751966   5.0817381  -5.5424953 2026 01 14 09 57 54.67
0   -688.30400   5346.78342   4538.50647   1.2056943   4.9583428  -5.6472873 2026 01 14 09 58 14.67
0   -663.89254   5444.69699   4424.53406   1.2352838   4.8326054  -5.7495110 2026 01 14 09 58 34.67
0   -638.89854   5540.07289   4308.54325   1.2639450   4.7045857  -5.8491191 2026 01 14 09 58 54.67
0   -613.34076   5632.86607   4190.58680   1.2916580   4.5743446  -5.9460655 2026 01 14 09 59 14.67
0   -587.23836   5723.03273   4070.71840   1.3184039   4.4419440  -6.0403051 2026 01 14 09 59 34.67
0   -560.61086   5810.53030   3948.99263   1.3441642   4.3074470  -6.1317943 2026 01 14 09 59 54.67
0   -533.47816   5895.31750   3825.46492   1.3689211   4.1709178  -6.2204906 2026 01 14 10 00 14.67
0   -505.86049   5977.35433   3700.19155   1.3926574   4.0324214  -6.3063529 2026 01 14 10 00 34.67
0   -477.77844   6056.60210   3573.22959   1.4153566   3.8920242  -6.3893412 2026 01 14 10 00 54.67
0   -449.25291   6133.02347   3444.63691   1.4370029   3.7497931  -6.4694172 2026 01 14 10 01 14.67
0   -420.30510   6206.58244   3314.47214   1.4575811   3.6057963  -6.5465435 2026 01 14 10 01 34.67
0   -390.95653   6277.24438   3182.79463   1.4770767   3.4601028  -6.6206845 2026 01 14 10 01 54.67
0   -361.22899   6344.97605   3049.66443   1.4954760   3.3127822  -6.6918057 2026 01 14 10 02 14.67
0   -331.14453   6409.74562   2915.14226   1.5127658   3.1639054  -6.7598741 2026 01 14 10 02 34.67
0   -300.72547   6471.52267   2779.28952   1.5289340   3.0135436  -6.8248582 2026 01 14 10 02 54.67
0   -269.99436   6530.27823   2642.16817   1.5439688   2.8617692  -6.8867278 2026 01 14 10 03 14.67
0   -238.97398   6585.98477   2503.84081   1.5578594   2.7086549  -6.9454544 2026 01 14 10 03 34.67
0   -207.68732   6638.61622   2364.37057   1.5705957   2.5542745  -7.0010108 2026 01 14 10 03 54.67
0   -176.15755   6688.14801   2223.82111   1.5821682   2.3987020  -7.0533712 2026 01 14 10 04 14.67
0   -144.40804   6734.55704   2082.25659   1.5925683   2.2420123  -7.1025116 2026 01 14 10 04 34.67
0   -112.46231   6777.82171   1939.74166   1.6017883   2.0842807  -7.1484094 2026 01 14 10 04 54.67
0    -80.34405   6817.92196   1796.34136   1.6098209   1.9255833  -7.1910434 2026 01 14 10 05 14.67
0    -48.07706   6854.83922   1652.12119   1.6166599   1.7659962  -7.2303940 2026 01 14 10 05 34.67
0    -15.68528   6888.55646   1507.14698   1.6222997   1.6055965  -7.2664433 2026 01 14 10 05 54.67
0     16.80726   6919.05822   1361.48494   1.6267356   1.4444612  -7.2991749 2026 01 14 10 06 14.67
0     49.37645   6946.33055   1215.20157   1.6299636   1.2826679  -7.3285740 2026 01 14 10 06 34.67
0     81.99809   6970.36107   1068.36365   1.6319804   1.1202946  -7.3546272 2026 01 14 10 06 54.67
0    114.64793   6991.13895    921.03822   1.6327838   0.9574194  -7.3773229 2026 01 14 10 07 14.67
0    147.30169   7008.65496    773.29254   1.6323721   0.7941206  -7.3966511 2026 01 14 10 07 34.67
0    179.93506   7022.90140    625.19404   1.6307445   0.6304769  -7.4126032 2026 01 14 10 07 54.67
0    212.52371   7033.87215    476.81033   1.6279009   0.4665670  -7.4251724 2026 01 14 10 08 14.67
0    245.04333   7041.56270    328.20910   1.6238422   0.3024697  -7.4343536 2026 01 14 10 08 34.67
0    277.46964   7045.97006    179.45817   1.6185699   0.1382639  -7.4401429 2026 01 14 10 08 54.67
0    309.77838   7047.09288     30.62540   1.6120865  -0.0259714  -7.4425384 2026 01 14 10 09 14.67
0    341.94536   7044.93134   -118.22134   1.6043949  -0.1901575  -7.4415397 2026 01 14 10 09 34.67
0    373.94646   7039.48722   -267.01417   1.5954993  -0.3542153  -7.4371480 2026 01 14 10 09 54.67
0    405.75764   7030.76387   -415.68525   1.5854043  -0.5180663  -7.4293661 2026 01 14 10 10 14.67
0    437.35497   7018.76622   -564.16682   1.5741154  -0.6816319  -7.4181984 2026 01 14 10 10 34.67
0    468.71463   7003.50076   -712.39122   1.5616390  -0.8448336  -7.4036509 2026 01 14 10 10 54.67
0    499.81294   6984.97554   -860.29093   1.5479820  -1.0075933  -7.3857312 2026 01 14 10 11 14.67
0    530.62637   6963.20020  -1007.79860   1.5331524  -1.1698331  -7.3644486 2026 01 14 10 11 34.67
0    561.13154   6938.18590  -1154.84706   1.5171588  -1.3314756  -7.3398139 2026 01 14 10 11 54.67
0    591.30528   6909.94536  -1301.36940   1.5000105  -1.4924434  -7.3118393 2026 01 14 10 12 14.67
0    621.12459   6878.49285  -1447.29897   1.4817177  -1.6526598  -7.2805389 2026 01 14 10 12 34.67
0    650.56667   6843.84416  -1592.56938   1.4622911  -1.8120483  -7.2459281 2026 01 14 10 12 54.67
0    679.60899   6806.01660  -1737.11461   1.4417425  -1.9705332  -7.2080239 2026 01 14 10 13 14.67
0    708.22920   6765.02902  -1880.86898   1.4200841  -2.1280390  -7.1668451 2026 01 14 10 13 34.67
0    736.40526   6720.90173  -2023.76718   1.3973291  -2.2844908  -7.1224116 2026 01 14 10 13 54.67
0    764.11536   6673.65656  -2165.74433   1.3734911  -2.4398145  -7.0747451 2026 01 14 10 14 14.67
0    791.33799   6623.31682  -2306.73602   1.3485847  -2.5939365  -7.0238687 2026 01 14 10 14 34.67
0    818.05192   6569.90726  -2446.67827   1.3226250  -2.7467838  -6.9698069 2026 01 14 10 14 54.67
0    844.23626   6513.45410  -2585.50765   1.2956279  -2.8982842  -6.9125860 2026 01 14 10 15 14.67
0    869.87042   6453.98501  -2723.16124   1.2676100  -3.0483662  -6.8522333 2026 01 14 10 15 34.67
0    894.93415   6391.52905  -2859.57670   1.2385884  -3.1969590  -6.7887778 2026 01 14 10 15 54.67
0    919.40756   6326.11671  -2994.69226   1.2085810  -3.3439929  -6.7222499 2026 01 14 10 16 14.67
0    943.27111   6257.77986  -3128.44681   1.1776063  -3.4893986  -6.6526813 2026 01 14 10 16 34.67
0    966.50564   6186.55175  -3260.77985   1.1456834  -3.6331081  -6.5801053 2026 01 14 10 16 54.67
0    989.09240   6112.46697  -3391.63159   1.1128320  -3.7750541  -6.5045562 2026 01 14 10 17 14.67
0   1011.01302   6035.56147  -3520.94290   1.0790725  -3.9151702  -6.4260699 2026 01 14 10 17 34.67
0   1032.24953   5955.87249  -3648.65543   1.0444258  -4.0533911  -6.3446836 2026 01 14 10 17 54.67
0   1052.78441   5873.43859  -3774.71155   1.0089134  -4.1896524  -6.2604357 2026 01 14 10 18 14.67
0   1072.60057   5788.29958  -3899.05443   0.9725575  -4.3238908  -6.1733660 2026 01 14 10 18 34.67
0   1091.68137   5700.49656  -4021.62803   0.9353805  -4.4560440  -6.0835153 2026 01 14 10 18 54.67
0   1110.01060   5610.07184  -4142.37717   0.8974057  -4.5860509  -5.9909260 2026 01 14 10 19 14.67
0   1127.57255   5517.06895  -4261.24750   0.8586567  -4.7138515  -5.8956413 2026 01 14 10 19 34.67
0   1144.35198   5421.53260  -4378.18555   0.8191577  -4.8393868  -5.7977060 2026 01 14 10 19 54.67
0   1160.33413   5323.50868  -4493.13877   0.7789334  -4.9625990  -5.6971656 2026 01 14 10 20 14.67
0   1175.50475   5223.04422  -4606.05553   0.7380090  -5.0834317  -5.5940671 2026 01 14 10 20 34.67
0   1189.85009   5120.18737  -4716.88514   0.6964100  -5.2018295  -5.4884585 2026 01 14 10 20 54.67
0   1203.35692   5014.98735  -4825.57789   0.6541625  -5.3177384  -5.3803888 2026 01 14 10 21 14.67
0   1216.01253   4907.49449  -4932.08505   0.6112929  -5.4311054  -5.2699081 2026 01 14 10 21 34.67
0   1227.80476   4797.76014  -5036.35892   0.5678281  -5.5418791  -5.1570674 2026 01 14 10 21 54.67
0   1238.72196   4685.83666  -5138.35281   0.5237955  -5.6500092  -5.0419191 2026 01 14 10 22 14.67
0   1248.75306   4571.77743  -5238.02111   0.4792227  -5.7554468  -4.9245160 2026 01 14 10 22 34.67
0   1257.88753   4455.63676  -5335.31925   0.4341376  -5.8581444  -4.8049124 2026 01 14 10 22 54.67
0   1266.11541   4337.46992  -5430.20377   0.3885687  -5.9580557  -4.6831631 2026 01 14 10 23 14.67
0   1273.42731   4217.33308  -5522.63233   0.3425447  -6.0551359  -4.5593241 2026 01 14 10 23 34.67
0   1279.81442   4095.28331  -5612.56367   0.2960944  -6.1493416  -4.4334520 2026 01 14 10 23 54.67
0   1285.26851   3971.37852  -5699.95773   0.2492474  -6.2406308  -4.3056043 2026 01 14 10 24 14.67
0   1289.78192   3845.67744  -5784.77557   0.2020330  -6.3289628  -4.1758396 2026 01 14 10 24 34.67
0   1293.34763   3718.23961  -5866.97943   0.1544812  -6.4142986  -4.0442168 2026 01 14 10 24 54.67
0   1295.95917   3589.12533  -5946.53276   0.1066220  -6.4966004  -3.9107960 2026 01 14 10 25 14.67
0   1297.61071   3458.39565  -6023.40020   0.0584857  -6.5758320  -3.7756377 2026 01 14 10 25 34.67
0   1298.29700   3326.11233  -6097.54761   0.0101029  -6.6519587  -3.6388033 2026 01 14 10 25 54.67
0   1298.01342   3192.33779  -6168.94209  -0.0384959  -6.7249471  -3.5003548 2026 01 14 10 26 14.67
0   1296.75595   3057.13511  -6237.55198  -0.0872797  -6.7947656  -3.3603547 2026 01 14 10 26 34.67
0   1294.52122   2920.56802  -6303.34687  -0.1362175  -6.8613838  -3.2188665 2026 01 14 10 26 54.67
0   1291.30645   2782.70079  -6366.29765  -0.1852782  -6.9247730  -3.0759538 2026 01 14 10 27 14.67
0   1287.10950   2643.59828  -6426.37646  -0.2344305  -6.9849061  -2.9316811 2026 01 14 10 27 34.67
0   1281.92884   2503.32588  -6483.55675  -0.2836429  -7.0417573  -2.7861133 2026 01 14 10 27 54.67
0   1275.76358   2361.94946  -6537.81327  -0.3328842  -7.0953025  -2.6393158 2026 01 14 10 28 14.67
0   1268.61348   2219.53538  -6589.12210  -0.3821227  -7.1455192  -2.4913546 2026 01 14 10 28 34.67
0   1260.47889   2076.15041  -6637.46060  -0.4313268  -7.1923863  -2.3422959 2026 01 14 10 28 54.67
0   1251.36082   1931.86175  -6682.80751  -0.4804651  -7.2358844  -2.1922066 2026 01 14 10 29 14.67
0   1241.26091   1786.73696  -6725.14287  -0.5295058  -7.2759955  -2.0411537 2026 01 14 10 29 34.67
0   1230.18142   1640.84395  -6764.44809  -0.5784173  -7.3127033  -1.8892048 2026 01 14 10 29 54.67
0   1218.12524   1494.25092  -6800.70592  -0.6271682  -7.3459931  -1.7364278 2026 01 14 10 30 14.67
0   1205.09592   1347.02639  -6833.90049  -0.6757267  -7.3758517  -1.5828907 2026 01 14 10 30 34.67
0   1191.09761   1199.23908  -6864.01728  -0.7240615  -7.4022674  -1.4286620 2026 01 14 10 30 54.67
0   1176.13509   1050.95796  -6891.04313  -0.7721412  -7.4252302  -1.2738104 2026 01 14 10 31 14.67
0   1160.21380    902.25218  -6914.96628  -0.8199344  -7.4447317  -1.1184047 2026 01 14 10 31 34.67
0   1143.33976    753.19104  -6935.77633  -0.8674098  -7.4607650  -0.9625142 2026 01 14 10 31 54.67
0   1125.51964    603.84395  -6953.46429  -0.9145365  -7.4733248  -0.8062079 2026 01 14 10 32 14.67
0   1106.76073    454.28043  -6968.02253  -0.9612835  -7.4824074  -0.6495554 2026 01 14 10 32 34.67
0   1087.07093    304.57004  -6979.44481  -1.0076200  -7.4880106  -0.4926262 2026 01 14 10 32 54.67
0   1066.45876    154.78239  -6987.72631  -1.0535154  -7.4901340  -0.3354899 2026 01 14 10 33 14.67
0   1044.93335      4.98706  -6992.86357  -1.0989394  -7.4887784  -0.1782161 2026 01 14 10 33 34.67
0   1022.50441   -144.74640  -6994.85455  -1.1438617  -7.4839466  -0.0208746 2026 01 14 10 33 54.67
0    999.18230   -294.34848  -6993.69857  -1.1882523  -7.4756426   0.1364650 2026 01 14 10 34 14.67
0    974.97793   -443.74981  -6989.39639  -1.2320816  -7.4638723   0.2937330 2026 01 14 10 34 34.67
0    949.90283   -592.88113  -6981.95012  -1.2753202  -7.4486428   0.4508596 2026 01 14 10 34 54.67
0    923.96912   -741.67334  -6971.36329  -1.3179387  -7.4299631   0.6077755 2026 01 14 10 35 14.67
0    897.18947   -890.05752  -6957.64082  -1.3599085  -7.4078435   0.7644110 2026 01 14 10 35 34.67
0    869.57715  -1037.96501  -6940.78899  -1.4012008  -7.3822960   0.9206969 2026 01 14 10 35 54.67
0    841.14599  -1185.32738  -6920.81550  -1.4417875  -7.3533341   1.0765640 2026 01 14 10 36 14.67
0    811.91038  -1332.07648  -6897.72942  -1.4816407  -7.3209728   1.2319433 2026 01 14 10 36 34.67
0    781.88528  -1478.14449  -6871.54118  -1.5207328  -7.2852287   1.3867659 2026 01 14 10 36 54.67
0    751.08617  -1623.46392  -6842.26260  -1.5590367  -7.2461199   1.5409635 2026 01 14 10 37 14.67
0    719.52909  -1767.96768  -6809.90688  -1.5965257  -7.2036659   1.6944676 2026 01 14 10 37 34.67
0    687.23059  -1911.58908  -6774.48856  -1.6331734  -7.1578879   1.8472103 2026 01 14 10 37 54.67
0    654.20778  -2054.26184  -6736.02354  -1.6689538  -7.1088085   1.9991239 2026 01 14 10 38 14.67
0    620.47824  -2195.92019  -6694.52910  -1.7038415  -7.0564518   2.1501411 2026 01 14 10 38 34.67
0    586.06008  -2336.49883  -6650.02381  -1.7378115  -7.0008432   2.3001948 2026 01 14 10 38 54.67
0    550.97191  -2475.93299  -6602.52763  -1.7708391  -6.9420100   2.4492185 2026 01 14 10 39 14.67
0    515.23282  -2614.15845  -6552.06182  -1.8029003  -6.8799805   2.5971461 2026 01 14 10 39 34.67
0    478.86236  -2751.11159  -6498.64895  -1.8339715  -6.8147847   2.7439118 2026 01 14 10 39 54.67
0    441.88058  -2886.72940  -6442.31291  -1.8640297  -6.7464541   2.8894505 2026 01 14 10 40 14.67
0    404.30795  -3020.94950  -6383.07891  -1.8930522  -6.6750213   3.0336973 2026 01 14 10 40 34.67
0    366.16542  -3153.71018  -6320.97342  -1.9210172  -6.6005206   3.1765881 2026 01 14 10 40 54.67
0    327.47434  -3284.95045  -6256.02419  -1.9479030  -6.5229876   3.3180592 2026 01 14 10 41 14.67
0    288.25652  -3414.61003  -6188.26026  -1.9736890  -6.4424594   3.4580477 2026 01 14 10 41 34.67
0    248.53415  -3542.62938  -6117.71190  -1.9983548  -6.3589742   3.5964909 2026 01 14 10 41 54.67
0    208.32983  -3668.94977  -6044.41065  -2.0218806  -6.2725717   3.7333271 2026 01 14 10 42 14.67
0    167.66657  -3793.51327  -5968.38925  -2.0442475  -6.1832932   3.8684952 2026 01 14 10 42 34.67
0    126.56771  -3916.26276  -5889.68167  -2.0654369  -6.0911808   4.0019346 2026 01 14 10 42 54.67
0     85.05700  -4037.14201  -5808.32309  -2.0854310  -5.9962783   4.1335856 2026 01 14 10 43 14.67
0     43.15850  -4156.09566  -5724.34987  -2.1042126  -5.8986306   4.2633892 2026 01 14 10 43 34.67
0      0.89664  -4273.06927  -5637.79955  -2.1217652  -5.7982840   4.3912871 2026 01 14 10 43 54.67
0    -41.70384  -4388.00934  -5548.71081  -2.1380730  -5.6952860   4.5172218 2026 01 14 10 44 14.67
0    -84.61790  -4500.86332  -5457.12348  -2.1531208  -5.5896852   4.6411368 2026 01 14 10 44 34.67
0   -127.82019  -4611.57966  -5363.07852  -2.1668941  -5.4815316   4.7629761 2026 01 14 10 44 54.67
0   -171.28508  -4720.10781  -5266.61801  -2.1793791  -5.3708764   4.8826849 2026 01 14 10 45 14.67
0   -214.98667  -4826.39825  -5167.78508  -2.1905628  -5.2577718   5.0002090 2026 01 14 10 45 34.67
0   -258.89881  -4930.40254  -5066.62397  -2.2004329  -5.1422712   5.1154954 2026 01 14 10 45 54.67
0   -302.99511  -5032.07330  -4963.17996  -2.2089777  -5.0244293   5.2284919 2026 01 14 10 46 14.67
0   -347.24897  -5131.36426  -4857.49936  -2.2161864  -4.9043016   5.3391472 2026 01 14 10 46 34.67
0   -391.63354  -5228.23027  -4749.62950  -2.2220490  -4.7819450   5.4474112 2026 01 14 10 46 54.67
0   -436.12182  -5322.62732  -4639.61869  -2.2265560  -4.6574172   5.5532346 2026 01 14 10 47 14.67
0   -480.68661  -5414.51259  -4527.51624  -2.2296988  -4.5307771   5.6565692 2026 01 14 10 47 34.67
0   -525.30055  -5503.84442  -4413.37240  -2.2314699  -4.4020844   5.7573679 2026 01 14 10 47 54.67
0   -569.93612  -5590.58238  -4297.23834  -2.2318620  -4.2714001   5.8555848 2026 01 14 10 48 14.67
0   -614.56569  -5674.68724  -4179.16615  -2.2308690  -4.1387859   5.9511749 2026 01 14 10 48 34.67
0   -659.16150  -5756.12104  -4059.20881  -2.2284856  -4.0043045   6.0440945 2026 01 14 10 48 54.67
0   -703.69569  -5834.84706  -3937.42016  -2.2247070  -3.8680195   6.1343009 2026 01 14 10 49 14.67
0   -748.14033  -5910.82988  -3813.85487  -2.2195296  -3.7299953   6.2217526 2026 01 14 10 49 34.67
0   -792.46740  -5984.03537  -3688.56845  -2.2129502  -3.5902972   6.3064095 2026 01 14 10 49 54.67
0   -836.64885  -6054.43071  -3561.61718  -2.2049669  -3.4489914   6.3882326 2026 01 14 10 50 14.67
0   -880.65657  -6121.98442  -3433.05812  -2.1955783  -3.3061448   6.4671840 2026 01 14 10 50 34.67
0   -924.46246  -6186.66635  -3302.94907  -2.1847838  -3.1618249   6.5432273 2026 01 14 10 50 54.67
0   -968.03841  -6248.44773  -3171.34855  -2.1725839  -3.0161001   6.6163272 2026 01 14 10 51 14.67
0  -1011.35631  -6307.30114  -3038.31576  -2.1589796  -2.8690395   6.6864498 2026 01 14 10 51 34.67
0  -1054.38809  -6363.20057  -2903.91058  -2.1439731  -2.7207128   6.7535624 2026 01 14 10 51 54.67
0  -1097.10575  -6416.12139  -2768.19353  -2.1275671  -2.5711903   6.8176339 2026 01 14 10 52 14.67
0  -1139.48133  -6466.04041  -2631.22572  -2.1097655  -2.4205427   6.8786343 2026 01 14 10 52 34.67
0  -1181.48695  -6512.93583  -2493.06886  -2.0905727  -2.2688417   6.9365350 2026 01 14 10 52 54.67
0  -1223.09485  -6556.78730  -2353.78523  -2.0699940  -2.1161592   6.9913088 2026 01 14 10 53 14.67
0  -1264.27737  -6597.57592  -2213.43762  -2.0480359  -1.9625676   7.0429302 2026 01 14 10 53 34.67
0  -1305.00700  -6635.28424  -2072.08932  -2.0247053  -1.8081397   7.0913746 2026 01 14 10 53 54.67
0  -1345.25635  -6669.89626  -1929.80410  -2.0000102  -1.6529490   7.1366192 2026 01 14 10 54 14.67
0  -1384.99824  -6701.39746  -1786.64618  -1.9739593  -1.4970690   7.1786426 2026 01 14 10 54 34.67
0  -1424.20563  -6729.77480  -1642.68017  -1.9465622  -1.3405739   7.2174248 2026 01 14 10 54 54.67
0  -1462.85171  -6755.01672  -1497.97110  -1.9178294  -1.1835378   7.2529472 2026 01 14 10 55 14.67
0  -1500.90987  -6777.11314  -1352.58432  -1.8877721  -1.0260354   7.2851928 2026 01 14 10 55 34.67
0  -1538.35374  -6796.05549  -1206.58554  -1.8564025  -0.8681414   7.3141460 2026 01 14 10 55 54.67
0  -1575.15721  -6811.83668  -1060.04074  -1.8237334  -0.7099310   7.3397929 2026 01 14 10 56 14.67
0  -1611.29443  -6824.45114   -913.01617  -1.7897786  -0.5514792   7.3621209 2026 01 14 10 56 34.67
0  -1646.73981  -6833.89478   -765.57832  -1.7545527  -0.3928612   7.3811190 2026 01 14 10 56 54.67
0  -1681.46810  -6840.16505   -617.79389  -1.7180709  -0.2341524   7.3967777 2026 01 14 10 57 14.67
0  -1715.45433  -6843.26088   -469.72975  -1.6803495  -0.0754282   7.4090891 2026 01 14 10 57 34.67
0  -1748.67389  -6843.18270   -321.45291  -1.6414054   0.0832360   7.4180468 2026 01 14 10 57 54.67
0  -1781.10249  -6839.93248   -173.03048  -1.6012563   0.2417650   7.4236459 2026 01 14 10 58 14.67
0  -1812.71621  -6833.51367    -24.52969  -1.5599208   0.4000835   7.4258832 2026 01 14 10 58 34.67
0  -1843.49153  -6823.93124    123.98222  -1.5174181   0.5581163   7.4247568 2026 01 14 10 58 54.67
