0  -7282.73730    739.14901      0.00744  -0.5718349  -4.1939540   5.6462803 2026 01 14 04 18 50.58
0  -7292.82205    655.14120    112.92515  -0.4366473  -4.2065879   5.6451300 2026 01 14 04 19 10.58
0  -7300.20331    570.89399    225.79690  -0.3014953  -4.2178993   5.6416822 2026 01 14 04 19 30.58
0  -7304.88230    486.43385    338.57681  -0.1664302  -4.2278873   5.6359437 2026 01 14 04 19 50.58
0  -7306.86128    401.78724    451.21915  -0.0315029  -4.2365519   5.6279226 2026 01 14 04 20 10.58
0  -7306.14352    316.98064    563.67835   0.1032357  -4.2438931   5.6176274 2026 01 14 04 20 30.58
0  -7302.73329    232.04050    675.90903   0.2377353  -4.2499114   5.6050679 2026 01 14 04 20 50.58
0  -7296.63588    146.99328    787.86600   0.3719460  -4.2546079   5.5902547 2026 01 14 04 21 10.58
0  -7287.85757     61.86539    899.50430   0.5058180  -4.2579839   5.5731991 2026 01 14 04 21 30.58
0  -7276.40562    -23.31676   1010.77922   0.6393023  -4.2600410   5.5539135 2026 01 14 04 21 50.58
0  -7262.28828   -108.52683   1121.64626   0.7723499  -4.2607815   5.5324111 2026 01 14 04 22 10.58
0  -7245.51477   -193.73851   1232.06125   0.9049126  -4.2602078   5.5087058 2026 01 14 04 22 30.58
0  -7226.09527   -278.92554   1341.98028   1.0369423  -4.2583227   5.4828126 2026 01 14 04 22 50.58
0  -7204.04092   -364.06173   1451.35973   1.1683918  -4.2551295   5.4547469 2026 01 14 04 23 10.58
0  -7179.36379   -449.12096   1560.15632   1.2992140  -4.2506318   5.4245253 2026 01 14 04 23 30.58
0  -7152.07689   -534.07717   1668.32712   1.4293624  -4.2448335   5.3921650 2026 01 14 04 23 50.58
0  -7122.19417   -618.90440   1775.82951   1.5587910  -4.2377388   5.3576839 2026 01 14 04 24 10.58
0  -7089.73047   -703.57677   1882.62128   1.6874545  -4.2293524   5.3211009 2026 01 14 04 24 30.58
0  -7054.70155   -788.06850   1988.66059   1.8153079  -4.2196793   5.2824353 2026 01 14 04 24 50.58
0  -7017.12405   -872.35390   2093.90597   1.9423069  -4.2087247   5.2417074 2026 01 14 04 25 10.58
0  -6977.01550   -956.40741   2198.31639   2.0684075  -4.1964942   5.1989380 2026 01 14 04 25 30.58
0  -6934.39431  -1040.20357   2301.85125   2.1935666  -4.1829938   5.1541488 2026 01 14 04 25 50.58
0  -6889.27973  -1123.71704   2404.47036   2.3177415  -4.1682297   5.1073620 2026 01 14 04 26 10.58
0  -6841.69186  -1206.92263   2506.13400   2.4408901  -4.1522084   5.0586005 2026 01 14 04 26 30.58
0  -6791.65165  -1289.79526   2606.80292   2.5629709  -4.1349368   5.0078880 2026 01 14 04 26 50.58
0  -6739.18086  -1372.30999   2706.43833   2.6839430  -4.1164220   4.9552485 2026 01 14 04 27 10.58
0  -6684.30207  -1454.44204   2805.00195   2.8037662  -4.0966714   4.9007070 2026 01 14 04 27 30.58
0  -6627.03866  -1536.16677   2902.45598   2.9224006  -4.0756928   4.8442887 2026 01 14 04 27 50.58
0  -6567.41478  -1617.45971   2998.76315   3.0398075  -4.0534940   4.7860198 2026 01 14 04 28 10.58
0  -6505.45537  -1698.29654   3093.88670   3.1559482  -4.0300834   4.7259267 2026 01 14 04 28 30.58
0  -6441.18614  -1778.65311   3187.79044   3.2707850  -4.0054695   4.6640366 2026 01 14 04 28 50.58
0  -6374.63352  -1858.50544   3280.43869   3.3842809  -3.9796611   4.6003771 2026 01 14 04 29 10.58
0  -6305.82471  -1937.82974   3371.79634   3.4963993  -3.9526671   4.5349764 2026 01 14 04 29 30.58
0  -6234.78760  -2016.60239   3461.82886   3.6071045  -3.9244968   4.4678632 2026 01 14 04 29 50.58
0  -6161.55082  -2094.79996   3550.50229   3.7163612  -3.8951599   4.3990666 2026 01 14 04 30 10.58
0  -6086.14367  -2172.39922   3637.78324   3.8241349  -3.8646660   4.3286163 2026 01 14 04 30 30.58
0  -6008.59616  -2249.37714   3723.63895   3.9303919  -3.8330251   4.2565425 2026 01 14 04 30 50.58
0  -5928.93894  -2325.71087   3808.03725   4.0350990  -3.8002475   4.1828755 2026 01 14 04 31 10.58
0  -5847.20334  -2401.37779   3890.94658   4.1382236  -3.7663436   4.1076465 2026 01 14 04 31 30.58
0  -5763.42132  -2476.35548   3972.33602   4.2397339  -3.7313240   4.0308869 2026 01 14 04 31 50.58
0  -5677.62548  -2550.62175   4052.17527   4.3395989  -3.6951997   3.9526285 2026 01 14 04 32 10.58
0  -5589.84903  -2624.15460   4130.43466   4.4377880  -3.6579818   3.8729036 2026 01 14 04 32 30.58
0  -5500.12578  -2696.93228   4207.08519   4.5342715  -3.6196815   3.7917446 2026 01 14 04 32 50.58
0  -5408.49012  -2768.93326   4282.09852   4.6290203  -3.5803103   3.7091847 2026 01 14 04 33 10.58
0  -5314.97705  -2840.13624   4355.44694   4.7220059  -3.5398800   3.6252570 2026 01 14 04 33 30.58
0  -5219.62210  -2910.52015   4427.10343   4.8132007  -3.4984024   3.5399954 2026 01 14 04 33 50.58
0  -5122.46135  -2980.06418   4497.04166   4.9025776  -3.4558897   3.4534337 2026 01 14 04 34 10.58
0  -5023.53142  -3048.74774   4565.23595   4.9901102  -3.4123540   3.3656062 2026 01 14 04 34 30.58
0  -4922.86945  -3116.55050   4631.66135   5.0757729  -3.3678079   3.2765477 2026 01 14 04 34 50.58
0  -4820.51309  -3183.45238   4696.29356   5.1595406  -3.3222640   3.1862930 2026 01 14 04 35 10.58
0  -4716.50049  -3249.43354   4759.10901   5.2413892  -3.2757350   3.0948772 2026 01 14 04 35 30.58
0  -4610.87025  -3314.47442   4820.08483   5.3212949  -3.2282341   3.0023359 2026 01 14 04 35 50.58
0  -4503.66147  -3378.55572   4879.19887   5.3992349  -3.1797742   2.9087046 2026 01 14 04 36 10.58
0  -4394.91368  -3441.65837   4936.42967   5.4751869  -3.1303688   2.8140195 2026 01 14 04 36 30.58
0  -4284.66685  -3503.76362   4991.75652   5.5491293  -3.0800313   2.7183166 2026 01 14 04 36 50.58
0  -4172.96140  -3564.85295   5045.15942   5.6210413  -3.0287754   2.6216324 2026 01 14 04 37 10.58
0  -4059.83812  -3624.90812   5096.61910   5.6909026  -2.9766149   2.5240035 2026 01 14 04 37 30.58
0  -3945.33822  -3683.91120   5146.11704   5.7586938  -2.9235637   2.4254667 2026 01 14 04 37 50.58
0  -3829.50331  -3741.84449   5193.63544   5.8243960  -2.8696360   2.3260590 2026 01 14 04 38 10.58
0  -3712.37534  -3798.69063   5239.15725   5.8879910  -2.8148460   2.2258176 2026 01 14 04 38 30.58
0  -3593.99662  -3854.43249   5282.66617   5.9494614  -2.7592082   2.1247798 2026 01 14 04 38 50.58
0  -3474.40983  -3909.05327   5324.14664   6.0087903  -2.7027371   2.0229833 2026 01 14 04 39 10.58
0  -3353.65795  -3962.53646   5363.58385   6.0659617  -2.6454475   1.9204656 2026 01 14 04 39 30.58
0  -3231.78430  -4014.86582   5400.96375   6.1209599  -2.5873542   1.8172646 2026 01 14 04 39 50.58
0  -3108.83248  -4066.02543   5436.27306   6.1737704  -2.5284722   1.7134182 2026 01 14 04 40 10.58
0  -2984.84639  -4115.99967   5469.49924   6.2243788  -2.4688167   1.6089645 2026 01 14 04 40 30.58
0  -2859.87022  -4164.77322   5500.63052   6.2727718  -2.4084030   1.5039417 2026 01 14 04 40 50.58
0  -2733.94840  -4212.33107   5529.65591   6.3189365  -2.3472465   1.3983880 2026 01 14 04 41 10.58
0  -2607.12563  -4258.65851   5556.56515   6.3628609  -2.2853629   1.2923418 2026 01 14 04 41 30.58
0  -2479.44682  -4303.74116   5581.34879   6.4045334  -2.2227677   1.1858417 2026 01 14 04 41 50.58
0  -2350.95712  -4347.56494   5603.99813   6.4439433  -2.1594769   1.0789262 2026 01 14 04 42 10.58
0  -2221.70191  -4390.11610   5624.50523   6.4810803  -2.0955064   0.9716338 2026 01 14 04 42 30.58
0  -2091.72672  -4431.38120   5642.86296   6.5159351  -2.0308724   0.8640032 2026 01 14 04 42 50.58
0  -1961.07730  -4471.34714   5659.06492   6.5484987  -1.9655912   0.7560733 2026 01 14 04 43 10.58
0  -1829.79956  -4510.00113   5673.10552   6.5787630  -1.8996791   0.6478827 2026 01 14 04 43 30.58
0  -1697.93957  -4547.33072   5684.97993   6.6067205  -1.8331527   0.5394703 2026 01 14 04 43 50.58
0  -1565.54353  -4583.32379   5694.68409   6.6323642  -1.7660286   0.4308749 2026 01 14 04 44 10.58
0  -1432.65779  -4617.96855   5702.21475   6.6556880  -1.6983236   0.3221354 2026 01 14 04 44 30.58
0  -1299.32880  -4651.25355   5707.56940   6.6766863  -1.6300547   0.2132906 2026 01 14 04 44 50.58
0  -1165.60314  -4683.16769   5710.74632   6.6953541  -1.5612390   0.1043795 2026 01 14 04 45 10.58
0  -1031.52746  -4713.70019   5711.74457   6.7116872  -1.4918936  -0.0045590 2026 01 14 04 45 30.58
0   -897.14849  -4742.84063   5710.56401   6.7256820  -1.4220358  -0.1134861 2026 01 14 04 45 50.58
0   -762.51303  -4770.57894   5707.20523   6.7373354  -1.3516832  -0.2223630 2026 01 14 04 46 10.58
0   -627.66796  -4796.90541   5701.66964   6.7466452  -1.2808534  -0.3311508 2026 01 14 04 46 30.58
0   -492.66014  -4821.81065   5693.95941   6.7536096  -1.2095640  -0.4398107 2026 01 14 04 46 50.58
0   -357.53652  -4845.28566   5684.07748   6.7582276  -1.1378330  -0.5483040 2026 01 14 04 47 10.58
0   -222.34403  -4867.32178   5672.02757   6.7604988  -1.0656783  -0.6565919 2026 01 14 04 47 30.58
0    -87.12961  -4887.91073   5657.81418   6.7604235  -0.9931181  -0.7646359 2026 01 14 04 47 50.58
0     48.05982  -4907.04457   5641.44257   6.7580025  -0.9201706  -0.8723972 2026 01 14 04 48 10.58
0    183.17735  -4924.71574   5622.91879   6.7532373  -0.8468542  -0.9798375 2026 01 14 04 48 30.58
0    318.17611  -4940.91705   5602.24964   6.7461302  -0.7731875  -1.0869182 2026 01 14 04 48 50.58
0    453.00930  -4955.64168   5579.44270   6.7366839  -0.6991891  -1.1936011 2026 01 14 04 49 10.58
0    587.63015  -4968.88318   5554.50631   6.7249020  -0.6248779  -1.2998478 2026 01 14 04 49 30.58
0    721.99199  -4980.63549   5527.44958   6.7107884  -0.5502727  -1.4056202 2026 01 14 04 49 50.58
0    856.04823  -4990.89291   5498.28238   6.6943481  -0.4753926  -1.5108803 2026 01 14 04 50 10.58
0    989.75238  -4999.65015   5467.01534   6.6755863  -0.4002568  -1.6155902 2026 01 14 04 50 30.58
0   1123.05808  -5006.90228   5433.65985   6.6545091  -0.3248846  -1.7197121 2026 01 14 04 50 50.58
0   1255.91907  -5012.64476   5398.22804   6.6311232  -0.2492955  -1.8232082 2026 01 14 04 51 10.58
0   1388.28926  -5016.87346   5360.73281   6.6054360  -0.1735090  -1.9260411 2026 01 14 04 51 30.58
0   1520.12269  -5019.58463   5321.18780   6.5774554  -0.0975450  -2.0281735 2026 01 14 04 51 50.58
0   1651.37357  -5020.77492   5279.60741   6.5471900  -0.0214232  -2.1295681 2026 01 14 04 52 10.58
0   1781.99632  -5020.44136   5236.00675   6.5146492   0.0548365  -2.2301879 2026 01 14 04 52 30.58
0   1911.94550  -5018.58141   5190.40170   6.4798428   0.1312138  -2.3299961 2026 01 14 04 52 50.58
0   2041.17592  -5015.19291   5142.80887   6.4427815   0.2076885  -2.4289559 2026 01 14 04 53 10.58
0   2169.64258  -5010.27413   5093.24559   6.4034764   0.2842404  -2.5270310 2026 01 14 04 53 30.58
0   2297.30073  -5003.82372   5041.72991   6.3619394   0.3608489  -2.6241850 2026 01 14 04 53 50.58
0   2424.10586  -4995.84075   4988.28065   6.3181831   0.4374933  -2.7203819 2026 01 14 04 54 10.58
0   2550.01370  -4986.32473   4932.91728   6.2722207   0.5141531  -2.8155859 2026 01 14 04 54 30.58
0   2674.98028  -4975.27555   4875.66004   6.2240660   0.5908072  -2.9097613 2026 01 14 04 54 50.58
0   2798.96189  -4962.69353   4816.52986   6.1737335   0.6674347  -3.0028729 2026 01 14 04 55 10.58
0   2921.91513  -4948.57942   4755.54836   6.1212383   0.7440146  -3.0948855 2026 01 14 04 55 30.58
0   3043.79691  -4932.93439   4692.73788   6.0665964   0.8205256  -3.1857644 2026 01 14 04 55 50.58
0   3164.56444  -4915.76002   4628.12145   6.0098240   0.8969463  -3.2754749 2026 01 14 04 56 10.58
0   3284.17531  -4897.05834   4561.72278   5.9509384   0.9732554  -3.3639827 2026 01 14 04 56 30.58
0   3402.58741  -4876.83179   4493.56627   5.8899574   1.0494312  -3.4512540 2026 01 14 04 56 50.58
0   3519.75904  -4855.08327   4423.67699   5.8268993   1.1254522  -3.5372550 2026 01 14 04 57 10.58
0   3635.64884  -4831.81607   4352.08069   5.7617834   1.2012965  -3.6219523 2026 01 14 04 57 30.58
0   3750.21584  -4807.03396   4278.80376   5.6946294   1.2769422  -3.7053130 2026 01 14 04 57 50.58
0   3863.41951  -4780.74113   4203.87329   5.6254576   1.3523675  -3.7873043 2026 01 14 04 58 10.58
0   3975.21969  -4752.94221   4127.31698   5.5542893   1.4275501  -3.8678939 2026 01 14 04 58 30.58
0   4085.57668  -4723.64227   4049.16319   5.4811461   1.5024680  -3.9470498 2026 01 14 04 58 50.58
0   4194.45120  -4692.84682   3969.44092   5.4060505   1.5770989  -4.0247404 2026 01 14 04 59 10.58
0   4301.80443  -4660.56184   3888.17978   5.3290255   1.6514204  -4.1009345 2026 01 14 04 59 30.58
0   4407.59804  -4626.79373   3805.41002   5.2500950   1.7254102  -4.1756013 2026 01 14 04 59 50.58
0   4511.79416  -4591.54936   3721.16249   5.1692832   1.7990456  -4.2487103 2026 01 14 05 00 10.58
0   4614.35541  -4554.83603   3635.46866   5.0866153   1.8723043  -4.3202315 2026 01 14 05 00 30.58
0   4715.24493  -4516.66150   3548.36057   5.0021170   1.9451633  -4.3901355 2026 01 14 05 00 50.58
0   4814.42639  -4477.03400   3459.87086   4.9158147   2.0176002  -4.4583930 2026 01 14 05 01 10.58
0   4911.86397  -4435.96219   3370.03275   4.8277354   2.0895921  -4.5249754 2026 01 14 05 01 30.58
0   5007.52241  -4393.45521   3278.88004   4.7379067   2.1611161  -4.5898545 2026 01 14 05 01 50.58
0   5101.36702  -4349.52262   3186.44706   4.6463572   2.2321495  -4.6530027 2026 01 14 05 02 10.58
0   5193.36367  -4304.17449   3092.76870   4.5531156   2.3026692  -4.7143927 2026 01 14 05 02 30.58
0   5283.47881  -4257.42130   2997.88040   4.4582118   2.3726523  -4.7739978 2026 01 14 05 02 50.58
0   5371.67952  -4209.27402   2901.81812   4.3616760   2.4420759  -4.8317919 2026 01 14 05 03 10.58
0   5457.93345  -4159.74406   2804.61834   4.2635392   2.5109169  -4.8877494 2026 01 14 05 03 30.58
0   5542.20892  -4108.84331   2706.31804   4.1638329   2.5791523  -4.9418451 2026 01 14 05 03 50.58
0   5624.47484  -4056.58410   2606.95470   4.0625893   2.6467590  -4.9940546 2026 01 14 05 04 10.58
0   5704.70082  -4002.97924   2506.56629   3.9598414   2.7137140  -5.0443540 2026 01 14 05 04 30.58
0   5782.85709  -3948.04199   2405.19124   3.8556226   2.7799943  -5.0927199 2026 01 14 05 04 50.58
0   5858.91459  -3891.78608   2302.86845   3.7499670   2.8455768  -5.1391296 2026 01 14 05 05 10.58
0   5932.84492  -3834.22567   2199.63728   3.6429093   2.9104386  -5.1835610 2026 01 14 05 05 30.58
0   6004.62041  -3775.37543   2095.53748   3.5344850   2.9745565  -5.2259926 2026 01 14 05 05 50.58
0   6074.21407  -3715.25044   1990.60929   3.4247300   3.0379078  -5.2664036 2026 01 14 05 06 10.58
0   6141.59967  -3653.86627   1884.89330   3.3136808   3.1004694  -5.3047738 2026 01 14 05 06 30.58
0   6206.75168  -3591.23895   1778.43052   3.2013746   3.1622185  -5.3410839 2026 01 14 05 06 50.58
0   6269.64535  -3527.38493   1671.26236   3.0878492   3.2231323  -5.3753148 2026 01 14 05 07 10.58
0   6330.25668  -3462.32116   1563.43056   2.9731430   3.2831882  -5.4074487 2026 01 14 05 07 30.58
0   6388.56243  -3396.06502   1454.97726   2.8572947   3.3423634  -5.4374681 2026 01 14 05 07 50.58
0   6444.54017  -3328.63434   1345.94489   2.7403439   3.4006354  -5.4653564 2026 01 14 05 08 10.58
0   6498.16824  -3260.04741   1236.37626   2.6223308   3.4579818  -5.4910977 2026 01 14 05 08 30.58
0   6549.42580  -3190.32296   1126.31443   2.5032957   3.5143802  -5.5146768 2026 01 14 05 08 50.58
0   6598.29282  -3119.48018   1015.80281   2.3832800   3.5698083  -5.5360795 2026 01 14 05 09 10.58
0   6644.75010  -3047.53867    904.88506   2.2623252   3.6242442  -5.5552921 2026 01 14 05 09 30.58
0   6688.77929  -2974.51852    793.60511   2.1404736   3.6776658  -5.5723019 2026 01 14 05 09 50.58
0   6730.36287  -2900.44021    682.00713   2.0177678   3.7300514  -5.5870969 2026 01 14 05 10 10.58
0   6769.48419  -2825.32469    570.13553   1.8942511   3.7813792  -5.5996660 2026 01 14 05 10 30.58
0   6806.12746  -2749.19332    458.03494   1.7699671   3.8316279  -5.6099989 2026 01 14 05 10 50.58
0   6840.27778  -2672.06790    345.75016   1.6449600   3.8807762  -5.6180862 2026 01 14 05 11 10.58
0   6871.92113  -2593.97064    233.32622   1.5192744   3.9288030  -5.6239192 2026 01 14 05 11 30.58
0   6901.04438  -2514.92418    120.80825   1.3929554   3.9756874  -5.6274903 2026 01 14 05 11 50.58
0   6927.63533  -2434.95157      8.24158   1.2660486   4.0214088  -5.6287926 2026 01 14 05 12 10.58
0   6951.68267  -2354.07628   -104.32836   1.1385997   4.0659467  -5.6278203 2026 01 14 05 12 30.58
0   6973.17603  -2272.32218   -216.85603   1.0106552   4.1092810  -5.6245682 2026 01 14 05 12 50.58
0   6992.10594  -2189.71354   -329.29579   0.8822618   4.1513918  -5.6190323 2026 01 14 05 13 10.58
0   7008.46391  -2106.27502   -441.60193   0.7534665   4.1922593  -5.6112095 2026 01 14 05 13 30.58
0   7022.24236  -2022.03169   -553.72868   0.6243168   4.2318644  -5.6010976 2026 01 14 05 13 50.58
0   7033.43469  -1937.00898   -665.63026   0.4948606   4.2701878  -5.5886951 2026 01 14 05 14 10.58
0   7042.03523  -1851.23272   -777.26084   0.3651458   4.3072108  -5.5740019 2026 01 14 05 14 30.58
0   7048.03931  -1764.72910   -888.57461   0.2352210   4.3429150  -5.5570186 2026 01 14 05 14 50.58
0   7051.44321  -1677.52468   -999.52578   0.1051349   4.3772822  -5.5377467 2026 01 14 05 15 10.58
0   7052.24418  -1589.64638  -1110.06862  -0.0250636   4.4102947  -5.5161890 2026 01 14 05 15 30.58
0   7050.44046  -1501.12146  -1220.15743  -0.1553253   4.4419350  -5.4923490 2026 01 14 05 15 50.58
0   7046.03129  -1411.97755  -1329.74661  -0.2856006   4.4721862  -5.4662313 2026 01 14 05 16 10.58
0   7039.01689  -1322.24260  -1438.79066  -0.4158400   4.5010314  -5.4378416 2026 01 14 05 16 30.58
0   7029.39847  -1231.94488  -1547.24420  -0.5459936   4.5284546  -5.4071864 2026 01 14 05 16 50.58
0   7017.17825  -1141.11301  -1655.06200  -0.6760113   4.5544397  -5.3742733 2026 01 14 05 17 10.58
0   7002.35943  -1049.77590  -1762.19899  -0.8058430   4.5789715  -5.3391111 2026 01 14 05 17 30.58
0   6984.94626   -957.96277  -1868.61027  -0.9354385   4.6020347  -5.3017094 2026 01 14 05 17 50.58
0   6964.94394   -865.70314  -1974.25117  -1.0647473   4.6236149  -5.2620789 2026 01 14 05 18 10.58
0   6942.35873   -773.02682  -2079.07721  -1.1937189   4.6436980  -5.2202314 2026 01 14 05 18 30.58
0   6917.19786   -679.96389  -2183.04418  -1.3223029   4.6622703  -5.1761796 2026 01 14 05 18 50.58
0   6889.46959   -586.54470  -2286.10814  -1.4504487   4.6793186  -5.1299374 2026 01 14 05 19 10.58
0   6859.18320   -492.79986  -2388.22542  -1.5781056   4.6948303  -5.0815195 2026 01 14 05 19 30.58
0   6826.34897   -398.76023  -2489.35266  -1.7052233   4.7087933  -5.0309420 2026 01 14 05 19 50.58
0   6790.97818   -304.45691  -2589.44683  -1.8317512   4.7211958  -4.9782216 2026 01 14 05 20 10.58
0   6753.08314   -209.92123  -2688.46527  -1.9576387   4.7320267  -4.9233765 2026 01 14 05 20 30.58
0   6712.67716   -115.18471  -2786.36565  -2.0828357   4.7412755  -4.8664255 2026 01 14 05 20 50.58
0   6669.77456    -20.27912  -2883.10607  -2.2072918   4.7489321  -4.8073888 2026 01 14 05 21 10.58
0   6624.39065     74.76361  -2978.64501  -2.3309570   4.7549870  -4.7462873 2026 01 14 05 21 30.58
0   6576.54175    169.91134  -3072.94140  -2.4537814   4.7594314  -4.6831432 2026 01 14 05 21 50.58
0   6526.24518    265.13178  -3165.95462  -2.5757151   4.7622569  -4.6179796 2026 01 14 05 22 10.58
0   6473.51925    360.39248  -3257.64451  -2.6967087   4.7634558  -4.5508207 2026 01 14 05 22 30.58
0   6418.38326    455.66081  -3347.97143  -2.8167130   4.7630210  -4.4816915 2026 01 14 05 22 50.58
0   6360.85748    550.90404  -3436.89622  -2.9356789   4.7609460  -4.4106182 2026 01 14 05 23 10.58
0   6300.96318    646.08929  -3524.38027  -3.0535577   4.7572248  -4.3376280 2026 01 14 05 23 30.58
0   6238.72258    741.18360  -3610.38554  -3.1703011   4.7518522  -4.2627491 2026 01 14 05 23 50.58
0   6174.15888    836.15387  -3694.87453  -3.2858610   4.7448236  -4.1860105 2026 01 14 05 24 10.58
0   6107.29622    930.96694  -3777.81035  -3.4001898   4.7361350  -4.1074423 2026 01 14 05 24 30.58
0   6038.15971   1025.58958  -3859.15673  -3.5132403   4.7257831  -4.0270756 2026 01 14 05 24 50.58
0   5966.77538   1119.98849  -3938.87801  -3.6249656   4.7137652  -3.9449424 2026 01 14 05 25 10.58
0   5893.17020   1214.13032  -4016.93920  -3.7353194   4.7000793  -3.8610756 2026 01 14 05 25 30.58
0   5817.37207   1307.98171  -4093.30595  -3.8442559   4.6847241  -3.7755092 2026 01 14 05 25 50.58
0   5739.40979   1401.50924  -4167.94464  -3.9517296   4.6676990  -3.6882778 2026 01 14 05 26 10.58
0   5659.31306   1494.67953  -4240.82232  -4.0576958   4.6490040  -3.5994173 2026 01 14 05 26 30.58
0   5577.11249   1587.45917  -4311.90677  -4.1621102   4.6286400  -3.5089640 2026 01 14 05 26 50.58
0   5492.83956   1679.81480  -4381.16652  -4.2649292   4.6066082  -3.4169556 2026 01 14 05 27 10.58
0   5406.52660   1771.71309  -4448.57085  -4.3661096   4.5829110  -3.3234302 2026 01 14 05 27 30.58
0   5318.20681   1863.12074  -4514.08982  -4.4656092   4.5575511  -3.2284269 2026 01 14 05 27 50.58
0   5227.91424   1954.00454  -4577.69427  -4.5633861   4.5305321  -3.1319858 2026 01 14 05 28 10.58
0   5135.68375   2044.33136  -4639.35585  -4.6593993   4.5018584  -3.0341476 2026 01 14 05 28 30.58
0   5041.55102   2134.06813  -4699.04705  -4.7536084   4.4715349  -2.9349537 2026 01 14 05 28 50.58
0   4945.55254   2223.18193  -4756.74117  -4.8459739   4.4395675  -2.8344465 2026 01 14 05 29 10.58
0   4847.72556   2311.63993  -4812.41238  -4.9364569   4.4059624  -2.7326689 2026 01 14 05 29 30.58
0   4748.10812   2399.40946  -4866.03573  -5.0250195   4.3707270  -2.6296647 2026 01 14 05 29 50.58
0   4646.73901   2486.45799  -4917.58712  -5.1116243   4.3338691  -2.5254784 2026 01 14 05 30 10.58
0   4543.65774   2572.75315  -4967.04337  -5.1962350   4.2953973  -2.4201550 2026 01 14 05 30 30.58
0   4438.90457   2658.26276  -5014.38219  -5.2788160   4.2553211  -2.3137403 2026 01 14 05 30 50.58
0   4332.52042   2742.95484  -5059.58224  -5.3593327   4.2136506  -2.2062806 2026 01 14 05 31 10.58
0   4224.54692   2826.79760  -5102.62309  -5.4377513   4.1703964  -2.0978230 2026 01 14 05 31 30.58
0   4115.02638   2909.75948  -5143.48526  -5.5140390   4.1255703  -1.9884151 2026 01 14 05 31 50.58
0   4004.00171   2991.80918  -5182.15022  -5.5881639   4.0791844  -1.8781049 2026 01 14 05 32 10.58
0   3891.51650   3072.91563  -5218.60043  -5.6600951   4.0312517  -1.7669411 2026 01 14 05 32 30.58
0   3777.61492   3153.04803  -5252.81932  -5.7298025   3.9817860  -1.6549729 2026 01 14 05 32 50.58
0   3662.34172   3232.17586  -5284.79128  -5.7972573   3.9308016  -1.5422498 2026 01 14 05 33 10.58
0   3545.74225   3310.26890  -5314.50173  -5.8624316   3.8783137  -1.4288220 2026 01 14 05 33 30.58
0   3427.86238   3387.29725  -5341.93709  -5.9252984   3.8243380  -1.3147400 2026 01 14 05 33 50.58
0   3308.74851   3463.23131  -5367.08478  -5.9858318   3.7688912  -1.2000546 2026 01 14 05 34 10.58
0   3188.44757   3538.04184  -5389.93325  -6.0440072   3.7119904  -1.0848171 2026 01 14 05 34 30.58
0   3067.00695   3611.69994  -5410.47199  -6.0998007   3.6536536  -0.9690791 2026 01 14 05 34 50.58
0   2944.47450   3684.17707  -5428.69149  -6.1531899   3.5938992  -0.8528925 2026 01 14 05 35 10.58
0   2820.89854   3755.44508  -5444.58332  -6.2041533   3.5327467  -0.7363094 2026 01 14 05 35 30.58
0   2696.32777   3825.47621  -5458.14008  -6.2526704   3.4702159  -0.6193824 2026 01 14 05 35 50.58
0   2570.81132   3894.24310  -5469.35540  -6.2987221   3.4063274  -0.5021639 2026 01 14 05 36 10.58
0   2444.39866   3961.71881  -5478.22400  -6.3422903   3.3411024  -0.3847069 2026 01 14 05 36 30.58
0   2317.13964   4027.87683  -5484.74163  -6.3833580   3.2745628  -0.2670643 2026 01 14 05 36 50.58
0   2189.08442   4092.69109  -5488.90511  -6.4219097   3.2067312  -0.1492892 2026 01 14 05 37 10.58
0   2060.28346   4156.13600  -5490.71234  -6.4579306   3.1376306  -0.0314349 2026 01 14 05 37 30.58
0   1930.78750   4218.18640  -5490.16226  -6.4914074   3.0672848   0.0864453 2026 01 14 05 37 50.58
0   1800.64756   4278.81764  -5487.25487  -6.5223280   2.9957182   0.2042983 2026 01 14 05 38 10.58
0   1669.91485   4338.00555  -5481.99127  -6.5506814   2.9229556   0.3220706 2026 01 14 05 38 30.58
0   1538.64081   4395.72647  -5474.37359  -6.5764579   2.8490226   0.4397090 2026 01 14 05 38 50.58
0   1406.87708   4451.95726  -5464.40505  -6.5996488   2.7739453   0.5571602 2026 01 14 05 39 10.58
0   1274.67542   4506.67529  -5452.08992  -6.6202469   2.6977502   0.6743712 2026 01 14 05 39 30.58
0   1142.08775   4559.85849  -5437.43353  -6.6382460   2.6204645   0.7912888 2026 01 14 05 39 50.58
0   1009.16610   4611.48531  -5420.44228  -6.6536413   2.5421160   0.9078602 2026 01 14 05 40 10.58
0    875.96257   4661.53479  -5401.12362  -6.6664291   2.4627327   1.0240328 2026 01 14 05 40 30.58
0    742.52935   4709.98651  -5379.48604  -6.6766069   2.3823435   1.1397541 2026 01 14 05 40 50.58
0    608.91862   4756.82065  -5355.53909  -6.6841737   2.3009775   1.2549718 2026 01 14 05 41 10.58
0    475.18262   4802.01797  -5329.29336  -6.6891294   2.2186643   1.3696339 2026 01 14 05 41 30.58
0    341.37355   4845.55982  -5300.76047  -6.6914752   2.1354340   1.4836889 2026 01 14 05 41 50.58
0    207.54358   4887.42817  -5269.95307  -6.6912136   2.0513173   1.5970853 2026 01 14 05 42 10.58
0     73.74482   4927.60561  -5236.88485  -6.6883484   1.9663449   1.7097723 2026 01 14 05 42 30.58
0    -59.97070   4966.07532  -5201.57049  -6.6828843   1.8805483   1.8216992 2026 01 14 05 42 50.58
0   -193.55108   5002.82114  -5164.02569  -6.6748275   1.7939594   1.9328159 2026 01 14 05 43 10.58
0   -326.94454   5037.82755  -5124.26715  -6.6641854   1.7066100   2.0430728 2026 01 14 05 43 30.58
0   -460.09945   5071.07965  -5082.31255  -6.6509664   1.6185329   2.1524204 2026 01 14 05 43 50.58
0   -592.96436   5102.56323  -5038.18056  -6.6351801   1.5297607   2.2608102 2026 01 14 05 44 10.58
0   -725.48806   5132.26471  -4991.89081  -6.6168375   1.4403266   2.3681940 2026 01 14 05 44 30.58
0   -857.61952   5160.17118  -4943.46389  -6.5959507   1.3502642   2.4745240 2026 01 14 05 44 50.58
0   -989.30800   5186.27041  -4892.92135  -6.5725327   1.2596070   2.5797533 2026 01 14 05 45 10.58
0  -1120.50302   5210.55085  -4840.28566  -6.5465979   1.1683891   2.6838355 2026 01 14 05 45 30.58
0  -1251.15439   5233.00161  -4785.58022  -6.5181619   1.0766448   2.7867246 2026 01 14 05 45 50.58
0  -1381.21225   5253.61253  -4728.82933  -6.4872412   0.9844085   2.8883756 2026 01 14 05 46 10.58
0  -1510.62708   5272.37409  -4670.05819  -6.4538534   0.8917149   2.9887440 2026 01 14 05 46 30.58
0  -1639.34973   5289.27751  -4609.29290  -6.4180175   0.7985990   3.0877860 2026 01 14 05 46 50.58
0  -1767.33143   5304.31468  -4546.56040  -6.3797533   0.7050957   3.1854586 2026 01 14 05 47 10.58
0  -1894.52382   5317.47821  -4481.88850  -6.3390818   0.6112404   3.2817196 2026 01 14 05 47 30.58
0  -2020.87897   5328.76141  -4415.30584  -6.2960249   0.5170684   3.3765275 2026 01 14 05 47 50.58
0  -2146.34940   5338.15829  -4346.84189  -6.2506057   0.4226151   3.4698415 2026 01 14 05 48 10.58
0  -2270.88809   5345.66358  -4276.52692  -6.2028481   0.3279162   3.5616218 2026 01 14 05 48 30.58
0  -2394.44854   5351.27274  -4204.39199  -6.1527774   0.2330074   3.6518293 2026 01 14 05 48 50.58
0  -2516.98473   5354.98191  -4130.46894  -6.1004194   0.1379244   3.7404258 2026 01 14 05 49 10.58
0  -2638.45117   5356.78796  -4054.79036  -6.0458012   0.0427029   3.8273741 2026 01 14 05 49 30.58
0  -2758.80294   5356.68849  -3977.38957  -5.9889507  -0.0526211   3.9126377 2026 01 14 05 49 50.58
0  -2877.99568   5354.68180  -3898.30062  -5.9298966  -0.1480118   3.9961810 2026 01 14 05 50 10.58
0  -2995.98561   5350.76692  -3817.55825  -5.8686688  -0.2434335   4.0779696 2026 01 14 05 50 30.58
0  -3112.72955   5344.94357  -3735.19791  -5.8052978  -0.3388503   4.1579696 2026 01 14 05 50 50.58
0  -3228.18494   5337.21222  -3651.25568  -5.7398152  -0.4342264   4.2361485 2026 01 14 05 51 10.58
0  -3342.30987   5327.57404  -3565.76831  -5.6722531  -0.5295261   4.3124745 2026 01 14 05 51 30.58
0  -3455.06308   5316.03090  -3478.77315  -5.6026447  -0.6247139   4.3869168 2026 01 14 05 51 50.58
0  -3566.40397   5302.58541  -3390.30819  -5.5310238  -0.7197542   4.4594458 2026 01 14 05 52 10.58
0  -3676.29263   5287.24086  -3300.41197  -5.4574252  -0.8146115   4.5300325 2026 01 14 05 52 30.58
0  -3784.68987   5270.00128  -3209.12361  -5.3818842  -0.9092506   4.5986493 2026 01 14 05 52 50.58
0  -3891.55717   5250.87137  -3116.48279  -5.3044369  -1.0036363   4.6652694 2026 01 14 05 53 10.58
0  -3996.85679   5229.85655  -3022.52969  -5.2251201  -1.0977337   4.7298672 2026 01 14 05 53 30.58
0  -4100.55169   5206.96295  -2927.30501  -5.1439713  -1.1915079   4.7924180 2026 01 14 05 53 50.58
0  -4202.60561   5182.19736  -2830.84992  -5.0610285  -1.2849243   4.8528983 2026 01 14 05 54 10.58
0  -4302.98306   5155.56730  -2733.20607  -4.9763304  -1.3779485   4.9112854 2026 01 14 05 54 30.58
0  -4401.64932   5127.08095  -2634.41553  -4.8899165  -1.4705464   4.9675579 2026 01 14 05 54 50.58
0  -4498.57046   5096.74717  -2534.52079  -4.8018264  -1.5626840   5.0216954 2026 01 14 05 55 10.58
0  -4593.71336   5064.57552  -2433.56476  -4.7121007  -1.6543277   5.0736784 2026 01 14 05 55 30.58
0  -4687.04571   5030.57620  -2331.59071  -4.6207802  -1.7454439   5.1234889 2026 01 14 05 55 50.58
0  -4778.53602   4994.76010  -2228.64227  -4.5279064  -1.8359996   5.1711094 2026 01 14 05 56 10.58
0  -4868.15365   4957.13876  -2124.76339  -4.4335212  -1.9259620   5.2165240 2026 01 14 05 56 30.58
0  -4955.86879   4917.72438  -2019.99836  -4.3376667  -2.0152986   5.2597175 2026 01 14 05 56 50.58
0  -5041.65246   4876.52979  -1914.39173  -4.2403858  -2.1039770   5.3006761 2026 01 14 05 57 10.58
0  -5125.47658   4833.56848  -1807.98833  -4.1417216  -2.1919656   5.3393867 2026 01 14 05 57 30.58
0  -5207.31390   4788.85457  -1700.83324  -4.0417174  -2.2792327   5.3758376 2026 01 14 05 57 50.58
0  -5287.13807   4742.40280  -1592.97178  -3.9404172  -2.3657472   5.4100181 2026 01 14 05 58 10.58
0  -5364.92360   4694.22854  -1484.44944  -3.8378650  -2.4514783   5.4419184 2026 01 14 05 58 30.58
0  -5440.64589   4644.34775  -1375.31192  -3.7341052  -2.5363957   5.4715301 2026 01 14 05 58 50.58
0  -5514.28123   4592.77703  -1265.60508  -3.6291824  -2.6204693   5.4988454 2026 01 14 05 59 10.58
0  -5585.80682   4539.53353  -1155.37490  -3.5231415  -2.7036695   5.5238581 2026 01 14 05 59 30.58
0  -5655.20075   4484.63503  -1044.66749  -3.4160276  -2.7859671   5.5465626 2026 01 14 05 59 50.58
0  -5722.44199   4428.09987   -933.52907  -3.3078860  -2.8673335   5.5669545 2026 01 14 06 00 10.58
0  -5787.51046   4369.94697   -822.00592  -3.1987621  -2.9477401   5.5850306 2026 01 14 06 00 30.58
0  -5850.38696   4310.19579   -710.14439  -3.0887015  -3.0271593   5.6007886 2026 01 14 06 00 50.58
0  -5911.05322   4248.86636   -597.99084  -2.9777497  -3.1055634   5.6142272 2026 01 14 06 01 10.58
0  -5969.49187   4185.97927   -485.59169  -2.8659528  -3.1829256   5.6253461 2026 01 14 06 01 30.58
0  -6025.68647   4121.55561   -372.99330  -2.7533563  -3.2592193   5.6341462 2026 01 14 06 01 50.58
0  -6079.62148   4055.61702   -260.24206  -2.6400062  -3.3344185   5.6406292 2026 01 14 06 02 10.58
0  -6131.28229   3988.18566   -147.38426  -2.5259485  -3.4084975   5.6447978 2026 01 14 06 02 30.58
0  -6180.65522   3919.28416    -34.46617  -2.4112289  -3.4814314   5.6466557 2026 01 14 06 02 50.58
0  -6227.72748   3848.93570     78.46606  -2.2958934  -3.5531956   5.6462079 2026 01 14 06 03 10.58
0  -6272.48722   3777.16390    191.36635  -2.1799878  -3.6237658   5.6434597 2026 01 14 06 03 30.58
0  -6314.92350   3703.99288    304.18877  -2.0635579  -3.6931187   5.6384180 2026 01 14 06 03 50.58
0  -6355.02628   3629.44723    416.88752  -1.9466492  -3.7612310   5.6310903 2026 01 14 06 04 10.58
0  -6392.78645   3553.55198    529.41696  -1.8293074  -3.8280802   5.6214851 2026 01 14 06 04 30.58
0  -6428.19581   3476.33261    641.73164  -1.7115780  -3.8936442   5.6096116 2026 01 14 06 04 50.58
0  -6461.24705   3397.81505    753.78629  -1.5935061  -3.9579015   5.5954804 2026 01 14 06 05 10.58
0  -6491.93379   3318.02565    865.53587  -1.4751370  -4.0208311   5.5791025 2026 01 14 06 05 30.58
0  -6520.25053   3236.99115    976.93556  -1.3565156  -4.0824125   5.5604900 2026 01 14 06 05 50.58
0  -6546.19267   3154.73873   1087.94081  -1.2376866  -4.1426257   5.5396557 2026 01 14 06 06 10.58
0  -6569.75651   3071.29595   1198.50731  -1.1186946  -4.2014513   5.5166136 2026 01 14 06 06 30.58
0  -6590.93924   2986.69074   1308.59106  -0.9995838  -4.2588704   5.4913781 2026 01 14 06 06 50.58
0  -6609.73892   2900.95143   1418.14833  -0.8803984  -4.3148645   5.4639647 2026 01 14 06 07 10.58
0  -6626.15451   2814.10668   1527.13573  -0.7611820  -4.3694160   5.4343896 2026 01 14 06 07 30.58
0  -6640.18582   2726.18553   1635.51020  -0.6419783  -4.4225074   5.4026698 2026 01 14 06 07 50.58
0  -6651.83353   2637.21734   1743.22903  -0.5228303  -4.4741220   5.3688230 2026 01 14 06 08 10.58
0  -6661.09920   2547.23181   1850.24985  -0.4037811  -4.5242436   5.3328678 2026 01 14 06 08 30.58
0  -6667.98523   2456.25895   1956.53068  -0.2848731  -4.5728565   5.2948234 2026 01 14 06 08 50.58
0  -6672.49487   2364.32909   2062.02996  -0.1661487  -4.6199456   5.2547098 2026 01 14 06 09 10.58
0  -6674.63220   2271.47285   2166.70650  -0.0476496  -4.6654962   5.2125478 2026 01 14 06 09 30.58
0  -6674.40216   2177.72114   2270.51954   0.0705826  -4.7094942   5.1683588 2026 01 14 06 09 50.58
0  -6671.81050   2083.10514   2373.42876   0.1885067  -4.7519261   5.1221647 2026 01 14 06 10 10.58
0  -6666.86378   1987.65631   2475.39430   0.3060820  -4.7927790   5.0739884 2026 01 14 06 10 30.58
0  -6659.56938   1891.40634   2576.37673   0.4232681  -4.8320402   5.0238533 2026 01 14 06 10 50.58
0  -6649.93550   1794.38719   2676.33713   0.5400250  -4.8696980   4.9717834 2026 01 14 06 11 10.58
0  -6637.97111   1696.63104   2775.23705   0.6563133  -4.9057408   4.9178033 2026 01 14 06 11 30.58
0  -6623.68598   1598.17029   2873.03852   0.7720938  -4.9401578   4.8619383 2026 01 14 06 11 50.58
0  -6607.09064   1499.03755   2969.70412   0.8873278  -4.9729387   4.8042142 2026 01 14 06 12 10.58
0  -6588.19642   1399.26566   3065.19692   1.0019771  -5.0040736   4.7446575 2026 01 14 06 12 30.58
0  -6567.01538   1298.88761   3159.48054   1.1160040  -5.0335531   4.6832951 2026 01 14 06 12 50.58
0  -6543.56035   1197.93660   3252.51913   1.2293710  -5.0613686   4.6201545 2026 01 14 06 13 10.58
0  -6517.84489   1096.44599   3344.27742   1.3420414  -5.0875117   4.5552638 2026 01 14 06 13 30.58
0  -6489.88330    994.44930   3434.72069   1.4539787  -5.1119747   4.4886515 2026 01 14 06 13 50.58
0  -6459.69060    891.98020   3523.81478   1.5651472  -5.1347504   4.4203466 2026 01 14 06 14 10.58
0  -6427.28252    789.07251   3611.52615   1.6755112  -5.1558319   4.3503788 2026 01 14 06 14 30.58
0  -6392.67550    685.76016   3697.82184   1.7850360  -5.1752132   4.2787780 2026 01 14 06 14 50.58
0  -6355.88666    582.07722   3782.66948   1.8936872  -5.1928884   4.2055746 2026 01 14 06 15 10.58
0  -6316.93382    478.05786   3866.03732   2.0014307  -5.2088525   4.1307996 2026 01 14 06 15 30.58
0  -6275.83547    373.73634   3947.89426   2.1082332  -5.2231005   4.0544843 2026 01 14 06 15 50.58
0  -6232.61074    269.14702   4028.20979   2.2140618  -5.2356284   3.9766603 2026 01 14 06 16 10.58
0  -6187.27944    164.32434   4106.95406   2.3188841  -5.2464323   3.8973599 2026 01 14 06 16 30.58
0  -6139.86202     59.30282   4184.09787   2.4226682  -5.2555091   3.8166156 2026 01 14 06 16 50.58
0  -6090.37955    -45.88299   4259.61266   2.5253828  -5.2628560   3.7344602 2026 01 14 06 17 10.58
0  -6038.85373   -151.19845   4333.47053   2.6269971  -5.2684706   3.6509269 2026 01 14 06 17 30.58
0  -5985.30687   -256.60892   4405.64427   2.7274808  -5.2723513   3.5660494 2026 01 14 06 17 50.58
0  -5929.76187   -362.07970   4476.10732   2.8268040  -5.2744967   3.4798617 2026 01 14 06 18 10.58
0  -5872.24224   -467.57608   4544.83382   2.9249377  -5.2749060   3.3923978 2026 01 14 06 18 30.58
0  -5812.77205   -573.06333   4611.79858   3.0218531  -5.2735787   3.3036924 2026 01 14 06 18 50.58
0  -5751.37595   -678.50672   4676.97712   3.1175220  -5.2705151   3.2137804 2026 01 14 06 19 10.58
0  -5688.07914   -783.87153   4740.34565   3.2119167  -5.2657155   3.1226968 2026 01 14 06 19 30.58
0  -5622.90738   -889.12306   4801.88109   3.3050104  -5.2591811   3.0304770 2026 01 14 06 19 50.58
0  -5555.88695   -994.22662   4861.56107   3.3967762  -5.2509133   2.9371567 2026 01 14 06 20 10.58
0  -5487.04467  -1099.14757   4919.36393   3.4871884  -5.2409141   2.8427718 2026 01 14 06 20 30.58
0  -5416.40787  -1203.85129   4975.26874   3.5762213  -5.2291858   2.7473585 2026 01 14 06 20 50.58
0  -5344.00438  -1308.30324   5029.25528   3.6638501  -5.2157313   2.6509530 2026 01 14 06 21 10.58
0  -5269.86252  -1412.46893   5081.30408   3.7500503  -5.2005539   2.5535921 2026 01 14 06 21 30.58
0  -5194.01111  -1516.31392   5131.39638   3.8347982  -5.1836572   2.4553123 2026 01 14 06 21 50.58
0  -5116.47943  -1619.80389   5179.51419   3.9180704  -5.1650455   2.3561509 2026 01 14 06 22 10.58
0  -5037.29721  -1722.90456   5225.64021   3.9998441  -5.1447234   2.2561448 2026 01 14 06 22 30.58
0  -4956.49466  -1825.58178   5269.75794   4.0800971  -5.1226958   2.1553314 2026 01 14 06 22 50.58
0  -4874.10239  -1927.80150   5311.85160   4.1588078  -5.0989683   2.0537483 2026 01 14 06 23 10.58
0  -4790.15148  -2029.52978   5351.90617   4.2359549  -5.0735468   1.9514330 2026 01 14 06 23 30.58
0  -4704.67339  -2130.73279   5389.90737   4.3115179  -5.0464377   1.8484233 2026 01 14 06 23 50.58
0  -4617.70002  -2231.37684   5425.84169   4.3854766  -5.0176476   1.7447573 2026 01 14 06 24 10.58
0  -4529.26364  -2331.42840   5459.69638   4.4578116  -4.9871838   1.6404729 2026 01 14 06 24 30.58
0  -4439.39693  -2430.85405   5491.45945   4.5285039  -4.9550539   1.5356083 2026 01 14 06 24 50.58
0  -4348.13292  -2529.62055   5521.11967   4.5975349  -4.9212659   1.4302017 2026 01 14 06 25 10.58
0  -4255.50501  -2627.69483   5548.66659   4.6648867  -4.8858284   1.3242916 2026 01 14 06 25 30.58
0  -4161.54698  -2725.04397   5574.09052   4.7305420  -4.8487501   1.2179164 2026 01 14 06 25 50.58
0  -4066.29292  -2821.63525   5597.38252   4.7944838  -4.8100404   1.1111146 2026 01 14 06 26 10.58
0  -3969.77727  -2917.43614   5618.53447   4.8566958  -4.7697090   1.0039248 2026 01 14 06 26 30.58
0  -3872.03478  -3012.41430   5637.53897   4.9171622  -4.7277659   0.8963858 2026 01 14 06 26 50.58
0  -3773.10052  -3106.53760   5654.38943   4.9758677  -4.6842219   0.7885362 2026 01 14 06 27 10.58
0  -3673.00987  -3199.77413   5669.08003   5.0327976  -4.6390877   0.6804148 2026 01 14 06 27 30.58
0  -3571.79847  -3292.09218   5681.60571   5.0879376  -4.5923748   0.5720604 2026 01 14 06 27 50.58
0  -3469.50227  -3383.46031   5691.96219   5.1412740  -4.5440949   0.4635119 2026 01 14 06 28 10.58
0  -3366.15748  -3473.84730   5700.14600   5.1927937  -4.4942603   0.3548082 2026 01 14 06 28 30.58
0  -3261.80055  -3563.22215   5706.15439   5.2424840  -4.4428834   0.2459881 2026 01 14 06 28 50.58
0  -3156.46821  -3651.55417   5709.98545   5.2903327  -4.3899774   0.1370904 2026 01 14 06 29 10.58
0  -3050.19741  -3738.81290   5711.63799   5.3363283  -4.3355556   0.0281542 2026 01 14 06 29 30.58
0  -2943.02532  -3824.96815   5711.11165   5.3804596  -4.2796318  -0.0807818 2026 01 14 06 29 50.58
0  -2834.98933  -3909.99003   5708.40681   5.4227162  -4.2222203  -0.1896786 2026 01 14 06 30 10.58
0  -2726.12706  -3993.84892   5703.52465   5.4630878  -4.1633356  -0.2984974 2026 01 14 06 30 30.58
0  -2616.47629  -4076.51551   5696.46711   5.5015651  -4.1029929  -0.4071995 2026 01 14 06 30 50.58
0  -2506.07501  -4157.96079   5687.23692   5.5381390  -4.0412075  -0.5157460 2026 01 14 06 31 10.58
0  -2394.96137  -4238.15606   5675.83758   5.5728011  -3.9779953  -0.6240983 2026 01 14 06 31 30.58
0  -2283.17370  -4317.07294   5662.27335   5.6055433  -3.9133725  -0.7322176 2026 01 14 06 31 50.58
0  -2170.75048  -4394.68338   5646.54929   5.6363581  -3.8473558  -0.8400654 2026 01 14 06 32 10.58
0  -2057.73032  -4470.95968   5628.67122   5.6652388  -3.7799623  -0.9476032 2026 01 14 06 32 30.58
0  -1944.15197  -4545.87448   5608.64571   5.6921788  -3.7112093  -1.0547924 2026 01 14 06 32 50.58
0  -1830.05432  -4619.40074   5586.48014   5.7171722  -3.6411148  -1.1615948 2026 01 14 06 33 10.58
0  -1715.47634  -4691.51184   5562.18262   5.7402137  -3.5696971  -1.2679719 2026 01 14 06 33 30.58
0  -1600.45714  -4762.18149   5535.76203   5.7612985  -3.4969747  -1.3738858 2026 01 14 06 33 50.58
0  -1485.03590  -4831.38378   5507.22804   5.7804221  -3.4229669  -1.4792982 2026 01 14 06 34 10.58
0  -1369.25188  -4899.09320   5476.59105   5.7975807  -3.3476930  -1.5841713 2026 01 14 06 34 30.58
0  -1253.14442  -4965.28462   5443.86223   5.8127710  -3.2711729  -1.6884673 2026 01 14 06 34 50.58
0  -1136.75291  -5029.93332   5409.05351   5.8259904  -3.1934270  -1.7921484 2026 01 14 06 35 10.58
0  -1020.11680  -5093.01500   5372.17755   5.8372364  -3.1144759  -1.8951771 2026 01 14 06 35 30.58
0   -903.27558  -5154.50575   5333.24780   5.8465073  -3.0343408  -1.9975160 2026 01 14 06 35 50.58
0   -786.26876  -5214.38212   5292.27841   5.8538020  -2.9530431  -2.0991279 2026 01 14 06 36 10.58
0   -669.13588  -5272.62107   5249.28431   5.8591196  -2.8706047  -2.1999757 2026 01 14 06 36 30.58
0   -551.91649  -5329.20000   5204.28115   5.8624602  -2.7870480  -2.3000225 2026 01 14 06 36 50.58
0   -434.65012  -5384.09678   5157.28532   5.8638239  -2.7023956  -2.3992316 2026 01 14 06 37 10.58
0   -317.37631  -5437.28973   5108.31395   5.8632117  -2.6166707  -2.4975665 2026 01 14 06 37 30.58
0   -200.13456  -5488.75763   5057.38489   5.8606250  -2.5298968  -2.5949909 2026 01 14 06 37 50.58
0    -82.96434  -5538.47974   5004.51672   5.8560657  -2.4420977  -2.6914687 2026 01 14 06 38 10.58
0     34.09492  -5586.43580   4949.72872   5.8495363  -2.3532979  -2.7869641 2026 01 14 06 38 30.58
0    151.00384  -5632.60604   4893.04092   5.8410398  -2.2635221  -2.8814413 2026 01 14 06 38 50.58
0    267.72312  -5676.97120   4834.47403   5.8305797  -2.1727953  -2.9748650 2026 01 14 06 39 10.58
0    384.21352  -5719.51251   4774.04948   5.8181600  -2.0811430  -3.0672000 2026 01 14 06 39 30.58
0    500.43590  -5760.21172   4711.78940   5.8037853  -1.9885913  -3.1584114 2026 01 14 06 39 50.58
0    616.35122  -5799.05111   4647.71662   5.7874609  -1.8951663  -3.2484647 2026 01 14 06 40 10.58
0    731.92052  -5836.01347   4581.85463   5.7691923  -1.8008948  -3.3373255 2026 01 14 06 40 30.58
0    847.10500  -5871.08216   4514.22764   5.7489858  -1.7058039  -3.4249597 2026 01 14 06 40 50.58
0    961.86597  -5904.24106   4444.86053   5.7268481  -1.6099210  -3.5113336 2026 01 14 06 41 10.58
0   1076.16486  -5935.47461   4373.77883   5.7027866  -1.5132741  -3.5964137 2026 01 14 06 41 30.58
0   1189.96329  -5964.76781   4301.00876   5.6768090  -1.4158914  -3.6801670 2026 01 14 06 41 50.58
0   1303.22303  -5992.10624   4226.57718   5.6489238  -1.3178016  -3.7625607 2026 01 14 06 42 10.58
0   1415.90600  -6017.47603   4150.51163   5.6191399  -1.2190336  -3.8435624 2026 01 14 06 42 30.58
0   1527.97433  -6040.86393   4072.84025   5.5874667  -1.1196168  -3.9231399 2026 01 14 06 42 50.58
0   1639.39034  -6062.25726   3993.59186   5.5539144  -1.0195811  -4.0012617 2026 01 14 06 43 10.58
0   1750.11656  -6081.64395   3912.79589   5.5184935  -0.9189566  -4.0778963 2026 01 14 06 43 30.58
0   1860.11573  -6099.01251   3830.48239   5.4812152  -0.8177738  -4.1530130 2026 01 14 06 43 50.58
0   1969.35081  -6114.35210   3746.68203   5.4420912  -0.7160636  -4.2265810 2026 01 14 06 44 10.58
0   2077.78503  -6127.65247   3661.42609   5.4011337  -0.6138572  -4.2985705 2026 01 14 06 44 30.58
0   2185.38183  -6138.90403   3574.74645   5.3583556  -0.5111862  -4.3689516 2026 01 14 06 44 50.58
0   2292.10495  -6148.09781   3486.67555   5.3137702  -0.4080826  -4.4376952 2026 01 14 06 45 10.58
0   2397.91839  -6155.22546   3397.24644   5.2673915  -0.3045787  -4.5047725 2026 01 14 06 45 30.58
0   2502.78642  -6160.27932   3306.49274   5.2192340  -0.2007072  -4.5701551 2026 01 14 06 45 50.58
0   2606.67362  -6163.25236   3214.44861   5.1693127  -0.0965009  -4.6338154 2026 01 14 06 46 10.58
0   2709.54488  -6164.13821   3121.14878   5.1176434   0.0080069  -4.6957259 2026 01 14 06 46 30.58
0   2811.36540  -6162.93119   3026.62852   5.0642421   0.1127824  -4.7558599 2026 01 14 06 46 50.58
0   2912.10072  -6159.62627   2930.92362   5.0091257   0.2177917  -4.8141909 2026 01 14 06 47 10.58
0   3011.71670  -6154.21913   2834.07040   4.9523115   0.3230006  -4.8706934 2026 01 14 06 47 30.58
0   3110.17957  -6146.70611   2736.10567   4.8938173   0.4283746  -4.9253420 2026 01 14 06 47 50.58
0   3207.45593  -6137.08427   2637.06678   4.8336617   0.5338788  -4.9781122 2026 01 14 06 48 10.58
0   3303.51273  -6125.35135   2536.99152   4.7718637   0.6394780  -5.0289797 2026 01 14 06 48 30.58
0   3398.31733  -6111.50579   2435.91819   4.7084427   0.7451368  -5.0779212 2026 01 14 06 48 50.58
0   3491.83746  -6095.54677   2333.88554   4.6434191   0.8508196  -5.1249138 2026 01 14 06 49 10.58
0   3584.04130  -6077.47417   2230.93276   4.5768136   0.9564904  -5.1699351 2026 01 14 06 49 30.58
0   3674.89742  -6057.28858   2127.09951   4.5086473   1.0621129  -5.2129636 2026 01 14 06 49 50.58
0   3764.37481  -6034.99133   2022.42584   4.4389422   1.1676508  -5.2539783 2026 01 14 06 50 10.58
0   3852.44293  -6010.58447   1916.95224   4.3677206   1.2730674  -5.2929588 2026 01 14 06 50 30.58
0   3939.07169  -5984.07081   1810.71958   4.2950056   1.3783258  -5.3298854 2026 01 14 06 50 50.58
0   4024.23145  -5955.45387   1703.76915   4.2208206   1.4833888  -5.3647392 2026 01 14 06 51 10.58
0   4107.89304  -5924.73794   1596.14256   4.1451897   1.5882192  -5.3975019 2026 01 14 06 51 30.58
0   4190.02782  -5891.92803   1487.88184   4.0681375   1.6927794  -5.4281559 2026 01 14 06 51 50.58
0   4270.60759  -5857.02992   1379.02930   3.9896893   1.7970319  -5.4566844 2026 01 14 06 52 10.58
0   4349.60470  -5820.05015   1269.62764   3.9098707   1.9009387  -5.4830712 2026 01 14 06 52 30.58
0   4426.99200  -5780.99601   1159.71982   3.8287080   2.0044619  -5.5073012 2026 01 14 06 52 50.58
0   4502.74288  -5739.87554   1049.34914   3.7462280   2.1075634  -5.5293596 2026 01 14 06 53 10.58
0   4576.83126  -5696.69756    938.55917   3.6624580   2.2102049  -5.5492326 2026 01 14 06 53 30.58
0   4649.23163  -5651.47165    827.39375   3.5774259   2.3123481  -5.5669074 2026 01 14 06 53 50.58
0   4719.91903  -5604.20816    715.89695   3.4911601   2.4139544  -5.5823716 2026 01 14 06 54 10.58
0   4788.86906  -5554.91821    604.11312   3.4036895   2.5149855  -5.5956139 2026 01 14 06 54 30.58
0   4856.05794  -5503.61369    492.08678   3.3150436   2.6154027  -5.6066238 2026 01 14 06 54 50.58
0   4921.46244  -5450.30725    379.86269   3.2252522   2.7151673  -5.6153916 2026 01 14 06 55 10.58
0   4985.05996  -5395.01234    267.48578   3.1343458   2.8142407  -5.6219084 2026 01 14 06 55 30.58
0   5046.82851  -5337.74316    155.00115   3.0423553   2.9125843  -5.6261663 2026 01 14 06 55 50.58
0   5106.74673  -5278.51470     42.45404   2.9493122   3.0101592  -5.6281582 2026 01 14 06 56 10.58
0   5164.79386  -5217.34271    -70.11015   2.8552484   3.1069268  -5.6278779 2026 01 14 06 56 30.58
0   5220.94983  -5154.24372   -182.64593   2.7601961   3.2028485  -5.6253201 2026 01 14 06 56 50.58
0   5275.19519  -5089.23504   -295.10770   2.6641883   3.2978857  -5.6204804 2026 01 14 06 57 10.58
0   5327.51115  -5022.33473   -407.44980   2.5672583   3.3919998  -5.6133555 2026 01 14 06 57 30.58
0   5377.87962  -4953.56165   -519.62648   2.4694398   3.4851525  -5.6039427 2026 01 14 06 57 50.58
0   5426.28315  -4882.93541   -631.59197   2.3707670   3.5773053  -5.5922405 2026 01 14 06 58 10.58
0   5472.70501  -4810.47637   -743.30049   2.2712745   3.6684202  -5.5782483 2026 01 14 06 58 30.58
0   5517.12914  -4736.20569   -854.70622   2.1709972   3.7584589  -5.5619665 2026 01 14 06 58 50.58
0   5559.54021  -4660.14527   -965.76339   2.0699708   3.8473837  -5.5433963 2026 01 14 06 59 10.58
0   5599.92359  -4582.31775  -1076.42626   1.9682309   3.9351567  -5.5225401 2026 01 14 06 59 30.58
0   5638.26536  -4502.74656  -1186.64912   1.8658138   4.0217405  -5.4994012 2026 01 14 06 59 50.58
0   5674.55234  -4421.45584  -1296.38637   1.7627561   4.1070979  -5.4739839 2026 01 14 07 00 10.58
0   5708.77210  -4338.47050  -1405.59249   1.6590948   4.1911916  -5.4462934 2026 01 14 07 00 30.58
0   5740.91292  -4253.81619  -1514.22208   1.5548671   4.2739850  -5.4163361 2026 01 14 07 00 50.58
0   5770.96385  -4167.51926  -1622.22986   1.4501106   4.3554415  -5.3841192 2026 01 14 07 01 10.58
0   5798.91469  -4079.60683  -1729.57074   1.3448633   4.4355249  -5.3496512 2026 01 14 07 01 30.58
0   5824.75601  -3990.10672  -1836.19977   1.2391635   4.5141994  -5.3129412 2026 01 14 07 01 50.58
0   5848.47914  -3899.04747  -1942.07221   1.1330498   4.5914294  -5.2739998 2026 01 14 07 02 10.58
0   5870.07618  -3806.45831  -2047.14356   1.0265608   4.6671797  -5.2328383 2026 01 14 07 02 30.58
0   5889.54002  -3712.36920  -2151.36953   0.9197358   4.7414156  -5.1894692 2026 01 14 07 02 50.58
0   5906.86433  -3616.81077  -2254.70610   0.8126140   4.8141027  -5.1439060 2026 01 14 07 03 10.58
0   5922.04356  -3519.81433  -2357.10954   0.7052351   4.8852070  -5.0961631 2026 01 14 07 03 30.58
0   5935.07298  -3421.41189  -2458.53639   0.5976388   4.9546951  -5.0462561 2026 01 14 07 03 50.58
0   5945.94863  -3321.63610  -2558.94354   0.4898650   5.0225340  -4.9942016 2026 01 14 07 04 10.58
0   5954.66736  -3220.52027  -2658.28822   0.3819541   5.0886911  -4.9400173 2026 01 14 07 04 30.58
0   5961.22682  -3118.09837  -2756.52801   0.2739462   5.1531343  -4.8837218 2026 01 14 07 04 50.58
0   5965.62550  -3014.40499  -2853.62088   0.1658818   5.2158324  -4.8253347 2026 01 14 07 05 10.58
0   5967.86265  -2909.47535  -2949.52522   0.0578016   5.2767543  -4.7648769 2026 01 14 07 05 30.58
0   5967.93837  -2803.34528  -3044.19981  -0.0502537   5.3358696  -4.7023700 2026 01 14 07 05 50.58
0   5965.85356  -2696.05121  -3137.60391  -0.1582434   5.3931488  -4.6378369 2026 01 14 07 06 10.58
0   5961.60995  -2587.63018  -3229.69722  -0.2661266   5.4485626  -4.5713013 2026 01 14 07 06 30.58
0   5955.21008  -2478.11976  -3320.43995  -0.3738623   5.5020826  -4.5027881 2026 01 14 07 06 50.58
0   5946.65730  -2367.55813  -3409.79279  -0.4814095   5.5536809  -4.4323230 2026 01 14 07 07 10.58
0   5935.95580  -2255.98399  -3497.71698  -0.5887274   5.6033305  -4.3599329 2026 01 14 07 07 30.58
0   5923.11056  -2143.43659  -3584.17430  -0.6957748   5.6510048  -4.2856456 2026 01 14 07 07 50.58
0   5908.12743  -2029.95570  -3669.12709  -0.8025109   5.6966783  -4.2094899 2026 01 14 07 08 10.58
0   5891.01301  -1915.58159  -3752.53828  -0.9088948   5.7403259  -4.1314955 2026 01 14 07 08 30.58
0   5871.77479  -1800.35502  -3834.37140  -1.0148856   5.7819234  -4.0516932 2026 01 14 07 08 50.58
0   5850.42101  -1684.31724  -3914.59062  -1.1204425   5.8214473  -3.9701146 2026 01 14 07 09 10.58
0   5826.96078  -1567.50994  -3993.16073  -1.2255249   5.8588751  -3.8867925 2026 01 14 07 09 30.58
0   5801.40398  -1449.97528  -4070.04720  -1.3300923   5.8941850  -3.8017602 2026 01 14 07 09 50.58
0   5773.76133  -1331.75584  -4145.21618  -1.4341043   5.9273558  -3.7150524 2026 01 14 07 10 10.58
0   5744.04434  -1212.89459  -4218.63451  -1.5375206   5.9583675  -3.6267044 2026 01 14 07 10 30.58
0   5712.26531  -1093.43491  -4290.26976  -1.6403014   5.9872009  -3.5367524 2026 01 14 07 10 50.58
0   5678.43737   -973.42057  -4360.09020  -1.7424066   6.0138375  -3.4452336 2026 01 14 07 11 10.58
0   5642.57442   -852.89567  -4428.06491  -1.8437968   6.0382598  -3.3521860 2026 01 14 07 11 30.58
0   5604.69116   -731.90468  -4494.16368  -1.9444327   6.0604512  -3.2576484 2026 01 14 07 11 50.58
0   5564.80307   -610.49237  -4558.35711  -2.0442751   6.0803962  -3.1616604 2026 01 14 07 12 10.58
0   5522.92641   -488.70382  -4620.61662  -2.1432853   6.0980799  -3.0642626 2026 01 14 07 12 30.58
0   5479.07821   -366.58439  -4680.91442  -2.2414248   6.1134887  -2.9654962 2026 01 14 07 12 50.58
0   5433.27627   -244.17973  -4739.22355  -2.3386556   6.1266098  -2.8654031 2026 01 14 07 13 10.58
0   5385.53913   -121.53569  -4795.51793  -2.4349399   6.1374313  -2.7640262 2026 01 14 07 13 30.58
0   5335.88612      1.30162  -4849.77231  -2.5302402   6.1459425  -2.6614089 2026 01 14 07 13 50.58
0   5284.33728    124.28588  -4901.96234  -2.6245197   6.1521335  -2.5575955 2026 01 14 07 14 10.58
0   5230.91339    247.37062  -4952.06453  -2.7177416   6.1559957  -2.4526307 2026 01 14 07 14 30.58
0   5175.63597    370.50917  -5000.05633  -2.8098700   6.1575212  -2.3465602 2026 01 14 07 14 50.58
0   5118.52725    493.65473  -5045.91609  -2.9008691   6.1567033  -2.2394301 2026 01 14 07 15 10.58
0   5059.61017    616.76038  -5089.62308  -2.9907037   6.1535365  -2.1312871 2026 01 14 07 15 30.58
0   4998.90836    739.77909  -5131.15754  -3.0793391   6.1480160  -2.0221787 2026 01 14 07 15 50.58
0   4936.44616    862.66375  -5170.50063  -3.1667412   6.1401383  -1.9121527 2026 01 14 07 16 10.58
0   4872.24857    985.36720  -5207.63449  -3.2528762   6.1299010  -1.8012576 2026 01 14 07 16 30.58
0   4806.34126   1107.84222  -5242.54224  -3.3377111   6.1173027  -1.6895425 2026 01 14 07 16 50.58
0   4738.75056   1230.04160  -5275.20797  -3.4212134   6.1023430  -1.5770567 2026 01 14 07 17 10.58
0   4669.50345   1351.91812  -5305.61678  -3.5033511   6.0850227  -1.4638503 2026 01 14 07 17 30.58
0   4598.62752   1473.42459  -5333.75475  -3.5840930   6.0653436  -1.3499734 2026 01 14 07 17 50.58
0   4526.15101   1594.51386  -5359.60900  -3.6634082   6.0433088  -1.2354770 2026 01 14 07 18 10.58
0   4452.10274   1715.13886  -5383.16765  -3.7412667   6.0189222  -1.1204120 2026 01 14 07 18 30.58
0   4376.51214   1835.25260  -5404.41983  -3.8176392   5.9921890  -1.0048301 2026 01 14 07 18 50.58
0   4299.40923   1954.80823  -5423.35575  -3.8924968   5.9631155  -0.8887829 2026 01 14 07 19 10.58
0   4220.82457   2073.75900  -5439.96661  -3.9658117   5.9317089  -0.7723226 2026 01 14 07 19 30.58
0   4140.78930   2192.05836  -5454.24468  -4.0375564   5.8979778  -0.6555014 2026 01 14 07 19 50.58
0   4059.33508   2309.65989  -5466.18326  -4.1077044   5.8619316  -0.5383720 2026 01 14 07 20 10.58
0   3976.49410   2426.51742  -5475.77674  -4.1762297   5.8235810  -0.4209872 2026 01 14 07 20 30.58
0   3892.29907   2542.58497  -5483.02052  -4.2431073   5.7829377  -0.3033997 2026 01 14 07 20 50.58
0   3806.78319   2657.81682  -5487.91109  -4.3083128   5.7400145  -0.1856628 2026 01 14 07 21 10.58
0   3719.98012   2772.16752  -5490.44599  -4.3718226   5.6948252  -0.0678296 2026 01 14 07 21 30.58
0   3631.92401   2885.59189  -5490.62382  -4.4336139   5.6473849   0.0500467 2026 01 14 07 21 50.58
0   3542.64945   2998.04508  -5488.44427  -4.4936648   5.5977096   0.1679127 2026 01 14 07 22 10.58
0   3452.19146   3109.48256  -5483.90807  -4.5519540   5.5458164   0.2857152 2026 01 14 07 22 30.58
0   3360.58546   3219.86016  -5477.01702  -4.6084612   5.4917235   0.4034009 2026 01 14 07 22 50.58
0   3267.86729   3329.13408  -5467.77398  -4.6631669   5.4354500   0.5209165 2026 01 14 07 23 10.58
0   3174.07317   3437.26091  -5456.18291  -4.7160524   5.3770162   0.6382088 2026 01 14 07 23 30.58
0   3079.23967   3544.19767  -5442.24877  -4.7670999   5.3164433   0.7552247 2026 01 14 07 23 50.58
0   2983.40373   3649.90179  -5425.97764  -4.8162923   5.2537538   0.8719115 2026 01 14 07 24 10.58
0   2886.60260   3754.33117  -5407.37663  -4.8636137   5.1889708   0.9882162 2026 01 14 07 24 30.58
0   2788.87385   3857.44420  -5386.45388  -4.9090487   5.1221187   1.1040864 2026 01 14 07 24 50.58
0   2690.25535   3959.19975  -5363.21863  -4.9525831   5.0532227   1.2194697 2026 01 14 07 25 10.58
0   2590.78524   4059.55719  -5337.68111  -4.9942033   4.9823092   1.3343140 2026 01 14 07 25 30.58
0   2490.50194   4158.47646  -5309.85263  -5.0338968   4.9094052   1.4485677 2026 01 14 07 25 50.58
0   2389.44409   4255.91803  -5279.74551  -5.0716520   4.8345390   1.5621792 2026 01 14 07 26 10.58
0   2287.65056   4351.84294  -5247.37310  -5.1074580   4.7577396   1.6750975 2026 01 14 07 26 30.58
0   2185.16043   4446.21282  -5212.74976  -5.1413051   4.6790371   1.7872718 2026 01 14 07 26 50.58
0   2082.01296   4538.98994  -5175.89088  -5.1731843   4.5984622   1.8986519 2026 01 14 07 27 10.58
0   1978.24761   4630.13714  -5136.81283  -5.2030874   4.5160467   2.0091879 2026 01 14 07 27 30.58
0   1873.90395   4719.61795  -5095.53299  -5.2310075   4.4318232   2.1188303 2026 01 14 07 27 50.58
0   1769.02170   4807.39655  -5052.06971  -5.2569383   4.3458252   2.2275304 2026 01 14 07 28 10.58
0   1663.64072   4893.43777  -5006.44231  -5.2808744   4.2580868   2.3352396 2026 01 14 07 28 30.58
0   1557.80092   4977.70717  -4958.67109  -5.3028116   4.1686433   2.4419102 2026 01 14 07 28 50.58
0   1451.54233   5060.17100  -4908.77729  -5.3227462   4.0775303   2.5474949 2026 01 14 07 29 10.58
0   1344.90502   5140.79622  -4856.78309  -5.3406759   3.9847846   2.6519470 2026 01 14 07 29 30.58
0   1237.92911   5219.55057  -4802.71158  -5.3565987   3.8904433   2.7552205 2026 01 14 07 29 50.58
0   1130.65475   5296.40250  -4746.58681  -5.3705142   3.7945447   2.8572701 2026 01 14 07 30 10.58
0   1023.12207   5371.32125  -4688.43368  -5.3824223   3.6971273   2.9580510 2026 01 14 07 30 30.58
0    915.37122   5444.27684  -4628.27800  -5.3923241   3.5982306   3.0575193 2026 01 14 07 30 50.58
0    807.44231   5515.24007  -4566.14646  -5.4002215   3.4978948   3.1556316 2026 01 14 07 31 10.58
0    699.37540   5584.18258  -4502.06660  -5.4061174   3.3961603   3.2523454 2026 01 14 07 31 30.58
0    591.21048   5651.07679  -4436.06679  -5.4100155   3.2930686   3.3476190 2026 01 14 07 31 50.58
0    482.98747   5715.89598  -4368.17626  -5.4119202   3.1886615   3.4414113 2026 01 14 07 32 10.58
0    374.74617   5778.61425  -4298.42501  -5.4118372   3.0829814   3.5336823 2026 01 14 07 32 30.58
0    266.52630   5839.20658  -4226.84388  -5.4097725   2.9760712   3.6243925 2026 01 14 07 32 50.58
0    158.36741   5897.64880  -4153.46445  -5.4057335   2.8679744   3.7135035 2026 01 14 07 33 10.58
0     50.30891   5953.91759  -4078.31909  -5.3997280   2.7587349   3.8009777 2026 01 14 07 33 30.58
0    -57.60995   6007.99056  -4001.44089  -5.3917650   2.6483970   3.8867783 2026 01 14 07 33 50.58
0   -165.35011   6059.84618  -3922.86368  -5.3818539   2.5370056   3.9708696 2026 01 14 07 34 10.58
0   -272.87272   6109.46383  -3842.62200  -5.3700053   2.4246059   4.0532165 2026 01 14 07 34 30.58
0   -380.13912   6156.82379  -3760.75108  -5.3562305   2.3112435   4.1337851 2026 01 14 07 34 50.58
0   -487.11091   6201.90726  -3677.28679  -5.3405414   2.1969642   4.2125424 2026 01 14 07 35 10.58
0   -593.74993   6244.69637  -3592.26570  -5.3229508   2.0818144   4.2894563 2026 01 14 07 35 30.58
0   -700.01829   6285.17416  -3505.72498  -5.3034724   1.9658405   4.3644957 2026 01 14 07 35 50.58
0   -805.87835   6323.32463  -3417.70241  -5.2821205   1.8490895   4.4376306 2026 01 14 07 36 10.58
0   -911.29279   6359.13270  -3328.23639  -5.2589101   1.7316084   4.5088318 2026 01 14 07 36 30.58
0  -1016.22461   6392.58423  -3237.36586  -5.2338570   1.6134445   4.5780712 2026 01 14 07 36 50.58
0  -1120.63709   6423.66604  -3145.13033  -5.2069777   1.4946452   4.6453218 2026 01 14 07 37 10.58
0  -1224.49390   6452.36590  -3051.56984  -5.1782895   1.3752584   4.7105576 2026 01 14 07 37 30.58
0  -1327.75901   6478.67254  -2956.72494  -5.1478101   1.2553317   4.7737534 2026 01 14 07 37 50.58
0  -1430.39679   6502.57563  -2860.63666  -5.1155582   1.1349130   4.8348855 2026 01 14 07 38 10.58
0  -1532.37196   6524.06581  -2763.34652  -5.0815528   1.0140505   4.8939308 2026 01 14 07 38 30.58
0  -1633.64967   6543.13469  -2664.89646  -5.0458140   0.8927922   4.9508676 2026 01 14 07 38 50.58
0  -1734.19543   6559.77483  -2565.32887  -5.0083620   0.7711862   5.0056751 2026 01 14 07 39 10.58
0  -1833.97519   6573.97977  -2464.68652  -4.9692179   0.6492808   5.0583335 2026 01 14 07 39 30.58
0  -1932.95531   6585.74398  -2363.01260  -4.9284034   0.5271240   5.1088243 2026 01 14 07 39 50.58
0  -2031.10261   6595.06293  -2260.35063  -4.8859407   0.4047639   5.1571299 2026 01 14 07 40 10.58
0  -2128.38434   6601.93303  -2156.74449  -4.8418525   0.2822487   5.2032337 2026 01 14 07 40 30.58
0  -2224.76822   6606.35167  -2052.23836  -4.7961621   0.1596264   5.2471205 2026 01 14 07 40 50.58
0  -2320.22244   6608.31716  -1946.87673  -4.7488933   0.0369448   5.2887758 2026 01 14 07 41 10.58
0  -2414.71567   6607.82882  -1840.70437  -4.7000704  -0.0857484   5.3281864 2026 01 14 07 41 30.58
0  -2508.21708   6604.88689  -1733.76629  -4.6497183  -0.2084054   5.3653403 2026 01 14 07 41 50.58
0  -2600.69633   6599.49256  -1626.10774  -4.5978622  -0.3309788   5.4002262 2026 01 14 07 42 10.58
0  -2692.12358   6591.64798  -1517.77419  -4.5445277  -0.4534214   5.4328341 2026 01 14 07 42 30.58
0  -2782.46954   6581.35625  -1408.81129  -4.4897411  -0.5756861   5.4631552 2026 01 14 07 42 50.58
0  -2871.70542   6568.62138  -1299.26486  -4.4335288  -0.6977260   5.4911815 2026 01 14 07 43 10.58
0  -2959.80297   6553.44836  -1189.18086  -4.3759179  -0.8194946   5.5169063 2026 01 14 07 43 30.58
0  -3046.73449   6535.84305  -1078.60538  -4.3169355  -0.9409456   5.5403237 2026 01 14 07 43 50.58
0  -3132.47283   6515.81229   -967.58462  -4.2566095  -1.0620330   5.5614292 2026 01 14 07 44 10.58
0  -3216.99139   6493.36381   -856.16486  -4.1949679  -1.1827110   5.5802189 2026 01 14 07 44 30.58
0  -3300.26415   6468.50624   -744.39245  -4.1320389  -1.3029344   5.5966903 2026 01 14 07 44 50.58
0  -3382.26564   6441.24914   -632.31377  -4.0678512  -1.4226580   5.6108419 2026 01 14 07 45 10.58
0  -3462.97097   6411.60294   -519.97521  -4.0024339  -1.5418373   5.6226730 2026 01 14 07 45 30.58
0  -3542.35584   6379.57899   -407.42320  -3.9358160  -1.6604279   5.6321841 2026 01 14 07 45 50.58
0  -3620.39654   6345.18950   -294.70412  -3.8680270  -1.7783860   5.6393766 2026 01 14 07 46 10.58
0  -3697.06994   6308.44755   -181.86431  -3.7990968  -1.8956681   5.6442531 2026 01 14 07 46 30.58
0  -3772.35351   6269.36711    -68.95006  -3.7290551  -2.0122312   5.6468170 2026 01 14 07 46 50.58
0  -3846.22534   6227.96297     43.99241  -3.6579321  -2.1280327   5.6470726 2026 01 14 07 47 10.58
0  -3918.66408   6184.25080    156.91699  -3.5857581  -2.2430304   5.6450254 2026 01 14 07 47 30.58
0  -3989.64904   6138.24709    269.77768  -3.5125636  -2.3571828   5.6406817 2026 01 14 07 47 50.58
0  -4059.16011   6089.96915    382.52864  -3.4383792  -2.4704487   5.6340488 2026 01 14 07 48 10.58
0  -4127.17779   6039.43515    495.12415  -3.3632357  -2.5827874   5.6251349 2026 01 14 07 48 30.58
0  -4193.68322   5986.66401    607.51869  -3.2871641  -2.6941588   5.6139491 2026 01 14 07 48 50.58
0  -4258.65815   5931.67548    719.66691  -3.2101952  -2.8045233   5.6005015 2026 01 14 07 49 10.58
0  -4322.08495   5874.49010    831.52370  -3.1323602  -2.9138417   5.5848029 2026 01 14 07 49 30.58
0  -4383.94659   5815.12917    943.04414  -3.0536903  -3.0220756   5.5668652 2026 01 14 07 49 50.58
0  -4444.22671   5753.61477   1054.18357  -2.9742166  -3.1291870   5.5467010 2026 01 14 07 50 10.58
0  -4502.90954   5689.96972   1164.89762  -2.8939704  -3.2351385   5.5243239 2026 01 14 07 50 30.58
0  -4559.97995   5624.21760   1275.14216  -2.8129831  -3.3398933   5.4997482 2026 01 14 07 50 50.58
0  -4615.42342   5556.38269   1384.87336  -2.7312860  -3.4434151   5.4729891 2026 01 14 07 51 10.58
0  -4669.22609   5486.49001   1494.04773  -2.6489104  -3.5456682   5.4440626 2026 01 14 07 51 30.58
0  -4721.37469   5414.56529   1602.62207  -2.5658875  -3.6466178   5.4129854 2026 01 14 07 51 50.58
0  -4771.85660   5340.63495   1710.55356  -2.4822488  -3.7462292   5.3797750 2026 01 14 07 52 10.58
0  -4820.65980   5264.72609   1817.79970  -2.3980254  -3.8444688   5.3444499 2026 01 14 07 52 30.58
0  -4867.77294   5186.86647   1924.31841  -2.3132485  -3.9413034   5.3070290 2026 01 14 07 52 50.58
0  -4913.18524   5107.08452   2030.06795  -2.2279494  -4.0367003   5.2675322 2026 01 14 07 53 10.58
0  -4956.88658   5025.40932   2135.00702  -2.1421591  -4.1306277   5.2259800 2026 01 14 07 53 30.58
0  -4998.86745   4941.87056   2239.09472  -2.0559085  -4.2230543   5.1823935 2026 01 14 07 53 50.58
0  -5039.11895   4856.49856   2342.29057  -1.9692286  -4.3139495   5.1367947 2026 01 14 07 54 10.58
0  -5077.63280   4769.32426   2444.55458  -1.8821502  -4.4032833   5.0892061 2026 01 14 07 54 30.58
0  -5114.40136   4680.37918   2545.84715  -1.7947039  -4.4910264   5.0396510 2026 01 14 07 54 50.58
0  -5149.41755   4589.69540   2646.12922  -1.7069203  -4.5771500   4.9881533 2026 01 14 07 55 10.58
0  -5182.67496   4497.30561   2745.36216  -1.6188299  -4.6616263   4.9347373 2026 01 14 07 55 30.58
0  -5214.16774   4403.24301   2843.50786  -1.5304628  -4.7444278   4.8794283 2026 01 14 07 55 50.58
0  -5243.89066   4307.54137   2940.52872  -1.4418493  -4.8255280   4.8222518 2026 01 14 07 56 10.58
0  -5271.83910   4210.23498   3036.38765  -1.3530192  -4.9049007   4.7632342 2026 01 14 07 56 30.58
0  -5298.00903   4111.35862   3131.04810  -1.2640024  -4.9825207   4.7024023 2026 01 14 07 56 50.58
0  -5322.39700   4010.94761   3224.47405  -1.1748285  -5.0583632   4.6397834 2026 01 14 07 57 10.58
0  -5345.00018   3909.03773   3316.63003  -1.0855268  -5.1324044   4.5754056 2026 01 14 07 57 30.58
0  -5365.81630   3805.66523   3407.48116  -0.9961266  -5.2046208   4.5092971 2026 01 14 07 57 50.58
0  -5384.84368   3700.86684   3496.99311  -0.9066570  -5.2749899   4.4414869 2026 01 14 07 58 10.58
0  -5402.08122   3594.67971   3585.13213  -0.8171468  -5.3434896   4.3720045 2026 01 14 07 58 30.58
0  -5417.52840   3487.14145   3671.86508  -0.7276245  -5.4100987   4.3008797 2026 01 14 07 58 50.58
0  -5431.18526   3378.29006   3757.15941  -0.6381185  -5.4747966   4.2281429 2026 01 14 07 59 10.58
0  -5443.05241   3268.16399   3840.98319  -0.5486571  -5.5375633   4.1538248 2026 01 14 07 59 30.58
0  -5453.13102   3156.80202   3923.30509  -0.4592681  -5.5983795   4.0779567 2026 01 14 07 59 50.58
0  -5461.42281   3044.24337   4004.09445  -0.3699791  -5.6572266   4.0005703 2026 01 14 08 00 10.58
0  -5467.93007   2930.52758   4083.32119  -0.2808178  -5.7140867   3.9216975 2026 01 14 08 00 30.58
0  -5472.65560   2815.69457   4160.95592  -0.1918111  -5.7689426   3.8413708 2026 01 14 08 00 50.58
0  -5475.60279   2699.78458   4236.96989  -0.1029862  -5.8217776   3.7596230 2026 01 14 08 01 10.58
0  -5476.77553   2582.83819   4311.33499  -0.0143697  -5.8725759   3.6764872 2026 01 14 08 01 30.58
0  -5476.17825   2464.89629   4384.02381   0.0740120  -5.9213221   3.5919970 2026 01 14 08 01 50.58
0  -5473.81591   2346.00005   4455.00959   0.1621327  -5.9680017   3.5061863 2026 01 14 08 02 10.58
0  -5469.69399   2226.19096   4524.26625   0.2499665  -6.0126008   3.4190891 2026 01 14 08 02 30.58
0  -5463.81849   2105.51075   4591.76840   0.3374877  -6.0551060   3.3307400 2026 01 14 08 02 50.58
0  -5456.19589   1984.00142   4657.49136   0.4246711  -6.0955047   3.2411737 2026 01 14 08 03 10.58
0  -5446.83323   1861.70522   4721.41112   0.5114914  -6.1337851   3.1504254 2026 01 14 08 03 30.58
0  -5435.73799   1738.66463   4783.50439   0.5979240  -6.1699358   3.0585303 2026 01 14 08 03 50.58
0  -5422.91819   1614.92235   4843.74859   0.6839442  -6.2039461   2.9655241 2026 01 14 08 04 10.58
0  -5408.38231   1490.52129   4902.12185   0.7695278  -6.2358061   2.8714427 2026 01 14 08 04 30.58
0  -5392.13933   1365.50454   4958.60302   0.8546508  -6.2655063   2.7763220 2026 01 14 08 04 50.58
0  -5374.19868   1239.91540   5013.17167   0.9392896  -6.2930381   2.6801984 2026 01 14 08 05 10.58
0  -5354.57029   1113.79730   5065.80810   1.0234207  -6.3183934   2.5831085 2026 01 14 08 05 30.58
0  -5333.26455    987.19386   5116.49336   1.1070211  -6.3415648   2.4850891 2026 01 14 08 05 50.58
0  -5310.29229    860.14882   5165.20921   1.1900679  -6.3625454   2.3861770 2026 01 14 08 06 10.58
0  -5285.66481    732.70605   5211.93817   1.2725385  -6.3813292   2.2864093 2026 01 14 08 06 30.58
0  -5259.39386    604.90957   5256.66350   1.3544108  -6.3979105   2.1858235 2026 01 14 08 06 50.58
0  -5231.49163    476.80345   5299.36919   1.4356628  -6.4122846   2.0844569 2026 01 14 08 07 10.58
0  -5201.97073    348.43190   5340.04001   1.5162727  -6.4244470   1.9823471 2026 01 14 08 07 30.58
0  -5170.84422    219.83918   5378.66147   1.5962193  -6.4343942   1.8795320 2026 01 14 08 07 50.58
0  -5138.12558     91.06963   5415.21983   1.6754815  -6.4421232   1.7760495 2026 01 14 08 08 10.58
0  -5103.82870    -37.83235   5449.70213   1.7540384  -6.4476315   1.6719375 2026 01 14 08 08 30.58
0  -5067.96790   -166.82233   5482.09614   1.8318696  -6.4509174   1.5672342 2026 01 14 08 08 50.58
0  -5030.55789   -295.85586   5512.39042   1.9089548  -6.4519796   1.4619779 2026 01 14 08 09 10.58
0  -4991.61380   -424.88844   5540.57430   1.9852742  -6.4508178   1.3562070 2026 01 14 08 09 30.58
0  -4951.15112   -553.87559   5566.63785   2.0608081  -6.4474318   1.2499598 2026 01 14 08 09 50.58
0  -4909.18578   -682.77284   5590.57194   2.1355372  -6.4418224   1.1432749 2026 01 14 08 10 10.58
0  -4865.73404   -811.53571   5612.36819   2.2094424  -6.4339909   1.0361909 2026 01 14 08 10 30.58
0  -4820.81259   -940.11980   5632.01900   2.2825051  -6.4239392   0.9287465 2026 01 14 08 10 50.58
0  -4774.43846  -1068.48070   5649.51756   2.3547067  -6.4116697   0.8209803 2026 01 14 08 11 10.58
0  -4726.62905  -1196.57409   5664.85780   2.4260291  -6.3971856   0.7129313 2026 01 14 08 11 30.58
0  -4677.40213  -1324.35572   5678.03447   2.4964544  -6.3804905   0.6046381 2026 01 14 08 11 50.58
0  -4626.77581  -1451.78140   5689.04306   2.5659651  -6.3615888   0.4961396 2026 01 14 08 12 10.58
0  -4574.76857  -1578.80704   5697.87985   2.6345437  -6.3404854   0.3874747 2026 01 14 08 12 30.58
0  -4521.39921  -1705.38866   5704.54190   2.7021734  -6.3171857   0.2786823 2026 01 14 08 12 50.58
0  -4466.68689  -1831.48238   5709.02705   2.7688374  -6.2916960   0.1698012 2026 01 14 08 13 10.58
0  -4410.65109  -1957.04448   5711.33392   2.8345192  -6.2640228   0.0608704 2026 01 14 08 13 30.58
0  -4353.31160  -2082.03134   5711.46189   2.8992027  -6.2341734  -0.0480713 2026 01 14 08 13 50.58
0  -4294.68856  -2206.39952   5709.41114   2.9628721  -6.2021559  -0.1569850 2026 01 14 08 14 10.58
0  -4234.80242  -2330.10574   5705.18262   3.0255118  -6.1679786  -0.2658318 2026 01 14 08 14 30.58
0  -4173.67391  -2453.10688   5698.77805   3.0871064  -6.1316506  -0.3745730 2026 01 14 08 14 50.58
0  -4111.32410  -2575.36003   5690.19994   3.1476410  -6.0931816  -0.4831697 2026 01 14 08 15 10.58
0  -4047.77432  -2696.82246   5679.45156   3.2071009  -6.0525820  -0.5915832 2026 01 14 08 15 30.58
0  -3983.04624  -2817.45166   5666.53696   3.2654717  -6.0098624  -0.6997749 2026 01 14 08 15 50.58
0  -3917.16176  -2937.20535   5651.46097   3.3227391  -5.9650344  -0.8077061 2026 01 14 08 16 10.58
0  -3850.14311  -3056.04147   5634.22918   3.3788894  -5.9181101  -0.9153382 2026 01 14 08 16 30.58
0  -3782.01275  -3173.91821   5614.84797   3.4339089  -5.8691020  -1.0226329 2026 01 14 08 16 50.58
0  -3712.79345  -3290.79404   5593.32447   3.4877844  -5.8180235  -1.1295517 2026 01 14 08 17 10.58
0  -3642.50822  -3406.62767   5569.66657   3.5405028  -5.7648882  -1.2360563 2026 01 14 08 17 30.58
0  -3571.18032  -3521.37811   5543.88296   3.5920515  -5.7097107  -1.3421085 2026 01 14 08 17 50.58
0  -3498.83328  -3635.00466   5515.98307   3.6424179  -5.6525059  -1.4476702 2026 01 14 08 18 10.58
0  -3425.49087  -3747.46693   5485.97708   3.6915900  -5.5932894  -1.5527035 2026 01 14 08 18 30.58
0  -3351.17709  -3858.72485   5453.87594   3.7395559  -5.5320775  -1.6571705 2026 01 14 08 18 50.58
0  -3275.91620  -3968.73868   5419.69137   3.7863040  -5.4688869  -1.7610335 2026 01 14 08 19 10.58
0  -3199.73266  -4077.46900   5383.43582   3.8318230  -5.4037349  -1.8642550 2026 01 14 08 19 30.58
0  -3122.65116  -4184.87677   5345.12250   3.8761019  -5.3366396  -1.9667974 2026 01 14 08 19 50.58
0  -3044.69662  -4290.92330   5304.76538   3.9191299  -5.2676195  -2.0686235 2026 01 14 08 20 10.58
0  -2965.89416  -4395.57029   5262.37915   3.9608968  -5.1966938  -2.1696963 2026 01 14 08 20 30.58
0  -2886.26911  -4498.77983   5217.97925   4.0013922  -5.1238821  -2.2699788 2026 01 14 08 20 50.58
0  -2805.84700  -4600.51440   5171.58186   4.0406064  -5.0492049  -2.3694342 2026 01 14 08 21 10.58
0  -2724.65354  -4700.73688   5123.20390   4.0785299  -4.9726831  -2.4680260 2026 01 14 08 21 30.58
0  -2642.71466  -4799.41062   5072.86300   4.1151533  -4.8943381  -2.5657178 2026 01 14 08 21 50.58
0  -2560.05643  -4896.49935   5020.57753   4.1504677  -4.8141922  -2.6624736 2026 01 14 08 22 10.58
0  -2476.70513  -4991.96730   4966.36657   4.1844644  -4.7322680  -2.7582573 2026 01 14 08 22 30.58
0  -2392.68720  -5085.77913   4910.24994   4.2171351  -4.6485888  -2.8530333 2026 01 14 08 22 50.58
0  -2308.02924  -5177.89998   4852.24814   4.2484716  -4.5631786  -2.9467661 2026 01 14 08 23 10.58
0  -2222.75802  -5268.29547   4792.38239   4.2784663  -4.4760618  -3.0394206 2026 01 14 08 23 30.58
0  -2136.90043  -5356.93173   4730.67461   4.3071116  -4.3872636  -3.1309617 2026 01 14 08 23 50.58
0  -2050.48355  -5443.77537   4667.14743   4.3344004  -4.2968095  -3.2213548 2026 01 14 08 24 10.58
0  -1963.53457  -5528.79356   4601.82416   4.3603258  -4.2047259  -3.3105656 2026 01 14 08 24 30.58
0  -1876.08083  -5611.95396   4534.72878   4.3848813  -4.1110396  -3.3985598 2026 01 14 08 24 50.58
0  -1788.14978  -5693.22480   4465.88596   4.4080606  -4.0157780  -3.4853037 2026 01 14 08 25 10.58
0  -1699.76901  -5772.57486   4395.32107   4.4298578  -3.9189693  -3.5707638 2026 01 14 08 25 30.58
0  -1610.96622  -5849.97348   4323.06010   4.4502674  -3.8206420  -3.6549069 2026 01 14 08 25 50.58
0  -1521.76921  -5925.39058   4249.12974   4.4692839  -3.7208254  -3.7377001 2026 01 14 08 26 10.58
0  -1432.20589  -5998.79668   4173.55730   4.4869025  -3.6195492  -3.8191110 2026 01 14 08 26 30.58
0  -1342.30426  -6070.16289   4096.37077   4.5031185  -3.5168438  -3.8991073 2026 01 14 08 26 50.58
0  -1252.09242  -6139.46094   4017.59875   4.5179276  -3.4127402  -3.9776574 2026 01 14 08 27 10.58
0  -1161.59854  -6206.66318   3937.27048   4.5313259  -3.3072699  -4.0547298 2026 01 14 08 27 30.58
0  -1070.85088  -6271.74260   3855.41584   4.5433095  -3.2004651  -4.1302935 2026 01 14 08 27 50.58
0   -979.87776  -6334.67283   3772.06530   4.5538753  -3.0923583  -4.2043179 2026 01 14 08 28 10.58
0   -888.70756  -6395.42818   3687.24997   4.5630202  -2.9829830  -4.2767728 2026 01 14 08 28 30.58
0   -797.36872  -6453.98362   3601.00152   4.5707416  -2.8723729  -4.3476284 2026 01 14 08 28 50.58
0   -705.88975  -6510.31479   3513.35225   4.5770372  -2.7605624  -4.4168554 2026 01 14 08 29 10.58
0   -614.29916  -6564.39803   3424.33501   4.5819051  -2.6475864  -4.4844248 2026 01 14 08 29 30.58
0   -522.62553  -6616.21040   3333.98324   4.5853436  -2.5334805  -4.5503084 2026 01 14 08 29 50.58
0   -430.89745  -6665.72965   3242.33094   4.5873515  -2.4182807  -4.6144782 2026 01 14 08 30 10.58
0   -339.14354  -6712.93428   3149.41267   4.5879280  -2.3020236  -4.6769066 2026 01 14 08 30 30.58
0   -247.39243  -6757.80351   3055.26352   4.5870724  -2.1847463  -4.7375668 2026 01 14 08 30 50.58
0   -155.67277  -6800.31732   2959.91913   4.5847846  -2.0664866  -4.7964323 2026 01 14 08 31 10.58
0    -64.01319  -6840.45644   2863.41564   4.5810649  -1.9472826  -4.8534772 2026 01 14 08 31 30.58
0     27.55768  -6878.20238   2765.78972   4.5759138  -1.8271731  -4.9086763 2026 01 14 08 31 50.58
0    119.01123  -6913.53741   2667.07855   4.5693323  -1.7061974  -4.9620046 2026 01 14 08 32 10.58
0    210.31886  -6946.44461   2567.31977   4.5613216  -1.5843951  -5.0134379 2026 01 14 08 32 30.58
0    301.45200  -6976.90785   2466.55153   4.5518835  -1.4618065  -5.0629527 2026 01 14 08 32 50.58
0    392.38214  -7004.91182   2364.81243   4.5410201  -1.3384725  -5.1105258 2026 01 14 08 33 10.58
0    483.08080  -7030.44202   2262.14152   4.5287338  -1.2144342  -5.1561348 2026 01 14 08 33 30.58
0    573.51955  -7053.48477   2158.57831   4.5150276  -1.0897334  -5.1997580 2026 01 14 08 33 50.58
0    663.67003  -7074.02725   2054.16273   4.4999047  -0.9644122  -5.2413741 2026 01 14 08 34 10.58
0    753.50394  -7092.05748   1948.93512   4.4833687  -0.8385133  -5.2809627 2026 01 14 08 34 30.58
0    842.99306  -7107.56433   1842.93623   4.4654237  -0.7120798  -5.3185038 2026 01 14 08 34 50.58
0    932.10926  -7120.53755   1736.20720   4.4460741  -0.5851553  -5.3539783 2026 01 14 08 35 10.58
0   1020.82451  -7130.96775   1628.78956   4.4253250  -0.4577836  -5.3873678 2026 01 14 08 35 30.58
0   1109.11086  -7138.84643   1520.72517   4.4031814  -0.3300092  -5.4186545 2026 01 14 08 35 50.58
0   1196.94049  -7144.16599   1412.05627   4.3796491  -0.2018769  -5.4478213 2026 01 14 08 36 10.58
0   1284.28568  -7146.91971   1302.82541   4.3547343  -0.0734318  -5.4748520 2026 01 14 08 36 30.58
0   1371.11885  -7147.10179   1193.07548   4.3284434   0.0552805  -5.4997309 2026 01 14 08 36 50.58
0   1457.41255  -7144.70735   1082.84965   4.3007834   0.1842141  -5.5224433 2026 01 14 08 37 10.58
0   1543.13947  -7139.73242    972.19141   4.2717616   0.3133227  -5.5429751 2026 01 14 08 37 30.58
0   1628.27246  -7132.17396    861.14449   4.2413859   0.4425598  -5.5613132 2026 01 14 08 37 50.58
0   1712.78452  -7122.02987    749.75288   4.2096645   0.5718784  -5.5774451 2026 01 14 08 38 10.58
0   1796.64882  -7109.29899    638.06084   4.1766059   0.7012312  -5.5913593 2026 01 14 08 38 30.58
0   1879.83871  -7093.98111    526.11283   4.1422194   0.8305707  -5.6030448 2026 01 14 08 38 50.58
0   1962.32773  -7076.07696    413.95352   4.1065143   0.9598492  -5.6124918 2026 01 14 08 39 10.58
0   2044.08961  -7055.58826    301.62776   4.0695007   1.0890185  -5.6196912 2026 01 14 08 39 30.58
0   2125.09827  -7032.51765    189.18060   4.0311889   1.2180304  -5.6246347 2026 01 14 08 39 50.58
0   2205.32787  -7006.86878     76.65723   3.9915897   1.3468363  -5.6273151 2026 01 14 08 40 10.58
0   2284.75275  -6978.64624    -35.89702   3.9507144   1.4753875  -5.6277258 2026 01 14 08 40 30.58
0   2363.34753  -6947.85562   -148.43671   3.9085747   1.6036351  -5.6258613 2026 01 14 08 40 50.58
0   2441.08703  -6914.50347   -260.91627   3.8651827   1.7315300  -5.6217170 2026 01 14 08 41 10.58
0   2517.94633  -6878.59735   -373.29009   3.8205509   1.8590230  -5.6152891 2026 01 14 08 41 30.58
0   2593.90076  -6840.14577   -485.51245   3.7746924   1.9860648  -5.6065748 2026 01 14 08 41 50.58
0   2668.92592  -6799.15826   -597.53760   3.7276206   2.1126057  -5.5955723 2026 01 14 08 42 10.58
0   2742.99768  -6755.64533   -709.31978   3.6793494   2.2385964  -5.5822807 2026 01 14 08 42 30.58
0   2816.09220  -6709.61847   -820.81319   3.6298932   2.3639872  -5.5667000 2026 01 14 08 42 50.58
0   2888.18591  -6661.09018   -931.97206   3.5792666   2.4887284  -5.5488312 2026 01 14 08 43 10.58
0   2959.25556  -6610.07395  -1042.75066   3.5274848   2.6127704  -5.5286764 2026 01 14 08 43 30.58
0   3029.27820  -6556.58425  -1153.10328   3.4745636   2.7360634  -5.5062385 2026 01 14 08 43 50.58
0   3098.23120  -6500.63656  -1262.98430   3.4205189   2.8585579  -5.4815215 2026 01 14 08 44 10.58
0   3166.09224  -6442.24734  -1372.34819   3.3653672   2.9802042  -5.4545304 2026 01 14 08 44 30.58
0   3232.83937  -6381.43406  -1481.14952   3.3091254   3.1009529  -5.4252711 2026 01 14 08 44 50.58
0   3298.45093  -6318.21516  -1589.34300   3.2518110   3.2207544  -5.3937507 2026 01 14 08 45 10.58
0   3362.90567  -6252.61008  -1696.88347   3.1934416   3.3395596  -5.3599772 2026 01 14 08 45 30.58
0   3426.18264  -6184.63924  -1803.72597   3.1340354   3.4573191  -5.3239595 2026 01 14 08 45 50.58
0   3488.26131  -6114.32403  -1909.82571   3.0736111   3.5739841  -5.2857078 2026 01 14 08 46 10.58
0   3549.12149  -6041.68685  -2015.13812   3.0121875   3.6895057  -5.2452331 2026 01 14 08 46 30.58
0   3608.74339  -5966.75104  -2119.61885   2.9497843   3.8038354  -5.2025475 2026 01 14 08 46 50.58
0   3667.10761  -5889.54092  -2223.22382   2.8864211   3.9169248  -5.1576642 2026 01 14 08 47 10.58
0   3724.19515  -5810.08180  -2325.90921   2.8221182   4.0287259  -5.1105973 2026 01 14 08 47 30.58
0   3779.98743  -5728.39990  -2427.63149   2.7568963   4.1391910  -5.0613621 2026 01 14 08 47 50.58
0   3834.46625  -5644.52244  -2528.34747   2.6907762   4.2482726  -5.0099747 2026 01 14 08 48 10.58
0   3887.61388  -5558.47755  -2628.01427   2.6237795   4.3559236  -4.9564526 2026 01 14 08 48 30.58
0   3939.41300  -5470.29431  -2726.58937   2.5559279   4.4620974  -4.9008140 2026 01 14 08 48 50.58
0   3989.84672  -5380.00274  -2824.03064   2.4872435   4.5667477  -4.8430783 2026 01 14 08 49 10.58
0   4038.89861  -5287.63377  -2920.29633   2.4177488   4.6698286  -4.7832658 2026 01 14 08 49 30.58
0   4086.55269  -5193.21925  -3015.34513   2.3474666   4.7712948  -4.7213980 2026 01 14 08 49 50.58
0   4132.79344  -5096.79192  -3109.13615   2.2764203   4.8711012  -4.6574973 2026 01 14 08 50 10.58
0   4177.60581  -4998.38542  -3201.62896   2.2046333   4.9692036  -4.5915871 2026 01 14 08 50 30.58
0   4220.97522  -4898.03429  -3292.78363   2.1321295   5.0655581  -4.5236920 2026 01 14 08 50 50.58
0   4262.88758  -4795.77392  -3382.56070   2.0589332   5.1601213  -4.4538374 2026 01 14 08 51 10.58
0   4303.32928  -4691.64055  -3470.92124   1.9850689   5.2528507  -4.3820499 2026 01 14 08 51 30.58
0   4342.28721  -4585.67131  -3557.82688   1.9105614   5.3437041  -4.3083567 2026 01 14 08 51 50.58
0   4379.74875  -4477.90412  -3643.23979   1.8354359   5.4326401  -4.2327865 2026 01 14 08 52 10.58
0   4415.70180  -4368.37776  -3727.12271   1.7597178   5.5196179  -4.1553687 2026 01 14 08 52 30.58
0   4450.13475  -4257.13178  -3809.43901   1.6834328   5.6045976  -4.0761336 2026 01 14 08 52 50.58
0   4483.03653  -4144.20655  -3890.15265   1.6066070   5.6875397  -3.9951127 2026 01 14 08 53 10.58
0   4514.39659  -4029.64321  -3969.22824   1.5292666   5.7684057  -3.9123382 2026 01 14 08 53 30.58
0   4544.20490  -3913.48367  -4046.63104   1.4514381   5.8471578  -3.8278434 2026 01 14 08 53 50.58
0   4572.45196  -3795.77059  -4122.32699   1.3731483   5.9237590  -3.7416624 2026 01 14 08 54 10.58
0   4599.12882  -3676.54734  -4196.28272   1.2944241   5.9981731  -3.6538304 2026 01 14 08 54 30.58
0   4624.22706  -3555.85803  -4268.46556   1.2152927   6.0703648  -3.5643831 2026 01 14 08 54 50.58
0   4647.73881  -3433.74746  -4338.84359   1.1357817   6.1402997  -3.4733576 2026 01 14 08 55 10.58
0   4669.65675  -3310.26110  -4407.38562   1.0559184   6.2079442  -3.3807915 2026 01 14 08 55 30.58
0   4689.97413  -3185.44509  -4474.06123   0.9757309   6.2732657  -3.2867233 2026 01 14 08 55 50.58
0   4708.68472  -3059.34621  -4538.84076   0.8952470   6.3362324  -3.1911925 2026 01 14 08 56 10.58
0   4725.78289  -2932.01188  -4601.69539   0.8144948   6.3968138  -3.0942391 2026 01 14 08 56 30.58
0   4741.26356  -2803.49010  -4662.59705   0.7335027   6.4549800  -2.9959042 2026 01 14 08 56 50.58
0   4755.12221  -2673.82946  -4721.51856   0.6522990   6.5107023  -2.8962295 2026 01 14 08 57 10.58
0   4767.35490  -2543.07912  -4778.43354   0.5709123   6.5639531  -2.7952576 2026 01 14 08 57 30.58
0   4777.95825  -2411.28879  -4833.31649   0.4893712   6.6147058  -2.6930316 2026 01 14 08 57 50.58
0   4786.92947  -2278.50867  -4886.14276   0.4077045   6.6629347  -2.5895955 2026 01 14 08 58 10.58
0   4794.26633  -2144.78951  -4936.88860   0.3259410   6.7086153  -2.4849940 2026 01 14 08 58 30.58
0   4799.96719  -2010.18249  -4985.53117   0.2441095   6.7517245  -2.3792723 2026 01 14 08 58 50.58
0   4804.03097  -1874.73927  -5032.04853   0.1622391   6.7922398  -2.2724763 2026 01 14 08 59 10.58
0   4806.45720  -1738.51194  -5076.41966   0.0803587   6.8301402  -2.1646528 2026 01 14 08 59 30.58
0   4807.24596  -1601.55300  -5118.62448  -0.0015026   6.8654058  -2.0558487 2026 01 14 08 59 50.58
0   4806.39792  -1463.91534  -5158.64387  -0.0833159   6.8980177  -1.9461119 2026 01 14 09 00 10.58
0   4803.91434  -1325.65219  -5196.45967  -0.1650521   6.9279586  -1.8354905 2026 01 14 09 00 30.58
0   4799.79706  -1186.81716  -5232.05466  -0.2466821   6.9552119  -1.7240336 2026 01 14 09 00 50.58
0   4794.04848  -1047.46413  -5265.41264  -0.3281769   6.9797625  -1.6117902 2026 01 14 09 01 10.58
0   4786.67160   -907.64731  -5296.51839  -0.4095077   7.0015966  -1.4988102 2026 01 14 09 01 30.58
0   4777.67000   -767.42114  -5325.35767  -0.4906455   7.0207013  -1.3851437 2026 01 14 09 01 50.58
0   4767.04781   -626.84033  -5351.91726  -0.5715614   7.0370655  -1.2708415 2026 01 14 09 02 10.58
0   4754.80978   -485.95979  -5376.18497  -0.6522267   7.0506787  -1.1559544 2026 01 14 09 02 30.58
0   4740.96119   -344.83463  -5398.14962  -0.7326128   7.0615323  -1.0405338 2026 01 14 09 02 50.58
0   4725.50792   -203.52010  -5417.80105  -0.8126911   7.0696185  -0.9246315 2026 01 14 09 03 10.58
0   4708.45640    -62.07163  -5435.13016  -0.8924333   7.0749311  -0.8082993 2026 01 14 09 03 30.58
0   4689.81365     79.45528  -5450.12887  -0.9718109   7.0774651  -0.6915896 2026 01 14 09 03 50.58
0   4669.58723    221.00501  -5462.79016  -1.0507960   7.0772166  -0.5745547 2026 01 14 09 04 10.58
0   4647.78528    362.52190  -5473.10806  -1.1293605   7.0741833  -0.4572475 2026 01 14 09 04 30.58
0   4624.41649    503.95023  -5481.07764  -1.2074768   7.0683642  -0.3397208 2026 01 14 09 04 50.58
0   4599.49009    645.23431  -5486.69506  -1.2851171   7.0597593  -0.2220275 2026 01 14 09 05 10.58
0   4573.01587    786.31843  -5489.95751  -1.3622542   7.0483703  -0.1042209 2026 01 14 09 05 30.58
0   4545.00418    927.14694  -5490.86326  -1.4388609   7.0341999   0.0136459 2026 01 14 09 05 50.58
0   4515.46589   1067.66427  -5489.41163  -1.5149102   7.0172523   0.1315195 2026 01 14 09 06 10.58
0   4484.41242   1207.81491  -5485.60304  -1.5903757   6.9975330   0.2493466 2026 01 14 09 06 30.58
0   4451.85569   1347.54353  -5479.43893  -1.6652307   6.9750487   0.3670740 2026 01 14 09 06 50.58
0   4417.80819   1486.79488  -5470.92184  -1.7394493   6.9498076   0.4846484 2026 01 14 09 07 10.58
0   4382.28289   1625.51395  -5460.05536  -1.8130056   6.9218191   0.6020165 2026 01 14 09 07 30.58
0   4345.29330   1763.64588  -5446.84413  -1.8858740   6.8910937   0.7191254 2026 01 14 09 07 50.58
0   4306.85343   1901.13608  -5431.29389  -1.9580294   6.8576436   0.8359219 2026 01 14 09 08 10.58
0   4266.97778   2037.93017  -5413.41139  -2.0294468   6.8214821   0.9523533 2026 01 14 09 08 30.58
0   4225.68135   2173.97408  -5393.20446  -2.1001017   6.7826236   1.0683669 2026 01 14 09 08 50.58
0   4182.97965   2309.21402  -5370.68199  -2.1699699   6.7410841   1.1839105 2026 01 14 09 09 10.58
0   4138.88863   2443.59656  -5345.85388  -2.2390276   6.6968806   1.2989317 2026 01 14 09 09 30.58
0   4093.42474   2577.06860  -5318.73111  -2.3072512   6.6500315   1.4133787 2026 01 14 09 09 50.58
0   4046.60490   2709.57743  -5289.32567  -2.3746176   6.6005566   1.5272000 2026 01 14 09 10 10.58
0   3998.44646   2841.07073  -5257.65058  -2.4411043   6.5484765   1.6403444 2026 01 14 09 10 30.58
0   3948.96725   2971.49663  -5223.71988  -2.5066888   6.4938133   1.7527610 2026 01 14 09 10 50.58
0   3898.18553   3100.80369  -5187.54864  -2.5713493   6.4365904   1.8643993 2026 01 14 09 11 10.58
0   3846.11999   3228.94098  -5149.15291  -2.6350644   6.3768323   1.9752094 2026 01 14 09 11 30.58
0   3792.78975   3355.85804  -5108.54974  -2.6978130   6.3145645   2.0851416 2026 01 14 09 11 50.58
0   3738.21434   3481.50494  -5065.75719  -2.7595745   6.2498138   2.1941470 2026 01 14 09 12 10.58
0   3682.41370   3605.83231  -5020.79426  -2.8203288   6.1826083   2.3021768 2026 01 14 09 12 30.58
0   3625.40818   3728.79134  -4973.68095  -2.8800562   6.1129771   2.4091831 2026 01 14 09 12 50.58
0   3567.21849   3850.33382  -4924.43820  -2.9387375   6.0409502   2.5151185 2026 01 14 09 13 10.58
0   3507.86576   3970.41214  -4873.08788  -2.9963540   5.9665591   2.6199360 2026 01 14 09 13 30.58
0   3447.37145   4088.97934  -4819.65282  -3.0528875   5.8898360   2.7235895 2026 01 14 09 13 50.58
0   3385.75741   4205.98911  -4764.15674  -3.1083201   5.8108144   2.8260332 2026 01 14 09 14 10.58
0   3323.04582   4321.39583  -4706.62429  -3.1626347   5.7295288   2.9272223 2026 01 14 09 14 30.58
0   3259.25921   4435.15456  -4647.08099  -3.2158144   5.6460144   3.0271124 2026 01 14 09 14 50.58
0   3194.42044   4547.22109  -4585.55326  -3.2678430   5.5603079   3.1256602 2026 01 14 09 15 10.58
0   3128.55270   4657.55195  -4522.06836  -3.3187048   5.4724465   3.2228228 2026 01 14 09 15 30.58
0   3061.67946   4766.10443  -4456.65442  -3.3683846   5.3824686   3.3185580 2026 01 14 09 15 50.58
0   2993.82452   4872.83656  -4389.34039  -3.4168676   5.2904135   3.4128248 2026 01 14 09 16 10.58
0   2925.01196   4977.70722  -4320.15603  -3.4641398   5.1963212   3.5055827 2026 01 14 09 16 30.58
0   2855.26613   5080.67606  -4249.13193  -3.5101874   5.1002329   3.5967919 2026 01 14 09 16 50.58
0   2784.61165   5181.70358  -4176.29944  -3.5549974   5.0021902   3.6864138 2026 01 14 09 17 10.58
0   2713.07340   5280.75110  -4101.69068  -3.5985572   4.9022359   3.7744104 2026 01 14 09 17 30.58
0   2640.67651   5377.78083  -4025.33853  -3.6408548   4.8004134   3.8607447 2026 01 14 09 17 50.58
0   2567.44634   5472.75584  -3947.27658  -3.6818788   4.6967668   3.9453805 2026 01 14 09 18 10.58
0   2493.40847   5565.64009  -3867.53917  -3.7216183   4.5913412   4.0282826 2026 01 14 09 18 30.58
0   2418.58870   5656.39845  -3786.16130  -3.7600628   4.4841820   4.1094168 2026 01 14 09 18 50.58
0   2343.01303   5744.99671  -3703.17866  -3.7972025   4.3753357   4.1887495 2026 01 14 09 19 10.58
0   2266.70765   5831.40158  -3618.62761  -3.8330283   4.2648492   4.2662486 2026 01 14 09 19 30.58
0   2189.69893   5915.58074  -3532.54513  -3.8675313   4.1527699   4.3418825 2026 01 14 09 19 50.58
0   2112.01341   5997.50281  -3444.96884  -3.9007033   4.0391462   4.4156207 2026 01 14 09 20 10.58
0   2033.67779   6077.13737  -3355.93693  -3.9325369   3.9240266   4.4874339 2026 01 14 09 20 30.58
0   1954.71891   6154.45501  -3265.48819  -3.9630249   3.8074605   4.5572937 2026 01 14 09 20 50.58
0   1875.16375   6229.42728  -3173.66197  -3.9921609   3.6894975   4.6251725 2026 01 14 09 21 10.58
0   1795.03943   6302.02674  -3080.49815  -4.0199387   3.5701880   4.6910441 2026 01 14 09 21 30.58
0   1714.37315   6372.22696  -2986.03712  -4.0463531   3.4495825   4.7548831 2026 01 14 09 21 50.58
0   1633.19224   6440.00253  -2890.31979  -4.0713992   3.3277321   4.8166651 2026 01 14 09 22 10.58
0   1551.52412   6505.32907  -2793.38753  -4.0950726   3.2046883   4.8763669 2026 01 14 09 22 30.58
0   1469.39628   6568.18322  -2695.28215  -4.1173695   3.0805029   4.9339664 2026 01 14 09 22 50.58
0   1386.83628   6628.54267  -2596.04594  -4.1382868   2.9552281   4.9894424 2026 01 14 09 23 10.58
0   1303.87176   6686.38614  -2495.72154  -4.1578216   2.8289162   5.0427748 2026 01 14 09 23 30.58
0   1220.53039   6741.69343  -2394.35204  -4.1759717   2.7016200   5.0939447 2026 01 14 09 23 50.58
0   1136.83988   6794.44537  -2291.98086  -4.1927356   2.5733925   5.1429341 2026 01 14 09 24 10.58
0   1052.82798   6844.62386  -2188.65178  -4.2081120   2.4442866   5.1897262 2026 01 14 09 24 30.58
0    968.52244   6892.21188  -2084.40890  -4.2221004   2.3143559   5.2343053 2026 01 14 09 24 50.58
0    883.95103   6937.19345  -1979.29665  -4.2347005   2.1836536   5.2766566 2026 01 14 09 25 10.58
0    799.14152   6979.55369  -1873.35971  -4.2459129   2.0522336   5.3167667 2026 01 14 09 25 30.58
0    714.12166   7019.27876  -1766.64303  -4.2557383   1.9201493   5.3546228 2026 01 14 09 25 50.58
0    628.91918   7056.35594  -1659.19181  -4.2641782   1.7874547   5.3902137 2026 01 14 09 26 10.58
0    543.56177   7090.77353  -1551.05146  -4.2712344   1.6542034   5.4235290 2026 01 14 09 26 30.58
0    458.07708   7122.52096  -1442.26760  -4.2769093   1.5204494   5.4545593 2026 01 14 09 26 50.58
0    372.49273   7151.58870  -1332.88600  -4.2812056   1.3862463   5.4832965 2026 01 14 09 27 10.58
0    286.83625   7177.96832  -1222.95260  -4.2841268   1.2516480   5.5097334 2026 01 14 09 27 30.58
0    201.13511   7201.65243  -1112.51347  -4.2856765   1.1167081   5.5338639 2026 01 14 09 27 50.58
0    115.41670   7222.63476  -1001.61479  -4.2858590   0.9814801   5.5556830 2026 01 14 09 28 10.58
0     29.70833   7240.91008   -890.30284  -4.2846789   0.8460177   5.5751867 2026 01 14 09 28 30.58
0    -55.96281   7256.47423   -778.62395  -4.2821413   0.7103741   5.5923720 2026 01 14 09 28 50.58
0   -141.56961   7269.32412   -666.62452  -4.2782517   0.5746024   5.6072371 2026 01 14 09 29 10.58
0   -227.08510   7279.45772   -554.35095  -4.2730162   0.4387557   5.6197810 2026 01 14 09 29 30.58
0   -312.48241   7286.87407   -441.84968  -4.2664410   0.3028867   5.6300038 2026 01 14 09 29 50.58
0   -397.73482   7291.57324   -329.16711  -4.2585329   0.1670478   5.6379069 2026 01 14 09 30 10.58
0   -482.81574   7293.55636   -216.34963  -4.2492992   0.0312915   5.6434922 2026 01 14 09 30 30.58
0   -567.69873   7292.82561   -103.44355  -4.2387473  -0.1043305   5.6467629 2026 01 14 09 30 50.58
0   -652.35751   7289.38419      9.50487  -4.2268853  -0.2397664   5.6477232 2026 01 14 09 31 10.58
0   -736.76595   7283.23634    122.44947  -4.2137215  -0.3749648   5.6463781 2026 01 14 09 31 30.58
0   -820.89811   7274.38732    235.34420  -4.1992645  -0.5098748   5.6427337 2026 01 14 09 31 50.58
0   -904.72821   7262.84342    348.14314  -4.1835235  -0.6444457   5.6367970 2026 01 14 09 32 10.58
0   -988.23067   7248.61192    460.80053  -4.1665077  -0.7786273   5.6285758 2026 01 14 09 32 30.58
0  -1071.38008   7231.70110    573.27076  -4.1482271  -0.9123697   5.6180792 2026 01 14 09 32 50.58
0  -1154.15126   7212.12025    685.50843  -4.1286915  -1.0456235   5.6053167 2026 01 14 09 33 10.58
0  -1236.51921   7189.87964    797.46831  -4.1079116  -1.1783397   5.5902992 2026 01 14 09 33 30.58
0  -1318.45914   7164.99050    909.10543  -4.0858978  -1.3104697   5.5730381 2026 01 14 09 33 50.58
0  -1399.94650   7137.46504   1020.37504  -4.0626614  -1.4419655   5.5535458 2026 01 14 09 34 10.58
0  -1480.95694   7107.31642   1131.23263  -4.0382135  -1.5727796   5.5318356 2026 01 14 09 34 30.58
0  -1561.46635   7074.55875   1241.63401  -4.0125658  -1.7028647   5.5079217 2026 01 14 09 34 50.58
0  -1641.45086   7039.20709   1351.53523  -3.9857301  -1.8321744   5.4818189 2026 01 14 09 35 10.58
0  -1720.88683   7001.27739   1460.89268  -3.9577188  -1.9606625   5.4535430 2026 01 14 09 35 30.58
0  -1799.75087   6960.78655   1569.66307  -3.9285440  -2.0882837   5.4231105 2026 01 14 09 35 50.58
0  -1878.01984   6917.75236   1677.80343  -3.8982186  -2.2149929   5.3905389 2026 01 14 09 36 10.58
0  -1955.67087   6872.19350   1785.27117  -3.8667554  -2.3407458   5.3558461 2026 01 14 09 36 30.58
0  -2032.68132   6824.12954   1892.02404  -3.8341676  -2.4654986   5.3190511 2026 01 14 09 36 50.58
0  -2109.02885   6773.58092   1998.02021  -3.8004686  -2.5892080   5.2801733 2026 01 14 09 37 10.58
0  -2184.69137   6720.56892   2103.21821  -3.7656720  -2.7118314   5.2392333 2026 01 14 09 37 30.58
0  -2259.64706   6665.11569   2207.57701  -3.7297916  -2.8333269   5.1962519 2026 01 14 09 37 50.58
0  -2333.87440   6607.24420   2311.05600  -3.6928414  -2.9536531   5.1512508 2026 01 14 09 38 10.58
0  -2407.35213   6546.97825   2413.61501  -3.6548357  -3.0727692   5.1042526 2026 01 14 09 38 30.58
0  -2480.05929   6484.34243   2515.21433  -3.6157888  -3.1906351   5.0552801 2026 01 14 09 38 50.58
0  -2551.97521   6419.36216   2615.81471  -3.5757154  -3.3072112   5.0043571 2026 01 14 09 39 10.58
0  -2623.07950   6352.06360   2715.37739  -3.5346303  -3.4224589   4.9515080 2026 01 14 09 39 30.58
0  -2693.35209   6282.47371   2813.86408  -3.4925484  -3.5363399   4.8967576 2026 01 14 09 39 50.58
0  -2762.77318   6210.62020   2911.23702  -3.4494847  -3.6488167   4.8401315 2026 01 14 09 40 10.58
0  -2831.32331   6136.53152   3007.45895  -3.4054546  -3.7598525   4.7816558 2026 01 14 09 40 30.58
0  -2898.98330   6060.23685   3102.49315  -3.3604734  -3.8694112   4.7213572 2026 01 14 09 40 50.58
0  -2965.73428   5981.76608   3196.30343  -3.3145567  -3.9774572   4.6592629 2026 01 14 09 41 10.58
0  -3031.55770   5901.14982   3288.85415  -3.2677201  -4.0839558   4.5954007 2026 01 14 09 41 30.58
0  -3096.43534   5818.41934   3380.11024  -3.2199795  -4.1888728   4.5297990 2026 01 14 09 41 50.58
0  -3160.34926   5733.60662   3470.03719  -3.1713508  -4.2921750   4.4624864 2026 01 14 09 42 10.58
0  -3223.28187   5646.74428   3558.60108  -3.1218500  -4.3938295   4.3934923 2026 01 14 09 42 30.58
0  -3285.21589   5557.86559   3645.76856  -3.0714932  -4.4938044   4.3228465 2026 01 14 09 42 50.58
0  -3346.13436   5467.00445   3731.50692  -3.0202968  -4.5920683   4.2505792 2026 01 14 09 43 10.58
0  -3406.02067   5374.19538   3815.78402  -2.9682770  -4.6885907   4.1767211 2026 01 14 09 43 30.58
0  -3464.85850   5279.47351   3898.56835  -2.9154504  -4.7833417   4.1013034 2026 01 14 09 43 50.58
0  -3522.63189   5182.87457   3979.82903  -2.8618334  -4.8762920   4.0243574 2026 01 14 09 44 10.58
0  -3579.32519   5084.43484   4059.53582  -2.8074426  -4.9674132   3.9459153 2026 01 14 09 44 30.58
0  -3634.92311   4984.19118   4137.65911  -2.7522949  -5.0566776   3.8660093 2026 01 14 09 44 50.58
0  -3689.41066   4882.18100   4214.16996  -2.6964068  -5.1440580   3.7846722 2026 01 14 09 45 10.58
0  -3742.77322   4778.44224   4289.04005  -2.6397953  -5.2295282   3.7019370 2026 01 14 09 45 30.58
0  -3794.99648   4673.01335   4362.24177  -2.5824772  -5.3130626   3.6178372 2026 01 14 09 45 50.58
0  -3846.06648   4565.93331   4433.74815  -2.5244695  -5.3946361   3.5324066 2026 01 14 09 46 10.58
0  -3895.96960   4457.24156   4503.53292  -2.4657893  -5.4742246   3.4456792 2026 01 14 09 46 30.58
0  -3944.69256   4346.97804   4571.57048  -2.4064536  -5.5518046   3.3576895 2026 01 14 09 46 50.58
0  -3992.22243   4235.18316   4637.83592  -2.3464794  -5.6273534   3.2684722 2026 01 14 09 47 10.58
0  -4038.54660   4121.89774   4702.30505  -2.2858841  -5.7008488   3.1780623 2026 01 14 09 47 30.58
0  -4083.65282   4007.16307   4764.95434  -2.2246848  -5.7722696   3.0864951 2026 01 14 09 47 50.58
0  -4127.52919   3891.02085   4825.76102  -2.1628987  -5.8415950   2.9938061 2026 01 14 09 48 10.58
0  -4170.16415   3773.51319   4884.70300  -2.1005432  -5.9088051   2.9000312 2026 01 14 09 48 30.58
0  -4211.54647   3654.68258   4941.75891  -2.0376355  -5.9738807   2.8052063 2026 01 14 09 48 50.58
0  -4251.66529   3534.57190   4996.90811  -1.9741931  -6.0368033   2.7093678 2026 01 14 09 49 10.58
0  -4290.51008   3413.22439   5050.13070  -1.9102332  -6.0975549   2.6125522 2026 01 14 09 49 30.58
0  -4328.07068   3290.68363   5101.40748  -1.8457733  -6.1561186   2.5147962 2026 01 14 09 49 50.58
0  -4364.33725   3166.99356   5150.72002  -1.7808309  -6.2124779   2.4161366 2026 01 14 09 50 10.58
0  -4399.30031   3042.19841   5198.05062  -1.7154234  -6.2666170   2.3166106 2026 01 14 09 50 30.58
0  -4432.95074   2916.34274   5243.38230  -1.6495683  -6.3185210   2.2162554 2026 01 14 09 50 50.58
0  -4465.27976   2789.47141   5286.69886  -1.5832830  -6.3681754   2.1151085 2026 01 14 09 51 10.58
0  -4496.27895   2661.62953   5327.98483  -1.5165852  -6.4155668   2.0132075 2026 01 14 09 51 30.58
0  -4525.94022   2532.86250   5367.22550  -1.4494923  -6.4606820   1.9105901 2026 01 14 09 51 50.58
0  -4554.25584   2403.21598   5404.40692  -1.3820219  -6.5035088   1.8072941 2026 01 14 09 52 10.58
0  -4581.21845   2272.73584   5439.51590  -1.3141915  -6.5440357   1.7033577 2026 01 14 09 52 30.58
0  -4606.82101   2141.46819   5472.53999  -1.2460187  -6.5822518   1.5988190 2026 01 14 09 52 50.58
0  -4631.05685   2009.45936   5503.46754  -1.1775212  -6.6181469   1.4937161 2026 01 14 09 53 10.58
0  -4653.91966   1876.75587   5532.28764  -1.1087165  -6.6517115   1.3880874 2026 01 14 09 53 30.58
0  -4675.40346   1743.40441   5558.99016  -1.0396223  -6.6829366   1.2819714 2026 01 14 09 53 50.58
0  -4695.50265   1609.45186   5583.56572  -0.9702561  -6.7118142   1.1754065 2026 01 14 09 54 10.58
0  -4714.21194   1474.94526   5606.00573  -0.9006356  -6.7383368   1.0684315 2026 01 14 09 54 30.58
0  -4731.52644   1339.93177   5626.30238  -0.8307784  -6.7624975   0.9610848 2026 01 14 09 54 50.58
0  -4747.44159   1204.45870   5644.44861  -0.7607022  -6.7842903   0.8534053 2026 01 14 09 55 10.58
0  -4761.95318   1068.57347   5660.43816  -0.6904246  -6.8037096   0.7454316 2026 01 14 09 55 30.58
0  -4775.05735    932.32359   5674.26552  -0.6199633  -6.8207506   0.6372027 2026 01 14 09 55 50.58
0  -4786.75062    795.75668   5685.92598  -0.5493360  -6.8354092   0.5287574 2026 01 14 09 56 10.58
0  -4797.02984    658.92043   5695.41560  -0.4785603  -6.8476820   0.4201345 2026 01 14 09 56 30.58
0  -4805.89221    521.86259   5702.73120  -0.4076540  -6.8575661   0.3113729 2026 01 14 09 56 50.58
0  -4813.33530    384.63096   5707.87041  -0.3366347  -6.8650594   0.2025115 2026 01 14 09 57 10.58
0  -4819.35703    247.27337   5710.83161  -0.2655202  -6.8701605   0.0935892 2026 01 14 09 57 30.58
0  -4823.95567    109.83768   5711.61399  -0.1943280  -6.8728685  -0.0153551 2026 01 14 09 57 50.58
0  -4827.12984    -27.62823   5710.21747  -0.1230761  -6.8731833  -0.1242826 2026 01 14 09 58 10.58
0  -4828.87852   -165.07651   5706.64280  -0.0517820  -6.8711054  -0.2331543 2026 01 14 09 58 30.58
0  -4829.20106   -302.45931   5700.89147   0.0195365  -6.8666360  -0.3419314 2026 01 14 09 58 50.58
0  -4828.09713   -439.72881   5692.96577   0.0908616  -6.8597769  -0.4505752 2026 01 14 09 59 10.58
0  -4825.56679   -576.83723   5682.86874   0.1621757  -6.8505306  -0.5590469 2026 01 14 09 59 30.58
0  -4821.61043   -713.73686   5670.60422   0.2334609  -6.8389002  -0.6673078 2026 01 14 09 59 50.58
0  -4816.22880   -850.38004   5656.17682   0.3046995  -6.8248895  -0.7753194 2026 01 14 10 00 10.58
0  -4809.42303   -986.71922   5639.59190   0.3758738  -6.8085031  -0.8830429 2026 01 14 10 00 30.58
0  -4801.19457  -1122.70692   5620.85562   0.4469659  -6.7897460  -0.9904399 2026 01 14 10 00 50.58
0  -4791.54524  -1258.29578   5599.97488   0.5179581  -6.7686240  -1.0974721 2026 01 14 10 01 10.58
0  -4780.47723  -1393.43857   5576.95738   0.5888326  -6.7451436  -1.2041010 2026 01 14 10 01 30.58
0  -4767.99306  -1528.08818   5551.81157   0.6595716  -6.7193118  -1.3102885 2026 01 14 10 01 50.58
0  -4754.09563  -1662.19765   5524.54665   0.7301573  -6.6911363  -1.4159965 2026 01 14 10 02 10.58
0  -4738.78817  -1795.72020   5495.17260   0.8005719  -6.6606257  -1.5211870 2026 01 14 10 02 30.58
0  -4722.07430  -1928.60920   5463.70016   0.8707975  -6.6277888  -1.6258220 2026 01 14 10 02 50.58
0  -4703.95796  -2060.81823   5430.14080   0.9408164  -6.5926355  -1.7298639 2026 01 14 10 03 10.58
0  -4684.44348  -2192.30105   5394.50679   1.0106108  -6.5551762  -1.8332751 2026 01 14 10 03 30.58
0  -4663.53552  -2323.01166   5356.81110   1.0801627  -6.5154218  -1.9360180 2026 01 14 10 03 50.58
0  -4641.23912  -2452.90426   5317.06749   1.1494544  -6.4733840  -2.0380554 2026 01 14 10 04 10.58
0  -4617.55965  -2581.93332   5275.29043   1.2184680  -6.4290753  -2.1393501 2026 01 14 10 04 30.58
0  -4592.50286  -2710.05353   5231.49516   1.2871856  -6.3825086  -2.2398652 2026 01 14 10 04 50.58
0  -4566.07485  -2837.21987   5185.69764   1.3555895  -6.3336975  -2.3395639 2026 01 14 10 05 10.58
0  -4538.28206  -2963.38760   5137.91457   1.4236617  -6.2826565  -2.4384096 2026 01 14 10 05 30.58
0  -4509.13133  -3088.51226   5088.16338   1.4913845  -6.2294004  -2.5363658 2026 01 14 10 05 50.58
0  -4478.62980  -3212.54972   5036.46222   1.5587399  -6.1739451  -2.6333965 2026 01 14 10 06 10.58
0  -4446.78502  -3335.45614   4982.82998   1.6257102  -6.1163066  -2.7294657 2026 01 14 10 06 30.58
0  -4413.60486  -3457.18804   4927.28623   1.6922774  -6.0565022  -2.8245375 2026 01 14 10 06 50.58
0  -4379.09757  -3577.70226   4869.85130   1.7584238  -5.9945493  -2.9185765 2026 01 14 10 07 10.58
0  -4343.27173  -3696.95604   4810.54620   1.8241314  -5.9304664  -3.0115474 2026 01 14 10 07 30.58
0  -4306.13631  -3814.90694   4749.39264   1.8893825  -5.8642723  -3.1034153 2026 01 14 10 07 50.58
0  -4267.70061  -3931.51295   4686.41303   1.9541593  -5.7959867  -3.1941454 2026 01 14 10 08 10.58
0  -4227.97430  -4046.73244   4621.63048   2.0184440  -5.7256299  -3.2837032 2026 01 14 10 08 30.58
0  -4186.96739  -4160.52420   4555.06879   2.0822187  -5.6532229  -3.3720545 2026 01 14 10 08 50.58
0  -4144.69028  -4272.84744   4486.75242   2.1454656  -5.5787872  -3.4591655 2026 01 14 10 09 10.58
0  -4101.15368  -4383.66181   4416.70652   2.2081672  -5.5023453  -3.5450026 2026 01 14 10 09 30.58
0  -4056.36869  -4492.92742   4344.95692   2.2703055  -5.4239201  -3.6295326 2026 01 14 10 09 50.58
0  -4010.34674  -4600.60484   4271.53008   2.3318629  -5.3435351  -3.7127225 2026 01 14 10 10 10.58
0  -3963.09964  -4706.65511   4196.45313   2.3928217  -5.2612147  -3.7945397 2026 01 14 10 10 30.58
0  -3914.63952  -4811.03979   4119.75386   2.4531642  -5.1769839  -3.8749521 2026 01 14 10 10 50.58
0  -3864.97890  -4913.72093   4041.46069   2.5128729  -5.0908682  -3.9539277 2026 01 14 10 11 10.58
0  -3814.13062  -5014.66108   3961.60267   2.5719302  -5.0028940  -4.0314350 2026 01 14 10 11 30.58
0  -3762.10788  -5113.82335   3880.20947   2.6303184  -4.9130882  -4.1074430 2026 01 14 10 11 50.58
0  -3708.92425  -5211.17140   3797.31141   2.6880202  -4.8214784  -4.1819210 2026 01 14 10 12 10.58
0  -3654.59362  -5306.66942   3712.93938   2.7450180  -4.7280929  -4.2548385 2026 01 14 10 12 30.58
0  -3599.13024  -5400.28219   3627.12489   2.8012945  -4.6329606  -4.3261659 2026 01 14 10 12 50.58
0  -3542.54872  -5491.97508   3539.90005   2.8568323  -4.5361111  -4.3958736 2026 01 14 10 13 10.58
0  -3484.86400  -5581.71404   3451.29755   2.9116142  -4.4375747  -4.4639326 2026 01 14 10 13 30.58
0  -3426.09136  -5669.46565   3361.35063   2.9656229  -4.3373822  -4.5303144 2026 01 14 10 13 50.58
0  -3366.24645  -5755.19711   3270.09314   3.0188413  -4.2355652  -4.5949910 2026 01 14 10 14 10.58
0  -3305.34523  -5838.87625   3177.55945   3.0712524  -4.1321559  -4.6579348 2026 01 14 10 14 30.58
0  -3243.40402  -5920.47155   3083.78449   3.1228391  -4.0271871  -4.7191186 2026 01 14 10 14 50.58
0  -3180.43947  -5999.95216   2988.80372   3.1735845  -3.9206923  -4.7785160 2026 01 14 10 15 10.58
0  -3116.46858  -6077.28791   2892.65315   3.2234719  -3.8127056  -4.8361010 2026 01 14 10 15 30.58
0  -3051.50867  -6152.44931   2795.36927   3.2724846  -3.7032618  -4.8918479 2026 01 14 10 15 50.58
0  -2985.57740  -6225.40757   2696.98909   3.3206058  -3.5923963  -4.9457320 2026 01 14 10 16 10.58
0  -2918.69275  -6296.13462   2597.55012   3.3678193  -3.4801451  -4.9977287 2026 01 14 10 16 30.58
0  -2850.87306  -6364.60311   2497.09034   3.4141084  -3.3665447  -5.0478143 2026 01 14 10 16 50.58
0  -2782.13695  -6430.78644   2395.64821   3.4594571  -3.2516325  -5.0959657 2026 01 14 10 17 10.58
0  -2712.50341  -6494.65874   2293.26264   3.5038491  -3.1354462  -5.1421601 2026 01 14 10 17 30.58
0  -2641.99172  -6556.19492   2189.97299   3.5472685  -3.0180244  -5.1863757 2026 01 14 10 17 50.58
0  -2570.62148  -6615.37066   2085.81905   3.5896995  -2.8994060  -5.2285911 2026 01 14 10 18 10.58
0  -2498.41263  -6672.16243   1980.84102   3.6311262  -2.7796308  -5.2687855 2026 01 14 10 18 30.58
0  -2425.38539  -6726.54749   1875.07954   3.6715333  -2.6587389  -5.3069391 2026 01 14 10 18 50.58
0  -2351.56031  -6778.50392   1768.57561   3.7109053  -2.5367711  -5.3430323 2026 01 14 10 19 10.58
0  -2276.95825  -6828.01060   1661.37062   3.7492269  -2.4137688  -5.3770466 2026 01 14 10 19 30.58
0  -2201.60036  -6875.04728   1553.50634   3.7864833  -2.2897739  -5.4089640 2026 01 14 10 19 50.58
0  -2125.50809  -6919.59452   1445.02487   3.8226594  -2.1648288  -5.4387672 2026 01 14 10 20 10.58
0  -2048.70318  -6961.63375   1335.96866   3.8577407  -2.0389765  -5.4664398 2026 01 14 10 20 30.58
0  -1971.20768  -7001.14726   1226.38049   3.8917128  -1.9122606  -5.4919659 2026 01 14 10 20 50.58
0  -1893.04391  -7038.11822   1116.30343   3.9245614  -1.7847251  -5.5153306 2026 01 14 10 21 10.58
0  -1814.23448  -7072.53067   1005.78085   3.9562724  -1.6564146  -5.5365196 2026 01 14 10 21 30.58
0  -1734.80228  -7104.36956    894.85641   3.9868321  -1.5273740  -5.5555194 2026 01 14 10 21 50.58
0  -1654.77046  -7133.62075    783.57401   4.0162270  -1.3976489  -5.5723175 2026 01 14 10 22 10.58
0  -1574.16245  -7160.27101    671.97781   4.0444437  -1.2672854  -5.5869019 2026 01 14 10 22 30.58
0  -1493.00195  -7184.30802    560.11218   4.0714692  -1.1363297  -5.5992616 2026 01 14 10 22 50.58
0  -1411.31290  -7205.72042    448.02174   4.0972907  -1.0048289  -5.6093865 2026 01 14 10 23 10.58
0  -1329.11952  -7224.49776    335.75126   4.1218957  -0.8728301  -5.6172672 2026 01 14 10 23 30.58
0  -1246.44625  -7240.63057    223.34573   4.1452719  -0.7403813  -5.6228953 2026 01 14 10 23 50.58
0  -1163.31778  -7254.11033    110.85026   4.1674074  -0.6075304  -5.6262630 2026 01 14 10 24 10.58
0  -1079.75905  -7264.92946     -1.68987   4.1882905  -0.4743260  -5.6273638 2026 01 14 10 24 30.58
0   -995.79521  -7273.08139   -114.22926   4.2079098  -0.3408170  -5.6261917 2026 01 14 10 24 50.58
0   -911.45166  -7278.56052   -226.72239   4.2262544  -0.2070525  -5.6227418 2026 01 14 10 25 10.58
0   -826.75400  -7281.36223   -339.12368   4.2433136  -0.0730822  -5.6170102 2026 01 14 10 25 30.58
0   -741.72803  -7281.48290   -451.38746   4.2590769   0.0610441  -5.6089938 2026 01 14 10 25 50.58
0   -656.39978  -7278.91990   -563.46800   4.2735342   0.1952763  -5.5986904 2026 01 14 10 26 10.58
0   -570.79547  -7273.67162   -675.31956   4.2866760   0.3295639  -5.5860988 2026 01 14 10 26 30.58
0   -484.94149  -7265.73745   -786.89636   4.2984930   0.4638562  -5.5712188 2026 01 14 10 26 50.58
0   -398.86444  -7255.11782   -898.15264   4.3089760   0.5981023  -5.5540510 2026 01 14 10 27 10.58
0   -312.59108  -7241.81415  -1009.04266   4.3181166   0.7322509  -5.5345973 2026 01 14 10 27 30.58
0   -226.14834  -7225.82890  -1119.52073   4.3259066   0.8662509  -5.5128603 2026 01 14 10 27 50.58
0   -139.56332  -7207.16556  -1229.54122   4.3323382   1.0000506  -5.4888436 2026 01 14 10 28 10.58
0    -52.86327  -7185.82865  -1339.05857   4.3374039   1.1335983  -5.4625520 2026 01 14 10 28 30.58
0     33.92443  -7161.82372  -1448.02734   4.3410969   1.2668424  -5.4339910 2026 01 14 10 28 50.58
0    120.77226  -7135.15736  -1556.40220   4.3434105   1.3997307  -5.4031673 2026 01 14 10 29 10.58
0    207.65256  -7105.83721  -1664.13798   4.3443386   1.5322114  -5.3700887 2026 01 14 10 29 30.58
0    294.53756  -7073.87195  -1771.18967   4.3438755   1.6642324  -5.3347638 2026 01 14 10 29 50.58
0    381.39939  -7039.27128  -1877.51242   4.3420160   1.7957415  -5.2972023 2026 01 14 10 30 10.58
0    468.21006  -7002.04596  -1983.06163   4.3387552   1.9266866  -5.2574151 2026 01 14 10 30 30.58
0    554.94150  -6962.20779  -2087.79287   4.3340889   2.0570156  -5.2154138 2026 01 14 10 30 50.58
0    641.56555  -6919.76962  -2191.66200   4.3280132   2.1866765  -5.1712113 2026 01 14 10 31 10.58
0    728.05400  -6874.74532  -2294.62514   4.3205246   2.3156172  -5.1248215 2026 01 14 10 31 30.58
0    814.37855  -6827.14983  -2396.63867   4.3116203   2.4437858  -5.0762591 2026 01 14 10 31 50.58
0    900.51085  -6776.99911  -2497.65930   4.3012979   2.5711305  -5.0255402 2026 01 14 10 32 10.58
0    986.42253  -6724.31014  -2597.64408   4.2895555   2.6975995  -4.9726816 2026 01 14 10 32 30.58
0   1072.08516  -6669.10097  -2696.55038   4.2763915   2.8231413  -4.9177014 2026 01 14 10 32 50.58
0   1157.47030  -6611.39064  -2794.33597   4.2618052   2.9477046  -4.8606186 2026 01 14 10 33 10.58
0   1242.54949  -6551.19924  -2890.95898   4.2457962   3.0712384  -4.8014532 2026 01 14 10 33 30.58
0   1327.29428  -6488.54788  -2986.37797   4.2283645   3.1936916  -4.7402262 2026 01 14 10 33 50.58
0   1411.67621  -6423.45868  -3080.55193   4.2095108   3.3150138  -4.6769599 2026 01 14 10 34 10.58
0   1495.66685  -6355.95475  -3173.44031   4.1892364   3.4351545  -4.6116772 2026 01 14 10 34 30.58
0   1579.23780  -6286.06024  -3265.00302   4.1675430   3.5540639  -4.5444024 2026 01 14 10 34 50.58
0   1662.36070  -6213.80027  -3355.20046   4.1444328   3.6716923  -4.4751606 2026 01 14 10 35 10.58
0   1745.00724  -6139.20095  -3443.99356   4.1199087   3.7879903  -4.4039779 2026 01 14 10 35 30.58
0   1827.14917  -6062.28939  -3531.34376   4.0939740   3.9029093  -4.3308814 2026 01 14 10 35 50.58
0   1908.75831  -5983.09366  -3617.21309   4.0666328   4.0164008  -4.2558994 2026 01 14 10 36 10.58
0   1989.80657  -5901.64278  -3701.56410   4.0378894   4.1284168  -4.1790608 2026 01 14 10 36 30.58
0   2070.26596  -5817.96675  -3784.35998   4.0077489   4.2389099  -4.1003959 2026 01 14 10 36 50.58
0   2150.10858  -5732.09650  -3865.56451   3.9762170   4.3478332  -4.0199355 2026 01 14 10 37 10.58
0   2229.30667  -5644.06389  -3945.14210   3.9432998   4.4551403  -3.9377118 2026 01 14 10 37 30.58
0   2307.83258  -5553.90172  -4023.05782   3.9090042   4.5607853  -3.8537575 2026 01 14 10 37 50.58
0   2385.65883  -5461.64367  -4099.27739   3.8733374   4.6647230  -3.7681067 2026 01 14 10 38 10.58
0   2462.75805  -5367.32435  -4173.76723   3.8363073   4.7669090  -3.6807939 2026 01 14 10 38 30.58
0   2539.10306  -5270.97924  -4246.49446   3.7979224   4.8672991  -3.5918550 2026 01 14 10 38 50.58
0   2614.66686  -5172.64468  -4317.42693   3.7581917   4.9658502  -3.5013263 2026 01 14 10 39 10.58
0   2689.42263  -5072.35790  -4386.53322   3.7171250   5.0625198  -3.4092454 2026 01 14 10 39 30.58
0   2763.34375  -4970.15693  -4453.78267   3.6747323   5.1572660  -3.3156505 2026 01 14 10 39 50.58
0   2836.40380  -4866.08068  -4519.14539   3.6310246   5.2500478  -3.2205806 2026 01 14 10 40 10.58
0   2908.57659  -4760.16882  -4582.59229   3.5860130   5.3408249  -3.1240757 2026 01 14 10 40 30.58
0   2979.83616  -4652.46186  -4644.09507   3.5397096   5.4295579  -3.0261764 2026 01 14 10 40 50.58
0   3050.15681  -4543.00106  -4703.62628   3.4921268   5.5162081  -2.9269243 2026 01 14 10 41 10.58
0   3119.51307  -4431.82847  -4761.15927   3.4432777   5.6007378  -2.8263616 2026 01 14 10 41 30.58
0   3187.87976  -4318.98686  -4816.66827   3.3931760   5.6831102  -2.7245313 2026 01 14 10 41 50.58
0   3255.23195  -4204.51974  -4870.12838   3.3418357   5.7632892  -2.6214770 2026 01 14 10 42 10.58
0   3321.54504  -4088.47135  -4921.51555   3.2892718   5.8412399  -2.5172432 2026 01 14 10 42 30.58
0   3386.79470  -3970.88657  -4970.80666   3.2354994   5.9169281  -2.4118749 2026 01 14 10 42 50.58
0   3450.95691  -3851.81101  -5017.97947   3.1805345   5.9903207  -2.3054179 2026 01 14 10 43 10.58
0   3514.00800  -3731.29089  -5063.01269   3.1243934   6.0613857  -2.1979185 2026 01 14 10 43 30.58
0   3575.92461  -3609.37307  -5105.88593   3.0670931   6.1300920  -2.0894236 2026 01 14 10 43 50.58
0   3636.68373  -3486.10504  -5146.57977   3.0086512   6.1964095  -1.9799808 2026 01 14 10 44 10.58
0   3696.26272  -3361.53487  -5185.07574   2.9490855   6.2603091  -1.8696382 2026 01 14 10 44 30.58
0   3754.63927  -3235.71118  -5221.35633   2.8884148   6.3217631  -1.7584444 2026 01 14 10 44 50.58
0   3811.79149  -3108.68316  -5255.40500   2.8266579   6.3807446  -1.6464485 2026 01 14 10 45 10.58
0   3867.69784  -2980.50051  -5287.20624   2.7638346   6.4372278  -1.5337002 2026 01 14 10 45 30.58
0   3922.33721  -2851.21346  -5316.74547   2.6999649   6.4911882  -1.4202493 2026 01 14 10 45 50.58
0   3975.68886  -2720.87268  -5344.00918   2.6350694   6.5426024  -1.3061465 2026 01 14 10 46 10.58
0   4027.73250  -2589.52932  -5368.98482   2.5691692   6.5914482  -1.1914426 2026 01 14 10 46 30.58
0   4078.44825  -2457.23497  -5391.66090   2.5022857   6.6377044  -1.0761888 2026 01 14 10 46 50.58
0   4127.81667  -2324.04160  -5412.02693   2.4344411   6.6813511  -0.9604366 2026 01 14 10 47 10.58
0   4175.81875  -2190.00160  -5430.07347   2.3656579   6.7223696  -0.8442380 2026 01 14 10 47 30.58
0   4222.43597  -2055.16770  -5445.79212   2.2959589   6.7607425  -0.7276451 2026 01 14 10 47 50.58
0   4267.65023  -1919.59297  -5459.17551   2.2253675   6.7964536  -0.6107103 2026 01 14 10 48 10.58
0   4311.44394  -1783.33079  -5470.21734   2.1539077   6.8294878  -0.4934863 2026 01 14 10 48 30.58
0   4353.79996  -1646.43485  -5478.91236   2.0816035   6.8598314  -0.3760257 2026 01 14 10 48 50.58
0   4394.70165  -1508.95906  -5485.25635   2.0084798   6.8874718  -0.2583817 2026 01 14 10 49 10.58
0   4434.13289  -1370.95761  -5489.24620   1.9345614   6.9123979  -0.1406072 2026 01 14 10 49 30.58
0   4472.07802  -1232.48488  -5490.87981   1.8598740   6.9345998  -0.0227555 2026 01 14 10 49 50.58
0   4508.52193  -1093.59543  -5490.15619   1.7844433   6.9540686   0.0951201 2026 01 14 10 50 10.58
0   4543.45002   -954.34400  -5487.07538   1.7082954   6.9707972   0.2129663 2026 01 14 10 50 30.58
0   4576.84820   -814.78545  -5481.63851   1.6314570   6.9847793   0.3307299 2026 01 14 10 50 50.58
0   4608.70295   -674.97474  -5473.84776   1.5539549   6.9960101   0.4483575 2026 01 14 10 51 10.58
0   4639.00125   -534.96695  -5463.70638   1.4758163   7.0044862   0.5657960 2026 01 14 10 51 30.58
0   4667.73065   -394.81717  -5451.21869   1.3970688   7.0102054   0.6829921 2026 01 14 10 51 50.58
0   4694.87925   -254.58056  -5436.39005   1.3177402   7.0131668   0.7998929 2026 01 14 10 52 10.58
0   4720.43571   -114.31226  -5419.22691   1.2378585   7.0133708   0.9164455 2026 01 14 10 52 30.58
0   4744.38925     25.93260  -5399.73676   1.1574522   7.0108190   1.0325972 2026 01 14 10 52 50.58
0   4766.72968    166.09893  -5377.92812   1.0765500   7.0055146   1.1482956 2026 01 14 10 53 10.58
0   4787.44735    306.13173  -5353.81060   0.9951806   6.9974617   1.2634883 2026 01 14 10 53 30.58
0   4806.53321    445.97610  -5327.39481   0.9133733   6.9866660   1.3781234 2026 01 14 10 53 50.58
0   4823.97880    585.57724  -5298.69243   0.8311574   6.9731343   1.4921492 2026 01 14 10 54 10.58
0   4839.77625    724.88052  -5267.71615   0.7485624   6.9568749   1.6055144 2026 01 14 10 54 30.58
0   4853.91825    863.83148  -5234.47968   0.6656180   6.9378972   1.7181680 2026 01 14 10 54 50.58
0   4866.39814   1002.37586  -5198.99777   0.5823542   6.9162118   1.8300595 2026 01 14 10 55 10.58
0   4877.20981   1140.45963  -5161.28615   0.4988010   6.8918307   1.9411386 2026 01 14 10 55 30.58
0   4886.34777   1278.02901  -5121.36156   0.4149886   6.8647672   2.0513556 2026 01 14 10 55 50.58
0   4893.80716   1415.03050  -5079.24173   0.3309472   6.8350357   2.1606612 2026 01 14 10 56 10.58
0   4899.58368   1551.41089  -5034.94537   0.2467075   6.8026520   2.2690068 2026 01 14 10 56 30.58
0   4903.67368   1687.11731  -4988.49217   0.1622998   6.7676328   2.3763440 2026 01 14 10 56 50.58
0   4906.07410   1822.09723  -4939.90275   0.0777548   6.7299964   2.4826253 2026 01 14 10 57 10.58
0   4906.78250   1956.29850  -4889.19870  -0.0068968   6.6897620   2.5878036 2026 01 14 10 57 30.58
0   4905.79706   2089.66936  -4836.40255  -0.0916243   6.6469502   2.6918323 2026 01 14 10 57 50.58
0   4903.11655   2222.15847  -4781.53774  -0.1763970   6.6015825   2.7946656 2026 01 14 10 58 10.58
0   4898.74039   2353.71495  -4724.62862  -0.2611841   6.5536819   2.8962585 2026 01 14 10 58 30.58
0   4892.66859   2484.28838  -4665.70045  -0.3459548   6.5032721   2.9965663 2026 01 14 10 58 50.58
0   4884.90179   2613.82881  -4604.77935  -0.4306783   6.4503784   3.0955453 2026 01 14 10 59 10.58
0   4875.44123   2742.28683  -4541.89232  -0.5153239   6.3950268   3.1931524 2026 01 14 10 59 30.58
0   4864.28878   2869.61355  -4477.06724  -0.5998609   6.3372446   3.2893454 2026 01 14 10 59 50.58
0   4851.44692   2995.76063  -4410.33278  -0.6842586   6.2770600   3.3840826 2026 01 14 11 00 10.58
0   4836.91873   3120.68032  -4341.71847  -0.7684866   6.2145024   3.4773235 2026 01 14 11 00 30.58
0   4820.70791   3244.32546  -4271.25464  -0.8525143   6.1496021   3.5690280 2026 01 14 11 00 50.58
0   4802.81877   3366.64950  -4198.97238  -0.9363114   6.0823905   3.6591572 2026 01 14 11 01 10.58
0   4783.25623   3487.60652  -4124.90360  -1.0198476   6.0128998   3.7476727 2026 01 14 11 01 30.58
0   4762.02581   3607.15129  -4049.08093  -1.1030927   5.9411634   3.8345372 2026 01 14 11 01 50.58
0   4739.13362   3725.23921  -3971.53776  -1.1860169   5.8672155   3.9197143 2026 01 14 11 02 10.58
0   4714.58638   3841.82641  -3892.30818  -1.2685903   5.7910911   4.0031685 2026 01 14 11 02 30.58
0   4688.39140   3956.86971  -3811.42700  -1.3507832   5.7128263   4.0848650 2026 01 14 11 02 50.58
0   4660.55659   4070.32666  -3728.92971  -1.4325663   5.6324578   4.1647703 2026 01 14 11 03 10.58
0   4631.09044   4182.15556  -3644.85246  -1.5139102   5.5500235   4.2428516 2026 01 14 11 03 30.58
0   4600.00202   4292.31548  -3559.23205  -1.5947859   5.4655617   4.3190772 2026 01 14 11 03 50.58
0   4567.30098   4400.76624  -3472.10589  -1.6751646   5.3791118   4.3934162 2026 01 14 11 04 10.58
0   4532.99756   4507.46849  -3383.51201  -1.7550178   5.2907137   4.4658390 2026 01 14 11 04 30.58
0   4497.10253   4612.38366  -3293.48903  -1.8343171   5.2004083   4.5363166 2026 01 14 11 04 50.58
0   4459.62727   4715.47401  -3202.07613  -1.9130345   5.1082370   4.6048215 2026 01 14 11 05 10.58
0   4420.58370   4816.70264  -3109.31303  -1.9911423   5.0142420   4.6713268 2026 01 14 11 05 30.58
0   4379.98427   4916.03349  -3015.23998  -2.0686128   4.9184659   4.7358068 2026 01 14 11 05 50.58
0   4337.84201   5013.43138  -2919.89773  -2.1454191   4.8209524   4.7982369 2026 01 14 11 06 10.58
0   4294.17048   5108.86199  -2823.32752  -2.2215341   4.7217452   4.8585935 2026 01 14 11 06 30.58
0   4248.98377   5202.29189  -2725.57104  -2.2969314   4.6208891   4.9168540 2026 01 14 11 06 50.58
0   4202.29649   5293.68855  -2626.67044  -2.3715848   4.5184292   4.9729969 2026 01 14 11 07 10.58
0   4154.12379   5383.02033  -2526.66826  -2.4454683   4.4144110   5.0270019 2026 01 14 11 07 30.58
0   4104.48133   5470.25654  -2425.60747  -2.5185565   4.3088807   5.0788496 2026 01 14 11 07 50.58
0   4053.38526   5555.36739  -2323.53140  -2.5908242   4.2018849   5.1285217 2026 01 14 11 08 10.58
0   4000.85224   5638.32403  -2220.48373  -2.6622466   4.0934705   5.1760011 2026 01 14 11 08 30.58
0   3946.89943   5719.09857  -2116.50847  -2.7327993   3.9836849   5.2212715 2026 01 14 11 08 50.58
0   3891.54447   5797.66405  -2011.64997  -2.8024584   3.8725759   5.2643180 2026 01 14 11 09 10.58
0   3834.80547   5873.99449  -1905.95285  -2.8712001   3.7601916   5.3051267 2026 01 14 11 09 30.58
0   3776.70101   5948.06486  -1799.46198  -2.9390013   3.6465805   5.3436847 2026 01 14 11 09 50.58
0   3717.25013   6019.85111  -1692.22251  -3.0058392   3.5317912   5.3799801 2026 01 14 11 10 10.58
0   3656.47233   6089.33017  -1584.27979  -3.0716913   3.4158727   5.4140023 2026 01 14 11 10 30.58
0   3594.38754   6156.47993  -1475.67940  -3.1365358   3.2988742   5.4457417 2026 01 14 11 10 50.58
0   3531.01615   6221.27930  -1366.46707  -3.2003511   3.1808452   5.4751896 2026 01 14 11 11 10.58
0   3466.37894   6283.70815  -1256.68871  -3.2631161   3.0618352   5.5023386 2026 01 14 11 11 30.58
0   3400.49713   6343.74737  -1146.39037  -3.3248102   2.9418940   5.5271823 2026 01 14 11 11 50.58
0   3333.39235   6401.37882  -1035.61821  -3.3854132   2.8210714   5.5497152 2026 01 14 11 12 10.58
0   3265.08662   6456.58539   -924.41849  -3.4449053   2.6994175   5.5699332 2026 01 14 11 12 30.58
0   3195.60235   6509.35094   -812.83755  -3.5032672   2.5769823   5.5878328 2026 01 14 11 12 50.58
0   3124.96235   6559.66036   -700.92178  -3.5604801   2.4538159   5.6034118 2026 01 14 11 13 10.58
0   3053.18977   6607.49951   -588.71760  -3.6165256   2.3299683   5.6166691 2026 01 14 11 13 30.58
0   2980.30815   6652.85528   -476.27146  -3.6713859   2.2054898   5.6276045 2026 01 14 11 13 50.58
0   2906.34136   6695.71556   -363.62978  -3.7250435   2.0804305   5.6362188 2026 01 14 11 14 10.58
0   2831.31365   6736.06922   -250.83898  -3.7774815   1.9548404   5.6425138 2026 01 14 11 14 30.58
0   2755.24956   6773.90616   -137.94541  -3.8286833   1.8287694   5.6464924 2026 01 14 11 14 50.58
0   2678.17397   6809.21725    -24.99536  -3.8786331   1.7022675   5.6481584 2026 01 14 11 15 10.58
0   2600.11210   6841.99438     87.96496  -3.9273152   1.5753845   5.6475166 2026 01 14 11 15 30.58
0   2521.08944   6872.23043    200.88945  -3.9747147   1.4481699   5.6445727 2026 01 14 11 15 50.58
0   2441.13180   6899.91926    313.73214  -4.0208170   1.3206733   5.6393335 2026 01 14 11 16 10.58
0   2360.26526   6925.05573    426.44719  -4.0656080   1.1929440   5.6318066 2026 01 14 11 16 30.58
0   2278.51619   6947.63568    538.98893  -4.1090742   1.0650310   5.6220006 2026 01 14 11 16 50.58
0   2195.91120   6967.65591    651.31188  -4.1512024   0.9369832   5.6099250 2026 01 14 11 17 10.58
0   2112.47720   6985.11424    763.37074  -4.1919801   0.8088492   5.5955901 2026 01 14 11 17 30.58
0   2028.24131   7000.00942    875.12045  -4.2313951   0.6806775   5.5790073 2026 01 14 11 17 50.58
0   1943.23090   7012.34117    986.51616  -4.2694357   0.5525160   5.5601887 2026 01 14 11 18 10.58
0   1857.47358   7022.11019   1097.51329  -4.3060909   0.4244126   5.5391473 2026 01 14 11 18 30.58
0   1770.99715   7029.31811   1208.06752  -4.3413498   0.2964147   5.5158970 2026 01 14 11 18 50.58
0   1683.82965   7033.96753   1318.13482  -4.3752024   0.1685695   5.4904526 2026 01 14 11 19 10.58
0   1595.99929   7036.06195   1427.67147  -4.4076389   0.0409238   5.4628294 2026 01 14 11 19 30.58
0   1507.53450   7035.60585   1536.63404  -4.4386501  -0.0864760   5.4330439 2026 01 14 11 19 50.58
0   1418.46386   7032.60459   1644.97946  -4.4682272  -0.2135838   5.4011131 2026 01 14 11 20 10.58
0   1328.81614   7027.06449   1752.66502  -4.4963618  -0.3403540   5.3670549 2026 01 14 11 20 30.58
0   1238.62027   7018.99274   1859.64834  -4.5230463  -0.4667414   5.3308880 2026 01 14 11 20 50.58
0   1147.90531   7008.39746   1965.88744  -4.5482732  -0.5927011   5.2926318 2026 01 14 11 21 10.58
0   1056.70049   6995.28763   2071.34074  -4.5720356  -0.7181888   5.2523063 2026 01 14 11 21 30.58
0    965.03516   6979.67316   2175.96707  -4.5943272  -0.8431604   5.2099324 2026 01 14 11 21 50.58
0    872.93880   6961.56478   2279.72566  -4.6151420  -0.9675726   5.1655317 2026 01 14 11 22 10.58
0    780.44099   6940.97412   2382.57620  -4.6344744  -1.0913823   5.1191263 2026 01 14 11 22 30.58
0    687.57143   6917.91367   2484.47884  -4.6523194  -1.2145470   5.0707390 2026 01 14 11 22 50.58
0    594.35990   6892.39673   2585.39416  -4.6686724  -1.3370247   5.0203935 2026 01 14 11 23 10.58
0    500.83630   6864.43747   2685.28324  -4.6835294  -1.4587738   4.9681138 2026 01 14 11 23 30.58
0    407.03056   6834.05087   2784.10765  -4.6968865  -1.5797533   4.9139248 2026 01 14 11 23 50.58
0    312.97273   6801.25272   2881.82945  -4.7087405  -1.6999228   4.8578518 2026 01 14 11 24 10.58
0    218.69289   6766.05963   2978.41123  -4.7190886  -1.8192423   4.7999208 2026 01 14 11 24 30.58
0    124.22117   6728.48899   3073.81608  -4.7279284  -1.9376723   4.7401583 2026 01 14 11 24 50.58
0     29.58776   6688.55897   3168.00764  -4.7352579  -2.0551740   4.6785915 2026 01 14 11 25 10.58
0    -65.17712   6646.28854   3260.95011  -4.7410756  -2.1717091   4.6152479 2026 01 14 11 25 30.58
0   -160.04322   6601.69739   3352.60823  -4.7453804  -2.2872398   4.5501557 2026 01 14 11 25 50.58
0   -254.98030   6554.80599   3442.94731  -4.7481716  -2.4017289   4.4833437 2026 01 14 11 26 10.58
0   -349.95807   6505.63553   3531.93324  -4.7494489  -2.5151398   4.4148409 2026 01 14 11 26 30.58
0   -444.94626   6454.20793   3619.53251  -4.7492125  -2.6274365   4.3446771 2026 01 14 11 26 50.58
0   -539.91460   6400.54584   3705.71220  -4.7474629  -2.7385834   4.2728823 2026 01 14 11 27 10.58
0   -634.83285   6344.67260   3790.43998  -4.7442010  -2.8485458   4.1994872 2026 01 14 11 27 30.58
0   -729.67077   6286.61223   3873.68416  -4.7394281  -2.9572893   4.1245227 2026 01 14 11 27 50.58
0   -824.39816   6226.38946   3955.41366  -4.7331461  -3.0647803   4.0480204 2026 01 14 11 28 10.58
0   -918.98487   6164.02966   4035.59804  -4.7253570  -3.1709857   3.9700120 2026 01 14 11 28 30.58
0  -1013.40077   6099.55887   4114.20750  -4.7160634  -3.2758730   3.8905298 2026 01 14 11 28 50.58
0  -1107.61582   6033.00377   4191.21289  -4.7052681  -3.3794103   3.8096064 2026 01 14 11 29 10.58
0  -1201.60001   5964.39166   4266.58571  -4.6929745  -3.4815663   3.7272749 2026 01 14 11 29 30.58
0  -1295.32341   5893.75048   4340.29812  -4.6791862  -3.5823105   3.6435687 2026 01 14 11 29 50.58
0  -1388.75617   5821.10877   4412.32297  -4.6639071  -3.6816126   3.5585213 2026 01 14 11 30 10.58
0  -1481.86853   5746.49565   4482.63376  -4.6471418  -3.7794434   3.4721668 2026 01 14 11 30 30.58
0  -1574.63080   5669.94085   4551.20470  -4.6288950  -3.8757740   3.3845397 2026 01 14 11 30 50.58
0  -1667.01341   5591.47464   4618.01067  -4.6091718  -3.9705762   3.2956744 2026 01 14 11 31 10.58
0  -1758.98688   5511.12788   4683.02727  -4.5879777  -4.0638223   3.2056061 2026 01 14 11 31 30.58
0  -1850.52186   5428.93194   4746.23076  -4.5653185  -4.1554856   3.1143699 2026 01 14 11 31 50.58
0  -1941.58911   5344.91875   4807.59815  -4.5412005  -4.2455395   3.0220013 2026 01 14 11 32 10.58
0  -2032.15951   5259.12076   4867.10714  -4.5156301  -4.3339583   2.9285361 2026 01 14 11 32 30.58
0  -2122.20409   5171.57090   4924.73616  -4.4886143  -4.4207171   2.8340103 2026 01 14 11 32 50.58
0  -2211.69401   5082.30264   4980.46434  -4.4601603  -4.5057911   2.7384600 2026 01 14 11 33 10.58
0  -2300.60058   4991.34990   5034.27156  -4.4302756  -4.5891567   2.6419218 2026 01 14 11 33 30.58
0  -2388.89527   4898.74709   5086.13842  -4.3989682  -4.6707905   2.5444324 2026 01 14 11 33 50.58
0  -2476.54970   4804.52906   5136.04627  -4.3662462  -4.7506699   2.4460285 2026 01 14 11 34 10.58
0  -2563.53567   4708.73113   5183.97717  -4.3321184  -4.8287728   2.3467473 2026 01 14 11 34 30.58
0  -2649.82514   4611.38904   5229.91395  -4.2965935  -4.9050779   2.2466260 2026 01 14 11 34 50.58
0  -2735.39028   4512.53895   5273.84018  -4.2596809  -4.9795644   2.1457020 2026 01 14 11 35 10.58
0  -2820.20341   4412.21744   5315.74017  -4.2213900  -5.0522120   2.0440129 2026 01 14 11 35 30.58
0  -2904.23706   4310.46148   5355.59899  -4.1817308  -5.1230013   1.9415963 2026 01 14 11 35 50.58
0  -2987.46398   4207.30844   5393.40246  -4.1407134  -5.1919133   1.8384902 2026 01 14 11 36 10.58
0  -3069.85710   4102.79603   5429.13718  -4.0983484  -5.2589296   1.7347326 2026 01 14 11 36 30.58
0  -3151.38958   3996.96236   5462.79049  -4.0546466  -5.3240325   1.6303615 2026 01 14 11 36 50.58
0  -3232.03478   3889.84587   5494.35049  -4.0096191  -5.3872049   1.5254152 2026 01 14 11 37 10.58
0  -3311.76631   3781.48533   5523.80606  -3.9632775  -5.4484302   1.4199319 2026 01 14 11 37 30.58
0  -3390.55799   3671.91985   5551.14685  -3.9156334  -5.5076926   1.3139503 2026 01 14 11 37 50.58
0  -3468.38391   3561.18885   5576.36326  -3.8666990  -5.5649767   1.2075086 2026 01 14 11 38 10.58
0  -3545.21837   3449.33202   5599.44648  -3.8164866  -5.6202679   1.1006456 2026 01 14 11 38 30.58
0  -3621.03593   3336.38939   5620.38846  -3.7650091  -5.6735520   0.9933998 2026 01 14 11 38 50.58
0  -3695.81142   3222.40123   5639.18194  -3.7122793  -5.7248155   0.8858101 2026 01 14 11 39 10.58
0  -3769.51994   3107.40809   5655.82041  -3.6583106  -5.7740455   0.7779150 2026 01 14 11 39 30.58
0  -3842.13682   2991.45076   5670.29816  -3.6031166  -5.8212298   0.6697536 2026 01 14 11 39 50.58
0  -3913.63770   2874.57027   5682.61024  -3.5467112  -5.8663566   0.5613645 2026 01 14 11 40 10.58
0  -3983.99850   2756.80790   5692.75250  -3.4891087  -5.9094147   0.4527867 2026 01 14 11 40 30.58
0  -4053.19542   2638.20512   5700.72153  -3.4303236  -5.9503938   0.3440590 2026 01 14 11 40 50.58
0  -4121.20494   2518.80363   5706.51474  -3.3703707  -5.9892838   0.2352204 2026 01 14 11 41 10.58
0  -4188.00385   2398.64530   5710.13029  -3.3092651  -6.0260754   0.1263097 2026 01 14 11 41 30.58
0  -4253.56927   2277.77218   5711.56713  -3.2470223  -6.0607598   0.0173659 2026 01 14 11 41 50.58
0  -4317.87860   2156.22652   5710.82498  -3.1836581  -6.0933290  -0.0915722 2026 01 14 11 42 10.58
0  -4380.90956   2034.05069   5707.90435  -3.1191883  -6.1237753  -0.2004656 2026 01 14 11 42 30.58
0  -4442.64020   1911.28724   5702.80651  -3.0536294  -6.1520918  -0.3092757 2026 01 14 11 42 50.58
0  -4503.04892   1787.97881   5695.53353  -2.9869980  -6.1782720  -0.4179635 2026 01 14 11 43 10.58
0  -4562.11442   1664.16821   5686.08823  -2.9193110  -6.2023102  -0.5264903 2026 01 14 11 43 30.58
0  -4619.81577   1539.89833   5674.47424  -2.8505856  -6.2242012  -0.6348173 2026 01 14 11 43 50.58
0  -4676.13236   1415.21216   5660.69592  -2.7808395  -6.2439402  -0.7429061 2026 01 14 11 44 10.58
0  -4731.04397   1290.15280   5644.75843  -2.7100902  -6.2615234  -0.8507179 2026 01 14 11 44 30.58
0  -4784.53070   1164.76339   5626.66770  -2.6383561  -6.2769471  -0.9582142 2026 01 14 11 44 50.58
0  -4836.57304   1039.08716   5606.43042  -2.5656555  -6.2902086  -1.0653567 2026 01 14 11 45 10.58
0  -4887.15186    913.16738   5584.05406  -2.4920072  -6.3013056  -1.1721069 2026 01 14 11 45 30.58
0  -4936.24838    787.04736   5559.54685  -2.4174300  -6.3102362  -1.2784267 2026 01 14 11 45 50.58
0  -4983.84421    660.77045   5532.91778  -2.3419434  -6.3169995  -1.3842778 2026 01 14 11 46 10.58
0  -5029.92137    534.38001   5504.17660  -2.2655670  -6.3215949  -1.4896224 2026 01 14 11 46 30.58
0  -5074.46226    407.91939   5473.33384  -2.1883206  -6.3240224  -1.5944224 2026 01 14 11 46 50.58
0  -5117.44967    281.43194   5440.40076  -2.1102245  -6.3242827  -1.6986402 2026 01 14 11 47 10.58
0  -5158.86683    154.96102   5405.38939  -2.0312992  -6.3223770  -1.8022380 2026 01 14 11 47 30.58
0  -5198.69735     28.54991   5368.31250  -1.9515654  -6.3183071  -1.9051783 2026 01 14 11 47 50.58
0  -5236.92527    -97.75811   5329.18363  -1.8710442  -6.3120753  -2.0074239 2026 01 14 11 48 10.58
0  -5273.53505   -223.91984   5288.01705  -1.7897571  -6.3036848  -2.1089376 2026 01 14 11 48 30.58
0  -5308.51161   -349.89213   5244.82776  -1.7077256  -6.2931390  -2.2096823 2026 01 14 11 48 50.58
0  -5341.84027   -475.63192   5199.63153  -1.6249719  -6.2804422  -2.3096213 2026 01 14 11 49 10.58
0  -5373.50680   -601.09623   5152.44483  -1.5415181  -6.2655990  -2.4087178 2026 01 14 11 49 30.58
0  -5403.49744   -726.24218   5103.28488  -1.4573868  -6.2486148  -2.5069356 2026 01 14 11 49 50.58
0  -5431.79886   -851.02702   5052.16964  -1.3726009  -6.2294956  -2.6042382 2026 01 14 11 50 10.58
0  -5458.39820   -975.40810   4999.11776  -1.2871835  -6.2082478  -2.7005898 2026 01 14 11 50 30.58
0  -5483.28306  -1099.34293   4944.14863  -1.2011581  -6.1848787  -2.7959544 2026 01 14 11 50 50.58
0  -5506.44154  -1222.78915   4887.28234  -1.1145484  -6.1593959  -2.8902967 2026 01 14 11 51 10.58
0  -5527.86217  -1345.70458   4828.53972  -1.0273784  -6.1318078  -2.9835811 2026 01 14 11 51 30.58
0  -5547.53400  -1468.04719   4767.94226  -0.9396725  -6.1021232  -3.0757728 2026 01 14 11 51 50.58
0  -5565.44656  -1589.77515   4705.51217  -0.8514551  -6.0703516  -3.1668368 2026 01 14 11 52 10.58
0  -5581.58986  -1710.84683   4641.27237  -0.7627513  -6.0365033  -3.2567387 2026 01 14 11 52 30.58
0  -5595.95444  -1831.22079   4575.24643  -0.6735862  -6.0005889  -3.3454443 2026 01 14 11 52 50.58
0  -5608.53131  -1950.85583   4507.45864  -0.5839851  -5.9626196  -3.4329195 2026 01 14 11 53 10.58
0  -5619.31202  -2069.71097   4437.93393  -0.4939739  -5.9226076  -3.5191307 2026 01 14 11 53 30.58
0  -5628.28863  -2187.74549   4366.69792  -0.4035785  -5.8805651  -3.6040447 2026 01 14 11 53 50.58
0  -5635.45372  -2304.91890   4293.77691  -0.3128252  -5.8365055  -3.6876284 2026 01 14 11 54 10.58
0  -5640.80039  -2421.19100   4219.19781  -0.2217406  -5.7904424  -3.7698491 2026 01 14 11 54 30.58
0  -5644.32229  -2536.52188   4142.98822  -0.1303514  -5.7423902  -3.8506746 2026 01 14 11 54 50.58
0  -5646.01360  -2650.87189   4065.17637  -0.0386848  -5.6923638  -3.9300729 2026 01 14 11 55 10.58
0  -5645.86904  -2764.20171   3985.79112   0.0532320  -5.6403789  -4.0080124 2026 01 14 11 55 30.58
0  -5643.88389  -2876.47234   3904.86196   0.1453713  -5.5864515  -4.0844619 2026 01 14 11 55 50.58
0  -5640.05397  -2987.64510   3822.41901   0.2377052  -5.5305984  -4.1593906 2026 01 14 11 56 10.58
0  -5634.37567  -3097.68164   3738.49298   0.3302057  -5.4728371  -4.2327681 2026 01 14 11 56 30.58
0  -5626.84595  -3206.54400   3653.11521   0.4228445  -5.4131856  -4.3045645 2026 01 14 11 56 50.58
0  -5617.46232  -3314.19455   3566.31761   0.5155928  -5.3516625  -4.3747502 2026 01 14 11 57 10.58
0  -5606.22289  -3420.59605   3478.13269   0.6084220  -5.2882871  -4.4432960 2026 01 14 11 57 30.58
0  -5593.12633  -3525.71167   3388.59355   0.7013029  -5.2230791  -4.5101735 2026 01 14 11 57 50.58
0  -5578.17189  -3629.50496   3297.73382   0.7942062  -5.1560590  -4.5753543 2026 01 14 11 58 10.58
0  -5561.35942  -3731.93989   3205.58773   0.8871025  -5.0872480  -4.6388107 2026 01 14 11 58 30.58
0  -5542.68935  -3832.98086   3112.19003   0.9799619  -5.0166677  -4.7005157 2026 01 14 11 58 50.58
0  -5522.16273  -3932.59272   3017.57602   1.0727547  -4.9443405  -4.7604425 2026 01 14 11 59 10.58
0  -5499.78119  -4030.74075   2921.78153   1.1654506  -4.8702891  -4.8185649 2026 01 14 11 59 30.58
0  -5475.54696  -4127.39071   2824.84290   1.2580193  -4.7945372  -4.8748572 2026 01 14 11 59 50.58
0  -5449.46290  -4222.50884   2726.79699   1.3504303  -4.7171089  -4.9292946 2026 01 14 12 00 10.58
0  -5421.53246  -4316.06186   2627.68115   1.4426529  -4.6380289  -4.9818523 2026 01 14 12 00 30.58
0  -5391.75972  -4408.01699   2527.53321   1.5346562  -4.5573226  -5.0325064 2026 01 14 12 00 50.58
0  -5360.14937  -4498.34196   2426.39146   1.6264092  -4.4750160  -5.0812336 2026 01 14 12 01 10.58
0  -5326.70673  -4587.00504   2324.29469   1.7178807  -4.3911354  -5.1280112 2026 01 14 12 01 30.58
0  -5291.43775  -4673.97502   2221.28210   1.8090393  -4.3057083  -5.1728169 2026 01 14 12 01 50.58
0  -5254.34898  -4759.22126   2117.39335   1.8998535  -4.2187621  -5.2156293 2026 01 14 12 02 10.58
0  -5215.44764  -4842.71365   2012.66851   1.9902918  -4.1303254  -5.2564275 2026 01 14 12 02 30.58
0  -5174.74155  -4924.42267   1907.14807   2.0803224  -4.0404271  -5.2951913 2026 01 14 12 02 50.58
0  -5132.23919  -5004.31940   1800.87292   2.1699134  -3.9490966  -5.3319012 2026 01 14 12 03 10.58
0  -5087.94966  -5082.37548   1693.88431   2.2590329  -3.8563641  -5.3665382 2026 01 14 12 03 30.58
0  -5041.88272  -5158.56319   1586.22390   2.3476489  -3.7622602  -5.3990844 2026 01 14 12 03 50.58
0  -4994.04875  -5232.85542   1477.93366   2.4357293  -3.6668163  -5.4295221 2026 01 14 12 04 10.58
0  -4944.45878  -5305.22567   1369.05594   2.5232418  -3.5700640  -5.4578347 2026 01 14 12 04 30.58
0  -4893.12449  -5375.64811   1259.63340   2.6101542  -3.4720359  -5.4840062 2026 01 14 12 04 50.58
0  -4840.05820  -5444.09754   1149.70902   2.6964343  -3.3727648  -5.5080214 2026 01 14 12 05 10.58
0  -4785.27289  -5510.54945   1039.32606   2.7820497  -3.2722842  -5.5298659 2026 01 14 12 05 30.58
0  -4728.78215  -5574.97999    928.52807   2.8669682  -3.1706282  -5.5495259 2026 01 14 12 05 50.58
0  -4670.60026  -5637.36599    817.35888   2.9511572  -3.0678313  -5.5669885 2026 01 14 12 06 10.58
0  -4610.74212  -5697.68498    705.86256   3.0345846  -2.9639287  -5.5822417 2026 01 14 12 06 30.58
0  -4549.22328  -5755.91520    594.08340   3.1172181  -2.8589560  -5.5952743 2026 01 14 12 06 50.58
0  -4486.05995  -5812.03562    482.06592   3.1990252  -2.7529493  -5.6060757 2026 01 14 12 07 10.58
0  -4421.26897  -5866.02591    369.85485   3.2799738  -2.6459453  -5.6146365 2026 01 14 12 07 30.58
0  -4354.86783  -5917.86651    257.49508   3.3600318  -2.5379810  -5.6209478 2026 01 14 12 07 50.58
0  -4286.87467  -5967.53857    145.03168   3.4391669  -2.4290942  -5.6250018 2026 01 14 12 08 10.58
0  -4217.30825  -6015.02403     32.50987   3.5173473  -2.3193229  -5.6267915 2026 01 14 12 08 30.58
0  -4146.18799  -6060.30558    -80.02500   3.5945411  -2.2087057  -5.6263108 2026 01 14 12 08 50.58
0  -4073.53395  -6103.36669   -192.52747   3.6707164  -2.0972817  -5.6235546 2026 01 14 12 09 10.58
0  -3999.36679  -6144.19162   -304.95198   3.7458416  -1.9850902  -5.6185185 2026 01 14 12 09 30.58
0  -3923.70785  -6182.76540   -417.25291   3.8198852  -1.8721713  -5.6111992 2026 01 14 12 09 50.58
0  -3846.57905  -6219.07391   -529.38457   3.8928160  -1.7585651  -5.6015942 2026 01 14 12 10 10.58
0  -3768.00298  -6253.10378   -641.30121   3.9646028  -1.6443126  -5.5897021 2026 01 14 12 10 30.58
0  -3688.00282  -6284.84252   -752.95710   4.0352146  -1.5294547  -5.5755224 2026 01 14 12 10 50.58
0  -3606.60237  -6314.27841   -864.30648   4.1046209  -1.4140330  -5.5590554 2026 01 14 12 11 10.58
0  -3523.82605  -6341.40059   -975.30362   4.1727910  -1.2980893  -5.5403025 2026 01 14 12 11 30.58
0  -3439.69890  -6366.19906  -1085.90282   4.2396948  -1.1816659  -5.5192662 2026 01 14 12 11 50.58
0  -3354.24652  -6388.66464  -1196.05845   4.3053023  -1.0648054  -5.4959498 2026 01 14 12 12 10.58
0  -3267.49516  -6408.78900  -1305.72494   4.3695839  -0.9475506  -5.4703576 2026 01 14 12 12 30.58
0  -3179.47161  -6426.56470  -1414.85683   4.4325102  -0.8299447  -5.4424950 2026 01 14 12 12 50.58
0  -3090.20329  -6441.98513  -1523.40877   4.4940522  -0.7120312  -5.4123683 2026 01 14 12 13 10.58
0  -2999.71815  -6455.04460  -1631.33555   4.5541812  -0.5938538  -5.3799849 2026 01 14 12 13 30.58
0  -2908.04476  -6465.73825  -1738.59212   4.6128688  -0.4754566  -5.3453532 2026 01 14 12 13 50.58
0  -2815.21222  -6474.06213  -1845.13360   4.6700871  -0.3568837  -5.3084826 2026 01 14 12 14 10.58
0  -2721.25019  -6480.01317  -1950.91532   4.7258085  -0.2381798  -5.2693835 2026 01 14 12 14 30.58
0  -2626.18889  -6483.58918  -2055.89281   4.7800059  -0.1193893  -5.2280673 2026 01 14 12 14 50.58
0  -2530.05907  -6484.78890  -2160.02186   4.8326526  -0.0005573  -5.1845465 2026 01 14 12 15 10.58
0  -2432.89200  -6483.61193  -2263.25851   4.8837222   0.1182714  -5.1388347 2026 01 14 12 15 30.58
0  -2334.71950  -6480.05879  -2365.55908   4.9331889   0.2370515  -5.0909463 2026 01 14 12 15 50.58
0  -2235.57388  -6474.13091  -2466.88019   4.9810274   0.3557377  -5.0408970 2026 01 14 12 16 10.58
0  -2135.48795  -6465.83062  -2567.17879   5.0272129   0.4742847  -4.9887033 2026 01 14 12 16 30.58
0  -2034.49502  -6455.16114  -2666.41216   5.0717210   0.5926470  -4.9343830 2026 01 14 12 16 50.58
0  -1932.62889  -6442.12664  -2764.53795   5.1145280   0.7107791  -4.8779546 2026 01 14 12 17 10.58
0  -1829.92381  -6426.73218  -2861.51420   5.1556106   0.8286352  -4.8194379 2026 01 14 12 17 30.58
0  -1726.41450  -6408.98372  -2957.29936   5.1949462   0.9461700  -4.7588536 2026 01 14 12 17 50.58
0  -1622.13613  -6388.88815  -3051.85227   5.2325127   1.0633376  -4.6962235 2026 01 14 12 18 10.58
0  -1517.12430  -6366.45327  -3145.13225   5.2682886   1.1800927  -4.6315704 2026 01 14 12 18 30.58
0  -1411.41503  -6341.68779  -3237.09908   5.3022530   1.2963895  -4.5649180 2026 01 14 12 18 50.58
0  -1305.04477  -6314.60133  -3327.71303   5.3343858   1.4121827  -4.4962911 2026 01 14 12 19 10.58
0  -1198.05035  -6285.20442  -3416.93485   5.3646674   1.5274269  -4.4257156 2026 01 14 12 19 30.58
0  -1090.46898  -6253.50849  -3504.72584   5.3930790   1.6420768  -4.3532183 2026 01 14 12 19 50.58
0   -982.33825  -6219.52588  -3591.04784   5.4196022   1.7560873  -4.2788270 2026 01 14 12 20 10.58
0   -873.69612  -6183.26982  -3675.86327   5.4442196   1.8694134  -4.2025704 2026 01 14 12 20 30.58
0   -764.58086  -6144.75447  -3759.13511   5.4669144   1.9820102  -4.1244784 2026 01 14 12 20 50.58
0   -655.03111  -6103.99485  -3840.82696   5.4876705   2.0938333  -4.0445815 2026 01 14 12 21 10.58
0   -545.08578  -6061.00688  -3920.90305   5.5064727   2.2048383  -3.9629115 2026 01 14 12 21 30.58
0   -434.78412  -6015.80737  -3999.32824   5.5233064   2.3149809  -3.8795010 2026 01 14 12 21 50.58
0   -324.16563  -5968.41400  -4076.06804   5.5381577   2.4242175  -3.7943835 2026 01 14 12 22 10.58
0   -213.27009  -5918.84534  -4151.08869   5.5510138   2.5325045  -3.7075935 2026 01 14 12 22 30.58
0   -102.13753  -5867.12082  -4224.35706   5.5618624   2.6397987  -3.6191662 2026 01 14 12 22 50.58
0      9.19177  -5813.26072  -4295.84080   5.5706922   2.7460571  -3.5291380 2026 01 14 12 23 10.58
0    120.67733  -5757.28618  -4365.50824   5.5774925   2.8512374  -3.4375460 2026 01 14 12 23 30.58
0    232.27846  -5699.21919  -4433.32850   5.5822537   2.9552973  -3.3444281 2026 01 14 12 23 50.58
0    343.95429  -5639.08259  -4499.27146   5.5849670   3.0581954  -3.2498230 2026 01 14 12 24 10.58
0    455.66377  -5576.90001  -4563.30776   5.5856242   3.1598901  -3.1537705 2026 01 14 12 24 30.58
0    567.36570  -5512.69595  -4625.40886   5.5842183   3.2603409  -3.0563110 2026 01 14 12 24 50.58
0    679.01877  -5446.49568  -4685.54705   5.5807429   3.3595074  -2.9574856 2026 01 14 12 25 10.58
0    790.58153  -5378.32529  -4743.69543   5.5751929   3.4573499  -2.8573364 2026 01 14 12 25 30.58
0    902.01242  -5308.21166  -4799.82795   5.5675635   3.5538290  -2.7559060 2026 01 14 12 25 50.58
0   1013.26984  -5236.18245  -4853.91944   5.5578514   3.6489060  -2.6532380 2026 01 14 12 26 10.58
0   1124.31210  -5162.26608  -4905.94557   5.5460537   3.7425430  -2.5493764 2026 01 14 12 26 30.58
0   1235.09746  -5086.49172  -4955.88294   5.5321689   3.8347023  -2.4443662 2026 01 14 12 26 50.58
0   1345.58418  -5008.88931  -5003.70903   5.5161960   3.9253470  -2.3382527 2026 01 14 12 27 10.58
0   1455.73050  -4929.48950  -5049.40225   5.4981353   4.0144409  -2.2310822 2026 01 14 12 27 30.58
0   1565.49466  -4848.32367  -5092.94192   5.4779876   4.1019483  -2.1229014 2026 01 14 12 27 50.58
0   1674.83495  -4765.42389  -5134.30832   5.4557551   4.1878344  -2.0137576 2026 01 14 12 28 10.58
0   1783.70971  -4680.82293  -5173.48267   5.4314407   4.2720650  -1.9036986 2026 01 14 12 28 30.58
0   1892.07733  -4594.55425  -5210.44715   5.4050483   4.3546066  -1.7927730 2026 01 14 12 28 50.58
0   1999.89630  -4506.65194  -5245.18493   5.3765827   4.4354264  -1.6810297 2026 01 14 12 29 10.58
0   2107.12522  -4417.15078  -5277.68016   5.3460498   4.5144925  -1.5685181 2026 01 14 12 29 30.58
0   2213.72282  -4326.08613  -5307.91797   5.3134562   4.5917736  -1.4552881 2026 01 14 12 29 50.58
0   2319.64794  -4233.49401  -5335.88449   5.2788096   4.6672394  -1.3413900 2026 01 14 12 30 10.58
0   2424.85964  -4139.41102  -5361.56689   5.2421188   4.7408602  -1.2268745 2026 01 14 12 30 30.58
0   2529.31711  -4043.87435  -5384.95332   5.2033934   4.8126074  -1.1117928 2026 01 14 12 30 50.58
0   2632.97978  -3946.92173  -5406.03299   5.1626439   4.8824531  -0.9961962 2026 01 14 12 31 10.58
0   2735.80728  -3848.59149  -5424.79611   5.1198818   4.9503702  -0.8801366 2026 01 14 12 31 30.58
0   2837.75949  -3748.92244  -5441.23394   5.0751196   5.0163325  -0.7636660 2026 01 14 12 31 50.58
0   2938.79653  -3647.95393  -5455.33880   5.0283708   5.0803149  -0.6468367 2026 01 14 12 32 10.58
0   3038.87883  -3545.72581  -5467.10404   4.9796496   5.1422930  -0.5297013 2026 01 14 12 32 30.58
0   3137.96709  -3442.27838  -5476.52406   4.9289714   5.2022434  -0.4123125 2026 01 14 12 32 50.58
0   3236.02234  -3337.65244  -5483.59434   4.8763524   5.2601437  -0.2947232 2026 01 14 12 33 10.58
0   3333.00593  -3231.88918  -5488.31138   4.8218097   5.3159723  -0.1769864 2026 01 14 12 33 30.58
0   3428.87957  -3125.03026  -5490.67278   4.7653614   5.3697086  -0.0591554 2026 01 14 12 33 50.58
0   3523.60535  -3017.11770  -5490.67718   4.7070265   5.4213332   0.0587166 2026 01 14 12 34 10.58
0   3617.14574  -2908.19393  -5488.32429   4.6468248   5.4708274   0.1765764 2026 01 14 12 34 30.58
0   3709.46360  -2798.30172  -5483.61490   4.5847772   5.5181736   0.2943706 2026 01 14 12 34 50.58
0   3800.52224  -2687.48421  -5476.55085   4.5209052   5.5633553   0.4120459 2026 01 14 12 35 10.58
0   3890.28539  -2575.78482  -5467.13505   4.4552314   5.6063568   0.5295491 2026 01 14 12 35 30.58
0   3978.71727  -2463.24731  -5455.37147   4.3877793   5.6471638   0.6468270 2026 01 14 12 35 50.58
0   4065.78254  -2349.91570  -5441.26514   4.3185730   5.6857625   0.7638266 2026 01 14 12 36 10.58
0   4151.44638  -2235.83428  -5424.82216   4.2476376   5.7221406   0.8804949 2026 01 14 12 36 30.58
0   4235.67446  -2121.04757  -5406.04968   4.1749991   5.7562865   0.9967792 2026 01 14 12 36 50.58
0   4318.43298  -2005.60031  -5384.95591   4.1006841   5.7881900   1.1126269 2026 01 14 12 37 10.58
0   4399.68871  -1889.53745  -5361.55009   4.0247202   5.8178417   1.2279857 2026 01 14 12 37 30.58
0   4479.40894  -1772.90410  -5335.84253   3.9471358   5.8452332   1.3428035 2026 01 14 12 37 50.58
0   4557.56155  -1655.74553  -5307.84455   3.8679599   5.8703574   1.4570285 2026 01 14 12 38 10.58
0   4634.11501  -1538.10715  -5277.56852   3.7872223   5.8932080   1.5706092 2026 01 14 12 38 30.58
0   4709.03839  -1420.03448  -5245.02784   3.7049536   5.9137800   1.6834947 2026 01 14 12 38 50.58
0   4782.30139  -1301.57313  -5210.23692   3.6211852   5.9320694   1.7956341 2026 01 14 12 39 10.58
0   4853.87433  -1182.76878  -5173.21117   3.5359491   5.9480730   1.9069770 2026 01 14 12 39 30.58
0   4923.72818  -1063.66717  -5133.96702   3.4492779   5.9617890   2.0174737 2026 01 14 12 39 50.58
0   4991.83458   -944.31405  -5092.52188   3.3612050   5.9732165   2.1270747 2026 01 14 12 40 10.58
0   5058.16582   -824.75519  -5048.89416   3.2717646   5.9823557   2.2357311 2026 01 14 12 40 30.58
0   5122.69490   -705.03634  -5003.10321   3.1809911   5.9892078   2.3433944 2026 01 14 12 40 50.58
0   5185.39552   -585.20323  -4955.16939   3.0889200   5.9937751   2.4500168 2026 01 14 12 41 10.58
0   5246.24208   -465.30151  -4905.11397   2.9955871   5.9960610   2.5555511 2026 01 14 12 41 30.58
0   5305.20970   -345.37678  -4852.95917   2.9010288   5.9960696   2.6599505 2026 01 14 12 41 50.58
0   5362.27424   -225.47452  -4798.72817   2.8052822   5.9938066   2.7631689 2026 01 14 12 42 10.58
0   5417.41231   -105.64010  -4742.44501   2.7083848   5.9892782   2.8651610 2026 01 14 12 42 30.58
0   5470.60127     14.08125  -4684.13467   2.6103746   5.9824919   2.9658821 2026 01 14 12 42 50.58
0   5521.81925    133.64444  -4623.82300   2.5112902   5.9734561   3.0652880 2026 01 14 12 43 10.58
0   5571.04516    253.00457  -4561.53675   2.4111706   5.9621803   3.1633355 2026 01 14 12 43 30.58
0   5618.25867    372.11696  -4497.30349   2.3100553   5.9486749   3.2599821 2026 01 14 12 43 50.58
0   5663.44027    490.93713  -4431.15166   2.2079842   5.9329513   3.3551858 2026 01 14 12 44 10.58
0   5706.57125    609.42081  -4363.11053   2.1049975   5.9150219   3.4489058 2026 01 14 12 44 30.58
0   5747.63370    727.52404  -4293.21016   2.0011360   5.8948999   3.5411019 2026 01 14 12 44 50.58
0   5786.61052    845.20310  -4221.48142   1.8964407   5.8725997   3.6317345 2026 01 14 12 45 10.58
0   5823.48546    962.41457  -4147.95597   1.7909529   5.8481365   3.7207654 2026 01 14 12 45 30.58
0   5858.24307   1079.11534  -4072.66621   1.6847144   5.8215264   3.8081567 2026 01 14 12 45 50.58
0   5890.86876   1195.26266  -3995.64530   1.5777671   5.7927865   3.8938717 2026 01 14 12 46 10.58
0   5921.34878   1310.81408  -3916.92713   1.4701532   5.7619345   3.9778746 2026 01 14 12 46 30.58
0   5949.67021   1425.72757  -3836.54627   1.3619154   5.7289894   4.0601305 2026 01 14 12 46 50.58
0   5975.82100   1539.96143  -3754.53801   1.2530962   5.6939708   4.1406053 2026 01 14 12 47 10.58
0   5999.78994   1653.47441  -3670.93831   1.1437386   5.6568991   4.2192660 2026 01 14 12 47 30.58
0   6021.56670   1766.22566  -3585.78375   1.0338857   5.6177958   4.2960804 2026 01 14 12 47 50.58
0   6041.14181   1878.17474  -3499.11158   0.9235806   5.5766828   4.3710176 2026 01 14 12 48 10.58
0   6058.50665   1989.28170  -3410.95965   0.8128669   5.5335832   4.4440473 2026 01 14 12 48 30.58
0   6073.65347   2099.50702  -3321.36638   0.7017878   5.4885206   4.5151405 2026 01 14 12 48 50.58
0   6086.57542   2208.81170  -3230.37081   0.5903871   5.4415195   4.5842690 2026 01 14 12 49 10.58
0   6097.26648   2317.15720  -3138.01248   0.4787082   5.3926050   4.6514058 2026 01 14 12 49 30.58
0   6105.72154   2424.50552  -3044.33149   0.3667949   5.3418031   4.7165248 2026 01 14 12 49 50.58
0   6111.93633   2530.81916  -2949.36846   0.2546909   5.2891404   4.7796010 2026 01 14 12 50 10.58
0   6115.90749   2636.06117  -2853.16447   0.1424397   5.2346441   4.8406105 2026 01 14 12 50 30.58
0   6117.63250   2740.19515  -2755.76110   0.0300850   5.1783422   4.8995303 2026 01 14 12 50 50.58
0   6117.10972   2843.18528  -2657.20035  -0.0823297   5.1202632   4.9563387 2026 01 14 12 51 10.58
0   6114.33841   2944.99630  -2557.52466  -0.1947607   5.0604364   5.0110148 2026 01 14 12 51 30.58
0   6109.31865   3045.59354  -2456.77689  -0.3071648   4.9988916   5.0635389 2026 01 14 12 51 50.58
0   6102.05143   3144.94294  -2355.00025  -0.4194986   4.9356590   5.1138925 2026 01 14 12 52 10.58
0   6092.53858   3243.01106  -2252.23833  -0.5317190   4.8707697   5.1620580 2026 01 14 12 52 30.58
0   6080.78281   3339.76506  -2148.53507  -0.6437829   4.8042551   5.2080188 2026 01 14 12 52 50.58
0   6066.78767   3435.17275  -2043.93471  -0.7556475   4.7361472   5.2517597 2026 01 14 12 53 10.58
0   6050.55757   3529.20259  -1938.48180  -0.8672702   4.6664784   5.2932663 2026 01 14 12 53 30.58
0   6032.09779   3621.82370  -1832.22116  -0.9786087   4.5952817   5.3325254 2026 01 14 12 53 50.58
0   6011.41442   3713.00583  -1725.19786  -1.0896206   4.5225904   5.3695248 2026 01 14 12 54 10.58
0   5988.51443   3802.71943  -1617.45721  -1.2002641   4.4484385   5.4042536 2026 01 14 12 54 30.58
0   5963.40560   3890.93563  -1509.04473  -1.3104976   4.3728600   5.4367017 2026 01 14 12 54 50.58
0   5936.09654   3977.62623  -1400.00612  -1.4202796   4.2958896   5.4668601 2026 01 14 12 55 10.58
0   5906.59671   4062.76376  -1290.38726  -1.5295691   4.2175623   5.4947212 2026 01 14 12 55 30.58
0   5874.91635   4146.32142  -1180.23416  -1.6383253   4.1379134   5.5202781 2026 01 14 12 55 50.58
0   5841.06655   4228.27313  -1069.59296  -1.7465079   4.0569785   5.5435251 2026 01 14 12 56 10.58
0   5805.05918   4308.59353   -958.50993  -1.8540769   3.9747935   5.5644575 2026 01 14 12 56 30.58
0   5766.90690   4387.25798   -847.03137  -1.9609924   3.8913946   5.5830717 2026 01 14 12 56 50.58
0   5726.62320   4464.24257   -735.20370  -2.0672154   3.8068184   5.5993652 2026 01 14 12 57 10.58
0   5684.22231   4539.52411   -623.07333  -2.1727068   3.7211015   5.6133365 2026 01 14 12 57 30.58
0   5639.71924   4613.08016   -510.68673  -2.2774283   3.6342807   5.6249851 2026 01 14 12 57 50.58
0   5593.12979   4684.88901   -398.09034  -2.3813417   3.5463933   5.6343113 2026 01 14 12 58 10.58
0   5544.47049   4754.92970   -285.33060  -2.4844095   3.4574766   5.6413169 2026 01 14 12 58 30.58
0   5493.75864   4823.18203   -172.45389  -2.5865946   3.3675678   5.6460044 2026 01 14 12 58 50.58
0   5441.01224   4889.62652    -59.50655  -2.6878602   3.2767047   5.6483771 2026 01 14 12 59 10.58
0   5386.25007   4954.24448     53.46518  -2.7881702   3.1849249   5.6484397 2026 01 14 12 59 30.58
0   5329.49159   5017.01793    166.41513  -2.8874889   3.0922662   5.6461976 2026 01 14 12 59 50.58
0   5270.75698   5077.92969    279.29729  -2.9857810   2.9987665   5.6416573 2026 01 14 13 00 10.58
0   5210.06712   5136.96332    392.06576  -3.0830120   2.9044636   5.6348260 2026 01 14 13 00 30.58
0   5147.44358   5194.10313    504.67479  -3.1791475   2.8093956   5.6257121 2026 01 14 13 00 50.58
0   5082.90862   5249.33420    617.07884  -3.2741541   2.7136004   5.6143248 2026 01 14 13 01 10.58
0   5016.48513   5302.64238    729.23253  -3.3679985   2.6171161   5.6006743 2026 01 14 13 01 30.58
0   4948.19670   5354.01425    841.09071  -3.4606482   2.5199805   5.5847715 2026 01 14 13 01 50.58
0   4878.06754   5403.43718    952.60845  -3.5520713   2.4222316   5.5666283 2026 01 14 13 02 10.58
0   4806.12249   5450.89929   1063.74106  -3.6422363   2.3239074   5.5462576 2026 01 14 13 02 30.58
0   4732.38702   5496.38944   1174.44415  -3.7311123   2.2250457   5.5236729 2026 01 14 13 02 50.58
0   4656.88723   5539.89727   1284.67356  -3.8186691   2.1256841   5.4988888 2026 01 14 13 03 10.58
0   4579.64980   5581.41315   1394.38546  -3.9048770   2.0258605   5.4719204 2026 01 14 13 03 30.58
0   4500.70198   5620.92824   1503.53633  -3.9897068   1.9256123   5.4427839 2026 01 14 13 03 50.58
0   4420.07164   5658.43440   1612.08297  -4.0731301   1.8249769   5.4114961 2026 01 14 13 04 10.58
0   4337.78718   5693.92428   1719.98254  -4.1551189   1.7239917   5.3780748 2026 01 14 13 04 30.58
0   4253.87756   5727.39125   1827.19255  -4.2356460   1.6226937   5.3425384 2026 01 14 13 04 50.58
0   4168.37228   5758.82942   1933.67089  -4.3146845   1.5211200   5.3049060 2026 01 14 13 05 10.58
0   4081.30138   5788.23366   2039.37583  -4.3922085   1.4193073   5.2651975 2026 01 14 13 05 30.58
0   3992.69540   5815.59956   2144.26607  -4.4681925   1.3172923   5.2234336 2026 01 14 13 05 50.58
0   3902.58539   5840.92343   2248.30070  -4.5426115   1.2151113   5.1796356 2026 01 14 13 06 10.58
0   3811.00288   5864.20231   2351.43926  -4.6154414   1.1128005   5.1338256 2026 01 14 13 06 30.58
0   3717.97990   5885.43398   2453.64175  -4.6866585   1.0103959   5.0860261 2026 01 14 13 06 50.58
0   3623.54893   5904.61691   2554.86860  -4.7562399   0.9079331   5.0362607 2026 01 14 13 07 10.58
0   3527.74290   5921.75030   2655.08074  -4.8241632   0.8054477   4.9845532 2026 01 14 13 07 30.58
0   3430.59519   5936.83405   2754.23956  -4.8904066   0.7029747   4.9309282 2026 01 14 13 07 50.58
0   3332.13962   5949.86876   2852.30698  -4.9549490   0.6005493   4.8754111 2026 01 14 13 08 10.58
0   3232.41039   5960.85573   2949.24540  -5.0177700   0.4982059   4.8180276 2026 01 14 13 08 30.58
0   3131.44214   5969.79695   3045.01776  -5.0788498   0.3959791   4.7588040 2026 01 14 13 08 50.58
0   3029.26988   5976.69508   3139.58753  -5.1381689   0.2939028   4.6977674 2026 01 14 13 09 10.58
0   2925.92900   5981.55348   3232.91872  -5.1957090   0.1920107   4.6349453 2026 01 14 13 09 30.58
0   2821.45526   5984.37617   3324.97590  -5.2514520   0.0903365   4.5703656 2026 01 14 13 09 50.58
0   2715.88478   5985.16784   3415.72421  -5.3053806  -0.0110868   4.5040570 2026 01 14 13 10 10.58
0   2609.25401   5983.93383   3505.12934  -5.3574781  -0.1122265   4.4360485 2026 01 14 13 10 30.58
0   2501.59972   5980.68013   3593.15760  -5.4077284  -0.2130500   4.3663696 2026 01 14 13 10 50.58
0   2392.95902   5975.41341   3679.77589  -5.4561160  -0.3135252   4.2950504 2026 01 14 13 11 10.58
0   2283.36930   5968.14094   3764.95168  -5.5026261  -0.4136203   4.2221212 2026 01 14 13 11 30.58
0   2172.86825   5958.87063   3848.65310  -5.5472445  -0.5133038   4.1476131 2026 01 14 13 11 50.58
0   2061.49384   5947.61104   3930.84887  -5.5899576  -0.6125448   4.0715574 2026 01 14 13 12 10.58
0   1949.28430   5934.37130   4011.50835  -5.6307524  -0.7113125   3.9939858 2026 01 14 13 12 30.58
0   1836.27811   5919.16121   4090.60156  -5.6696166  -0.8095766   3.9149305 2026 01 14 13 12 50.58
0   1722.51401   5901.99112   4168.09913  -5.7065385  -0.9073070   3.8344240 2026 01 14 13 13 10.58
0   1608.03095   5882.87201   4243.97236  -5.7415068  -1.0044742   3.7524993 2026 01 14 13 13 30.58
0   1492.86811   5861.81543   4318.19323  -5.7745112  -1.1010490   3.6691897 2026 01 14 13 13 50.58
0   1377.06485   5838.83352   4390.73436  -5.8055416  -1.1970025   3.5845287 2026 01 14 13 14 10.58
0   1260.66076   5813.93899   4461.56907  -5.8345888  -1.2923063   3.4985503 2026 01 14 13 14 30.58
0   1143.69558   5787.14511   4530.67134  -5.8616440  -1.3869323   3.4112888 2026 01 14 13 14 50.58
0   1026.20922   5758.46571   4598.01586  -5.8866992  -1.4808528   3.3227789 2026 01 14 13 15 10.58
0    908.24177   5727.91518   4663.57799  -5.9097469  -1.5740406   3.2330553 2026 01 14 13 15 30.58
0    789.83344   5695.50844   4727.33382  -5.9307800  -1.6664688   3.1421533 2026 01 14 13 15 50.58
0    671.02459   5661.26094   4789.26012  -5.9497924  -1.7581109   3.0501082 2026 01 14 13 16 10.58
0    551.85568   5625.18867   4849.33439  -5.9667783  -1.8489408   2.9569559 2026 01 14 13 16 30.58
0    432.36731   5587.30812   4907.53484  -5.9817326  -1.9389328   2.8627323 2026 01 14 13 16 50.58
0    312.60013   5547.63631   4963.84039  -5.9946506  -2.0280616   2.7674734 2026 01 14 13 17 10.58
0    192.59493   5506.19075   5018.23070  -6.0055283  -2.1163025   2.6712159 2026 01 14 13 17 30.58
0     72.39255   5462.98944   5070.68617  -6.0143625  -2.2036308   2.5739962 2026 01 14 13 17 50.58
0    -47.96613   5418.05087   5121.18790  -6.0211503  -2.2900226   2.4758512 2026 01 14 13 18 10.58
0   -168.44015   5371.39401   5169.71776  -6.0258893  -2.3754542   2.3768180 2026 01 14 13 18 30.58
0   -288.98851   5323.03830   5216.25834  -6.0285780  -2.4599022   2.2769337 2026 01 14 13 18 50.58
0   -409.57019   5273.00363   5260.79301  -6.0292152  -2.5433439   2.1762358 2026 01 14 13 19 10.58
0   -530.14416   5221.31036   5303.30586  -6.0278004  -2.6257569   2.0747617 2026 01 14 13 19 30.58
0   -650.66937   5167.97929   5343.78172  -6.0243335  -2.7071190   1.9725493 2026 01 14 13 19 50.58
0   -771.10479   5113.03163   5382.20622  -6.0188152  -2.7874087   1.8696362 2026 01 14 13 20 10.58
0   -891.40940   5056.48907   5418.56571  -6.0112465  -2.8666047   1.7660604 2026 01 14 13 20 30.58
0  -1011.54220   4998.37367   5452.84732  -6.0016292  -2.9446862   1.6618602 2026 01 14 13 20 50.58
0  -1131.46224   4938.70794   5485.03893  -5.9899654  -3.0216328   1.5570736 2026 01 14 13 21 10.58
0  -1251.12862   4877.51477   5515.12919  -5.9762581  -3.0974245   1.4517391 2026 01 14 13 21 30.58
0  -1370.50049   4814.81746   5543.10754  -5.9605104  -3.1720418   1.3458949 2026 01 14 13 21 50.58
0  -1489.53708   4750.63969   5568.96415  -5.9427264  -3.2454653   1.2395796 2026 01 14 13 22 10.58
0  -1608.19771   4685.00552   5592.68998  -5.9229104  -3.3176763   1.1328318 2026 01 14 13 22 30.58
0  -1726.44179   4617.93940   5614.27677  -5.9010674  -3.3886564   1.0256901 2026 01 14 13 22 50.58
0  -1844.22881   4549.46611   5633.71702  -5.8772030  -3.4583876   0.9181933 2026 01 14 13 23 10.58
0  -1961.51842   4479.61082   5651.00402  -5.8513231  -3.5268524   0.8103800 2026 01 14 13 23 30.58
0  -2078.27037   4408.39903   5666.13182  -5.8234344  -3.5940335   0.7022891 2026 01 14 13 23 50.58
0  -2194.44454   4335.85659   5679.09526  -5.7935441  -3.6599142   0.5939594 2026 01 14 13 24 10.58
0  -2310.00097   4262.00965   5689.88994  -5.7616597  -3.7244781   0.4854299 2026 01 14 13 24 30.58
0  -2424.89986   4186.88474   5698.51226  -5.7277895  -3.7877092   0.3767393 2026 01 14 13 24 50.58
0  -2539.10158   4110.50866   5704.95938  -5.6919422  -3.8495918   0.2679266 2026 01 14 13 25 10.58
0  -2652.56668   4032.90853   5709.22925  -5.6541271  -3.9101109   0.1590307 2026 01 14 13 25 30.58
0  -2765.25589   3954.11177   5711.32059  -5.6143540  -3.9692516   0.0500905 2026 01 14 13 25 50.58
0  -2877.13014   3874.14611   5711.23291  -5.5726333  -4.0269995  -0.0588551 2026 01 14 13 26 10.58
0  -2988.15060   3793.03954   5708.96648  -5.5289757  -4.0833406  -0.1677672 2026 01 14 13 26 30.58
0  -3098.27863   3710.82033   5704.52236  -5.4833928  -4.1382614  -0.2766070 2026 01 14 13 26 50.58
0  -3207.47584   3627.51703   5697.90239  -5.4358963  -4.1917485  -0.3853357 2026 01 14 13 27 10.58
0  -3315.70409   3543.15845   5689.10918  -5.3864988  -4.2437892  -0.4939145 2026 01 14 13 27 30.58
0  -3422.92547   3457.77363   5678.14612  -5.3352132  -4.2943710  -0.6023046 2026 01 14 13 27 50.58
0  -3529.10236   3371.39189   5665.01736  -5.2820531  -4.3434819  -0.7104675 2026 01 14 13 28 10.58
0  -3634.19739   3284.04275   5649.72784  -5.2270325  -4.3911103  -0.8183645 2026 01 14 13 28 30.58
0  -3738.17351   3195.75599   5632.28326  -5.1701658  -4.4372449  -0.9259570 2026 01 14 13 28 50.58
0  -3840.99394   3106.56159   5612.69010  -5.1114683  -4.4818748  -1.0332067 2026 01 14 13 29 10.58
0  -3942.62222   3016.48976   5590.95560  -5.0509555  -4.5249897  -1.1400751 2026 01 14 13 29 30.58
0  -4043.02219   2925.57090   5567.08778  -4.9886435  -4.5665793  -1.2465241 2026 01 14 13 29 50.58
0  -4142.15804   2833.83561   5541.09540  -4.9245491  -4.6066341  -1.3525154 2026 01 14 13 30 10.58
0  -4239.99428   2741.31470   5512.98801  -4.8586893  -4.6451447  -1.4580109 2026 01 14 13 30 30.58
0  -4336.49579   2648.03912   5482.77590  -4.7910820  -4.6821023  -1.5629729 2026 01 14 13 30 50.58
0  -4431.62780   2554.04005   5450.47012  -4.7217453  -4.7174983  -1.6673634 2026 01 14 13 31 10.58
0  -4525.35590   2459.34878   5416.08248  -4.6506981  -4.7513247  -1.7711448 2026 01 14 13 31 30.58
0  -4617.64606   2363.99679   5379.62555  -4.5779596  -4.7835737  -1.8742796 2026 01 14 13 31 50.58
0  -4708.46468   2268.01571   5341.11264  -4.5035495  -4.8142379  -1.9767304 2026 01 14 13 32 10.58
0  -4797.77850   2171.43731   5300.55780  -4.4274884  -4.8433106  -2.0784599 2026 01 14 13 32 30.58
0  -4885.55473   2074.29348   5257.97583  -4.3497970  -4.8707851  -2.1794313 2026 01 14 13 32 50.58
0  -4971.76096   1976.61624   5213.38228  -4.2704967  -4.8966552  -2.2796075 2026 01 14 13 33 10.58
0  -5056.36524   1878.43776   5166.79340  -4.1896094  -4.9209154  -2.3789519 2026 01 14 13 33 30.58
0  -5139.33605   1779.79027   5118.22622  -4.1071576  -4.9435602  -2.4774280 2026 01 14 13 33 50.58
0  -5220.64233   1680.70615   5067.69846  -4.0231643  -4.9645847  -2.5749996 2026 01 14 13 34 10.58
0  -5300.25349   1581.21784   5015.22858  -3.9376530  -4.9839843  -2.6716306 2026 01 14 13 34 30.58
0  -5378.13940   1481.35789   4960.83576  -3.8506476  -5.0017550  -2.7672851 2026 01 14 13 34 50.58
0  -5454.27043   1381.15890   4904.53988  -3.7621726  -5.0178929  -2.8619276 2026 01 14 13 35 10.58
0  -5528.61744   1280.65358   4846.36154  -3.6722533  -5.0323948  -2.9555226 2026 01 14 13 35 30.58
0  -5601.15180   1179.87466   4786.32206  -3.5809151  -5.0452578  -3.0480351 2026 01 14 13 35 50.58
0  -5671.84539   1078.85496   4724.44344  -3.4881842  -5.0564793  -3.1394301 2026 01 14 13 36 10.58
0  -5740.67063    977.62733   4660.74837  -3.3940872  -5.0660573  -3.2296732 2026 01 14 13 36 30.58
0  -5807.60046    876.22465   4595.26024  -3.2986512  -5.0739900  -3.3187300 2026 01 14 13 36 50.58
0  -5872.60839    774.67984   4528.00312  -3.2019039  -5.0802762  -3.4065665 2026 01 14 13 37 10.58
0  -5935.66846    673.02584   4459.00177  -3.1038735  -5.0849150  -3.4931490 2026 01 14 13 37 30.58
0  -5996.75532    571.29560   4388.28160  -3.0045887  -5.0879060  -3.5784441 2026 01 14 13 37 50.58
0  -6055.84415    469.52208   4315.86869  -2.9040787  -5.0892492  -3.6624187 2026 01 14 13 38 10.58
0  -6112.91077    367.73822   4241.78978  -2.8023733  -5.0889450  -3.7450400 2026 01 14 13 38 30.58
0  -6167.93155    265.97697   4166.07228  -2.6995026  -5.0869942  -3.8262758 2026 01 14 13 38 50.58
0  -6220.88352    164.27125   4088.74420  -2.5954975  -5.0833980  -3.9060939 2026 01 14 13 39 10.58
0  -6271.74428     62.65393   4009.83424  -2.4903891  -5.0781581  -3.9844627 2026 01 14 13 39 30.58
0  -6320.49210    -38.84212   3929.37169  -2.3842092  -5.0712767  -4.0613509 2026 01 14 13 39 50.58
0  -6367.10588   -140.18411   3847.38647  -2.2769902  -5.0627564  -4.1367276 2026 01 14 13 40 10.58
0  -6411.56514   -241.33928   3763.90912  -2.1687647  -5.0525999  -4.2105623 2026 01 14 13 40 30.58
0  -6453.85011   -342.27495   3678.97080  -2.0595659  -5.0408109  -4.2828250 2026 01 14 13 40 50.58
0  -6493.94165   -442.95852   3592.60323  -1.9494276  -5.0273932  -4.3534859 2026 01 14 13 41 10.58
0  -6531.82132   -543.35745   3504.83875  -1.8383841  -5.0123510  -4.4225159 2026 01 14 13 41 30.58
0  -6567.47136   -643.43930   3415.71027  -1.7264700  -4.9956891  -4.4898862 2026 01 14 13 41 50.58
0  -6600.87471   -743.17174   3325.25126  -1.6137205  -4.9774128  -4.5555686 2026 01 14 13 42 10.58
0  -6632.01502   -842.52254   3233.49577  -1.5001713  -4.9575276  -4.6195352 2026 01 14 13 42 30.58
0  -6660.87665   -941.45958   3140.47839  -1.3858583  -4.9360396  -4.6817586 2026 01 14 13 42 50.58
0  -6687.44471  -1039.95087   3046.23424  -1.2708184  -4.9129555  -4.7422122 2026 01 14 13 43 10.58
0  -6711.70502  -1137.96457   2950.79900  -1.1550883  -4.8882822  -4.8008695 2026 01 14 13 43 30.58
0  -6733.64415  -1235.46897   2854.20884  -1.0387057  -4.8620271  -4.8577048 2026 01 14 13 43 50.58
0  -6753.24944  -1332.43252   2756.50046  -0.9217084  -4.8341982  -4.9126929 2026 01 14 13 44 10.58
0  -6770.50896  -1428.82383   2657.71105  -0.8041348  -4.8048040  -4.9658091 2026 01 14 13 44 30.58
0  -6785.41159  -1524.61168   2557.87829  -0.6860236  -4.7738532  -5.0170294 2026 01 14 13 44 50.58
0  -6797.94697  -1619.76504   2457.04034  -0.5674141  -4.7413551  -5.0663301 2026 01 14 13 45 10.58
0  -6808.10551  -1714.25307   2355.23582  -0.4483458  -4.7073196  -5.1136884 2026 01 14 13 45 30.58
0  -6815.87845  -1808.04511   2252.50379  -0.3288588  -4.6717569  -5.1590820 2026 01 14 13 45 50.58
0  -6821.25781  -1901.11074   2148.88378  -0.2089934  -4.6346777  -5.2024892 2026 01 14 13 46 10.58
0  -6824.23644  -1993.41974   2044.41572  -0.0887904  -4.5960933  -5.2438890 2026 01 14 13 46 30.58
0  -6824.80799  -2084.94213   1939.13995   0.0317091  -4.5560152  -5.2832609 2026 01 14 13 46 50.58
0  -6822.96694  -2175.64816   1833.09725   0.1524634  -4.5144558  -5.3205853 2026 01 14 13 47 10.58
0  -6818.70862  -2265.50833   1726.32874   0.2734308  -4.4714275  -5.3558431 2026 01 14 13 47 30.58
0  -6812.02918  -2354.49339   1618.87594   0.3945691  -4.4269435  -5.3890159 2026 01 14 13 47 50.58
0  -6802.92563  -2442.57437   1510.78074   0.5158357  -4.3810173  -5.4200862 2026 01 14 13 48 10.58
0  -6791.39583  -2529.72257   1402.08534   0.6371878  -4.3336631  -5.4490370 2026 01 14 13 48 30.58
0  -6777.43849  -2615.90957   1292.83231   0.7585823  -4.2848954  -5.4758521 2026 01 14 13 48 50.58
0  -6761.05322  -2701.10725   1183.06450   0.8799756  -4.2347291  -5.5005160 2026 01 14 13 49 10.58
0  -6742.24045  -2785.28781   1072.82510   1.0013241  -4.1831798  -5.5230142 2026 01 14 13 49 30.58
0  -6721.00152  -2868.42374    962.15755   1.1225838  -4.1302635  -5.5433327 2026 01 14 13 49 50.58
0  -6697.33866  -2950.48785    851.10558   1.2437104  -4.0759965  -5.5614583 2026 01 14 13 50 10.58
0  -6671.25496  -3031.45332    739.71318   1.3646596  -4.0203959  -5.5773788 2026 01 14 13 50 30.58
0  -6642.75442  -3111.29365    628.02455   1.4853865  -3.9634790  -5.5910827 2026 01 14 13 50 50.58
0  -6611.84192  -3189.98267    516.08413   1.6058464  -3.9052637  -5.6025593 2026 01 14 13 51 10.58
0  -6578.52326  -3267.49462    403.93659   1.7259942  -3.8457683  -5.6117988 2026 01 14 13 51 30.58
0  -6542.80513  -3343.80407    291.62673   1.8457845  -3.7850118  -5.6187922 2026 01 14 13 51 50.58
0  -6504.69513  -3418.88600    179.19958   1.9651721  -3.7230133  -5.6235313 2026 01 14 13 52 10.58
0  -6464.20176  -3492.71576     66.70029   2.0841114  -3.6597926  -5.6260089 2026 01 14 13 52 30.58
0  -6421.33445  -3565.26911    -45.82584   2.2025567  -3.5953700  -5.6262187 2026 01 14 13 52 50.58
0  -6376.10353  -3636.52221   -158.33341   2.3204623  -3.5297661  -5.6241551 2026 01 14 13 53 10.58
0  -6328.52025  -3706.45166   -270.77690   2.4377824  -3.4630021  -5.6198137 2026 01 14 13 53 30.58
0  -6278.59677  -3775.03446   -383.11072   2.5544710  -3.3950996  -5.6131907 2026 01 14 13 53 50.58
0  -6226.34619  -3842.24806   -495.28920   2.6704824  -3.3260807  -5.6042836 2026 01 14 13 54 10.58
0  -6171.78250  -3908.07035   -607.26664   2.7857704  -3.2559678  -5.5930904 2026 01 14 13 54 30.58
0  -6114.92064  -3972.47968   -718.99731   2.9002892  -3.1847839  -5.5796104 2026 01 14 13 54 50.58
0  -6055.77644  -4035.45487   -830.43547   3.0139928  -3.1125524  -5.5638437 2026 01 14 13 55 10.58
0  -5994.36666  -4096.97520   -941.53540   3.1268354  -3.0392971  -5.5457914 2026 01 14 13 55 30.58
0  -5930.70898  -4157.02042  -1052.25141   3.2387711  -2.9650422  -5.5254556 2026 01 14 13 55 50.58
0  -5864.82200  -4215.57080  -1162.53785   3.3497542  -2.8898125  -5.5028394 2026 01 14 13 56 10.58
0  -5796.72523  -4272.60708  -1272.34915   3.4597391  -2.8136330  -5.4779466 2026 01 14 13 56 30.58
0  -5726.43908  -4328.11051  -1381.63983   3.5686801  -2.7365291  -5.4507825 2026 01 14 13 56 50.58
0  -5653.98488  -4382.06288  -1490.36451   3.6765321  -2.6585269  -5.4213530 2026 01 14 13 57 10.58
0  -5579.38488  -4434.44647  -1598.47797   3.7832498  -2.5796527  -5.3896652 2026 01 14 13 57 30.58
0  -5502.66219  -4485.24410  -1705.93511   3.8887883  -2.4999330  -5.3557271 2026 01 14 13 57 50.58
0  -5423.84087  -4534.43913  -1812.69101   3.9931027  -2.4193950  -5.3195478 2026 01 14 13 58 10.58
0  -5342.94582  -4582.01547  -1918.70094   4.0961486  -2.3380662  -5.2811374 2026 01 14 13 58 30.58
0  -5260.00288  -4627.95757  -2023.92040   4.1978817  -2.2559743  -5.2405071 2026 01 14 13 58 50.58
0  -5175.03873  -4672.25045  -2128.30511   4.2982581  -2.1731475  -5.1976688 2026 01 14 13 59 10.58
0  -5088.08096  -4714.87970  -2231.81102   4.3972342  -2.0896143  -5.1526360 2026 01 14 13 59 30.58
0  -4999.15799  -4755.83148  -2334.39440   4.4947667  -2.0054037  -5.1054226 2026 01 14 13 59 50.58
0  -4908.29914  -4795.09251  -2436.01178   4.5908126  -1.9205447  -5.0560441 2026 01 14 14 00 10.58
0  -4815.53457  -4832.65014  -2536.62001   4.6853295  -1.8350669  -5.0045166 2026 01 14 14 00 30.58
0  -4720.89527  -4868.49227  -2636.17629   4.7782752  -1.7490001  -4.9508575 2026 01 14 14 00 50.58
0  -4624.41311  -4902.60744  -2734.63817   4.8696081  -1.6623745  -4.8950850 2026 01 14 14 01 10.58
0  -4526.12074  -4934.98475  -2831.96358   4.9592869  -1.5752204  -4.8372187 2026 01 14 14 01 30.58
0  -4426.05166  -4965.61395  -2928.11082   5.0472710  -1.4875684  -4.7772788 2026 01 14 14 01 50.58
0  -4324.24017  -4994.48538  -3023.03866   5.1335201  -1.3994496  -4.7152868 2026 01 14 14 02 10.58
0  -4220.72138  -5021.59002  -3116.70626   5.2179947  -1.3108952  -4.6512651 2026 01 14 14 02 30.58
0  -4115.53116  -5046.91948  -3209.07327   5.3006556  -1.2219365  -4.5852372 2026 01 14 14 02 50.58
0  -4008.70619  -5070.46597  -3300.09981   5.3814644  -1.1326053  -4.5172275 2026 01 14 14 03 10.58
0  -3900.28389  -5092.22237  -3389.74649   5.4603831  -1.0429333  -4.4472616 2026 01 14 14 03 30.58
0  -3790.30243  -5112.18218  -3477.97446   5.5373746  -0.9529527  -4.3753659 2026 01 14 14 03 50.58
0  -3678.80075  -5130.33955  -3564.74538   5.6124022  -0.8626958  -4.3015678 2026 01 14 14 04 10.58
0  -3565.81846  -5146.68928  -3650.02151   5.6854302  -0.7721949  -4.2258958 2026 01 14 14 04 30.58
0  -3451.39594  -5161.22681  -3733.76566   5.7564233  -0.6814827  -4.1483794 2026 01 14 14 04 50.58
0  -3335.57422  -5173.94825  -3815.94123   5.8253470  -0.5905919  -4.0690489 2026 01 14 14 05 10.58
0  -3218.39504  -5184.85035  -3896.51227   5.8921678  -0.4995555  -3.9879357 2026 01 14 14 05 30.58
0  -3099.90078  -5193.93053  -3975.44345   5.9568528  -0.4084063  -3.9050720 2026 01 14 14 05 50.58
0  -2980.13450  -5201.18686  -4052.70008   6.0193698  -0.3171775  -3.8204911 2026 01 14 14 06 10.58
0  -2859.13986  -5206.61808  -4128.24817   6.0796877  -0.2259022  -3.7342270 2026 01 14 14 06 30.58
0  -2736.96117  -5210.22361  -4202.05440   6.1377760  -0.1346138  -3.6463149 2026 01 14 14 06 50.58
0  -2613.64331  -5212.00351  -4274.08619   6.1936052  -0.0433454  -3.5567907 2026 01 14 14 07 10.58
0  -2489.23175  -5211.95851  -4344.31164   6.2471467   0.0478694  -3.4656912 2026 01 14 14 07 30.58
0  -2363.77254  -5210.09002  -4412.69965   6.2983728   0.1389974  -3.3730540 2026 01 14 14 07 50.58
0  -2237.31225  -5206.40011  -4479.21984   6.3472567   0.2300052  -3.2789176 2026 01 14 14 08 10.58
0  -2109.89799  -5200.89153  -4543.84263   6.3937726   0.3208593  -3.1833215 2026 01 14 14 08 30.58
0  -1981.57737  -5193.56768  -4606.53922   6.4378956   0.4115265  -3.0863057 2026 01 14 14 08 50.58
0  -1852.39849  -5184.43263  -4667.28164   6.4796020   0.5019735  -2.9879111 2026 01 14 14 09 10.58
0  -1722.40992  -5173.49113  -4726.04273   6.5188689   0.5921669  -2.8881796 2026 01 14 14 09 30.58
0  -1591.66067  -5160.74857  -4782.79618   6.5556745   0.6820735  -2.7871536 2026 01 14 14 09 50.58
0  -1460.20018  -5146.21103  -4837.51655   6.5899980   0.7716604  -2.6848762 2026 01 14 14 10 10.58
0  -1328.07827  -5129.88523  -4890.17923   6.6218198   0.8608944  -2.5813913 2026 01 14 14 10 30.58
0  -1195.34519  -5111.77856  -4940.76055   6.6511214   0.9497428  -2.4767437 2026 01 14 14 10 50.58
0  -1062.05151  -5091.89907  -4989.23769   6.6778851   1.0381728  -2.3709785 2026 01 14 14 11 10.58
0   -928.24814  -5070.25544  -5035.58877   6.7020947   1.1261517  -2.2641416 2026 01 14 14 11 30.58
0   -793.98634  -5046.85702  -5079.79283   6.7237349   1.2136473  -2.1562796 2026 01 14 14 11 50.58
0   -659.31762  -5021.71381  -5121.82984   6.7427915   1.3006273  -2.0474396 2026 01 14 14 12 10.58
0   -524.29380  -4994.83644  -5161.68073   6.7592517   1.3870596  -1.9376692 2026 01 14 14 12 30.58
0   -388.96690  -4966.23618  -5199.32736   6.7731036   1.4729125  -1.8270169 2026 01 14 14 12 50.58
0   -253.38922  -4935.92494  -5234.75261   6.7843367   1.5581545  -1.7155312 2026 01 14 14 13 10.58
0   -117.61321  -4903.91524  -5267.94029   6.7929415   1.6427542  -1.6032615 2026 01 14 14 13 30.58
0     18.30847  -4870.22025  -5298.87522   6.7989098   1.7266806  -1.4902574 2026 01 14 14 13 50.58
0    154.32303  -4834.85375  -5327.54324   6.8022346   1.8099029  -1.3765693 2026 01 14 14 14 10.58
0    290.37754  -4797.83010  -5353.93116   6.8029101   1.8923907  -1.2622475 2026 01 14 14 14 30.58
0    426.41897  -4759.16432  -5378.02683   6.8009317   1.9741140  -1.1473432 2026 01 14 14 14 50.58
0    562.39421  -4718.87199  -5399.81911   6.7962961   2.0550428  -1.0319076 2026 01 14 14 15 10.58
0    698.25010  -4676.96928  -5419.29789   6.7890012   2.1351477  -0.9159924 2026 01 14 14 15 30.58
0    833.93345  -4633.47298  -5436.45412   6.7790462   2.2143998  -0.7996496 2026 01 14 14 15 50.58
0    969.39106  -4588.40042  -5451.27975   6.7664313   2.2927702  -0.6829313 2026 01 14 14 16 10.58
0   1104.56975  -4541.76952  -5463.76782   6.7511583   2.3702307  -0.5658900 2026 01 14 14 16 30.58
0   1239.41640  -4493.59876  -5473.91238   6.7332299   2.4467533  -0.4485784 2026 01 14 14 16 50.58
0   1373.87793  -4443.90716  -5481.70856   6.7126504   2.5223106  -0.3310494 2026 01 14 14 17 10.58
0   1507.90139  -4392.71431  -5487.15256   6.6894251   2.5968756  -0.2133559 2026 01 14 14 17 30.58
0   1641.43393  -4340.04031  -5490.24160   6.6635607   2.6704217  -0.0955512 2026 01 14 14 17 50.58
0   1774.42285  -4285.90581  -5490.97399   6.6350649   2.7429227   0.0223117 2026 01 14 14 18 10.58
0   1906.81561  -4230.33195  -5489.34912   6.6039470   2.8143531   0.1401794 2026 01 14 14 18 30.58
0   2038.55988  -4173.34041  -5485.36741   6.5702174   2.8846875   0.2579986 2026 01 14 14 18 50.58
0   2169.60355  -4114.95334  -5479.03037   6.5338876   2.9539015   0.3757161 2026 01 14 14 19 10.58
0   2299.89475  -4055.19340  -5470.34056   6.4949704   3.0219709   0.4932785 2026 01 14 14 19 30.58
0   2429.38186  -3994.08371  -5459.30161   6.4534801   3.0888720   0.6106326 2026 01 14 14 19 50.58
0   2558.01359  -3931.64786  -5445.91823   6.4094318   3.1545818   0.7277255 2026 01 14 14 20 10.58
0   2685.73894  -3867.90991  -5430.19617   6.3628421   3.2190778   0.8445040 2026 01 14 14 20 30.58
0   2812.50726  -3802.89435  -5412.14223   6.3137287   3.2823380   0.9609153 2026 01 14 14 20 50.58
0   2938.26828  -3736.62609  -5391.76429   6.2621106   3.3443411   1.0769069 2026 01 14 14 21 10.58
0   3062.97210  -3669.13051  -5369.07126   6.2080078   3.4050661   1.1924263 2026 01 14 14 21 30.58
0   3186.56924  -3600.43334  -5344.07311   6.1514417   3.4644930   1.3074214 2026 01 14 14 21 50.58
0   3309.01066  -3530.56076  -5316.78083   6.0924347   3.5226022   1.4218402 2026 01 14 14 22 10.58
0   3430.24778  -3459.53930  -5287.20647   6.0310104   3.5793745   1.5356313 2026 01 14 14 22 30.58
0   3550.23251  -3387.39588  -5255.36308   5.9671935   3.6347917   1.6487432 2026 01 14 14 22 50.58
0   3668.91726  -3314.15779  -5221.26476   5.9010101   3.6888359   1.7611253 2026 01 14 14 23 10.58
0   3786.25495  -3239.85264  -5184.92660   5.8324869   3.7414900   1.8727271 2026 01 14 14 23 30.58
0   3902.19908  -3164.50841  -5146.36471   5.7616522   3.7927376   1.9834984 2026 01 14 14 23 50.58
0   4016.70371  -3088.15337  -5105.59618   5.6885350   3.8425629   2.0933897 2026 01 14 14 24 10.58
0   4129.72349  -3010.81614  -5062.63911   5.6131656   3.8909505   2.2023518 2026 01 14 14 24 30.58
0   4241.21369  -2932.52560  -5017.51255   5.5355753   3.9378861   2.3103363 2026 01 14 14 24 50.58
0   4351.13022  -2853.31094  -4970.23653   5.4557963   3.9833556   2.4172951 2026 01 14 14 25 10.58
0   4459.42962  -2773.20160  -4920.83205   5.3738620   4.0273460   2.5231806 2026 01 14 14 25 30.58
0   4566.06913  -2692.22729  -4869.32102   5.2898066   4.0698447   2.6279459 2026 01 14 14 25 50.58
0   4671.00669  -2610.41797  -4815.72631   5.2036653   4.1108399   2.7315449 2026 01 14 14 26 10.58
0   4774.20092  -2527.80381  -4760.07171   5.1154743   4.1503203   2.8339318 2026 01 14 14 26 30.58
0   4875.61122  -2444.41522  -4702.38188   5.0252707   4.1882756   2.9350616 2026 01 14 14 26 50.58
0   4975.19770  -2360.28280  -4642.68243   4.9330926   4.2246958   3.0348902 2026 01 14 14 27 10.58
0   5072.92125  -2275.43734  -4580.99979   4.8389787   4.2595719   3.1333738 2026 01 14 14 27 30.58
0   5168.74356  -2189.90981  -4517.36130   4.7429689   4.2928954   3.2304698 2026 01 14 14 27 50.58
0   5262.62711  -2103.73134  -4451.79511   4.6451037   4.3246586   3.3261360 2026 01 14 14 28 10.58
0   5354.53519  -2016.93320  -4384.33025   4.5454243   4.3548544   3.4203312 2026 01 14 14 28 30.58
0   5444.43195  -1929.54681  -4314.99653   4.4439730   4.3834765   3.5130149 2026 01 14 14 28 50.58
0   5532.28237  -1841.60371  -4243.82456   4.3407927   4.4105191   3.6041474 2026 01 14 14 29 10.58
0   5618.05230  -1753.13553  -4170.84577   4.2359268   4.4359774   3.6936899 2026 01 14 14 29 30.58
0   5701.70846  -1664.17400  -4096.09232   4.1294198   4.4598469   3.7816045 2026 01 14 14 29 50.58
0   5783.21849  -1574.75095  -4019.59714   4.0213166   4.4821240   3.8678540 2026 01 14 14 30 10.58
0   5862.55090  -1484.89825  -3941.39390   3.9116628   4.5028058   3.9524024 2026 01 14 14 30 30.58
0   5939.67514  -1394.64784  -3861.51696   3.8005047   4.5218900   4.0352144 2026 01 14 14 30 50.58
0   6014.56159  -1304.03168  -3780.00140   3.6878890   4.5393749   4.1162556 2026 01 14 14 31 10.58
0   6087.18158  -1213.08177  -3696.88296   3.5738632   4.5552598   4.1954927 2026 01 14 14 31 30.58
0   6157.50736  -1121.83012  -3612.19805   3.4584753   4.5695442   4.2728932 2026 01 14 14 31 50.58
0   6225.51217  -1030.30875  -3525.98371   3.3417735   4.5822287   4.3484257 2026 01 14 14 32 10.58
0   6291.17024   -938.54964  -3438.27761   3.2238068   4.5933141   4.4220598 2026 01 14 14 32 30.58
0   6354.45673   -846.58476  -3349.11800   3.1046247   4.6028023   4.4937660 2026 01 14 14 32 50.58
0   6415.34785   -754.44603  -3258.54374   2.9842768   4.6106955   4.5635158 2026 01 14 14 33 10.58
0   6473.82077   -662.16535  -3166.59422   2.8628133   4.6169968   4.6312819 2026 01 14 14 33 30.58
0   6529.85369   -569.77450  -3073.30938   2.7402847   4.6217097   4.6970377 2026 01 14 14 33 50.58
0   6583.42580   -477.30522  -2978.72969   2.6167420   4.6248384   4.7607581 2026 01 14 14 34 10.58
0   6634.51733   -384.78915  -2882.89609   2.4922362   4.6263878   4.8224185 2026 01 14 14 34 30.58
0   6683.10953   -292.25783  -2785.85001   2.3668188   4.6263634   4.8819959 2026 01 14 14 34 50.58
0   6729.18468   -199.74268  -2687.63335   2.2405415   4.6247711   4.9394680 2026 01 14 14 35 10.58
0   6772.72611   -107.27500  -2588.28842   2.1134563   4.6216177   4.9948137 2026 01 14 14 35 30.58
0   6813.71817    -14.88593  -2487.85795   1.9856151   4.6169102   5.0480129 2026 01 14 14 35 50.58
0   6852.14627     77.39351  -2386.38506   1.8570703   4.6106566   5.0990467 2026 01 14 14 36 10.58
0   6887.99685    169.53247  -2283.91324   1.7278743   4.6028652   5.1478971 2026 01 14 14 36 30.58
0   6921.25741    261.50028  -2180.48634   1.5980796   4.5935448   5.1945473 2026 01 14 14 36 50.58
0   6951.91651    353.26647  -2076.14851   1.4677388   4.5827049   5.2389816 2026 01 14 14 37 10.58
0   6979.96375    444.80072  -1970.94422   1.3369044   4.5703555   5.2811853 2026 01 14 14 37 30.58
0   7005.38979    536.07295  -1864.91823   1.2056292   4.5565071   5.3211448 2026 01 14 14 37 50.58
0   7028.18633    627.05328  -1758.11553   1.0739659   4.5411706   5.3588477 2026 01 14 14 38 10.58
0   7048.34614    717.71207  -1650.58139   0.9419670   4.5243577   5.3942825 2026 01 14 14 38 30.58
0   7065.86303    808.01990  -1542.36128   0.8096851   4.5060802   5.4274390 2026 01 14 14 38 50.58
0   7080.73187    897.94760  -1433.50084   0.6771728   4.4863507   5.4583078 2026 01 14 14 39 10.58
0   7092.94858    987.46625  -1324.04593   0.5444824   4.4651820   5.4868808 2026 01 14 14 39 30.58
0   7102.51013   1076.54721  -1214.04253   0.4116662   4.4425877   5.5131509 2026 01 14 14 39 50.58
0   7109.41451   1165.16209  -1103.53676   0.2787763   4.4185815   5.5371120 2026 01 14 14 40 10.58
0   7113.66077   1253.28280   -992.57486   0.1458647   4.3931777   5.5587591 2026 01 14 14 40 30.58
0   7115.24900   1340.88152   -881.20315   0.0129830   4.3663909   5.5780883 2026 01 14 14 40 50.58
0   7114.18032   1427.93076   -769.46801  -0.1198171   4.3382364   5.5950967 2026 01 14 14 41 10.58
0   7110.45688   1514.40329   -657.41589  -0.2524846   4.3087295   5.6097825 2026 01 14 14 41 30.58
0   7104.08183   1600.27224   -545.09325  -0.3849683   4.2778861   5.6221448 2026 01 14 14 41 50.58
0   7095.05936   1685.51104   -432.54655  -0.5172176   4.2457224   5.6321838 2026 01 14 14 42 10.58
0   7083.39467   1770.09344   -319.82226  -0.6491821   4.2122552   5.6399008 2026 01 14 14 42 30.58
0   7069.09396   1853.99354   -206.96680  -0.7808118   4.1775012   5.6452980 2026 01 14 14 42 50.58
0   7052.16443   1937.18577    -94.02652  -0.9120569   4.1414778   5.6483785 2026 01 14 14 43 10.58
0   7032.61426   2019.64493     18.95227  -1.0428681   4.1042026   5.6491466 2026 01 14 14 43 30.58
0   7010.45262   2101.34616    131.92338  -1.1731964   4.0656935   5.6476075 2026 01 14 14 43 50.58
0   6985.68966   2182.26495    244.84072  -1.3029935   4.0259686   5.6437672 2026 01 14 14 44 10.58
0   6958.33649   2262.37719    357.65834  -1.4322111   3.9850465   5.6376329 2026 01 14 14 44 30.58
0   6928.40518   2341.65911    470.33043  -1.5608016   3.9429459   5.6292125 2026 01 14 14 44 50.58
0   6895.90875   2420.08733    582.81138  -1.6887179   3.8996858   5.6185151 2026 01 14 14 45 10.58
0   6860.86114   2497.63885    695.05572  -1.8159131   3.8552856   5.6055505 2026 01 14 14 45 30.58
0   6823.27725   2574.29108    807.01823  -1.9423411   3.8097646   5.5903294 2026 01 14 14 45 50.58
0   6783.17288   2650.02180    918.65388  -2.0679562   3.7631426   5.5728635 2026 01 14 14 46 10.58
0   6740.56474   2724.80917   1029.91791  -2.1927132   3.7154397   5.5531652 2026 01 14 14 46 30.58
0   6695.47045   2798.63180   1140.76581  -2.3165674   3.6666758   5.5312481 2026 01 14 14 46 50.58
0   6647.90850   2871.46866   1251.15333  -2.4394747   3.6168713   5.5071262 2026 01 14 14 47 10.58
0   6597.89827   2943.29915   1361.03654  -2.5613916   3.5660468   5.4808146 2026 01 14 14 47 30.58
0   6545.45999   3014.10307   1470.37179  -2.6822751   3.5142229   5.4523292 2026 01 14 14 47 50.58
0   6490.61477   3083.86066   1579.11578  -2.8020828   3.4614204   5.4216867 2026 01 14 14 48 10.58
0   6433.38453   3152.55255   1687.22554  -2.9207730   3.4076603   5.3889044 2026 01 14 14 48 30.58
0   6373.79205   3220.15980   1794.65846  -3.0383044   3.3529638   5.3540006 2026 01 14 14 48 50.58
0   6311.86089   3286.66390   1901.37229  -3.1546365   3.2973520   5.3169944 2026 01 14 14 49 10.58
0   6247.61545   3352.04676   2007.32518  -3.2697294   3.2408463   5.2779053 2026 01 14 14 49 30.58
0   6181.08091   3416.29072   2112.47568  -3.3835437   3.1834682   5.2367538 2026 01 14 14 49 50.58
0   6112.28323   3479.37854   2216.78276  -3.4960408   3.1252393   5.1935610 2026 01 14 14 50 10.58
0   6041.24912   3541.29344   2320.20580  -3.6071826   3.0661810   5.1483489 2026 01 14 14 50 30.58
0   5968.00607   3602.01904   2422.70464  -3.7169319   3.0063153   5.1011398 2026 01 14 14 50 50.58
0   5892.58229   3661.53942   2524.23958  -3.8252520   2.9456638   5.0519571 2026 01 14 14 51 10.58
0   5815.00674   3719.83908   2624.77138  -3.9321067   2.8842483   5.0008244 2026 01 14 14 51 30.58
0   5735.30905   3776.90296   2724.26129  -4.0374608   2.8220908   4.9477662 2026 01 14 14 51 50.58
0   5653.51961   3832.71644   2822.67103  -4.1412797   2.7592132   4.8928076 2026 01 14 14 52 10.58
0   5569.66944   3887.26535   2919.96288  -4.2435293   2.6956374   4.8359743 2026 01 14 14 52 30.58
0   5483.79027   3940.53594   3016.09958  -4.3441763   2.6313855   4.7772925 2026 01 14 14 52 50.58
0   5395.91446   3992.51492   3111.04444  -4.4431883   2.5664794   4.7167890 2026 01 14 14 53 10.58
0   5306.07505   4043.18941   3204.76129  -4.5405333   2.5009410   4.6544912 2026 01 14 14 53 30.58
0   5214.30567   4092.54700   3297.21454  -4.6361800   2.4347925   4.5904269 2026 01 14 14 53 50.58
0   5120.64060   4140.57571   3388.36912  -4.7300982   2.3680559   4.5246247 2026 01 14 14 54 10.58
0   5025.11470   4187.26400   3478.19057  -4.8222579   2.3007530   4.4571133 2026 01 14 14 54 30.58
0   4927.76343   4232.60076   3566.64500  -4.9126301   2.2329060   4.3879224 2026 01 14 14 54 50.58
0   4828.62282   4276.57533   3653.69911  -5.0011866   2.1645366   4.3170816 2026 01 14 14 55 10.58
0   4727.72945   4319.17749   3739.32021  -5.0878995   2.0956669   4.2446215 2026 01 14 14 55 30.58
0   4625.12048   4360.39744   3823.47622  -5.1727421   2.0263187   4.1705728 2026 01 14 14 55 50.58
0   4520.83355   4400.22585   3906.13568  -5.2556881   1.9565139   4.0949667 2026 01 14 14 56 10.58
0   4414.90686   4438.65378   3987.26774  -5.3367121   1.8862742   4.0178350 2026 01 14 14 56 30.58
0   4307.37910   4475.67278   4066.84223  -5.4157892   1.8156213   3.9392096 2026 01 14 14 56 50.58
0   4198.28943   4511.27478   4144.82957  -5.4928954   1.7445770   3.8591231 2026 01 14 14 57 10.58
0   4087.67751   4545.45218   4221.20089  -5.5680075   1.6731629   3.7776083 2026 01 14 14 57 30.58
0   3975.58344   4578.19780   4295.92793  -5.6411027   1.6014004   3.6946984 2026 01 14 14 57 50.58
0   3862.04778   4609.50488   4368.98314  -5.7121591   1.5293110   3.6104269 2026 01 14 14 58 10.58
0   3747.11151   4639.36711   4440.33960  -5.7811556   1.4569162   3.5248277 2026 01 14 14 58 30.58
0   3630.81604   4667.77858   4509.97112  -5.8480718   1.3842373   3.4379351 2026 01 14 14 58 50.58
0   3513.20316   4694.73383   4577.85215  -5.9128877   1.3112955   3.3497835 2026 01 14 14 59 10.58
0   3394.31508   4720.22781   4643.95786  -5.9755845   1.2381119   3.2604079 2026 01 14 14 59 30.58
0   3274.19435   4744.25589   4708.26412  -6.0361437   1.1647075   3.1698432 2026 01 14 14 59 50.58
0   3152.88390   4766.81387   4770.74750  -6.0945476   1.0911034   3.0781249 2026 01 14 15 00 10.58
0   3030.42700   4787.89796   4831.38528  -6.1507795   1.0173205   2.9852887 2026 01 14 15 00 30.58
0   2906.86727   4807.50480   4890.15545  -6.2048231   0.9433794   2.8913704 2026 01 14 15 00 50.58
0   2782.24862   4825.63142   4947.03672  -6.2566628   0.8693008   2.7964062 2026 01 14 15 01 10.58
0   2656.61527   4842.27528   5002.00855  -6.3062838   0.7951054   2.7004324 2026 01 14 15 01 30.58
0   2530.01174   4857.43425   5055.05109  -6.3536720   0.7208135   2.6034857 2026 01 14 15 01 50.58
0   2402.48282   4871.10660   5106.14525  -6.3988141   0.6464455   2.5056028 2026 01 14 15 02 10.58
0   2274.07356   4883.29101   5155.27268  -6.4416972   0.5720216   2.4068208 2026 01 14 15 02 30.58
0   2144.82927   4893.98657   5202.41575  -6.4823093   0.4975621   2.3071768 2026 01 14 15 02 50.58
0   2014.79547   4903.19276   5247.55759  -6.5206391   0.4230868   2.2067081 2026 01 14 15 03 10.58
0   1884.01792   4910.90946   5290.68209  -6.5566760   0.3486157   2.1054523 2026 01 14 15 03 30.58
0   1752.54258   4917.13695   5331.77387  -6.5904100   0.2741686   2.0034470 2026 01 14 15 03 50.58
0   1620.41561   4921.87592   5370.81832  -6.6218318   0.1997652   1.9007301 2026 01 14 15 04 10.58
0   1487.68333   4925.12742   5407.80157  -6.6509327   0.1254250   1.7973396 2026 01 14 15 04 30.58
0   1354.39225   4926.89292   5442.71054  -6.6777050   0.0511675   1.6933134 2026 01 14 15 04 50.58
0   1220.58901   4927.17427   5475.53287  -6.7021412  -0.0229880   1.5886897 2026 01 14 15 05 10.58
0   1086.32041   4925.97368   5506.25702  -6.7242349  -0.0970224   1.4835070 2026 01 14 15 05 30.58
0    951.63335   4923.29379   5534.87216  -6.7439802  -0.1709164   1.3778035 2026 01 14 15 05 50.58
0    816.57486   4919.13758   5561.36828  -6.7613718  -0.2446513   1.2716178 2026 01 14 15 06 10.58
0    681.19206   4913.50843   5585.73610  -6.7764052  -0.3182080   1.1649883 2026 01 14 15 06 30.58
0    545.53217   4906.41008   5607.96714  -6.7890766  -0.3915680   1.0579539 2026 01 14 15 06 50.58
0    409.64246   4897.84666   5628.05367  -6.7993825  -0.4647125   0.9505531 2026 01 14 15 07 10.58
0    273.57026   4887.82265   5645.98876  -6.8073206  -0.5376231   0.8428247 2026 01 14 15 07 30.58
0    137.36296   4876.34293   5661.76624  -6.8128889  -0.6102814   0.7348076 2026 01 14 15 07 50.58
0      1.06797   4863.41272   5675.38071  -6.8160862  -0.6826693   0.6265405 2026 01 14 15 08 10.58
0   -135.26727   4849.03761   5686.82758  -6.8169119  -0.7547685   0.5180623 2026 01 14 15 08 30.58
0   -271.59534   4833.22355   5696.10300  -6.8153660  -0.8265610   0.4094120 2026 01 14 15 08 50.58
0   -407.86880   4815.97686   5703.20391  -6.8114494  -0.8980290   0.3006283 2026 01 14 15 09 10.58
0   -544.04025   4797.30421   5708.12804  -6.8051633  -0.9691548   0.1917504 2026 01 14 15 09 30.58
0   -680.06231   4777.21261   5710.87389  -6.7965099  -1.0399206   0.0828169 2026 01 14 15 09 50.58
0   -815.88765   4755.70945   5711.44074  -6.7854919  -1.1103090  -0.0261331 2026 01 14 15 10 10.58
0   -951.46902   4732.80244   5709.82865  -6.7721124  -1.1803025  -0.1350607 2026 01 14 15 10 30.58
0  -1086.75921   4708.49966   5706.03844  -6.7563757  -1.2498838  -0.2439272 2026 01 14 15 10 50.58
0  -1221.71113   4682.80952   5700.07174  -6.7382862  -1.3190359  -0.3526936 2026 01 14 15 11 10.58
0  -1356.27777   4655.74079   5691.93094  -6.7178494  -1.3877415  -0.4613213 2026 01 14 15 11 30.58
0  -1490.41222   4627.30255   5681.61918  -6.6950710  -1.4559839  -0.5697714 2026 01 14 15 11 50.58
0  -1624.06773   4597.50425   5669.14043  -6.6699578  -1.5237462  -0.6780052 2026 01 14 15 12 10.58
0  -1757.19767   4566.35566   5654.49938  -6.6425169  -1.5910117  -0.7859843 2026 01 14 15 12 30.58
0  -1889.75554   4533.86687   5637.70152  -6.6127563  -1.6577638  -0.8936699 2026 01 14 15 12 50.58
0  -2021.69505   4500.04832   5618.75311  -6.5806843  -1.7239861  -1.0010237 2026 01 14 15 13 10.58
0  -2152.97004   4464.91078   5597.66116  -6.5463103  -1.7896622  -1.1080073 2026 01 14 15 13 30.58
0  -2283.53458   4428.46533   5574.43348  -6.5096440  -1.8547759  -1.2145823 2026 01 14 15 13 50.58
0  -2413.34291   4390.72338   5549.07861  -6.4706959  -1.9193111  -1.3207106 2026 01 14 15 14 10.58
0  -2542.34951   4351.69667   5521.60587  -6.4294771  -1.9832519  -1.4263542 2026 01 14 15 14 30.58
0  -2670.50908   4311.39724   5492.02535  -6.3859993  -2.0465823  -1.5314750 2026 01 14 15 14 50.58
0  -2797.77655   4269.83745   5460.34787  -6.3402749  -2.1092866  -1.6360352 2026 01 14 15 15 10.58
0  -2924.10712   4227.03000   5426.58503  -6.2923169  -2.1713492  -1.7399972 2026 01 14 15 15 30.58
0  -3049.45626   4182.98787   5390.74918  -6.2421391  -2.2327546  -1.8433233 2026 01 14 15 15 50.58
0  -3173.77970   4137.72436   5352.85340  -6.1897558  -2.2934874  -1.9459762 2026 01 14 15 16 10.58
0  -3297.03349   4091.25307   5312.91155  -6.1351819  -2.3535322  -2.0479186 2026 01 14 15 16 30.58
0  -3419.17396   4043.58793   5270.93821  -6.0784330  -2.4128741  -2.1491135 2026 01 14 15 16 50.58
0  -3540.15778   3994.74314   5226.94870  -6.0195255  -2.4714979  -2.2495239 2026 01 14 15 17 10.58
0  -3659.94195   3944.73321   5180.95907  -5.9584762  -2.5293887  -2.3491131 2026 01 14 15 17 30.58
0  -3778.48379   3893.57295   5132.98614  -5.8953028  -2.5865318  -2.4478447 2026 01 14 15 17 50.58
0  -3895.74101   3841.27747   5083.04741  -5.8300233  -2.6429125  -2.5456822 2026 01 14 15 18 10.58
0  -4011.67168   3787.86216   5031.16114  -5.7626566  -2.6985163  -2.6425896 2026 01 14 15 18 30.58
0  -4126.23424   3733.34270   4977.34629  -5.6932224  -2.7533288  -2.7385310 2026 01 14 15 18 50.58
0  -4239.38754   3677.73506   4921.62254  -5.6217406  -2.8073358  -2.8334707 2026 01 14 15 19 10.58
0  -4351.09085   3621.05550   4864.01029  -5.5482321  -2.8605230  -2.9273732 2026 01 14 15 19 30.58
0  -4461.30384   3563.32055   4804.53063  -5.4727184  -2.9128764  -3.0202036 2026 01 14 15 19 50.58
0  -4569.98663   3504.54702   4743.20537  -5.3952215  -2.9643823  -3.1119267 2026 01 14 15 20 10.58
0  -4677.09978   3444.75201   4680.05700  -5.3157643  -3.0150269  -3.2025080 2026 01 14 15 20 30.58
0  -4782.60432   3383.95289   4615.10871  -5.2343699  -3.0647965  -3.2919131 2026 01 14 15 20 50.58
0  -4886.46176   3322.16727   4548.38436  -5.1510626  -3.1136777  -3.3801079 2026 01 14 15 21 10.58
0  -4988.63407   3259.41307   4479.90850  -5.0658670  -3.1616571  -3.4670587 2026 01 14 15 21 30.58
0  -5089.08375   3195.70845   4409.70636  -4.9788084  -3.2087217  -3.5527320 2026 01 14 15 21 50.58
0  -5187.77380   3131.07184   4337.80381  -4.8899128  -3.2548584  -3.6370946 2026 01 14 15 22 10.58
0  -5284.66774   3065.52193   4264.22742  -4.7992068  -3.3000543  -3.7201137 2026 01 14 15 22 30.58
0  -5379.72965   2999.07765   4189.00437  -4.7067177  -3.3442967  -3.8017569 2026 01 14 15 22 50.58
0  -5472.92415   2931.75821   4112.16250  -4.6124734  -3.3875730  -3.8819920 2026 01 14 15 23 10.58
0  -5564.21641   2863.58304   4033.73031  -4.5165025  -3.4298708  -3.9607872 2026 01 14 15 23 30.58
0  -5653.57220   2794.57184   3953.73691  -4.4188341  -3.4711779  -4.0381113 2026 01 14 15 23 50.58
0  -5740.95787   2724.74455   3872.21203  -4.3194981  -3.5114821  -4.1139332 2026 01 14 15 24 10.58
0  -5826.34037   2654.12134   3789.18602  -4.2185250  -3.5507716  -4.1882223 2026 01 14 15 24 30.58
0  -5909.68728   2582.72261   3704.68986  -4.1159458  -3.5890346  -4.2609485 2026 01 14 15 24 50.58
0  -5990.96679   2510.56902   3618.75509  -4.0117923  -3.6262596  -4.3320819 2026 01 14 15 25 10.58
0  -6070.14775   2437.68143   3531.41387  -3.9060970  -3.6624351  -4.4015933 2026 01 14 15 25 30.58
0  -6147.19965   2364.08094   3442.69893  -3.7988926  -3.6975500  -4.4694539 2026 01 14 15 25 50.58
0  -6222.09265   2289.78888   3352.64357  -3.6902130  -3.7315933  -4.5356351 2026 01 14 15 26 10.58
0  -6294.79758   2214.82679   3261.28167  -3.5800924  -3.7645541  -4.6001091 2026 01 14 15 26 30.58
0  -6365.28598   2139.21641   3168.64764  -3.4685655  -3.7964217  -4.6628484 2026 01 14 15 26 50.58
0  -6433.53008   2062.97971   3074.77644  -3.3556680  -3.8271859  -4.7238262 2026 01 14 15 27 10.58
0  -6499.50283   1986.13886   2979.70358  -3.2414358  -3.8568363  -4.7830158 2026 01 14 15 27 30.58
0  -6563.17791   1908.71624   2883.46508  -3.1259057  -3.8853629  -4.8403916 2026 01 14 15 27 50.58
0  -6624.52973   1830.73441   2786.09747  -3.0091150  -3.9127560  -4.8959280 2026 01 14 15 28 10.58
0  -6683.53345   1752.21613   2687.63779  -2.8911015  -3.9390060  -4.9496002 2026 01 14 15 28 30.58
0  -6740.16502   1673.18437   2588.12356  -2.7719037  -3.9641034  -5.0013841 2026 01 14 15 28 50.58
0  -6794.40113   1593.66226   2487.59279  -2.6515607  -3.9880393  -5.0512560 2026 01 14 15 29 10.58
0  -6846.21928   1513.67311   2386.08395  -2.5301121  -4.0108047  -5.0991927 2026 01 14 15 29 30.58
0  -6895.59776   1433.24042   2283.63597  -2.4075981  -4.0323910  -5.1451719 2026 01 14 15 29 50.58
0  -6942.51567   1352.38786   2180.28822  -2.2840596  -4.0527897  -5.1891716 2026 01 14 15 30 10.58
0  -6986.95294   1271.13924   2076.08050  -2.1595377  -4.0719927  -5.2311707 2026 01 14 15 30 30.58
0  -7028.89030   1189.51857   1971.05303  -2.0340744  -4.0899922  -5.2711486 2026 01 14 15 30 50.58
0  -7068.30937   1107.54999   1865.24644  -1.9077120  -4.1067805  -5.3090854 2026 01 14 15 31 10.58
0  -7105.19258   1025.25779   1758.70173  -1.7804936  -4.1223502  -5.3449618 2026 01 14 15 31 30.58
0  -7139.52326    942.66640   1651.46030  -1.6524624  -4.1366942  -5.3787593 2026 01 14 15 31 50.58
0  -7171.28557    859.80042   1543.56390  -1.5236626  -4.1498058  -5.4104602 2026 01 14 15 32 10.58
0  -7200.46461    776.68455   1435.05465  -1.3941386  -4.1616785  -5.4400472 2026 01 14 15 32 30.58
0  -7227.04632    693.34363   1325.97499  -1.2639352  -4.1723059  -5.4675040 2026 01 14 15 32 50.58
0  -7251.01757    609.80262   1216.36766  -1.1330980  -4.1816822  -5.4928149 2026 01 14 15 33 10.58
0  -7272.36615    526.08660   1106.27575  -1.0016727  -4.1898017  -5.5159650 2026 01 14 15 33 30.58
0  -7291.08075    442.22076    995.74260  -0.8697058  -4.1966591  -5.5369403 2026 01 14 15 33 50.58
0  -7307.15101    358.23038    884.81185  -0.7372440  -4.2022494  -5.5557273 2026 01 14 15 34 10.58
0  -7320.56750    274.14085    773.52740  -0.6043345  -4.2065680  -5.5723136 2026 01 14 15 34 30.58
0  -7331.32173    189.97765    661.93336  -0.4710249  -4.2096104  -5.5866873 2026 01 14 15 34 50.58
0  -7339.40619    105.76635    550.07411  -0.3373631  -4.2113726  -5.5988377 2026 01 14 15 35 10.58
0  -7344.81432     21.53258    437.99420  -0.2033977  -4.2118510  -5.6087545 2026 01 14 15 35 30.58
0  -7347.54051    -62.69796    325.73842  -0.0691773  -4.2110422  -5.6164286 2026 01 14 15 35 50.58
0  -7347.58017   -146.89947    213.35168   0.0652489  -4.2089432  -5.6218516 2026 01 14 15 36 10.58
0  -7344.92967   -231.04615    100.87910   0.1998316  -4.2055514  -5.6250160 2026 01 14 15 36 30.58
0  -7339.58637   -315.11210    -11.63409   0.3345209  -4.2008645  -5.6259152 2026 01 14 15 36 50.58
0  -7331.54864   -399.07140   -124.14252   0.4692669  -4.1948806  -5.6245434 2026 01 14 15 37 10.58
0  -7320.81584   -482.89811   -236.60073   0.6040191  -4.1875982  -5.6208957 2026 01 14 15 37 30.58
0  -7307.38835   -566.56624   -348.96316   0.7387271  -4.1790161  -5.6149684 2026 01 14 15 37 50.58
0  -7291.26757   -650.04977   -461.18418   0.8733399  -4.1691336  -5.6067583 2026 01 14 15 38 10.58
0  -7272.45590   -733.32271   -573.21811   1.0078065  -4.1579502  -5.5962634 2026 01 14 15 38 30.58
0  -7250.95679   -816.35904   -685.01925   1.1420757  -4.1454660  -5.5834827 2026 01 14 15 38 50.58
0  -7226.77468   -899.13273   -796.54188   1.2760959  -4.1316815  -5.5684159 2026 01 14 15 39 10.58
0  -7199.91507   -981.61779   -907.74028   1.4098157  -4.1165973  -5.5510638 2026 01 14 15 39 30.58
0  -7170.38448  -1063.78824  -1018.56875   1.5431831  -4.1002148  -5.5314283 2026 01 14 15 39 50.58
0  -7138.19049  -1145.61812  -1128.98167   1.6761465  -4.0825357  -5.5095120 2026 01 14 15 40 10.58
0  -7103.34169  -1227.08153  -1238.93344   1.8086537  -4.0635619  -5.4853187 2026 01 14 15 40 30.58
0  -7065.84771  -1308.15257  -1348.37856   1.9406528  -4.0432959  -5.4588531 2026 01 14 15 40 50.58
0  -7025.71925  -1388.80545  -1457.27166   2.0720917  -4.0217407  -5.4301209 2026 01 14 15 41 10.58
0  -6982.96802  -1469.01441  -1565.56746   2.2029182  -3.9988996  -5.3991289 2026 01 14 15 41 30.58
0  -6937.60680  -1548.75376  -1673.22083   2.3330802  -3.9747765  -5.3658848 2026 01 14 15 41 50.58
0  -6889.64940  -1627.99790  -1780.18683   2.4625257  -3.9493755  -5.3303973 2026 01 14 15 42 10.58
0  -6839.11065  -1706.72132  -1886.42068   2.5912025  -3.9227012  -5.2926762 2026 01 14 15 42 30.58
0  -6786.00647  -1784.89860  -1991.87781   2.7190587  -3.8947589  -5.2527323 2026 01 14 15 42 50.58
0  -6730.35378  -1862.50442  -2096.51388   2.8460424  -3.8655540  -5.2105774 2026 01 14 15 43 10.58
0  -6672.17054  -1939.51360  -2200.28479   2.9721019  -3.8350926  -5.1662244 2026 01 14 15 43 30.58
0  -6611.47577  -2015.90107  -2303.14673   3.0971854  -3.8033812  -5.1196871 2026 01 14 15 43 50.58
0  -6548.28949  -2091.64189  -2405.05615   3.2212417  -3.7704266  -5.0709804 2026 01 14 15 44 10.58
0  -6482.63276  -2166.71126  -2505.96982   3.3442193  -3.7362363  -5.0201204 2026 01 14 15 44 30.58
0  -6414.52767  -2241.08455  -2605.84484   3.4660674  -3.7008181  -4.9671238 2026 01 14 15 44 50.58
0  -6343.99732  -2314.73727  -2704.63865   3.5867351  -3.6641802  -4.9120088 2026 01 14 15 45 10.58
0  -6271.06583  -2387.64513  -2802.30909   3.7061720  -3.6263316  -4.8547943 2026 01 14 15 45 30.58
0  -6195.75832  -2459.78398  -2898.81434   3.8243278  -3.5872813  -4.7955005 2026 01 14 15 45 50.58
0  -6118.10090  -2531.12990  -2994.11305   3.9411528  -3.5470392  -4.7341484 2026 01 14 15 46 10.58
0  -6038.12069  -2601.65913  -3088.16426   4.0565975  -3.5056154  -4.6707601 2026 01 14 15 46 30.58
0  -5955.84580  -2671.34816  -3180.92747   4.1706128  -3.4630204  -4.6053587 2026 01 14 15 46 50.58
0  -5871.30530  -2740.17366  -3272.36267   4.2831501  -3.4192655  -4.5379683 2026 01 14 15 47 10.58
0  -5784.52924  -2808.11255  -3362.43032   4.3941610  -3.3743621  -4.4686142 2026 01 14 15 47 30.58
0  -5695.54862  -2875.14197  -3451.09142   4.5035979  -3.3283223  -4.3973224 2026 01 14 15 47 50.58
0  -5604.39541  -2941.23932  -3538.30748   4.6114136  -3.2811586  -4.3241201 2026 01 14 15 48 10.58
0  -5511.10251  -3006.38225  -3624.04056   4.7175613  -3.2328839  -4.2490353 2026 01 14 15 48 30.58
0  -5415.70373  -3070.54867  -3708.25332   4.8219949  -3.1835118  -4.1720973 2026 01 14 15 48 50.58
0  -5318.23382  -3133.71675  -3790.90898   4.9246688  -3.1330559  -4.0933360 2026 01 14 15 49 10.58
0  -5218.72844  -3195.86498  -3871.97140   5.0255381  -3.0815307  -4.0127824 2026 01 14 15 49 30.58
0  -5117.22411  -3256.97211  -3951.40505   5.1245584  -3.0289509  -3.9304686 2026 01 14 15 49 50.58
0  -5013.75826  -3317.01720  -4029.17505   5.2216861  -2.9753319  -3.8464274 2026 01 14 15 50 10.58
0  -4908.36918  -3375.97962  -4105.24719   5.3168783  -2.9206892  -3.7606926 2026 01 14 15 50 30.58
0  -4801.09601  -3433.83904  -4179.58796   5.4100928  -2.8650389  -3.6732991 2026 01 14 15 50 50.58
0  -4691.97872  -3490.57550  -4252.16454   5.5012880  -2.8083978  -3.5842823 2026 01 14 15 51 10.58
0  -4581.05810  -3546.16933  -4322.94482   5.5904232  -2.7507827  -3.4936788 2026 01 14 15 51 30.58
0  -4468.37577  -3600.60123  -4391.89746   5.6774586  -2.6922111  -3.4015261 2026 01 14 15 51 50.58
0  -4353.97411  -3653.85225  -4458.99184   5.7623550  -2.6327008  -3.3078622 2026 01 14 15 52 10.58
0  -4237.89629  -3705.90380  -4524.19815   5.8450743  -2.5722702  -3.2127263 2026 01 14 15 52 30.58
0  -4120.18623  -3756.73765  -4587.48735   5.9255791  -2.5109379  -3.1161582 2026 01 14 15 52 50.58
0  -4000.88860  -3806.33597  -4648.83120   6.0038330  -2.4487230  -3.0181986 2026 01 14 15 53 10.58
0  -3880.04876  -3854.68130  -4708.20228   6.0798003  -2.3856450  -2.9188890 2026 01 14 15 53 30.58
0  -3757.71279  -3901.75657  -4765.57403   6.1534466  -2.3217240  -2.8182715 2026 01 14 15 53 50.58
0  -3633.92747  -3947.54512  -4820.92073   6.2247383  -2.2569800  -2.7163891 2026 01 14 15 54 10.58
0  -3508.74021  -3992.03071  -4874.21751   6.2936427  -2.1914339  -2.6132854 2026 01 14 15 54 30.58
0  -3382.19907  -4035.19750  -4925.44039   6.3601282  -2.1251066  -2.5090049 2026 01 14 15 54 50.58
0  -3254.35274  -4077.03008  -4974.56631   6.4241643  -2.0580196  -2.4035925 2026 01 14 15 55 10.58
0  -3125.25051  -4117.51348  -5021.57307   6.4857215  -1.9901947  -2.2970940 2026 01 14 15 55 30.58
0  -2994.94224  -4156.63317  -5066.43943   6.5447714  -1.9216539  -2.1895555 2026 01 14 15 55 50.58
0  -2863.47835  -4194.37504  -5109.14506   6.6012867  -1.8524198  -2.0810242 2026 01 14 15 56 10.58
0  -2730.90980  -4230.72547  -5149.67058   6.6552411  -1.7825152  -1.9715474 2026 01 14 15 56 30.58
0  -2597.28805  -4265.67128  -5187.99757   6.7066096  -1.7119632  -1.8611732 2026 01 14 15 56 50.58
0  -2462.66506  -4299.19974  -5224.10858   6.7553684  -1.6407873  -1.7499502 2026 01 14 15 57 10.58
0  -2327.09326  -4331.29863  -5257.98711   6.8014946  -1.5690111  -1.6379275 2026 01 14 15 57 30.58
0  -2190.62551  -4361.95618  -5289.61768   6.8449667  -1.4966587  -1.5251546 2026 01 14 15 57 50.58
0  -2053.31510  -4391.16111  -5318.98580   6.8857644  -1.4237546  -1.4116816 2026 01 14 15 58 10.58
0  -1915.21570  -4418.90263  -5346.07796   6.9238685  -1.3503231  -1.2975589 2026 01 14 15 58 30.58
0  -1776.38137  -4445.17045  -5370.88168   6.9592612  -1.2763893  -1.1828373 2026 01 14 15 58 50.58
0  -1636.86649  -4469.95477  -5393.38550   6.9919258  -1.2019782  -1.0675681 2026 01 14 15 59 10.58
0  -1496.72578  -4493.24631  -5413.57899   7.0218470  -1.1271152  -0.9518027 2026 01 14 15 59 30.58
0  -1356.01426  -4515.03627  -5431.45275   7.0490105  -1.0518259  -0.8355930 2026 01 14 15 59 50.58
0  -1214.78719  -4535.31639  -5446.99841   7.0734036  -0.9761361  -0.7189911 2026 01 14 16 00 10.58
0  -1073.10010  -4554.07893  -5460.20866   7.0950147  -0.9000718  -0.6020495 2026 01 14 16 00 30.58
0   -931.00872  -4571.31665  -5471.07723   7.1138335  -0.8236591  -0.4848207 2026 01 14 16 00 50.58
0   -788.56900  -4587.02286  -5479.59891   7.1298511  -0.7469245  -0.3673575 2026 01 14 16 01 10.58
0   -645.83702  -4601.19138  -5485.76955   7.1430599  -0.6698946  -0.2497129 2026 01 14 16 01 30.58
0   -502.86903  -4613.81658  -5489.58604   7.1534535  -0.5925960  -0.1319399 2026 01 14 16 01 50.58
0   -359.72137  -4624.89334  -5491.04634   7.1610269  -0.5150555  -0.0140918 2026 01 14 16 02 10.58
0   -216.45048  -4634.41710  -5490.14951   7.1657765  -0.4373003   0.1037783 2026 01 14 16 02 30.58
0    -73.11286  -4642.38384  -5486.89561   7.1677000  -0.3593574   0.2216169 2026 01 14 16 02 50.58
0     70.23497  -4648.79008  -5481.28583   7.1667963  -0.2812539   0.3393709 2026 01 14 16 03 10.58
0    213.53647  -4653.63287  -5473.32238   7.1630658  -0.2030172   0.4569869 2026 01 14 16 03 30.58
0    356.73512  -4656.90983  -5463.00855   7.1565101  -0.1246747   0.5744118 2026 01 14 16 03 50.58
0    499.77446  -4658.61912  -5450.34870   7.1471323  -0.0462538   0.6915923 2026 01 14 16 04 10.58
0    642.59808  -4658.75944  -5435.34825   7.1349367   0.0322179   0.8084754 2026 01 14 16 04 30.58
0    785.14970  -4657.33004  -5418.01366   7.1199290   0.1107130   0.9250084 2026 01 14 16 04 50.58
0    927.37314  -4654.33074  -5398.35246   7.1021162   0.1892039   1.0411384 2026 01 14 16 05 10.58
0   1069.21239  -4649.76190  -5376.37325   7.0815066   0.2676630   1.1568130 2026 01 14 16 05 30.58
0   1210.61162  -4643.62443  -5352.08564   7.0581099   0.3460627   1.2719799 2026 01 14 16 05 50.58
0   1351.51518  -4635.91978  -5325.50030   7.0319371   0.4243754   1.3865872 2026 01 14 16 06 10.58
0   1491.86769  -4626.64998  -5296.62895   7.0030003   0.5025737   1.5005831 2026 01 14 16 06 30.58
0   1631.61400  -4615.81758  -5265.48431   6.9713132   0.5806301   1.6139164 2026 01 14 16 06 50.58
0   1770.69926  -4603.42570  -5232.08016   6.9368906   0.6585170   1.7265360 2026 01 14 16 07 10.58
0   1909.06892  -4589.47799  -5196.43125   6.8997487   0.7362072   1.8383912 2026 01 14 16 07 30.58
0   2046.66877  -4573.97867  -5158.55338   6.8599049   0.8136734   1.9494320 2026 01 14 16 07 50.58
0   2183.44495  -4556.93248  -5118.46334   6.8173779   0.8908883   2.0596085 2026 01 14 16 08 10.58
0   2319.34401  -4538.34471  -5076.17888   6.7721875   0.9678249   2.1688715 2026 01 14 16 08 30.58
0   2454.31289  -4518.22121  -5031.71878   6.7243549   1.0444563   2.2771722 2026 01 14 16 08 50.58
0   2588.29896  -4496.56835  -4985.10274   6.6739025   1.1207556   2.3844624 2026 01 14 16 09 10.58
0   2721.25006  -4473.39302  -4936.35146   6.6208538   1.1966960   2.4906944 2026 01 14 16 09 30.58
0   2853.11452  -4448.70268  -4885.48656   6.5652336   1.2722512   2.5958210 2026 01 14 16 09 50.58
0   2983.84117  -4422.50528  -4832.53060   6.5070678   1.3473948   2.6997958 2026 01 14 16 10 10.58
0   3113.37935  -4394.80932  -4777.50709   6.4463834   1.4221005   2.8025729 2026 01 14 16 10 30.58
0   3241.67897  -4365.62382  -4720.44042   6.3832087   1.4963425   2.9041071 2026 01 14 16 10 50.58
0   3368.69053  -4334.95830  -4661.35590   6.3175730   1.5700950   3.0043539 2026 01 14 16 11 10.58
0   3494.36511  -4302.82282  -4600.27969   6.2495068   1.6433325   3.1032694 2026 01 14 16 11 30.58
0   3618.65439  -4269.22792  -4537.23886   6.1790414   1.7160296   3.2008107 2026 01 14 16 11 50.58
0   3741.51072  -4234.18465  -4472.26130   6.1062095   1.7881613   3.2969352 2026 01 14 16 12 10.58
0   3862.88711  -4197.70459  -4405.37577   6.0310446   1.8597028   3.3916016 2026 01 14 16 12 30.58
0   3982.73723  -4159.79976  -4336.61183   5.9535813   1.9306296   3.4847690 2026 01 14 16 12 50.58
0   4101.01547  -4120.48272  -4265.99985   5.8738553   2.0009175   3.5763975 2026 01 14 16 13 10.58
0   4217.67693  -4079.76648  -4193.57100   5.7919030   2.0705423   3.6664480 2026 01 14 16 13 30.58
0   4332.67746  -4037.66453  -4119.35723   5.7077618   2.1394806   3.7548823 2026 01 14 16 13 50.58
0   4445.97365  -3994.19084  -4043.39122   5.6214703   2.2077089   3.8416629 2026 01 14 16 14 10.58
0   4557.52290  -3949.35985  -3965.70641   5.5330677   2.2752043   3.9267534 2026 01 14 16 14 30.58
0   4667.28336  -3903.18643  -3886.33696   5.4425941   2.3419439   4.0101182 2026 01 14 16 14 50.58
0   4775.21404  -3855.68593  -3805.31773   5.3500905   2.4079054   4.0917227 2026 01 14 16 15 10.58
0   4881.27473  -3806.87412  -3722.68425   5.2555987   2.4730668   4.1715331 2026 01 14 16 15 30.58
0   4985.42609  -3756.76724  -3638.47274   5.1591613   2.5374065   4.2495168 2026 01 14 16 15 50.58
0   5087.62965  -3705.38193  -3552.72004   5.0608216   2.6009031   4.3256419 2026 01 14 16 16 10.58
0   5187.84778  -3652.73527  -3465.46363   4.9606237   2.6635356   4.3998777 2026 01 14 16 16 30.58
0   5286.04377  -3598.84473  -3376.74160   4.8586123   2.7252836   4.4721943 2026 01 14 16 16 50.58
0   5382.18179  -3543.72822  -3286.59262   4.7548328   2.7861269   4.5425630 2026 01 14 16 17 10.58
0   5476.22694  -3487.40403  -3195.05592   4.6493314   2.8460457   4.6109560 2026 01 14 16 17 30.58
0   5568.14525  -3429.89085  -3102.17130   4.5421548   2.9050206   4.6773465 2026 01 14 16 17 50.58
0   5657.90366  -3371.20775  -3007.97904   4.4333501   2.9630326   4.7417089 2026 01 14 16 18 10.58
0   5745.47010  -3311.37416  -2912.51997   4.3229653   3.0200632   4.8040185 2026 01 14 16 18 30.58
0   5830.81345  -3250.40992  -2815.83538   4.2110487   3.0760943   4.8642516 2026 01 14 16 18 50.58
0   5913.90354  -3188.33518  -2717.96702   4.0976491   3.1311082   4.9223857 2026 01 14 16 19 10.58
0   5994.71122  -3125.17047  -2618.95709   3.9828160   3.1850876   4.9783994 2026 01 14 16 19 30.58
0   6073.20829  -3060.93665  -2518.84820   3.8665990   3.2380156   5.0322722 2026 01 14 16 19 50.58
0   6149.36759  -2995.65491  -2417.68337   3.7490484   3.2898758   5.0839848 2026 01 14 16 20 10.58
0   6223.16294  -2929.34678  -2315.50599   3.6302147   3.3406523   5.1335189 2026 01 14 16 20 30.58
0   6294.56919  -2862.03408  -2212.35980   3.5101488   3.3903296   5.1808574 2026 01 14 16 20 50.58
0   6363.56219  -2793.73897  -2108.28888   3.3889019   3.4388925   5.2259841 2026 01 14 16 21 10.58
0   6430.11886  -2724.48386  -2003.33761   3.2665257   3.4863266   5.2688840 2026 01 14 16 21 30.58
0   6494.21710  -2654.29149  -1897.55067   3.1430718   3.5326175   5.3095433 2026 01 14 16 21 50.58
0   6555.83589  -2583.18487  -1790.97301   3.0185923   3.5777517   5.3479490 2026 01 14 16 22 10.58
0   6614.95524  -2511.18726  -1683.64982   2.8931395   3.6217159   5.3840894 2026 01 14 16 22 30.58
0   6671.55621  -2438.32219  -1575.62651   2.7667658   3.6644972   5.4179538 2026 01 14 16 22 50.58
0   6725.62089  -2364.61345  -1466.94870   2.6395236   3.7060835   5.4495327 2026 01 14 16 23 10.58
0   6777.13245  -2290.08506  -1357.66220   2.5114658   3.7464628   5.4788174 2026 01 14 16 23 30.58
0   6826.07510  -2214.76128  -1247.81296   2.3826451   3.7856237   5.5058006 2026 01 14 16 23 50.58
0   6872.43411  -2138.66660  -1137.44708   2.2531143   3.8235554   5.5304759 2026 01 14 16 24 10.58
0   6916.19581  -2061.82569  -1026.61078   2.1229263   3.8602474   5.5528378 2026 01 14 16 24 30.58
0   6957.34759  -1984.26347   -915.35036   1.9921341   3.8956897   5.5728823 2026 01 14 16 24 50.58
0   6995.87789  -1906.00502   -803.71221   1.8607904   3.9298728   5.5906059 2026 01 14 16 25 10.58
0   7031.77621  -1827.07562   -691.74278   1.7289483   3.9627876   5.6060067 2026 01 14 16 25 30.58
0   7065.03311  -1747.50073   -579.48853   1.5966605   3.9944255   5.6190833 2026 01 14 16 25 50.58
0   7095.64021  -1667.30597   -466.99595   1.4639796   4.0247784   5.6298357 2026 01 14 16 26 10.58
0   7123.59018  -1586.51712   -354.31151   1.3309582   4.0538386   5.6382649 2026 01 14 16 26 30.58
0   7148.87672  -1505.16010   -241.48168   1.1976489   4.0815990   5.6443726 2026 01 14 16 26 50.58
0   7171.49461  -1423.26099   -128.55284   1.0641039   4.1080527   5.6481619 2026 01 14 16 27 10.58
0   7191.43966  -1340.84598    -15.57133   0.9303752   4.1331934   5.6496365 2026 01 14 16 27 30.58
0   7208.70871  -1257.94139     97.41660   0.7965149   4.1570154   5.6488015 2026 01 14 16 27 50.58
0   7223.29966  -1174.57366    210.36482   0.6625745   4.1795131   5.6456625 2026 01 14 16 28 10.58
0   7235.21141  -1090.76931    323.22732   0.5286056   4.2006817   5.6402265 2026 01 14 16 28 30.58
0   7244.44391  -1006.55499    435.95823   0.3946591   4.2205166   5.6325011 2026 01 14 16 28 50.58
0   7250.99813   -921.95739    548.51184   0.2607861   4.2390138   5.6224951 2026 01 14 16 29 10.58
0   7254.87603   -837.00333    660.84264   0.1270370   4.2561697   5.6102179 2026 01 14 16 29 30.58
0   7256.08061   -751.71964    772.90532  -0.0065379   4.2719809   5.5956801 2026 01 14 16 29 50.58
0   7254.61584   -666.13327    884.65476  -0.1398888   4.2864448   5.5788931 2026 01 14 16 30 10.58
0   7250.48671   -580.27116    996.04612  -0.2729662   4.2995590   5.5598692 2026 01 14 16 30 30.58
0   7243.69918   -494.16035   1107.03478  -0.4057210   4.3113216   5.5386213 2026 01 14 16 30 50.58
0   7234.26020   -407.82787   1217.57639  -0.5381044   4.3217311   5.5151636 2026 01 14 16 31 10.58
0   7222.17767   -321.30079   1327.62693  -0.6700682   4.3307863   5.4895108 2026 01 14 16 31 30.58
0   7207.46047   -234.60622   1437.14262  -0.8015646   4.3384866   5.4616786 2026 01 14 16 31 50.58
0   7190.11842   -147.77124   1546.08006  -0.9325461   4.3448316   5.4316834 2026 01 14 16 32 10.58
0   7170.16229    -60.82297   1654.39616  -1.0629658   4.3498216   5.3995424 2026 01 14 16 32 30.58
0   7147.60380     26.21151   1762.04817  -1.1927772   4.3534569   5.3652735 2026 01 14 16 32 50.58
0   7122.45555    113.30511   1868.99373  -1.3219344   4.3557385   5.3288957 2026 01 14 16 33 10.58
0   7094.73110    200.43077   1975.19085  -1.4503919   4.3566676   5.2904283 2026 01 14 16 33 30.58
0   7064.44489    287.56147   2080.59795  -1.5781048   4.3562460   5.2498916 2026 01 14 16 33 50.58
0   7031.61225    374.67020   2185.17384  -1.7050287   4.3544755   5.2073066 2026 01 14 16 34 10.58
0   6996.24941    461.73002   2288.87778  -1.8311197   4.3513587   5.1626948 2026 01 14 16 34 30.58
0   6958.37346    548.71402   2391.66946  -1.9563345   4.3468981   5.1160787 2026 01 14 16 34 50.58
0   6918.00235    635.59538   2493.50902  -2.0806304   4.3410971   5.0674812 2026 01 14 16 35 10.58
0   6875.15488    722.34732   2594.35706  -2.2039653   4.3339590   5.0169259 2026 01 14 16 35 30.58
0   6829.85068    808.94313   2694.17468  -2.3262974   4.3254876   4.9644372 2026 01 14 16 35 50.58
0   6782.11023    895.35620   2792.92345  -2.4475858   4.3156870   4.9100399 2026 01 14 16 36 10.58
0   6731.95480    981.55999   2890.56545  -2.5677902   4.3045619   4.8537595 2026 01 14 16 36 30.58
0   6679.40647   1067.52805   2987.06329  -2.6868707   4.2921169   4.7956222 2026 01 14 16 36 50.58
0   6624.48810   1153.23406   3082.38009  -2.8047882   4.2783572   4.7356546 2026 01 14 16 37 10.58
0   6567.22335   1238.65176   3176.47952  -2.9215041   4.2632883   4.6738839 2026 01 14 16 37 30.58
0   6507.63662   1323.75504   3269.32579  -3.0369805   4.2469159   4.6103380 2026 01 14 16 37 50.58
0   6445.75308   1408.51789   3360.88367  -3.1511801   4.2292462   4.5450449 2026 01 14 16 38 10.58
0   6381.59862   1492.91444   3451.11852  -3.2640663   4.2102856   4.4780337 2026 01 14 16 38 30.58
0   6315.19988   1576.91892   3539.99626  -3.3756030   4.1900407   4.4093336 2026 01 14 16 38 50.58
0   6246.58419   1660.50573   3627.48340  -3.4857549   4.1685185   4.3389743 2026 01 14 16 39 10.58
0   6175.77960   1743.64941   3713.54707  -3.5944872   4.1457263   4.2669862 2026 01 14 16 39 30.58
0   6102.81483   1826.32461   3798.15499  -3.7017661   4.1216717   4.1933999 2026 01 14 16 39 50.58
0   6027.71929   1908.50619   3881.27551  -3.8075580   4.0963625   4.1182465 2026 01 14 16 40 10.58
0   5950.52305   1990.16913   3962.87759  -3.9118302   4.0698068   4.0415577 2026 01 14 16 40 30.58
0   5871.25681   2071.28859   4042.93086  -4.0145507   4.0420131   3.9633654 2026 01 14 16 40 50.58
0   5789.95192   2151.83989   4121.40555  -4.1156882   4.0129900   3.8837019 2026 01 14 16 41 10.58
0   5706.64035   2231.79854   4198.27257  -4.2152118   3.9827464   3.8026001 2026 01 14 16 41 30.58
0   5621.35467   2311.14022   4273.50347  -4.3130915   3.9512915   3.7200930 2026 01 14 16 41 50.58
0   5534.12806   2389.84081   4347.07050  -4.4092980   3.9186348   3.6362142 2026 01 14 16 42 10.58
0   5444.99426   2467.87635   4418.94653  -4.5038026   3.8847860   3.5509973 2026 01 14 16 42 30.58
0   5353.98758   2545.22312   4489.10516  -4.5965772   3.8497549   3.4644767 2026 01 14 16 42 50.58
0   5261.14291   2621.85757   4557.52064  -4.6875946   3.8135518   3.3766866 2026 01 14 16 43 10.58
0   5166.49565   2697.75637   4624.16794  -4.7768280   3.7761871   3.2876620 2026 01 14 16 43 30.58
0   5070.08174   2772.89638   4689.02269  -4.8642515   3.7376715   3.1974379 2026 01 14 16 43 50.58
0   4971.93763   2847.25471   4752.06128  -4.9498397   3.6980158   3.1060495 2026 01 14 16 44 10.58
0   4872.10027   2920.80865   4813.26075  -5.0335681   3.6572312   3.0135325 2026 01 14 16 44 30.58
0   4770.60709   2993.53575   4872.59889  -5.1154126   3.6153290   2.9199227 2026 01 14 16 44 50.58
0   4667.49601   3065.41376   4930.05421  -5.1953500   3.5723208   2.8252563 2026 01 14 16 45 10.58
0   4562.80539   3136.42070   4985.60592  -5.2733577   3.5282184   2.7295695 2026 01 14 16 45 30.58
0   4456.57405   3206.53478   5039.23398  -5.3494137   3.4830337   2.6328990 2026 01 14 16 45 50.58
0   4348.84123   3275.73450   5090.91908  -5.4234968   3.4367791   2.5352814 2026 01 14 16 46 10.58
0   4239.64660   3343.99856   5140.64264  -5.4955864   3.3894669   2.4367537 2026 01 14 16 46 30.58
0   4129.03022   3411.30595   5188.38683  -5.5656626   3.3411098   2.3373531 2026 01 14 16 46 50.58
0   4017.03256   3477.63589   5234.13456  -5.6337062   3.2917206   2.2371169 2026 01 14 16 47 10.58
0   3903.69445   3542.96788   5277.86947  -5.6996985   3.2413124   2.1360826 2026 01 14 16 47 30.58
0   3789.05711   3607.28166   5319.57599  -5.7636217   3.1898984   2.0342878 2026 01 14 16 47 50.58
0   3673.16208   3670.55725   5359.23928  -5.8254586   3.1374922   1.9317702 2026 01 14 16 48 10.58
0   3556.05127   3732.77495   5396.84525  -5.8851925   3.0841073   1.8285680 2026 01 14 16 48 30.58
0   3437.76689   3793.91530   5432.38058  -5.9428075   3.0297576   1.7247190 2026 01 14 16 48 50.58
0   3318.35147   3853.95917   5465.83273  -5.9982884   2.9744571   1.6202615 2026 01 14 16 49 10.58
0   3197.84786   3912.88766   5497.18990  -6.0516205   2.9182202   1.5152337 2026 01 14 16 49 30.58
0   3076.29915   3970.68220   5526.44105  -6.1027900   2.8610612   1.4096741 2026 01 14 16 49 50.58
0   2953.74875   4027.32449   5553.57595  -6.1517836   2.8029948   1.3036211 2026 01 14 16 50 10.58
0   2830.24029   4082.79653   5578.58509  -6.1985886   2.7440358   1.1971132 2026 01 14 16 50 30.58
0   2705.81769   4137.08060   5601.45977  -6.2431930   2.6841991   1.0901892 2026 01 14 16 50 50.58
0   2580.52505   4190.15932   5622.19205  -6.2855856   2.6235001   0.9828877 2026 01 14 16 51 10.58
0   2454.40674   4242.01558   5640.77475  -6.3257556   2.5619540   0.8752474 2026 01 14 16 51 30.58
0   2327.50731   4292.63259   5657.20150  -6.3636930   2.4995765   0.7673071 2026 01 14 16 51 50.58
0   2199.87150   4341.99389   5671.46667  -6.3993884   2.4363832   0.6591057 2026 01 14 16 52 10.58
0   2071.54426   4390.08331   5683.56543  -6.4328331   2.3723902   0.5506821 2026 01 14 16 52 30.58
0   1942.57067   4436.88502   5693.49372  -6.4640190   2.3076135   0.4420752 2026 01 14 16 52 50.58
0   1812.99599   4482.38350   5701.24827  -6.4929387   2.2420694   0.3333237 2026 01 14 16 53 10.58
0   1682.86564   4526.56358   5706.82657  -6.5195852   2.1757745   0.2244668 2026 01 14 16 53 30.58
0   1552.22512   4569.41039   5710.22690  -6.5439525   2.1087454   0.1155433 2026 01 14 16 53 50.58
0   1421.12009   4610.90943   5711.44831  -6.5660350   2.0409990   0.0065920 2026 01 14 16 54 10.58
0   1289.59630   4651.04652   5710.49064  -6.5858277   1.9725522  -0.1023480 2026 01 14 16 54 30.58
0   1157.69959   4689.80781   5707.35451  -6.6033265   1.9034224  -0.2112380 2026 01 14 16 54 50.58
0   1025.47588   4727.17982   5702.04129  -6.6185277   1.8336268  -0.3200391 2026 01 14 16 55 10.58
0    892.97116   4763.14941   5694.55317  -6.6314282   1.7631832  -0.4287125 2026 01 14 16 55 30.58
0    760.23147   4797.70380   5684.89307  -6.6420258   1.6921091  -0.5372194 2026 01 14 16 55 50.58
0    627.30290   4830.83055   5673.06472  -6.6503187   1.6204227  -0.6455212 2026 01 14 16 56 10.58
0    494.23155   4862.51760   5659.07261  -6.6563058   1.5481419  -0.7535792 2026 01 14 16 56 30.58
0    361.06355   4892.75324   5642.92200  -6.6599866   1.4752851  -0.8613549 2026 01 14 16 56 50.58
0    227.84503   4921.52614   5624.61893  -6.6613612   1.4018709  -0.9688097 2026 01 14 16 57 10.58
0     94.62210   4948.82533   5604.17019  -6.6604306   1.3279177  -1.0759053 2026 01 14 16 57 30.58
0    -38.55913   4974.64022   5581.58336  -6.6571960   1.2534446  -1.1826033 2026 01 14 16 57 50.58
0   -171.65260   4998.96061   5556.86677  -6.6516596   1.1784704  -1.2888656 2026 01 14 16 58 10.58
0   -304.61229   5021.77666   5530.02953  -6.6438240   1.1030145  -1.3946540 2026 01 14 16 58 30.58
0   -437.39226   5043.07893   5501.08149  -6.6336925   1.0270961  -1.4999305 2026 01 14 16 58 50.58
0   -569.94662   5062.85837   5470.03328  -6.6212691   0.9507349  -1.6046574 2026 01 14 16 59 10.58
0   -702.22957   5081.10632   5436.89626  -6.6065583   0.8739506  -1.7087968 2026 01 14 16 59 30.58
0   -834.19542   5097.81452   5401.68257  -6.5895654   0.7967631  -1.8123113 2026 01 14 16 59 50.58
0   -965.79857   5112.97511   5364.40508  -6.5702962   0.7191925  -1.9151632 2026 01 14 17 00 10.58
0  -1096.99356   5126.58062   5325.07742  -6.5487572   0.6412591  -2.0173154 2026 01 14 17 00 30.58
0  -1227.73506   5138.62401   5283.71397  -6.5249554   0.5629833  -2.1187308 2026 01 14 17 00 50.58
0  -1357.97790   5149.09863   5240.32983  -6.4988986   0.4843858  -2.2193724 2026 01 14 17 01 10.58
0  -1487.67705   5157.99826   5194.94085  -6.4705951   0.4054874  -2.3192034 2026 01 14 17 01 30.58
0  -1616.78766   5165.31709   5147.56361  -6.4400540   0.3263090  -2.4181873 2026 01 14 17 01 50.58
0  -1745.26509   5171.04974   5098.21543  -6.4072848   0.2468719  -2.5162877 2026 01 14 17 02 10.58
0  -1873.06486   5175.19124   5046.91434  -6.3722979   0.1671974  -2.6134685 2026 01 14 17 02 30.58
0  -2000.14274   5177.73706   4993.67909  -6.3351041   0.0873069  -2.7096937 2026 01 14 17 02 50.58
0  -2126.45469   5178.68311   4938.52917  -6.2957151   0.0072221  -2.8049276 2026 01 14 17 03 10.58
0  -2251.95693   5178.02570   4881.48475  -6.2541428  -0.0730350  -2.8991348 2026 01 14 17 03 30.58
0  -2376.60594   5175.76163   4822.56673  -6.2104003  -0.1534426  -2.9922800 2026 01 14 17 03 50.58
0  -2500.35843   5171.88809   4761.79671  -6.1645009  -0.2339783  -3.0843282 2026 01 14 17 04 10.58
0  -2623.17141   5166.40276   4699.19697  -6.1164587  -0.3146199  -3.1752447 2026 01 14 17 04 30.58
0  -2745.00217   5159.30374   4634.79050  -6.0662885  -0.3953448  -3.2649952 2026 01 14 17 04 50.58
0  -2865.80831   5150.58960   4568.60096  -6.0140057  -0.4761303  -3.3535454 2026 01 14 17 05 10.58
0  -2985.54774   5140.25934   4500.65271  -5.9596262  -0.5569537  -3.4408615 2026 01 14 17 05 30.58
0  -3104.17868   5128.31245   4430.97077  -5.9031667  -0.6377918  -3.5269101 2026 01 14 17 05 50.58
0  -3221.65972   5114.74886   4359.58082  -5.8446445  -0.7186216  -3.6116578 2026 01 14 17 06 10.58
0  -3337.94978   5099.56897   4286.50921  -5.7840776  -0.7994198  -3.6950717 2026 01 14 17 06 30.58
0  -3453.00815   5082.77365   4211.78296  -5.7214846  -0.8801628  -3.7771194 2026 01 14 17 06 50.58
0  -3566.79451   5064.36423   4135.42971  -5.6568847  -0.9608271  -3.8577686 2026 01 14 17 07 10.58
0  -3679.26892   5044.34254   4057.47775  -5.5902978  -1.0413890  -3.9369875 2026 01 14 17 07 30.58
0  -3790.39185   5022.71085   3977.95600  -5.5217444  -1.1218245  -4.0147446 2026 01 14 17 07 50.58
0  -3900.12418   4999.47194   3896.89403  -5.4512456  -1.2021096  -4.0910089 2026 01 14 17 08 10.58
0  -4008.42722   4974.62905   3814.32200  -5.3788234  -1.2822202  -4.1657496 2026 01 14 17 08 30.58
0  -4115.26274   4948.18592   3730.27067  -5.3045002  -1.3621320  -4.2389364 2026 01 14 17 08 50.58
0  -4220.59295   4920.14677   3644.77144  -5.2282990  -1.4418205  -4.3105396 2026 01 14 17 09 10.58
0  -4324.38052   4890.51630   3557.85628  -5.1502436  -1.5212613  -4.3805297 2026 01 14 17 09 30.58
0  -4426.58863   4859.29973   3469.55772  -5.0703585  -1.6004296  -4.4488777 2026 01 14 17 09 50.58
0  -4527.18093   4826.50273   3379.90892  -4.9886686  -1.6793008  -4.5155551 2026 01 14 17 10 10.58
0  -4626.12158   4792.13151   3288.94356  -4.9051997  -1.7578499  -4.5805339 2026 01 14 17 10 30.58
0  -4723.37528   4756.19276   3196.69589  -4.8199780  -1.8360520  -4.6437865 2026 01 14 17 10 50.58
0  -4818.90723   4718.69366   3103.20071  -4.7330305  -1.9138821  -4.7052858 2026 01 14 17 11 10.58
0  -4912.68320   4679.64190   3008.49335  -4.6443848  -1.9913150  -4.7650052 2026 01 14 17 11 30.58
0  -5004.66951   4639.04568   2912.60967  -4.5540691  -2.0683254  -4.8229188 2026 01 14 17 11 50.58
0  -5094.83306   4596.91370   2815.58604  -4.4621124  -2.1448881  -4.8790010 2026 01 14 17 12 10.58
0  -5183.14132   4553.25517   2717.45935  -4.3685440  -2.2209776  -4.9332268 2026 01 14 17 12 30.58
0  -5269.56236   4508.07980   2618.26697  -4.2733941  -2.2965686  -4.9855719 2026 01 14 17 12 50.58
0  -5354.06485   4461.39781   2518.04674  -4.1766934  -2.3716356  -5.0360125 2026 01 14 17 13 10.58
0  -5436.61811   4413.21994   2416.83700  -4.0784734  -2.4461530  -5.0845253 2026 01 14 17 13 30.58
0  -5517.19207   4363.55743   2314.67653  -3.9787659  -2.5200953  -5.1310877 2026 01 14 17 13 50.58
0  -5595.75729   4312.42204   2211.60455  -3.8776036  -2.5934368  -5.1756776 2026 01 14 17 14 10.58
0  -5672.28503   4259.82604   2107.66072  -3.7750196  -2.6661519  -5.2182738 2026 01 14 17 14 30.58
0  -5746.74719   4205.78222   2002.88514  -3.6710478  -2.7382150  -5.2588554 2026 01 14 17 14 50.58
0  -5819.11635   4150.30385   1897.31829  -3.5657226  -2.8096004  -5.2974024 2026 01 14 17 15 10.58
0  -5889.36580   4093.40476   1791.00106  -3.4590789  -2.8802824  -5.3338953 2026 01 14 17 15 30.58
0  -5957.46952   4035.09926   1683.97472  -3.3511524  -2.9502355  -5.3683155 2026 01 14 17 15 50.58
0  -6023.40223   3975.40219   1576.28091  -3.2419792  -3.0194340  -5.4006449 2026 01 14 17 16 10.58
0  -6087.13935   3914.32889   1467.96161  -3.1315960  -3.0878523  -5.4308662 2026 01 14 17 16 30.58
0  -6148.65706   3851.89522   1359.05915  -3.0200401  -3.1554648  -5.4589628 2026 01 14 17 16 50.58
0  -6207.93228   3788.11753   1249.61619  -2.9073495  -3.2222462  -5.4849188 2026 01 14 17 17 10.58
0  -6264.94270   3723.01272   1139.67568  -2.7935624  -3.2881709  -5.5087191 2026 01 14 17 17 30.58
0  -6319.66678   3656.59817   1029.28089  -2.6787179  -3.3532136  -5.5303494 2026 01 14 17 17 50.58
0  -6372.08377   3588.89175    918.47535  -2.5628555  -3.4173490  -5.5497962 2026 01 14 17 18 10.58
0  -6422.17371   3519.91188    807.30285  -2.4460151  -3.4805520  -5.5670466 2026 01 14 17 18 30.58
0  -6469.91744   3449.67744    695.80746  -2.3282374  -3.5427974  -5.5820887 2026 01 14 17 18 50.58
0  -6515.29662   3378.20784    584.03344  -2.2095633  -3.6040604  -5.5949113 2026 01 14 17 19 10.58
0  -6558.29374   3305.52296    472.02530  -2.0900343  -3.6643161  -5.6055041 2026 01 14 17 19 30.58
0  -6598.89213   3231.64321    359.82771  -1.9696926  -3.7235397  -5.6138577 2026 01 14 17 19 50.58
0  -6637.07594   3156.58946    247.48555  -1.8485805  -3.7817069  -5.6199634 2026 01 14 17 20 10.58
0  -6672.83020   3080.38309    135.04386  -1.7267410  -3.8387932  -5.6238134 2026 01 14 17 20 30.58
0  -6706.14079   3003.04594     22.54783  -1.6042176  -3.8947744  -5.6254008 2026 01 14 17 20 50.58
0  -6736.99446   2924.60038    -89.95724  -1.4810540  -3.9496266  -5.6247197 2026 01 14 17 21 10.58
0  -6765.37886   2845.06920   -202.42592  -1.3572944  -4.0033260  -5.6217649 2026 01 14 17 21 30.58
0  -6791.28251   2764.47571   -314.81269  -1.2329837  -4.0558490  -5.6165323 2026 01 14 17 21 50.58
0  -6814.69483   2682.84366   -427.07197  -1.1081667  -4.1071723  -5.6090185 2026 01 14 17 22 10.58
0  -6835.60616   2600.19728   -539.15810  -0.9828890  -4.1572727  -5.5992213 2026 01 14 17 22 30.58
0  -6854.00772   2516.56125   -651.02541  -0.8571963  -4.2061275  -5.5871392 2026 01 14 17 22 50.58
0  -6869.89167   2431.96071   -762.62818  -0.7311347  -4.2537141  -5.5727718 2026 01 14 17 23 10.58
0  -6883.25111   2346.42126   -873.92071  -0.6047508  -4.3000103  -5.5561196 2026 01 14 17 23 30.58
0  -6894.08005   2259.96891   -984.85733  -0.4780912  -4.3449939  -5.5371840 2026 01 14 17 23 50.58
0  -6902.37345   2172.63013  -1095.39237  -0.3512032  -4.3886435  -5.5159675 2026 01 14 17 24 10.58
0  -6908.12720   2084.43183  -1205.48027  -0.2241339  -4.4309377  -5.4924735 2026 01 14 17 24 30.58
0  -6911.33815   1995.40133  -1315.07550  -0.0969312  -4.4718554  -5.4667064 2026 01 14 17 24 50.58
0  -6912.00412   1905.56635  -1424.13266   0.0303573  -4.5113760  -5.4386717 2026 01 14 17 25 10.58
0  -6910.12386   1814.95504  -1532.60646   0.1576834  -4.5494793  -5.4083757 2026 01 14 17 25 30.58
0  -6905.69710   1723.59597  -1640.45174   0.2849988  -4.5861454  -5.3758258 2026 01 14 17 25 50.58
0  -6898.72454   1631.51805  -1747.62351   0.4122551  -4.6213548  -5.3410305 2026 01 14 17 26 10.58
0  -6889.20785   1538.75063  -1854.07695   0.5394037  -4.6550884  -5.3039993 2026 01 14 17 26 30.58
0  -6877.14966   1445.32341  -1959.76744   0.6663957  -4.6873276  -5.2647425 2026 01 14 17 26 50.58
0  -6862.55360   1351.26646  -2064.65058   0.7931824  -4.7180542  -5.2232717 2026 01 14 17 27 10.58
0  -6845.42426   1256.61022  -2168.68222   0.9197146  -4.7472504  -5.1795993 2026 01 14 17 27 30.58
0  -6825.76722   1161.38546  -2271.81846   1.0459434  -4.7748989  -5.1337390 2026 01 14 17 27 50.58
0  -6803.58903   1065.62333  -2374.01568   1.1718196  -4.8009830  -5.0857053 2026 01 14 17 28 10.58
0  -6778.89725    969.35526  -2475.23056   1.2972941  -4.8254863  -5.0355138 2026 01 14 17 28 30.58
0  -6751.70039    872.61305  -2575.42012   1.4223177  -4.8483930  -4.9831811 2026 01 14 17 28 50.58
0  -6722.00797    775.42878  -2674.54171   1.5468413  -4.8696878  -4.9287248 2026 01 14 17 29 10.58
0  -6689.83047    677.83483  -2772.55303   1.6708157  -4.8893561  -4.8721638 2026 01 14 17 29 30.58
0  -6655.17938    579.86389  -2869.41219   1.7941920  -4.9073835  -4.8135177 2026 01 14 17 29 50.58
0  -6618.06714    481.54892  -2965.07769   1.9169212  -4.9237565  -4.7528072 2026 01 14 17 30 10.58
0  -6578.50719    382.92314  -3059.50847   2.0389543  -4.9384621  -4.6900541 2026 01 14 17 30 30.58
0  -6536.51393    284.02003  -3152.66388   2.1602428  -4.9514876  -4.6252812 2026 01 14 17 30 50.58
0  -6492.10275    184.87331  -3244.50378   2.2807381  -4.9628214  -4.5585122 2026 01 14 17 31 10.58
0  -6445.29000     85.51693  -3334.98850   2.4003917  -4.9724520  -4.4897721 2026 01 14 17 31 30.58
0  -6396.09299    -14.01492  -3424.07885   2.5191556  -4.9803689  -4.4190866 2026 01 14 17 31 50.58
0  -6344.53000   -113.68788  -3511.73621   2.6369817  -4.9865620  -4.3464824 2026 01 14 17 32 10.58
0  -6290.62027   -213.46736  -3597.92248   2.7538225  -4.9910221  -4.2719874 2026 01 14 17 32 30.58
0  -6234.38397   -313.31861  -3682.60013   2.8696306  -4.9937403  -4.1956304 2026 01 14 17 32 50.58
0  -6175.84224   -413.20672  -3765.73222   2.9843589  -4.9947087  -4.1174410 2026 01 14 17 33 10.58
0  -6115.01714   -513.09660  -3847.28240   3.0979607  -4.9939198  -4.0374501 2026 01 14 17 33 30.58
0  -6051.93168   -612.95304  -3927.21497   3.2103896  -4.9913671  -3.9556891 2026 01 14 17 33 50.58
0  -5986.60976   -712.74070  -4005.49484   3.3215996  -4.9870446  -3.8721907 2026 01 14 17 34 10.58
0  -5919.07623   -812.42412  -4082.08762   3.4315452  -4.9809469  -3.7869885 2026 01 14 17 34 30.58
0  -5849.35683   -911.96775  -4156.95956   3.5401813  -4.9730695  -3.7001167 2026 01 14 17 34 50.58
0  -5777.47821  -1011.33596  -4230.07763   3.6474632  -4.9634086  -3.6116108 2026 01 14 17 35 10.58
0  -5703.46789  -1110.49304  -4301.40951   3.7533467  -4.9519610  -3.5215070 2026 01 14 17 35 30.58
0  -5627.35428  -1209.40323  -4370.92363   3.8577882  -4.9387245  -3.4298423 2026 01 14 17 35 50.58
0  -5549.16665  -1308.03073  -4438.58913   3.9607446  -4.9236974  -3.3366546 2026 01 14 17 36 10.58
0  -5468.93514  -1406.33972  -4504.37596   4.0621734  -4.9068789  -3.2419828 2026 01 14 17 36 30.58
0  -5386.69072  -1504.29437  -4568.25483   4.1620325  -4.8882687  -3.1458663 2026 01 14 17 36 50.58
0  -5302.46520  -1601.85885  -4630.19726   4.2602807  -4.8678677  -3.0483457 2026 01 14 17 37 10.58
0  -5216.29122  -1698.99735  -4690.17558   4.3568773  -4.8456772  -2.9494621 2026 01 14 17 37 30.58
0  -5128.20220  -1795.67410  -4748.16295   4.4517822  -4.8216994  -2.8492574 2026 01 14 17 37 50.58
0  -5038.23238  -1891.85339  -4804.13338   4.5449561  -4.7959374  -2.7477743 2026 01 14 17 38 10.58
0  -4946.41677  -1987.49956  -4858.06174   4.6363604  -4.7683948  -2.6450563 2026 01 14 17 38 30.58
0  -4852.79114  -2082.57706  -4909.92378   4.7259572  -4.7390763  -2.5411473 2026 01 14 17 38 50.58
0  -4757.39202  -2177.05041  -4959.69613   4.8137094  -4.7079871  -2.4360924 2026 01 14 17 39 10.58
0  -4660.25665  -2270.88427  -5007.35634   4.8995806  -4.6751335  -2.3299368 2026 01 14 17 39 30.58
0  -4561.42303  -2364.04341  -5052.88285   4.9835352  -4.6405223  -2.2227267 2026 01 14 17 39 50.58
0  -4460.92984  -2456.49275  -5096.25505   5.0655386  -4.6041613  -2.1145088 2026 01 14 17 40 10.58
0  -4358.81642  -2548.19740  -5137.45327   5.1455568  -4.5660589  -2.0053304 2026 01 14 17 40 30.58
0  -4255.12283  -2639.12261  -5176.45876   5.2235569  -4.5262246  -1.8952394 2026 01 14 17 40 50.58
0  -4149.88975  -2729.23384  -5213.25377   5.2995067  -4.4846683  -1.7842841 2026 01 14 17 41 10.58
0  -4043.15849  -2818.49678  -5247.82151   5.3733751  -4.4414011  -1.6725135 2026 01 14 17 41 30.58
0  -3934.97099  -2906.87731  -5280.14617   5.4451316  -4.3964345  -1.5599769 2026 01 14 17 41 50.58
0  -3825.36978  -2994.34158  -5310.21294   5.5147470  -4.3497812  -1.4467242 2026 01 14 17 42 10.58
0  -3714.39796  -3080.85599  -5338.00799   5.5821929  -4.3014543  -1.3328058 2026 01 14 17 42 30.58
0  -3602.09920  -3166.38720  -5363.51853   5.6474419  -4.2514678  -1.2182722 2026 01 14 17 42 50.58
0  -3488.51769  -3250.90218  -5386.73277   5.7104675  -4.1998368  -1.1031746 2026 01 14 17 43 10.58
0  -3373.69817  -3334.36819  -5407.63994   5.7712445  -4.1465767  -0.9875644 2026 01 14 17 43 30.58
0  -3257.68584  -3416.75282  -5426.23031   5.8297483  -4.0917039  -0.8714933 2026 01 14 17 43 50.58
0  -3140.52639  -3498.02398  -5442.49519   5.8859558  -4.0352356  -0.7550133 2026 01 14 17 44 10.58
0  -3022.26599  -3578.14996  -5456.42693   5.9398446  -3.9771897  -0.6381769 2026 01 14 17 44 30.58
0  -2902.95120  -3657.09937  -5468.01893   5.9913935  -3.9175849  -0.5210363 2026 01 14 17 44 50.58
0  -2782.62903  -3734.84125  -5477.26563   6.0405825  -3.8564405  -0.4036445 2026 01 14 17 45 10.58
0  -2661.34686  -3811.34501  -5484.16254   6.0873925  -3.7937767  -0.2860543 2026 01 14 17 45 30.58
0  -2539.15245  -3886.58046  -5488.70622   6.1318056  -3.7296144  -0.1683187 2026 01 14 17 45 50.58
0  -2416.09390  -3960.51786  -5490.89430   6.1738051  -3.6639752  -0.0504908 2026 01 14 17 46 10.58
0  -2292.21964  -4033.12789  -5490.72546   6.2133753  -3.5968813   0.0673760 2026 01 14 17 46 30.58
0  -2167.57839  -4104.38169  -5488.19947   6.2505016  -3.5283558   0.1852285 2026 01 14 17 46 50.58
0  -2042.21916  -4174.25086  -5483.31713   6.2851707  -3.4584225   0.3030134 2026 01 14 17 47 10.58
0  -1916.19122  -4242.70751  -5476.08034   6.3173704  -3.3871056   0.4206775 2026 01 14 17 47 30.58
0  -1789.54405  -4309.72420  -5466.49204   6.3470896  -3.3144302   0.5381674 2026 01 14 17 47 50.58
0  -1662.32738  -4375.27402  -5454.55625   6.3743184  -3.2404220   0.6554300 2026 01 14 17 48 10.58
0  -1534.59108  -4439.33059  -5440.27804   6.3990482  -3.1651074   0.7724123 2026 01 14 17 48 30.58
0  -1406.38521  -4501.86805  -5423.66354   6.4212712  -3.0885134   0.8890613 2026 01 14 17 48 50.58
0  -1277.75996  -4562.86108  -5404.71996   6.4409813  -3.0106676   1.0053242 2026 01 14 17 49 10.58
0  -1148.76565  -4622.28494  -5383.45552   6.4581731  -2.9315981   1.1211485 2026 01 14 17 49 30.58
0  -1019.45267  -4680.11543  -5359.87953   6.4728428  -2.8513338   1.2364819 2026 01 14 17 49 50.58
0   -889.87150  -4736.32895  -5334.00232   6.4849873  -2.7699040   1.3512722 2026 01 14 17 50 10.58
0   -760.07264  -4790.90250  -5305.83527   6.4946052  -2.6873387   1.4654677 2026 01 14 17 50 30.58
0   -630.10665  -4843.81367  -5275.39078   6.5016960  -2.6036684   1.5790169 2026 01 14 17 50 50.58
0   -500.02403  -4895.04066  -5242.68229   6.5062604  -2.5189241   1.6918687 2026 01 14 17 51 10.58
0   -369.87532  -4944.56232  -5207.72425   6.5083002  -2.4331372   1.8039723 2026 01 14 17 51 30.58
0   -239.71096  -4992.35811  -5170.53212   6.5078186  -2.3463399   1.9152774 2026 01 14 17 51 50.58
0   -109.58133  -5038.40814  -5131.12237   6.5048198  -2.2585646   2.0257341 2026 01 14 17 52 10.58
0     20.46327  -5082.69319  -5089.51245   6.4993092  -2.1698443   2.1352928 2026 01 14 17 52 30.58
0    150.37267  -5125.19468  -5045.72082   6.4912934  -2.0802123   2.2439048 2026 01 14 17 52 50.58
0    280.09685  -5165.89472  -4999.76687   6.4807801  -1.9897026   2.3515215 2026 01 14 17 53 10.58
0    409.58594  -5204.77610  -4951.67100   6.4677782  -1.8983494   2.4580951 2026 01 14 17 53 30.58
0    538.79028  -5241.82229  -4901.45454   6.4522978  -1.8061873   2.5635783 2026 01 14 17 53 50.58
0    667.66041  -5277.01747  -4849.13974   6.4343498  -1.7132513   2.6679242 2026 01 14 17 54 10.58
0    796.14709  -5310.34649  -4794.74983   6.4139467  -1.6195768   2.7710870 2026 01 14 17 54 30.58
0    924.20135  -5341.79496  -4738.30890   6.3911017  -1.5251995   2.8730210 2026 01 14 17 54 50.58
0   1051.77450  -5371.34916  -4679.84197   6.3658293  -1.4301553   2.9736816 2026 01 14 17 55 10.58
0   1178.81814  -5398.99613  -4619.37496   6.3381451  -1.3344807   3.0730247 2026 01 14 17 55 30.58
0   1305.28421  -5424.72361  -4556.93463   6.3080657  -1.2382122   3.1710069 2026 01 14 17 55 50.58
0   1431.12497  -5448.52011  -4492.54864   6.2756087  -1.1413865   3.2675857 2026 01 14 17 56 10.58
0   1556.29305  -5470.37483  -4426.24545   6.2407930  -1.0440409   3.3627192 2026 01 14 17 56 30.58
0   1680.74148  -5490.27776  -4358.05439   6.2036381  -0.9462126   3.4563664 2026 01 14 17 56 50.58
0   1804.42366  -5508.21961  -4288.00557   6.1641650  -0.8479391   3.5484871 2026 01 14 17 57 10.58
0   1927.29347  -5524.19185  -4216.12992   6.1223953  -0.7492580   3.6390418 2026 01 14 17 57 30.58
0   2049.30517  -5538.18670  -4142.45914   6.0783519  -0.6502072   3.7279921 2026 01 14 17 57 50.58
0   2170.41353  -5550.19716  -4067.02570   6.0320583  -0.5508246   3.8153002 2026 01 14 17 58 10.58
0   2290.57380  -5560.21695  -3989.86279   5.9835393  -0.4511483   3.9009294 2026 01 14 17 58 30.58
0   2409.74170  -5568.24060  -3911.00436   5.9328204  -0.3512165   3.9848438 2026 01 14 17 58 50.58
0   2527.87351  -5574.26336  -3830.48505   5.8799281  -0.2510675   4.0670083 2026 01 14 17 59 10.58
0   2644.92602  -5578.28128  -3748.34019   5.8248899  -0.1507395   4.1473891 2026 01 14 17 59 30.58
0   2760.85659  -5580.29115  -3664.60579   5.7677338  -0.0502708   4.2259530 2026 01 14 17 59 50.58
0   2875.62315  -5580.29056  -3579.31851   5.7084891   0.0503000   4.3026678 2026 01 14 18 00 10.58
0   2989.18421  -5578.27782  -3492.51563   5.6471856   0.1509348   4.3775026 2026 01 14 18 00 30.58
0   3101.49891  -5574.25206  -3404.23506   5.5838541   0.2515951   4.4504270 2026 01 14 18 00 50.58
0   3212.52700  -5568.21314  -3314.51530   5.5185259   0.3522427   4.5214121 2026 01 14 18 01 10.58
0   3322.22885  -5560.16169  -3223.39542   5.4512335   0.4528394   4.5904297 2026 01 14 18 01 30.58
0   3430.56550  -5550.09913  -3130.91503   5.3820098   0.5533469   4.6574526 2026 01 14 18 01 50.58
0   3537.49867  -5538.02760  -3037.11429   5.3108885   0.6537272   4.7224549 2026 01 14 18 02 10.58
0   3642.99073  -5523.95004  -2942.03387   5.2379040   0.7539424   4.7854115 2026 01 14 18 02 30.58
0   3747.00476  -5507.87012  -2845.71492   5.1630914   0.8539547   4.8462984 2026 01 14 18 02 50.58
0   3849.50457  -5489.79228  -2748.19905   5.0864864   0.9537264   4.9050929 2026 01 14 18 03 10.58
0   3950.45465  -5469.72172  -2649.52835   5.0081253   1.0532201   4.9617729 2026 01 14 18 03 30.58
0   4049.82024  -5447.66435  -2549.74531   4.9280451   1.1523983   5.0163178 2026 01 14 18 03 50.58
0   4147.56734  -5423.62687  -2448.89283   4.8462833   1.2512242   5.0687078 2026 01 14 18 04 10.58
0   4243.66269  -5397.61669  -2347.01420   4.7628779   1.3496607   5.1189243 2026 01 14 18 04 30.58
0   4338.07380  -5369.64197  -2244.15306   4.6778674   1.4476713   5.1669499 2026 01 14 18 04 50.58
0   4430.76895  -5339.71160  -2140.35341   4.5912910   1.5452196   5.2127679 2026 01 14 18 05 10.58
0   4521.71721  -5307.83517  -2035.65954   4.5031882   1.6422695   5.2563632 2026 01 14 18 05 30.58
0   4610.88846  -5274.02303  -1930.11606   4.4135990   1.7387851   5.2977213 2026 01 14 18 05 50.58
0   4698.25336  -5238.28620  -1823.76785   4.3225638   1.8347310   5.3368292 2026 01 14 18 06 10.58
0   4783.78340  -5200.63646  -1716.66003   4.2301234   1.9300720   5.3736746 2026 01 14 18 06 30.58
0   4867.45088  -5161.08623  -1608.83797   4.1363190   2.0247731   5.4082465 2026 01 14 18 06 50.58
0   4949.22894  -5119.64868  -1500.34724   4.0411922   2.1187999   5.4405351 2026 01 14 18 07 10.58
0   5029.09155  -5076.33762  -1391.23360   3.9447847   2.2121182   5.4705313 2026 01 14 18 07 30.58
0   5107.01350  -5031.16758  -1281.54298   3.8471388   2.3046942   5.4982275 2026 01 14 18 07 50.58
0   5182.97046  -4984.15373  -1171.32144   3.7482969   2.3964944   5.5236169 2026 01 14 18 08 10.58
0   5256.93894  -4935.31193  -1060.61519   3.6483016   2.4874860   5.5466938 2026 01 14 18 08 30.58
0   5328.89628  -4884.65868   -949.47052   3.5471960   2.5776361   5.5674537 2026 01 14 18 08 50.58
0   5398.82072  -4832.21113   -837.93381   3.4450231   2.6669128   5.5858929 2026 01 14 18 09 10.58
0   5466.69133  -4777.98707   -726.05150   3.3418262   2.7552841   5.6020090 2026 01 14 18 09 30.58
0   5532.48809  -4722.00493   -613.87007   3.2376487   2.8427188   5.6158005 2026 01 14 18 09 50.58
0   5596.19180  -4664.28374   -501.43602   3.1325343   2.9291861   5.6272670 2026 01 14 18 10 10.58
0   5657.78417  -4604.84318   -388.79585   3.0265267   3.0146554   5.6364090 2026 01 14 18 10 30.58
0   5717.24778  -4543.70349   -275.99604   2.9196696   3.0990969   5.6432281 2026 01 14 18 10 50.58
0   5774.56607  -4480.88554   -163.08301   2.8120069   3.1824811   5.6477270 2026 01 14 18 11 10.58
0   5829.72337  -4416.41076    -50.10314   2.7035826   3.2647790   5.6499092 2026 01 14 18 11 30.58
0   5882.70489  -4350.30117     62.89728   2.5944404   3.3459622   5.6497793 2026 01 14 18 11 50.58
0   5933.49671  -4282.57933    175.87207   2.4846244   3.4260027   5.6473429 2026 01 14 18 12 10.58
0   5982.08580  -4213.26840    288.77516   2.3741785   3.5048729   5.6426064 2026 01 14 18 12 30.58
0   6028.46001  -4142.39203    401.56061   2.2631464   3.5825461   5.6355773 2026 01 14 18 12 50.58
0   6072.60804  -4069.97444    514.18266   2.1515721   3.6589956   5.6262640 2026 01 14 18 13 10.58
0   6114.51949  -3996.04037    626.59572   2.0394993   3.7341957   5.6146759 2026 01 14 18 13 30.58
0   6154.18483  -3920.61505    738.75439   1.9269715   3.8081210   5.6008230 2026 01 14 18 13 50.58
0   6191.59540  -3843.72423    850.61349   1.8140323   3.8807466   5.5847166 2026 01 14 18 14 10.58
0   6226.74341  -3765.39416    962.12806   1.7007250   3.9520483   5.5663686 2026 01 14 18 14 30.58
0   6259.62192  -3685.65155   1073.25340   1.5870929   4.0220023   5.5457919 2026 01 14 18 14 50.58
0   6290.22489  -3604.52358   1183.94508   1.4731791   4.0905855   5.5230003 2026 01 14 18 15 10.58
0   6318.54710  -3522.03789   1294.15894   1.3590263   4.1577751   5.4980083 2026 01 14 18 15 30.58
0   6344.58421  -3438.22259   1403.85113   1.2446773   4.2235492   5.4708312 2026 01 14 18 15 50.58
0   6368.33271  -3353.10619   1512.97810   1.1301745   4.2878863   5.4414854 2026 01 14 18 16 10.58
0   6389.78996  -3266.71765   1621.49666   1.0155601   4.3507654   5.4099877 2026 01 14 18 16 30.58
0   6408.95414  -3179.08633   1729.36393   0.9008760   4.4121660   5.3763560 2026 01 14 18 16 50.58
0   6425.82428  -3090.24199   1836.53744   0.7861639   4.4720685   5.3406089 2026 01 14 18 17 10.58
0   6440.40025  -3000.21479   1942.97505   0.6714652   4.5304536   5.3027655 2026 01 14 18 17 30.58
0   6452.68271  -2909.03527   2048.63505   0.5568211   4.5873025   5.2628460 2026 01 14 18 17 50.58
0   6462.67317  -2816.73432   2153.47612   0.4422723   4.6425972   5.2208710 2026 01 14 18 18 10.58
0   6470.37395  -2723.34320   2257.45737   0.3278593   4.6963202   5.1768621 2026 01 14 18 18 30.58
0   6475.78817  -2628.89352   2360.53834   0.2136222   4.7484545   5.1308414 2026 01 14 18 18 50.58
0   6478.91974  -2533.41722   2462.67902   0.0996010   4.7989837   5.0828317 2026 01 14 18 19 10.58
0   6479.77337  -2436.94654   2563.83986  -0.0141650   4.8478921   5.0328565 2026 01 14 18 19 30.58
0   6478.35457  -2339.51407   2663.98179  -0.1276367   4.8951642   4.9809399 2026 01 14 18 19 50.58
0   6474.66960  -2241.15265   2763.06624  -0.2407754   4.9407856   4.9271065 2026 01 14 18 20 10.58
0   6468.72552  -2141.89546   2861.05513  -0.3535427   4.9847421   4.8713819 2026 01 14 18 20 30.58
0   6460.53013  -2041.77592   2957.91087  -0.4659008   5.0270200   4.8137918 2026 01 14 18 20 50.58
0   6450.09199  -1940.82773   3053.59644  -0.5778120   5.0676066   4.7543629 2026 01 14 18 21 10.58
0   6437.42041  -1839.08483   3148.07532  -0.6892393   5.1064893   4.6931222 2026 01 14 18 21 30.58
0   6422.52544  -1736.58143   3241.31155  -0.8001459   5.1436564   4.6300973 2026 01 14 18 21 50.58
0   6405.41785  -1633.35193   3333.26974  -0.9104957   5.1790965   4.5653164 2026 01 14 18 22 10.58
0   6386.10913  -1529.43099   3423.91503  -1.0202528   5.2127989   4.4988082 2026 01 14 18 22 30.58
0   6364.61151  -1424.85346   3513.21319  -1.1293818   5.2447535   4.4306018 2026 01 14 18 22 50.58
0   6340.93788  -1319.65439   3601.13053  -1.2378477   5.2749506   4.3607270 2026 01 14 18 23 10.58
0   6315.10186  -1213.86901   3687.63399  -1.3456162   5.3033812   4.2892138 2026 01 14 18 23 30.58
0   6287.11773  -1107.53274   3772.69111  -1.4526531   5.3300369   4.2160929 2026 01 14 18 23 50.58
0   6257.00045  -1000.68115   3856.27004  -1.5589249   5.3549095   4.1413953 2026 01 14 18 24 10.58
0   6224.76567   -893.34998   3938.33956  -1.6643985   5.3779918   4.0651524 2026 01 14 18 24 30.58
0   6190.42967   -785.57509   4018.86907  -1.7690414   5.3992768   3.9873961 2026 01 14 18 24 50.58
0   6154.00939   -677.39250   4097.82863  -1.8728214   5.4187582   3.9081588 2026 01 14 18 25 10.58
0   6115.52239   -568.83833   4175.18895  -1.9757068   5.4364302   3.8274730 2026 01 14 18 25 30.58
0   6074.98689   -459.94882   4250.92137  -2.0776665   5.4522876   3.7453719 2026 01 14 18 25 50.58
0   6032.42169   -350.76031   4324.99793  -2.1786698   5.4663255   3.6618888 2026 01 14 18 26 10.58
0   5987.84624   -241.30922   4397.39131  -2.2786865   5.4785399   3.5770574 2026 01 14 18 26 30.58
0   5941.28055   -131.63207   4468.07490  -2.3776871   5.4889269   3.4909118 2026 01 14 18 26 50.58
0   5892.74525    -21.76543   4537.02273  -2.4756422   5.4974835   3.4034865 2026 01 14 18 27 10.58
0   5842.26152     88.25407   4604.20957  -2.5725233   5.5042070   3.3148161 2026 01 14 18 27 30.58
0   5789.85113    198.38974   4669.61085  -2.6683021   5.5090952   3.2249356 2026 01 14 18 27 50.58
0   5735.53639    308.60486   4733.20273  -2.7629510   5.5121466   3.1338802 2026 01 14 18 28 10.58
0   5679.34019    418.86269   4794.96205  -2.8564428   5.5133600   3.0416856 2026 01 14 18 28 30.58
0   5621.28592    529.12646   4854.86639  -2.9487508   5.5127348   2.9483876 2026 01 14 18 28 50.58
0   5561.39752    639.35940   4912.89402  -3.0398490   5.5102708   2.8540221 2026 01 14 18 29 10.58
0   5499.69944    749.52473   4969.02397  -3.1297116   5.5059686   2.7586255 2026 01 14 18 29 30.58
0   5436.21666    859.58570   5023.23596  -3.2183135   5.4998288   2.6622343 2026 01 14 18 29 50.58
0   5370.97462    969.50557   5075.51047  -3.3056300   5.4918531   2.5648852 2026 01 14 18 30 10.58
0   5303.99927   1079.24764   5125.82871  -3.3916372   5.4820431   2.4666151 2026 01 14 18 30 30.58
0   5235.31705   1188.77525   5174.17261  -3.4763113   5.4704013   2.3674611 2026 01 14 18 30 50.58
0   5164.95483   1298.05179   5220.52487  -3.5596293   5.4569305   2.2674605 2026 01 14 18 31 10.58
0   5092.93998   1407.04071   5264.86893  -3.6415686   5.4416339   2.1666508 2026 01 14 18 31 30.58
0   5019.30027   1515.70552   5307.18898  -3.7221070   5.4245155   2.0650696 2026 01 14 18 31 50.58
0   4944.06396   1624.00985   5347.46996  -3.8012231   5.4055795   1.9627546 2026 01 14 18 32 10.58
0   4867.25969   1731.91737   5385.69756  -3.8788957   5.3848306   1.8597438 2026 01 14 18 32 30.58
0   4788.91654   1839.39188   5421.85825  -3.9551044   5.3622741   1.7560753 2026 01 14 18 32 50.58
0   4709.06400   1946.39728   5455.93925  -4.0298289   5.3379156   1.6517871 2026 01 14 18 33 10.58
0   4627.73194   2052.89759   5487.92855  -4.1030499   5.3117613   1.5469175 2026 01 14 18 33 30.58
0   4544.95062   2158.85697   5517.81489  -4.1747482   5.2838179   1.4415049 2026 01 14 18 33 50.58
0   4460.75069   2264.23968   5545.58780  -4.2449053   5.2540923   1.3355878 2026 01 14 18 34 10.58
0   4375.16316   2369.01017   5571.23756  -4.3135032   5.2225922   1.2292047 2026 01 14 18 34 30.58
0   4288.21937   2473.13301   5594.75525  -4.3805243   5.1893256   1.1223942 2026 01 14 18 34 50.58
0   4199.95105   2576.57297   5616.13269  -4.4459517   5.1543008   1.0151951 2026 01 14 18 35 10.58
0   4110.39024   2679.29495   5635.36250  -4.5097686   5.1175270   0.9076460 2026 01 14 18 35 30.58
0   4019.56930   2781.26408   5652.43806  -4.5719593   5.0790133   0.7997858 2026 01 14 18 35 50.58
0   3927.52092   2882.44565   5667.35354  -4.6325080   5.0387698   0.6916533 2026 01 14 18 36 10.58
0   3834.27810   2982.80516   5680.10388  -4.6913997   4.9968065   0.5832874 2026 01 14 18 36 30.58
0   3739.87412   3082.30831   5690.68479  -4.7486199   4.9531343   0.4747270 2026 01 14 18 36 50.58
0   3644.34255   3180.92105   5699.09277  -4.8041546   4.9077644   0.3660109 2026 01 14 18 37 10.58
0   3547.71726   3278.60952   5705.32510  -4.8579901   4.8607083   0.2571782 2026 01 14 18 37 30.58
0   3450.03234   3375.34011   5709.37984  -4.9101134   4.8119781   0.1482676 2026 01 14 18 37 50.58
0   3351.32218   3471.07948   5711.25581  -4.9605120   4.7615865   0.0393183 2026 01 14 18 38 10.58
0   3251.62141   3565.79452   5710.95262  -5.0091737   4.7095463  -0.0696310 2026 01 14 18 38 30.58
0   3150.96486   3659.45238   5708.47067  -5.0560869   4.6558709  -0.1785414 2026 01 14 18 38 50.58
0   3049.38764   3752.02049   5703.81112  -5.1012405   4.6005743  -0.2873740 2026 01 14 18 39 10.58
0   2946.92504   3843.46658   5696.97592  -5.1446239   4.5436706  -0.3960900 2026 01 14 18 39 30.58
0   2843.61257   3933.75864   5687.96778  -5.1862270   4.4851747  -0.5046507 2026 01 14 18 39 50.58
0   2739.48594   4022.86498   5676.79021  -5.2260401   4.4251018  -0.6130173 2026 01 14 18 40 10.58
0   2634.58104   4110.75421   5663.44747  -5.2640541   4.3634674  -0.7211511 2026 01 14 18 40 30.58
0   2528.93395   4197.39526   5647.94459  -5.3002602   4.3002877  -0.8290137 2026 01 14 18 40 50.58
0   2422.58092   4282.75738   5630.28741  -5.3346503   4.2355791  -0.9365664 2026 01 14 18 41 10.58
0   2315.55834   4366.81016   5610.48249  -5.3672167   4.1693587  -1.0437709 2026 01 14 18 41 30.58
0   2207.90276   4449.52354   5588.53720  -5.3979521   4.1016437  -1.1505889 2026 01 14 18 41 50.58
0   2099.65088   4530.86781   5564.45963  -5.4268499   4.0324521  -1.2569820 2026 01 14 18 42 10.58
0   1990.83951   4610.81360   5538.25869  -5.4539037   3.9618021  -1.3629122 2026 01 14 18 42 30.58
0   1881.50560   4689.33195   5509.94400  -5.4791078   3.8897125  -1.4683415 2026 01 14 18 42 50.58
0   1771.68619   4766.39423   5479.52597  -5.5024569   3.8162023  -1.5732319 2026 01 14 18 43 10.58
0   1661.41845   4841.97225   5447.01576  -5.5239463   3.7412913  -1.6775457 2026 01 14 18 43 30.58
0   1550.73960   4916.03817   5412.42527  -5.5435715   3.6649993  -1.7812453 2026 01 14 18 43 50.58
0   1439.68698   4988.56459   5375.76718  -5.5613288   3.5873470  -1.8842933 2026 01 14 18 44 10.58
0   1328.29797   5059.52451   5337.05489  -5.5772149   3.5083552  -1.9866523 2026 01 14 18 44 30.58
0   1216.61004   5128.89134   5296.30256  -5.5912268   3.4280453  -2.0882851 2026 01 14 18 44 50.58
0   1104.66070   5196.63895   5253.52509  -5.6033623   3.3464391  -2.1891548 2026 01 14 18 45 10.58
0    992.48749   5262.74162   5208.73810  -5.6136194   3.2635588  -2.2892245 2026 01 14 18 45 30.58
0    880.12800   5327.17411   5161.95798  -5.6219967   3.1794270  -2.3884578 2026 01 14 18 45 50.58
0    767.61983   5389.91162   5113.20181  -5.6284934   3.0940670  -2.4868181 2026 01 14 18 46 10.58
0    655.00061   5450.92981   5062.48744  -5.6331091   3.0075022  -2.5842692 2026 01 14 18 46 30.58
0    542.30796   5510.20483   5009.83339  -5.6358438   2.9197567  -2.6807752 2026 01 14 18 46 50.58
0    429.57948   5567.71331   4955.25895  -5.6366981   2.8308548  -2.7763004 2026 01 14 18 47 10.58
0    316.85279   5623.43237   4898.78408  -5.6356731   2.7408214  -2.8708091 2026 01 14 18 47 30.58
0    204.16544   5677.33963   4840.42947  -5.6327703   2.6496819  -2.9642661 2026 01 14 18 47 50.58
0     91.55498   5729.41324   4780.21652  -5.6279919   2.5574618  -3.0566364 2026 01 14 18 48 10.58
0    -20.94110   5779.63184   4718.16731  -5.6213404   2.4641875  -3.1478852 2026 01 14 18 48 30.58
0   -133.28538   5827.97461   4654.30462  -5.6128188   2.3698854  -3.2379781 2026 01 14 18 48 50.58
0   -245.44049   5874.42127   4588.65191  -5.6024307   2.2745827  -3.3268807 2026 01 14 18 49 10.58
0   -357.36915   5918.95209   4521.23334  -5.5901802   2.1783067  -3.4145593 2026 01 14 18 49 30.58
0   -469.03414   5961.54787   4452.07372  -5.5760719   2.0810853  -3.5009801 2026 01 14 18 49 50.58
0   -580.39836   6002.19000   4381.19856  -5.5601108   1.9829469  -3.5861100 2026 01 14 18 50 10.58
0   -691.42482   6040.86041   4308.63399  -5.5423026   1.8839201  -3.6699159 2026 01 14 18 50 30.58
0   -802.07664   6077.54164   4234.40684  -5.5226533   1.7840342  -3.7523652 2026 01 14 18 50 50.58
0   -912.31706   6112.21681   4158.54456  -5.5011695   1.6833185  -3.8334256 2026 01 14 18 51 10.58
0  -1022.10946   6144.86961   4081.07526  -5.4778584   1.5818033  -3.9130652 2026 01 14 18 51 30.58
0  -1131.41738   6175.48436   4002.02766  -5.4527275   1.4795187  -3.9912525 2026 01 14 18 51 50.58
0  -1240.20450   6204.04598   3921.43113  -5.4257851   1.3764957  -4.0679563 2026 01 14 18 52 10.58
0  -1348.43469   6230.54002   3839.31565  -5.3970398   1.2727654  -4.1431458 2026 01 14 18 52 30.58
0  -1456.07198   6254.95265   3755.71182  -5.3665008   1.1683595  -4.2167905 2026 01 14 18 52 50.58
0  -1563.08059   6277.27067   3670.65084  -5.3341778   1.0633098  -4.2888607 2026 01 14 18 53 10.58
0  -1669.42496   6297.48155   3584.16448  -5.3000811   0.9576490  -4.3593267 2026 01 14 18 53 30.58
0  -1775.06971   6315.57337   3496.28513  -5.2642213   0.8514097  -4.4281595 2026 01 14 18 53 50.58
0  -1879.97971   6331.53491   3407.04575  -5.2266098   0.7446250  -4.4953304 2026 01 14 18 54 10.58
0  -1984.12003   6345.35560   3316.47986  -5.1872584   0.6373287  -4.5608112 2026 01 14 18 54 30.58
0  -2087.45601   6357.02553   3224.62152  -5.1461794   0.5295545  -4.6245744 2026 01 14 18 54 50.58
0  -2189.95323   6366.53550   3131.50538  -5.1033856   0.4213369  -4.6865926 2026 01 14 18 55 10.58
0  -2291.57753   6373.87699   3037.16661  -5.0588905   0.3127104  -4.7468392 2026 01 14 18 55 30.58
0  -2392.29502   6379.04216   2941.64088  -5.0127081   0.2037100  -4.8052880 2026 01 14 18 55 50.58
0  -2492.07211   6382.02390   2844.96443  -4.9648526   0.0943712  -4.8619135 2026 01 14 18 56 10.58
0  -2590.87549   6382.81579   2747.17397  -4.9153392  -0.0152704  -4.9166904 2026 01 14 18 56 30.58
0  -2688.67215   6381.41213   2648.30671  -4.8641833  -0.1251786  -4.9695942 2026 01 14 18 56 50.58
0  -2785.42942   6377.80796   2548.40037  -4.8114011  -0.2353172  -5.0206010 2026 01 14 18 57 10.58
0  -2881.11493   6371.99903   2447.49311  -4.7570090  -0.3456495  -5.0696875 2026 01 14 18 57 30.58
0  -2975.69667   6363.98184   2345.62356  -4.7010243  -0.4561383  -5.1168307 2026 01 14 18 57 50.58
0  -3069.14295   6353.75363   2242.83083  -4.6434645  -0.5667465  -5.1620086 2026 01 14 18 58 10.58
0  -3161.42246   6341.31239   2139.15443  -4.5843478  -0.6774364  -5.2051995 2026 01 14 18 58 30.58
0  -3252.50425   6326.65686   2034.63430  -4.5236931  -0.7881701  -5.2463826 2026 01 14 18 58 50.58
0  -3342.35777   6309.78654   1929.31082  -4.4615195  -0.8989095  -5.2855376 2026 01 14 18 59 10.58
0  -3430.95282   6290.70171   1823.22473  -4.3978468  -1.0096162  -5.3226450 2026 01 14 18 59 30.58
0  -3518.25963   6269.40340   1716.41717  -4.3326953  -1.1202515  -5.3576857 2026 01 14 18 59 50.58
0  -3604.24884   6245.89342   1608.92968  -4.2660859  -1.2307763  -5.3906416 2026 01 14 19 00 10.58
0  -3688.89151   6220.17438   1500.80411  -4.1980400  -1.3411518  -5.4214952 2026 01 14 19 00 30.58
0  -3772.15912   6192.24965   1392.08268  -4.1285794  -1.4513383  -5.4502296 2026 01 14 19 00 50.58
0  -3854.02361   6162.12341   1282.80793  -4.0577266  -1.5612964  -5.4768288 2026 01 14 19 01 10.58
0  -3934.45735   6129.80061   1173.02272  -3.9855045  -1.6709864  -5.5012775 2026 01 14 19 01 30.58
0  -4013.43321   6095.28703   1062.77022  -3.9119366  -1.7803682  -5.5235612 2026 01 14 19 01 50.58
0  -4090.92451   6058.58921    952.09385  -3.8370469  -1.8894017  -5.5436659 2026 01 14 19 02 10.58
0  -4166.90505   6019.71453    841.03732  -3.7608598  -1.9980467  -5.5615789 2026 01 14 19 02 30.58
0  -4241.34913   5978.67116    729.64460  -3.6834004  -2.1062629  -5.5772877 2026 01 14 19 02 50.58
0  -4314.23157   5935.46807    617.95988  -3.6046941  -2.2140096  -5.5907811 2026 01 14 19 03 10.58
0  -4385.52769   5890.11506    506.02758  -3.5247670  -2.3212462  -5.6020485 2026 01 14 19 03 30.58
0  -4455.21333   5842.62274    393.89231  -3.4436456  -2.4279320  -5.6110802 2026 01 14 19 03 50.58
0  -4523.26488   5793.00252    281.59887  -3.3613569  -2.5340263  -5.6178672 2026 01 14 19 04 10.58
0  -4589.65927   5741.26665    169.19225  -3.2779283  -2.6394881  -5.6224016 2026 01 14 19 04 30.58
0  -4654.37396   5687.42818     56.71757  -3.1933878  -2.7442765  -5.6246762 2026 01 14 19 04 50.58
0  -4717.38702   5631.50098    -55.77992  -3.1077640  -2.8483507  -5.6246847 2026 01 14 19 05 10.58
0  -4778.67706   5573.49975   -168.25484  -3.0210855  -2.9516696  -5.6224219 2026 01 14 19 05 30.58
0  -4838.22328   5513.43999   -280.66170  -2.9333820  -3.0541924  -5.6178831 2026 01 14 19 05 50.58
0  -4896.00547   5451.33805   -392.95497  -2.8446831  -3.1558781  -5.6110649 2026 01 14 19 06 10.58
0  -4952.00403   5387.21106   -505.08902  -2.7550191  -3.2566859  -5.6019646 2026 01 14 19 06 30.58
0  -5006.19995   5321.07700   -617.01819  -2.6644209  -3.3565750  -5.5905805 2026 01 14 19 06 50.58
0  -5058.57487   5252.95464   -728.69679  -2.5729195  -3.4555046  -5.5769120 2026 01 14 19 07 10.58
0  -5109.11104   5182.86357   -840.07914  -2.4805465  -3.5534342  -5.5609591 2026 01 14 19 07 30.58
0  -5157.79133   5110.82420   -951.11956  -2.3873338  -3.6503233  -5.5427231 2026 01 14 19 07 50.58
0  -5204.59927   5036.85775  -1061.77241  -2.2933140  -3.7461316  -5.5222062 2026 01 14 19 08 10.58
0  -5249.51905   4960.98623  -1171.99209  -2.1985198  -3.8408188  -5.4994113 2026 01 14 19 08 30.58
0  -5292.53552   4883.23246  -1281.73308  -2.1029844  -3.9343450  -5.4743427 2026 01 14 19 08 50.58
0  -5333.63416   4803.62007  -1390.94997  -2.0067413  -4.0266704  -5.4470054 2026 01 14 19 09 10.58
0  -5372.80118   4722.17346  -1499.59743  -1.9098246  -4.1177553  -5.4174056 2026 01 14 19 09 30.58
0  -5410.02343   4638.91783  -1607.63028  -1.8122683  -4.2075606  -5.3855502 2026 01 14 19 09 50.58
0  -5445.28847   4553.87919  -1715.00349  -1.7141073  -4.2960471  -5.3514475 2026 01 14 19 10 10.58
0  -5478.58455   4467.08428  -1821.67219  -1.6153764  -4.3831760  -5.3151065 2026 01 14 19 10 30.58
0  -5509.90062   4378.56064  -1927.59173  -1.5161109  -4.4689090  -5.2765374 2026 01 14 19 10 50.58
0  -5539.22634   4288.33658  -2032.71765  -1.4163464  -4.5532079  -5.2357513 2026 01 14 19 11 10.58
0  -5566.55209   4196.44117  -2137.00573  -1.3161188  -4.6360349  -5.1927604 2026 01 14 19 11 30.58
0  -5591.86897   4102.90421  -2240.41200  -1.2154643  -4.7173527  -5.1475780 2026 01 14 19 11 50.58
0  -5615.16879   4007.75626  -2342.89277  -1.1144192  -4.7971242  -5.1002182 2026 01 14 19 12 10.58
0  -5636.44412   3911.02862  -2444.40465  -1.0130203  -4.8753129  -5.0506964 2026 01 14 19 12 30.58
0  -5655.68824   3812.75330  -2544.90454  -0.9113045  -4.9518826  -4.9990287 2026 01 14 19 12 50.58
0  -5672.89518   3712.96306  -2644.34972  -0.8093089  -5.0267978  -4.9452327 2026 01 14 19 13 10.58
0  -5688.05972   3611.69133  -2742.69778  -0.7070708  -5.1000232  -4.8893265 2026 01 14 19 13 30.58
0  -5701.17739   3508.97226  -2839.90672  -0.6046278  -5.1715242  -4.8313296 2026 01 14 19 13 50.58
0  -5712.24446   3404.84069  -2935.93494  -0.5020177  -5.2412667  -4.7712624 2026 01 14 19 14 10.58
0  -5721.25796   3299.33213  -3030.74122  -0.3992783  -5.3092170  -4.7091463 2026 01 14 19 14 30.58
0  -5728.21570   3192.48275  -3124.28483  -0.2964476  -5.3753422  -4.6450038 2026 01 14 19 14 50.58
0  -5733.11622   3084.32939  -3216.52545  -0.1935638  -5.4396099  -4.5788583 2026 01 14 19 15 10.58
0  -5735.95884   2974.90952  -3307.42329  -0.0906652  -5.5019884  -4.5107343 2026 01 14 19 15 30.58
0  -5736.74366   2864.26125  -3396.93901   0.0122099  -5.5624464  -4.4406573 2026 01 14 19 15 50.58
0  -5735.47152   2752.42328  -3485.03383   0.1150230  -5.6209536  -4.3686537 2026 01 14 19 16 10.58
0  -5732.14406   2639.43494  -3571.66949   0.2177357  -5.6774801  -4.2947509 2026 01 14 19 16 30.58
0  -5726.76366   2525.33615  -3656.80828   0.3203094  -5.7319969  -4.2189775 2026 01 14 19 16 50.58
0  -5719.33349   2410.16738  -3740.41310   0.4227056  -5.7844757  -4.1413628 2026 01 14 19 17 10.58
0  -5709.85749   2293.96968  -3822.44741   0.5248856  -5.8348888  -4.0619372 2026 01 14 19 17 30.58
0  -5698.34038   2176.78464  -3902.87531   0.6268109  -5.8832094  -3.9807320 2026 01 14 19 17 50.58
0  -5684.78762   2058.65436  -3981.66154   0.7284430  -5.9294115  -3.8977795 2026 01 14 19 18 10.58
0  -5669.20547   1939.62148  -4058.77149   0.8297434  -5.9734699  -3.8131129 2026 01 14 19 18 30.58
0  -5651.60095   1819.72913  -4134.17120   0.9306738  -6.0153601  -3.7267663 2026 01 14 19 18 50.58
0  -5631.98184   1699.02090  -4207.82745   1.0311958  -6.0550586  -3.6387746 2026 01 14 19 19 10.58
0  -5610.35670   1577.54086  -4279.70767   1.1312711  -6.0925428  -3.5491739 2026 01 14 19 19 30.58
0  -5586.73484   1455.33353  -4349.78008   1.2308618  -6.1277908  -3.4580008 2026 01 14 19 19 50.58
0  -5561.12634   1332.44383  -4418.01359   1.3299299  -6.1607818  -3.3652930 2026 01 14 19 20 10.58
0  -5533.54203   1208.91712  -4484.37790   1.4284377  -6.1914957  -3.2710891 2026 01 14 19 20 30.58
0  -5503.99349   1084.79913  -4548.84348   1.5263474  -6.2199135  -3.1754282 2026 01 14 19 20 50.58
0  -5472.49305    960.13597  -4611.38160   1.6236219  -6.2460171  -3.0783506 2026 01 14 19 21 10.58
0  -5439.05381    834.97409  -4671.96435   1.7202239  -6.2697895  -2.9798970 2026 01 14 19 21 30.58
0  -5403.68958    709.36028  -4730.56461   1.8161165  -6.2912144  -2.8801093 2026 01 14 19 21 50.58
0  -5366.41491    583.34166  -4787.15614   1.9112631  -6.3102767  -2.7790298 2026 01 14 19 22 10.58
0  -5327.24509    456.96561  -4841.71353   2.0056273  -6.3269624  -2.6767017 2026 01 14 19 22 30.58
0  -5286.19614    330.27980  -4894.21226   2.0991731  -6.3412583  -2.5731688 2026 01 14 19 22 50.58
0  -5243.28477    203.33214  -4944.62868   2.1918648  -6.3531523  -2.4684758 2026 01 14 19 23 10.58
0  -5198.52844     76.17080  -4992.94005   2.2836668  -6.3626335  -2.3626678 2026 01 14 19 23 30.58
0  -5151.94528    -51.15588  -5039.12453   2.3745443  -6.3696918  -2.2557908 2026 01 14 19 23 50.58
0  -5103.55413   -178.59934  -5083.16121   2.4644626  -6.3743185  -2.1478911 2026 01 14 19 24 10.58
0  -5053.37452   -306.11089  -5125.03011   2.5533873  -6.3765057  -2.0390160 2026 01 14 19 24 30.58
0  -5001.42667   -433.64165  -5164.71221   2.6412847  -6.3762468  -1.9292130 2026 01 14 19 24 50.58
0  -4947.73145   -561.14265  -5202.18943   2.7281213  -6.3735361  -1.8185304 2026 01 14 19 25 10.58
0  -4892.31041   -688.56482  -5237.44467   2.8138642  -6.3683692  -1.7070168 2026 01 14 19 25 30.58
0  -4835.18575   -815.85899  -5270.46182   2.8984810  -6.3607427  -1.5947217 2026 01 14 19 25 50.58
0  -4776.38032   -942.97595  -5301.22574   2.9819395  -6.3506544  -1.4816945 2026 01 14 19 26 10.58
0  -4715.91759  -1069.86646  -5329.72229   3.0642084  -6.3381032  -1.3679855 2026 01 14 19 26 30.58
0  -4653.82167  -1196.48126  -5355.93836   3.1452567  -6.3230890  -1.2536452 2026 01 14 19 26 50.58
0  -4590.11727  -1322.77110  -5379.86182   3.2250538  -6.3056132  -1.1387246 2026 01 14 19 27 10.58
0  -4524.82971  -1448.68678  -5401.48160   3.3035701  -6.2856779  -1.0232749 2026 01 14 19 27 30.58
0  -4457.98492  -1574.17914  -5420.78762   3.3807761  -6.2632867  -0.9073478 2026 01 14 19 27 50.58
0  -4389.60937  -1699.19912  -5437.77086   3.4566432  -6.2384441  -0.7909952 2026 01 14 19 28 10.58
0  -4319.73012  -1823.69774  -5452.42334   3.5311432  -6.2111560  -0.6742693 2026 01 14 19 28 30.58
0  -4248.37480  -1947.62617  -5464.73811   3.6042488  -6.1814291  -0.5572226 2026 01 14 19 28 50.58
0  -4175.57155  -2070.93572  -5474.70930   3.6759329  -6.1492717  -0.4399076 2026 01 14 19 29 10.58
0  -4101.34907  -2193.57787  -5482.33206   3.7461695  -6.1146929  -0.3223773 2026 01 14 19 29 30.58
0  -4025.73657  -2315.50430  -5487.60262   3.8149330  -6.0777031  -0.2046846 2026 01 14 19 29 50.58
0  -3948.76374  -2436.66691  -5490.51827   3.8821985  -6.0383137  -0.0868827 2026 01 14 19 30 10.58
0  -3870.46079  -2557.01783  -5491.07735   3.9479419  -5.9965375   0.0309753 2026 01 14 19 30 30.58
0  -3790.85840  -2676.50948  -5489.27927   4.0121397  -5.9523881   0.1488361 2026 01 14 19 30 50.58
0  -3709.98770  -2795.09454  -5485.12452   4.0747692  -5.9058805   0.2666464 2026 01 14 19 31 10.58
0  -3627.88027  -2912.72600  -5478.61464   4.1358082  -5.8570308   0.3843529 2026 01 14 19 31 30.58
0  -3544.56815  -3029.35721  -5469.75222   4.1952356  -5.8058560   0.5019024 2026 01 14 19 31 50.58
0  -3460.08375  -3144.94184  -5458.54096   4.2530308  -5.7523745   0.6192416 2026 01 14 19 32 10.58
0  -3374.45992  -3259.43396  -5444.98557   4.3091739  -5.6966056   0.7363174 2026 01 14 19 32 30.58
0  -3287.72990  -3372.78802  -5429.09186   4.3636461  -5.6385698   0.8530769 2026 01 14 19 32 50.58
0  -3199.92727  -3484.95891  -5410.86668   4.4164290  -5.5782886   0.9694673 2026 01 14 19 33 10.58
0  -3111.08600  -3595.90194  -5390.31793   4.4675052  -5.5157845   1.0854358 2026 01 14 19 33 30.58
0  -3021.24038  -3705.57290  -5367.45458   4.5168581  -5.4510814   1.2009302 2026 01 14 19 33 50.58
0  -2930.42503  -3813.92806  -5342.28663   4.5644718  -5.3842038   1.3158982 2026 01 14 19 34 10.58
0  -2838.67490  -3920.92417  -5314.82511   4.6103312  -5.3151775   1.4302878 2026 01 14 19 34 30.58
0  -2746.02520  -4026.51855  -5285.08211   4.6544221  -5.2440294   1.5440477 2026 01 14 19 34 50.58
0  -2652.51144  -4130.66903  -5253.07074   4.6967310  -5.1707871   1.6571264 2026 01 14 19 35 10.58
0  -2558.16937  -4233.33401  -5218.80511   4.7372455  -5.0954795   1.7694731 2026 01 14 19 35 30.58
0  -2463.03501  -4334.47249  -5182.30038   4.7759538  -5.0181362   1.8810373 2026 01 14 19 35 50.58
0  -2367.14458  -4434.04405  -5143.57269   4.8128449  -4.9387880   1.9917690 2026 01 14 19 36 10.58
0  -2270.53453  -4532.00892  -5102.63917   4.8479087  -4.8574664   2.1016185 2026 01 14 19 36 30.58
0  -2173.24149  -4628.32796  -5059.51797   4.8811360  -4.7742041   2.2105367 2026 01 14 19 36 50.58
0  -2075.30229  -4722.96268  -5014.22818   4.9125184  -4.6890345   2.3184750 2026 01 14 19 37 10.58
0  -1976.75388  -4815.87527  -4966.78988   4.9420483  -4.6019919   2.4253854 2026 01 14 19 37 30.58
0  -1877.63339  -4907.02864  -4917.22410   4.9697191  -4.5131116   2.5312203 2026 01 14 19 37 50.58
0  -1777.97805  -4996.38638  -4865.55282   4.9955248  -4.4224295   2.6359327 2026 01 14 19 38 10.58
0  -1677.82523  -5083.91282  -4811.79894   5.0194605  -4.3299826   2.7394764 2026 01 14 19 38 30.58
0  -1577.21236  -5169.57304  -4755.98629   5.0415219  -4.2358085   2.8418058 2026 01 14 19 38 50.58
0  -1476.17695  -5253.33288  -4698.13960   5.0617058  -4.1399457   2.9428757 2026 01 14 19 39 10.58
0  -1374.75660  -5335.15896  -4638.28449   5.0800096  -4.0424333   3.0426419 2026 01 14 19 39 30.58
0  -1272.98891  -5415.01867  -4576.44748   5.0964317  -3.9433112   3.1410609 2026 01 14 19 39 50.58
0  -1170.91153  -5492.88023  -4512.65592   5.1109712  -3.8426202   3.2380897 2026 01 14 19 40 10.58
0  -1068.56211  -5568.71266  -4446.93805   5.1236283  -3.7404016   3.3336863 2026 01 14 19 40 30.58
0   -965.97830  -5642.48584  -4379.32292   5.1344036  -3.6366973   3.4278093 2026 01 14 19 40 50.58
0   -863.19772  -5714.17047  -4309.84039   5.1432990  -3.5315499   3.5204182 2026 01 14 19 41 10.58
0   -760.25793  -5783.73812  -4238.52115   5.1503168  -3.4250028   3.6114735 2026 01 14 19 41 30.58
0   -657.19648  -5851.16122  -4165.39664   5.1554605  -3.3170996   3.7009361 2026 01 14 19 41 50.58
0   -554.05079  -5916.41310  -4090.49911   5.1587339  -3.2078849   3.7887681 2026 01 14 19 42 10.58
0   -450.85823  -5979.46796  -4013.86153   5.1601422  -3.0974034   3.8749325 2026 01 14 19 42 30.58
0   -347.65605  -6040.30093  -3935.51761   5.1596909  -2.9857006   3.9593931 2026 01 14 19 42 50.58
0   -244.48138  -6098.88804  -3855.50178   5.1573866  -2.8728225   4.0421145 2026 01 14 19 43 10.58
0   -141.37121  -6155.20622  -3773.84916   5.1532364  -2.7588154   4.1230624 2026 01 14 19 43 30.58
0    -38.36239  -6209.23338  -3690.59556   5.1472484  -2.6437260   4.2022035 2026 01 14 19 43 50.58
0     64.50842  -6260.94833  -3605.77743   5.1394314  -2.5276015   4.2795052 2026 01 14 19 44 10.58
0    167.20472  -6310.33084  -3519.43189   5.1297948  -2.4104896   4.3549361 2026 01 14 19 44 30.58
0    269.69022  -6357.36164  -3431.59663   5.1183489  -2.2924381   4.4284657 2026 01 14 19 44 50.58
0    371.92884  -6402.02242  -3342.31000   5.1051047  -2.1734952   4.5000646 2026 01 14 19 45 10.58
0    473.88471  -6444.29582  -3251.61088   5.0900738  -2.0537095   4.5697043 2026 01 14 19 45 30.58
0    575.52224  -6484.16549  -3159.53874   5.0732686  -1.9331297   4.6373574 2026 01 14 19 45 50.58
0    676.80605  -6521.61602  -3066.13356   5.0547022  -1.8118049   4.7029974 2026 01 14 19 46 10.58
0    777.70106  -6556.63300  -2971.43588   5.0343884  -1.6897843   4.7665990 2026 01 14 19 46 30.58
0    878.17245  -6589.20301  -2875.48669   5.0123415  -1.5671174   4.8281378 2026 01 14 19 46 50.58
0    978.18570  -6619.31363  -2778.32749   4.9885767  -1.4438537   4.8875907 2026 01 14 19 47 10.58
0   1077.70662  -6646.95340  -2680.00023   4.9631095  -1.3200429   4.9449354 2026 01 14 19 47 30.58
0   1176.70131  -6672.11188  -2580.54727   4.9359563  -1.1957349   5.0001507 2026 01 14 19 47 50.58
0   1275.13621  -6694.77963  -2480.01140   4.9071341  -1.0709796   5.0532167 2026 01 14 19 48 10.58
0   1372.97812  -6714.94820  -2378.43582   4.8766604  -0.9458269   5.1041144 2026 01 14 19 48 30.58
0   1470.19417  -6732.61013  -2275.86405   4.8445532  -0.8203267   5.1528258 2026 01 14 19 48 50.58
0   1566.75189  -6747.75899  -2172.34001   4.8108312  -0.6945291   5.1993341 2026 01 14 19 49 10.58
0   1662.61916  -6760.38932  -2067.90790   4.7755137  -0.5684841   5.2436237 2026 01 14 19 49 30.58
0   1757.76426  -6770.49667  -1962.61226   4.7386204  -0.4422415   5.2856799 2026 01 14 19 49 50.58
0   1852.15588  -6778.07760  -1856.49790   4.7001715  -0.3158512   5.3254891 2026 01 14 19 50 10.58
0   1945.76311  -6783.12964  -1749.60987   4.6601879  -0.1893628   5.3630388 2026 01 14 19 50 30.58
0   2038.55546  -6785.65132  -1641.99348   4.6186908  -0.0628261   5.3983178 2026 01 14 19 50 50.58
0   2130.50287  -6785.64219  -1533.69426   4.5757018   0.0637095   5.4313156 2026 01 14 19 51 10.58
0   2221.57574  -6783.10276  -1424.75792   4.5312433   0.1901947   5.4620231 2026 01 14 19 51 30.58
0   2311.74488  -6778.03453  -1315.23036   4.4853379   0.3165804   5.4904322 2026 01 14 19 51 50.58
0   2400.98158  -6770.43997  -1205.15761   4.4380085   0.4428177   5.5165356 2026 01 14 19 52 10.58
0   2489.25761  -6760.32255  -1094.58586   4.3892786   0.5688580   5.5403275 2026 01 14 19 52 30.58
0   2576.54518  -6747.68670   -983.56138   4.3391722   0.6946528   5.5618030 2026 01 14 19 52 50.58
0   2662.81701  -6732.53780   -872.13054   4.2877133   0.8201540   5.5809580 2026 01 14 19 53 10.58
0   2748.04628  -6714.88222   -760.33980   4.2349267   0.9453138   5.5977898 2026 01 14 19 53 30.58
0   2832.20670  -6694.72725   -648.23562   4.1808371   1.0700847   5.6122967 2026 01 14 19 53 50.58
0   2915.27245  -6672.08115   -535.86452   4.1254700   1.1944195   5.6244777 2026 01 14 19 54 10.58
0   2997.21823  -6646.95311   -423.27302   4.0688507   1.3182714   5.6343332 2026 01 14 19 54 30.58
0   3078.01927  -6619.35327   -310.50762   4.0110052   1.4415940   5.6418645 2026 01 14 19 54 50.58
0   3157.65129  -6589.29266   -197.61477   3.9519597   1.5643412   5.6470739 2026 01 14 19 55 10.58
0   3236.09057  -6556.78326    -84.64089   3.8917404   1.6864674   5.6499646 2026 01 14 19 55 30.58
0   3313.31388  -6521.83794     28.36769   3.8303741   1.8079275   5.6505409 2026 01 14 19 55 50.58
0   3389.29856  -6484.47047    141.36473   3.7678875   1.9286766   5.6488081 2026 01 14 19 56 10.58
0   3464.02248  -6444.69552    254.30411   3.7043079   2.0486705   5.6447724 2026 01 14 19 56 30.58
0   3537.46405  -6402.52865    367.13985   3.6396624   2.1678653   5.6384409 2026 01 14 19 56 50.58
0   3609.60222  -6357.98625    479.82610   3.5739785   2.2862178   5.6298218 2026 01 14 19 57 10.58
0   3680.41651  -6311.08562    592.31720   3.5072840   2.4036851   5.6189241 2026 01 14 19 57 30.58
0   3749.88698  -6261.84488    704.56769   3.4396064   2.5202248   5.6057577 2026 01 14 19 57 50.58
0   3817.99425  -6210.28300    816.53229   3.3709739   2.6357953   5.5903335 2026 01 14 19 58 10.58
0   3884.71951  -6156.41978    928.16597   3.3014144   2.7503554   5.5726632 2026 01 14 19 58 30.58
0   3950.04449  -6100.27585   1039.42392   3.2309560   2.8638642   5.5527595 2026 01 14 19 58 50.58
0   4013.95151  -6041.87262   1150.26162   3.1596272   2.9762818   5.5306358 2026 01 14 19 59 10.58
0   4076.42344  -5981.23233   1260.63480   3.0874561   3.0875686   5.5063064 2026 01 14 19 59 30.58
0   4137.44373  -5918.37797   1370.49951   3.0144713   3.1976857   5.4797865 2026 01 14 19 59 50.58
0   4196.99638  -5853.33332   1479.81209   2.9407011   3.3065948   5.4510921 2026 01 14 20 00 10.58
0   4255.06598  -5786.12293   1588.52922   2.8661742   3.4142581   5.4202399 2026 01 14 20 00 30.58
0   4311.63768  -5716.77208   1696.60792   2.7909189   3.5206385   5.3872475 2026 01 14 20 00 50.58
0   4366.69720  -5645.30680   1804.00557   2.7149640   3.6256995   5.3521332 2026 01 14 20 01 10.58
0   4420.23083  -5571.75384   1910.67992   2.6383379   3.7294053   5.3149162 2026 01 14 20 01 30.58
0   4472.22545  -5496.14064   2016.58912   2.5610692   3.8317206   5.2756161 2026 01 14 20 01 50.58
0   4522.66848  -5418.49536   2121.69171   2.4831865   3.9326110   5.2342537 2026 01 14 20 02 10.58
0   4571.54793  -5338.84685   2225.94665   2.4047182   4.0320424   5.1908501 2026 01 14 20 02 30.58
0   4618.85239  -5257.22461   2329.31334   2.3256929   4.1299817   5.1454273 2026 01 14 20 02 50.58
0   4664.57100  -5173.65881   2431.75163   2.2461390   4.2263962   5.0980079 2026 01 14 20 03 10.58
0   4708.69346  -5088.18027   2533.22180   2.1660848   4.3212540   5.0486153 2026 01 14 20 03 30.58
0   4751.21006  -5000.82042   2633.68465   2.0855586   4.4145239   4.9972733 2026 01 14 20 03 50.58
0   4792.11165  -4911.61134   2733.10143   2.0045886   4.5061753   4.9440066 2026 01 14 20 04 10.58
0   4831.38963  -4820.58569   2831.43388   1.9232030   4.5961784   4.8888403 2026 01 14 20 04 30.58
0   4869.03597  -4727.77672   2928.64429   1.8414297   4.6845039   4.8318003 2026 01 14 20 04 50.58
0   4905.04321  -4633.21827   3024.69542   1.7592968   4.7711233   4.7729128 2026 01 14 20 05 10.58
0   4939.40442  -4536.94475   3119.55062   1.6768318   4.8560087   4.7122048 2026 01 14 20 05 30.58
0   4972.11324  -4438.99109   3213.17373   1.5940627   4.9391332   4.6497039 2026 01 14 20 05 50.58
0   5003.16387  -4339.39277   3305.52919   1.5110168   5.0204701   4.5854380 2026 01 14 20 06 10.58
0   5032.55106  -4238.18582   3396.58196   1.4277216   5.0999939   4.5194357 2026 01 14 20 06 30.58
0   5060.27008  -4135.40672   3486.29762   1.3442043   5.1776794   4.4517260 2026 01 14 20 06 50.58
0   5086.31677  -4031.09250   3574.64231   1.2604921   5.2535022   4.3823385 2026 01 14 20 07 10.58
0   5110.68749  -3925.28064   3661.58278   1.1766118   5.3274388   4.3113032 2026 01 14 20 07 30.58
0   5133.37917  -3818.00909   3747.08636   1.0925903   5.3994662   4.2386507 2026 01 14 20 07 50.58
0   5154.38923  -3709.31625   3831.12103   1.0084540   5.4695621   4.1644118 2026 01 14 20 08 10.58
0   5173.71565  -3599.24097   3913.65536   0.9242296   5.5377051   4.0886178 2026 01 14 20 08 30.58
0   5191.35693  -3487.82251   3994.65856   0.8399431   5.6038741   4.0113007 2026 01 14 20 08 50.58
0   5207.31209  -3375.10054   4074.10051   0.7556206   5.6680492   3.9324925 2026 01 14 20 09 10.58
0   5221.58067  -3261.11515   4151.95168   0.6712880   5.7302107   3.8522259 2026 01 14 20 09 30.58
0   5234.16272  -3145.90678   4228.18325   0.5869710   5.7903400   3.7705337 2026 01 14 20 09 50.58
0   5245.05881  -3029.51626   4302.76703   0.5026949   5.8484190   3.6874494 2026 01 14 20 10 10.58
0   5254.27000  -2911.98477   4375.67552   0.4184850   5.9044302   3.6030066 2026 01 14 20 10 30.58
0   5261.79788  -2793.35383   4446.88187   0.3343664   5.9583571   3.5172392 2026 01 14 20 10 50.58
0   5267.64452  -2673.66527   4516.35993   0.2503638   6.0101836   3.4301817 2026 01 14 20 11 10.58
0   5271.81248  -2552.96127   4584.08426   0.1665018   6.0598943   3.3418686 2026 01 14 20 11 30.58
0   5274.30482  -2431.28428   4650.03007   0.0828049   6.1074748   3.2523349 2026 01 14 20 11 50.58
0   5275.12508  -2308.67704   4714.17330  -0.0007029   6.1529109   3.1616158 2026 01 14 20 12 10.58
0   5274.27728  -2185.18258   4776.49060  -0.0839976   6.1961895   3.0697468 2026 01 14 20 12 30.58
0   5271.76592  -2060.84416   4836.95931  -0.1670555   6.2372980   2.9767636 2026 01 14 20 12 50.58
0   5267.59598  -1935.70531   4895.55752  -0.2498531   6.2762245   2.8827022 2026 01 14 20 13 10.58
0   5261.77288  -1809.80979   4952.26402  -0.3323673   6.3129577   2.7875990 2026 01 14 20 13 30.58
0   5254.30253  -1683.20155   5007.05832  -0.4145751   6.3474871   2.6914902 2026 01 14 20 13 50.58
0   5245.19127  -1555.92478   5059.92069  -0.4964536   6.3798027   2.5944127 2026 01 14 20 14 10.58
0   5234.44593  -1428.02385   5110.83210  -0.5779804   6.4098954   2.4964033 2026 01 14 20 14 30.58
0   5222.07376  -1299.54330   5159.77429  -0.6591332   6.4377566   2.3974991 2026 01 14 20 14 50.58
0   5208.08245  -1170.52784   5206.72972  -0.7398899   6.4633784   2.2977374 2026 01 14 20 15 10.58
0   5192.48015  -1041.02233   5251.68163  -0.8202288   6.4867536   2.1971555 2026 01 14 20 15 30.58
0   5175.27543   -911.07178   5294.61396  -0.9001284   6.5078755   2.0957910 2026 01 14 20 15 50.58
0   5156.47728   -780.72130   5335.51145  -0.9795672   6.5267383   1.9936818 2026 01 14 20 16 10.58
0   5136.09514   -650.01614   5374.35958  -1.0585244   6.5433366   1.8908657 2026 01 14 20 16 30.58
0   5114.13884   -519.00164   5411.14458  -1.1369789   6.5576659   1.7873807 2026 01 14 20 16 50.58
0   5090.61864   -387.72321   5445.85344  -1.2149103   6.5697221   1.6832649 2026 01 14 20 17 10.58
0   5065.54521   -256.22636   5478.47394  -1.2922983   6.5795019   1.5785567 2026 01 14 20 17 30.58
0   5038.92961   -124.55665   5508.99461  -1.3691228   6.5870027   1.4732943 2026 01 14 20 17 50.58
0   5010.78332      7.24033   5537.40473  -1.4453638   6.5922223   1.3675163 2026 01 14 20 18 10.58
0   4981.11820    139.11893   5563.69438  -1.5210020   6.5951593   1.2612610 2026 01 14 20 18 30.58
0   4949.94650    271.03348   5587.85441  -1.5960178   6.5958130   1.1545673 2026 01 14 20 18 50.58
0   4917.28086    402.93832   5609.87641  -1.6703923   6.5941832   1.0474737 2026 01 14 20 19 10.58
0   4883.13430    534.78777   5629.75278  -1.7441065   6.5902703   0.9400191 2026 01 14 20 19 30.58
0   4847.52020    666.53618   5647.47668  -1.8171419   6.5840756   0.8322421 2026 01 14 20 19 50.58
0   4810.45234    798.13792   5663.04205  -1.8894800   6.5756007   0.7241816 2026 01 14 20 20 10.58
0   4771.94482    929.54742   5676.44360  -1.9611029   6.5648480   0.6158765 2026 01 14 20 20 30.58
0   4732.01215   1060.71914   5687.67684  -2.0319926   6.5518205   0.5073658 2026 01 14 20 20 50.58
0   4690.66917   1191.60761   5696.73804  -2.1021314   6.5365218   0.3986882 2026 01 14 20 21 10.58
0   4647.93105   1322.16746   5703.62423  -2.1715021   6.5189562   0.2898828 2026 01 14 20 21 30.58
0   4603.81335   1452.35337   5708.33327  -2.2400874   6.4991284   0.1809884 2026 01 14 20 21 50.58
0   4558.33194   1582.12016   5710.86375  -2.3078704   6.4770440   0.0720441 2026 01 14 20 22 10.58
0   4511.50303   1711.42276   5711.21507  -2.3748346   6.4527090  -0.0369114 2026 01 14 20 22 30.58
0   4463.34316   1840.21621   5709.38739  -2.4409635   6.4261302  -0.1458390 2026 01 14 20 22 50.58
0   4413.86922   1968.45570   5705.38165  -2.5062408   6.3973148  -0.2547001 2026 01 14 20 23 10.58
0   4363.09838   2096.09658   5699.19958  -2.5706508   6.3662709  -0.3634556 2026 01 14 20 23 30.58
0   4311.04815   2223.09436   5690.84368  -2.6341776   6.3330069  -0.4720669 2026 01 14 20 23 50.58
0   4257.73636   2349.40471   5680.31721  -2.6968059   6.2975320  -0.5804951 2026 01 14 20 24 10.58
0   4203.18113   2474.98353   5667.62423  -2.7585203   6.2598560  -0.6887018 2026 01 14 20 24 30.58
0   4147.40089   2599.78688   5652.76956  -2.8193061   6.2199893  -0.7966481 2026 01 14 20 24 50.58
0   4090.41436   2723.77105   5635.75879  -2.8791483   6.1779428  -0.9042957 2026 01 14 20 25 10.58
0   4032.24056   2846.89257   5616.59827  -2.9380325   6.1337283  -1.0116060 2026 01 14 20 25 30.58
0   3972.89880   2969.10818   5595.29515  -2.9959444   6.0873578  -1.1185408 2026 01 14 20 25 50.58
0   3912.40866   3090.37490   5571.85732  -3.0528701   6.0388442  -1.2250617 2026 01 14 20 26 10.58
0   3850.79001   3210.64999   5546.29343  -3.1087958   5.9882010  -1.3311306 2026 01 14 20 26 30.58
0   3788.06299   3329.89099   5518.61292  -3.1637078   5.9354422  -1.4367094 2026 01 14 20 26 50.58
0   3724.24801   3448.05574   5488.82597  -3.2175930   5.8805825  -1.5417604 2026 01 14 20 27 10.58
0   3659.36573   3565.10237   5456.94352  -3.2704382   5.8236371  -1.6462455 2026 01 14 20 27 30.58
0   3593.43709   3680.98931   5422.97725  -3.3222306   5.7646218  -1.7501273 2026 01 14 20 27 50.58
0   3526.48327   3795.67535   5386.93963  -3.3729577   5.7035533  -1.8533682 2026 01 14 20 28 10.58
0   3458.52571   3909.11956   5348.84384  -3.4226070   5.6404485  -1.9559308 2026 01 14 20 28 30.58
0   3389.58608   4021.28142   5308.70383  -3.4711666   5.5753252  -2.0577780 2026 01 14 20 28 50.58
0   3319.68629   4132.12072   5266.53427  -3.5186244   5.5082017  -2.1588728 2026 01 14 20 29 10.58
0   3248.84851   4241.59766   5222.35060  -3.5649690   5.4390969  -2.2591783 2026 01 14 20 29 30.58
0   3177.09511   4349.67279   5176.16897  -3.6101889   5.3680303  -2.3586578 2026 01 14 20 29 50.58
0   3104.44870   4456.30709   5128.00626  -3.6542731   5.2950221  -2.4572749 2026 01 14 20 30 10.58
0   3030.93210   4561.46193   5077.88010  -3.6972105   5.2200931  -2.5549934 2026 01 14 20 30 30.58
0   2956.56836   4665.09910   5025.80882  -3.7389906   5.1432645  -2.6517773 2026 01 14 20 30 50.58
0   2881.38072   4767.18083   4971.81147  -3.7796031   5.0645583  -2.7475906 2026 01 14 20 31 10.58
0   2805.39266   4867.66979   4915.90783  -3.8190377   4.9839972  -2.8423979 2026 01 14 20 31 30.58
0   2728.62781   4966.52913   4858.11838  -3.8572845   4.9016043  -2.9361638 2026 01 14 20 31 50.58
0   2651.11004   5063.72244   4798.46430  -3.8943340   4.8174034  -3.0288532 2026 01 14 20 32 10.58
0   2572.86338   5159.21380   4736.96748  -3.9301767   4.7314189  -3.1204313 2026 01 14 20 32 30.58
0   2493.91207   5252.96780   4673.65048  -3.9648035   4.6436759  -3.2108635 2026 01 14 20 32 50.58
0   2414.28050   5344.94952   4608.53658  -3.9982056   4.5541999  -3.3001156 2026 01 14 20 33 10.58
0   2333.99327   5435.12457   4541.64973  -4.0303743   4.4630171  -3.3881536 2026 01 14 20 33 30.58
0   2253.07512   5523.45907   4473.01454  -4.0613012   4.3701544  -3.4749439 2026 01 14 20 33 50.58
0   2171.55097   5609.91971   4402.65631  -4.0909784   4.2756393  -3.5604530 2026 01 14 20 34 10.58
0   2089.44589   5694.47372   4330.60101  -4.1193979   4.1794997  -3.6446479 2026 01 14 20 34 30.58
0   2006.78511   5777.08890   4256.87523  -4.1465523   4.0817643  -3.7274959 2026 01 14 20 34 50.58
0   1923.59400   5857.73363   4181.50626  -4.1724342   3.9824623  -3.8089647 2026 01 14 20 35 10.58
0   1839.89808   5936.37687   4104.52199  -4.1970366   3.8816237  -3.8890222 2026 01 14 20 35 30.58
0   1755.72302   6012.98820   4025.95098  -4.2203529   3.7792787  -3.9676368 2026 01 14 20 35 50.58
0   1671.09458   6087.53780   3945.82240  -4.2423765   3.6754585  -4.0447772 2026 01 14 20 36 10.58
0   1586.03870   6159.99650   3864.16604  -4.2631013   3.5701947  -4.1204126 2026 01 14 20 36 30.58
0   1500.58140   6230.33573   3781.01232  -4.2825213   3.4635195  -4.1945126 2026 01 14 20 36 50.58
0   1414.74882   6298.52760   3696.39224  -4.3006311   3.3554656  -4.2670469 2026 01 14 20 37 10.58
0   1328.56723   6364.54488   3610.33743  -4.3174253   3.2460666  -4.3379861 2026 01 14 20 37 30.58
0   1242.06299   6428.36100   3522.88007  -4.3328989   3.1353563  -4.4073008 2026 01 14 20 37 50.58
0   1155.26255   6489.95009   3434.05294  -4.3470472   3.0233693  -4.4749625 2026 01 14 20 38 10.58
0   1068.19246   6549.28697   3343.88940  -4.3598658   2.9101408  -4.5409427 2026 01 14 20 38 30.58
0    980.87935   6606.34716   3252.42335  -4.3713505   2.7957064  -4.6052138 2026 01 14 20 38 50.58
0    893.34994   6661.10690   3159.68925  -4.3814976   2.6801024  -4.6677483 2026 01 14 20 39 10.58
0    805.63101   6713.54319   3065.72210  -4.3903036   2.5633656  -4.7285194 2026 01 14 20 39 30.58
0    717.74941   6763.63373   2970.55744  -4.3977654   2.4455334  -4.7875010 2026 01 14 20 39 50.58
0    629.73204   6811.35700   2874.23131  -4.4038800   2.3266436  -4.8446670 2026 01 14 20 40 10.58
0    541.60589   6856.69223   2776.78028  -4.4086449   2.2067349  -4.8999925 2026 01 14 20 40 30.58
0    453.39795   6899.61944   2678.24141  -4.4120580   2.0858462  -4.9534526 2026 01 14 20 40 50.58
0    365.13528   6940.11942   2578.65224  -4.4141174   1.9640170  -5.0050232 2026 01 14 20 41 10.58
0    276.84497   6978.17376   2478.05081  -4.4148215   1.8412874  -5.0546809 2026 01 14 20 41 30.58
0    188.55413   7013.76487   2376.47560  -4.4141692   1.7176980  -5.1024026 2026 01 14 20 41 50.58
0    100.28989   7046.87595   2273.96556  -4.4121595   1.5932898  -5.1481660 2026 01 14 20 42 10.58
0     12.07941   7077.49105   2170.56007  -4.4087920   1.4681046  -5.1919494 2026 01 14 20 42 30.58
0    -76.05016   7105.59505   2066.29895  -4.4040666   1.3421843  -5.2337318 2026 01 14 20 42 50.58
0   -164.07167   7131.17367   1961.22240  -4.3979834   1.2155715  -5.2734926 2026 01 14 20 43 10.58
0   -251.95797   7154.21348   1855.37108  -4.3905429   1.0883093  -5.3112122 2026 01 14 20 43 30.58
0   -339.68193   7174.70195   1748.78599  -4.3817461   0.9604412  -5.3468713 2026 01 14 20 43 50.58
0   -427.21643   7192.62738   1641.50852  -4.3715943   0.8320112  -5.3804517 2026 01 14 20 44 10.58
0   -514.53440   7207.97898   1533.58043  -4.3600891   0.7030636  -5.4119355 2026 01 14 20 44 30.58
0   -601.60878   7220.74685   1425.04382  -4.3472325   0.5736433  -5.4413058 2026 01 14 20 44 50.58
0   -688.41258   7230.92198   1315.94112  -4.3330269   0.4437955  -5.4685464 2026 01 14 20 45 10.58
0   -774.91885   7238.49628   1206.31509  -4.3174751   0.3135660  -5.4936416 2026 01 14 20 45 30.58
0   -861.10069   7243.46258   1096.20877  -4.3005803   0.1830008  -5.5165768 2026 01 14 20 45 50.58
0   -946.93128   7245.81461    985.66551  -4.2823459   0.0521463  -5.5373378 2026 01 14 20 46 10.58
0  -1032.38388   7245.54707    874.72893  -4.2627760  -0.0789507  -5.5559116 2026 01 14 20 46 30.58
0  -1117.43181   7242.65556    763.44289  -4.2418748  -0.2102429  -5.5722856 2026 01 14 20 46 50.58
0  -1202.04850   7237.13667    651.85151  -4.2196471  -0.3416830  -5.5864483 2026 01 14 20 47 10.58
0  -1286.20747   7228.98790    539.99911  -4.1960980  -0.4732230  -5.5983888 2026 01 14 20 47 30.58
0  -1369.88235   7218.20773    427.93026  -4.1712330  -0.6048148  -5.6080971 2026 01 14 20 47 50.58
0  -1453.04688   7204.79562    315.68967  -4.1450580  -0.7364100  -5.6155642 2026 01 14 20 48 10.58
0  -1535.67492   7188.75198    203.32226  -4.1175795  -0.8679600  -5.6207818 2026 01 14 20 48 30.58
0  -1617.74047   7170.07819     90.87310  -4.0888041  -0.9994157  -5.6237423 2026 01 14 20 48 50.58
0  -1699.21767   7148.77664    -21.61261  -4.0587390  -1.1307279  -5.6244395 2026 01 14 20 49 10.58
0  -1780.08079   7124.85068   -134.08955  -4.0273917  -1.2618473  -5.6228675 2026 01 14 20 49 30.58
0  -1860.30427   7098.30467   -246.51227  -3.9947704  -1.3927241  -5.6190216 2026 01 14 20 49 50.58
0  -1939.86271   7069.14395   -358.83527  -3.9608833  -1.5233086  -5.6128981 2026 01 14 20 50 10.58
0  -2018.73088   7037.37487   -471.01297  -3.9257393  -1.6535509  -5.6044940 2026 01 14 20 50 30.58
0  -2096.88374   7003.00476   -582.99971  -3.8893477  -1.7834007  -5.5938073 2026 01 14 20 50 50.58
0  -2174.29643   6966.04198   -694.74985  -3.8517182  -1.9128079  -5.5808370 2026 01 14 20 51 10.58
0  -2250.94429   6926.49588   -806.21771  -3.8128608  -2.0417221  -5.5655831 2026 01 14 20 51 30.58
0  -2326.80286   6884.37683   -917.35762  -3.7727861  -2.1700928  -5.5480463 2026 01 14 20 51 50.58
0  -2401.84791   6839.69619  -1028.12395  -3.7315051  -2.2978697  -5.5282286 2026 01 14 20 52 10.58
0  -2476.05542   6792.46635  -1138.47109  -3.6890291  -2.4250021  -5.5061327 2026 01 14 20 52 30.58
0  -2549.40161   6742.70069  -1248.35352  -3.6453700  -2.5514395  -5.4817624 2026 01 14 20 52 50.58
0  -2621.86293   6690.41363  -1357.72580  -3.6005400  -2.6771315  -5.4551226 2026 01 14 20 53 10.58
0  -2693.41609   6635.62058  -1466.54258  -3.5545517  -2.8020274  -5.4262190 2026 01 14 20 53 30.58
0  -2764.03805   6578.33796  -1574.75867  -3.5074183  -2.9260768  -5.3950583 2026 01 14 20 53 50.58
0  -2833.70605   6518.58321  -1682.32900  -3.4591533  -3.0492294  -5.3616484 2026 01 14 20 54 10.58
0  -2902.39757   6456.37476  -1789.20866  -3.4097706  -3.1714350  -5.3259981 2026 01 14 20 54 30.58
0  -2970.09042   6391.73205  -1895.35294  -3.3592846  -3.2926433  -5.2881172 2026 01 14 20 54 50.58
0  -3036.76267   6324.67554  -2000.71734  -3.3077101  -3.4128044  -5.2480165 2026 01 14 20 55 10.58
0  -3102.39270   6255.22667  -2105.25758  -3.2550623  -3.5318684  -5.2057078 2026 01 14 20 55 30.58
0  -3166.95919   6183.40787  -2208.92961  -3.2013568  -3.6497859  -5.1612040 2026 01 14 20 55 50.58
0  -3230.44115   6109.24257  -2311.68968  -3.1466098  -3.7665074  -5.1145192 2026 01 14 20 56 10.58
0  -3292.81790   6032.75518  -2413.49432  -3.0908376  -3.8819838  -5.0656680 2026 01 14 20 56 30.58
0  -3354.06912   5953.97110  -2514.30034  -3.0340571  -3.9961662  -5.0146667 2026 01 14 20 56 50.58
0  -3414.17480   5872.91669  -2614.06492  -2.9762857  -4.1090062  -4.9615320 2026 01 14 20 57 10.58
0  -3473.11530   5789.61928  -2712.74557  -2.9175410  -4.2204556  -4.9062821 2026 01 14 20 57 30.58
0  -3530.87133   5704.10718  -2810.30017  -2.8578411  -4.3304666  -4.8489360 2026 01 14 20 57 50.58
0  -3587.42396   5616.40963  -2906.68700  -2.7972045  -4.4389916  -4.7895137 2026 01 14 20 58 10.58
0  -3642.75465   5526.55681  -3001.86473  -2.7356500  -4.5459837  -4.7280364 2026 01 14 20 58 30.58
0  -3696.84524   5434.57986  -3095.79250  -2.6731970  -4.6513963  -4.6645261 2026 01 14 20 58 50.58
0  -3749.67793   5340.51084  -3188.42987  -2.6098651  -4.7551834  -4.5990060 2026 01 14 20 59 10.58
0  -3801.23536   5244.38271  -3279.73687  -2.5456743  -4.8572992  -4.5315002 2026 01 14 20 59 30.58
0  -3851.50054   5146.22935  -3369.67406  -2.4806450  -4.9576988  -4.4620339 2026 01 14 20 59 50.58
0  -3900.45692   5046.08555  -3458.20248  -2.4147980  -5.0563375  -4.3906331 2026 01 14 21 00 10.58
0  -3948.08834   4943.98695  -3545.28372  -2.3481544  -5.1531715  -4.3173250 2026 01 14 21 00 30.58
0  -3994.37909   4839.97011  -3630.87989  -2.2807356  -5.2481574  -4.2421378 2026 01 14 21 00 50.58
0  -4039.31387   4734.07240  -3714.95373  -2.2125636  -5.3412524  -4.1651004 2026 01 14 21 01 10.58
0  -4082.87785   4626.33207  -3797.46851  -2.1436605  -5.4324146  -4.0862430 2026 01 14 21 01 30.58
0  -4125.05663   4516.78821  -3878.38816  -2.0740487  -5.5216024  -4.0055965 2026 01 14 21 01 50.58
0  -4165.83625   4405.48070  -3957.67720  -2.0037511  -5.6087754  -3.9231928 2026 01 14 21 02 10.58
0  -4205.20323   4292.45026  -4035.30084  -1.9327908  -5.6938936  -3.8390649 2026 01 14 21 02 30.58
0  -4243.14456   4177.73837  -4111.22491  -1.8611913  -5.7769177  -3.7532466 2026 01 14 21 02 50.58
0  -4279.64768   4061.38730  -4185.41597  -1.7889763  -5.8578095  -3.6657725 2026 01 14 21 03 10.58
0  -4314.70052   3943.44009  -4257.84126  -1.7161698  -5.9365313  -3.5766783 2026 01 14 21 03 30.58
0  -4348.29150   3823.94049  -4328.46874  -1.6427962  -6.0130465  -3.4860004 2026 01 14 21 03 50.58
0  -4380.40953   3702.93302  -4397.26711  -1.5688801  -6.0873193  -3.3937762 2026 01 14 21 04 10.58
0  -4411.04399   3580.46287  -4464.20583  -1.4944463  -6.1593146  -3.3000438 2026 01 14 21 04 30.58
0  -4440.18478   3456.57594  -4529.25513  -1.4195199  -6.2289984  -3.2048423 2026 01 14 21 04 50.58
0  -4467.82232   3331.31879  -4592.38604  -1.3441263  -6.2963376  -3.1082116 2026 01 14 21 05 10.58
0  -4493.94750   3204.73865  -4653.57037  -1.2682910  -6.3613000  -3.0101922 2026 01 14 21 05 30.58
0  -4518.55176   3076.88336  -4712.78077  -1.1920399  -6.4238545  -2.9108255 2026 01 14 21 05 50.58
0  -4541.62703   2947.80138  -4769.99073  -1.1153990  -6.4839709  -2.8101538 2026 01 14 21 06 10.58
0  -4563.16580   2817.54178  -4825.17457  -1.0383945  -6.5416201  -2.7082200 2026 01 14 21 06 30.58
0  -4583.16104   2686.15418  -4878.30749  -0.9610528  -6.5967739  -2.6050676 2026 01 14 21 06 50.58
0  -4601.60628   2553.68876  -4929.36557  -0.8834004  -6.6494053  -2.5007410 2026 01 14 21 07 10.58
0  -4618.49558   2420.19623  -4978.32578  -0.8054642  -6.6994884  -2.3952852 2026 01 14 21 07 30.58
0  -4633.82353   2285.72782  -5025.16600  -0.7272710  -6.7469984  -2.2887458 2026 01 14 21 07 50.58
0  -4647.58526   2150.33521  -5069.86503  -0.6488479  -6.7919115  -2.1811691 2026 01 14 21 08 10.58
0  -4659.77645   2014.07058  -5112.40258  -0.5702221  -6.8342051  -2.0726020 2026 01 14 21 08 30.58
0  -4670.39332   1876.98654  -5152.75933  -0.4914208  -6.8738578  -1.9630919 2026 01 14 21 08 50.58
0  -4679.43263   1739.13609  -5190.91692  -0.4124715  -6.9108494  -1.8526869 2026 01 14 21 09 10.58
0  -4686.89170   1600.57266  -5226.85792  -0.3334016  -6.9451609  -1.7414355 2026 01 14 21 09 30.58
0  -4692.76840   1461.35002  -5260.56591  -0.2542388  -6.9767743  -1.6293868 2026 01 14 21 09 50.58
0  -4697.06113   1321.52231  -5292.02544  -0.1750106  -7.0056730  -1.5165903 2026 01 14 21 10 10.58
0  -4699.76888   1181.14396  -5321.22207  -0.0957447  -7.0318418  -1.4030959 2026 01 14 21 10 30.58
0  -4700.89117   1040.26973  -5348.14233  -0.0164689  -7.0552663  -1.2889542 2026 01 14 21 10 50.58
0  -4700.42808    898.95461  -5372.77379   0.0627890  -7.0759337  -1.1742158 2026 01 14 21 11 10.58
0  -4698.38024    757.25388  -5395.10505   0.1420013  -7.0938324  -1.0589320 2026 01 14 21 11 30.58
0  -4694.74885    615.22299  -5415.12570   0.2211402  -7.1089521  -0.9431542 2026 01 14 21 11 50.58
0  -4689.53565    472.91763  -5432.82639   0.3001779  -7.1212837  -0.8269344 2026 01 14 21 12 10.58
0  -4682.74295    330.39363  -5448.19880   0.3790867  -7.1308193  -0.7103245 2026 01 14 21 12 30.58
0  -4674.37360    187.70696  -5461.23567   0.4578389  -7.1375527  -0.5933770 2026 01 14 21 12 50.58
0  -4664.43100     44.91373  -5471.93076   0.5364068  -7.1414785  -0.4761444 2026 01 14 21 13 10.58
0  -4652.91913    -97.92988  -5480.27890   0.6147629  -7.1425930  -0.3586795 2026 01 14 21 13 30.58
0  -4639.84249   -240.76762  -5486.27598   0.6928796  -7.1408937  -0.2410353 2026 01 14 21 13 50.58
0  -4625.20614   -383.54322  -5489.91895   0.7707296  -7.1363794  -0.1232648 2026 01 14 21 14 10.58
0  -4609.01569   -526.20036  -5491.20581   0.8482855  -7.1290502  -0.0054212 2026 01 14 21 14 30.58
0  -4591.27730   -668.68279  -5490.13563   0.9255201  -7.1189075   0.1124423 2026 01 14 21 14 50.58
0  -4571.99765   -810.93424  -5486.70854   1.0024065  -7.1059543   0.2302724 2026 01 14 21 15 10.58
0  -4551.18399   -952.89857  -5480.92576   1.0789176  -7.0901945   0.3480158 2026 01 14 21 15 30.58
0  -4528.84409  -1094.51970  -5472.78954   1.1550267  -7.0716338   0.4656192 2026 01 14 21 15 50.58
0  -4504.98624  -1235.74167  -5462.30322   1.2307073  -7.0502787   0.5830294 2026 01 14 21 16 10.58
0  -4479.61929  -1376.50870  -5449.47118   1.3059329  -7.0261376   0.7001933 2026 01 14 21 16 30.58
0  -4452.75259  -1516.76515  -5434.29890   1.3806775  -6.9992197   0.8170578 2026 01 14 21 16 50.58
0  -4424.39603  -1656.45559  -5416.79287   1.4549149  -6.9695358   0.9335701 2026 01 14 21 17 10.58
0  -4394.56000  -1795.52485  -5396.96068   1.5286194  -6.9370981   1.0496774 2026 01 14 21 17 30.58
0  -4363.25541  -1933.91796  -5374.81093   1.6017655  -6.9019198   1.1653273 2026 01 14 21 17 50.58
0  -4330.49368  -2071.58028  -5350.35331   1.6743280  -6.8640157   1.2804675 2026 01 14 21 18 10.58
0  -4296.28674  -2208.45744  -5323.59851   1.7462817  -6.8234016   1.3950460 2026 01 14 21 18 30.58
0  -4260.64701  -2344.49543  -5294.55829   1.8176020  -6.7800948   1.5090111 2026 01 14 21 18 50.58
0  -4223.58739  -2479.64056  -5263.24543   1.8882645  -6.7341137   1.6223114 2026 01 14 21 19 10.58
0  -4185.12128  -2613.83957  -5229.67373   1.9582449  -6.6854783   1.7348960 2026 01 14 21 19 30.58
0  -4145.26257  -2747.03957  -5193.85800   2.0275193  -6.6342093   1.8467142 2026 01 14 21 19 50.58
0  -4104.02560  -2879.18811  -5155.81407   2.0960643  -6.5803292   1.9577157 2026 01 14 21 20 10.58
0  -4061.42519  -3010.23321  -5115.55877   2.1638567  -6.5238613   2.0678509 2026 01 14 21 20 30.58
0  -4017.47662  -3140.12335  -5073.10992   2.2308735  -6.4648303   2.1770703 2026 01 14 21 20 50.58
0  -3972.19564  -3268.80753  -5028.48630   2.2970923  -6.4032620   2.2853253 2026 01 14 21 21 10.58
0  -3925.59841  -3396.23528  -4981.70769   2.3624909  -6.3391834   2.3925676 2026 01 14 21 21 30.58
0  -3877.70156  -3522.35667  -4932.79481   2.4270474  -6.2726228   2.4987494 2026 01 14 21 21 50.58
0  -3828.52214  -3647.12236  -4881.76934   2.4907406  -6.2036094   2.6038235 2026 01 14 21 22 10.58
0  -3778.07763  -3770.48358  -4828.65390   2.5535494  -6.1321737   2.7077436 2026 01 14 21 22 30.58
0  -3726.38592  -3892.39221  -4773.47201   2.6154530  -6.0583472   2.8104636 2026 01 14 21 22 50.58
0  -3673.46532  -4012.80075  -4716.24813   2.6764315  -5.9821625   2.9119385 2026 01 14 21 23 10.58
0  -3619.33453  -4131.66237  -4657.00760   2.7364648  -5.9036533   3.0121235 2026 01 14 21 23 30.58
0  -3564.01264  -4248.93093  -4595.77666   2.7955338  -5.8228543   3.1109748 2026 01 14 21 23 50.58
0  -3507.51912  -4364.56098  -4532.58239   2.8536193  -5.7398012   3.2084494 2026 01 14 21 24 10.58
0  -3449.87384  -4478.50780  -4467.45277   2.9107030  -5.6545307   3.3045049 2026 01 14 21 24 30.58
0  -3391.09702  -4590.72743  -4400.41657   2.9667667  -5.5670805   3.3990997 2026 01 14 21 24 50.58
0  -3331.20921  -4701.17664  -4331.50342   3.0217928  -5.4774892   3.4921930 2026 01 14 21 25 10.58
0  -3270.23136  -4809.81301  -4260.74374   3.0757642  -5.3857964   3.5837449 2026 01 14 21 25 30.58
0  -3208.18472  -4916.59490  -4188.16875   3.1286642  -5.2920426   3.6737161 2026 01 14 21 25 50.58
0  -3145.09088  -5021.48151  -4113.81045   3.1804767  -5.1962690   3.7620685 2026 01 14 21 26 10.58
0  -3080.97176  -5124.43285  -4037.70157   3.2311857  -5.0985177   3.8487647 2026 01 14 21 26 30.58
0  -3015.84956  -5225.40980  -3959.87562   3.2807762  -4.9988318   3.9337680 2026 01 14 21 26 50.58
0  -2949.74683  -5324.37408  -3880.36679   3.3292332  -4.8972550   4.0170430 2026 01 14 21 27 10.58
0  -2882.68636  -5421.28834  -3799.21000   3.3765426  -4.7938319   4.0985549 2026 01 14 21 27 30.58
0  -2814.69126  -5516.11608  -3716.44084   3.4226906  -4.6886076   4.1782700 2026 01 14 21 27 50.58
0  -2745.78488  -5608.82174  -3632.09558   3.4676638  -4.5816281   4.2561556 2026 01 14 21 28 10.58
0  -2675.99086  -5699.37067  -3546.21113   3.5114494  -4.4729402   4.3321799 2026 01 14 21 28 30.58
0  -2605.33306  -5787.72917  -3458.82501   3.5540353  -4.3625910   4.4063120 2026 01 14 21 28 50.58
0  -2533.83561  -5873.86450  -3369.97538   3.5954095  -4.2506284   4.4785222 2026 01 14 21 29 10.58
0  -2461.52286  -5957.74486  -3279.70095   3.6355608  -4.1371010   4.5487815 2026 01 14 21 29 30.58
0  -2388.41936  -6039.33943  -3188.04102   3.6744785  -4.0220578   4.6170624 2026 01 14 21 29 50.58
0  -2314.54991  -6118.61841  -3095.03543   3.7121523  -3.9055484   4.6833379 2026 01 14 21 30 10.58
0  -2239.93948  -6195.55295  -3000.72454   3.7485724  -3.7876229   4.7475823 2026 01 14 21 30 30.58
0  -2164.61324  -6270.11524  -2905.14923   3.7837297  -3.6683318   4.8097711 2026 01 14 21 30 50.58
0  -2088.59654  -6342.27848  -2808.35084   3.8176154  -3.5477262   4.8698805 2026 01 14 21 31 10.58
0  -2011.91490  -6412.01687  -2710.37118   3.8502212  -3.4258574   4.9278881 2026 01 14 21 31 30.58
0  -1934.59399  -6479.30567  -2611.25251   3.8815396  -3.3027772   4.9837723 2026 01 14 21 31 50.58
0  -1856.65965  -6544.12118  -2511.03751   3.9115633  -3.1785378   5.0375128 2026 01 14 21 32 10.58
0  -1778.13783  -6606.44072  -2409.76924   3.9402856  -3.0531916   5.0890901 2026 01 14 21 32 30.58
0  -1699.05463  -6666.24269  -2307.49115   3.9677004  -2.9267915   5.1384861 2026 01 14 21 32 50.58
0  -1619.43626  -6723.50654  -2204.24704   3.9938020  -2.7993904   5.1856836 2026 01 14 21 33 10.58
0  -1539.30904  -6778.21277  -2100.08104   4.0185853  -2.6710415   5.2306665 2026 01 14 21 33 30.58
0  -1458.69939  -6830.34297  -1995.03761   4.0420455  -2.5417984   5.2734198 2026 01 14 21 33 50.58
0  -1377.63382  -6879.87978  -1889.16146   4.0641787  -2.4117146   5.3139296 2026 01 14 21 34 10.58
0  -1296.13891  -6926.80693  -1782.49761   4.0849810  -2.2808440   5.3521830 2026 01 14 21 34 30.58
0  -1214.24130  -6971.10922  -1675.09131   4.1044494  -2.1492404   5.3881684 2026 01 14 21 34 50.58
0  -1131.96772  -7012.77253  -1566.98801   4.1225811  -2.0169579   5.4218751 2026 01 14 21 35 10.58
0  -1049.34492  -7051.78382  -1458.23340   4.1393740  -1.8840504   5.4532935 2026 01 14 21 35 30.58
0   -966.39969  -7088.13113  -1348.87333   4.1548264  -1.7505721   5.4824151 2026 01 14 21 35 50.58
0   -883.15888  -7121.80359  -1238.95381   4.1689370  -1.6165770   5.5092326 2026 01 14 21 36 10.58
0   -799.64931  -7152.79140  -1128.52099   4.1817050  -1.4821192   5.5337395 2026 01 14 21 36 30.58
0   -715.89785  -7181.08585  -1017.62114   4.1931303  -1.3472527   5.5559306 2026 01 14 21 36 50.58
0   -631.93136  -7206.67930   -906.30061   4.2032128  -1.2120314   5.5758017 2026 01 14 21 37 10.58
0   -547.77669  -7229.56521   -794.60585   4.2119534  -1.0765092   5.5933496 2026 01 14 21 37 30.58
0   -463.46068  -7249.73809   -682.58334   4.2193529  -0.9407398   5.6085721 2026 01 14 21 37 50.58
0   -379.01011  -7267.19353   -570.27960   4.2254130  -0.8047768   5.6214683 2026 01 14 21 38 10.58
0   -294.45178  -7281.92821   -457.74117   4.2301357  -0.6686736   5.6320380 2026 01 14 21 38 30.58
0   -209.81241  -7293.93984   -345.01455   4.2335233  -0.5324832   5.6402821 2026 01 14 21 38 50.58
0   -125.11868  -7303.22722   -232.14626   4.2355786  -0.3962588   5.6462028 2026 01 14 21 39 10.58
0    -40.39719  -7309.79020   -119.18273   4.2363048  -0.2600530   5.6498029 2026 01 14 21 39 30.58
0     44.32551  -7313.62967     -6.17032   4.2357057  -0.1239182   5.6510865 2026 01 14 21 39 50.58
0    129.02294  -7314.74759    106.84466   4.2337853   0.0120933   5.6500584 2026 01 14 21 40 10.58
0    213.66872  -7313.14694    219.81605   4.2305480   0.1479297   5.6467246 2026 01 14 21 40 30.58
0    298.23657  -7308.83174    332.69781   4.2259987   0.2835395   5.6410920 2026 01 14 21 40 50.58
0    382.70029  -7301.80704    445.44402   4.2201427   0.4188716   5.6331684 2026 01 14 21 41 10.58
0    467.03381  -7292.07889    558.00897   4.2129855   0.5538751   5.6229626 2026 01 14 21 41 30.58
0    551.21117  -7279.65439    670.34709   4.2045331   0.6884996   5.6104842 2026 01 14 21 41 50.58
0    635.20651  -7264.54162    782.41305   4.1947920   0.8226952   5.5957438 2026 01 14 21 42 10.58
0    718.99414  -7246.74964    894.16171   4.1837688   0.9564122   5.5787529 2026 01 14 21 42 30.58
0    802.54849  -7226.28853   1005.54819   4.1714705   1.0896015   5.5595238 2026 01 14 21 42 50.58
0    885.84413  -7203.16933   1116.52786   4.1579046   1.2222146   5.5380698 2026 01 14 21 43 10.58
0    968.85578  -7177.40405   1227.05635   4.1430788   1.3542031   5.5144050 2026 01 14 21 43 30.58
0   1051.55832  -7149.00567   1337.08961   4.1270011   1.4855195   5.4885442 2026 01 14 21 43 50.58
0   1133.92682  -7117.98808   1446.58387   4.1096801   1.6161165   5.4605032 2026 01 14 21 44 10.58
0   1215.93648  -7084.36617   1555.49569   4.0911242   1.7459474   5.4302986 2026 01 14 21 44 30.58
0   1297.56270  -7048.15570   1663.78196   4.0713426   1.8749662   5.3979476 2026 01 14 21 44 50.58
0   1378.78106  -7009.37338   1771.39995   4.0503445   2.0031273   5.3634685 2026 01 14 21 45 10.58
0   1459.56734  -6968.03681   1878.30728   4.0281396   2.1303856   5.3268800 2026 01 14 21 45 30.58
0   1539.89749  -6924.16450   1984.46196   4.0047376   2.2566967   5.2882017 2026 01 14 21 45 50.58
0   1619.74767  -6877.77583   2089.82240   3.9801487   2.3820167   5.2474541 2026 01 14 21 46 10.58
0   1699.09427  -6828.89106   2194.34741   3.9543834   2.5063024   5.2046582 2026 01 14 21 46 30.58
0   1777.91384  -6777.53129   2297.99626   3.9274522   2.6295112   5.1598358 2026 01 14 21 46 50.58
0   1856.18320  -6723.71850   2400.72863   3.8993662   2.7516009   5.1130093 2026 01 14 21 47 10.58
0   1933.87936  -6667.47547   2502.50467   3.8701365   2.8725303   5.0642018 2026 01 14 21 47 30.58
0   2010.97956  -6608.82581   2603.28501   3.8397744   2.9922584   5.0134371 2026 01 14 21 47 50.58
0   2087.46128  -6547.79396   2703.03074   3.8082916   3.1107452   4.9607396 2026 01 14 21 48 10.58
0   2163.30221  -6484.40514   2801.70345   3.7757001   3.2279512   4.9061344 2026 01 14 21 48 30.58
0   2238.48031  -6418.68535   2899.26525   3.7420117   3.3438375   4.8496470 2026 01 14 21 48 50.58
0   2312.97377  -6350.66136   2995.67876   3.7072390   3.4583659   4.7913037 2026 01 14 21 49 10.58
0   2386.76103  -6280.36071   3090.90711   3.6713942   3.5714991   4.7311313 2026 01 14 21 49 30.58
0   2459.82078  -6207.81167   3184.91401   3.6344902   3.6832001   4.6691571 2026 01 14 21 49 50.58
0   2532.13196  -6133.04324   3277.66370   3.5965398   3.7934328   4.6054090 2026 01 14 21 50 10.58
0   2603.67378  -6056.08514   3369.12097   3.5575560   3.9021617   4.5399154 2026 01 14 21 50 30.58
0   2674.42571  -5976.96780   3459.25121   3.5175522   4.0093521   4.4727053 2026 01 14 21 50 50.58
0   2744.36748  -5895.72231   3548.02038   3.4765417   4.1149700   4.4038081 2026 01 14 21 51 10.58
0   2813.47910  -5812.38047   3635.39504   3.4345382   4.2189818   4.3332537 2026 01 14 21 51 30.58
0   2881.74084  -5726.97472   3721.34234   3.3915554   4.3213550   4.2610724 2026 01 14 21 51 50.58
0   2949.13327  -5639.53815   3805.83005   3.3476071   4.4220576   4.1872952 2026 01 14 21 52 10.58
0   3015.63721  -5550.10449   3888.82656   3.3027075   4.5210583   4.1119532 2026 01 14 21 52 30.58
0   3081.23378  -5458.70807   3970.30089   3.2568708   4.6183265   4.0350782 2026 01 14 21 52 50.58
0   3145.90440  -5365.38384   4050.22270   3.2101114   4.7138324   3.9567022 2026 01 14 21 53 10.58
0   3209.63074  -5270.16733   4128.56229   3.1624436   4.8075469   3.8768578 2026 01 14 21 53 30.58
0   3272.39478  -5173.09467   4205.29061   3.1138821   4.8994415   3.7955777 2026 01 14 21 53 50.58
0   3334.17881  -5074.20251   4280.37929   3.0644418   4.9894885   3.7128953 2026 01 14 21 54 10.58
0   3394.96540  -4973.52808   4353.80061   3.0141373   5.0776610   3.6288441 2026 01 14 21 54 30.58
0   3454.73741  -4871.10913   4425.52753   2.9629839   5.1639325   3.5434581 2026 01 14 21 54 50.58
0   3513.47802  -4766.98394   4495.53368   2.9109964   5.2482776   3.4567714 2026 01 14 21 55 10.58
0   3571.17069  -4661.19127   4563.79341   2.8581902   5.3306715   3.3688188 2026 01 14 21 55 30.58
0   3627.79922  -4553.77040   4630.28173   2.8045806   5.4110898   3.2796350 2026 01 14 21 55 50.58
0   3683.34767  -4444.76107   4694.97436   2.7501830   5.4895093   3.1892552 2026 01 14 21 56 10.58
0   3737.80046  -4334.20348   4757.84774   2.6950128   5.5659072   3.0977149 2026 01 14 21 56 30.58
0   3791.14228  -4222.13827   4818.87902   2.6390859   5.6402615   3.0050497 2026 01 14 21 56 50.58
0   3843.35815  -4108.60655   4878.04603   2.5824178   5.7125509   2.9112956 2026 01 14 21 57 10.58
0   3894.43342  -3993.64980   4935.32738   2.5250244   5.7827548   2.8164888 2026 01 14 21 57 30.58
0   3944.35373  -3877.30994   4990.70235   2.4669215   5.8508533   2.7206657 2026 01 14 21 57 50.58
0   3993.10505  -3759.62927   5044.15099   2.4081252   5.9168273   2.6238630 2026 01 14 21 58 10.58
0   4040.67367  -3640.65045   5095.65407   2.3486514   5.9806583   2.5261175 2026 01 14 21 58 30.58
0   4087.04621  -3520.41654   5145.19309   2.2885165   6.0423285   2.4274662 2026 01 14 21 58 50.58
0   4132.20960  -3398.97092   5192.75031   2.2277365   6.1018208   2.3279465 2026 01 14 21 59 10.58
0   4176.15111  -3276.35730   5238.30873   2.1663277   6.1591190   2.2275955 2026 01 14 21 59 30.58
0   4218.85832  -3152.61973   5281.85209   2.1043066   6.2142073   2.1264511 2026 01 14 21 59 50.58
0   4260.31914  -3027.80256   5323.36490   2.0416896   6.2670707   2.0245507 2026 01 14 22 00 10.58
0   4300.52183  -2901.95043   5362.83242   1.9784932   6.3176950   1.9219324 2026 01 14 22 00 30.58
0   4339.45496  -2775.10826   5400.24065   1.9147340   6.3660667   1.8186342 2026 01 14 22 00 50.58
0   4377.10744  -2647.32124   5435.57637   1.8504286   6.4121727   1.7146940 2026 01 14 22 01 10.58
0   4413.46850  -2518.63480   5468.82714   1.7855938   6.4560009   1.6101503 2026 01 14 22 01 30.58
0   4448.52774  -2389.09462   5499.98124   1.7202462   6.4975398   1.5050413 2026 01 14 22 01 50.58
0   4482.27506  -2258.74659   5529.02776   1.6544029   6.5367785   1.3994054 2026 01 14 22 02 10.58
0   4514.70071  -2127.63682   5555.95655   1.5880807   6.5737070   1.2932813 2026 01 14 22 02 30.58
0   4545.79529  -1995.81162   5580.75822   1.5212965   6.6083156   1.1867074 2026 01 14 22 02 50.58
0   4575.54972  -1863.31747   5603.42415   1.4540674   6.6405956   1.0797225 2026 01 14 22 03 10.58
0   4603.95527  -1730.20104   5623.94651   1.3864105   6.6705389   0.9723654 2026 01 14 22 03 30.58
0   4631.00357  -1596.50913   5642.31825   1.3183430   6.6981381   0.8646747 2026 01 14 22 03 50.58
0   4656.68656  -1462.28870   5658.53307   1.2498820   6.7233863   0.7566894 2026 01 14 22 04 10.58
0   4680.99655  -1327.58684   5672.58547   1.1810448   6.7462774   0.6484483 2026 01 14 22 04 30.58
0   4703.92619  -1192.45075   5684.47071   1.1118487   6.7668061   0.5399904 2026 01 14 22 04 50.58
0   4725.46848  -1056.92772   5694.18486   1.0423113   6.7849675   0.4313544 2026 01 14 22 05 10.58
0   4745.61675   -921.06515   5701.72474   0.9724498   6.8007576   0.3225795 2026 01 14 22 05 30.58
0   4764.36470   -784.91051   5707.08795   0.9022817   6.8141729   0.2137044 2026 01 14 22 05 50.58
0   4781.70638   -648.51132   5710.27288   0.8318248   6.8252105   0.1047682 2026 01 14 22 06 10.58
0   4797.63619   -511.91517   5711.27870   0.7610965   6.8338685  -0.0041903 2026 01 14 22 06 30.58
0   4812.14886   -375.16967   5710.10535   0.6901145   6.8401454  -0.1131321 2026 01 14 22 06 50.58
0   4825.23951   -238.32244   5706.75355   0.6188966   6.8440402  -0.2220184 2026 01 14 22 07 10.58
0   4836.90360   -101.42115   5701.22479   0.5474605   6.8455530  -0.3308104 2026 01 14 22 07 30.58
0   4847.13694     35.48656   5693.52137   0.4758242   6.8446842  -0.4394692 2026 01 14 22 07 50.58
0   4855.93570    172.35308   5683.64632   0.4040054   6.8414351  -0.5479560 2026 01 14 22 08 10.58
0   4863.29641    309.13081   5671.60347   0.3320222   6.8358073  -0.6562323 2026 01 14 22 08 30.58
0   4869.21597    445.77219   5657.39743   0.2598926   6.8278034  -0.7642594 2026 01 14 22 08 50.58
0   4873.69163    582.22974   5641.03356   0.1876346   6.8174266  -0.8719987 2026 01 14 22 09 10.58
0   4876.72099    718.45601   5622.51800   0.1152664   6.8046806  -0.9794118 2026 01 14 22 09 30.58
0   4878.30205    854.40367   5601.85767   0.0428062   6.7895699  -1.0864603 2026 01 14 22 09 50.58
0   4878.43315    990.02547   5579.06025  -0.0297279   6.7720996  -1.1931059 2026 01 14 22 10 10.58
0   4877.11298   1125.27428   5554.13416  -0.1023175   6.7522753  -1.2993104 2026 01 14 22 10 30.58
0   4874.34062   1260.10306   5527.08863  -0.1749442   6.7301036  -1.4050358 2026 01 14 22 10 50.58
0   4870.11552   1394.46494   5497.93362  -0.2475897   6.7055914  -1.5102442 2026 01 14 22 11 10.58
0   4864.43748   1528.31318   5466.67985  -0.3202354   6.6787465  -1.6148976 2026 01 14 22 11 30.58
0   4857.30669   1661.60121   5433.33879  -0.3928629   6.6495772  -1.7189585 2026 01 14 22 11 50.58
0   4848.72370   1794.28263   5397.92268  -0.4654536   6.6180925  -1.8223893 2026 01 14 22 12 10.58
0   4838.68943   1926.31122   5360.44450  -0.5379888   6.5843021  -1.9251525 2026 01 14 22 12 30.58
0   4827.20518   2057.64096   5320.91797  -0.6104499   6.5482163  -2.0272111 2026 01 14 22 12 50.58
0   4814.27262   2188.22606   5279.35757  -0.6828181   6.5098461  -2.1285279 2026 01 14 22 13 10.58
0   4799.89380   2318.02093   5235.77850  -0.7550746   6.4692030  -2.2290660 2026 01 14 22 13 30.58
0   4784.07113   2446.98025   5190.19671  -0.8272006   6.4262994  -2.3287888 2026 01 14 22 13 50.58
0   4766.80743   2575.05893   5142.62887  -0.8991773   6.3811481  -2.4276598 2026 01 14 22 14 10.58
0   4748.10586   2702.21215   5093.09239  -0.9709855   6.3337627  -2.5256426 2026 01 14 22 14 30.58
0   4727.96999   2828.39537   5041.60540  -1.0426064   6.2841576  -2.6227012 2026 01 14 22 14 50.58
0   4706.40376   2953.56434   4988.18675  -1.1140209   6.2323475  -2.7187998 2026 01 14 22 15 10.58
0   4683.41148   3077.67512   4932.85599  -1.1852099   6.1783479  -2.8139026 2026 01 14 22 15 30.58
0   4658.99786   3200.68408   4875.63341  -1.2561543   6.1221752  -2.9079744 2026 01 14 22 15 50.58
0   4633.16799   3322.54792   4816.53997  -1.3268348   6.0638462  -3.0009799 2026 01 14 22 16 10.58
0   4605.92733   3443.22369   4755.59736  -1.3972324   6.0033783  -3.0928843 2026 01 14 22 16 30.58
0   4577.28173   3562.66880   4692.82796  -1.4673276   5.9407897  -3.1836530 2026 01 14 22 16 50.58
0   4547.23744   3680.84103   4628.25482  -1.5371012   5.8760993  -3.2732516 2026 01 14 22 17 10.58
0   4515.80109   3797.69853   4561.90169  -1.6065338   5.8093265  -3.3616462 2026 01 14 22 17 30.58
0   4482.97968   3913.19985   4493.79299  -1.6756061   5.7404915  -3.4488029 2026 01 14 22 17 50.58
0   4448.78062   4027.30397   4423.95383  -1.7442986   5.6696151  -3.5346883 2026 01 14 22 18 10.58
0   4413.21170   4139.97026   4352.40996  -1.8125920   5.5967187  -3.6192693 2026 01 14 22 18 30.58
0   4376.28110   4251.15857   4279.18780  -1.8804667   5.5218245  -3.7025131 2026 01 14 22 18 50.58
0   4337.99738   4360.82914   4204.31443  -1.9479032   5.4449552  -3.7843874 2026 01 14 22 19 10.58
0   4298.36951   4468.94273   4127.81756  -2.0148821   5.3661343  -3.8648599 2026 01 14 22 19 30.58
0   4257.40683   4575.46054   4049.72555  -2.0813838   5.2853858  -3.9438989 2026 01 14 22 19 50.58
0   4215.11908   4680.34427   3970.06739  -2.1473887   5.2027345  -4.0214732 2026 01 14 22 20 10.58
0   4171.51639   4783.55612   3888.87268  -2.2128774   5.1182058  -4.0975518 2026 01 14 22 20 30.58
0   4126.60929   4885.05881   3806.17165  -2.2778301   5.0318257  -4.1721040 2026 01 14 22 20 50.58
0   4080.40867   4984.81557   3721.99512  -2.3422274   4.9436210  -4.2450997 2026 01 14 22 21 10.58
0   4032.92586   5082.79020   3636.37454  -2.4060497   4.8536190  -4.3165093 2026 01 14 22 21 30.58
0   3984.17254   5178.94702   3549.34192  -2.4692775   4.7618478  -4.3863033 2026 01 14 22 21 50.58
0   3934.16080   5273.25095   3460.92985  -2.5318910   4.6683359  -4.4544530 2026 01 14 22 22 10.58
0   3882.90312   5365.66746   3371.17153  -2.5938709   4.5731127  -4.5209299 2026 01 14 22 22 30.58
0   3830.41235   5456.16264   3280.10067  -2.6551976   4.4762082  -4.5857062 2026 01 14 22 22 50.58
0   3776.70177   5544.70316   3187.75158  -2.7158516   4.3776529  -4.6487543 2026 01 14 22 23 10.58
0   3721.78502   5631.25632   3094.15908  -2.7758134   4.2774781  -4.7100474 2026 01 14 22 23 30.58
0   3665.67613   5715.79007   2999.35854  -2.8350636   4.1757157  -4.7695590 2026 01 14 22 23 50.58
0   3608.38953   5798.27296   2903.38586  -2.8935827   4.0723982  -4.8272633 2026 01 14 22 24 10.58
0   3549.94004   5878.67424   2806.27743  -2.9513515   3.9675587  -4.8831347 2026 01 14 22 24 30.58
0   3490.34283   5956.96380   2708.07016  -3.0083506   3.8612310  -4.9371485 2026 01 14 22 24 50.58
0   3429.61352   6033.11222   2608.80145  -3.0645608   3.7534495  -4.9892805 2026 01 14 22 25 10.58
0   3367.76805   6107.09079   2508.50918  -3.1199629   3.6442492  -5.0395070 2026 01 14 22 25 30.58
0   3304.82278   6178.87148   2407.23168  -3.1745377   3.5336658  -5.0878048 2026 01 14 22 25 50.58
0   3240.79444   6248.42700   2305.00775  -3.2282663   3.4217354  -5.1341514 2026 01 14 22 26 10.58
0   3175.70015   6315.73077   2201.87663  -3.2811297   3.3084949  -5.1785250 2026 01 14 22 26 30.58
0   3109.55739   6380.75697   2097.87801  -3.3331091   3.1939818  -5.2209043 2026 01 14 22 26 50.58
0   3042.38403   6443.48053   1993.05197  -3.3841857   3.0782341  -5.2612688 2026 01 14 22 27 10.58
0   2974.19831   6503.87715   1887.43901  -3.4343408   2.9612903  -5.2995984 2026 01 14 22 27 30.58
0   2905.01883   6561.92328   1781.08001  -3.4835560   2.8431898  -5.3358738 2026 01 14 22 27 50.58
0   2834.86459   6617.59621   1674.01626  -3.5318127   2.7239721  -5.3700765 2026 01 14 22 28 10.58
0   2763.75493   6670.87398   1566.28938  -3.5790928   2.6036778  -5.4021886 2026 01 14 22 28 30.58
0   2691.70956   6721.73547   1457.94135  -3.6253781   2.4823476  -5.4321929 2026 01 14 22 28 50.58
0   2618.74855   6770.16038   1349.01451  -3.6706505   2.3600229  -5.4600728 2026 01 14 22 29 10.58
0   2544.89234   6816.12924   1239.55148  -3.7148923   2.2367458  -5.4858127 2026 01 14 22 29 30.58
0   2470.16172   6859.62342   1129.59523  -3.7580858   2.1125586  -5.5093976 2026 01 14 22 29 50.58
0   2394.57781   6900.62516   1019.18900  -3.8002135   1.9875045  -5.5308132 2026 01 14 22 30 10.58
0   2318.16212   6939.11754    908.37631  -3.8412580   1.8616269  -5.5500461 2026 01 14 22 30 30.58
0   2240.93646   6975.08453    797.20093  -3.8812023   1.7349698  -5.5670837 2026 01 14 22 30 50.58
0   2162.92303   7008.51099    685.70689  -3.9200293   1.6075777  -5.5819140 2026 01 14 22 31 10.58
0   2084.14431   7039.38266    573.93845  -3.9577225   1.4794955  -5.5945261 2026 01 14 22 31 30.58
0   2004.62316   7067.68620    461.94008  -3.9942653   1.3507686  -5.6049098 2026 01 14 22 31 50.58
0   1924.38274   7093.40917    349.75644  -4.0296414   1.2214430  -5.6130556 2026 01 14 22 32 10.58
0   1843.44655   7116.54005    237.43237  -4.0638348   1.0915648  -5.6189550 2026 01 14 22 32 30.58
0   1761.83839   7137.06825    125.01288  -4.0968298   0.9611808  -5.6226004 2026 01 14 22 32 50.58
0   1679.58239   7154.98414     12.54312  -4.1286108   0.8303381  -5.6239850 2026 01 14 22 33 10.58
0   1596.70298   7170.27900    -99.93164  -4.1591626   0.6990842  -5.6231028 2026 01 14 22 33 30.58
0   1513.22489   7182.94509   -212.36601  -4.1884702   0.5674670  -5.6199490 2026 01 14 22 33 50.58
0   1429.17316   7192.97561   -324.71451  -4.2165190   0.4355346  -5.6145193 2026 01 14 22 34 10.58
0   1344.57310   7200.36476   -436.93159  -4.2432945   0.3033356  -5.6068105 2026 01 14 22 34 30.58
0   1259.45033   7205.10768   -548.97166  -4.2687827   0.1709190  -5.5968205 2026 01 14 22 34 50.58
0   1173.83071   7207.20051   -660.78906  -4.2929699   0.0383338  -5.5845479 2026 01 14 22 35 10.58
0   1087.74042   7206.64037   -772.33814  -4.3158427  -0.0943704  -5.5699923 2026 01 14 22 35 30.58
0   1001.20586   7203.42537   -883.57324  -4.3373879  -0.2271439  -5.5531543 2026 01 14 22 35 50.58
0    914.25373   7197.55463   -994.44873  -4.3575929  -0.3599367  -5.5340355 2026 01 14 22 36 10.58
0    826.91094   7189.02826  -1104.91902  -4.3764452  -0.4926986  -5.5126383 2026 01 14 22 36 30.58
0    739.20468   7177.84738  -1214.93857  -4.3939330  -0.6253791  -5.4889663 2026 01 14 22 36 50.58
0    651.16235   7164.01412  -1324.46192  -4.4100446  -0.7579277  -5.4630239 2026 01 14 22 37 10.58
0    562.81159   7147.53162  -1433.44372  -4.4247688  -0.8902935  -5.4348165 2026 01 14 22 37 30.58
0    474.18026   7128.40405  -1541.83874  -4.4380949  -1.0224256  -5.4043507 2026 01 14 22 37 50.58
0    385.29643   7106.63659  -1649.60187  -4.4500123  -1.1542730  -5.3716340 2026 01 14 22 38 10.58
0    296.18837   7082.23545  -1756.68818  -4.4605111  -1.2857845  -5.3366747 2026 01 14 22 38 30.58
0    206.88456   7055.20785  -1863.05290  -4.4695819  -1.4169089  -5.2994824 2026 01 14 22 38 50.58
0    117.41365   7025.56204  -1968.65149  -4.4772154  -1.5475947  -5.2600676 2026 01 14 22 39 10.58
0     27.80447   6993.30732  -2073.43961  -4.4834031  -1.6777908  -5.2184418 2026 01 14 22 39 30.58
0    -61.91396   6958.45399  -2177.37315  -4.4881368  -1.8074458  -5.1746175 2026 01 14 22 39 50.58
0   -151.71250   6921.01338  -2280.40828  -4.4914088  -1.9365083  -5.1286084 2026 01 14 22 40 10.58
0   -241.56183   6880.99785  -2382.50145  -4.4932118  -2.0649270  -5.0804291 2026 01 14 22 40 30.58
0   -331.43250   6838.42081  -2483.60941  -4.4935391  -2.1926507  -5.0300951 2026 01 14 22 40 50.58
0   -421.29493   6793.29665  -2583.68922  -4.4923846  -2.3196282  -4.9776231 2026 01 14 22 41 10.58
0   -511.11942   6745.64081  -2682.69830  -4.4897423  -2.4458086  -4.9230308 2026 01 14 22 41 30.58
0   -600.87615   6695.46975  -2780.59443  -4.4856072  -2.5711409  -4.8663368 2026 01 14 22 41 50.58
0   -690.53523   6642.80093  -2877.33577  -4.4799746  -2.6955743  -4.8075611 2026 01 14 22 42 10.58
0   -780.06665   6587.65285  -2972.88090  -4.4728402  -2.8190584  -4.7467242 2026 01 14 22 42 30.58
0   -869.44034   6530.04498  -3067.18880  -4.4642006  -2.9415428  -4.6838480 2026 01 14 22 42 50.58
0   -958.62615   6469.99784  -3160.21891  -4.4540525  -3.0629775  -4.6189552 2026 01 14 22 43 10.58
0  -1047.59390   6407.53291  -3251.93115  -4.4423936  -3.1833125  -4.5520697 2026 01 14 22 43 30.58
0  -1136.31333   6342.67269  -3342.28589  -4.4292218  -3.3024984  -4.4832162 2026 01 14 22 43 50.58
0  -1224.75418   6275.44066  -3431.24405  -4.4145358  -3.4204860  -4.4124205 2026 01 14 22 44 10.58
0  -1312.88614   6205.86127  -3518.76704  -4.3983348  -3.5372264  -4.3397095 2026 01 14 22 44 30.58
0  -1400.67891   6133.95995  -3604.81683  -4.3806186  -3.6526711  -4.2651109 2026 01 14 22 44 50.58
0  -1488.10218   6059.76310  -3689.35596  -4.3613876  -3.7667721  -4.1886534 2026 01 14 22 45 10.58
0  -1575.12567   5983.29808  -3772.34755  -4.3406426  -3.8794818  -4.1103668 2026 01 14 22 45 30.58
0  -1661.71911   5904.59320  -3853.75533  -4.3183854  -3.9907529  -4.0302818 2026 01 14 22 45 50.58
0  -1747.85226   5823.67768  -3933.54364  -4.2946180  -4.1005387  -3.9484300 2026 01 14 22 46 10.58
0  -1833.49495   5740.58171  -4011.67747  -4.2693432  -4.2087931  -3.8648439 2026 01 14 22 46 30.58
0  -1918.61707   5655.33638  -4088.12248  -4.2425645  -4.3154703  -3.7795570 2026 01 14 22 46 50.58
0  -2003.18856   5567.97368  -4162.84500  -4.2142858  -4.4205254  -3.6926038 2026 01 14 22 47 10.58
0  -2087.17948   5478.52651  -4235.81204  -4.1845119  -4.5239138  -3.6040194 2026 01 14 22 47 30.58
0  -2170.55997   5387.02864  -4306.99136  -4.1532478  -4.6255915  -3.5138402 2026 01 14 22 47 50.58
0  -2253.30028   5293.51472  -4376.35143  -4.1204996  -4.7255155  -3.4221031 2026 01 14 22 48 10.58
0  -2335.37080   5198.02026  -4443.86148  -4.0862738  -4.8236431  -3.3288460 2026 01 14 22 48 30.58
0  -2416.74203   5100.58161  -4509.49149  -4.0505774  -4.9199323  -3.2341077 2026 01 14 22 48 50.58
0  -2497.38465   5001.23595  -4573.21224  -4.0134183  -5.0143422  -3.1379277 2026 01 14 22 49 10.58
0  -2577.26948   4900.02128  -4634.99530  -3.9748049  -5.1068323  -3.0403465 2026 01 14 22 49 30.58
0  -2656.36752   4796.97640  -4694.81307  -3.9347462  -5.1973629  -2.9414050 2026 01 14 22 49 50.58
0  -2734.64997   4692.14088  -4752.63876  -3.8932519  -5.2858951  -2.8411453 2026 01 14 22 50 10.58
0  -2812.08821   4585.55508  -4808.44644  -3.8503324  -5.3723911  -2.7396099 2026 01 14 22 50 30.58
0  -2888.65386   4477.26009  -4862.21103  -3.8059985  -5.4568135  -2.6368423 2026 01 14 22 50 50.58
0  -2964.31873   4367.29776  -4913.90834  -3.7602619  -5.5391262  -2.5328866 2026 01 14 22 51 10.58
0  -3039.05490   4255.71063  -4963.51505  -3.7131348  -5.6192936  -2.4277874 2026 01 14 22 51 30.58
0  -3112.83468   4142.54197  -5011.00875  -3.6646300  -5.6972813  -2.3215903 2026 01 14 22 51 50.58
0  -3185.63066   4027.83569  -5056.36796  -3.6147610  -5.7730557  -2.2143413 2026 01 14 22 52 10.58
0  -3257.41568   3911.63641  -5099.57210  -3.5635419  -5.8465841  -2.1060870 2026 01 14 22 52 30.58
0  -3328.16291   3793.98934  -5140.60154  -3.5109875  -5.9178351  -1.9968747 2026 01 14 22 52 50.58
0  -3397.84578   3674.94036  -5179.43761  -3.4571130  -5.9867778  -1.8867522 2026 01 14 22 53 10.58
0  -3466.43806   3554.53591  -5216.06260  -3.4019344  -6.0533827  -1.7757679 2026 01 14 22 53 30.58
0  -3533.91383   3432.82305  -5250.45976  -3.3454683  -6.1176212  -1.6639707 2026 01 14 22 53 50.58
0  -3600.24751   3309.84938  -5282.61333  -3.2877318  -6.1794658  -1.5514099 2026 01 14 22 54 10.58
0  -3665.41387   3185.66304  -5312.50855  -3.2287427  -6.2388900  -1.4381353 2026 01 14 22 54 30.58
0  -3729.38805   3060.31269  -5340.13163  -3.1685194  -6.2958685  -1.3241973 2026 01 14 22 54 50.58
0  -3792.14555   2933.84749  -5365.46984  -3.1070808  -6.3503770  -1.2096464 2026 01 14 22 55 10.58
0  -3853.66226   2806.31707  -5388.51141  -3.0444463  -6.4023923  -1.0945337 2026 01 14 22 55 30.58
0  -3913.91448   2677.77150  -5409.24564  -2.9806362  -6.4518926  -0.9789107 2026 01 14 22 55 50.58
0  -3972.87889   2548.26130  -5427.66284  -2.9156710  -6.4988568  -0.8628289 2026 01 14 22 56 10.58
0  -4030.53260   2417.83739  -5443.75436  -2.8495720  -6.5432655  -0.7463405 2026 01 14 22 56 30.58
0  -4086.85317   2286.55105  -5457.51258  -2.7823609  -6.5851000  -0.6294977 2026 01 14 22 56 50.58
0  -4141.81857   2154.45394  -5468.93096  -2.7140601  -6.6243431  -0.5123530 2026 01 14 22 57 10.58
0  -4195.40724   2021.59805  -5478.00398  -2.6446923  -6.6609787  -0.3949590 2026 01 14 22 57 30.58
0  -4247.59807   1888.03567  -5484.72718  -2.5742809  -6.6949919  -0.2773688 2026 01 14 22 57 50.58
0  -4298.37043   1753.81938  -5489.09717  -2.5028498  -6.7263690  -0.1596352 2026 01 14 22 58 10.58
0  -4347.70418   1619.00203  -5491.11163  -2.4304233  -6.7550976  -0.0418115 2026 01 14 22 58 30.58
0  -4395.57965   1483.63669  -5490.76927  -2.3570262  -6.7811666   0.0760491 2026 01 14 22 58 50.58
0  -4441.97768   1347.77666  -5488.06990  -2.2826840  -6.8045660   0.1938935 2026 01 14 22 59 10.58
0  -4486.87965   1211.47541  -5483.01437  -2.2074223  -6.8252871   0.3116682 2026 01 14 22 59 30.58
0  -4530.26740   1074.78657  -5475.60461  -2.1312674  -6.8433224   0.4293200 2026 01 14 22 59 50.58
0  -4572.12336    937.76391  -5465.84361  -2.0542459  -6.8586659   0.5467957 2026 01 14 23 00 10.58
0  -4612.43046    800.46133  -5453.73542  -1.9763851  -6.8713127   0.6640420 2026 01 14 23 00 30.58
0  -4651.17219    662.93278  -5439.28515  -1.8977124  -6.8812590   0.7810060 2026 01 14 23 00 50.58
0  -4688.33260    525.23230  -5422.49899  -1.8182557  -6.8885027   0.8976347 2026 01 14 23 01 10.58
0  -4723.89627    387.41395  -5403.38416  -1.7380433  -6.8930425   1.0138754 2026 01 14 23 01 30.58
0  -4757.84840    249.53179  -5381.94895  -1.6571039  -6.8948787   1.1296753 2026 01 14 23 01 50.58
0  -4790.17472    111.63988  -5358.20269  -1.5754666  -6.8940129   1.2449823 2026 01 14 23 02 10.58
0  -4820.86158    -26.20776  -5332.15576  -1.4931608  -6.8904476   1.3597443 2026 01 14 23 02 30.58
0  -4849.89590   -163.95720  -5303.81958  -1.4102161  -6.8841869   1.4739093 2026 01 14 23 02 50.58
0  -4877.26520   -301.55457  -5273.20659  -1.3266627  -6.8752362   1.5874260 2026 01 14 23 03 10.58
0  -4902.95761   -438.94615  -5240.33027  -1.2425307  -6.8636019   1.7002432 2026 01 14 23 03 30.58
0  -4926.96187   -576.07834  -5205.20511  -1.1578509  -6.8492919   1.8123101 2026 01 14 23 03 50.58
0  -4949.26732   -712.89772  -5167.84662  -1.0726541  -6.8323151   1.9235763 2026 01 14 23 04 10.58
0  -4969.86393   -849.35106  -5128.27131  -0.9869716  -6.8126818   2.0339920 2026 01 14 23 04 30.58
0  -4988.74231   -985.38535  -5086.49667  -0.9008345  -6.7904037   2.1435077 2026 01 14 23 04 50.58
0  -5005.89367  -1120.94781  -5042.54120  -0.8142746  -6.7654933   2.2520744 2026 01 14 23 05 10.58
0  -5021.30989  -1255.98595  -4996.42435  -0.7273237  -6.7379647   2.3596436 2026 01 14 23 05 30.58
0  -5034.98344  -1390.44754  -4948.16654  -0.6400137  -6.7078331   2.4661675 2026 01 14 23 05 50.58
0  -5046.90748  -1524.28069  -4897.78915  -0.5523767  -6.6751147   2.5715987 2026 01 14 23 06 10.58
0  -5057.07578  -1657.43385  -4845.31450  -0.4644452  -6.6398271   2.6758904 2026 01 14 23 06 30.58
0  -5065.48277  -1789.85580  -4790.76584  -0.3762516  -6.6019890   2.7789966 2026 01 14 23 06 50.58
0  -5072.12355  -1921.49574  -4734.16731  -0.2878284  -6.5616203   2.8808717 2026 01 14 23 07 10.58
0  -5076.99383  -2052.30326  -4675.54400  -0.1992083  -6.5187419   2.9814711 2026 01 14 23 07 30.58
0  -5080.09001  -2182.22839  -4614.92184  -0.1104241  -6.4733759   3.0807505 2026 01 14 23 07 50.58
0  -5081.40914  -2311.22161  -4552.32767  -0.0215086  -6.4255457   3.1786667 2026 01 14 23 08 10.58
0  -5080.94890  -2439.23386  -4487.78917   0.0675053  -6.3752754   3.2751770 2026 01 14 23 08 30.58
0  -5078.70768  -2566.21661  -4421.33488   0.1565846  -6.3225905   3.3702395 2026 01 14 23 08 50.58
0  -5074.68447  -2692.12181  -4352.99416   0.2456964  -6.2675175   3.4638132 2026 01 14 23 09 10.58
0  -5068.87897  -2816.90198  -4282.79718   0.3348077  -6.2100837   3.5558579 2026 01 14 23 09 30.58
0  -5061.29150  -2940.51017  -4210.77492   0.4238857  -6.1503177   3.6463340 2026 01 14 23 09 50.58
0  -5051.92307  -3062.90004  -4136.95912   0.5128974  -6.0882490   3.7352031 2026 01 14 23 10 10.58
0  -5040.77532  -3184.02584  -4061.38231   0.6018099  -6.0239079   3.8224274 2026 01 14 23 10 30.58
0  -5027.85057  -3303.84241  -3984.07773   0.6905904  -5.9573261   3.9079701 2026 01 14 23 10 50.58
0  -5013.15178  -3422.30527  -3905.07940   0.7792062  -5.8885356   3.9917953 2026 01 14 23 11 10.58
0  -4996.68257  -3539.37057  -3824.42199   0.8676247  -5.8175700   4.0738680 2026 01 14 23 11 30.58
0  -4978.44721  -3654.99513  -3742.14089   0.9558133  -5.7444631   4.1541542 2026 01 14 23 11 50.58
0  -4958.45063  -3769.13649  -3658.27218   1.0437397  -5.6692502   4.2326207 2026 01 14 23 12 10.58
0  -4936.69839  -3881.75287  -3572.85256   1.1313717  -5.5919669   4.3092355 2026 01 14 23 12 30.58
0  -4913.19670  -3992.80323  -3485.91937   1.2186770  -5.5126500   4.3839673 2026 01 14 23 12 50.58
0  -4887.95242  -4102.24725  -3397.51058   1.3056238  -5.4313369   4.4567861 2026 01 14 23 13 10.58
0  -4860.97302  -4210.04539  -3307.66474   1.3921804  -5.3480657   4.5276626 2026 01 14 23 13 30.58
0  -4832.26663  -4316.15888  -3216.42097   1.4783152  -5.2628755   4.5965688 2026 01 14 23 13 50.58
0  -4801.84201  -4420.54973  -3123.81896   1.5639970  -5.1758059   4.6634775 2026 01 14 23 14 10.58
0  -4769.70852  -4523.18073  -3029.89891   1.6491946  -5.0868972   4.7283627 2026 01 14 23 14 30.58
0  -4735.87616  -4624.01552  -2934.70155   1.7338771  -4.9961904   4.7911994 2026 01 14 23 14 50.58
0  -4700.35553  -4723.01855  -2838.26808   1.8180141  -4.9037272   4.8519635 2026 01 14 23 15 10.58
0  -4663.15785  -4820.15509  -2740.64019   1.9015753  -4.8095497   4.9106322 2026 01 14 23 15 30.58
0  -4624.29494  -4915.39130  -2641.86000   1.9845305  -4.7137008   4.9671836 2026 01 14 23 15 50.58
0  -4583.77923  -5008.69416  -2541.97008   2.0668500  -4.6162239   5.0215970 2026 01 14 23 16 10.58
0  -4541.62371  -5100.03156  -2441.01337   2.1485045  -4.5171629   5.0738526 2026 01 14 23 16 30.58
0  -4497.84198  -5189.37225  -2339.03323   2.2294649  -4.4165621   5.1239319 2026 01 14 23 16 50.58
0  -4452.44823  -5276.68588  -2236.07336   2.3097024  -4.3144665   5.1718173 2026 01 14 23 17 10.58
0  -4405.45718  -5361.94300  -2132.17780   2.3891885  -4.2109212   5.2174925 2026 01 14 23 17 30.58
0  -4356.88416  -5445.11507  -2027.39092   2.4678953  -4.1059721   5.2609419 2026 01 14 23 17 50.58
0  -4306.74502  -5526.17447  -1921.75736   2.5457950  -3.9996653   5.3021515 2026 01 14 23 18 10.58
0  -4255.05620  -5605.09452  -1815.32208   2.6228603  -3.8920471   5.3411079 2026 01 14 23 18 30.58
0  -4201.83464  -5681.84944  -1708.13024   2.6990643  -3.7831645   5.3777991 2026 01 14 23 18 50.58
0  -4147.09785  -5756.41441  -1600.22728   2.7743804  -3.6730645   5.4122142 2026 01 14 23 19 10.58
0  -4090.86384  -5828.76557  -1491.65881   2.8487825  -3.5617944   5.4443431 2026 01 14 23 19 30.58
0  -4033.15116  -5898.87999  -1382.47065   2.9222450  -3.4494021   5.4741771 2026 01 14 23 19 50.58
0  -3973.97886  -5966.73569  -1272.70877   2.9947425  -3.3359352   5.5017084 2026 01 14 23 20 10.58
0  -3913.36649  -6032.31166  -1162.41931   3.0662501  -3.2214419   5.5269303 2026 01 14 23 20 30.58
0  -3851.33409  -6095.58787  -1051.64850   3.1367434  -3.1059705   5.5498371 2026 01 14 23 20 50.58
0  -3787.90220  -6156.54522   -940.44271   3.2061985  -2.9895692   5.5704244 2026 01 14 23 21 10.58
0  -3723.09181  -6215.16561   -828.84835   3.2745919  -2.8722866   5.5886886 2026 01 14 23 21 30.58
0  -3656.92441  -6271.43190   -716.91192   3.3419003  -2.7541714   5.6046273 2026 01 14 23 21 50.58
0  -3589.42190  -6325.32792   -604.67994   3.4081014  -2.6352721   5.6182391 2026 01 14 23 22 10.58
0  -3520.60668  -6376.83847   -492.19896   3.4731728  -2.5156375   5.6295235 2026 01 14 23 22 30.58
0  -3450.50154  -6425.94935   -379.51552   3.5370931  -2.3953164   5.6384813 2026 01 14 23 22 50.58
0  -3379.12973  -6472.64731   -266.67614   3.5998409  -2.2743574   5.6451140 2026 01 14 23 23 10.58
0  -3306.51491  -6516.92007   -153.72729   3.6613956  -2.1528094   5.6494244 2026 01 14 23 23 30.58
0  -3232.68114  -6558.75636    -40.71539   3.7217370  -2.0307209   5.6514162 2026 01 14 23 23 50.58
0  -3157.65290  -6598.14584     72.31323   3.7808453  -1.9081406   5.6510939 2026 01 14 23 24 10.58
0  -3081.45503  -6635.07917    185.31235   3.8387015  -1.7851169   5.6484632 2026 01 14 23 24 30.58
0  -3004.11276  -6669.54796    298.23586   3.8952867  -1.6616983   5.6435308 2026 01 14 23 24 50.58
0  -2925.65172  -6701.54480    411.03781   3.9505827  -1.5379330   5.6363040 2026 01 14 23 25 10.58
0  -2846.09784  -6731.06325    523.67238   4.0045719  -1.4138691   5.6267915 2026 01 14 23 25 30.58
0  -2765.47745  -6758.09781    636.09397   4.0572370  -1.2895544   5.6150025 2026 01 14 23 25 50.58
0  -2683.81720  -6782.64394    748.25713   4.1085613  -1.1650367   5.6009475 2026 01 14 23 26 10.58
0  -2601.14406  -6804.69807    860.11666   4.1585287  -1.0403636   5.5846376 2026 01 14 23 26 30.58
0  -2517.48534  -6824.25756    971.62759   4.2071235  -0.9155821   5.5660849 2026 01 14 23 26 50.58
0  -2432.86862  -6841.32071   1082.74518   4.2543306  -0.7907394   5.5453025 2026 01 14 23 27 10.58
0  -2347.32183  -6855.88678   1193.42498   4.3001352  -0.6658822   5.5223040 2026 01 14 23 27 30.58
0  -2260.87314  -6867.95593   1303.62282   4.3445232  -0.5410569   5.4971043 2026 01 14 23 27 50.58
0  -2173.55102  -6877.52928   1413.29482   4.3874811  -0.4163096   5.4697187 2026 01 14 23 28 10.58
0  -2085.38421  -6884.60884   1522.39743   4.4289957  -0.2916862   5.4401637 2026 01 14 23 28 30.58
0  -1996.40170  -6889.19754   1630.88743   4.4690544  -0.1672320   5.4084563 2026 01 14 23 28 50.58
0  -1906.63273  -6891.29923   1738.72196   4.5076452  -0.0429922   5.3746144 2026 01 14 23 29 10.58
0  -1816.10677  -6890.91864   1845.85850   4.5447564   0.0809884   5.3386567 2026 01 14 23 29 30.58
0  -1724.85352  -6888.06140   1952.25494   4.5803770   0.2046656   5.3006025 2026 01 14 23 29 50.58
0  -1632.90290  -6882.73403   2057.86955   4.6144964   0.3279953   5.2604721 2026 01 14 23 30 10.58
0  -1540.28503  -6874.94390   2162.66102   4.6471046   0.4509341   5.2182863 2026 01 14 23 30 30.58
0  -1447.03023  -6864.69927   2266.58844   4.6781920   0.5734388   5.1740667 2026 01 14 23 30 50.58
0  -1353.16899  -6852.00926   2369.61137   4.7077496   0.6954668   5.1278355 2026 01 14 23 31 10.58
0  -1258.73201  -6836.88381   2471.68980   4.7357688   0.8169758   5.0796157 2026 01 14 23 31 30.58
0  -1163.75013  -6819.33374   2572.78421   4.7622416   0.9379240   5.0294309 2026 01 14 23 31 50.58
0  -1068.25435  -6799.37066   2672.85552   4.7871604   1.0582701   4.9773053 2026 01 14 23 32 10.58
0   -972.27582  -6777.00702   2771.86517   4.8105181   1.1779734   4.9232637 2026 01 14 23 32 30.58
0   -875.84581  -6752.25610   2869.77510   4.8323082   1.2969935   4.8673317 2026 01 14 23 32 50.58
0   -778.99575  -6725.13195   2966.54775   4.8525245   1.4152906   4.8095353 2026 01 14 23 33 10.58
0   -681.75716  -6695.64943   3062.14611   4.8711616   1.5328253   4.7499012 2026 01 14 23 33 30.58
0   -584.16167  -6663.82417   3156.53369   4.8882141   1.6495588   4.6884565 2026 01 14 23 33 50.58
0   -486.24103  -6629.67258   3249.67456   4.9036775   1.7654529   4.6252290 2026 01 14 23 34 10.58
0   -388.02704  -6593.21182   3341.53334   4.9175476   1.8804697   4.5602471 2026 01 14 23 34 30.58
0   -289.55162  -6554.45981   3432.07523   4.9298207   1.9945721   4.4935394 2026 01 14 23 34 50.58
0   -190.84672  -6513.43521   3521.26601   4.9404935   2.1077235   4.4251354 2026 01 14 23 35 10.58
0    -91.94439  -6470.15740   3609.07204   4.9495632   2.2198876   4.3550648 2026 01 14 23 35 30.58
0      7.12331  -6424.64648   3695.46029   4.9570276   2.3310288   4.2833578 2026 01 14 23 35 50.58
0    106.32423  -6376.92326   3780.39835   4.9628847   2.4411123   4.2100452 2026 01 14 23 36 10.58
0    205.62623  -6327.00922   3863.85440   4.9671331   2.5501035   4.1351582 2026 01 14 23 36 30.58
0    304.99713  -6274.92656   3945.79728   4.9697719   2.6579686   4.0587283 2026 01 14 23 36 50.58
0    404.40474  -6220.69814   4026.19644   4.9708005   2.7646743   3.9807875 2026 01 14 23 37 10.58
0    503.81684  -6164.34746   4105.02198   4.9702188   2.8701877   3.9013683 2026 01 14 23 37 30.58
0    603.20124  -6105.89869   4182.24467   4.9680273   2.9744769   3.8205034 2026 01 14 23 37 50.58
0    702.52575  -6045.37663   4257.83591   4.9642266   3.0775101   3.7382259 2026 01 14 23 38 10.58
0    801.75820  -5982.80671   4331.76779   4.9588180   3.1792565   3.6545694 2026 01 14 23 38 30.58
0    900.86646  -5918.21496   4404.01305   4.9518030   3.2796856   3.5695678 2026 01 14 23 38 50.58
0    999.81841  -5851.62804   4474.54515   4.9431839   3.3787677   3.4832552 2026 01 14 23 39 10.58
0   1098.58201  -5783.07316   4543.33819   4.9329630   3.4764734   3.3956661 2026 01 14 23 39 30.58
0   1197.12524  -5712.57815   4610.36699   4.9211433   3.5727743   3.3068353 2026 01 14 23 39 50.58
0   1295.41616  -5640.17138   4675.60706   4.9077280   3.6676422   3.2167980 2026 01 14 23 40 10.58
0   1393.42290  -5565.88178   4739.03463   4.8927208   3.7610498   3.1255895 2026 01 14 23 40 30.58
0   1491.11367  -5489.73882   4800.62661   4.8761259   3.8529701   3.0332455 2026 01 14 23 40 50.58
0   1588.45674  -5411.77252   4860.36066   4.8579478   3.9433770   2.9398018 2026 01 14 23 41 10.58
0   1685.42052  -5332.01340   4918.21514   4.8381914   4.0322448   2.8452946 2026 01 14 23 41 30.58
0   1781.97348  -5250.49248   4974.16913   4.8168620   4.1195485   2.7497603 2026 01 14 23 41 50.58
0   1878.08423  -5167.24129   5028.20246   4.7939653   4.2052636   2.6532356 2026 01 14 23 42 10.58
0   1973.72147  -5082.29186   5080.29568   4.7695073   4.2893662   2.5557571 2026 01 14 23 42 30.58
0   2068.85404  -4995.67664   5130.43008   4.7434946   4.3718331   2.4573619 2026 01 14 23 42 50.58
0   2163.45093  -4907.42860   5178.58768   4.7159341   4.4526417   2.3580873 2026 01 14 23 43 10.58
0   2257.48124  -4817.58111   5224.75128   4.6868329   4.5317697   2.2579705 2026 01 14 23 43 30.58
0   2350.91423  -4726.16801   5268.90440   4.6561986   4.6091959   2.1570491 2026 01 14 23 43 50.58
0   2443.71932  -4633.22353   5311.03132   4.6240393   4.6848992   2.0553608 2026 01 14 23 44 10.58
0   2535.86609  -4538.78235   5351.11707   4.5903633   4.7588594   1.9529435 2026 01 14 23 44 30.58
0   2627.32430  -4442.87951   5389.14746   4.5551794   4.8310568   1.8498351 2026 01 14 23 44 50.58
0   2718.06387  -4345.55047   5425.10902   4.5184966   4.9014722   1.7460738 2026 01 14 23 45 10.58
0   2808.05492  -4246.83106   5458.98909   4.4803244   4.9700872   1.6416977 2026 01 14 23 45 30.58
0   2897.26775  -4146.75746   5490.77574   4.4406726   5.0368837   1.5367452 2026 01 14 23 45 50.58
0   2985.67288  -4045.36623   5520.45784   4.3995515   5.1018445   1.4312547 2026 01 14 23 46 10.58
0   3073.24102  -3942.69424   5548.02499   4.3569715   5.1649528   1.3252647 2026 01 14 23 46 30.58
0   3159.94310  -3838.77870   5573.46759   4.3129437   5.2261923   1.2188139 2026 01 14 23 46 50.58
0   3245.75027  -3733.65717   5596.77681   4.2674791   5.2855475   1.1119408 2026 01 14 23 47 10.58
0   3330.63391  -3627.36746   5617.94459   4.2205895   5.3430033   1.0046843 2026 01 14 23 47 30.58
0   3414.56563  -3519.94773   5636.96364   4.1722869   5.3985453   0.8970832 2026 01 14 23 47 50.58
0   3497.51730  -3411.43638   5653.82746   4.1225835   5.4521597   0.7891762 2026 01 14 23 48 10.58
0   3579.46102  -3301.87210   5668.53031   4.0714920   5.5038330   0.6810022 2026 01 14 23 48 30.58
0   3660.36917  -3191.29386   5681.06724   4.0190255   5.5535527   0.5726001 2026 01 14 23 48 50.58
0   3740.21436  -3079.74084   5691.43408   3.9651973   5.6013064   0.4640089 2026 01 14 23 49 10.58
0   3818.96950  -2967.25249   5699.62743   3.9100211   5.6470828   0.3552675 2026 01 14 23 49 30.58
0   3896.60777  -2853.86847   5705.64467   3.8535110   5.6908707   0.2464149 2026 01 14 23 49 50.58
0   3973.10263  -2739.62865   5709.48398   3.7956815   5.7326597   0.1374898 2026 01 14 23 50 10.58
0   4048.42783  -2624.57312   5711.14428   3.7365472   5.7724399   0.0285314 2026 01 14 23 50 30.58
0   4122.55743  -2508.74215   5710.62530   3.6761233   5.8102021  -0.0804215 2026 01 14 23 50 50.58
0   4195.46579  -2392.17619   5707.92754   3.6144252   5.8459375  -0.1893300 2026 01 14 23 51 10.58
0   4267.12758  -2274.91586   5703.05227   3.5514687   5.8796379  -0.2981552 2026 01 14 23 51 30.58
0   4337.51779  -2157.00196   5696.00155   3.4872700   5.9112957  -0.4068584 2026 01 14 23 51 50.58
0   4406.61174  -2038.47539   5686.77821   3.4218454   5.9409039  -0.5154008 2026 01 14 23 52 10.58
0   4474.38507  -1919.37723   5675.38585   3.3552119   5.9684559  -0.6237437 2026 01 14 23 52 30.58
0   4540.81378  -1799.74867   5661.82885   3.2873865   5.9939459  -0.7318484 2026 01 14 23 52 50.58
0   4605.87419  -1679.63099   5646.11236   3.2183868   6.0173685  -0.8396764 2026 01 14 23 53 10.58
0   4669.54301  -1559.06561   5628.24230   3.1482306   6.0387189  -0.9471891 2026 01 14 23 53 30.58
0   4731.79728  -1438.09401   5608.22537   3.0769361   6.0579928  -1.0543483 2026 01 14 23 53 50.58
0   4792.61442  -1316.75777   5586.06901   3.0045217   6.0751865  -1.1611155 2026 01 14 23 54 10.58
0   4851.97221  -1195.09852   5561.78146   2.9310064   6.0902970  -1.2674526 2026 01 14 23 54 30.58
0   4909.84884  -1073.15796   5535.37169   2.8564093   6.1033217  -1.3733215 2026 01 14 23 54 50.58
0   4966.22285   -950.97783   5506.84946   2.7807499   6.1142585  -1.4786842 2026 01 14 23 55 10.58
0   5021.07320   -828.59991   5476.22527   2.7040483   6.1231060  -1.5835029 2026 01 14 23 55 30.58
0   5074.37924   -706.06599   5443.51039   2.6263244   6.1298633  -1.6877398 2026 01 14 23 55 50.58
0   5126.12074   -583.41789   5408.71682   2.5475990   6.1345302  -1.7913575 2026 01 14 23 56 10.58
0   5176.27788   -460.69742   5371.85734   2.4678928   6.1371067  -1.8943183 2026 01 14 23 56 30.58
0   5224.83124   -337.94637   5332.94544   2.3872272   6.1375938  -1.9965852 2026 01 14 23 56 50.58
0   5271.76186   -215.20653   5291.99540   2.3056237   6.1359927  -2.0981210 2026 01 14 23 57 10.58
0   5317.05119    -92.51964   5249.02221   2.2231041   6.1323054  -2.1988888 2026 01 14 23 57 30.58
0   5360.68114     30.07259   5204.04159   2.1396907   6.1265344  -2.2988519 2026 01 14 23 57 50.58
0   5402.63406    152.52851   5157.07001   2.0554062   6.1186826  -2.3979737 2026 01 14 23 58 10.58
0   5442.89276    274.80656   5108.12467   1.9702733   6.1087537  -2.4962178 2026 01 14 23 58 30.58
0   5481.44049    396.86521   5057.22348   1.8843154   6.0967519  -2.5935482 2026 01 14 23 58 50.58
0   5518.26100    518.66307   5004.38509   1.7975560   6.0826819  -2.6899290 2026 01 14 23 59 10.58
0   5553.33849    640.15881   4949.62884   1.7100190   6.0665489  -2.7853244 2026 01 14 23 59 30.58
0   5586.65766    761.31124   4892.97481   1.6217288   6.0483589  -2.8796991 2026 01 14 23 59 50.58
0   5618.20368    882.07928   4834.44377   1.5327097   6.0281182  -2.9730177 2026 01 15 00 00 10.58
0   5647.96224   1002.42198   4774.05719   1.4429868   6.0058338  -3.0652455 2026 01 15 00 00 30.58
0   5675.91950   1122.29855   4711.83724   1.3525854   5.9815134  -3.1563477 2026 01 15 00 00 50.58
0   5702.06216   1241.66835   4647.80678   1.2615308   5.9551650  -3.2462899 2026 01 15 00 01 10.58
0   5726.37741   1360.49090   4581.98936   1.1698491   5.9267973  -3.3350380 2026 01 15 00 01 30.58
0   5748.85297   1478.72591   4514.40920   1.0775664   5.8964197  -3.4225582 2026 01 15 00 01 50.58
0   5769.47708   1596.33329   4445.09121   0.9847093   5.8640420  -3.5088170 2026 01 15 00 02 10.58
0   5788.23854   1713.27313   4374.06094   0.8913046   5.8296746  -3.5937813 2026 01 15 00 02 30.58
0   5805.12665   1829.50576   4301.34462   0.7973795   5.7933285  -3.6774180 2026 01 15 00 02 50.58
0   5820.13130   1944.99171   4226.96912   0.7029615   5.7550153  -3.7596948 2026 01 15 00 03 10.58
0   5833.24288   2059.69178   4150.96199   0.6080783   5.7147472  -3.8405795 2026 01 15 00 03 30.58
0   5844.45240   2173.56698   4073.35137   0.5127580   5.6725369  -3.9200402 2026 01 15 00 03 50.58
0   5853.75138   2286.57862   3994.16607   0.4170291   5.6283976  -3.9980455 2026 01 15 00 04 10.58
0   5861.13195   2398.68825   3913.43551   0.3209203   5.5823435  -4.0745643 2026 01 15 00 04 30.58
0   5866.58680   2509.85773   3831.18972   0.2244605   5.5343888  -4.1495661 2026 01 15 00 04 50.58
0   5870.10919   2620.04919   3747.45937   0.1276791   5.4845487  -4.2230205 2026 01 15 00 05 10.58
0   5871.69300   2729.22509   3662.27569   0.0306056   5.4328388  -4.2948976 2026 01 15 00 05 30.58
0   5871.33269   2837.34819   3575.67053  -0.0667300   5.3792753  -4.3651682 2026 01 15 00 05 50.58
0   5869.02330   2944.38160   3487.67631  -0.1642976   5.3238751  -4.4338032 2026 01 15 00 06 10.58
0   5864.76051   3050.28877   3398.32603  -0.2620668   5.2666557  -4.5007741 2026 01 15 00 06 30.58
0   5858.54060   3155.03348   3307.65325  -0.3600069   5.2076348  -4.5660530 2026 01 15 00 06 50.58
0   5850.36044   3258.57989   3215.69211  -0.4580869   5.1468313  -4.6296121 2026 01 15 00 07 10.58
0   5840.21756   3360.89256   3122.47725  -0.5562756   5.0842641  -4.6914245 2026 01 15 00 07 30.58
0   5828.11010   3461.93641   3028.04388  -0.6545415   5.0199531  -4.7514636 2026 01 15 00 07 50.58
0   5814.03683   3561.67676   2932.42774  -0.7528528   4.9539185  -4.8097034 2026 01 15 00 08 10.58
0   5797.99716   3660.07936   2835.66507  -0.8511776   4.8861814  -4.8661183 2026 01 15 00 08 30.58
0   5779.99114   3757.11037   2737.79260  -0.9494836   4.8167632  -4.9206834 2026 01 15 00 08 50.58
0   5760.01947   3852.73641   2638.84759  -1.0477386   4.7456859  -4.9733743 2026 01 15 00 09 10.58
0   5738.08350   3946.92451   2538.86777  -1.1459097   4.6729723  -5.0241671 2026 01 15 00 09 30.58
0   5714.18523   4039.64218   2437.89131  -1.2439641   4.5986456  -5.0730386 2026 01 15 00 09 50.58
0   5688.32732   4130.85741   2335.95688  -1.3418688   4.5227297  -5.1199661 2026 01 15 00 10 10.58
0   5660.51311   4220.53865   2233.10358  -1.4395904   4.4452489  -5.1649276 2026 01 15 00 10 30.58
0   5630.74657   4308.65487   2129.37095  -1.5370956   4.3662281  -5.2079016 2026 01 15 00 10 50.58
0   5599.03238   4395.17551   2024.79893  -1.6343508   4.2856931  -5.2488674 2026 01 15 00 11 10.58
0   5565.37587   4480.07056   1919.42791  -1.7313220   4.2036698  -5.2878049 2026 01 15 00 11 30.58
0   5529.78306   4563.31052   1813.29863  -1.8279755   4.1201851  -5.3246945 2026 01 15 00 11 50.58
0   5492.26065   4644.86644   1706.45225  -1.9242770   4.0352661  -5.3595175 2026 01 15 00 12 10.58
0   5452.81600   4724.70991   1598.93027  -2.0201924   3.9489406  -5.3922558 2026 01 15 00 12 30.58
0   5411.45718   4802.81308   1490.77457  -2.1156874   3.8612371  -5.4228920 2026 01 15 00 12 50.58
0   5368.19295   4879.14869   1382.02735  -2.2107273   3.7721844  -5.4514094 2026 01 15 00 13 10.58
0   5323.03275   4953.69004   1272.73116  -2.3052778   3.6818121  -5.4777921 2026 01 15 00 13 30.58
0   5275.98671   5026.41105   1162.92883  -2.3993040   3.5901502  -5.5020248 2026 01 15 00 13 50.58
0   5227.06567   5097.28623   1052.66351  -2.4927713   3.4972293  -5.5240932 2026 01 15 00 14 10.58
0   5176.28113   5166.29070    941.97862  -2.5856449   3.4030803  -5.5439836 2026 01 15 00 14 30.58
0   5123.64533   5233.40023    830.91786  -2.6778900   3.3077351  -5.5616831 2026 01 15 00 14 50.58
0   5069.17118   5298.59122    719.52516  -2.7694715   3.2112256  -5.5771796 2026 01 15 00 15 10.58
0   5012.87230   5361.84069    607.84470  -2.8603547   3.1135847  -5.5904618 2026 01 15 00 15 30.58
0   4954.76300   5423.12635    495.92086  -2.9505046   3.0148454  -5.6015193 2026 01 15 00 15 50.58
0   4894.85830   5482.42658    383.79824  -3.0398863   2.9150415  -5.6103425 2026 01 15 00 16 10.58
0   4833.17390   5539.72041    271.52161  -3.1284648   2.8142071  -5.6169225 2026 01 15 00 16 30.58
0   4769.72622   5594.98759    159.13592  -3.2162053   2.7123769  -5.6212515 2026 01 15 00 16 50.58
0   4704.53236   5648.20854     46.68626  -3.3030731   2.6095860  -5.6233224 2026 01 15 00 17 10.58
0   4637.61012   5699.36441    -65.78215  -3.3890332   2.5058700  -5.6231291 2026 01 15 00 17 30.58
0   4568.97800   5748.43705   -178.22397  -3.4740511   2.4012650  -5.6206662 2026 01 15 00 17 50.58
0   4498.65519   5795.40905   -290.59376  -3.5580922   2.2958075  -5.6159294 2026 01 15 00 18 10.58
0   4426.66157   5840.26372   -402.84601  -3.6411219   2.1895344  -5.6089152 2026 01 15 00 18 30.58
0   4353.01770   5882.98513   -514.93515  -3.7231061   2.0824832  -5.5996212 2026 01 15 00 18 50.58
0   4277.74484   5923.55807   -626.81555  -3.8040104   1.9746917  -5.5880456 2026 01 15 00 19 10.58
0   4200.86493   5961.96814   -738.44158  -3.8838008   1.8661979  -5.5741879 2026 01 15 00 19 30.58
0   4122.40058   5998.20166   -849.76760  -3.9624435   1.7570407  -5.5580482 2026 01 15 00 19 50.58
0   4042.37509   6032.24575   -960.74797  -4.0399049   1.6472589  -5.5396279 2026 01 15 00 20 10.58
0   3960.81241   6064.08832  -1071.33711  -4.1161515   1.5368919  -5.5189292 2026 01 15 00 20 30.58
0   3877.73716   6093.71805  -1181.48948  -4.1911502   1.4259794  -5.4959552 2026 01 15 00 20 50.58
0   3793.17465   6121.12443  -1291.15960  -4.2648679   1.3145615  -5.4707101 2026 01 15 00 21 10.58
0   3707.15082   6146.29775  -1400.30212  -4.3372720   1.2026785  -5.4431991 2026 01 15 00 21 30.58
0   3619.69226   6169.22912  -1508.87176  -4.4083300   1.0903712  -5.4134282 2026 01 15 00 21 50.58
0   3530.82622   6189.91045  -1616.82339  -4.4780101   0.9776806  -5.3814048 2026 01 15 00 22 10.58
0   3440.58058   6208.33449  -1724.11206  -4.5462803   0.8646479  -5.3471369 2026 01 15 00 22 30.58
0   3348.98385   6224.49481  -1830.69295  -4.6131092   0.7513147  -5.3106337 2026 01 15 00 22 50.58
0   3256.06516   6238.38582  -1936.52146  -4.6784659   0.6377229  -5.2719053 2026 01 15 00 23 10.58
0   3161.85428   6250.00277  -2041.55320  -4.7423197   0.5239144  -5.2309631 2026 01 15 00 23 30.58
0   3066.38157   6259.34173  -2145.74399  -4.8046403   0.4099316  -5.1878191 2026 01 15 00 23 50.58
0   2969.67799   6266.39964  -2249.04996  -4.8653979   0.2958169  -5.1424866 2026 01 15 00 24 10.58
0   2871.77510   6271.17430  -2351.42745  -4.9245630   0.1816129  -5.0949800 2026 01 15 00 24 30.58
0   2772.70504   6273.66434  -2452.83314  -4.9821068   0.0673626  -5.0453144 2026 01 15 00 24 50.58
0   2672.50053   6273.86927  -2553.22401  -5.0380008  -0.0468912  -4.9935062 2026 01 15 00 25 10.58
0   2571.19484   6271.78944  -2652.55738  -5.0922170  -0.1611053  -4.9395729 2026 01 15 00 25 30.58
0   2468.82182   6267.42608  -2750.79092  -5.1447281  -0.2752365  -4.8835326 2026 01 15 00 25 50.58
0   2365.41584   6260.78128  -2847.88270  -5.1955070  -0.3892414  -4.8254049 2026 01 15 00 26 10.58
0   2261.01181   6251.85800  -2943.79116  -5.2445274  -0.5030768  -4.7652101 2026 01 15 00 26 30.58
0   2155.64516   6240.66006  -3038.47517  -5.2917637  -0.6166992  -4.7029696 2026 01 15 00 26 50.58
0   2049.35184   6227.19217  -3131.89405  -5.3371905  -0.7300650  -4.6387060 2026 01 15 00 27 10.58
0   1942.16828   6211.45987  -3224.00756  -5.3807833  -0.8431308  -4.5724427 2026 01 15 00 27 30.58
0   1834.13140   6193.46962  -3314.77596  -5.4225182  -0.9558532  -4.5042042 2026 01 15 00 27 50.58
0   1725.27862   6173.22872  -3404.15999  -5.4623718  -1.0681886  -4.4340159 2026 01 15 00 28 10.58
0   1615.64777   6150.74533  -3492.12091  -5.5003216  -1.1800937  -4.3619042 2026 01 15 00 28 30.58
0   1505.27717   6126.02850  -3578.62055  -5.5363456  -1.2915252  -4.2878967 2026 01 15 00 28 50.58
0   1394.20555   6099.08814  -3663.62126  -5.5704225  -1.4024397  -4.2120217 2026 01 15 00 29 10.58
0   1282.47206   6069.93502  -3747.08600  -5.6025318  -1.5127942  -4.1343087 2026 01 15 00 29 30.58
0   1170.11625   6038.58076  -3828.97829  -5.6326537  -1.6225457  -4.0547879 2026 01 15 00 29 50.58
0   1057.17808   6005.03787  -3909.26231  -5.6607692  -1.7316513  -3.9734908 2026 01 15 00 30 10.58
0    943.69785   5969.31969  -3987.90285  -5.6868599  -1.8400684  -3.8904495 2026 01 15 00 30 30.58
0    829.71625   5931.44041  -4064.86535  -5.7109084  -1.9477546  -3.8056972 2026 01 15 00 30 50.58
0    715.27428   5891.41508  -4140.11594  -5.7328980  -2.0546675  -3.7192680 2026 01 15 00 31 10.58
0    600.41329   5849.25959  -4213.62144  -5.7528128  -2.1607652  -3.6311969 2026 01 15 00 31 30.58
0    485.17494   5804.99065  -4285.34937  -5.7706377  -2.2660061  -3.5415197 2026 01 15 00 31 50.58
0    369.60117   5758.62583  -4355.26797  -5.7863585  -2.3703486  -3.4502733 2026 01 15 00 32 10.58
0    253.73419   5710.18350  -4423.34624  -5.7999618  -2.4737517  -3.3574952 2026 01 15 00 32 30.58
0    137.61648   5659.68287  -4489.55394  -5.8114352  -2.5761745  -3.2632238 2026 01 15 00 32 50.58
0     21.29077   5607.14395  -4553.86159  -5.8207670  -2.6775766  -3.1674984 2026 01 15 00 33 10.58
0    -95.20001   5552.58754  -4616.24051  -5.8279466  -2.7779181  -3.0703592 2026 01 15 00 33 30.58
0   -211.81271   5496.03528  -4676.66286  -5.8329641  -2.8771592  -2.9718470 2026 01 15 00 33 50.58
0   -328.50399   5437.50956  -4735.10157  -5.8358106  -2.9752607  -2.8720033 2026 01 15 00 34 10.58
0   -445.23035   5377.03355  -4791.53046  -5.8364782  -3.0721839  -2.7708707 2026 01 15 00 34 30.58
0   -561.94815   5314.63122  -4845.92419  -5.8349598  -3.1678903  -2.6684923 2026 01 15 00 34 50.58
0   -678.61359   5250.32728  -4898.25827  -5.8312494  -3.2623423  -2.5649118 2026 01 15 00 35 10.58
0   -795.18280   5184.14720  -4948.50911  -5.8253419  -3.3555025  -2.4601738 2026 01 15 00 35 30.58
0   -911.61177   5116.11717  -4996.65403  -5.8172330  -3.4473341  -2.3543235 2026 01 15 00 35 50.58
0  -1027.85646   5046.26415  -5042.67124  -5.8069197  -3.5378009  -2.2474068 2026 01 15 00 36 10.58
0  -1143.87275   4974.61577  -5086.53988  -5.7943997  -3.6268671  -2.1394700 2026 01 15 00 36 30.58
0  -1259.61650   4901.20041  -5128.24002  -5.7796719  -3.7144978  -2.0305602 2026 01 15 00 36 50.58
0  -1375.04354   4826.04712  -5167.75269  -5.7627359  -3.8006585  -1.9207251 2026 01 15 00 37 10.58
0  -1490.10972   4749.18564  -5205.05987  -5.7435927  -3.8853154  -1.8100129 2026 01 15 00 37 30.58
0  -1604.77092   4670.64639  -5240.14450  -5.7222440  -3.9684352  -1.6984721 2026 01 15 00 37 50.58
0  -1718.98306   4590.46042  -5272.99051  -5.6986926  -4.0499854  -1.5861521 2026 01 15 00 38 10.58
0  -1832.70211   4508.65945  -5303.58282  -5.6729423  -4.1299344  -1.4731025 2026 01 15 00 38 30.58
0  -1945.88416   4425.27582  -5331.90734  -5.6449980  -4.2082508  -1.3593733 2026 01 15 00 38 50.58
0  -2058.48538   4340.34247  -5357.95099  -5.6148655  -4.2849045  -1.2450152 2026 01 15 00 39 10.58
0  -2170.46208   4253.89297  -5381.70171  -5.5825516  -4.3598656  -1.1300789 2026 01 15 00 39 30.58
0  -2281.77071   4165.96144  -5403.14844  -5.5480643  -4.4331054  -1.0146159 2026 01 15 00 39 50.58
0  -2392.36789   4076.58261  -5422.28117  -5.5114124  -4.5045957  -0.8986776 2026 01 15 00 40 10.58
0  -2502.21044   3985.79172  -5439.09093  -5.4726059  -4.5743092  -0.7823160 2026 01 15 00 40 30.58
0  -2611.25537   3893.62458  -5453.56976  -5.4316557  -4.6422195  -0.6655833 2026 01 15 00 40 50.58
0  -2719.45993   3800.11752  -5465.71077  -5.3885737  -4.7083008  -0.5485319 2026 01 15 00 41 10.58
0  -2826.78163   3705.30734  -5475.50812  -5.3433729  -4.7725283  -0.4312144 2026 01 15 00 41 30.58
0  -2933.17822   3609.23138  -5482.95702  -5.2960673  -4.8348779  -0.3136836 2026 01 15 00 41 50.58
0  -3038.60775   3511.92741  -5488.05373  -5.2466718  -4.8953267  -0.1959925 2026 01 15 00 42 10.58
0  -3143.02861   3413.43368  -5490.79557  -5.1952024  -4.9538522  -0.0781942 2026 01 15 00 42 30.58
0  -3246.39947   3313.78885  -5491.18095  -5.1416760  -5.0104333   0.0396580 2026 01 15 00 42 50.58
0  -3348.67939   3213.03202  -5489.20930  -5.0861106  -5.0650493   0.1575110 2026 01 15 00 43 10.58
0  -3449.82777   3111.20269  -5484.88115  -5.0285250  -5.1176808   0.2753115 2026 01 15 00 43 30.58
0  -3549.80441   3008.34073  -5478.19809  -4.9689393  -5.1683091   0.3930062 2026 01 15 00 43 50.58
0  -3648.56952   2904.48637  -5469.16275  -4.9073741  -5.2169166   0.5105418 2026 01 15 00 44 10.58
0  -3746.08374   2799.68020  -5457.77886  -4.8438513  -5.2634865   0.6278652 2026 01 15 00 44 30.58
0  -3842.30813   2693.96312  -5444.05118  -4.7783937  -5.3080030   0.7449231 2026 01 15 00 44 50.58
0  -3937.20424   2587.37634  -5427.98556  -4.7110249  -5.3504513   0.8616628 2026 01 15 00 45 10.58
0  -4030.73409   2479.96138  -5409.58889  -4.6417694  -5.3908174   0.9780312 2026 01 15 00 45 30.58
0  -4122.86021   2371.75999  -5388.86911  -4.5706528  -5.4290886   1.0939758 2026 01 15 00 45 50.58
0  -4213.54564   2262.81419  -5365.83522  -4.4977014  -5.4652529   1.2094442 2026 01 15 00 46 10.58
0  -4302.75395   2153.16622  -5340.49727  -4.4229425  -5.4992994   1.3243842 2026 01 15 00 46 30.58
0  -4390.44929   2042.85854  -5312.86633  -4.3464042  -5.5312180   1.4387438 2026 01 15 00 46 50.58
0  -4476.59634   1931.93380  -5282.95454  -4.2681155  -5.5609999   1.5524716 2026 01 15 00 47 10.58
0  -4561.16041   1820.43479  -5250.77504  -4.1881061  -5.5886372   1.6655161 2026 01 15 00 47 30.58
0  -4644.10738   1708.40450  -5216.34199  -4.1064068  -5.6141227   1.7778265 2026 01 15 00 47 50.58
0  -4725.40377   1595.88600  -5179.67058  -4.0230489  -5.6374506   1.8893523 2026 01 15 00 48 10.58
0  -4805.01673   1482.92249  -5140.77699  -3.9380646  -5.6586159   2.0000435 2026 01 15 00 48 30.58
0  -4882.91406   1369.55728  -5099.67842  -3.8514870  -5.6776147   2.1098504 2026 01 15 00 48 50.58
0  -4959.06422   1255.83370  -5056.39303  -3.7633497  -5.6944439   2.2187238 2026 01 15 00 49 10.58
0  -5033.43638   1141.79519  -5010.93998  -3.6736872  -5.7091017   2.3266151 2026 01 15 00 49 30.58
0  -5106.00037   1027.48517  -4963.33938  -3.5825347  -5.7215869   2.4334762 2026 01 15 00 49 50.58
0  -5176.72676    912.94709  -4913.61231  -3.4899280  -5.7318998   2.5392596 2026 01 15 00 50 10.58
0  -5245.58681    798.22439  -4861.78079  -3.3959036  -5.7400412   2.6439183 2026 01 15 00 50 30.58
0  -5312.55255    683.36049  -4807.86777  -3.3004988  -5.7460132   2.7474060 2026 01 15 00 50 50.58
0  -5377.59675    568.39873  -4751.89711  -3.2037514  -5.7498187   2.8496770 2026 01 15 00 51 10.58
0  -5440.69293    453.38242  -4693.89361  -3.1056997  -5.7514617   2.9506862 2026 01 15 00 51 30.58
0  -5501.81539    338.35475  -4633.88294  -3.0063827  -5.7509471   3.0503894 2026 01 15 00 51 50.58
0  -5560.93923    223.35882  -4571.89164  -2.9058401  -5.7482809   3.1487429 2026 01 15 00 52 10.58
0  -5618.04032    108.43759  -4507.94714  -2.8041120  -5.7434698   3.2457038 2026 01 15 00 52 30.58
0  -5673.09536     -6.36612  -4442.07770  -2.7012389  -5.7365217   3.3412300 2026 01 15 00 52 50.58
0  -5726.08186   -121.00964  -4374.31243  -2.5972620  -5.7274453   3.4352801 2026 01 15 00 53 10.58
0  -5776.97816   -235.45050  -4304.68126  -2.4922229  -5.7162502   3.5278137 2026 01 15 00 53 30.58
0  -5825.76342   -349.64645  -4233.21490  -2.3861636  -5.7029471   3.6187909 2026 01 15 00 53 50.58
0  -5872.41767   -463.55541  -4159.94486  -2.2791266  -5.6875473   3.7081730 2026 01 15 00 54 10.58
0  -5916.92177   -577.13559  -4084.90343  -2.1711548  -5.6700634   3.7959219 2026 01 15 00 54 30.58
0  -5959.25747   -690.34543  -4008.12365  -2.0622914  -5.6505085   3.8820006 2026 01 15 00 54 50.58
0  -5999.40735   -803.14364  -3929.63926  -1.9525800  -5.6288969   3.9663727 2026 01 15 00 55 10.58
0  -6037.35489   -915.48924  -3849.48476  -1.8420645  -5.6052435   4.0490030 2026 01 15 00 55 30.58
0  -6073.08446  -1027.34154  -3767.69533  -1.7307892  -5.5795642   4.1298570 2026 01 15 00 55 50.58
0  -6106.58130  -1138.66019  -3684.30682  -1.6187985  -5.5518757   4.2089015 2026 01 15 00 56 10.58
0  -6137.83154  -1249.40517  -3599.35574  -1.5061373  -5.5221955   4.2861039 2026 01 15 00 56 30.58
0  -6166.82223  -1359.53683  -3512.87925  -1.3928504  -5.4905419   4.3614327 2026 01 15 00 56 50.58
0  -6193.54129  -1469.01588  -3424.91514  -1.2789832  -5.4569340   4.4348574 2026 01 15 00 57 10.58
0  -6217.97757  -1577.80344  -3335.50176  -1.1645809  -5.4213916   4.5063486 2026 01 15 00 57 30.58
0  -6240.12083  -1685.86101  -3244.67808  -1.0496891  -5.3839355   4.5758777 2026 01 15 00 57 50.58
0  -6259.96173  -1793.15052  -3152.48362  -0.9343535  -5.3445870   4.6434173 2026 01 15 00 58 10.58
0  -6277.49184  -1899.63435  -3058.95843  -0.8186198  -5.3033682   4.7089411 2026 01 15 00 58 30.58
0  -6292.70367  -2005.27530  -2964.14307  -0.7025339  -5.2603019   4.7724235 2026 01 15 00 58 50.58
0  -6305.59063  -2110.03667  -2868.07863  -0.5861417  -5.2154116   4.8338404 2026 01 15 00 59 10.58
0  -6316.14705  -2213.88219  -2770.80665  -0.4694891  -5.1687214   4.8931684 2026 01 15 00 59 30.58
0  -6324.36817  -2316.77613  -2672.36912  -0.3526220  -5.1202562   4.9503853 2026 01 15 00 59 50.58
0  -6330.25018  -2418.68322  -2572.80848  -0.2355865  -5.0700415   5.0054700 2026 01 15 01 00 10.58
0  -6333.79016  -2519.56873  -2472.16758  -0.1184283  -5.0181032   5.0584025 2026 01 15 01 00 30.58
0  -6334.98611  -2619.39845  -2370.48966  -0.0011934  -4.9644681   5.1091638 2026 01 15 01 00 50.58
0  -6333.83697  -2718.13872  -2267.81832   0.1160724  -4.9091633   5.1577359 2026 01 15 01 01 10.58
0  -6330.34256  -2815.75640  -2164.19750   0.2333237  -4.8522168   5.2041022 2026 01 15 01 01 30.58
0  -6324.50363  -2912.21895  -2059.67150   0.3505147  -4.7936567   5.2482469 2026 01 15 01 01 50.58
0  -6316.32186  -3007.49438  -1954.28489   0.4676002  -4.7335120   5.2901553 2026 01 15 01 02 10.58
0  -6305.79979  -3101.55128  -1848.08254   0.5845349  -4.6718121   5.3298140 2026 01 15 01 02 30.58
0  -6292.94090  -3194.35885  -1741.10956   0.7012738  -4.6085867   5.3672105 2026 01 15 01 02 50.58
0  -6277.74956  -3285.88686  -1633.41131   0.8177721  -4.5438661   5.4023334 2026 01 15 01 03 10.58
0  -6260.23102  -3376.10573  -1525.03339   0.9339853  -4.4776810   5.4351724 2026 01 15 01 03 30.58
0  -6240.39143  -3464.98647  -1416.02154   1.0498689  -4.4100626   5.4657185 2026 01 15 01 03 50.58
0  -6218.23783  -3552.50073  -1306.42173   1.1653791  -4.3410425   5.4939634 2026 01 15 01 04 10.58
0  -6193.77812  -3638.62079  -1196.28004   1.2804720  -4.2706525   5.5199002 2026 01 15 01 04 30.58
0  -6167.02110  -3723.31956  -1085.64270   1.3951041  -4.1989249   5.5435229 2026 01 15 01 04 50.58
0  -6137.97640  -3806.57063   -974.55605   1.5092324  -4.1258923   5.5648266 2026 01 15 01 05 10.58
0  -6106.65454  -3888.34822   -863.06650   1.6228140  -4.0515876   5.5838074 2026 01 15 01 05 30.58
0  -6073.06688  -3968.62721   -751.22055   1.7358066  -3.9760441   5.6004626 2026 01 15 01 05 50.58
0  -6037.22562  -4047.38318   -639.06472   1.8481682  -3.8992953   5.6147904 2026 01 15 01 06 10.58
0  -5999.14380  -4124.59234   -526.64558   1.9598570  -3.8213748   5.6267901 2026 01 15 01 06 30.58
0  -5958.83529  -4200.23160   -414.00968   2.0708320  -3.7423168   5.6364621 2026 01 15 01 06 50.58
0  -5916.31478  -4274.27855   -301.20357   2.1810522  -3.6621554   5.6438078 2026 01 15 01 07 10.58
0  -5871.59778  -4346.71148   -188.27376   2.2904774  -3.5809250   5.6488293 2026 01 15 01 07 30.58
0  -5824.70058  -4417.50934    -75.26668   2.3990676  -3.4986602   5.6515302 2026 01 15 01 07 50.58
0  -5775.64029  -4486.65180     37.77127   2.5067833  -3.4153958   5.6519148 2026 01 15 01 08 10.58
0  -5724.43478  -4554.11921    150.79384   2.6135858  -3.3311666   5.6499884 2026 01 15 01 08 30.58
0  -5671.10271  -4619.89263    263.75485   2.7194365  -3.2460077   5.6457572 2026 01 15 01 08 50.58
0  -5615.66349  -4683.95381    376.60830   2.8242974  -3.1599543   5.6392286 2026 01 15 01 09 10.58
0  -5558.13731  -4746.28523    489.30830   2.9281312  -3.0730414   5.6304108 2026 01 15 01 09 30.58
0  -5498.54507  -4806.87004    601.80916   3.0309010  -2.9853045   5.6193128 2026 01 15 01 09 50.58
0  -5436.90842  -4865.69212    714.06539   3.1325703  -2.8967788   5.6059447 2026 01 15 01 10 10.58
0  -5373.24972  -4922.73605    826.03168   3.2331035  -2.8074997   5.5903174 2026 01 15 01 10 30.58
0  -5307.59207  -4977.98712    937.66297   3.3324653  -2.7175026   5.5724428 2026 01 15 01 10 50.58
0  -5239.95922  -5031.43133   1048.91444   3.4306210  -2.6268229   5.5523337 2026 01 15 01 11 10.58
0  -5170.37566  -5083.05537   1159.74153   3.5275365  -2.5354960   5.5300035 2026 01 15 01 11 30.58
0  -5098.86651  -5132.84666   1270.09998   3.6231783  -2.4435572   5.5054667 2026 01 15 01 11 50.58
0  -5025.45758  -5180.79332   1379.94579   3.7175136  -2.3510419   5.4787386 2026 01 15 01 12 10.58
0  -4950.17533  -5226.88417   1489.23530   3.8105099  -2.2579853   5.4498352 2026 01 15 01 12 30.58
0  -4873.04686  -5271.10875   1597.92518   3.9021358  -2.1644226   5.4187735 2026 01 15 01 12 50.58
0  -4794.09987  -5313.45728   1705.97243   3.9923599  -2.0703888   5.3855710 2026 01 15 01 13 10.58
0  -4713.36272  -5353.92069   1813.33442   4.0811520  -1.9759191   5.3502463 2026 01 15 01 13 30.58
0  -4630.86435  -5392.49062   1919.96891   4.1684821  -1.8810481   5.3128185 2026 01 15 01 13 50.58
0  -4546.63428  -5429.15939   2025.83402   4.2543211  -1.7858108   5.2733077 2026 01 15 01 14 10.58
0  -4460.70261  -5463.92002   2130.88831   4.3386404  -1.6902417   5.2317343 2026 01 15 01 14 30.58
0  -4373.10004  -5496.76623   2235.09073   4.4214120  -1.5943752   5.1881199 2026 01 15 01 14 50.58
0  -4283.85777  -5527.69241   2338.40069   4.5026088  -1.4982457   5.1424866 2026 01 15 01 15 10.58
0  -4193.00757  -5556.69365   2440.77803   4.5822040  -1.4018873   5.0948570 2026 01 15 01 15 30.58
0  -4100.58174  -5583.76571   2542.18307   4.6601717  -1.3053338   5.0452546 2026 01 15 01 15 50.58
0  -4006.61306  -5608.90502   2642.57659   4.7364865  -1.2086191   4.9937034 2026 01 15 01 16 10.58
0  -3911.13485  -5632.10871   2741.91985   4.8111238  -1.1117766   4.9402282 2026 01 15 01 16 30.58
0  -3814.18090  -5653.37454   2840.17464   4.8840596  -1.0148396   4.8848543 2026 01 15 01 16 50.58
0  -3715.78546  -5672.70096   2937.30323   4.9552704  -0.9178412   4.8276075 2026 01 15 01 17 10.58
0  -3615.98326  -5690.08708   3033.26843   5.0247336  -0.8208143   4.7685144 2026 01 15 01 17 30.58
0  -3514.80947  -5705.53266   3128.03359   5.0924271  -0.7237914   4.7076021 2026 01 15 01 17 50.58
0  -3412.29970  -5719.03808   3221.56259   5.1583296  -0.6268049   4.6448981 2026 01 15 01 18 10.58
0  -3308.48997  -5730.60442   3313.81989   5.2224202  -0.5298868   4.5804306 2026 01 15 01 18 30.58
0  -3203.41671  -5740.23334   3404.77049   5.2846791  -0.4330689   4.5142282 2026 01 15 01 18 50.58
0  -3097.11676  -5747.92718   3494.37999   5.3450866  -0.3363828   4.4463203 2026 01 15 01 19 10.58
0  -2989.62731  -5753.68889   3582.61458   5.4036242  -0.2398597   4.3767364 2026 01 15 01 19 30.58
0  -2880.98596  -5757.52202   3669.44103   5.4602736  -0.1435305   4.3055066 2026 01 15 01 19 50.58
0  -2771.23064  -5759.43078   3754.82673   5.5150176  -0.0474259   4.2326617 2026 01 15 01 20 10.58
0  -2660.39961  -5759.41994   3838.73969   5.5678392   0.0484238   4.1582326 2026 01 15 01 20 30.58
0  -2548.53148  -5757.49492   3921.14853   5.6187224   0.1439886   4.0822508 2026 01 15 01 20 50.58
0  -2435.66518  -5753.66171   4002.02251   5.6676518   0.2392387   4.0047483 2026 01 15 01 21 10.58
0  -2321.83992  -5747.92689   4081.33155   5.7146125   0.3341447   3.9257573 2026 01 15 01 21 30.58
0  -2207.09523  -5740.29764   4159.04620   5.7595903   0.4286776   3.8453106 2026 01 15 01 21 50.58
0  -2091.47088  -5730.78171   4235.13766   5.8025718   0.5228087   3.7634411 2026 01 15 01 22 10.58
0  -1975.00694  -5719.38741   4309.57782   5.8435440   0.6165094   3.6801825 2026 01 15 01 22 30.58
0  -1857.74370  -5706.12364   4382.33923   5.8824948   0.7097518   3.5955683 2026 01 15 01 22 50.58
0  -1739.72171  -5690.99984   4453.39510   5.9194125   0.8025081   3.5096328 2026 01 15 01 23 10.58
0  -1620.98174  -5674.02600   4522.71936   5.9542863   0.8947510   3.4224104 2026 01 15 01 23 30.58
0  -1501.56477  -5655.21266   4590.28662   5.9871058   0.9864533   3.3339358 2026 01 15 01 23 50.58
0  -1381.51198  -5634.57091   4656.07216   6.0178613   1.0775884   3.2442440 2026 01 15 01 24 10.58
0  -1260.86474  -5612.11234   4720.05201   6.0465439   1.1681299   3.1533705 2026 01 15 01 24 30.58
0  -1139.66459  -5587.84909   4782.20287   6.0731450   1.2580519   3.0613507 2026 01 15 01 24 50.58
0  -1017.95323  -5561.79380   4842.50217   6.0976570   1.3473287   2.9682206 2026 01 15 01 25 10.58
0   -895.77253  -5533.95963   4900.92806   6.1200725   1.4359351   2.8740162 2026 01 15 01 25 30.58
0   -773.16447  -5504.36024   4957.45942   6.1403852   1.5238461   2.7787739 2026 01 15 01 25 50.58
0   -650.17118  -5473.00977   5012.07585   6.1585891   1.6110372   2.6825302 2026 01 15 01 26 10.58
0   -526.83487  -5439.92288   5064.75768   6.1746788   1.6974842   2.5853219 2026 01 15 01 26 30.58
0   -403.19789  -5405.11467   5115.48599   6.1886496   1.7831633   2.4871860 2026 01 15 01 26 50.58
0   -279.30264  -5368.60075   5164.24258   6.2004976   1.8680509   2.3881596 2026 01 15 01 27 10.58
0   -155.19164  -5330.39716   5211.01002   6.2102191   1.9521241   2.2882801 2026 01 15 01 27 30.58
0    -30.90742  -5290.52044   5255.77162   6.2178113   2.0353600   2.1875850 2026 01 15 01 27 50.58
0     93.50738  -5248.98754   5298.51144   6.2232719   2.1177362   2.0861119 2026 01 15 01 28 10.58
0    218.01014  -5205.81588   5339.21428   6.2265993   2.1992309   1.9838987 2026 01 15 01 28 30.58
0    342.55816  -5161.02330   5377.86573   6.2277923   2.2798223   1.8809834 2026 01 15 01 28 50.58
0    467.10875  -5114.62810   5414.45211   6.2268504   2.3594891   1.7774039 2026 01 15 01 29 10.58
0    591.61921  -5066.64896   5448.96053   6.2237738   2.4382105   1.6731986 2026 01 15 01 29 30.58
0    716.04686  -5017.10500   5481.37883   6.2185631   2.5159658   1.5684058 2026 01 15 01 29 50.58
0    840.34901  -4966.01575   5511.69566   6.2112196   2.5927350   1.4630638 2026 01 15 01 30 10.58
0    964.48304  -4913.40112   5539.90040   6.2017451   2.6684982   1.3572112 2026 01 15 01 30 30.58
0   1088.40633  -4859.28144   5565.98324   6.1901420   2.7432359   1.2508865 2026 01 15 01 30 50.58
0   1212.07635  -4803.67740   5589.93510   6.1764135   2.8169290   1.1441284 2026 01 15 01 31 10.58
0   1335.45061  -4746.61009   5611.74771   6.1605629   2.8895589   1.0369757 2026 01 15 01 31 30.58
0   1458.48671  -4688.10095   5631.41356   6.1425946   2.9611071   0.9294672 2026 01 15 01 31 50.58
0   1581.14235  -4628.17180   5648.92592   6.1225133   3.0315557   0.8216416 2026 01 15 01 32 10.58
0   1703.37531  -4566.84482   5664.27882   6.1003241   3.1008870   0.7135378 2026 01 15 01 32 30.58
0   1825.14348  -4504.14251   5677.46710   6.0760331   3.1690837   0.6051948 2026 01 15 01 32 50.58
0   1946.40490  -4440.08775   5688.48636   6.0496466   3.2361289   0.4966515 2026 01 15 01 33 10.58
0   2067.11771  -4374.70373   5697.33298   6.0211717   3.3020060   0.3879467 2026 01 15 01 33 30.58
0   2187.24022  -4308.01397   5704.00411   5.9906158   3.3666989   0.2791195 2026 01 15 01 33 50.58
0   2306.73088  -4240.04234   5708.49769   5.9579872   3.4301916   0.1702089 2026 01 15 01 34 10.58
0   2425.54833  -4170.81297   5710.81246   5.9232946   3.4924687   0.0612536 2026 01 15 01 34 30.58
0   2543.65137  -4100.35035   5710.94789   5.8865471   3.5535150  -0.0477072 2026 01 15 01 34 50.58
0   2660.99899  -4028.67924   5708.90427   5.8477546   3.6133158  -0.1566348 2026 01 15 01 35 10.58
0   2777.55040  -3955.82470   5704.68265   5.8069274   3.6718566  -0.2654903 2026 01 15 01 35 30.58
0   2893.26501  -3881.81206   5698.28487   5.7640766   3.7291233  -0.3742349 2026 01 15 01 35 50.58
0   3008.10245  -3806.66695   5689.71352   5.7192135   3.7851022  -0.4828297 2026 01 15 01 36 10.58
0   3122.02259  -3730.41527   5678.97200   5.6723502   3.8397800  -0.5912361 2026 01 15 01 36 30.58
0   3234.98555  -3653.08317   5666.06445   5.6234993   3.8931436  -0.6994154 2026 01 15 01 36 50.58
0   3346.95172  -3574.69707   5650.99581   5.5726739   3.9451804  -0.8073289 2026 01 15 01 37 10.58
0   3457.88172  -3495.28362   5633.77178   5.5198878   3.9958780  -0.9149383 2026 01 15 01 37 30.58
0   3567.73649  -3414.86973   5614.39883   5.4651551   4.0452245  -1.0222051 2026 01 15 01 37 50.58
0   3676.47723  -3333.48255   5592.88420   5.4084908   4.0932082  -1.1290909 2026 01 15 01 38 10.58
0   3784.06547  -3251.14945   5569.23589   5.3499101   4.1398180  -1.2355576 2026 01 15 01 38 30.58
0   3890.46303  -3167.89801   5543.46266   5.2894290   4.1850428  -1.3415669 2026 01 15 01 38 50.58
0   3995.63207  -3083.75606   5515.57405   5.2270639   4.2288721  -1.4470809 2026 01 15 01 39 10.58
0   4099.53507  -2998.75159   5485.58035   5.1628318   4.2712958  -1.5520618 2026 01 15 01 39 30.58
0   4202.13486  -2912.91283   5453.49259   5.0967504   4.3123039  -1.6564718 2026 01 15 01 39 50.58
0   4303.39465  -2826.26819   5419.32259   5.0288377   4.3518869  -1.7602732 2026 01 15 01 40 10.58
0   4403.27798  -2738.84626   5383.08288   4.9591123   4.3900356  -1.8634287 2026 01 15 01 40 30.58
0   4501.74879  -2650.67582   5344.78677   4.8875936   4.4267414  -1.9659009 2026 01 15 01 40 50.58
0   4598.77142  -2561.78581   5304.44828   4.8143013   4.4619956  -2.0676527 2026 01 15 01 41 10.58
0   4694.31060  -2472.20536   5262.08222   4.7392557   4.4957902  -2.1686471 2026 01 15 01 41 30.58
0   4788.33145  -2381.96373   5217.70409   4.6624777   4.5281175  -2.2688474 2026 01 15 01 41 50.58
0   4880.79955  -2291.09034   5171.33016   4.5839886   4.5589700  -2.3682170 2026 01 15 01 42 10.58
0   4971.68090  -2199.61477   5122.97739   4.5038105   4.5883407  -2.4667195 2026 01 15 01 42 30.58
0   5060.94195  -2107.56671   5072.66351   4.4219659   4.6162229  -2.5643187 2026 01 15 01 42 50.58
0   5148.54958  -2014.97601   5020.40693   4.3384779   4.6426103  -2.6609787 2026 01 15 01 43 10.58
0   5234.47117  -1921.87262   4966.22682   4.2533701   4.6674970  -2.7566638 2026 01 15 01 43 30.58
0   5318.67456  -1828.28661   4910.14302   4.1666665   4.6908772  -2.8513384 2026 01 15 01 43 50.58
0   5401.12810  -1734.24817   4852.17611   4.0783921   4.7127458  -2.9449672 2026 01 15 01 44 10.58
0   5481.80060  -1639.78757   4792.34735   3.9885719   4.7330979  -3.0375154 2026 01 15 01 44 30.58
0   5560.66142  -1544.93520   4730.67871   3.8972319   4.7519289  -3.1289482 2026 01 15 01 44 50.58
0   5637.68043  -1449.72151   4667.19285   3.8043984   4.7692347  -3.2192310 2026 01 15 01 45 10.58
0   5712.82801  -1354.17706   4601.91311   3.7100983   4.7850114  -3.3083298 2026 01 15 01 45 30.58
0   5786.07513  -1258.33245   4534.86353   3.6143589   4.7992558  -3.3962107 2026 01 15 01 45 50.58
0   5857.39327  -1162.21836   4466.06878   3.5172084   4.8119646  -3.4828400 2026 01 15 01 46 10.58
0   5926.75450  -1065.86553   4395.55426   3.4186752   4.8231353  -3.5681845 2026 01 15 01 46 30.58
0   5994.13145   -969.30475   4323.34598   3.3187885   4.8327655  -3.6522114 2026 01 15 01 46 50.58
0   6059.49735   -872.56685   4249.47062   3.2175777   4.8408533  -3.7348879 2026 01 15 01 47 10.58
0   6122.82603   -775.68267   4173.95554   3.1150730   4.8473971  -3.8161818 2026 01 15 01 47 30.58
0   6184.09191   -678.68313   4096.82868   3.0113052   4.8523958  -3.8960613 2026 01 15 01 47 50.58
0   6243.27005   -581.59911   4018.11868   2.9063053   4.8558486  -3.9744948 2026 01 15 01 48 10.58
0   6300.33613   -484.46156   3937.85475   2.8001052   4.8577551  -4.0514512 2026 01 15 01 48 30.58
0   6355.26645   -387.30138   3856.06676   2.6927371   4.8581152  -4.1268997 2026 01 15 01 48 50.58
0   6408.03800   -290.14950   3772.78517   2.5842338   4.8569294  -4.2008099 2026 01 15 01 49 10.58
0   6458.62841   -193.03683   3688.04105   2.4746286   4.8541984  -4.2731520 2026 01 15 01 49 30.58
0   6507.01596    -95.99426   3601.86606   2.3639552   4.8499233  -4.3438964 2026 01 15 01 49 50.58
0   6553.17966      0.94735   3514.29244   2.2522481   4.8441058  -4.4130140 2026 01 15 01 50 10.58
0   6597.09916     97.75717   3425.35303   2.1395420   4.8367479  -4.4804762 2026 01 15 01 50 30.58
0   6638.75486    194.40442   3335.08120   2.0258723   4.8278517  -4.5462550 2026 01 15 01 50 50.58
0   6678.12783    290.85837   3243.51092   1.9112748   4.8174202  -4.6103225 2026 01 15 01 51 10.58
0   6715.19988    387.08834   3150.67668   1.7957858   4.8054566  -4.6726516 2026 01 15 01 51 30.58
0   6749.95355    483.06373   3056.61351   1.6794423   4.7919643  -4.7332157 2026 01 15 01 51 50.58
0   6782.37213    578.75401   2961.35699   1.5622814   4.7769474  -4.7919884 2026 01 15 01 52 10.58
0   6812.43965    674.12873   2864.94319   1.4443410   4.7604104  -4.8489443 2026 01 15 01 52 30.58
0   6840.14089    769.15755   2767.40871   1.3256592   4.7423580  -4.9040582 2026 01 15 01 52 50.58
0   6865.46143    863.81022   2668.79063   1.2062749   4.7227955  -4.9573055 2026 01 15 01 53 10.58
0   6888.38759    958.05658   2569.12652   1.0862271   4.7017286  -5.0086623 2026 01 15 01 53 30.58
0   6908.90652   1051.86662   2468.45444   0.9655556   4.6791633  -5.0581051 2026 01 15 01 53 50.58
0   6927.00612   1145.21044   2366.81288   0.8443003   4.6551063  -5.1056111 2026 01 15 01 54 10.58
0   6942.67514   1238.05828   2264.24082   0.7225017   4.6295645  -5.1511582 2026 01 15 01 54 30.58
0   6955.90311   1330.38051   2160.77763   0.6002008   4.6025452  -5.1947246 2026 01 15 01 54 50.58
0   6966.68041   1422.14767   2056.46315   0.4774389   4.5740564  -5.2362896 2026 01 15 01 55 10.58
0   6974.99822   1513.33046   1951.33761   0.3542577   4.5441061  -5.2758327 2026 01 15 01 55 30.58
0   6980.84858   1603.89972   1845.44164   0.2306993   4.5127033  -5.3133344 2026 01 15 01 55 50.58
0   6984.22438   1693.82652   1738.81626   0.1068063   4.4798569  -5.3487756 2026 01 15 01 56 10.58
0   6985.11934   1783.08207   1631.50287  -0.0173784   4.4455766  -5.3821381 2026 01 15 01 56 30.58
0   6983.52806   1871.63779   1523.54321  -0.1418117   4.4098723  -5.4134042 2026 01 15 01 56 50.58
0   6979.44601   1959.46533   1414.97938  -0.2664499   4.3727547  -5.4425572 2026 01 15 01 57 10.58
0   6972.86953   2046.53651   1305.85381  -0.3912490   4.3342345  -5.4695808 2026 01 15 01 57 30.58
0   6963.79583   2132.82340   1196.20923  -0.5161649   4.2943232  -5.4944596 2026 01 15 01 57 50.58
0   6952.22302   2218.29831   1086.08869  -0.6411529   4.2530325  -5.5171791 2026 01 15 01 58 10.58
0   6938.15012   2302.93376    975.53552  -0.7661681   4.2103747  -5.5377252 2026 01 15 01 58 30.58
0   6921.57701   2386.70254    864.59331  -0.8911654   4.1663625  -5.5560850 2026 01 15 01 58 50.58
0   6902.50452   2469.57770    753.30591  -1.0160994   4.1210091  -5.5722461 2026 01 15 01 59 10.58
0   6880.93437   2551.53255    641.71742  -1.1409244   4.0743281  -5.5861969 2026 01 15 01 59 30.58
0   6856.86918   2632.54067    529.87214  -1.2655944   4.0263335  -5.5979268 2026 01 15 01 59 50.58
0   6830.31252   2712.57595    417.81460  -1.3900634   3.9770398  -5.6074260 2026 01 15 02 00 10.58
0   6801.26888   2791.61255    305.58949  -1.5142848   3.9264621  -5.6146853 2026 01 15 02 00 30.58
0   6769.74365   2869.62494    193.24171  -1.6382123   3.8746157  -5.6196967 2026 01 15 02 00 50.58
0   6735.74319   2946.58790     80.81627  -1.7617990   3.8215164  -5.6224528 2026 01 15 02 01 10.58
0   6699.27479   3022.47654    -31.64164  -1.8849982   3.7671806  -5.6229471 2026 01 15 02 01 30.58
0   6660.34664   3097.26630   -144.08673  -2.0077627   3.7116251  -5.6211743 2026 01 15 02 01 50.58
0   6618.96793   3170.93296   -256.47362  -2.1300454   3.6548670  -5.6171295 2026 01 15 02 02 10.58
0   6575.14875   3243.45263   -368.75683  -2.2517992   3.5969240  -5.6108091 2026 01 15 02 02 30.58
0   6528.90016   3314.80179   -480.89081  -2.3729766   3.5378141  -5.6022103 2026 01 15 02 02 50.58
0   6480.23414   3384.95730   -592.82997  -2.4935303   3.4775559  -5.5913311 2026 01 15 02 03 10.58
0   6429.16366   3453.89637   -704.52870  -2.6134129   3.4161684  -5.5781706 2026 01 15 02 03 30.58
0   6375.70260   3521.59661   -815.94137  -2.7325770   3.3536709  -5.5627288 2026 01 15 02 03 50.58
0   6319.86581   3588.03602   -927.02236  -2.8509750   3.2900833  -5.5450066 2026 01 15 02 04 10.58
0   6261.66908   3653.19299  -1037.72608  -2.9685597   3.2254258  -5.5250060 2026 01 15 02 04 30.58
0   6201.12915   3717.04632  -1148.00698  -3.0852835   3.1597192  -5.5027299 2026 01 15 02 04 50.58
0   6138.26371   3779.57525  -1257.81960  -3.2010993   3.0929844  -5.4781820 2026 01 15 02 05 10.58
0   6073.09139   3840.75942  -1367.11854  -3.3159598   3.0252430  -5.4513673 2026 01 15 02 05 30.58
0   6005.63177   3900.57892  -1475.85852  -3.4298178   2.9565170  -5.4222916 2026 01 15 02 05 50.58
0   5935.90537   3959.01427  -1583.99438  -3.5426265   2.8868287  -5.3909617 2026 01 15 02 06 10.58
0   5863.93364   4016.04645  -1691.48113  -3.6543389   2.8162008  -5.3573855 2026 01 15 02 06 30.58
0   5789.73898   4071.65691  -1798.27392  -3.7649085   2.7446565  -5.3215718 2026 01 15 02 06 50.58
0   5713.34470   4125.82753  -1904.32809  -3.8742889   2.6722192  -5.2835304 2026 01 15 02 07 10.58
0   5634.77506   4178.54070  -2009.59919  -3.9824338   2.5989130  -5.2432723 2026 01 15 02 07 30.58
0   5554.05523   4229.77928  -2114.04302  -4.0892973   2.5247620  -5.2008092 2026 01 15 02 07 50.58
0   5471.21129   4279.52662  -2217.61559  -4.1948337   2.4497909  -5.1561543 2026 01 15 02 08 10.58
0   5386.27023   4327.76655  -2320.27320  -4.2989977   2.3740247  -5.1093213 2026 01 15 02 08 30.58
0   5299.25997   4374.48344  -2421.97245  -4.4017442   2.2974889  -5.0603252 2026 01 15 02 08 50.58
0   5210.20930   4419.66214  -2522.67022  -4.5030287   2.2202092  -5.0091821 2026 01 15 02 09 10.58
0   5119.14790   4463.28803  -2622.32374  -4.6028066   2.1422116  -4.9559089 2026 01 15 02 09 30.58
0   5026.10636   4505.34702  -2720.89059  -4.7010343   2.0635224  -4.9005237 2026 01 15 02 09 50.58
0   4931.11611   4545.82553  -2818.32872  -4.7976681   1.9841686  -4.8430455 2026 01 15 02 10 10.58
0   4834.20946   4584.71055  -2914.59647  -4.8926651   1.9041770  -4.7834944 2026 01 15 02 10 30.58
0   4735.41959   4621.98958  -3009.65258  -4.9859828   1.8235750  -4.7218915 2026 01 15 02 10 50.58
0   4634.78049   4657.65070  -3103.45624  -5.0775792   1.7423903  -4.6582589 2026 01 15 02 11 10.58
0   4532.32703   4691.68252  -3195.96709  -5.1674127   1.6606508  -4.5926198 2026 01 15 02 11 30.58
0   4428.09487   4724.07423  -3287.14524  -5.2554424   1.5783847  -4.5249983 2026 01 15 02 11 50.58
0   4322.12049   4754.81559  -3376.95128  -5.3416280   1.4956205  -4.4554194 2026 01 15 02 12 10.58
0   4214.44118   4783.89691  -3465.34634  -5.4259297   1.4123868  -4.3839094 2026 01 15 02 12 30.58
0   4105.09502   4811.30909  -3552.29206  -5.5083084   1.3287128  -4.3104954 2026 01 15 02 12 50.58
0   3994.12085   4837.04363  -3637.75063  -5.5887257   1.2446275  -4.2352054 2026 01 15 02 13 10.58
0   3881.55829   4861.09257  -3721.68484  -5.6671437   1.1601603  -4.1580686 2026 01 15 02 13 30.58
0   3767.44769   4883.44859  -3804.05804  -5.7435255   1.0753410  -4.0791149 2026 01 15 02 13 50.58
0   3651.83016   4904.10494  -3884.83421  -5.8178348   0.9901994  -3.9983753 2026 01 15 02 14 10.58
0   3534.74750   4923.05547  -3963.97796  -5.8900358   0.9047654  -3.9158817 2026 01 15 02 14 30.58
0   3416.24223   4940.29464  -4041.45452  -5.9600940   0.8190692  -3.8316671 2026 01 15 02 14 50.58
0   3296.35756   4955.81750  -4117.22982  -6.0279752   0.7331412  -3.7457651 2026 01 15 02 15 10.58
0   3175.13735   4969.61973  -4191.27047  -6.0936463   0.6470119  -3.6582106 2026 01 15 02 15 30.58
0   3052.62615   4981.69760  -4263.54376  -6.1570751   0.5607119  -3.5690389 2026 01 15 02 15 50.58
0   2928.86911   4992.04801  -4334.01772  -6.2182301   0.4742720  -3.4782866 2026 01 15 02 16 10.58
0   2803.91203   5000.66847  -4402.66111  -6.2770807   0.3877229  -3.3859910 2026 01 15 02 16 30.58
0   2677.80129   5007.55710  -4469.44346  -6.3335974   0.3010956  -3.2921903 2026 01 15 02 16 50.58
0   2550.58387   5012.71266  -4534.33506  -6.3877515   0.2144212  -3.1969234 2026 01 15 02 17 10.58
0   2422.30728   5016.13451  -4597.30698  -6.4395153   0.1277307  -3.1002301 2026 01 15 02 17 30.58
0   2293.01963   5017.82265  -4658.33110  -6.4888620   0.0410552  -3.0021511 2026 01 15 02 17 50.58
0   2162.76949   5017.77768  -4717.38012  -6.5357660  -0.0455740  -2.9027277 2026 01 15 02 18 10.58
0   2031.60599   5016.00084  -4774.42760  -6.5802025  -0.1321259  -2.8020020 2026 01 15 02 18 30.58
0   1899.57871   5012.49401  -4829.44790  -6.6221480  -0.2185692  -2.7000169 2026 01 15 02 18 50.58
0   1766.73769   5007.25965  -4882.41629  -6.6615797  -0.3048727  -2.5968161 2026 01 15 02 19 10.58
0   1633.13345   5000.30088  -4933.30890  -6.6984761  -0.3910053  -2.4924437 2026 01 15 02 19 30.58
0   1498.81687   4991.62143  -4982.10275  -6.7328170  -0.4769359  -2.3869448 2026 01 15 02 19 50.58
0   1363.83928   4981.22565  -5028.77577  -6.7645828  -0.5626334  -2.2803649 2026 01 15 02 20 10.58
0   1228.25235   4969.11852  -5073.30681  -6.7937555  -0.6480668  -2.1727504 2026 01 15 02 20 30.58
0   1092.10813   4955.30563  -5115.67565  -6.8203180  -0.7332053  -2.0641479 2026 01 15 02 20 50.58
0    955.45896   4939.79318  -5155.86300  -6.8442544  -0.8180180  -1.9546051 2026 01 15 02 21 10.58
0    818.35753   4922.58800  -5193.85056  -6.8655500  -0.9024743  -1.8441697 2026 01 15 02 21 30.58
0    680.85679   4903.69752  -5229.62095  -6.8841913  -0.9865435  -1.7328904 2026 01 15 02 21 50.58
0    543.00994   4883.12980  -5263.15779  -6.9001659  -1.0701953  -1.6208162 2026 01 15 02 22 10.58
0    404.87042   4860.89348  -5294.44569  -6.9134627  -1.1533995  -1.5079966 2026 01 15 02 22 30.58
0    266.49190   4836.99781  -5323.47024  -6.9240718  -1.2361259  -1.3944815 2026 01 15 02 22 50.58
0    127.92821   4811.45266  -5350.21803  -6.9319846  -1.3183448  -1.2803213 2026 01 15 02 23 10.58
0    -10.76665   4784.26847  -5374.67669  -6.9371935  -1.4000263  -1.1655667 2026 01 15 02 23 30.58
0   -149.53854   4755.45628  -5396.83483  -6.9396925  -1.4811412  -1.0502690 2026 01 15 02 23 50.58
0   -288.33322   4725.02771  -5416.68211  -6.9394765  -1.5616601  -0.9344795 2026 01 15 02 24 10.58
0   -427.09635   4692.99499  -5434.20922  -6.9365418  -1.6415542  -0.8182501 2026 01 15 02 24 30.58
0   -565.77354   4659.37088  -5449.40788  -6.9308862  -1.7207947  -0.7016329 2026 01 15 02 24 50.58
0   -704.31036   4624.16875  -5462.27087  -6.9225083  -1.7993532  -0.5846802 2026 01 15 02 25 10.58
0   -842.65237   4587.40252  -5472.79199  -6.9114085  -1.8772016  -0.4674446 2026 01 15 02 25 30.58
0   -980.74515   4549.08666  -5480.96614  -6.8975880  -1.9543121  -0.3499787 2026 01 15 02 25 50.58
0  -1118.53431   4509.23621  -5486.78922  -6.8810496  -2.0306573  -0.2323357 2026 01 15 02 26 10.58
0  -1255.96554   4467.86674  -5490.25823  -6.8617972  -2.1062100  -0.1145683 2026 01 15 02 26 30.58
0  -1392.98462   4424.99438  -5491.37121  -6.8398362  -2.1809434   0.0032700 2026 01 15 02 26 50.58
0  -1529.53745   4380.63577  -5490.12728  -6.8151730  -2.2548310   0.1211262 2026 01 15 02 27 10.58
0  -1665.57005   4334.80808  -5486.52662  -6.7878156  -2.3278470   0.2389469 2026 01 15 02 27 30.58
0  -1801.02865   4287.52901  -5480.57046  -6.7577729  -2.3999655   0.3566789 2026 01 15 02 27 50.58
0  -1935.85964   4238.81675  -5472.26112  -6.7250554  -2.4711614   0.4742690 2026 01 15 02 28 10.58
0  -2070.00965   4188.69000  -5461.60196  -6.6896748  -2.5414098   0.5916637 2026 01 15 02 28 30.58
0  -2203.42554   4137.16796  -5448.59742  -6.6516439  -2.6106864   0.7088102 2026 01 15 02 28 50.58
0  -2336.05446   4084.27030  -5433.25299  -6.6109770  -2.6789671   0.8256552 2026 01 15 02 29 10.58
0  -2467.84385   4030.01717  -5415.57524  -6.5676894  -2.7462285   0.9421460 2026 01 15 02 29 30.58
0  -2598.74145   3974.42918  -5395.57176  -6.5217979  -2.8124476   1.0582299 2026 01 15 02 29 50.58
0  -2728.69538   3917.52740  -5373.25123  -6.4733203  -2.8776017   1.1738543 2026 01 15 02 30 10.58
0  -2857.65410   3859.33336  -5348.62334  -6.4222759  -2.9416688   1.2889669 2026 01 15 02 30 30.58
0  -2985.56649   3799.86901  -5321.69886  -6.3686850  -3.0046273   1.4035158 2026 01 15 02 30 50.58
0  -3112.38183   3739.15672  -5292.48957  -6.3125691  -3.0664562   1.5174492 2026 01 15 02 31 10.58
0  -3238.04985   3677.21929  -5261.00829  -6.2539511  -3.1271349   1.6307158 2026 01 15 02 31 30.58
0  -3362.52075   3614.07993  -5227.26886  -6.1928548  -3.1866433   1.7432646 2026 01 15 02 31 50.58
0  -3485.74522   3549.76223  -5191.28615  -6.1293054  -3.2449620   1.8550448 2026 01 15 02 32 10.58
0  -3607.67445   3484.29018  -5153.07601  -6.0633292  -3.3020721   1.9660064 2026 01 15 02 32 30.58
0  -3728.26019   3417.68813  -5112.65533  -5.9949536  -3.3579550   2.0760993 2026 01 15 02 32 50.58
0  -3847.45473   3349.98080  -5070.04195  -5.9242070  -3.4125930   2.1852745 2026 01 15 02 33 10.58
0  -3965.21095   3281.19326  -5025.25472  -5.8511192  -3.4659689   2.2934830 2026 01 15 02 33 30.58
0  -4081.48232   3211.35091  -4978.31345  -5.7757209  -3.5180658   2.4006765 2026 01 15 02 33 50.58
0  -4196.22297   3140.47950  -4929.23891  -5.6980437  -3.5688678   2.5068073 2026 01 15 02 34 10.58
0  -4309.38762   3068.60509  -4878.05283  -5.6181207  -3.6183592   2.6118283 2026 01 15 02 34 30.58
0  -4420.93171   2995.75402  -4824.77785  -5.5359856  -3.6665252   2.7156929 2026 01 15 02 34 50.58
0  -4530.81134   2921.95295  -4769.43757  -5.4516733  -3.7133513   2.8183552 2026 01 15 02 35 10.58
0  -4638.98333   2847.22882  -4712.05647  -5.3652196  -3.7588239   2.9197699 2026 01 15 02 35 30.58
0  -4745.40520   2771.60883  -4652.65994  -5.2766614  -3.8029298   3.0198924 2026 01 15 02 35 50.58
0  -4850.03524   2695.12043  -4591.27428  -5.1860365  -3.8456565   3.1186789 2026 01 15 02 36 10.58
0  -4952.83250   2617.79133  -4527.92662  -5.0933836  -3.8869921   3.2160862 2026 01 15 02 36 30.58
0  -5053.75682   2539.64947  -4462.64496  -4.9987421  -3.9269254   3.3120720 2026 01 15 02 36 50.58
0  -5152.76882   2460.72299  -4395.45816  -4.9021526  -3.9654456   3.4065946 2026 01 15 02 37 10.58
0  -5249.82995   2381.04027  -4326.39587  -4.8036564  -4.0025426   3.4996132 2026 01 15 02 37 30.58
0  -5344.90249   2300.62986  -4255.48857  -4.7032955  -4.0382072   3.5910877 2026 01 15 02 37 50.58
0  -5437.94958   2219.52049  -4182.76754  -4.6011129  -4.0724305   3.6809792 2026 01 15 02 38 10.58
0  -5528.93520   2137.74109  -4108.26481  -4.4971522  -4.1052043   3.7692491 2026 01 15 02 38 30.58
0  -5617.82425   2055.32071  -4032.01319  -4.3914579  -4.1365210   3.8558602 2026 01 15 02 38 50.58
0  -5704.58249   1972.28858  -3954.04621  -4.2840751  -4.1663739   3.9407758 2026 01 15 02 39 10.58
0  -5789.17660   1888.67402  -3874.39814  -4.1750496  -4.1947565   4.0239604 2026 01 15 02 39 30.58
0  -5871.57420   1804.50651  -3793.10395  -4.0644279  -4.2216633   4.1053793 2026 01 15 02 39 50.58
0  -5951.74382   1719.81562  -3710.19928  -3.9522571  -4.2470891   4.1849986 2026 01 15 02 40 10.58
0  -6029.65495   1634.63101  -3625.72045  -3.8385849  -4.2710296   4.2627857 2026 01 15 02 40 30.58
0  -6105.27804   1548.98243  -3539.70442  -3.7234595  -4.2934810   4.3387086 2026 01 15 02 40 50.58
0  -6178.58452   1462.89970  -3452.18879  -3.6069298  -4.3144401   4.4127367 2026 01 15 02 41 10.58
0  -6249.54678   1376.41270  -3363.21174  -3.4890452  -4.3339044   4.4848399 2026 01 15 02 41 30.58
0  -6318.13822   1289.55134  -3272.81207  -3.3698554  -4.3518718   4.5549896 2026 01 15 02 41 50.58
0  -6384.33324   1202.34558  -3181.02913  -3.2494108  -4.3683410   4.6231578 2026 01 15 02 42 10.58
0  -6448.10724   1114.82540  -3087.90280  -3.1277620  -4.3833114   4.6893179 2026 01 15 02 42 30.58
0  -6509.43665   1027.02078  -2993.47351  -3.0049602  -4.3967827   4.7534441 2026 01 15 02 42 50.58
0  -6568.29891    938.96170  -2897.78218  -2.8810569  -4.4087555   4.8155117 2026 01 15 02 43 10.58
0  -6624.67251    850.67812  -2800.87023  -2.7561038  -4.4192306   4.8754972 2026 01 15 02 43 30.58
0  -6678.53698    762.19999  -2702.77953  -2.6301530  -4.4282099   4.9333779 2026 01 15 02 43 50.58
0  -6729.87287    673.55721  -2603.55238  -2.5032571  -4.4356954   4.9891324 2026 01 15 02 44 10.58
0  -6778.66182    584.77963  -2503.23151  -2.3754686  -4.4416900   5.0427402 2026 01 15 02 44 30.58
0  -6824.88649    495.89704  -2401.86006  -2.2468404  -4.4461969   5.0941821 2026 01 15 02 44 50.58
0  -6868.53062    406.93915  -2299.48153  -2.1174256  -4.4492201   5.1434398 2026 01 15 02 45 10.58
0  -6909.57901    317.93562  -2196.13978  -1.9872774  -4.4507639   5.1904961 2026 01 15 02 45 30.58
0  -6948.01753    228.91597  -2091.87899  -1.8564492  -4.4508335   5.2353349 2026 01 15 02 45 50.58
0  -6983.83311    139.90964  -1986.74367  -1.7249945  -4.4494342   5.2779414 2026 01 15 02 46 10.58
0  -7017.01374     50.94596  -1880.77860  -1.5929668  -4.4465721   5.3183015 2026 01 15 02 46 30.58
0  -7047.54852    -37.94588  -1774.02886  -1.4604197  -4.4422538   5.3564026 2026 01 15 02 46 50.58
0  -7075.42758   -126.73683  -1666.53973  -1.3274069  -4.4364863   5.3922328 2026 01 15 02 47 10.58
0  -7100.64215   -215.39796  -1558.35674  -1.1939820  -4.4292772   5.4257816 2026 01 15 02 47 30.58
0  -7123.18452   -303.90053  -1449.52562  -1.0601985  -4.4206345   5.4570395 2026 01 15 02 47 50.58
0  -7143.04806   -392.21594  -1340.09227  -0.9261100  -4.4105668   5.4859979 2026 01 15 02 48 10.58
0  -7160.22720   -480.31578  -1230.10277  -0.7917699  -4.3990830   5.5126495 2026 01 15 02 48 30.58
0  -7174.71745   -568.17182  -1119.60331  -0.6572316  -4.3861927   5.5369880 2026 01 15 02 48 50.58
0  -7186.51538   -655.75603  -1008.64021  -0.5225483  -4.3719057   5.5590082 2026 01 15 02 49 10.58
0  -7195.61861   -743.04056   -897.25989  -0.3877730  -4.3562324   5.5787059 2026 01 15 02 49 30.58
0  -7202.02584   -829.99781   -785.50882  -0.2529585  -4.3391836   5.5960779 2026 01 15 02 49 50.58
0  -7205.73682   -916.60036   -673.43354  -0.1181576  -4.3207705   5.6111222 2026 01 15 02 50 10.58
0  -7206.75234  -1002.82105   -561.08062   0.0165774  -4.3010047   5.6238379 2026 01 15 02 50 30.58
0  -7205.07424  -1088.63294   -448.49664   0.1511944  -4.2798982   5.6342248 2026 01 15 02 50 50.58
0  -7200.70541  -1174.00933   -335.72815   0.2856414  -4.2574635   5.6422840 2026 01 15 02 51 10.58
0  -7193.64976  -1258.92380   -222.82171   0.4198668  -4.2337132   5.6480176 2026 01 15 02 51 30.58
0  -7183.91225  -1343.35015   -109.82379   0.5538195  -4.2086607   5.6514286 2026 01 15 02 51 50.58
0  -7171.49884  -1427.26249      3.21920   0.6874485  -4.1823193   5.6525210 2026 01 15 02 52 10.58
0  -7156.41651  -1510.63516    116.26093   0.8207033  -4.1547029   5.6513000 2026 01 15 02 52 30.58
0  -7138.67325  -1593.44281    229.25519   0.9535336  -4.1258258   5.6477714 2026 01 15 02 52 50.58
0  -7118.27805  -1675.66037    342.15589   1.0858898  -4.0957025   5.6419423 2026 01 15 02 53 10.58
0  -7095.24089  -1757.26306    454.91711   1.2177225  -4.0643477   5.6338205 2026 01 15 02 53 30.58
0  -7069.57273  -1838.22641    567.49308   1.3489828  -4.0317767   5.6234149 2026 01 15 02 53 50.58
0  -7041.28552  -1918.52624    679.83822   1.4796222  -3.9980048   5.6107352 2026 01 15 02 54 10.58
0  -7010.39214  -1998.13870    791.90715   1.6095928  -3.9630477   5.5957923 2026 01 15 02 54 30.58
0  -6976.90645  -2077.04024    903.65473   1.7388471  -3.9269215   5.5785975 2026 01 15 02 54 50.58
0  -6940.84326  -2155.20765   1015.03603   1.8673382  -3.8896424   5.5591634 2026 01 15 02 55 10.58
0  -6902.21829  -2232.61803   1126.00641   1.9950195  -3.8512269   5.5375033 2026 01 15 02 55 30.58
0  -6861.04819  -2309.24882   1236.52148   2.1218452  -3.8116917   5.5136314 2026 01 15 02 55 50.58
0  -6817.35055  -2385.07780   1346.53717   2.2477698  -3.7710537   5.4875627 2026 01 15 02 56 10.58
0  -6771.14383  -2460.08309   1456.00969   2.3727487  -3.7293302   5.4593130 2026 01 15 02 56 30.58
0  -6722.44738  -2534.24316   1564.89559   2.4967374  -3.6865385   5.4288990 2026 01 15 02 56 50.58
0  -6671.28146  -2607.53681   1673.15175   2.6196925  -3.6426962   5.3963382 2026 01 15 02 57 10.58
0  -6617.66716  -2679.94321   1780.73543   2.7415708  -3.5978211   5.3616487 2026 01 15 02 57 30.58
0  -6561.62645  -2751.44190   1887.60423   2.8623299  -3.5519312   5.3248496 2026 01 15 02 57 50.58
0  -6503.18213  -2822.01276   1993.71617   2.9819280  -3.5050445   5.2859605 2026 01 15 02 58 10.58
0  -6442.35783  -2891.63603   2099.02965   3.1003239  -3.4571793   5.2450021 2026 01 15 02 58 30.58
0  -6379.17800  -2960.29234   2203.50350   3.2174771  -3.4083542   5.2019954 2026 01 15 02 58 50.58
0  -6313.66790  -3027.96268   2307.09696   3.3333476  -3.3585876   5.1569623 2026 01 15 02 59 10.58
0  -6245.85357  -3094.62840   2409.76973   3.4478962  -3.3078982   5.1099255 2026 01 15 02 59 30.58
0  -6175.76184  -3160.27124   2511.48198   3.5610844  -3.2563049   5.0609080 2026 01 15 02 59 50.58
0  -6103.42029  -3224.87331   2612.19432   3.6728742  -3.2038267   5.0099340 2026 01 15 03 00 10.58
0  -6028.85726  -3288.41712   2711.86787   3.7832284  -3.1504825   4.9570278 2026 01 15 03 00 30.58
0  -5952.10183  -3350.88553   2810.46425   3.8921104  -3.0962916   4.9022146 2026 01 15 03 00 50.58
0  -5873.18380  -3412.26180   2907.94556   3.9994845  -3.0412731   4.8455202 2026 01 15 03 01 10.58
0  -5792.13368  -3472.52959   3004.27444   4.1053154  -2.9854464   4.7869709 2026 01 15 03 01 30.58
0  -5708.98268  -3531.67291   3099.41407   4.2095686  -2.9288309   4.7265937 2026 01 15 03 01 50.58
0  -5623.76268  -3589.67620   3193.32815   4.3122105  -2.8714461   4.6644159 2026 01 15 03 02 10.58
0  -5536.50625  -3646.52426   3285.98097   4.4132079  -2.8133114   4.6004658 2026 01 15 03 02 30.58
0  -5447.24658  -3702.20229   3377.33734   4.5125286  -2.7544464   4.5347717 2026 01 15 03 02 50.58
0  -5356.01753  -3756.69589   3467.36270   4.6101410  -2.6948708   4.4673627 2026 01 15 03 03 10.58
0  -5262.85358  -3809.99104   3556.02302   4.7060140  -2.6346043   4.3982684 2026 01 15 03 03 30.58
0  -5167.78981  -3862.07413   3643.28490   4.8001176  -2.5736664   4.3275188 2026 01 15 03 03 50.58
0  -5070.86190  -3912.93192   3729.11554   4.8924223  -2.5120770   4.2551445 2026 01 15 03 04 10.58
0  -4972.10612  -3962.55159   3813.48276   4.9828993  -2.4498558   4.1811763 2026 01 15 03 04 30.58
0  -4871.55928  -4010.92069   3896.35498   5.0715207  -2.3870225   4.1056457 2026 01 15 03 04 50.58
0  -4769.25879  -4058.02719   3977.70127   5.1582591  -2.3235970   4.0285844 2026 01 15 03 05 10.58
0  -4665.24256  -4103.85944   4057.49134   5.2430881  -2.2595989   3.9500248 2026 01 15 03 05 30.58
0  -4559.54903  -4148.40618   4135.69555   5.3259817  -2.1950480   3.8699993 2026 01 15 03 05 50.58
0  -4452.21716  -4191.65656   4212.28489   5.4069150  -2.1299642   3.7885410 2026 01 15 03 06 10.58
0  -4343.28641  -4233.60012   4287.23106   5.4858634  -2.0643672   3.7056832 2026 01 15 03 06 30.58
0  -4232.79669  -4274.22679   4360.50638   5.5628035  -1.9982766   3.6214596 2026 01 15 03 06 50.58
0  -4120.78841  -4313.52690   4432.08389   5.6377122  -1.9317123   3.5359043 2026 01 15 03 07 10.58
0  -4007.30241  -4351.49118   4501.93728   5.7105674  -1.8646939   3.4490517 2026 01 15 03 07 30.58
0  -3892.37998  -4388.11073   4570.04096   5.7813476  -1.7972412   3.3609364 2026 01 15 03 07 50.58
0  -3776.06281  -4423.37707   4636.37001   5.8500321  -1.7293736   3.2715933 2026 01 15 03 08 10.58
0  -3658.39303  -4457.28210   4700.90023   5.9166008  -1.6611110   3.1810579 2026 01 15 03 08 30.58
0  -3539.41314  -4489.81810   4763.60812   5.9810346  -1.5924727   3.0893655 2026 01 15 03 08 50.58
0  -3419.16603  -4520.97777   4824.47089   6.0433147  -1.5234785   2.9965521 2026 01 15 03 09 10.58
0  -3297.69494  -4550.75418   4883.46649   6.1034234  -1.4541476   2.9026536 2026 01 15 03 09 30.58
0  -3175.04347  -4579.14079   4940.57356   6.1613436  -1.3844997   2.8077064 2026 01 15 03 09 50.58
0  -3051.25557  -4606.13145   4995.77150   6.2170587  -1.3145540   2.7117470 2026 01 15 03 10 10.58
0  -2926.37548  -4631.72040   5049.04042   6.2705531  -1.2443300   2.6148120 2026 01 15 03 10 30.58
0  -2800.44778  -4655.90227   5100.36117   6.3218118  -1.1738468   2.5169385 2026 01 15 03 10 50.58
0  -2673.51731  -4678.67206   5149.71535   6.3708205  -1.1031238   2.4181636 2026 01 15 03 11 10.58
0  -2545.62922  -4700.02516   5197.08530   6.4175656  -1.0321802   2.3185245 2026 01 15 03 11 30.58
0  -2416.82891  -4719.95737   5242.45411   6.4620342  -0.9610349   2.2180588 2026 01 15 03 11 50.58
0  -2287.16202  -4738.46483   5285.80561   6.5042143  -0.8897072   2.1168041 2026 01 15 03 12 10.58
0  -2156.67446  -4755.54408   5327.12440   6.5440942  -0.8182160   2.0147982 2026 01 15 03 12 30.58
0  -2025.41233  -4771.19204   5366.39583   6.5816631  -0.7465802   1.9120790 2026 01 15 03 12 50.58
0  -1893.42195  -4785.40601   5403.60601   6.6169112  -0.6748187   1.8086847 2026 01 15 03 13 10.58
0  -1760.74984  -4798.18366   5438.74181   6.6498288  -0.6029503   1.7046533 2026 01 15 03 13 30.58
0  -1627.44269  -4809.52304   5471.79087   6.6804073  -0.5309938   1.6000233 2026 01 15 03 13 50.58
0  -1493.54737  -4819.42258   5502.74160   6.7086388  -0.4589678   1.4948329 2026 01 15 03 14 10.58
0  -1359.11091  -4827.88106   5531.58317   6.7345158  -0.3868909   1.3891208 2026 01 15 03 14 30.58
0  -1224.18045  -4834.89766   5558.30553   6.7580318  -0.3147816   1.2829254 2026 01 15 03 14 50.58
0  -1088.80329  -4840.47191   5582.89939   6.7791806  -0.2426585   1.1762855 2026 01 15 03 15 10.58
0   -953.02681  -4844.60372   5605.35625   6.7979572  -0.1705399   1.0692397 2026 01 15 03 15 30.58
0   -816.89853  -4847.29336   5625.66838   6.8143568  -0.0984441   0.9618269 2026 01 15 03 15 50.58
0   -680.46601  -4848.54147   5643.82882   6.8283755  -0.0263895   0.8540858 2026 01 15 03 16 10.58
0   -543.77693  -4848.34906   5659.83139   6.8400101   0.0456058   0.7460554 2026 01 15 03 16 30.58
0   -406.87898  -4846.71748   5673.67069   6.8492579   0.1175238   0.6377745 2026 01 15 03 16 50.58
0   -269.81993  -4843.64848   5685.34210   6.8561170   0.1893463   0.5292821 2026 01 15 03 17 10.58
0   -132.64757  -4839.14413   5694.84177   6.8605862   0.2610553   0.4206172 2026 01 15 03 17 30.58
0      4.59028  -4833.20690   5702.16664   6.8626648   0.3326330   0.3118186 2026 01 15 03 17 50.58
0    141.84582  -4825.83957   5707.31443   6.8623530   0.4040616   0.2029253 2026 01 15 03 18 10.58
0    279.07124  -4817.04531   5710.28363   6.8596515   0.4753232   0.0939764 2026 01 15 03 18 30.58
0    416.21874  -4806.82765   5711.07352   6.8545616   0.5464001  -0.0149894 2026 01 15 03 18 50.58
0    553.24059  -4795.19044   5709.68415   6.8470854   0.6172748  -0.1239330 2026 01 15 03 19 10.58
0    690.08907  -4782.13791   5706.11635   6.8372256   0.6879297  -0.2328157 2026 01 15 03 19 30.58
0    826.71653  -4767.67463   5700.37172   6.8249856   0.7583473  -0.3415985 2026 01 15 03 19 50.58
0    963.07542  -4751.80553   5692.45266   6.8103694   0.8285102  -0.4502427 2026 01 15 03 20 10.58
0   1099.11825  -4734.53587   5682.36232   6.7933816   0.8984010  -0.5587095 2026 01 15 03 20 30.58
0   1234.79763  -4715.87126   5670.10464   6.7740277   0.9680024  -0.6669603 2026 01 15 03 20 50.58
0   1370.06629  -4695.81767   5655.68432   6.7523135   1.0372974  -0.7749564 2026 01 15 03 21 10.58
0   1504.87710  -4674.38139   5639.10685   6.7282457   1.1062686  -0.8826594 2026 01 15 03 21 30.58
0   1639.18304  -4651.56909   5620.37848   6.7018316   1.1748991  -0.9900307 2026 01 15 03 21 50.58
0   1772.93727  -4627.38773   5599.50623   6.6730792   1.2431719  -1.0970321 2026 01 15 03 22 10.58
0   1906.09311  -4601.84465   5576.49787   6.6419970   1.3110699  -1.2036252 2026 01 15 03 22 30.58
0   2038.60403  -4574.94751   5551.36196   6.6085942   1.3785764  -1.3097720 2026 01 15 03 22 50.58
0   2170.42373  -4546.70431   5524.10781   6.5728808   1.4456746  -1.4154343 2026 01 15 03 23 10.58
0   2301.50609  -4517.12339   5494.74549   6.5348672   1.5123477  -1.5205744 2026 01 15 03 23 30.58
0   2431.80522  -4486.21341   5463.28582   6.4945647   1.5785791  -1.6251543 2026 01 15 03 23 50.58
0   2561.27545  -4453.98339   5429.74040   6.4519851   1.6443522  -1.7291366 2026 01 15 03 24 10.58
0   2689.87137  -4420.44264   5394.12154   6.4071409   1.7096505  -1.8324836 2026 01 15 03 24 30.58
0   2817.54781  -4385.60083   5356.44234   6.3600452   1.7744576  -1.9351581 2026 01 15 03 24 50.58
0   2944.25987  -4349.46796   5316.71662   6.3107118   1.8387570  -2.0371229 2026 01 15 03 25 10.58
0   3069.96294  -4312.05434   5274.95895   6.2591551   1.9025325  -2.1383410 2026 01 15 03 25 30.58
0   3194.61271  -4273.37061   5231.18463   6.2053902   1.9657678  -2.2387756 2026 01 15 03 25 50.58
0   3318.16517  -4233.42775   5185.40971   6.1494328   2.0284468  -2.3383900 2026 01 15 03 26 10.58
0   3440.57663  -4192.23703   5137.65096   6.0912994   2.0905534  -2.4371479 2026 01 15 03 26 30.58
0   3561.80373  -4149.81006   5087.92588   6.0310069   2.1520716  -2.5350130 2026 01 15 03 26 50.58
0   3681.80347  -4106.15879   5036.25268   5.9685730   2.2129855  -2.6319492 2026 01 15 03 27 10.58
0   3800.53321  -4061.29544   4982.65031   5.9040161   2.2732792  -2.7279209 2026 01 15 03 27 30.58
0   3917.95067  -4015.23259   4927.13842   5.8373551   2.3329369  -2.8228925 2026 01 15 03 27 50.58
0   4034.01397  -3967.98312   4869.73738   5.7686097   2.3919429  -2.9168287 2026 01 15 03 28 10.58
0   4148.68162  -3919.56021   4810.46823   5.6978001   2.4502817  -3.0096943 2026 01 15 03 28 30.58
0   4261.91255  -3869.97736   4749.35275   5.6249473   2.5079377  -3.1014547 2026 01 15 03 28 50.58
0   4373.66610  -3819.24839   4686.41340   5.5500728   2.5648954  -3.1920753 2026 01 15 03 29 10.58
0   4483.90208  -3767.38742   4621.67331   5.4731989   2.6211395  -3.2815218 2026 01 15 03 29 30.58
0   4592.58072  -3714.40887   4555.15631   5.3943485   2.6766547  -3.3697604 2026 01 15 03 29 50.58
0   4699.66273  -3660.32747   4486.88691   5.3135451   2.7314258  -3.4567574 2026 01 15 03 30 10.58
0   4805.10929  -3605.15826   4416.89027   5.2308128   2.7854378  -3.5424794 2026 01 15 03 30 30.58
0   4908.88207  -3548.91656   4345.19222   5.1461766   2.8386756  -3.6268934 2026 01 15 03 30 50.58
0   5010.94325  -3491.61802   4271.81927   5.0596618   2.8911243  -3.7099668 2026 01 15 03 31 10.58
0   5111.25553  -3433.27855   4196.79854   4.9712946   2.9427692  -3.7916673 2026 01 15 03 31 30.58
0   5209.78211  -3373.91438   4120.15782   4.8811017   2.9935956  -3.8719627 2026 01 15 03 31 50.58
0   5306.48678  -3313.54203   4041.92553   4.7891107   3.0435889  -3.9508216 2026 01 15 03 32 10.58
0   5401.33384  -3252.17831   3962.13072   4.6953495   3.0927345  -4.0282127 2026 01 15 03 32 30.58
0   5494.28818  -3189.84031   3880.80306   4.5998468   3.1410182  -4.1041052 2026 01 15 03 32 50.58
0   5585.31527  -3126.54540   3797.97282   4.5026320   3.1884257  -4.1784686 2026 01 15 03 33 10.58
0   5674.38117  -3062.31126   3713.67090   4.4037350   3.2349428  -4.2512728 2026 01 15 03 33 30.58
0   5761.45255  -2997.15583   3627.92878   4.3031865   3.2805556  -4.3224883 2026 01 15 03 33 50.58
0   5846.49668  -2931.09734   3540.77851   4.2010178   3.3252502  -4.3920858 2026 01 15 03 34 10.58
0   5929.48149  -2864.15427   3452.25277   4.0972606   3.3690128  -4.4600367 2026 01 15 03 34 30.58
0   6010.37553  -2796.34542   3362.38475   3.9919476   3.4118299  -4.5263127 2026 01 15 03 34 50.58
0   6089.14803  -2727.68981   3271.20825   3.8851119   3.4536879  -4.5908860 2026 01 15 03 35 10.58
0   6165.76886  -2658.20677   3178.75759   3.7767872   3.4945736  -4.6537293 2026 01 15 03 35 30.58
0   6240.20860  -2587.91586   3085.06763   3.6670079   3.5344738  -4.7148157 2026 01 15 03 35 50.58
0   6312.43850  -2516.83694   2990.17379   3.5558090   3.5733753  -4.7741189 2026 01 15 03 36 10.58
0   6382.43053  -2444.99008   2894.11199   3.4432261   3.6112655  -4.8316133 2026 01 15 03 36 30.58
0   6450.15737  -2372.39566   2796.91865   3.3292955   3.6481316  -4.8872735 2026 01 15 03 36 50.58
0   6515.59245  -2299.07426   2698.63071   3.2140540   3.6839610  -4.9410748 2026 01 15 03 37 10.58
0   6578.70991  -2225.04675   2599.28559   3.0975389   3.7187415  -4.9929931 2026 01 15 03 37 30.58
0   6639.48467  -2150.33423   2498.92119   2.9797884   3.7524607  -5.0430048 2026 01 15 03 37 50.58
0   6697.89241  -2074.95803   2397.57587   2.8608409   3.7851068  -5.0910871 2026 01 15 03 38 10.58
0   6753.90958  -1998.93973   2295.28843   2.7407357   3.8166680  -5.1372174 2026 01 15 03 38 30.58
0   6807.51342  -1922.30115   2192.09815   2.6195125   3.8471326  -5.1813741 2026 01 15 03 38 50.58
0   6858.68199  -1845.06432   2088.04470   2.4972116   3.8764892  -5.2235360 2026 01 15 03 39 10.58
0   6907.39412  -1767.25152   1983.16818   2.3738739   3.9047266  -5.2636827 2026 01 15 03 39 30.58
0   6953.62951  -1688.88524   1877.50910   2.2495408   3.9318340  -5.3017942 2026 01 15 03 39 50.58
0   6997.36866  -1609.98818   1771.10835   2.1242543   3.9578004  -5.3378516 2026 01 15 03 40 10.58
0   7038.59293  -1530.58326   1664.00720   1.9980569   3.9826154  -5.3718362 2026 01 15 03 40 30.58
0   7077.28453  -1450.69361   1556.24729   1.8709915   4.0062687  -5.4037303 2026 01 15 03 40 50.58
0   7113.42654  -1370.34257   1447.87059   1.7431018   4.0287503  -5.4335169 2026 01 15 03 41 10.58
0   7147.00291  -1289.55366   1338.91941   1.6144317   4.0500502  -5.4611796 2026 01 15 03 41 30.58
0   7177.99847  -1208.35061   1229.43640   1.4850257   4.0701590  -5.4867027 2026 01 15 03 41 50.58
0   7206.39896  -1126.75733   1119.46450   1.3549290   4.0890674  -5.5100714 2026 01 15 03 42 10.58
0   7232.19102  -1044.79793   1009.04692   1.2241869   4.1067663  -5.5312717 2026 01 15 03 42 30.58
0   7255.36219   -962.49666    898.22718   1.0928454   4.1232470  -5.5502901 2026 01 15 03 42 50.58
0   7275.90095   -879.87799    787.04904   0.9609509   4.1385010  -5.5671142 2026 01 15 03 43 10.58
0   7293.79670   -796.96653    675.55650   0.8285501   4.1525202  -5.5817321 2026 01 15 03 43 30.58
0   7309.03980   -713.78704    563.79380   0.6956904   4.1652965  -5.5941330 2026 01 15 03 43 50.58
0   7321.62152   -630.36446    451.80537   0.5624194   4.1768225  -5.6043068 2026 01 15 03 44 10.58
0   7331.53414   -546.72388    339.63585   0.4287850   4.1870908  -5.6122442 2026 01 15 03 44 30.58
0   7338.77085   -462.89050    227.33006   0.2948358   4.1960945  -5.6179367 2026 01 15 03 44 50.58
0   7343.32586   -378.88970    114.93298   0.1606203   4.2038270  -5.6213768 2026 01 15 03 45 10.58
0   7345.19431   -294.74695      2.48970   0.0261879   4.2102818  -5.6225578 2026 01 15 03 45 30.58
0   7344.37237   -210.48788   -109.95451  -0.1084122   4.2154531  -5.6214740 2026 01 15 03 45 50.58
0   7340.85717   -126.13820   -222.35432  -0.2431301   4.2193352  -5.6181203 2026 01 15 03 46 10.58
0   7334.64686    -41.72375   -334.66429  -0.3779158   4.2219227  -5.6124929 2026 01 15 03 46 30.58
0   7325.74058     42.72952   -446.83891  -0.5127191   4.2232109  -5.6045885 2026 01 15 03 46 50.58
0   7314.13848    127.19559   -558.83261  -0.6474893   4.2231951  -5.5944050 2026 01 15 03 47 10.58
0   7299.84173    211.64832   -670.59981  -0.7821757   4.2218710  -5.5819412 2026 01 15 03 47 30.58
0   7282.85251    296.06151   -782.09488  -0.9167272   4.2192350  -5.5671968 2026 01 15 03 47 50.58
0   7263.17403    380.40890   -893.27223  -1.0510927   4.2152835  -5.5501724 2026 01 15 03 48 10.58
0   7240.81052    464.66413  -1004.08626  -1.1852206   4.2100135  -5.5308697 2026 01 15 03 48 30.58
0   7215.76725    548.80081  -1114.49144  -1.3190596   4.2034224  -5.5092912 2026 01 15 03 48 50.58
0   7188.05051    632.79250  -1224.44227  -1.4525578   4.1955079  -5.4854405 2026 01 15 03 49 10.58
0   7157.66762    716.61270  -1333.89336  -1.5856636   4.1862682  -5.4593221 2026 01 15 03 49 30.58
0   7124.62696    800.23489  -1442.79941  -1.7183250   4.1757019  -5.4309415 2026 01 15 03 49 50.58
0   7088.93793    883.63253  -1551.11524  -1.8504900   4.1638079  -5.4003054 2026 01 15 03 50 10.58
0   7050.61098    966.77905  -1658.79581  -1.9821068   4.1505858  -5.3674211 2026 01 15 03 50 30.58
0   7009.65759   1049.64789  -1765.79623  -2.1131232   4.1360353  -5.3322972 2026 01 15 03 50 50.58
0   6966.09030   1132.21248  -1872.07181  -2.2434872   4.1201567  -5.2949433 2026 01 15 03 51 10.58
0   6919.92265   1214.44627  -1977.57805  -2.3731469   4.1029509  -5.2553700 2026 01 15 03 51 30.58
0   6871.16927   1296.32270  -2082.27068  -2.5020503   4.0844189  -5.2135886 2026 01 15 03 51 50.58
0   6819.84579   1377.81529  -2186.10565  -2.6301456   4.0645626  -5.1696120 2026 01 15 03 52 10.58
0   6765.96890   1458.89755  -2289.03919  -2.7573810   4.0433838  -5.1234536 2026 01 15 03 52 30.58
0   6709.55631   1539.54306  -2391.02782  -2.8837049   4.0208854  -5.0751280 2026 01 15 03 52 50.58
0   6650.62676   1619.72545  -2492.02834  -3.0090658   3.9970702  -5.0246511 2026 01 15 03 53 10.58
0   6589.20004   1699.41841  -2591.99790  -3.1334123   3.9719417  -4.9720393 2026 01 15 03 53 30.58
0   6525.29694   1778.59573  -2690.89395  -3.2566935   3.9455041  -4.9173105 2026 01 15 03 53 50.58
0   6458.93928   1857.23125  -2788.67437  -3.3788585   3.9177616  -4.8604833 2026 01 15 03 54 10.58
0   6390.14989   1935.29892  -2885.29736  -3.4998566   3.8887194  -4.8015775 2026 01 15 03 54 30.58
0   6318.95261   2012.77280  -2980.72156  -3.6196375   3.8583828  -4.7406138 2026 01 15 03 54 50.58
0   6245.37230   2089.62705  -3074.90604  -3.7381512   3.8267577  -4.6776141 2026 01 15 03 55 10.58
0   6169.43479   2165.83597  -3167.81029  -3.8553481   3.7938506  -4.6126011 2026 01 15 03 55 30.58
0   6091.16692   2241.37398  -3259.39429  -3.9711789   3.7596684  -4.5455986 2026 01 15 03 55 50.58
0   6010.59650   2316.21565  -3349.61850  -4.0855946   3.7242184  -4.4766315 2026 01 15 03 56 10.58
0   5927.75232   2390.33570  -3438.44388  -4.1985469   3.6875086  -4.4057254 2026 01 15 03 56 30.58
0   5842.66414   2463.70901  -3525.83191  -4.3099875   3.6495474  -4.3329073 2026 01 15 03 56 50.58
0   5755.36267   2536.31064  -3611.74464  -4.4198691   3.6103437  -4.2582048 2026 01 15 03 57 10.58
0   5665.87957   2608.11583  -3696.14466  -4.5281445   3.5699069  -4.1816467 2026 01 15 03 57 30.58
0   5574.24742   2679.10001  -3778.99517  -4.6347672   3.5282469  -4.1032627 2026 01 15 03 57 50.58
0   5480.49976   2749.23882  -3860.25994  -4.7396913   3.4853740  -4.0230835 2026 01 15 03 58 10.58
0   5384.67100   2818.50811  -3939.90339  -4.8428714   3.4412993  -3.9411407 2026 01 15 03 58 30.58
0   5286.79648   2886.88395  -4017.89058  -4.9442628   3.3960341  -3.8574668 2026 01 15 03 58 50.58
0   5186.91242   2954.34266  -4094.18721  -5.0438212   3.3495903  -3.7720952 2026 01 15 03 59 10.58
0   5085.05592   3020.86077  -4168.75969  -5.1415033   3.3019803  -3.6850604 2026 01 15 03 59 30.58
0   4981.26494   3086.41510  -4241.57511  -5.2372664   3.2532171  -3.5963976 2026 01 15 03 59 50.58
0   4875.57829   3150.98271  -4312.60125  -5.3310683   3.2033140  -3.5061430 2026 01 15 04 00 10.58
0   4768.03560   3214.54093  -4381.80667  -5.4228678   3.1522849  -3.4143335 2026 01 15 04 00 30.58
0   4658.67734   3277.06741  -4449.16065  -5.5126243   3.1001443  -3.3210071 2026 01 15 04 00 50.58
0   4547.54476   3338.54004  -4514.63323  -5.6002983   3.0469070  -3.2262024 2026 01 15 04 01 10.58
0   4434.67992   3398.93704  -4578.19526  -5.6858507   2.9925883  -3.1299590 2026 01 15 04 01 30.58
0   4320.12562   3458.23696  -4639.81836  -5.7692435   2.9372041  -3.0323171 2026 01 15 04 01 50.58
0   4203.92543   3516.41864  -4699.47498  -5.8504396   2.8807707  -2.9333180 2026 01 15 04 02 10.58
0   4086.12366   3573.46126  -4757.13839  -5.9294026   2.8233050  -2.8330034 2026 01 15 04 02 30.58
0   3966.76533   3629.34435  -4812.78273  -6.0060973   2.7648241  -2.7314160 2026 01 15 04 02 50.58
0   3845.89613   3684.04778  -4866.38296  -6.0804893   2.7053459  -2.6285991 2026 01 15 04 03 10.58
0   3723.56248   3737.55179  -4917.91495  -6.1525450   2.6448884  -2.5245968 2026 01 15 04 03 30.58
0   3599.81143   3789.83699  -4967.35544  -6.2222321   2.5834703  -2.4194538 2026 01 15 04 03 50.58
0   3474.69065   3840.88434  -5014.68207  -6.2895191   2.5211107  -2.3132154 2026 01 15 04 04 10.58
0   3348.24846   3890.67522  -5059.87340  -6.3543757   2.4578292  -2.2059277 2026 01 15 04 04 30.58
0   3220.53377   3939.19138  -5102.90892  -6.4167724   2.3936457  -2.0976373 2026 01 15 04 04 50.58
0   3091.59605   3986.41499  -5143.76905  -6.4766810   2.3285805  -1.9883915 2026 01 15 04 05 10.58
0   2961.48534   4032.32864  -5182.43516  -6.5340744   2.2626544  -1.8782380 2026 01 15 04 05 30.58
0   2830.25220   4076.91530  -5218.88959  -6.5889264   2.1958888  -1.7672251 2026 01 15 04 05 50.58
0   2697.94772   4120.15842  -5253.11564  -6.6412121   2.1283052  -1.6554017 2026 01 15 04 06 10.58
0   2564.62345   4162.04184  -5285.09761  -6.6909078   2.0599255  -1.5428172 2026 01 15 04 06 30.58
0   2430.33143   4202.54988  -5314.82076  -6.7379908   1.9907723  -1.4295212 2026 01 15 04 06 50.58
0   2295.12411   4241.66729  -5342.27138  -6.7824396   1.9208683  -1.3155641 2026 01 15 04 07 10.58
0   2159.05440   4279.37930  -5367.43676  -6.8242341   1.8502366  -1.2009964 2026 01 15 04 07 30.58
0   2022.17555   4315.67157  -5390.30520  -6.8633552   1.7789007  -1.0858693 2026 01 15 04 07 50.58
0   1884.54121   4350.53027  -5410.86602  -6.8997850   1.7068845  -0.9702339 2026 01 15 04 08 10.58
0   1746.20539   4383.94204  -5429.10959  -6.9335071   1.6342122  -0.8541421 2026 01 15 04 08 30.58
0   1607.22237   4415.89400  -5445.02730  -6.9645060   1.5609082  -0.7376458 2026 01 15 04 08 50.58
0   1467.64676   4446.37377  -5458.61158  -6.9927678   1.4869975  -0.6207973 2026 01 15 04 09 10.58
0   1327.53343   4475.36945  -5469.85591  -7.0182795   1.4125051  -0.5036489 2026 01 15 04 09 30.58
0   1186.93749   4502.86969  -5478.75484  -7.0410298   1.3374565  -0.3862535 2026 01 15 04 09 50.58
0   1045.91428   4528.86360  -5485.30394  -7.0610083   1.2618774  -0.2686639 2026 01 15 04 10 10.58
0    904.51930   4553.34085  -5489.49987  -7.0782062   1.1857938  -0.1509331 2026 01 15 04 10 30.58
0    762.80825   4576.29160  -5491.34034  -7.0926157   1.1092320  -0.0331141 2026 01 15 04 10 50.58
0    620.83696   4597.70655  -5490.82411  -7.1042307   1.0322184   0.0847397 2026 01 15 04 11 10.58
0    478.66135   4617.57694  -5487.95102  -7.1130461   0.9547797   0.2025752 2026 01 15 04 11 30.58
0    336.33747   4635.89454  -5482.72197  -7.1190581   0.8769430   0.3203390 2026 01 15 04 11 50.58
0    193.92138   4652.65165  -5475.13892  -7.1222645   0.7987353   0.4379778 2026 01 15 04 12 10.58
0     51.46921   4667.84113  -5465.20492  -7.1226643   0.7201840   0.5554386 2026 01 15 04 12 30.58
0    -90.96290   4681.45639  -5452.92404  -7.1202576   0.6413168   0.6726680 2026 01 15 04 12 50.58
0   -233.31886   4693.49138  -5438.30145  -7.1150461   0.5621612   0.7896130 2026 01 15 04 13 10.58
0   -375.54260   4703.94061  -5421.34337  -7.1070327   0.4827451   0.9062207 2026 01 15 04 13 30.58
0   -517.57813   4712.79915  -5402.05705  -7.0962218   0.4030966   1.0224383 2026 01 15 04 13 50.58
0   -659.36955   4720.06264  -5380.45084  -7.0826189   0.3232438   1.1382132 2026 01 15 04 14 10.58
0   -800.86111   4725.72727  -5356.53410  -7.0662308   0.2432149   1.2534931 2026 01 15 04 14 30.58
0   -941.99717   4729.78981  -5330.31725  -7.0470658   0.1630383   1.3682259 2026 01 15 04 14 50.58
0  -1082.72230   4732.24757  -5301.81175  -7.0251335   0.0827424   1.4823598 2026 01 15 04 15 10.58
0  -1222.98127   4733.09846  -5271.03009  -7.0004446   0.0023558   1.5958432 2026 01 15 04 15 30.58
0  -1362.71906   4732.34096  -5237.98578  -6.9730113  -0.0780930   1.7086251 2026 01 15 04 15 50.58
0  -1501.88092   4729.97409  -5202.69337  -6.9428470  -0.1585754   1.8206546 2026 01 15 04 16 10.58
0  -1640.41239   4725.99747  -5165.16839  -6.9099664  -0.2390627   1.9318813 2026 01 15 04 16 30.58
0  -1778.25929   4720.41130  -5125.42740  -6.8743854  -0.3195262   2.0422554 2026 01 15 04 16 50.58
0  -1915.36778   4713.21633  -5083.48794  -6.8361212  -0.3999373   2.1517273 2026 01 15 04 17 10.58
0  -2051.68440   4704.41389  -5039.36854  -6.7951923  -0.4802673   2.2602480 2026 01 15 04 17 30.58
0  -2187.15605   4694.00589  -4993.08871  -6.7516184  -0.5604877   2.3677691 2026 01 15 04 17 50.58
0  -2321.73002   4681.99481  -4944.66890  -6.7054204  -0.6405697   2.4742426 2026 01 15 04 18 10.58
0  -2455.35407   4668.38370  -4894.13055  -6.6566204  -0.7204850   2.5796211 2026 01 15 04 18 30.58
0  -2587.97638   4653.17617  -4841.49601  -6.6052417  -0.8002049   2.6838580 2026 01 15 04 18 50.58
