0 -24060.25390  -6695.88334   5426.76296   0.6957334   0.3042598   3.4726557 2026 01 14 08 56 01.84
0 -24046.24113  -6689.79356   5496.18983   0.7055509   0.3047008   3.4700469 2026 01 14 08 56 21.84
0 -24032.03206  -6683.69526   5565.56418   0.7153644   0.3051108   3.4674049 2026 01 14 08 56 41.84
0 -24017.62677  -6677.58907   5634.88537   0.7251736   0.3054900   3.4647298 2026 01 14 08 57 01.84
0 -24003.02533  -6671.47561   5704.15272   0.7349785   0.3058382   3.4620217 2026 01 14 08 57 21.84
0 -23988.22784  -6665.35549   5773.36558   0.7447787   0.3061556   3.4592805 2026 01 14 08 57 41.84
0 -23973.23440  -6659.22934   5842.52329   0.7545743   0.3064421   3.4565062 2026 01 14 08 58 01.84
0 -23958.04509  -6653.09776   5911.62518   0.7643649   0.3066977   3.4536989 2026 01 14 08 58 21.84
0 -23942.66002  -6646.96138   5980.67059   0.7741505   0.3069225   3.4508587 2026 01 14 08 58 41.84
0 -23927.07929  -6640.82081   6049.65888   0.7839309   0.3071164   3.4479855 2026 01 14 08 59 01.84
0 -23911.30301  -6634.67667   6118.58937   0.7937059   0.3072796   3.4450794 2026 01 14 08 59 21.84
0 -23895.33128  -6628.52957   6187.46140   0.8034754   0.3074119   3.4421405 2026 01 14 08 59 41.84
0 -23879.16422  -6622.38014   6256.27434   0.8132392   0.3075134   3.4391686 2026 01 14 09 00 01.84
0 -23862.80195  -6616.22898   6325.02750   0.8229972   0.3075842   3.4361639 2026 01 14 09 00 21.84
0 -23846.24457  -6610.07672   6393.72025   0.8327491   0.3076242   3.4331264 2026 01 14 09 00 41.84
0 -23829.49222  -6603.92396   6462.35191   0.8424948   0.3076334   3.4300561 2026 01 14 09 01 01.84
0 -23812.54502  -6597.77132   6530.92185   0.8522342   0.3076120   3.4269531 2026 01 14 09 01 21.84
0 -23795.40310  -6591.61942   6599.42939   0.8619671   0.3075598   3.4238174 2026 01 14 09 01 41.84
0 -23778.06658  -6585.46887   6667.87390   0.8716933   0.3074770   3.4206490 2026 01 14 09 02 01.84
0 -23760.53561  -6579.32029   6736.25471   0.8814128   0.3073635   3.4174479 2026 01 14 09 02 21.84
0 -23742.81032  -6573.17428   6804.57117   0.8911252   0.3072193   3.4142142 2026 01 14 09 02 41.84
0 -23724.89086  -6567.03146   6872.82263   0.9008304   0.3070446   3.4109479 2026 01 14 09 03 01.84
0 -23706.77736  -6560.89244   6941.00845   0.9105284   0.3068392   3.4076490 2026 01 14 09 03 21.84
0 -23688.46998  -6554.75783   7009.12796   0.9202189   0.3066033   3.4043176 2026 01 14 09 03 41.84
0 -23669.96886  -6548.62824   7077.18051   0.9299018   0.3063368   3.4009537 2026 01 14 09 04 01.84
0 -23651.27417  -6542.50430   7145.16547   0.9395769   0.3060398   3.3975573 2026 01 14 09 04 21.84
0 -23632.38605  -6536.38659   7213.08217   0.9492440   0.3057123   3.3941285 2026 01 14 09 04 41.84
0 -23613.30467  -6530.27574   7280.92997   0.9589031   0.3053544   3.3906673 2026 01 14 09 05 01.84
0 -23594.03020  -6524.17236   7348.70823   0.9685538   0.3049660   3.3871737 2026 01 14 09 05 21.84
0 -23574.56279  -6518.07704   7416.41629   0.9781962   0.3045471   3.3836478 2026 01 14 09 05 41.84
0 -23554.90263  -6511.99041   7484.05351   0.9878299   0.3040979   3.3800896 2026 01 14 09 06 01.84
0 -23535.04987  -6505.91306   7551.61924   0.9974549   0.3036183   3.3764991 2026 01 14 09 06 21.84
0 -23515.00471  -6499.84561   7619.11284   1.0070710   0.3031084   3.3728764 2026 01 14 09 06 41.84
0 -23494.76731  -6493.78866   7686.53367   1.0166781   0.3025682   3.3692215 2026 01 14 09 07 01.84
0 -23474.33787  -6487.74282   7753.88107   1.0262759   0.3019977   3.3655344 2026 01 14 09 07 21.84
0 -23453.71656  -6481.70869   7821.15442   1.0358643   0.3013970   3.3618152 2026 01 14 09 07 41.84
0 -23432.90358  -6475.68688   7888.35306   1.0454432   0.3007660   3.3580639 2026 01 14 09 08 01.84
0 -23411.89913  -6469.67798   7955.47635   1.0550124   0.3001049   3.3542806 2026 01 14 09 08 21.84
0 -23390.70338  -6463.68261   8022.52366   1.0645717   0.2994137   3.3504652 2026 01 14 09 08 41.84
0 -23369.31655  -6457.70137   8089.49434   1.0741210   0.2986923   3.3466178 2026 01 14 09 09 01.84
0 -23347.73884  -6451.73485   8156.38775   1.0836602   0.2979409   3.3427385 2026 01 14 09 09 21.84
0 -23325.97044  -6445.78367   8223.20326   1.0931890   0.2971595   3.3388273 2026 01 14 09 09 41.84
0 -23304.01158  -6439.84841   8289.94022   1.1027073   0.2963480   3.3348842 2026 01 14 09 10 01.84
0 -23281.86246  -6433.92968   8356.59801   1.1122150   0.2955066   3.3309093 2026 01 14 09 10 21.84
0 -23259.52329  -6428.02807   8423.17598   1.1217119   0.2946353   3.3269026 2026 01 14 09 10 41.84
0 -23236.99429  -6422.14420   8489.67350   1.1311978   0.2937340   3.3228641 2026 01 14 09 11 01.84
0 -23214.27568  -6416.27864   8556.08993   1.1406726   0.2928030   3.3187939 2026 01 14 09 11 21.84
0 -23191.36770  -6410.43201   8622.42464   1.1501361   0.2918421   3.3146921 2026 01 14 09 11 41.84
0 -23168.27055  -6404.60489   8688.67700   1.1595882   0.2908514   3.3105585 2026 01 14 09 12 01.84
0 -23144.98449  -6398.79788   8754.84637   1.1690288   0.2898311   3.3063934 2026 01 14 09 12 21.84
0 -23121.50972  -6393.01157   8820.93212   1.1784575   0.2887810   3.3021967 2026 01 14 09 12 41.84
0 -23097.84651  -6387.24656   8886.93363   1.1878744   0.2877013   3.2979685 2026 01 14 09 13 01.84
0 -23073.99507  -6381.50344   8952.85025   1.1972792   0.2865920   3.2937089 2026 01 14 09 13 21.84
0 -23049.95567  -6375.78281   9018.68137   1.2066718   0.2854532   3.2894177 2026 01 14 09 13 41.84
0 -23025.72853  -6370.08524   9084.42636   1.2160521   0.2842848   3.2850952 2026 01 14 09 14 01.84
0 -23001.31391  -6364.41134   9150.08458   1.2254198   0.2830870   3.2807413 2026 01 14 09 14 21.84
0 -22976.71207  -6358.76168   9215.65541   1.2347749   0.2818598   3.2763561 2026 01 14 09 14 41.84
0 -22951.92325  -6353.13687   9281.13822   1.2441171   0.2806032   3.2719396 2026 01 14 09 15 01.84
0 -22926.94772  -6347.53748   9346.53239   1.2534463   0.2793172   3.2674919 2026 01 14 09 15 21.84
0 -22901.78574  -6341.96410   9411.83729   1.2627624   0.2780020   3.2630130 2026 01 14 09 15 41.84
0 -22876.43757  -6336.41732   9477.05231   1.2720653   0.2766576   3.2585030 2026 01 14 09 16 01.84
0 -22850.90348  -6330.89772   9542.17681   1.2813546   0.2752840   3.2539618 2026 01 14 09 16 21.84
0 -22825.18373  -6325.40588   9607.21019   1.2906304   0.2738812   3.2493896 2026 01 14 09 16 41.84
0 -22799.27861  -6319.94239   9672.15180   1.2998925   0.2724494   3.2447864 2026 01 14 09 17 01.84
0 -22773.18838  -6314.50782   9737.00105   1.3091406   0.2709886   3.2401522 2026 01 14 09 17 21.84
0 -22746.91334  -6309.10276   9801.75730   1.3183747   0.2694987   3.2354870 2026 01 14 09 17 41.84
0 -22720.45375  -6303.72779   9866.41993   1.3275945   0.2679800   3.2307910 2026 01 14 09 18 01.84
0 -22693.80991  -6298.38348   9930.98834   1.3368000   0.2664323   3.2260641 2026 01 14 09 18 21.84
0 -22666.98211  -6293.07041   9995.46191   1.3459910   0.2648559   3.2213065 2026 01 14 09 18 41.84
0 -22639.97063  -6287.78916  10059.84001   1.3551674   0.2632507   3.2165181 2026 01 14 09 19 01.84
0 -22612.77578  -6282.54030  10124.12204   1.3643289   0.2616168   3.2116990 2026 01 14 09 19 21.84
0 -22585.39784  -6277.32440  10188.30739   1.3734755   0.2599542   3.2068492 2026 01 14 09 19 41.84
0 -22557.83713  -6272.14204  10252.39543   1.3826069   0.2582631   3.2019688 2026 01 14 09 20 01.84
0 -22530.09394  -6266.99379  10316.38555   1.3917231   0.2565434   3.1970579 2026 01 14 09 20 21.84
0 -22502.16858  -6261.88022  10380.27716   1.4008238   0.2547952   3.1921164 2026 01 14 09 20 41.84
0 -22474.06136  -6256.80190  10444.06963   1.4099090   0.2530186   3.1871444 2026 01 14 09 21 01.84
0 -22445.77259  -6251.75939  10507.76235   1.4189785   0.2512137   3.1821421 2026 01 14 09 21 21.84
0 -22417.30260  -6246.75326  10571.35473   1.4280321   0.2493804   3.1771093 2026 01 14 09 21 41.84
0 -22388.65169  -6241.78408  10634.84615   1.4370697   0.2475189   3.1720463 2026 01 14 09 22 01.84
0 -22359.82019  -6236.85241  10698.23600   1.4460912   0.2456292   3.1669529 2026 01 14 09 22 21.84
0 -22330.80843  -6231.95882  10761.52369   1.4550963   0.2437114   3.1618293 2026 01 14 09 22 41.84
0 -22301.61673  -6227.10386  10824.70860   1.4640850   0.2417655   3.1566755 2026 01 14 09 23 01.84
0 -22272.24542  -6222.28810  10887.79014   1.4730571   0.2397917   3.1514916 2026 01 14 09 23 21.84
0 -22242.69484  -6217.51210  10950.76770   1.4820124   0.2377899   3.1462776 2026 01 14 09 23 41.84
0 -22212.96532  -6212.77641  11013.64067   1.4909508   0.2357602   3.1410336 2026 01 14 09 24 01.84
0 -22183.05720  -6208.08159  11076.40847   1.4998722   0.2337028   3.1357596 2026 01 14 09 24 21.84
0 -22152.97083  -6203.42820  11139.07049   1.5087763   0.2316176   3.1304556 2026 01 14 09 24 41.84
0 -22122.70655  -6198.81679  11201.62613   1.5176632   0.2295047   3.1251218 2026 01 14 09 25 01.84
0 -22092.26470  -6194.24792  11264.07480   1.5265325   0.2273642   3.1197581 2026 01 14 09 25 21.84
0 -22061.64565  -6189.72213  11326.41589   1.5353842   0.2251962   3.1143647 2026 01 14 09 25 41.84
0 -22030.84974  -6185.23997  11388.64882   1.5442182   0.2230007   3.1089415 2026 01 14 09 26 01.84
0 -21999.87733  -6180.80200  11450.77299   1.5530342   0.2207778   3.1034886 2026 01 14 09 26 21.84
0 -21968.72878  -6176.40875  11512.78781   1.5618321   0.2185276   3.0980061 2026 01 14 09 26 41.84
0 -21937.40446  -6172.06079  11574.69268   1.5706119   0.2162501   3.0924941 2026 01 14 09 27 01.84
0 -21905.90472  -6167.75864  11636.48702   1.5793733   0.2139455   3.0869525 2026 01 14 09 27 21.84
0 -21874.22994  -6163.50287  11698.17023   1.5881161   0.2116137   3.0813814 2026 01 14 09 27 41.84
0 -21842.38049  -6159.29399  11759.74172   1.5968404   0.2092548   3.0757809 2026 01 14 09 28 01.84
0 -21810.35675  -6155.13257  11821.20091   1.6055459   0.2068690   3.0701511 2026 01 14 09 28 21.84
0 -21778.15908  -6151.01913  11882.54721   1.6142324   0.2044563   3.0644919 2026 01 14 09 28 41.84
0 -21745.78788  -6146.95421  11943.78004   1.6228999   0.2020167   3.0588035 2026 01 14 09 29 01.84
0 -21713.24351  -6142.93835  12004.89880   1.6315481   0.1995504   3.0530859 2026 01 14 09 29 21.84
0 -21680.52638  -6138.97208  12065.90292   1.6401770   0.1970574   3.0473391 2026 01 14 09 29 41.84
0 -21647.63686  -6135.05594  12126.79182   1.6487864   0.1945379   3.0415632 2026 01 14 09 30 01.84
0 -21614.57535  -6131.19045  12187.56491   1.6573762   0.1919917   3.0357583 2026 01 14 09 30 21.84
0 -21581.34225  -6127.37616  12248.22161   1.6659462   0.1894191   3.0299244 2026 01 14 09 30 41.84
0 -21547.93794  -6123.61358  12308.76135   1.6744963   0.1868202   3.0240616 2026 01 14 09 31 01.84
0 -21514.36283  -6119.90324  12369.18353   1.6830264   0.1841949   3.0181699 2026 01 14 09 31 21.84
0 -21480.61732  -6116.24566  12429.48760   1.6915362   0.1815435   3.0122494 2026 01 14 09 31 41.84
0 -21446.70182  -6112.64138  12489.67297   1.7000257   0.1788658   3.0063001 2026 01 14 09 32 01.84
0 -21412.61674  -6109.09091  12549.73907   1.7084948   0.1761622   3.0003221 2026 01 14 09 32 21.84
0 -21378.36248  -6105.59478  12609.68532   1.7169432   0.1734325   2.9943155 2026 01 14 09 32 41.84
0 -21343.93946  -6102.15350  12669.51116   1.7253709   0.1706769   2.9882803 2026 01 14 09 33 01.84
0 -21309.34809  -6098.76758  12729.21600   1.7337777   0.1678956   2.9822165 2026 01 14 09 33 21.84
0 -21274.58880  -6095.43756  12788.79929   1.7421635   0.1650884   2.9761243 2026 01 14 09 33 41.84
0 -21239.66201  -6092.16393  12848.26045   1.7505281   0.1622557   2.9700036 2026 01 14 09 34 01.84
0 -21204.56813  -6088.94721  12907.59891   1.7588714   0.1593973   2.9638546 2026 01 14 09 34 21.84
0 -21169.30761  -6085.78791  12966.81410   1.7671933   0.1565135   2.9576773 2026 01 14 09 34 41.84
0 -21133.88086  -6082.68655  13025.90547   1.7754937   0.1536042   2.9514717 2026 01 14 09 35 01.84
0 -21098.28832  -6079.64362  13084.87245   1.7837723   0.1506697   2.9452380 2026 01 14 09 35 21.84
0 -21062.53043  -6076.65963  13143.71447   1.7920291   0.1477099   2.9389761 2026 01 14 09 35 41.84
0 -21026.60762  -6073.73510  13202.43098   1.8002639   0.1447249   2.9326862 2026 01 14 09 36 01.84
0 -20990.52033  -6070.87051  13261.02140   1.8084767   0.1417149   2.9263682 2026 01 14 09 36 21.84
0 -20954.26902  -6068.06637  13319.48519   1.8166672   0.1386799   2.9200224 2026 01 14 09 36 41.84
0 -20917.85412  -6065.32318  13377.82178   1.8248353   0.1356201   2.9136486 2026 01 14 09 37 01.84
0 -20881.27608  -6062.64144  13436.03062   1.8329809   0.1325354   2.9072470 2026 01 14 09 37 21.84
0 -20844.53535  -6060.02164  13494.11115   1.8411039   0.1294260   2.9008176 2026 01 14 09 37 41.84
0 -20807.63239  -6057.46427  13552.06281   1.8492042   0.1262921   2.8943605 2026 01 14 09 38 01.84
0 -20770.56766  -6054.96982  13609.88506   1.8572815   0.1231335   2.8878758 2026 01 14 09 38 21.84
0 -20733.34161  -6052.53879  13667.57734   1.8653358   0.1199506   2.8813635 2026 01 14 09 38 41.84
0 -20695.95470  -6050.17166  13725.13909   1.8733670   0.1167433   2.8748237 2026 01 14 09 39 01.84
0 -20658.40741  -6047.86892  13782.56978   1.8813749   0.1135117   2.8682564 2026 01 14 09 39 21.84
0 -20620.70019  -6045.63106  13839.86885   1.8893593   0.1102560   2.8616618 2026 01 14 09 39 41.84
0 -20582.83352  -6043.45855  13897.03575   1.8973202   0.1069762   2.8550398 2026 01 14 09 40 01.84
0 -20544.80787  -6041.35187  13954.06994   1.9052575   0.1036724   2.8483905 2026 01 14 09 40 21.84
0 -20506.62371  -6039.31151  14010.97087   1.9131709   0.1003447   2.8417140 2026 01 14 09 40 41.84
0 -20468.28152  -6037.33794  14067.73800   1.9210604   0.0969933   2.8350104 2026 01 14 09 41 01.84
0 -20429.78178  -6035.43164  14124.37079   1.9289259   0.0936181   2.8282797 2026 01 14 09 41 21.84
0 -20391.12498  -6033.59308  14180.86870   1.9367671   0.0902194   2.8215220 2026 01 14 09 41 41.84
0 -20352.31159  -6031.82272  14237.23118   1.9445841   0.0867971   2.8147373 2026 01 14 09 42 01.84
0 -20313.34211  -6030.12105  14293.45770   1.9523766   0.0833515   2.8079257 2026 01 14 09 42 21.84
0 -20274.21702  -6028.48852  14349.54772   1.9601446   0.0798825   2.8010873 2026 01 14 09 42 41.84
0 -20234.93683  -6026.92560  14405.50070   1.9678879   0.0763904   2.7942222 2026 01 14 09 43 01.84
0 -20195.50201  -6025.43275  14461.31612   1.9756063   0.0728751   2.7873304 2026 01 14 09 43 21.84
0 -20155.91308  -6024.01045  14516.99344   1.9832999   0.0693368   2.7804119 2026 01 14 09 43 41.84
0 -20116.17052  -6022.65913  14572.53212   1.9909683   0.0657756   2.7734669 2026 01 14 09 44 01.84
0 -20076.27485  -6021.37927  14627.93163   1.9986116   0.0621915   2.7664954 2026 01 14 09 44 21.84
0 -20036.22656  -6020.17132  14683.19145   2.0062296   0.0585848   2.7594974 2026 01 14 09 44 41.84
0 -19996.02617  -6019.03573  14738.31105   2.0138222   0.0549554   2.7524731 2026 01 14 09 45 01.84
0 -19955.67419  -6017.97295  14793.28990   2.0213892   0.0513036   2.7454225 2026 01 14 09 45 21.84
0 -19915.17112  -6016.98343  14848.12747   2.0289306   0.0476293   2.7383456 2026 01 14 09 45 41.84
0 -19874.51748  -6016.06762  14902.82325   2.0364461   0.0439327   2.7312426 2026 01 14 09 46 01.84
0 -19833.71379  -6015.22597  14957.37671   2.0439358   0.0402139   2.7241135 2026 01 14 09 46 21.84
0 -19792.76056  -6014.45891  15011.78732   2.0513994   0.0364730   2.7169584 2026 01 14 09 46 41.84
0 -19751.65833  -6013.76689  15066.05457   2.0588369   0.0327101   2.7097773 2026 01 14 09 47 01.84
0 -19710.40761  -6013.15035  15120.17794   2.0662481   0.0289253   2.7025703 2026 01 14 09 47 21.84
0 -19669.00893  -6012.60972  15174.15692   2.0736329   0.0251188   2.6953375 2026 01 14 09 47 41.84
0 -19627.46282  -6012.14543  15227.99098   2.0809912   0.0212905   2.6880789 2026 01 14 09 48 01.84
0 -19585.76981  -6011.75793  15281.67961   2.0883229   0.0174407   2.6807946 2026 01 14 09 48 21.84
0 -19543.93043  -6011.44764  15335.22230   2.0956279   0.0135694   2.6734847 2026 01 14 09 48 41.84
0 -19501.94522  -6011.21499  15388.61854   2.1029060   0.0096767   2.6661493 2026 01 14 09 49 01.84
0 -19459.81472  -6011.06041  15441.86782   2.1101571   0.0057628   2.6587884 2026 01 14 09 49 21.84
0 -19417.53947  -6010.98431  15494.96963   2.1173812   0.0018278   2.6514021 2026 01 14 09 49 41.84
0 -19375.12000  -6010.98713  15547.92345   2.1245781  -0.0021283   2.6439904 2026 01 14 09 50 01.84
0 -19332.55688  -6011.06928  15600.72879   2.1317476  -0.0061054   2.6365535 2026 01 14 09 50 21.84
0 -19289.85064  -6011.23117  15653.38514   2.1388897  -0.0101032   2.6290914 2026 01 14 09 50 41.84
0 -19247.00183  -6011.47323  15705.89200   2.1460043  -0.0141218   2.6216041 2026 01 14 09 51 01.84
0 -19204.01100  -6011.79587  15758.24886   2.1530912  -0.0181609   2.6140918 2026 01 14 09 51 21.84
0 -19160.87872  -6012.19950  15810.45522   2.1601504  -0.0222206   2.6065545 2026 01 14 09 51 41.84
0 -19117.60553  -6012.68452  15862.51060   2.1671817  -0.0263006   2.5989923 2026 01 14 09 52 01.84
0 -19074.19199  -6013.25134  15914.41447   2.1741850  -0.0304009   2.5914052 2026 01 14 09 52 21.84
0 -19030.63867  -6013.90038  15966.16636   2.1811602  -0.0345213   2.5837934 2026 01 14 09 52 41.84
0 -18986.94613  -6014.63202  16017.76577   2.1881072  -0.0386618   2.5761568 2026 01 14 09 53 01.84
0 -18943.11493  -6015.44667  16069.21220   2.1950259  -0.0428222   2.5684957 2026 01 14 09 53 21.84
0 -18899.14564  -6016.34473  16120.50516   2.2019161  -0.0470024   2.5608099 2026 01 14 09 53 41.84
0 -18855.03884  -6017.32658  16171.64417   2.2087779  -0.0512023   2.5530997 2026 01 14 09 54 01.84
0 -18810.79508  -6018.39264  16222.62872   2.2156109  -0.0554218   2.5453651 2026 01 14 09 54 21.84
0 -18766.41495  -6019.54327  16273.45834   2.2224153  -0.0596608   2.5376062 2026 01 14 09 54 41.84
0 -18721.89902  -6020.77888  16324.13254   2.2291908  -0.0639191   2.5298230 2026 01 14 09 55 01.84
0 -18677.24788  -6022.09985  16374.65083   2.2359373  -0.0681966   2.5220156 2026 01 14 09 55 21.84
0 -18632.46209  -6023.50656  16425.01274   2.2426547  -0.0724933   2.5141841 2026 01 14 09 55 41.84
0 -18587.54225  -6024.99940  16475.21777   2.2493430  -0.0768090   2.5063285 2026 01 14 09 56 01.84
0 -18542.48893  -6026.57873  16525.26546   2.2560020  -0.0811436   2.4984490 2026 01 14 09 56 21.84
0 -18497.30273  -6028.24495  16575.15531   2.2626316  -0.0854969   2.4905456 2026 01 14 09 56 41.84
0 -18451.98423  -6029.99842  16624.88686   2.2692318  -0.0898689   2.4826183 2026 01 14 09 57 01.84
0 -18406.53402  -6031.83951  16674.45963   2.2758023  -0.0942594   2.4746674 2026 01 14 09 57 21.84
0 -18360.95270  -6033.76860  16723.87314   2.2823432  -0.0986683   2.4666927 2026 01 14 09 57 41.84
0 -18315.24086  -6035.78605  16773.12693   2.2888542  -0.1030955   2.4586945 2026 01 14 09 58 01.84
0 -18269.39910  -6037.89222  16822.22051   2.2953354  -0.1075409   2.4506727 2026 01 14 09 58 21.84
0 -18223.42801  -6040.08748  16871.15343   2.3017866  -0.1120043   2.4426276 2026 01 14 09 58 41.84
0 -18177.32820  -6042.37219  16919.92521   2.3082077  -0.1164857   2.4345590 2026 01 14 09 59 01.84
0 -18131.10027  -6044.74671  16968.53538   2.3145986  -0.1209848   2.4264672 2026 01 14 09 59 21.84
0 -18084.74483  -6047.21139  17016.98349   2.3209592  -0.1255017   2.4183521 2026 01 14 09 59 41.84
0 -18038.26248  -6049.76658  17065.26907   2.3272894  -0.1300361   2.4102139 2026 01 14 10 00 01.84
0 -17991.65383  -6052.41263  17113.39165   2.3335892  -0.1345880   2.4020527 2026 01 14 10 00 21.84
0 -17944.91949  -6055.14989  17161.35077   2.3398583  -0.1391571   2.3938685 2026 01 14 10 00 41.84
0 -17898.06008  -6057.97871  17209.14599   2.3460968  -0.1437435   2.3856613 2026 01 14 10 01 01.84
0 -17851.07620  -6060.89942  17256.77683   2.3523045  -0.1483470   2.3774314 2026 01 14 10 01 21.84
0 -17803.96848  -6063.91238  17304.24285   2.3584813  -0.1529674   2.3691787 2026 01 14 10 01 41.84
0 -17756.73753  -6067.01791  17351.54359   2.3646271  -0.1576046   2.3609033 2026 01 14 10 02 01.84
0 -17709.38397  -6070.21635  17398.67860   2.3707419  -0.1622585   2.3526054 2026 01 14 10 02 21.84
0 -17661.90843  -6073.50804  17445.64742   2.3768256  -0.1669290   2.3442849 2026 01 14 10 02 41.84
0 -17614.31154  -6076.89330  17492.44961   2.3828780  -0.1716159   2.3359420 2026 01 14 10 03 01.84
0 -17566.59390  -6080.37246  17539.08471   2.3888990  -0.1763192   2.3275768 2026 01 14 10 03 21.84
0 -17518.75616  -6083.94585  17585.55229   2.3948886  -0.1810386   2.3191892 2026 01 14 10 03 41.84
0 -17470.79895  -6087.61379  17631.85190   2.4008467  -0.1857741   2.3107795 2026 01 14 10 04 01.84
0 -17422.72288  -6091.37660  17677.98310   2.4067732  -0.1905256   2.3023477 2026 01 14 10 04 21.84
0 -17374.52861  -6095.23460  17723.94543   2.4126680  -0.1952928   2.2938938 2026 01 14 10 04 41.84
0 -17326.21676  -6099.18809  17769.73847   2.4185310  -0.2000758   2.2854180 2026 01 14 10 05 01.84
0 -17277.78796  -6103.23741  17815.36178   2.4243621  -0.2048743   2.2769203 2026 01 14 10 05 21.84
0 -17229.24287  -6107.38284  17860.81491   2.4301612  -0.2096882   2.2684008 2026 01 14 10 05 41.84
0 -17180.58211  -6111.62471  17906.09744   2.4359283  -0.2145174   2.2598596 2026 01 14 10 06 01.84
0 -17131.80633  -6115.96332  17951.20893   2.4416632  -0.2193618   2.2512967 2026 01 14 10 06 21.84
0 -17082.91618  -6120.39896  17996.14894   2.4473659  -0.2242212   2.2427123 2026 01 14 10 06 41.84
0 -17033.91229  -6124.93194  18040.91705   2.4530363  -0.2290956   2.2341064 2026 01 14 10 07 01.84
0 -16984.79533  -6129.56255  18085.51284   2.4586743  -0.2339847   2.2254792 2026 01 14 10 07 21.84
0 -16935.56592  -6134.29110  18129.93586   2.4642798  -0.2388884   2.2168306 2026 01 14 10 07 41.84
0 -16886.22474  -6139.11786  18174.18570   2.4698527  -0.2438067   2.2081608 2026 01 14 10 08 01.84
0 -16836.77242  -6144.04313  18218.26194   2.4753929  -0.2487393   2.1994698 2026 01 14 10 08 21.84
0 -16787.20962  -6149.06720  18262.16414   2.4809005  -0.2536862   2.1907578 2026 01 14 10 08 41.84
0 -16737.53700  -6154.19035  18305.89190   2.4863752  -0.2586472   2.1820248 2026 01 14 10 09 01.84
0 -16687.75522  -6159.41285  18349.44478   2.4918170  -0.2636222   2.1732710 2026 01 14 10 09 21.84
0 -16637.86493  -6164.73500  18392.82238   2.4972258  -0.2686110   2.1644963 2026 01 14 10 09 41.84
0 -16587.86679  -6170.15706  18436.02429   2.5026016  -0.2736136   2.1557008 2026 01 14 10 10 01.84
0 -16537.76147  -6175.67930  18479.05007   2.5079442  -0.2786297   2.1468848 2026 01 14 10 10 21.84
0 -16487.54963  -6181.30200  18521.89933   2.5132537  -0.2836593   2.1380481 2026 01 14 10 10 41.84
0 -16437.23194  -6187.02543  18564.57165   2.5185298  -0.2887022   2.1291910 2026 01 14 10 11 01.84
0 -16386.80905  -6192.84985  18607.06663   2.5237725  -0.2937583   2.1203135 2026 01 14 10 11 21.84
0 -16336.28165  -6198.77552  18649.38385   2.5289818  -0.2988274   2.1114156 2026 01 14 10 11 41.84
0 -16285.65040  -6204.80270  18691.52292   2.5341576  -0.3039094   2.1024976 2026 01 14 10 12 01.84
0 -16234.91596  -6210.93165  18733.48342   2.5392997  -0.3090042   2.0935593 2026 01 14 10 12 21.84
0 -16184.07902  -6217.16262  18775.26496   2.5444082  -0.3141116   2.0846011 2026 01 14 10 12 41.84
0 -16133.14025  -6223.49587  18816.86713   2.5494829  -0.3192316   2.0756228 2026 01 14 10 13 01.84
0 -16082.10032  -6229.93163  18858.28954   2.5545238  -0.3243639   2.0666247 2026 01 14 10 13 21.84
0 -16030.95992  -6236.47017  18899.53179   2.5595308  -0.3295084   2.0576067 2026 01 14 10 13 41.84
0 -15979.71971  -6243.11172  18940.59349   2.5645038  -0.3346650   2.0485691 2026 01 14 10 14 01.84
0 -15928.38039  -6249.85652  18981.47423   2.5694428  -0.3398336   2.0395118 2026 01 14 10 14 21.84
0 -15876.94262  -6256.70481  19022.17364   2.5743476  -0.3450139   2.0304349 2026 01 14 10 14 41.84
0 -15825.40710  -6263.65682  19062.69131   2.5792183  -0.3502060   2.0213386 2026 01 14 10 15 01.84
0 -15773.77451  -6270.71279  19103.02686   2.5840547  -0.3554096   2.0122229 2026 01 14 10 15 21.84
0 -15722.04554  -6277.87294  19143.17991   2.5888568  -0.3606245   2.0030880 2026 01 14 10 15 41.84
0 -15670.22086  -6285.13751  19183.15007   2.5936245  -0.3658508   1.9939338 2026 01 14 10 16 01.84
0 -15618.30118  -6292.50671  19222.93695   2.5983577  -0.3710881   1.9847605 2026 01 14 10 16 21.84
0 -15566.28718  -6299.98077  19262.54018   2.6030564  -0.3763365   1.9755682 2026 01 14 10 16 41.84
0 -15514.17955  -6307.55991  19301.95937   2.6077205  -0.3815956   1.9663569 2026 01 14 10 17 01.84
0 -15461.97899  -6315.24433  19341.19414   2.6123500  -0.3868655   1.9571268 2026 01 14 10 17 21.84
0 -15409.68618  -6323.03426  19380.24413   2.6169447  -0.3921459   1.9478779 2026 01 14 10 17 41.84
0 -15357.30183  -6330.92990  19419.10895   2.6215046  -0.3974368   1.9386103 2026 01 14 10 18 01.84
0 -15304.82663  -6338.93146  19457.78824   2.6260297  -0.4027379   1.9293241 2026 01 14 10 18 21.84
0 -15252.26127  -6347.03915  19496.28162   2.6305198  -0.4080491   1.9200194 2026 01 14 10 18 41.84
0 -15199.60647  -6355.25316  19534.58872   2.6349750  -0.4133704   1.9106963 2026 01 14 10 19 01.84
0 -15146.86291  -6363.57369  19572.70918   2.6393951  -0.4187015   1.9013549 2026 01 14 10 19 21.84
0 -15094.03130  -6372.00094  19610.64262   2.6437801  -0.4240423   1.8919952 2026 01 14 10 19 41.84
0 -15041.11234  -6380.53510  19648.38869   2.6481299  -0.4293926   1.8826174 2026 01 14 10 20 01.84
0 -14988.10673  -6389.17637  19685.94703   2.6524445  -0.4347524   1.8732215 2026 01 14 10 20 21.84
0 -14935.01519  -6397.92492  19723.31727   2.6567239  -0.4401215   1.8638076 2026 01 14 10 20 41.84
0 -14881.83842  -6406.78095  19760.49905   2.6609679  -0.4454997   1.8543759 2026 01 14 10 21 01.84
0 -14828.57711  -6415.74463  19797.49202   2.6651764  -0.4508869   1.8449264 2026 01 14 10 21 21.84
0 -14775.23199  -6424.81614  19834.29582   2.6693496  -0.4562829   1.8354591 2026 01 14 10 21 41.84
0 -14721.80377  -6433.99566  19870.91010   2.6734872  -0.4616877   1.8259742 2026 01 14 10 22 01.84
0 -14668.29315  -6443.28337  19907.33451   2.6775892  -0.4671010   1.8164718 2026 01 14 10 22 21.84
0 -14614.70084  -6452.67942  19943.56870   2.6816556  -0.4725228   1.8069520 2026 01 14 10 22 41.84
0 -14561.02756  -6462.18399  19979.61232   2.6856864  -0.4779528   1.7974148 2026 01 14 10 23 01.84
0 -14507.27403  -6471.79724  20015.46502   2.6896813  -0.4833909   1.7878604 2026 01 14 10 23 21.84
0 -14453.44095  -6481.51934  20051.12646   2.6936405  -0.4888370   1.7782888 2026 01 14 10 23 41.84
0 -14399.52905  -6491.35044  20086.59630   2.6975639  -0.4942910   1.7687001 2026 01 14 10 24 01.84
0 -14345.53904  -6501.29069  20121.87419   2.7014514  -0.4997526   1.7590944 2026 01 14 10 24 21.84
0 -14291.47164  -6511.34025  20156.95981   2.7053029  -0.5052218   1.7494718 2026 01 14 10 24 41.84
0 -14237.32757  -6521.49927  20191.85281   2.7091184  -0.5106985   1.7398325 2026 01 14 10 25 01.84
0 -14183.10755  -6531.76789  20226.55285   2.7128979  -0.5161823   1.7301764 2026 01 14 10 25 21.84
0 -14128.81230  -6542.14626  20261.05960   2.7166413  -0.5216733   1.7205037 2026 01 14 10 25 41.84
0 -14074.44254  -6552.63453  20295.37274   2.7203485  -0.5271712   1.7108144 2026 01 14 10 26 01.84
0 -14019.99900  -6563.23281  20329.49192   2.7240196  -0.5326760   1.7011088 2026 01 14 10 26 21.84
0 -13965.48241  -6573.94126  20363.41683   2.7276544  -0.5381874   1.6913868 2026 01 14 10 26 41.84
0 -13910.89347  -6584.76001  20397.14714   2.7312529  -0.5437053   1.6816485 2026 01 14 10 27 01.84
0 -13856.23294  -6595.68918  20430.68252   2.7348151  -0.5492297   1.6718941 2026 01 14 10 27 21.84
0 -13801.50152  -6606.72889  20464.02266   2.7383410  -0.5547602   1.6621235 2026 01 14 10 27 41.84
0 -13746.69995  -6617.87928  20497.16722   2.7418304  -0.5602968   1.6523371 2026 01 14 10 28 01.84
0 -13691.82895  -6629.14046  20530.11590   2.7452833  -0.5658394   1.6425347 2026 01 14 10 28 21.84
0 -13636.88926  -6640.51255  20562.86837   2.7486998  -0.5713877   1.6327166 2026 01 14 10 28 41.84
0 -13581.88161  -6651.99566  20595.42432   2.7520797  -0.5769417   1.6228827 2026 01 14 10 29 01.84
0 -13526.80673  -6663.58991  20627.78344   2.7554230  -0.5825012   1.6130332 2026 01 14 10 29 21.84
0 -13471.66535  -6675.29540  20659.94541   2.7587297  -0.5880660   1.6031683 2026 01 14 10 29 41.84
0 -13416.45820  -6687.11223  20691.90993   2.7619997  -0.5936360   1.5932879 2026 01 14 10 30 01.84
0 -13361.18601  -6699.04052  20723.67669   2.7652330  -0.5992111   1.5833922 2026 01 14 10 30 21.84
0 -13305.84953  -6711.08036  20755.24539   2.7684296  -0.6047910   1.5734812 2026 01 14 10 30 41.84
0 -13250.44948  -6723.23185  20786.61572   2.7715893  -0.6103757   1.5635551 2026 01 14 10 31 01.84
0 -13194.98661  -6735.49507  20817.78737   2.7747123  -0.6159650   1.5536140 2026 01 14 10 31 21.84
0 -13139.46165  -6747.87013  20848.76005   2.7777984  -0.6215587   1.5436579 2026 01 14 10 31 41.84
0 -13083.87533  -6760.35710  20879.53346   2.7808476  -0.6271567   1.5336870 2026 01 14 10 32 01.84
0 -13028.22840  -6772.95608  20910.10731   2.7838598  -0.6327589   1.5237013 2026 01 14 10 32 21.84
0 -12972.52160  -6785.66714  20940.48130   2.7868351  -0.6383651   1.5137010 2026 01 14 10 32 41.84
0 -12916.75565  -6798.49036  20970.65513   2.7897734  -0.6439751   1.5036860 2026 01 14 10 33 01.84
0 -12860.93132  -6811.42582  21000.62852   2.7926747  -0.6495889   1.4936566 2026 01 14 10 33 21.84
0 -12805.04932  -6824.47358  21030.40118   2.7955389  -0.6552061   1.4836128 2026 01 14 10 33 41.84
0 -12749.11042  -6837.63373  21059.97283   2.7983660  -0.6608268   1.4735548 2026 01 14 10 34 01.84
0 -12693.11534  -6850.90633  21089.34317   2.8011560  -0.6664507   1.4634825 2026 01 14 10 34 21.84
0 -12637.06484  -6864.29143  21118.51192   2.8039089  -0.6720777   1.4533961 2026 01 14 10 34 41.84
0 -12580.95965  -6877.78911  21147.47881   2.8066245  -0.6777077   1.4432958 2026 01 14 10 35 01.84
0 -12524.80052  -6891.39941  21176.24355   2.8093029  -0.6833405   1.4331815 2026 01 14 10 35 21.84
0 -12468.58819  -6905.12239  21204.80587   2.8119441  -0.6889759   1.4230534 2026 01 14 10 35 41.84
0 -12412.32341  -6918.95811  21233.16549   2.8145480  -0.6946138   1.4129116 2026 01 14 10 36 01.84
0 -12356.00693  -6932.90660  21261.32214   2.8171147  -0.7002540   1.4027562 2026 01 14 10 36 21.84
0 -12299.63949  -6946.96793  21289.27554   2.8196440  -0.7058964   1.3925873 2026 01 14 10 36 41.84
0 -12243.22184  -6961.14212  21317.02544   2.8221359  -0.7115409   1.3824050 2026 01 14 10 37 01.84
0 -12186.75472  -6975.42923  21344.57155   2.8245905  -0.7171873   1.3722093 2026 01 14 10 37 21.84
0 -12130.23888  -6989.82927  21371.91362   2.8270077  -0.7228354   1.3620004 2026 01 14 10 37 41.84
0 -12073.67507  -7004.34230  21399.05138   2.8293875  -0.7284851   1.3517783 2026 01 14 10 38 01.84
0 -12017.06404  -7018.96833  21425.98457   2.8317298  -0.7341362   1.3415433 2026 01 14 10 38 21.84
0 -11960.40654  -7033.70740  21452.71293   2.8340346  -0.7397887   1.3312953 2026 01 14 10 38 41.84
0 -11903.70332  -7048.55953  21479.23620   2.8363020  -0.7454422   1.3210344 2026 01 14 10 39 01.84
0 -11846.95513  -7063.52474  21505.55412   2.8385319  -0.7510967   1.3107608 2026 01 14 10 39 21.84
0 -11790.16271  -7078.60305  21531.66645   2.8407242  -0.7567521   1.3004745 2026 01 14 10 39 41.84
0 -11733.32683  -7093.79448  21557.57293   2.8428790  -0.7624081   1.2901757 2026 01 14 10 40 01.84
0 -11676.44822  -7109.09903  21583.27331   2.8449963  -0.7680647   1.2798645 2026 01 14 10 40 21.84
0 -11619.52764  -7124.51671  21608.76734   2.8470759  -0.7737216   1.2695408 2026 01 14 10 40 41.84
0 -11562.56585  -7140.04754  21634.05477   2.8491180  -0.7793788   1.2592050 2026 01 14 10 41 01.84
0 -11505.56359  -7155.69151  21659.13537   2.8511225  -0.7850360   1.2488569 2026 01 14 10 41 21.84
0 -11448.52161  -7171.44863  21684.00888   2.8530893  -0.7906932   1.2384968 2026 01 14 10 41 41.84
0 -11391.44068  -7187.31888  21708.67508   2.8550185  -0.7963501   1.2281248 2026 01 14 10 42 01.84
0 -11334.32154  -7203.30227  21733.13371   2.8569100  -0.8020066   1.2177408 2026 01 14 10 42 21.84
0 -11277.16495  -7219.39878  21757.38455   2.8587639  -0.8076626   1.2073451 2026 01 14 10 42 41.84
0 -11219.97165  -7235.60841  21781.42736   2.8605801  -0.8133179   1.1969378 2026 01 14 10 43 01.84
0 -11162.74241  -7251.93114  21805.26191   2.8623586  -0.8189723   1.1865189 2026 01 14 10 43 21.84
0 -11105.47798  -7268.36694  21828.88796   2.8640994  -0.8246258   1.1760885 2026 01 14 10 43 41.84
0 -11048.17910  -7284.91580  21852.30530   2.8658025  -0.8302781   1.1656467 2026 01 14 10 44 01.84
0 -10990.84654  -7301.57770  21875.51368   2.8674679  -0.8359291   1.1551936 2026 01 14 10 44 21.84
0 -10933.48106  -7318.35260  21898.51289   2.8690955  -0.8415786   1.1447294 2026 01 14 10 44 41.84
0 -10876.08339  -7335.24048  21921.30271   2.8706854  -0.8472266   1.1342541 2026 01 14 10 45 01.84
0 -10818.65431  -7352.24129  21943.88292   2.8722375  -0.8528728   1.1237678 2026 01 14 10 45 21.84
0 -10761.19456  -7369.35502  21966.25329   2.8737519  -0.8585170   1.1132707 2026 01 14 10 45 41.84
0 -10703.70490  -7386.58160  21988.41361   2.8752286  -0.8641592   1.1027628 2026 01 14 10 46 01.84
0 -10646.18609  -7403.92101  22010.36366   2.8766675  -0.8697992   1.0922442 2026 01 14 10 46 21.84
0 -10588.63887  -7421.37320  22032.10324   2.8780686  -0.8754369   1.0817150 2026 01 14 10 46 41.84
0 -10531.06401  -7438.93811  22053.63213   2.8794319  -0.8810720   1.0711753 2026 01 14 10 47 01.84
0 -10473.46227  -7456.61570  22074.95012   2.8807575  -0.8867044   1.0606253 2026 01 14 10 47 21.84
0 -10415.83439  -7474.40591  22096.05701   2.8820452  -0.8923340   1.0500650 2026 01 14 10 47 41.84
0 -10358.18113  -7492.30868  22116.95259   2.8832952  -0.8979606   1.0394945 2026 01 14 10 48 01.84
0 -10300.50325  -7510.32395  22137.63666   2.8845075  -0.9035841   1.0289139 2026 01 14 10 48 21.84
0 -10242.80150  -7528.45166  22158.10903   2.8856819  -0.9092044   1.0183234 2026 01 14 10 48 41.84
0 -10185.07664  -7546.69174  22178.36948   2.8868186  -0.9148211   1.0077230 2026 01 14 10 49 01.84
0 -10127.32943  -7565.04413  22198.41783   2.8879175  -0.9204343   0.9971128 2026 01 14 10 49 21.84
0 -10069.56061  -7583.50873  22218.25387   2.8889786  -0.9260438   0.9864929 2026 01 14 10 49 41.84
0 -10011.77095  -7602.08549  22237.87743   2.8900019  -0.9316493   0.9758635 2026 01 14 10 50 01.84
0  -9953.96120  -7620.77432  22257.28830   2.8909875  -0.9372508   0.9652246 2026 01 14 10 50 21.84
0  -9896.13212  -7639.57513  22276.48630   2.8919353  -0.9428482   0.9545763 2026 01 14 10 50 41.84
0  -9838.28446  -7658.48785  22295.47124   2.8928454  -0.9484411   0.9439187 2026 01 14 10 51 01.84
0  -9780.41898  -7677.51239  22314.24294   2.8937177  -0.9540296   0.9332520 2026 01 14 10 51 21.84
0  -9722.53643  -7696.64865  22332.80122   2.8945522  -0.9596134   0.9225762 2026 01 14 10 51 41.84
0  -9664.63756  -7715.89653  22351.14589   2.8953490  -0.9651924   0.9118914 2026 01 14 10 52 01.84
0  -9606.72314  -7735.25595  22369.27678   2.8961081  -0.9707665   0.9011978 2026 01 14 10 52 21.84
0  -9548.79391  -7754.72679  22387.19370   2.8968294  -0.9763354   0.8904954 2026 01 14 10 52 41.84
0  -9490.85063  -7774.30897  22404.89650   2.8975131  -0.9818991   0.8797844 2026 01 14 10 53 01.84
0  -9432.89406  -7794.00236  22422.38498   2.8981590  -0.9874574   0.8690647 2026 01 14 10 53 21.84
0  -9374.92494  -7813.80686  22439.65899   2.8987672  -0.9930101   0.8583367 2026 01 14 10 53 41.84
0  -9316.94404  -7833.72236  22456.71836   2.8993378  -0.9985570   0.8476002 2026 01 14 10 54 01.84
0  -9258.95210  -7853.74874  22473.56291   2.8998707  -1.0040982   0.8368555 2026 01 14 10 54 21.84
0  -9200.94988  -7873.88588  22490.19250   2.9003659  -1.0096333   0.8261027 2026 01 14 10 54 41.84
0  -9142.93813  -7894.13367  22506.60694   2.9008235  -1.0151622   0.8153418 2026 01 14 10 55 01.84
0  -9084.91761  -7914.49197  22522.80609   2.9012434  -1.0206848   0.8045730 2026 01 14 10 55 21.84
0  -9026.88907  -7934.96065  22538.78978   2.9016257  -1.0262009   0.7937963 2026 01 14 10 55 41.84
0  -8968.85325  -7955.53959  22554.55786   2.9019705  -1.0317104   0.7830118 2026 01 14 10 56 01.84
0  -8910.81092  -7976.22866  22570.11018   2.9022776  -1.0372131   0.7722198 2026 01 14 10 56 21.84
0  -8852.76282  -7997.02771  22585.44658   2.9025472  -1.0427089   0.7614201 2026 01 14 10 56 41.84
0  -8794.70970  -8017.93661  22600.56691   2.9027792  -1.0481977   0.7506131 2026 01 14 10 57 01.84
0  -8736.65232  -8038.95520  22615.47103   2.9029737  -1.0536792   0.7397987 2026 01 14 10 57 21.84
0  -8678.59142  -8060.08336  22630.15879   2.9031307  -1.0591533   0.7289771 2026 01 14 10 57 41.84
0  -8620.52776  -8081.32092  22644.63005   2.9032502  -1.0646199   0.7181483 2026 01 14 10 58 01.84
0  -8562.46208  -8102.66774  22658.88466   2.9033323  -1.0700788   0.7073125 2026 01 14 10 58 21.84
0  -8504.39514  -8124.12366  22672.92249   2.9033769  -1.0755299   0.6964698 2026 01 14 10 58 41.84
0  -8446.32768  -8145.68852  22686.74339   2.9033840  -1.0809729   0.6856203 2026 01 14 10 59 01.84
0  -8388.26045  -8167.36215  22700.34724   2.9033538  -1.0864079   0.6747641 2026 01 14 10 59 21.84
0  -8330.19420  -8189.14441  22713.73390   2.9032861  -1.0918346   0.6639012 2026 01 14 10 59 41.84
0  -8272.12967  -8211.03512  22726.90324   2.9031812  -1.0972528   0.6530319 2026 01 14 11 00 01.84
0  -8214.06762  -8233.03410  22739.85512   2.9030388  -1.1026625   0.6421561 2026 01 14 11 00 21.84
0  -8156.00879  -8255.14119  22752.58943   2.9028592  -1.1080635   0.6312740 2026 01 14 11 00 41.84
0  -8097.95392  -8277.35622  22765.10604   2.9026423  -1.1134555   0.6203857 2026 01 14 11 01 01.84
0  -8039.90376  -8299.67899  22777.40482   2.9023882  -1.1188385   0.6094914 2026 01 14 11 01 21.84
0  -7981.85906  -8322.10933  22789.48565   2.9020968  -1.1242124   0.5985910 2026 01 14 11 01 41.84
0  -7923.82056  -8344.64706  22801.34841   2.9017683  -1.1295769   0.5876847 2026 01 14 11 02 01.84
0  -7865.78900  -8367.29198  22812.99300   2.9014025  -1.1349320   0.5767727 2026 01 14 11 02 21.84
0  -7807.76513  -8390.04391  22824.41929   2.9009997  -1.1402774   0.5658550 2026 01 14 11 02 41.84
0  -7749.74968  -8412.90264  22835.62716   2.9005597  -1.1456130   0.5549316 2026 01 14 11 03 01.84
0  -7691.74341  -8435.86800  22846.61652   2.9000826  -1.1509388   0.5440029 2026 01 14 11 03 21.84
0  -7633.74704  -8458.93976  22857.38725   2.8995685  -1.1562544   0.5330687 2026 01 14 11 03 41.84
0  -7575.76133  -8482.11774  22867.93924   2.8990174  -1.1615599   0.5221293 2026 01 14 11 04 01.84
0  -7517.78701  -8505.40172  22878.27239   2.8984294  -1.1668550   0.5111847 2026 01 14 11 04 21.84
0  -7459.82482  -8528.79150  22888.38660   2.8978044  -1.1721395   0.5002351 2026 01 14 11 04 41.84
0  -7401.87551  -8552.28687  22898.28177   2.8971424  -1.1774134   0.4892805 2026 01 14 11 05 01.84
0  -7343.93979  -8575.88760  22907.95780   2.8964436  -1.1826765   0.4783210 2026 01 14 11 05 21.84
0  -7286.01843  -8599.59349  22917.41460   2.8957080  -1.1879286   0.4673568 2026 01 14 11 05 41.84
0  -7228.11214  -8623.40430  22926.65206   2.8949356  -1.1931697   0.4563880 2026 01 14 11 06 01.84
0  -7170.22167  -8647.31983  22935.67010   2.8941264  -1.1983995   0.4454146 2026 01 14 11 06 21.84
0  -7112.34775  -8671.33984  22944.46863   2.8932805  -1.2036178   0.4344368 2026 01 14 11 06 41.84
0  -7054.49111  -8695.46410  22953.04756   2.8923979  -1.2088247   0.4234546 2026 01 14 11 07 01.84
0  -6996.65250  -8719.69238  22961.40681   2.8914787  -1.2140198   0.4124683 2026 01 14 11 07 21.84
0  -6938.83263  -8744.02445  22969.54629   2.8905228  -1.2192032   0.4014778 2026 01 14 11 07 41.84
0  -6881.03225  -8768.46006  22977.46592   2.8895304  -1.2243745   0.3904833 2026 01 14 11 08 01.84
0  -6823.25208  -8792.99898  22985.16562   2.8885015  -1.2295337   0.3794849 2026 01 14 11 08 21.84
0  -6765.49285  -8817.64096  22992.64531   2.8874361  -1.2346807   0.3684827 2026 01 14 11 08 41.84
0  -6707.75530  -8842.38576  22999.90493   2.8863343  -1.2398152   0.3574767 2026 01 14 11 09 01.84
0  -6650.04014  -8867.23312  23006.94439   2.8851960  -1.2449371   0.3464672 2026 01 14 11 09 21.84
0  -6592.34812  -8892.18279  23013.76363   2.8840215  -1.2500464   0.3354542 2026 01 14 11 09 41.84
0  -6534.67995  -8917.23452  23020.36257   2.8828106  -1.2551428   0.3244378 2026 01 14 11 10 01.84
0  -6477.03635  -8942.38805  23026.74115   2.8815635  -1.2602262   0.3134181 2026 01 14 11 10 21.84
0  -6419.41807  -8967.64311  23032.89931   2.8802802  -1.2652965   0.3023953 2026 01 14 11 10 41.84
0  -6361.82581  -8992.99945  23038.83698   2.8789607  -1.2703534   0.2913693 2026 01 14 11 11 01.84
0  -6304.26030  -9018.45679  23044.55410   2.8776051  -1.2753970   0.2803404 2026 01 14 11 11 21.84
0  -6246.72226  -9044.01487  23050.05061   2.8762134  -1.2804270   0.2693087 2026 01 14 11 11 41.84
0  -6189.21242  -9069.67341  23055.32647   2.8747857  -1.2854433   0.2582742 2026 01 14 11 12 01.84
0  -6131.73150  -9095.43214  23060.38160   2.8733221  -1.2904457   0.2472370 2026 01 14 11 12 21.84
0  -6074.28020  -9121.29078  23065.21597   2.8718225  -1.2954341   0.2361973 2026 01 14 11 12 41.84
0  -6016.85925  -9147.24904  23069.82952   2.8702871  -1.3004084   0.2251551 2026 01 14 11 13 01.84
0  -5959.46937  -9173.30665  23074.22221   2.8687159  -1.3053683   0.2141106 2026 01 14 11 13 21.84
0  -5902.11128  -9199.46331  23078.39398   2.8671089  -1.3103139   0.2030639 2026 01 14 11 13 41.84
0  -5844.78567  -9225.71874  23082.34480   2.8654662  -1.3152449   0.1920150 2026 01 14 11 14 01.84
0  -5787.49328  -9252.07264  23086.07462   2.8637878  -1.3201612   0.1809641 2026 01 14 11 14 21.84
0  -5730.23482  -9278.52472  23089.58340   2.8620739  -1.3250626   0.1699113 2026 01 14 11 14 41.84
0  -5673.01098  -9305.07468  23092.87111   2.8603244  -1.3299491   0.1588567 2026 01 14 11 15 01.84
0  -5615.82249  -9331.72222  23095.93771   2.8585395  -1.3348204   0.1478004 2026 01 14 11 15 21.84
0  -5558.67006  -9358.46703  23098.78317   2.8567191  -1.3396764   0.1367425 2026 01 14 11 15 41.84
0  -5501.55439  -9385.30880  23101.40746   2.8548633  -1.3445170   0.1256831 2026 01 14 11 16 01.84
0  -5444.47618  -9412.24724  23103.81054   2.8529723  -1.3493421   0.1146223 2026 01 14 11 16 21.84
0  -5387.43615  -9439.28201  23105.99240   2.8510460  -1.3541515   0.1035602 2026 01 14 11 16 41.84
0  -5330.43499  -9466.41282  23107.95300   2.8490845  -1.3589451   0.0924969 2026 01 14 11 17 01.84
0  -5273.47342  -9493.63934  23109.69233   2.8470878  -1.3637226   0.0814326 2026 01 14 11 17 21.84
0  -5216.55213  -9520.96125  23111.21037   2.8450561  -1.3684841   0.0703673 2026 01 14 11 17 41.84
0  -5159.67183  -9548.37823  23112.50708   2.8429894  -1.3732294   0.0593011 2026 01 14 11 18 01.84
0  -5102.83321  -9575.88995  23113.58247   2.8408877  -1.3779582   0.0482342 2026 01 14 11 18 21.84
0  -5046.03697  -9603.49608  23114.43652   2.8387512  -1.3826705   0.0371666 2026 01 14 11 18 41.84
0  -4989.28381  -9631.19629  23115.06920   2.8365798  -1.3873662   0.0260985 2026 01 14 11 19 01.84
0  -4932.57443  -9658.99025  23115.48053   2.8343737  -1.3920451   0.0150299 2026 01 14 11 19 21.84
0  -4875.90951  -9686.87761  23115.67047   2.8321328  -1.3967070   0.0039610 2026 01 14 11 19 41.84
0  -4819.28976  -9714.85805  23115.63904   2.8298574  -1.4013519  -0.0071081 2026 01 14 11 20 01.84
0  -4762.71587  -9742.93121  23115.38622   2.8275474  -1.4059795  -0.0181773 2026 01 14 11 20 21.84
0  -4706.18851  -9771.09675  23114.91202   2.8252029  -1.4105898  -0.0292466 2026 01 14 11 20 41.84
0  -4649.70840  -9799.35432  23114.21644   2.8228239  -1.4151827  -0.0403158 2026 01 14 11 21 01.84
0  -4593.27620  -9827.70357  23113.29947   2.8204106  -1.4197579  -0.0513848 2026 01 14 11 21 21.84
0  -4536.89262  -9856.14415  23112.16113   2.8179631  -1.4243154  -0.0624535 2026 01 14 11 21 41.84
0  -4480.55832  -9884.67570  23110.80142   2.8154813  -1.4288550  -0.0735217 2026 01 14 11 22 01.84
0  -4424.27401  -9913.29786  23109.22035   2.8129653  -1.4333766  -0.0845895 2026 01 14 11 22 21.84
0  -4368.04036  -9942.01027  23107.41793   2.8104153  -1.4378800  -0.0956567 2026 01 14 11 22 41.84
0  -4311.85804  -9970.81257  23105.39417   2.8078312  -1.4423652  -0.1067231 2026 01 14 11 23 01.84
0  -4255.72775  -9999.70439  23103.14910   2.8052132  -1.4468319  -0.1177887 2026 01 14 11 23 21.84
0  -4199.65015 -10028.68536  23100.68272   2.8025614  -1.4512801  -0.1288534 2026 01 14 11 23 41.84
0  -4143.62593 -10057.75510  23097.99506   2.7998758  -1.4557096  -0.1399170 2026 01 14 11 24 01.84
0  -4087.65576 -10086.91325  23095.08614   2.7971564  -1.4601203  -0.1509795 2026 01 14 11 24 21.84
0  -4031.74031 -10116.15942  23091.95598   2.7944034  -1.4645121  -0.1620408 2026 01 14 11 24 41.84
0  -3975.88026 -10145.49324  23088.60461   2.7916169  -1.4688847  -0.1731007 2026 01 14 11 25 01.84
0  -3920.07628 -10174.91432  23085.03206   2.7887968  -1.4732382  -0.1841591 2026 01 14 11 25 21.84
0  -3864.32903 -10204.42227  23081.23836   2.7859433  -1.4775723  -0.1952160 2026 01 14 11 25 41.84
0  -3808.63918 -10234.01671  23077.22353   2.7830565  -1.4818870  -0.2062712 2026 01 14 11 26 01.84
0  -3753.00740 -10263.69725  23072.98762   2.7801365  -1.4861820  -0.2173246 2026 01 14 11 26 21.84
0  -3697.43436 -10293.46350  23068.53066   2.7771832  -1.4904573  -0.2283761 2026 01 14 11 26 41.84
0  -3641.92071 -10323.31505  23063.85269   2.7741968  -1.4947128  -0.2394257 2026 01 14 11 27 01.84
0  -3586.46712 -10353.25151  23058.95376   2.7711775  -1.4989483  -0.2504732 2026 01 14 11 27 21.84
0  -3531.07424 -10383.27248  23053.83389   2.7681251  -1.5031637  -0.2615184 2026 01 14 11 27 41.84
0  -3475.74275 -10413.37756  23048.49314   2.7650399  -1.5073588  -0.2725614 2026 01 14 11 28 01.84
0  -3420.47328 -10443.56633  23042.93156   2.7619220  -1.5115335  -0.2836019 2026 01 14 11 28 21.84
0  -3365.26650 -10473.83840  23037.14919   2.7587713  -1.5156878  -0.2946399 2026 01 14 11 28 41.84
0  -3310.12306 -10504.19334  23031.14609   2.7555880  -1.5198214  -0.3056753 2026 01 14 11 29 01.84
0  -3255.04361 -10534.63075  23024.92231   2.7523722  -1.5239343  -0.3167080 2026 01 14 11 29 21.84
0  -3200.02880 -10565.15021  23018.47791   2.7491239  -1.5280263  -0.3277379 2026 01 14 11 29 41.84
0  -3145.07928 -10595.75130  23011.81294   2.7458433  -1.5320973  -0.3387648 2026 01 14 11 30 01.84
0  -3090.19569 -10626.43359  23004.92746   2.7425303  -1.5361472  -0.3497886 2026 01 14 11 30 21.84
0  -3035.37869 -10657.19667  22997.82153   2.7391852  -1.5401758  -0.3608094 2026 01 14 11 30 41.84
0  -2980.62891 -10688.04012  22990.49522   2.7358080  -1.5441830  -0.3718268 2026 01 14 11 31 01.84
0  -2925.94700 -10718.96349  22982.94860   2.7323987  -1.5481687  -0.3828409 2026 01 14 11 31 21.84
0  -2871.33359 -10749.96636  22975.18173   2.7289575  -1.5521328  -0.3938516 2026 01 14 11 31 41.84
0  -2816.78932 -10781.04829  22967.19469   2.7254845  -1.5560752  -0.4048586 2026 01 14 11 32 01.84
0  -2762.31483 -10812.20885  22958.98754   2.7219797  -1.5599957  -0.4158620 2026 01 14 11 32 21.84
0  -2707.91075 -10843.44761  22950.56036   2.7184432  -1.5638942  -0.4268617 2026 01 14 11 32 41.84
0  -2653.57772 -10874.76411  22941.91323   2.7148752  -1.5677705  -0.4378574 2026 01 14 11 33 01.84
0  -2599.31637 -10906.15791  22933.04622   2.7112756  -1.5716247  -0.4488491 2026 01 14 11 33 21.84
0  -2545.12732 -10937.62858  22923.95942   2.7076447  -1.5754564  -0.4598368 2026 01 14 11 33 41.84
0  -2491.01120 -10969.17566  22914.65291   2.7039824  -1.5792657  -0.4708202 2026 01 14 11 34 01.84
0  -2436.96864 -11000.79870  22905.12678   2.7002890  -1.5830524  -0.4817994 2026 01 14 11 34 21.84
0  -2383.00026 -11032.49724  22895.38111   2.6965644  -1.5868164  -0.4927741 2026 01 14 11 34 41.84
0  -2329.10668 -11064.27084  22885.41598   2.6928088  -1.5905575  -0.5037443 2026 01 14 11 35 01.84
0  -2275.28852 -11096.11902  22875.23150   2.6890222  -1.5942757  -0.5147099 2026 01 14 11 35 21.84
0  -2221.54640 -11128.04135  22864.82776   2.6852048  -1.5979708  -0.5256708 2026 01 14 11 35 41.84
0  -2167.88094 -11160.03734  22854.20485   2.6813567  -1.6016426  -0.5366268 2026 01 14 11 36 01.84
0  -2114.29275 -11192.10653  22843.36286   2.6774779  -1.6052912  -0.5475779 2026 01 14 11 36 21.84
0  -2060.78243 -11224.24847  22832.30191   2.6735686  -1.6089164  -0.5585240 2026 01 14 11 36 41.84
0  -2007.35061 -11256.46267  22821.02209   2.6696288  -1.6125180  -0.5694649 2026 01 14 11 37 01.84
0  -1953.99789 -11288.74867  22809.52350   2.6656586  -1.6160959  -0.5804006 2026 01 14 11 37 21.84
0  -1900.72488 -11321.10599  22797.80625   2.6616582  -1.6196501  -0.5913309 2026 01 14 11 37 41.84
0  -1847.53217 -11353.53415  22785.87045   2.6576276  -1.6231803  -0.6022557 2026 01 14 11 38 01.84
0  -1794.42038 -11386.03268  22773.71621   2.6535669  -1.6266866  -0.6131750 2026 01 14 11 38 21.84
0  -1741.39010 -11418.60109  22761.34364   2.6494763  -1.6301687  -0.6240887 2026 01 14 11 38 41.84
0  -1688.44193 -11451.23890  22748.75286   2.6453558  -1.6336266  -0.6349965 2026 01 14 11 39 01.84
0  -1635.57647 -11483.94563  22735.94398   2.6412056  -1.6370601  -0.6458985 2026 01 14 11 39 21.84
0  -1582.79431 -11516.72079  22722.91712   2.6370257  -1.6404692  -0.6567945 2026 01 14 11 39 41.84
0  -1530.09605 -11549.56388  22709.67240   2.6328162  -1.6438537  -0.6676844 2026 01 14 11 40 01.84
0  -1477.48227 -11582.47441  22696.20994   2.6285773  -1.6472135  -0.6785681 2026 01 14 11 40 21.84
0  -1424.95356 -11615.45189  22682.52988   2.6243090  -1.6505485  -0.6894455 2026 01 14 11 40 41.84
0  -1372.51051 -11648.49583  22668.63233   2.6200114  -1.6538586  -0.7003165 2026 01 14 11 41 01.84
0  -1320.15370 -11681.60571  22654.51743   2.6156848  -1.6571437  -0.7111810 2026 01 14 11 41 21.84
0  -1267.88371 -11714.78105  22640.18530   2.6113290  -1.6604036  -0.7220390 2026 01 14 11 41 41.84
0  -1215.70113 -11748.02133  22625.63608   2.6069443  -1.6636383  -0.7328902 2026 01 14 11 42 01.84
0  -1163.60653 -11781.32605  22610.86991   2.6025308  -1.6668476  -0.7437345 2026 01 14 11 42 21.84
0  -1111.60049 -11814.69471  22595.88692   2.5980886  -1.6700315  -0.7545720 2026 01 14 11 42 41.84
0  -1059.68359 -11848.12678  22580.68725   2.5936177  -1.6731898  -0.7654025 2026 01 14 11 43 01.84
0  -1007.85638 -11881.62177  22565.27104   2.5891183  -1.6763224  -0.7762258 2026 01 14 11 43 21.84
0   -956.11944 -11915.17915  22549.63844   2.5845906  -1.6794293  -0.7870418 2026 01 14 11 43 41.84
0   -904.47335 -11948.79841  22533.78959   2.5800345  -1.6825102  -0.7978506 2026 01 14 11 44 01.84
0   -852.91865 -11982.47903  22517.72465   2.5754502  -1.6855652  -0.8086519 2026 01 14 11 44 21.84
0   -801.45593 -12016.22049  22501.44375   2.5708378  -1.6885940  -0.8194457 2026 01 14 11 44 41.84
0   -750.08573 -12050.02226  22484.94705   2.5661975  -1.6915967  -0.8302318 2026 01 14 11 45 01.84
0   -698.80861 -12083.88382  22468.23471   2.5615293  -1.6945730  -0.8410102 2026 01 14 11 45 21.84
0   -647.62514 -12117.80465  22451.30688   2.5568334  -1.6975230  -0.8517807 2026 01 14 11 45 41.84
0   -596.53586 -12151.78421  22434.16372   2.5521098  -1.7004464  -0.8625433 2026 01 14 11 46 01.84
0   -545.54133 -12185.82197  22416.80539   2.5473587  -1.7033431  -0.8732978 2026 01 14 11 46 21.84
0   -494.64209 -12219.91740  22399.23205   2.5425802  -1.7062132  -0.8840441 2026 01 14 11 46 41.84
0   -443.83870 -12254.06997  22381.44387   2.5377744  -1.7090564  -0.8947822 2026 01 14 11 47 01.84
0   -393.13170 -12288.27913  22363.44101   2.5329414  -1.7118727  -0.9055119 2026 01 14 11 47 21.84
0   -342.52163 -12322.54434  22345.22364   2.5280813  -1.7146620  -0.9162332 2026 01 14 11 47 41.84
0   -292.00903 -12356.86507  22326.79194   2.5231942  -1.7174241  -0.9269458 2026 01 14 11 48 01.84
0   -241.59443 -12391.24077  22308.14606   2.5182803  -1.7201590  -0.9376498 2026 01 14 11 48 21.84
0   -191.27839 -12425.67090  22289.28620   2.5133397  -1.7228666  -0.9483450 2026 01 14 11 48 41.84
0   -141.06142 -12460.15490  22270.21252   2.5083725  -1.7255467  -0.9590314 2026 01 14 11 49 01.84
0    -90.94406 -12494.69223  22250.92520   2.5033788  -1.7281993  -0.9697087 2026 01 14 11 49 21.84
0    -40.92684 -12529.28234  22231.42443   2.4983586  -1.7308243  -0.9803770 2026 01 14 11 49 41.84
0      8.98971 -12563.92467  22211.71039   2.4933123  -1.7334216  -0.9910360 2026 01 14 11 50 01.84
0     58.80508 -12598.61866  22191.78326   2.4882397  -1.7359911  -1.0016858 2026 01 14 11 50 21.84
0    108.51873 -12633.36377  22171.64322   2.4831412  -1.7385326  -1.0123262 2026 01 14 11 50 41.84
0    158.13016 -12668.15943  22151.29048   2.4780167  -1.7410461  -1.0229571 2026 01 14 11 51 01.84
0    207.63883 -12703.00508  22130.72521   2.4728665  -1.7435315  -1.0335783 2026 01 14 11 51 21.84
0    257.04425 -12737.90015  22109.94762   2.4676905  -1.7459888  -1.0441899 2026 01 14 11 51 41.84
0    306.34589 -12772.84409  22088.95789   2.4624890  -1.7484177  -1.0547917 2026 01 14 11 52 01.84
0    355.54325 -12807.83632  22067.75623   2.4572621  -1.7508182  -1.0653836 2026 01 14 11 52 21.84
0    404.63581 -12842.87628  22046.34283   2.4520099  -1.7531903  -1.0759654 2026 01 14 11 52 41.84
0    453.62308 -12877.96340  22024.71790   2.4467325  -1.7555338  -1.0865372 2026 01 14 11 53 01.84
0    502.50455 -12913.09710  22002.88163   2.4414300  -1.7578486  -1.0970988 2026 01 14 11 53 21.84
0    551.27973 -12948.27680  21980.83423   2.4361026  -1.7601347  -1.1076500 2026 01 14 11 53 41.84
0    599.94810 -12983.50195  21958.57592   2.4307504  -1.7623919  -1.1181908 2026 01 14 11 54 01.84
0    648.50918 -13018.77194  21936.10689   2.4253734  -1.7646202  -1.1287211 2026 01 14 11 54 21.84
0    696.96248 -13054.08622  21913.42737   2.4199719  -1.7668195  -1.1392408 2026 01 14 11 54 41.84
0    745.30751 -13089.44418  21890.53756   2.4145460  -1.7689897  -1.1497498 2026 01 14 11 55 01.84
0    793.54377 -13124.84526  21867.43767   2.4090957  -1.7711306  -1.1602479 2026 01 14 11 55 21.84
0    841.67078 -13160.28887  21844.12794   2.4036212  -1.7732423  -1.1707352 2026 01 14 11 55 41.84
0    889.68807 -13195.77442  21820.60857   2.3981226  -1.7753246  -1.1812114 2026 01 14 11 56 01.84
0    937.59514 -13231.30131  21796.87979   2.3926001  -1.7773774  -1.1916765 2026 01 14 11 56 21.84
0    985.39152 -13266.86897  21772.94181   2.3870538  -1.7794007  -1.2021304 2026 01 14 11 56 41.84
0   1033.07674 -13302.47680  21748.79488   2.3814837  -1.7813944  -1.2125729 2026 01 14 11 57 01.84
0   1080.65033 -13338.12421  21724.43921   2.3758901  -1.7833583  -1.2230041 2026 01 14 11 57 21.84
0   1128.11180 -13373.81059  21699.87503   2.3702731  -1.7852925  -1.2334237 2026 01 14 11 57 41.84
0   1175.46071 -13409.53536  21675.10258   2.3646327  -1.7871967  -1.2438316 2026 01 14 11 58 01.84
0   1222.69657 -13445.29792  21650.12208   2.3589692  -1.7890710  -1.2542279 2026 01 14 11 58 21.84
0   1269.81894 -13481.09766  21624.93378   2.3532826  -1.7909152  -1.2646123 2026 01 14 11 58 41.84
0   1316.82734 -13516.93399  21599.53791   2.3475731  -1.7927293  -1.2749849 2026 01 14 11 59 01.84
0   1363.72132 -13552.80629  21573.93471   2.3418408  -1.7945132  -1.2853453 2026 01 14 11 59 21.84
0   1410.50043 -13588.71398  21548.12442   2.3360858  -1.7962668  -1.2956937 2026 01 14 11 59 41.84
0   1457.16422 -13624.65643  21522.10728   2.3303083  -1.7979900  -1.3060299 2026 01 14 12 00 01.84
0   1503.71223 -13660.63304  21495.88355   2.3245084  -1.7996828  -1.3163537 2026 01 14 12 00 21.84
0   1550.14402 -13696.64320  21469.45347   2.3186862  -1.8013450  -1.3266651 2026 01 14 12 00 41.84
0   1596.45915 -13732.68630  21442.81728   2.3128418  -1.8029767  -1.3369639 2026 01 14 12 01 01.84
0   1642.65716 -13768.76172  21415.97524   2.3069755  -1.8045776  -1.3472502 2026 01 14 12 01 21.84
0   1688.73764 -13804.86886  21388.92761   2.3010872  -1.8061478  -1.3575237 2026 01 14 12 01 41.84
0   1734.70013 -13841.00709  21361.67463   2.2951773  -1.8076871  -1.3677845 2026 01 14 12 02 01.84
0   1780.54420 -13877.17580  21334.21657   2.2892457  -1.8091956  -1.3780323 2026 01 14 12 02 21.84
0   1826.26943 -13913.37437  21306.55369   2.2832926  -1.8106730  -1.3882670 2026 01 14 12 02 41.84
0   1871.87538 -13949.60218  21278.68624   2.2773182  -1.8121194  -1.3984887 2026 01 14 12 03 01.84
0   1917.36164 -13985.85861  21250.61449   2.2713226  -1.8135346  -1.4086972 2026 01 14 12 03 21.84
0   1962.72777 -14022.14302  21222.33870   2.2653059  -1.8149186  -1.4188923 2026 01 14 12 03 41.84
0   2007.97335 -14058.45481  21193.85914   2.2592683  -1.8162714  -1.4290741 2026 01 14 12 04 01.84
0   2053.09798 -14094.79334  21165.17609   2.2532099  -1.8175928  -1.4392423 2026 01 14 12 04 21.84
0   2098.10123 -14131.15798  21136.28981   2.2471308  -1.8188827  -1.4493969 2026 01 14 12 04 41.84
0   2142.98270 -14167.54810  21107.20057   2.2410312  -1.8201412  -1.4595378 2026 01 14 12 05 01.84
0   2187.74196 -14203.96308  21077.90866   2.2349111  -1.8213681  -1.4696649 2026 01 14 12 05 21.84
0   2232.37863 -14240.40228  21048.41434   2.2287709  -1.8225633  -1.4797781 2026 01 14 12 05 41.84
0   2276.89229 -14276.86508  21018.71789   2.2226105  -1.8237269  -1.4898774 2026 01 14 12 06 01.84
0   2321.28254 -14313.35082  20988.81961   2.2164301  -1.8248587  -1.4999625 2026 01 14 12 06 21.84
0   2365.54898 -14349.85888  20958.71976   2.2102299  -1.8259586  -1.5100334 2026 01 14 12 06 41.84
0   2409.69122 -14386.38862  20928.41864   2.2040099  -1.8270266  -1.5200900 2026 01 14 12 07 01.84
0   2453.70887 -14422.93941  20897.91653   2.1977704  -1.8280627  -1.5301323 2026 01 14 12 07 21.84
0   2497.60154 -14459.51059  20867.21372   2.1915115  -1.8290667  -1.5401601 2026 01 14 12 07 41.84
0   2541.36883 -14496.10153  20836.31051   2.1852333  -1.8300386  -1.5501732 2026 01 14 12 08 01.84
0   2585.01037 -14532.71159  20805.20717   2.1789359  -1.8309784  -1.5601718 2026 01 14 12 08 21.84
0   2628.52577 -14569.34013  20773.90401   2.1726195  -1.8318859  -1.5701555 2026 01 14 12 08 41.84
0   2671.91465 -14605.98649  20742.40133   2.1662843  -1.8327611  -1.5801244 2026 01 14 12 09 01.84
0   2715.17664 -14642.65003  20710.69942   2.1599303  -1.8336040  -1.5900783 2026 01 14 12 09 21.84
0   2758.31137 -14679.33011  20678.79859   2.1535578  -1.8344145  -1.6000171 2026 01 14 12 09 41.84
0   2801.31846 -14716.02607  20646.69913   2.1471668  -1.8351924  -1.6099408 2026 01 14 12 10 01.84
0   2844.19754 -14752.73727  20614.40135   2.1407575  -1.8359379  -1.6198492 2026 01 14 12 10 21.84
0   2886.94826 -14789.46305  20581.90555   2.1343300  -1.8366507  -1.6297423 2026 01 14 12 10 41.84
0   2929.57025 -14826.20276  20549.21205   2.1278845  -1.8373309  -1.6396199 2026 01 14 12 11 01.84
0   2972.06315 -14862.95575  20516.32115   2.1214211  -1.8379784  -1.6494820 2026 01 14 12 11 21.84
0   3014.42661 -14899.72136  20483.23317   2.1149400  -1.8385931  -1.6593284 2026 01 14 12 11 41.84
0   3056.66027 -14936.49893  20449.94841   2.1084413  -1.8391749  -1.6691592 2026 01 14 12 12 01.84
0   3098.76378 -14973.28781  20416.46720   2.1019252  -1.8397239  -1.6789741 2026 01 14 12 12 21.84
0   3140.73679 -15010.08735  20382.78985   2.0953918  -1.8402399  -1.6887730 2026 01 14 12 12 41.84
0   3182.57897 -15046.89687  20348.91669   2.0888412  -1.8407230  -1.6985560 2026 01 14 12 13 01.84
0   3224.28996 -15083.71573  20314.84802   2.0822736  -1.8411730  -1.7083228 2026 01 14 12 13 21.84
0   3265.86943 -15120.54326  20280.58418   2.0756891  -1.8415899  -1.7180735 2026 01 14 12 13 41.84
0   3307.31705 -15157.37879  20246.12549   2.0690879  -1.8419736  -1.7278078 2026 01 14 12 14 01.84
0   3348.63247 -15194.22166  20211.47228   2.0624701  -1.8423241  -1.7375258 2026 01 14 12 14 21.84
0   3389.81537 -15231.07122  20176.62488   2.0558359  -1.8426413  -1.7472272 2026 01 14 12 14 41.84
0   3430.86543 -15267.92678  20141.58361   2.0491854  -1.8429253  -1.7569121 2026 01 14 12 15 01.84
0   3471.78232 -15304.78769  20106.34881   2.0425187  -1.8431759  -1.7665803 2026 01 14 12 15 21.84
0   3512.56571 -15341.65328  20070.92082   2.0358361  -1.8433930  -1.7762317 2026 01 14 12 15 41.84
0   3553.21529 -15378.52288  20035.29997   2.0291376  -1.8435768  -1.7858663 2026 01 14 12 16 01.84
0   3593.73075 -15415.39582  19999.48659   2.0224234  -1.8437270  -1.7954839 2026 01 14 12 16 21.84
0   3634.11176 -15452.27142  19963.48104   2.0156936  -1.8438436  -1.8050845 2026 01 14 12 16 41.84
0   3674.35803 -15489.14903  19927.28364   2.0089485  -1.8439266  -1.8146679 2026 01 14 12 17 01.84
0   3714.46924 -15526.02796  19890.89475   2.0021881  -1.8439760  -1.8242341 2026 01 14 12 17 21.84
0   3754.44509 -15562.90753  19854.31471   1.9954126  -1.8439917  -1.8337830 2026 01 14 12 17 41.84
0   3794.28528 -15599.78709  19817.54387   1.9886221  -1.8439737  -1.8433144 2026 01 14 12 18 01.84
0   3833.98952 -15636.66595  19780.58257   1.9818168  -1.8439219  -1.8528283 2026 01 14 12 18 21.84
0   3873.55750 -15673.54343  19743.43117   1.9749968  -1.8438362  -1.8623247 2026 01 14 12 18 41.84
0   3912.98893 -15710.41887  19706.09002   1.9681623  -1.8437167  -1.8718033 2026 01 14 12 19 01.84
0   3952.28353 -15747.29157  19668.55948   1.9613135  -1.8435632  -1.8812642 2026 01 14 12 19 21.84
0   3991.44102 -15784.16087  19630.83990   1.9544504  -1.8433758  -1.8907071 2026 01 14 12 19 41.84
0   4030.46110 -15821.02607  19592.93164   1.9475732  -1.8431545  -1.9001321 2026 01 14 12 20 01.84
0   4069.34350 -15857.88651  19554.83507   1.9406822  -1.8428990  -1.9095391 2026 01 14 12 20 21.84
0   4108.08794 -15894.74151  19516.55053   1.9337773  -1.8426096  -1.9189278 2026 01 14 12 20 41.84
0   4146.69415 -15931.59037  19478.07840   1.9268589  -1.8422860  -1.9282984 2026 01 14 12 21 01.84
0   4185.16185 -15968.43242  19439.41905   1.9199270  -1.8419282  -1.9376506 2026 01 14 12 21 21.84
0   4223.49078 -16005.26697  19400.57284   1.9129817  -1.8415363  -1.9469843 2026 01 14 12 21 41.84
0   4261.68068 -16042.09334  19361.54013   1.9060233  -1.8411101  -1.9562996 2026 01 14 12 22 01.84
0   4299.73128 -16078.91085  19322.32131   1.8990519  -1.8406497  -1.9655963 2026 01 14 12 22 21.84
0   4337.64232 -16115.71880  19282.91674   1.8920677  -1.8401550  -1.9748742 2026 01 14 12 22 41.84
0   4375.41355 -16152.51652  19243.32681   1.8850707  -1.8396259  -1.9841334 2026 01 14 12 23 01.84
0   4413.04471 -16189.30331  19203.55187   1.8780611  -1.8390625  -1.9933737 2026 01 14 12 23 21.84
0   4450.53556 -16226.07850  19163.59233   1.8710391  -1.8384647  -2.0025950 2026 01 14 12 23 41.84
0   4487.88584 -16262.84138  19123.44854   1.8640049  -1.8378325  -2.0117973 2026 01 14 12 24 01.84
0   4525.09532 -16299.59127  19083.12091   1.8569586  -1.8371658  -2.0209804 2026 01 14 12 24 21.84
0   4562.16376 -16336.32749  19042.60980   1.8499003  -1.8364646  -2.0301443 2026 01 14 12 24 41.84
0   4599.09091 -16373.04933  19001.91561   1.8428303  -1.8357289  -2.0392889 2026 01 14 12 25 01.84
0   4635.87654 -16409.75612  18961.03872   1.8357486  -1.8349587  -2.0484140 2026 01 14 12 25 21.84
0   4672.52043 -16446.44716  18919.97952   1.8286553  -1.8341539  -2.0575197 2026 01 14 12 25 41.84
0   4709.02233 -16483.12176  18878.73841   1.8215508  -1.8333144  -2.0666057 2026 01 14 12 26 01.84
0   4745.38204 -16519.77922  18837.31578   1.8144351  -1.8324404  -2.0756721 2026 01 14 12 26 21.84
0   4781.59932 -16556.41885  18795.71201   1.8073083  -1.8315317  -2.0847187 2026 01 14 12 26 41.84
0   4817.67395 -16593.03997  18753.92751   1.8001706  -1.8305883  -2.0937455 2026 01 14 12 27 01.84
0   4853.60572 -16629.64187  18711.96268   1.7930223  -1.8296101  -2.1027524 2026 01 14 12 27 21.84
0   4889.39443 -16666.22386  18669.81791   1.7858633  -1.8285973  -2.1117392 2026 01 14 12 27 41.84
0   4925.03984 -16702.78524  18627.49360   1.7786940  -1.8275497  -2.1207058 2026 01 14 12 28 01.84
0   4960.54177 -16739.32533  18584.99016   1.7715143  -1.8264673  -2.1296523 2026 01 14 12 28 21.84
0   4995.90001 -16775.84342  18542.30800   1.7643246  -1.8253501  -2.1385785 2026 01 14 12 28 41.84
0   5031.11435 -16812.33882  18499.44752   1.7571249  -1.8241981  -2.1474843 2026 01 14 12 29 01.84
0   5066.18460 -16848.81083  18456.40912   1.7499154  -1.8230112  -2.1563697 2026 01 14 12 29 21.84
0   5101.11056 -16885.25875  18413.19323   1.7426963  -1.8217895  -2.1652345 2026 01 14 12 29 41.84
0   5135.89205 -16921.68189  18369.80024   1.7354677  -1.8205328  -2.1740787 2026 01 14 12 30 01.84
0   5170.52887 -16958.07955  18326.23058   1.7282298  -1.8192413  -2.1829021 2026 01 14 12 30 21.84
0   5205.02084 -16994.45103  18282.48466   1.7209826  -1.8179148  -2.1917048 2026 01 14 12 30 41.84
0   5239.36777 -17030.79564  18238.56290   1.7137265  -1.8165534  -2.2004865 2026 01 14 12 31 01.84
0   5273.56950 -17067.11266  18194.46571   1.7064615  -1.8151571  -2.2092473 2026 01 14 12 31 21.84
0   5307.62584 -17103.40141  18150.19352   1.6991878  -1.8137258  -2.2179870 2026 01 14 12 31 41.84
0   5341.53662 -17139.66119  18105.74674   1.6919055  -1.8122595  -2.2267056 2026 01 14 12 32 01.84
0   5375.30167 -17175.89128  18061.12581   1.6846148  -1.8107581  -2.2354029 2026 01 14 12 32 21.84
0   5408.92082 -17212.09101  18016.33114   1.6773159  -1.8092218  -2.2440789 2026 01 14 12 32 41.84
0   5442.39391 -17248.25965  17971.36317   1.6700089  -1.8076504  -2.2527335 2026 01 14 12 33 01.84
0   5475.72079 -17284.39652  17926.22232   1.6626939  -1.8060440  -2.2613667 2026 01 14 12 33 21.84
0   5508.90128 -17320.50091  17880.90902   1.6553712  -1.8044026  -2.2699782 2026 01 14 12 33 41.84
0   5541.93525 -17356.57212  17835.42371   1.6480409  -1.8027261  -2.2785681 2026 01 14 12 34 01.84
0   5574.82254 -17392.60945  17789.76682   1.6407031  -1.8010145  -2.2871363 2026 01 14 12 34 21.84
0   5607.56299 -17428.61220  17743.93878   1.6333580  -1.7992678  -2.2956826 2026 01 14 12 34 41.84
0   5640.15648 -17464.57966  17697.94004   1.6260058  -1.7974860  -2.3042071 2026 01 14 12 35 01.84
0   5672.60285 -17500.51114  17651.77103   1.6186465  -1.7956691  -2.3127095 2026 01 14 12 35 21.84
0   5704.90196 -17536.40592  17605.43219   1.6112805  -1.7938171  -2.3211899 2026 01 14 12 35 41.84
0   5737.05369 -17572.26332  17558.92396   1.6039077  -1.7919300  -2.3296481 2026 01 14 12 36 01.84
0   5769.05790 -17608.08263  17512.24680   1.5965285  -1.7900078  -2.3380841 2026 01 14 12 36 21.84
0   5800.91446 -17643.86314  17465.40113   1.5891428  -1.7880505  -2.3464978 2026 01 14 12 36 41.84
0   5832.62324 -17679.60415  17418.38742   1.5817510  -1.7860580  -2.3548891 2026 01 14 12 37 01.84
0   5864.18413 -17715.30497  17371.20611   1.5743531  -1.7840304  -2.3632578 2026 01 14 12 37 21.84
0   5895.59700 -17750.96488  17323.85765   1.5669493  -1.7819677  -2.3716041 2026 01 14 12 37 41.84
0   5926.86174 -17786.58318  17276.34249   1.5595398  -1.7798698  -2.3799277 2026 01 14 12 38 01.84
0   5957.97823 -17822.15918  17228.66109   1.5521247  -1.7777368  -2.3882285 2026 01 14 12 38 21.84
0   5988.94636 -17857.69216  17180.81389   1.5447042  -1.7755686  -2.3965066 2026 01 14 12 38 41.84
0   6019.76604 -17893.18143  17132.80137   1.5372785  -1.7733653  -2.4047618 2026 01 14 12 39 01.84
0   6050.43714 -17928.62628  17084.62397   1.5298476  -1.7711269  -2.4129940 2026 01 14 12 39 21.84
0   6080.95958 -17964.02602  17036.28216   1.5224118  -1.7688533  -2.4212031 2026 01 14 12 39 41.84
0   6111.33326 -17999.37993  16987.77640   1.5149712  -1.7665446  -2.4293891 2026 01 14 12 40 01.84
0   6141.55808 -18034.68732  16939.10715   1.5075259  -1.7642007  -2.4375520 2026 01 14 12 40 21.84
0   6171.63394 -18069.94747  16890.27488   1.5000762  -1.7618218  -2.4456915 2026 01 14 12 40 41.84
0   6201.56077 -18105.15970  16841.28005   1.4926222  -1.7594077  -2.4538076 2026 01 14 12 41 01.84
0   6231.33848 -18140.32330  16792.12313   1.4851640  -1.7569585  -2.4619004 2026 01 14 12 41 21.84
0   6260.96699 -18175.43756  16742.80459   1.4777018  -1.7544741  -2.4699696 2026 01 14 12 41 41.84
0   6290.44621 -18210.50178  16693.32491   1.4702358  -1.7519547  -2.4780152 2026 01 14 12 42 01.84
0   6319.77607 -18245.51527  16643.68455   1.4627661  -1.7494001  -2.4860371 2026 01 14 12 42 21.84
0   6348.95651 -18280.47731  16593.88399   1.4552928  -1.7468105  -2.4940352 2026 01 14 12 42 41.84
0   6377.98745 -18315.38721  16543.92370   1.4478162  -1.7441858  -2.5020095 2026 01 14 12 43 01.84
0   6406.86882 -18350.24426  16493.80417   1.4403364  -1.7415260  -2.5099599 2026 01 14 12 43 21.84
0   6435.60056 -18385.04777  16443.52588   1.4328535  -1.7388312  -2.5178863 2026 01 14 12 43 41.84
0   6464.18262 -18419.79704  16393.08929   1.4253677  -1.7361013  -2.5257886 2026 01 14 12 44 01.84
0   6492.61494 -18454.49135  16342.49490   1.4178792  -1.7333363  -2.5336668 2026 01 14 12 44 21.84
0   6520.89746 -18489.13002  16291.74319   1.4103881  -1.7305364  -2.5415208 2026 01 14 12 44 41.84
0   6549.03014 -18523.71234  16240.83465   1.4028946  -1.7277014  -2.5493504 2026 01 14 12 45 01.84
0   6577.01292 -18558.23760  16189.76975   1.3953988  -1.7248314  -2.5571557 2026 01 14 12 45 21.84
0   6604.84576 -18592.70512  16138.54900   1.3879010  -1.7219264  -2.5649365 2026 01 14 12 45 41.84
0   6632.52863 -18627.11419  16087.17287   1.3804011  -1.7189865  -2.5726928 2026 01 14 12 46 01.84
0   6660.06148 -18661.46411  16035.64187   1.3728995  -1.7160116  -2.5804245 2026 01 14 12 46 21.84
0   6687.44429 -18695.75419  15983.95647   1.3653962  -1.7130017  -2.5881315 2026 01 14 12 46 41.84
0   6714.67701 -18729.98372  15932.11719   1.3578915  -1.7099570  -2.5958137 2026 01 14 12 47 01.84
0   6741.75963 -18764.15200  15880.12451   1.3503855  -1.7068773  -2.6034711 2026 01 14 12 47 21.84
0   6768.69211 -18798.25835  15827.97893   1.3428782  -1.7037627  -2.6111036 2026 01 14 12 47 41.84
0   6795.47444 -18832.30205  15775.68095   1.3353700  -1.7006133  -2.6187111 2026 01 14 12 48 01.84
0   6822.10660 -18866.28242  15723.23108   1.3278610  -1.6974291  -2.6262936 2026 01 14 12 48 21.84
0   6848.58857 -18900.19876  15670.62980   1.3203512  -1.6942100  -2.6338509 2026 01 14 12 48 41.84
0   6874.92034 -18934.05036  15617.87763   1.3128409  -1.6909561  -2.6413831 2026 01 14 12 49 01.84
0   6901.10190 -18967.83655  15564.97507   1.3053303  -1.6876675  -2.6488899 2026 01 14 12 49 21.84
0   6927.13324 -19001.55661  15511.92263   1.2978194  -1.6843440  -2.6563714 2026 01 14 12 49 41.84
0   6953.01437 -19035.20985  15458.72082   1.2903085  -1.6809859  -2.6638275 2026 01 14 12 50 01.84
0   6978.74528 -19068.79559  15405.37013   1.2827977  -1.6775930  -2.6712580 2026 01 14 12 50 21.84
0   7004.32597 -19102.31312  15351.87109   1.2752871  -1.6741655  -2.6786630 2026 01 14 12 50 41.84
0   7029.75646 -19135.76176  15298.22421   1.2677769  -1.6707033  -2.6860424 2026 01 14 12 51 01.84
0   7055.03675 -19169.14081  15244.43000   1.2602673  -1.6672065  -2.6933960 2026 01 14 12 51 21.84
0   7080.16686 -19202.44957  15190.48898   1.2527584  -1.6636751  -2.7007239 2026 01 14 12 51 41.84
0   7105.14679 -19235.68737  15136.40165   1.2452505  -1.6601091  -2.7080258 2026 01 14 12 52 01.84
0   7129.97658 -19268.85349  15082.16855   1.2377435  -1.6565086  -2.7153019 2026 01 14 12 52 21.84
0   7154.65624 -19301.94727  15027.79019   1.2302378  -1.6528735  -2.7225520 2026 01 14 12 52 41.84
0   7179.18580 -19334.96799  14973.26708   1.2227334  -1.6492040  -2.7297759 2026 01 14 12 53 01.84
0   7203.56529 -19367.91499  14918.59976   1.2152305  -1.6455000  -2.7369738 2026 01 14 12 53 21.84
0   7227.79473 -19400.78755  14863.78874   1.2077292  -1.6417616  -2.7441454 2026 01 14 12 53 41.84
0   7251.87417 -19433.58501  14808.83456   1.2002298  -1.6379888  -2.7512907 2026 01 14 12 54 01.84
0   7275.80364 -19466.30667  14753.73773   1.1927324  -1.6341817  -2.7584097 2026 01 14 12 54 21.84
0   7299.58319 -19498.95185  14698.49879   1.1852371  -1.6303402  -2.7655023 2026 01 14 12 54 41.84
0   7323.21285 -19531.51985  14643.11826   1.1777441  -1.6264645  -2.7725683 2026 01 14 12 55 01.84
0   7346.69267 -19564.00999  14587.59667   1.1702536  -1.6225545  -2.7796078 2026 01 14 12 55 21.84
0   7370.02271 -19596.42160  14531.93456   1.1627656  -1.6186103  -2.7866207 2026 01 14 12 55 41.84
0   7393.20302 -19628.75398  14476.13247   1.1552804  -1.6146319  -2.7936069 2026 01 14 12 56 01.84
0   7416.23365 -19661.00645  14420.19091   1.1477981  -1.6106194  -2.8005662 2026 01 14 12 56 21.84
0   7439.11467 -19693.17832  14364.11044   1.1403189  -1.6065728  -2.8074988 2026 01 14 12 56 41.84
0   7461.84614 -19725.26893  14307.89159   1.1328429  -1.6024921  -2.8144044 2026 01 14 12 57 01.84
0   7484.42812 -19757.27759  14251.53489   1.1253703  -1.5983774  -2.8212831 2026 01 14 12 57 21.84
0   7506.86068 -19789.20361  14195.04089   1.1179012  -1.5942288  -2.8281347 2026 01 14 12 57 41.84
0   7529.14390 -19821.04631  14138.41013   1.1104358  -1.5900461  -2.8349593 2026 01 14 12 58 01.84
0   7551.27785 -19852.80503  14081.64315   1.1029742  -1.5858296  -2.8417566 2026 01 14 12 58 21.84
0   7573.26260 -19884.47908  14024.74050   1.0955167  -1.5815793  -2.8485267 2026 01 14 12 58 41.84
0   7595.09825 -19916.06778  13967.70271   1.0880632  -1.5772951  -2.8552695 2026 01 14 12 59 01.84
0   7616.78487 -19947.57047  13910.53035   1.0806141  -1.5729771  -2.8619849 2026 01 14 12 59 21.84
0   7638.32256 -19978.98646  13853.22395   1.0731695  -1.5686255  -2.8686729 2026 01 14 12 59 41.84
0   7659.71140 -20010.31507  13795.78407   1.0657294  -1.5642401  -2.8753334 2026 01 14 13 00 01.84
0   7680.95148 -20041.55565  13738.21126   1.0582942  -1.5598212  -2.8819663 2026 01 14 13 00 21.84
0   7702.04291 -20072.70751  13680.50606   1.0508638  -1.5553686  -2.8885715 2026 01 14 13 00 41.84
0   7722.98578 -20103.76999  13622.66904   1.0434385  -1.5508825  -2.8951491 2026 01 14 13 01 01.84
0   7743.78020 -20134.74241  13564.70074   1.0360185  -1.5463629  -2.9016988 2026 01 14 13 01 21.84
0   7764.42627 -20165.62410  13506.60173   1.0286038  -1.5418099  -2.9082208 2026 01 14 13 01 41.84
0   7784.92411 -20196.41440  13448.37255   1.0211947  -1.5372235  -2.9147149 2026 01 14 13 02 01.84
0   7805.27382 -20227.11264  13390.01378   1.0137912  -1.5326038  -2.9211809 2026 01 14 13 02 21.84
0   7825.47551 -20257.71815  13331.52596   1.0063936  -1.5279508  -2.9276190 2026 01 14 13 02 41.84
0   7845.52932 -20288.23027  13272.90967   0.9990020  -1.5232645  -2.9340290 2026 01 14 13 03 01.84
0   7865.43535 -20318.64833  13214.16545   0.9916165  -1.5185451  -2.9404108 2026 01 14 13 03 21.84
0   7885.19374 -20348.97167  13155.29388   0.9842373  -1.5137925  -2.9467645 2026 01 14 13 03 41.84
0   7904.80461 -20379.19964  13096.29553   0.9768645  -1.5090068  -2.9530898 2026 01 14 13 04 01.84
0   7924.26808 -20409.33156  13037.17094   0.9694984  -1.5041882  -2.9593868 2026 01 14 13 04 21.84
0   7943.58431 -20439.36677  12977.92071   0.9621390  -1.4993365  -2.9656554 2026 01 14 13 04 41.84
0   7962.75341 -20469.30463  12918.54538   0.9547865  -1.4944520  -2.9718956 2026 01 14 13 05 01.84
0   7981.77554 -20499.14446  12859.04554   0.9474410  -1.4895346  -2.9781072 2026 01 14 13 05 21.84
0   8000.65082 -20528.88562  12799.42175   0.9401028  -1.4845844  -2.9842902 2026 01 14 13 05 41.84
0   8019.37942 -20558.52745  12739.67459   0.9327719  -1.4796015  -2.9904446 2026 01 14 13 06 01.84
0   8037.96147 -20588.06930  12679.80462   0.9254485  -1.4745859  -2.9965703 2026 01 14 13 06 21.84
0   8056.39713 -20617.51051  12619.81244   0.9181327  -1.4695376  -3.0026673 2026 01 14 13 06 41.84
0   8074.68656 -20646.85042  12559.69860   0.9108248  -1.4644569  -3.0087354 2026 01 14 13 07 01.84
0   8092.82990 -20676.08840  12499.46368   0.9035248  -1.4593436  -3.0147746 2026 01 14 13 07 21.84
0   8110.82733 -20705.22379  12439.10828   0.8962329  -1.4541979  -3.0207848 2026 01 14 13 07 41.84
0   8128.67900 -20734.25594  12378.63296   0.8889492  -1.4490198  -3.0267661 2026 01 14 13 08 01.84
0   8146.38508 -20763.18421  12318.03830   0.8816739  -1.4438094  -3.0327183 2026 01 14 13 08 21.84
0   8163.94574 -20792.00794  12257.32489   0.8744072  -1.4385667  -3.0386414 2026 01 14 13 08 41.84
0   8181.36115 -20820.72651  12196.49331   0.8671492  -1.4332919  -3.0445353 2026 01 14 13 09 01.84
0   8198.63150 -20849.33925  12135.54415   0.8599001  -1.4279850  -3.0503999 2026 01 14 13 09 21.84
0   8215.75694 -20877.84554  12074.47799   0.8526599  -1.4226460  -3.0562353 2026 01 14 13 09 41.84
0   8232.73768 -20906.24472  12013.29541   0.8454288  -1.4172750  -3.0620413 2026 01 14 13 10 01.84
0   8249.57389 -20934.53617  11951.99701   0.8382071  -1.4118721  -3.0678179 2026 01 14 13 10 21.84
0   8266.26576 -20962.71924  11890.58337   0.8309947  -1.4064373  -3.0735650 2026 01 14 13 10 41.84
0   8282.81348 -20990.79330  11829.05508   0.8237920  -1.4009708  -3.0792826 2026 01 14 13 11 01.84
0   8299.21724 -21018.75772  11767.41274   0.8165990  -1.3954725  -3.0849706 2026 01 14 13 11 21.84
0   8315.47723 -21046.61185  11705.65693   0.8094158  -1.3899426  -3.0906290 2026 01 14 13 11 41.84
0   8331.59367 -21074.35507  11643.78825   0.8022427  -1.3843812  -3.0962577 2026 01 14 13 12 01.84
0   8347.56674 -21101.98674  11581.80730   0.7950797  -1.3787882  -3.1018567 2026 01 14 13 12 21.84
0   8363.39666 -21129.50624  11519.71466   0.7879271  -1.3731638  -3.1074258 2026 01 14 13 12 41.84
0   8379.08363 -21156.91294  11457.51095   0.7807849  -1.3675080  -3.1129651 2026 01 14 13 13 01.84
0   8394.62786 -21184.20621  11395.19674   0.7736533  -1.3618210  -3.1184744 2026 01 14 13 13 21.84
0   8410.02957 -21211.38543  11332.77265   0.7665324  -1.3561027  -3.1239538 2026 01 14 13 13 41.84
0   8425.28897 -21238.44998  11270.23927   0.7594224  -1.3503533  -3.1294032 2026 01 14 13 14 01.84
0   8440.40628 -21265.39922  11207.59721   0.7523235  -1.3445729  -3.1348225 2026 01 14 13 14 21.84
0   8455.38172 -21292.23255  11144.84706   0.7452357  -1.3387614  -3.1402117 2026 01 14 13 14 41.84
0   8470.21552 -21318.94934  11081.98943   0.7381593  -1.3329190  -3.1455706 2026 01 14 13 15 01.84
0   8484.90791 -21345.54897  11019.02492   0.7310943  -1.3270459  -3.1508994 2026 01 14 13 15 21.84
0   8499.45911 -21372.03084  10955.95414   0.7240410  -1.3211419  -3.1561978 2026 01 14 13 15 41.84
0   8513.86936 -21398.39432  10892.77769   0.7169993  -1.3152073  -3.1614660 2026 01 14 13 16 01.84
0   8528.13890 -21424.63880  10829.49619   0.7099696  -1.3092421  -3.1667037 2026 01 14 13 16 21.84
0   8542.26797 -21450.76367  10766.11024   0.7029519  -1.3032463  -3.1719109 2026 01 14 13 16 41.84
0   8556.25680 -21476.76832  10702.62044   0.6959463  -1.2972201  -3.1770877 2026 01 14 13 17 01.84
0   8570.10565 -21502.65215  10639.02742   0.6889531  -1.2911636  -3.1822339 2026 01 14 13 17 21.84
0   8583.81475 -21528.41454  10575.33178   0.6819724  -1.2850768  -3.1873496 2026 01 14 13 17 41.84
0   8597.38437 -21554.05490  10511.53413   0.6750042  -1.2789598  -3.1924346 2026 01 14 13 18 01.84
0   8610.81475 -21579.57261  10447.63509   0.6680488  -1.2728127  -3.1974888 2026 01 14 13 18 21.84
0   8624.10615 -21604.96708  10383.63527   0.6611062  -1.2666355  -3.2025124 2026 01 14 13 18 41.84
0   8637.25883 -21630.23771  10319.53529   0.6541767  -1.2604284  -3.2075051 2026 01 14 13 19 01.84
0   8650.27305 -21655.38391  10255.33577   0.6472603  -1.2541915  -3.2124670 2026 01 14 13 19 21.84
0   8663.14907 -21680.40506  10191.03731   0.6403572  -1.2479248  -3.2173979 2026 01 14 13 19 41.84
0   8675.88717 -21705.30058  10126.64055   0.6334675  -1.2416283  -3.2222980 2026 01 14 13 20 01.84
0   8688.48761 -21730.06988  10062.14610   0.6265915  -1.2353023  -3.2271670 2026 01 14 13 20 21.84
0   8700.95067 -21754.71237   9997.55457   0.6197291  -1.2289468  -3.2320050 2026 01 14 13 20 41.84
0   8713.27662 -21779.22745   9932.86660   0.6128805  -1.2225619  -3.2368119 2026 01 14 13 21 01.84
0   8725.46573 -21803.61454   9868.08280   0.6060460  -1.2161476  -3.2415876 2026 01 14 13 21 21.84
0   8737.51830 -21827.87305   9803.20379   0.5992256  -1.2097040  -3.2463322 2026 01 14 13 21 41.84
0   8749.43460 -21852.00240   9738.23021   0.5924194  -1.2032314  -3.2510455 2026 01 14 13 22 01.84
0   8761.21492 -21876.00200   9673.16268   0.5856276  -1.1967296  -3.2557276 2026 01 14 13 22 21.84
0   8772.85955 -21899.87129   9608.00181   0.5788504  -1.1901989  -3.2603783 2026 01 14 13 22 41.84
0   8784.36878 -21923.60966   9542.74825   0.5720878  -1.1836392  -3.2649977 2026 01 14 13 23 01.84
0   8795.74291 -21947.21656   9477.40261   0.5653400  -1.1770508  -3.2695856 2026 01 14 13 23 21.84
0   8806.98223 -21970.69141   9411.96553   0.5586071  -1.1704337  -3.2741421 2026 01 14 13 23 41.84
0   8818.08705 -21994.03362   9346.43764   0.5518893  -1.1637880  -3.2786670 2026 01 14 13 24 01.84
0   8829.05766 -22017.24264   9280.81956   0.5451867  -1.1571138  -3.2831604 2026 01 14 13 24 21.84
0   8839.89437 -22040.31789   9215.11193   0.5384995  -1.1504111  -3.2876222 2026 01 14 13 24 41.84
0   8850.59749 -22063.25880   9149.31538   0.5318277  -1.1436801  -3.2920524 2026 01 14 13 25 01.84
0   8861.16733 -22086.06481   9083.43055   0.5251715  -1.1369210  -3.2964508 2026 01 14 13 25 21.84
0   8871.60421 -22108.73536   9017.45806   0.5185310  -1.1301336  -3.3008176 2026 01 14 13 25 41.84
0   8881.90844 -22131.26988   8951.39856   0.5119064  -1.1233183  -3.3051525 2026 01 14 13 26 01.84
0   8892.08033 -22153.66781   8885.25268   0.5052978  -1.1164750  -3.3094556 2026 01 14 13 26 21.84
0   8902.12021 -22175.92860   8819.02105   0.4987053  -1.1096039  -3.3137269 2026 01 14 13 26 41.84
0   8912.02841 -22198.05170   8752.70431   0.4921291  -1.1027050  -3.3179663 2026 01 14 13 27 01.84
0   8921.80524 -22220.03653   8686.30311   0.4855693  -1.0957785  -3.3221737 2026 01 14 13 27 21.84
0   8931.45105 -22241.88257   8619.81808   0.4790260  -1.0888245  -3.3263491 2026 01 14 13 27 41.84
0   8940.96615 -22263.58925   8553.24986   0.4724993  -1.0818430  -3.3304925 2026 01 14 13 28 01.84
0   8950.35089 -22285.15602   8486.59910   0.4659894  -1.0748342  -3.3346039 2026 01 14 13 28 21.84
0   8959.60560 -22306.58235   8419.86643   0.4594964  -1.0677981  -3.3386831 2026 01 14 13 28 41.84
0   8968.73062 -22327.86769   8353.05249   0.4530205  -1.0607350  -3.3427302 2026 01 14 13 29 01.84
0   8977.72629 -22349.01149   8286.15794   0.4465617  -1.0536448  -3.3467450 2026 01 14 13 29 21.84
0   8986.59296 -22370.01322   8219.18341   0.4401202  -1.0465276  -3.3507277 2026 01 14 13 29 41.84
0   8995.33098 -22390.87235   8152.12955   0.4336961  -1.0393837  -3.3546780 2026 01 14 13 30 01.84
0   9003.94068 -22411.58832   8084.99701   0.4272895  -1.0322130  -3.3585961 2026 01 14 13 30 21.84
0   9012.42244 -22432.16062   8017.78643   0.4209007  -1.0250158  -3.3624818 2026 01 14 13 30 41.84
0   9020.77659 -22452.58870   7950.49846   0.4145296  -1.0177920  -3.3663351 2026 01 14 13 31 01.84
0   9029.00350 -22472.87205   7883.13375   0.4081764  -1.0105418  -3.3701560 2026 01 14 13 31 21.84
0   9037.10353 -22493.01013   7815.69294   0.4018412  -1.0032654  -3.3739444 2026 01 14 13 31 41.84
0   9045.07703 -22513.00242   7748.17670   0.3955243  -0.9959627  -3.3777003 2026 01 14 13 32 01.84
0   9052.92438 -22532.84840   7680.58566   0.3892256  -0.9886340  -3.3814237 2026 01 14 13 32 21.84
0   9060.64594 -22552.54755   7612.92047   0.3829453  -0.9812793  -3.3851145 2026 01 14 13 32 41.84
0   9068.24209 -22572.09934   7545.18180   0.3766836  -0.9738988  -3.3887726 2026 01 14 13 33 01.84
0   9075.71318 -22591.50327   7477.37029   0.3704405  -0.9664925  -3.3923982 2026 01 14 13 33 21.84
0   9083.05960 -22610.75881   7409.48660   0.3642162  -0.9590606  -3.3959910 2026 01 14 13 33 41.84
0   9090.28172 -22629.86546   7341.53138   0.3580109  -0.9516032  -3.3995511 2026 01 14 13 34 01.84
0   9097.37992 -22648.82271   7273.50529   0.3518245  -0.9441203  -3.4030784 2026 01 14 13 34 21.84
0   9104.35459 -22667.63005   7205.40897   0.3456573  -0.9366122  -3.4065730 2026 01 14 13 34 41.84
0   9111.20611 -22686.28698   7137.24309   0.3395093  -0.9290788  -3.4100347 2026 01 14 13 35 01.84
0   9117.93486 -22704.79298   7069.00831   0.3333807  -0.9215204  -3.4134636 2026 01 14 13 35 21.84
0   9124.54124 -22723.14758   7000.70528   0.3272717  -0.9139371  -3.4168595 2026 01 14 13 35 41.84
0   9131.02563 -22741.35025   6932.33466   0.3211822  -0.9063288  -3.4202225 2026 01 14 13 36 01.84
0   9137.38842 -22759.40052   6863.89711   0.3151125  -0.8986959  -3.4235526 2026 01 14 13 36 21.84
0   9143.63003 -22777.29787   6795.39329   0.3090627  -0.8910383  -3.4268496 2026 01 14 13 36 41.84
0   9149.75083 -22795.04184   6726.82386   0.3030328  -0.8833563  -3.4301137 2026 01 14 13 37 01.84
0   9155.75124 -22812.63192   6658.18948   0.2970230  -0.8756498  -3.4333446 2026 01 14 13 37 21.84
0   9161.63166 -22830.06763   6589.49081   0.2910334  -0.8679191  -3.4365425 2026 01 14 13 37 41.84
0   9167.39248 -22847.34848   6520.72851   0.2850642  -0.8601642  -3.4397072 2026 01 14 13 38 01.84
0   9173.03413 -22864.47399   6451.90325   0.2791154  -0.8523854  -3.4428387 2026 01 14 13 38 21.84
0   9178.55701 -22881.44369   6383.01569   0.2731871  -0.8445826  -3.4459371 2026 01 14 13 38 41.84
0   9183.96152 -22898.25710   6314.06650   0.2672795  -0.8367560  -3.4490022 2026 01 14 13 39 01.84
0   9189.24810 -22914.91374   6245.05634   0.2613927  -0.8289057  -3.4520341 2026 01 14 13 39 21.84
0   9194.41714 -22931.41313   6175.98587   0.2555268  -0.8210319  -3.4550327 2026 01 14 13 39 41.84
0   9199.46908 -22947.75482   6106.85577   0.2496819  -0.8131346  -3.4579980 2026 01 14 13 40 01.84
0   9204.40433 -22963.93833   6037.66669   0.2438581  -0.8052140  -3.4609299 2026 01 14 13 40 21.84
0   9209.22332 -22979.96319   5968.41931   0.2380555  -0.7972703  -3.4638285 2026 01 14 13 40 41.84
0   9213.92647 -22995.82896   5899.11429   0.2322743  -0.7893035  -3.4666936 2026 01 14 13 41 01.84
0   9218.51421 -23011.53515   5829.75230   0.2265146  -0.7813137  -3.4695253 2026 01 14 13 41 21.84
0   9222.98697 -23027.08132   5760.33401   0.2207764  -0.7733011  -3.4723236 2026 01 14 13 41 41.84
0   9227.34518 -23042.46702   5690.86010   0.2150599  -0.7652658  -3.4750883 2026 01 14 13 42 01.84
0   9231.58928 -23057.69178   5621.33122   0.2093651  -0.7572080  -3.4778196 2026 01 14 13 42 21.84
0   9235.71971 -23072.75516   5551.74805   0.2036923  -0.7491276  -3.4805173 2026 01 14 13 42 41.84
0   9239.73690 -23087.65672   5482.11127   0.1980414  -0.7410250  -3.4831814 2026 01 14 13 43 01.84
0   9243.64129 -23102.39599   5412.42154   0.1924127  -0.7329002  -3.4858119 2026 01 14 13 43 21.84
0   9247.43333 -23116.97256   5342.67953   0.1868062  -0.7247533  -3.4884088 2026 01 14 13 43 41.84
0   9251.11346 -23131.38596   5272.88593   0.1812220  -0.7165844  -3.4909720 2026 01 14 13 44 01.84
0   9254.68214 -23145.63577   5203.04139   0.1756602  -0.7083938  -3.4935016 2026 01 14 13 44 21.84
0   9258.13980 -23159.72155   5133.14660   0.1701210  -0.7001814  -3.4959974 2026 01 14 13 44 41.84
0   9261.48690 -23173.64287   5063.20223   0.1646044  -0.6919475  -3.4984596 2026 01 14 13 45 01.84
0   9264.72390 -23187.39929   4993.20896   0.1591105  -0.6836921  -3.5008879 2026 01 14 13 45 21.84
0   9267.85126 -23200.99040   4923.16746   0.1536395  -0.6754155  -3.5032825 2026 01 14 13 45 41.84
0   9270.86942 -23214.41576   4853.07840   0.1481915  -0.6671176  -3.5056433 2026 01 14 13 46 01.84
0   9273.77885 -23227.67496   4782.94247   0.1427665  -0.6587988  -3.5079703 2026 01 14 13 46 21.84
0   9276.58001 -23240.76757   4712.76033   0.1373646  -0.6504590  -3.5102634 2026 01 14 13 46 41.84
0   9279.27337 -23253.69317   4642.53267   0.1319860  -0.6420984  -3.5125226 2026 01 14 13 47 01.84
0   9281.85939 -23266.45136   4572.26017   0.1266308  -0.6337172  -3.5147480 2026 01 14 13 47 21.84
0   9284.33854 -23279.04172   4501.94350   0.1212990  -0.6253154  -3.5169394 2026 01 14 13 47 41.84
0   9286.71129 -23291.46384   4431.58334   0.1159908  -0.6168933  -3.5190968 2026 01 14 13 48 01.84
0   9288.97811 -23303.71731   4361.18037   0.1107062  -0.6084509  -3.5212204 2026 01 14 13 48 21.84
0   9291.13947 -23315.80174   4290.73527   0.1054454  -0.5999884  -3.5233099 2026 01 14 13 48 41.84
0   9293.19586 -23327.71672   4220.24872   0.1002085  -0.5915059  -3.5253654 2026 01 14 13 49 01.84
0   9295.14775 -23339.46184   4149.72140   0.0949955  -0.5830035  -3.5273869 2026 01 14 13 49 21.84
0   9296.99563 -23351.03673   4079.15399   0.0898065  -0.5744814  -3.5293743 2026 01 14 13 49 41.84
0   9298.73996 -23362.44098   4008.54717   0.0846417  -0.5659397  -3.5313277 2026 01 14 13 50 01.84
0   9300.38124 -23373.67420   3937.90162   0.0795012  -0.5573786  -3.5332470 2026 01 14 13 50 21.84
0   9301.91995 -23384.73600   3867.21803   0.0743850  -0.5487982  -3.5351322 2026 01 14 13 50 41.84
0   9303.35658 -23395.62601   3796.49708   0.0692932  -0.5401986  -3.5369832 2026 01 14 13 51 01.84
0   9304.69163 -23406.34383   3725.73945   0.0642259  -0.5315799  -3.5388001 2026 01 14 13 51 21.84
0   9305.92557 -23416.88909   3654.94582   0.0591833  -0.5229424  -3.5405828 2026 01 14 13 51 41.84
0   9307.05891 -23427.26141   3584.11688   0.0541654  -0.5142860  -3.5423314 2026 01 14 13 52 01.84
0   9308.09213 -23437.46042   3513.25331   0.0491722  -0.5056111  -3.5440457 2026 01 14 13 52 21.84
0   9309.02575 -23447.48575   3442.35580   0.0442040  -0.4969176  -3.5457259 2026 01 14 13 52 41.84
0   9309.86024 -23457.33702   3371.42502   0.0392608  -0.4882058  -3.5473718 2026 01 14 13 53 01.84
0   9310.59613 -23467.01388   3300.46167   0.0343427  -0.4794758  -3.5489834 2026 01 14 13 53 21.84
0   9311.23390 -23476.51596   3229.46643   0.0294497  -0.4707277  -3.5505608 2026 01 14 13 53 41.84
0   9311.77407 -23485.84289   3158.43999   0.0245820  -0.4619617  -3.5521039 2026 01 14 13 54 01.84
0   9312.21714 -23494.99433   3087.38302   0.0197396  -0.4531779  -3.5536127 2026 01 14 13 54 21.84
0   9312.56361 -23503.96992   3016.29623   0.0149227  -0.4443764  -3.5550871 2026 01 14 13 54 41.84
0   9312.81400 -23512.76930   2945.18028   0.0101313  -0.4355575  -3.5565273 2026 01 14 13 55 01.84
0   9312.96882 -23521.39213   2874.03588   0.0053655  -0.4267211  -3.5579331 2026 01 14 13 55 21.84
0   9313.02858 -23529.83806   2802.86371   0.0006254  -0.4178675  -3.5593045 2026 01 14 13 55 41.84
0   9312.99379 -23538.10674   2731.66445  -0.0040889  -0.4089969  -3.5606415 2026 01 14 13 56 01.84
0   9312.86498 -23546.19785   2660.43879  -0.0087773  -0.4001093  -3.5619442 2026 01 14 13 56 21.84
0   9312.64266 -23554.11104   2589.18743  -0.0134398  -0.3912049  -3.5632124 2026 01 14 13 56 41.84
0   9312.32735 -23561.84597   2517.91104  -0.0180763  -0.3822838  -3.5644463 2026 01 14 13 57 01.84
0   9311.91957 -23569.40231   2446.61032  -0.0226866  -0.3733462  -3.5656457 2026 01 14 13 57 21.84
0   9311.41985 -23576.77975   2375.28596  -0.0272707  -0.3643923  -3.5668107 2026 01 14 13 57 41.84
0   9310.82871 -23583.97794   2303.93864  -0.0318285  -0.3554221  -3.5679412 2026 01 14 13 58 01.84
0   9310.14667 -23590.99656   2232.56906  -0.0363599  -0.3464359  -3.5690372 2026 01 14 13 58 21.84
0   9309.37427 -23597.83531   2161.17790  -0.0408649  -0.3374337  -3.5700988 2026 01 14 13 58 41.84
0   9308.51204 -23604.49385   2089.76586  -0.0453434  -0.3284158  -3.5711259 2026 01 14 13 59 01.84
0   9307.56050 -23610.97188   2018.33362  -0.0497952  -0.3193821  -3.5721184 2026 01 14 13 59 21.84
0   9306.52020 -23617.26908   1946.88187  -0.0542204  -0.3103330  -3.5730765 2026 01 14 13 59 41.84
0   9305.39166 -23623.38514   1875.41130  -0.0586188  -0.3012686  -3.5740000 2026 01 14 14 00 01.84
0   9304.17541 -23629.31977   1803.92261  -0.0629903  -0.2921889  -3.5748891 2026 01 14 14 00 21.84
0   9302.87201 -23635.07265   1732.41649  -0.0673349  -0.2830942  -3.5757435 2026 01 14 14 00 41.84
0   9301.48199 -23640.64349   1660.89362  -0.0716525  -0.2739846  -3.5765635 2026 01 14 14 01 01.84
0   9300.00588 -23646.03199   1589.35470  -0.0759431  -0.2648603  -3.5773488 2026 01 14 14 01 21.84
0   9298.44423 -23651.23786   1517.80041  -0.0802065  -0.2557213  -3.5780996 2026 01 14 14 01 41.84
0   9296.79759 -23656.26080   1446.23146  -0.0844426  -0.2465678  -3.5788159 2026 01 14 14 02 01.84
0   9295.06650 -23661.10053   1374.64853  -0.0886515  -0.2374001  -3.5794975 2026 01 14 14 02 21.84
0   9293.25151 -23665.75677   1303.05231  -0.0928329  -0.2282182  -3.5801446 2026 01 14 14 02 41.84
0   9291.35316 -23670.22922   1231.44349  -0.0969869  -0.2190222  -3.5807570 2026 01 14 14 03 01.84
0   9289.37200 -23674.51762   1159.82277  -0.1011135  -0.2098124  -3.5813349 2026 01 14 14 03 21.84
0   9287.30860 -23678.62169   1088.19084  -0.1052124  -0.2005889  -3.5818781 2026 01 14 14 03 41.84
0   9285.16349 -23682.54115   1016.54840  -0.1092836  -0.1913519  -3.5823867 2026 01 14 14 04 01.84
0   9282.93723 -23686.27574    944.89612  -0.1133271  -0.1821014  -3.5828607 2026 01 14 14 04 21.84
0   9280.63038 -23689.82519    873.23471  -0.1173428  -0.1728377  -3.5833001 2026 01 14 14 04 41.84
0   9278.24349 -23693.18923    801.56486  -0.1213307  -0.1635608  -3.5837049 2026 01 14 14 05 01.84
0   9275.77713 -23696.36760    729.88727  -0.1252906  -0.1542710  -3.5840750 2026 01 14 14 05 21.84
0   9273.23185 -23699.36005    658.20261  -0.1292224  -0.1449684  -3.5844104 2026 01 14 14 05 41.84
0   9270.60821 -23702.16633    586.51160  -0.1331263  -0.1356532  -3.5847112 2026 01 14 14 06 01.84
0   9267.90678 -23704.78617    514.81491  -0.1370019  -0.1263254  -3.5849774 2026 01 14 14 06 21.84
0   9265.12811 -23707.21934    443.11324  -0.1408494  -0.1169853  -3.5852089 2026 01 14 14 06 41.84
0   9262.27278 -23709.46558    371.40730  -0.1446686  -0.1076331  -3.5854058 2026 01 14 14 07 01.84
0   9259.34135 -23711.52466    299.69776  -0.1484594  -0.0982687  -3.5855680 2026 01 14 14 07 21.84
0   9256.33439 -23713.39633    227.98532  -0.1522219  -0.0888925  -3.5856955 2026 01 14 14 07 41.84
0   9253.25246 -23715.08036    156.27068  -0.1559559  -0.0795046  -3.5857884 2026 01 14 14 08 01.84
0   9250.09614 -23716.57651     84.55453  -0.1596613  -0.0701051  -3.5858466 2026 01 14 14 08 21.84
0   9246.86599 -23717.88457     12.83756  -0.1633382  -0.0606942  -3.5858702 2026 01 14 14 08 41.84
0   9243.56259 -23719.00429    -58.87953  -0.1669864  -0.0512720  -3.5858591 2026 01 14 14 09 01.84
0   9240.18652 -23719.93546   -130.59605  -0.1706059  -0.0418387  -3.5858133 2026 01 14 14 09 21.84
0   9236.73834 -23720.67785   -202.31132  -0.1741966  -0.0323944  -3.5857328 2026 01 14 14 09 41.84
0   9233.21864 -23721.23125   -274.02462  -0.1777586  -0.0229393  -3.5856177 2026 01 14 14 10 01.84
0   9229.62798 -23721.59544   -345.73528  -0.1812916  -0.0134737  -3.5854679 2026 01 14 14 10 21.84
0   9225.96696 -23721.77021   -417.44259  -0.1847957  -0.0039975  -3.5852834 2026 01 14 14 10 41.84
0   9222.23615 -23721.75536   -489.14587  -0.1882707   0.0054890  -3.5850643 2026 01 14 14 11 01.84
0   9218.43612 -23721.55068   -560.84442  -0.1917167   0.0149857  -3.5848105 2026 01 14 14 11 21.84
0   9214.56746 -23721.15596   -632.53755  -0.1951336   0.0244924  -3.5845221 2026 01 14 14 11 41.84
0   9210.63076 -23720.57101   -704.22456  -0.1985214   0.0340090  -3.5841990 2026 01 14 14 12 01.84
0   9206.62660 -23719.79563   -775.90477  -0.2018799   0.0435352  -3.5838412 2026 01 14 14 12 21.84
0   9202.55555 -23718.82964   -847.57747  -0.2052091   0.0530710  -3.5834488 2026 01 14 14 12 41.84
0   9198.41822 -23717.67283   -919.24197  -0.2085090   0.0626162  -3.5830217 2026 01 14 14 13 01.84
0   9194.21518 -23716.32503   -990.89759  -0.2117795   0.0721706  -3.5825600 2026 01 14 14 13 21.84
0   9189.94703 -23714.78605  -1062.54363  -0.2150206   0.0817341  -3.5820636 2026 01 14 14 13 41.84
0   9185.61435 -23713.05571  -1134.17940  -0.2182322   0.0913064  -3.5815326 2026 01 14 14 14 01.84
0   9181.21773 -23711.13384  -1205.80419  -0.2214143   0.1008876  -3.5809670 2026 01 14 14 14 21.84
0   9176.75777 -23709.02025  -1277.41733  -0.2245668   0.1104773  -3.5803667 2026 01 14 14 14 41.84
0   9172.23505 -23706.71480  -1349.01812  -0.2276896   0.1200754  -3.5797318 2026 01 14 14 15 01.84
0   9167.65018 -23704.21729  -1420.60586  -0.2307828   0.1296819  -3.5790623 2026 01 14 14 15 21.84
0   9163.00374 -23701.52758  -1492.17987  -0.2338462   0.1392964  -3.5783581 2026 01 14 14 15 41.84
0   9158.29632 -23698.64549  -1563.73945  -0.2368798   0.1489189  -3.5776194 2026 01 14 14 16 01.84
0   9153.52854 -23695.57088  -1635.28390  -0.2398837   0.1585491  -3.5768460 2026 01 14 14 16 21.84
0   9148.70097 -23692.30359  -1706.81255  -0.2428576   0.1681870  -3.5760381 2026 01 14 14 16 41.84
0   9143.81422 -23688.84347  -1778.32469  -0.2458017   0.1778324  -3.5751955 2026 01 14 14 17 01.84
0   9138.86890 -23685.19036  -1849.81963  -0.2487158   0.1874851  -3.5743184 2026 01 14 14 17 21.84
0   9133.86559 -23681.34413  -1921.29669  -0.2515999   0.1971449  -3.5734067 2026 01 14 14 17 41.84
0   9128.80490 -23677.30464  -1992.75516  -0.2544539   0.2068117  -3.5724605 2026 01 14 14 18 01.84
0   9123.68743 -23673.07174  -2064.19437  -0.2572779   0.2164854  -3.5714797 2026 01 14 14 18 21.84
0   9118.51378 -23668.64530  -2135.61361  -0.2600717   0.2261657  -3.5704643 2026 01 14 14 18 41.84
0   9113.28455 -23664.02519  -2207.01220  -0.2628354   0.2358525  -3.5694144 2026 01 14 14 19 01.84
0   9108.00036 -23659.21129  -2278.38945  -0.2655688   0.2455456  -3.5683300 2026 01 14 14 19 21.84
0   9102.66180 -23654.20345  -2349.74467  -0.2682720   0.2552449  -3.5672111 2026 01 14 14 19 41.84
0   9097.26947 -23649.00158  -2421.07716  -0.2709450   0.2649503  -3.5660577 2026 01 14 14 20 01.84
0   9091.82400 -23643.60553  -2492.38624  -0.2735876   0.2746615  -3.5648697 2026 01 14 14 20 21.84
0   9086.32597 -23638.01521  -2563.67121  -0.2761998   0.2843784  -3.5636473 2026 01 14 14 20 41.84
0   9080.77600 -23632.23049  -2634.93139  -0.2787817   0.2941008  -3.5623904 2026 01 14 14 21 01.84
0   9075.17470 -23626.25127  -2706.16609  -0.2813331   0.3038286  -3.5610990 2026 01 14 14 21 21.84
0   9069.52267 -23620.07745  -2777.37462  -0.2838540   0.3135615  -3.5597732 2026 01 14 14 21 41.84
0   9063.82054 -23613.70891  -2848.55629  -0.2863445   0.3232996  -3.5584129 2026 01 14 14 22 01.84
0   9058.06889 -23607.14557  -2919.71041  -0.2888044   0.3330425  -3.5570183 2026 01 14 14 22 21.84
0   9052.26836 -23600.38732  -2990.83629  -0.2912338   0.3427901  -3.5555892 2026 01 14 14 22 41.84
0   9046.41954 -23593.43408  -3061.93324  -0.2936325   0.3525422  -3.5541257 2026 01 14 14 23 01.84
0   9040.52306 -23586.28574  -3133.00058  -0.2960006   0.3622988  -3.5526278 2026 01 14 14 23 21.84
0   9034.57952 -23578.94224  -3204.03762  -0.2983381   0.3720595  -3.5510955 2026 01 14 14 23 41.84
0   9028.58953 -23571.40348  -3275.04367  -0.3006448   0.3818244  -3.5495289 2026 01 14 14 24 01.84
0   9022.55372 -23563.66938  -3346.01805  -0.3029209   0.3915931  -3.5479280 2026 01 14 14 24 21.84
0   9016.47270 -23555.73988  -3416.96006  -0.3051662   0.4013655  -3.5462927 2026 01 14 14 24 41.84
0   9010.34707 -23547.61489  -3487.86902  -0.3073807   0.4111416  -3.5446231 2026 01 14 14 25 01.84
0   9004.17747 -23539.29434  -3558.74425  -0.3095644   0.4209210  -3.5429192 2026 01 14 14 25 21.84
0   8997.96450 -23530.77818  -3629.58506  -0.3117173   0.4307036  -3.5411810 2026 01 14 14 25 41.84
0   8991.70878 -23522.06633  -3700.39077  -0.3138393   0.4404894  -3.5394086 2026 01 14 14 26 01.84
0   8985.41093 -23513.15873  -3771.16068  -0.3159304   0.4502780  -3.5376019 2026 01 14 14 26 21.84
0   8979.07156 -23504.05534  -3841.89411  -0.3179907   0.4600694  -3.5357610 2026 01 14 14 26 41.84
0   8972.69130 -23494.75610  -3912.59039  -0.3200200   0.4698633  -3.5338859 2026 01 14 14 27 01.84
0   8966.27076 -23485.26095  -3983.24882  -0.3220183   0.4796597  -3.5319766 2026 01 14 14 27 21.84
0   8959.81057 -23475.56985  -4053.86873  -0.3239857   0.4894583  -3.5300331 2026 01 14 14 27 41.84
0   8953.31134 -23465.68276  -4124.44942  -0.3259220   0.4992590  -3.5280554 2026 01 14 14 28 01.84
0   8946.77369 -23455.59964  -4194.99022  -0.3278274   0.5090616  -3.5260436 2026 01 14 14 28 21.84
0   8940.19824 -23445.32045  -4265.49044  -0.3297017   0.5188660  -3.5239977 2026 01 14 14 28 41.84
0   8933.58562 -23434.84515  -4335.94940  -0.3315450   0.5286720  -3.5219177 2026 01 14 14 29 01.84
0   8926.93644 -23424.17373  -4406.36642  -0.3333572   0.5384793  -3.5198035 2026 01 14 14 29 21.84
0   8920.25133 -23413.30614  -4476.74082  -0.3351383   0.5482880  -3.5176554 2026 01 14 14 29 41.84
0   8913.53091 -23402.24237  -4547.07191  -0.3368883   0.5580977  -3.5154732 2026 01 14 14 30 01.84
0   8906.77581 -23390.98239  -4617.35902  -0.3386071   0.5679083  -3.5132569 2026 01 14 14 30 21.84
0   8899.98663 -23379.52620  -4687.60147  -0.3402948   0.5777198  -3.5110067 2026 01 14 14 30 41.84
0   8893.16401 -23367.87377  -4757.79857  -0.3419514   0.5875318  -3.5087225 2026 01 14 14 31 01.84
0   8886.30858 -23356.02510  -4827.94965  -0.3435768   0.5973442  -3.5064044 2026 01 14 14 31 21.84
0   8879.42094 -23343.98017  -4898.05403  -0.3451710   0.6071569  -3.5040523 2026 01 14 14 31 41.84
0   8872.50174 -23331.73900  -4968.11102  -0.3467340   0.6169697  -3.5016662 2026 01 14 14 32 01.84
0   8865.55159 -23319.30156  -5038.11996  -0.3482657   0.6267824  -3.4992464 2026 01 14 14 32 21.84
0   8858.57111 -23306.66788  -5108.08016  -0.3497663   0.6365949  -3.4967926 2026 01 14 14 32 41.84
0   8851.56093 -23293.83795  -5177.99094  -0.3512356   0.6464070  -3.4943050 2026 01 14 14 33 01.84
0   8844.52169 -23280.81178  -5247.85164  -0.3526737   0.6562185  -3.4917836 2026 01 14 14 33 21.84
0   8837.45399 -23267.58939  -5317.66157  -0.3540806   0.6660293  -3.4892284 2026 01 14 14 33 41.84
0   8830.35846 -23254.17080  -5387.42006  -0.3554561   0.6758392  -3.4866394 2026 01 14 14 34 01.84
0   8823.23574 -23240.55602  -5457.12643  -0.3568004   0.6856480  -3.4840166 2026 01 14 14 34 21.84
0   8816.08645 -23226.74507  -5526.78001  -0.3581135   0.6954556  -3.4813602 2026 01 14 14 34 41.84
0   8808.91120 -23212.73799  -5596.38012  -0.3593952   0.7052618  -3.4786700 2026 01 14 14 35 01.84
0   8801.71064 -23198.53480  -5665.92610  -0.3606457   0.7150664  -3.4759462 2026 01 14 14 35 21.84
0   8794.48538 -23184.13554  -5735.41726  -0.3618648   0.7248693  -3.4731888 2026 01 14 14 35 41.84
0   8787.23604 -23169.54023  -5804.85294  -0.3630527   0.7346703  -3.4703977 2026 01 14 14 36 01.84
0   8779.96327 -23154.74893  -5874.23246  -0.3642093   0.7444693  -3.4675730 2026 01 14 14 36 21.84
0   8772.66767 -23139.76167  -5943.55515  -0.3653346   0.7542660  -3.4647148 2026 01 14 14 36 41.84
0   8765.34989 -23124.57850  -6012.82034  -0.3664285   0.7640603  -3.4618231 2026 01 14 14 37 01.84
0   8758.01053 -23109.19947  -6082.02736  -0.3674912   0.7738521  -3.4588978 2026 01 14 14 37 21.84
0   8750.65024 -23093.62463  -6151.17554  -0.3685225   0.7836411  -3.4559391 2026 01 14 14 37 41.84
0   8743.26963 -23077.85404  -6220.26421  -0.3695225   0.7934273  -3.4529469 2026 01 14 14 38 01.84
0   8735.86934 -23061.88776  -6289.29271  -0.3704913   0.8032103  -3.4499213 2026 01 14 14 38 21.84
0   8728.44998 -23045.72585  -6358.26036  -0.3714287   0.8129902  -3.4468623 2026 01 14 14 38 41.84
0   8721.01219 -23029.36838  -6427.16649  -0.3723348   0.8227667  -3.4437699 2026 01 14 14 39 01.84
0   8713.55658 -23012.81541  -6496.01045  -0.3732097   0.8325396  -3.4406442 2026 01 14 14 39 21.84
0   8706.08380 -22996.06702  -6564.79156  -0.3740532   0.8423088  -3.4374852 2026 01 14 14 39 41.84
0   8698.59446 -22979.12329  -6633.50915  -0.3748654   0.8520741  -3.4342929 2026 01 14 14 40 01.84
0   8691.08918 -22961.98429  -6702.16257  -0.3756464   0.8618354  -3.4310674 2026 01 14 14 40 21.84
0   8683.56860 -22944.65011  -6770.75115  -0.3763960   0.8715924  -3.4278087 2026 01 14 14 40 41.84
0   8676.03334 -22927.12084  -6839.27422  -0.3771144   0.8813451  -3.4245168 2026 01 14 14 41 01.84
0   8668.48402 -22909.39655  -6907.73112  -0.3778016   0.8910932  -3.4211917 2026 01 14 14 41 21.84
0   8660.92127 -22891.47735  -6976.12118  -0.3784574   0.9008366  -3.4178335 2026 01 14 14 41 41.84
0   8653.34572 -22873.36334  -7044.44376  -0.3790820   0.9105751  -3.4144423 2026 01 14 14 42 01.84
0   8645.75799 -22855.05460  -7112.69818  -0.3796754   0.9203085  -3.4110180 2026 01 14 14 42 21.84
0   8638.15870 -22836.55125  -7180.88378  -0.3802376   0.9300368  -3.4075607 2026 01 14 14 42 41.84
0   8630.54848 -22817.85338  -7248.99991  -0.3807685   0.9397597  -3.4040704 2026 01 14 14 43 01.84
0   8622.92796 -22798.96112  -7317.04590  -0.3812682   0.9494770  -3.4005471 2026 01 14 14 43 21.84
0   8615.29775 -22779.87456  -7385.02110  -0.3817367   0.9591886  -3.3969910 2026 01 14 14 43 41.84
0   8607.65848 -22760.59383  -7452.92484  -0.3821741   0.9688944  -3.3934019 2026 01 14 14 44 01.84
0   8600.01078 -22741.11905  -7520.75648  -0.3825803   0.9785941  -3.3897800 2026 01 14 14 44 21.84
0   8592.35527 -22721.45034  -7588.51535  -0.3829553   0.9882876  -3.3861253 2026 01 14 14 44 41.84
0   8584.69256 -22701.58782  -7656.20080  -0.3832991   0.9979747  -3.3824378 2026 01 14 14 45 01.84
0   8577.02330 -22681.53162  -7723.81217  -0.3836119   1.0076553  -3.3787176 2026 01 14 14 45 21.84
0   8569.34808 -22661.28188  -7791.34881  -0.3838936   1.0173292  -3.3749647 2026 01 14 14 45 41.84
0   8561.66755 -22640.83872  -7858.81007  -0.3841441   1.0269963  -3.3711791 2026 01 14 14 46 01.84
0   8553.98231 -22620.20230  -7926.19529  -0.3843636   1.0366563  -3.3673609 2026 01 14 14 46 21.84
0   8546.29300 -22599.37275  -7993.50382  -0.3845520   1.0463092  -3.3635101 2026 01 14 14 46 41.84
0   8538.60022 -22578.35022  -8060.73500  -0.3847094   1.0559546  -3.3596267 2026 01 14 14 47 01.84
0   8530.90461 -22557.13485  -8127.88820  -0.3848358   1.0655926  -3.3557108 2026 01 14 14 47 21.84
0   8523.20678 -22535.72680  -8194.96275  -0.3849312   1.0752229  -3.3517624 2026 01 14 14 47 41.84
0   8515.50735 -22514.12622  -8261.95801  -0.3849956   1.0848453  -3.3477816 2026 01 14 14 48 01.84
0   8507.80695 -22492.33328  -8328.87333  -0.3850291   1.0944598  -3.3437684 2026 01 14 14 48 21.84
0   8500.10618 -22470.34813  -8395.70806  -0.3850317   1.1040660  -3.3397228 2026 01 14 14 48 41.84
0   8492.40567 -22448.17094  -8462.46156  -0.3850033   1.1136639  -3.3356448 2026 01 14 14 49 01.84
0   8484.70604 -22425.80187  -8529.13317  -0.3849441   1.1232533  -3.3315346 2026 01 14 14 49 21.84
0   8477.00790 -22403.24110  -8595.72226  -0.3848540   1.1328341  -3.3273922 2026 01 14 14 49 41.84
0   8469.31187 -22380.48881  -8662.22818  -0.3847331   1.1424060  -3.3232175 2026 01 14 14 50 01.84
0   8461.61856 -22357.54517  -8728.65028  -0.3845814   1.1519690  -3.3190107 2026 01 14 14 50 21.84
0   8453.92860 -22334.41036  -8794.98793  -0.3843990   1.1615227  -3.3147717 2026 01 14 14 50 41.84
0   8446.24259 -22311.08457  -8861.24048  -0.3841857   1.1710672  -3.3105007 2026 01 14 14 51 01.84
0   8438.56115 -22287.56798  -8927.40728  -0.3839418   1.1806022  -3.3061976 2026 01 14 14 51 21.84
0   8430.88490 -22263.86080  -8993.48771  -0.3836672   1.1901276  -3.3018625 2026 01 14 14 51 41.84
0   8423.21445 -22239.96320  -9059.48111  -0.3833619   1.1996431  -3.2974955 2026 01 14 14 52 01.84
0   8415.55041 -22215.87539  -9125.38685  -0.3830260   1.2091487  -3.2930965 2026 01 14 14 52 21.84
0   8407.89340 -22191.59757  -9191.20430  -0.3826595   1.2186442  -3.2886657 2026 01 14 14 52 41.84
0   8400.24402 -22167.12995  -9256.93281  -0.3822625   1.2281293  -3.2842030 2026 01 14 14 53 01.84
0   8392.60288 -22142.47273  -9322.57175  -0.3818349   1.2376041  -3.2797086 2026 01 14 14 53 21.84
0   8384.97060 -22117.62612  -9388.12048  -0.3813768   1.2470682  -3.2751824 2026 01 14 14 53 41.84
0   8377.34779 -22092.59033  -9453.57837  -0.3808883   1.2565215  -3.2706245 2026 01 14 14 54 01.84
0   8369.73506 -22067.36559  -9518.94479  -0.3803694   1.2659640  -3.2660349 2026 01 14 14 54 21.84
0   8362.13300 -22041.95211  -9584.21911  -0.3798200   1.2753953  -3.2614138 2026 01 14 14 54 41.84
0   8354.54224 -22016.35012  -9649.40068  -0.3792403   1.2848153  -3.2567610 2026 01 14 14 55 01.84
0   8346.96337 -21990.55984  -9714.48888  -0.3786303   1.2942240  -3.2520768 2026 01 14 14 55 21.84
0   8339.39701 -21964.58150  -9779.48309  -0.3779900   1.3036211  -3.2473610 2026 01 14 14 55 41.84
0   8331.84375 -21938.41534  -9844.38266  -0.3773195   1.3130064  -3.2426139 2026 01 14 14 56 01.84
0   8324.30421 -21912.06159  -9909.18698  -0.3766188   1.3223799  -3.2378353 2026 01 14 14 56 21.84
0   8316.77898 -21885.52049  -9973.89541  -0.3758879   1.3317413  -3.2330255 2026 01 14 14 56 41.84
0   8309.26867 -21858.79229 -10038.50734  -0.3751269   1.3410905  -3.2281843 2026 01 14 14 57 01.84
0   8301.77389 -21831.87723 -10103.02213  -0.3743358   1.3504273  -3.2233119 2026 01 14 14 57 21.84
0   8294.29522 -21804.77556 -10167.43916  -0.3735146   1.3597516  -3.2184083 2026 01 14 14 57 41.84
0   8286.83328 -21777.48752 -10231.75780  -0.3726635   1.3690632  -3.2134735 2026 01 14 14 58 01.84
0   8279.38866 -21750.01339 -10295.97744  -0.3717825   1.3783620  -3.2085076 2026 01 14 14 58 21.84
0   8271.96196 -21722.35341 -10360.09745  -0.3708715   1.3876477  -3.2035107 2026 01 14 14 58 41.84
0   8264.55377 -21694.50785 -10424.11722  -0.3699306   1.3969203  -3.1984828 2026 01 14 14 59 01.84
0   8257.16471 -21666.47697 -10488.03611  -0.3689600   1.4061796  -3.1934239 2026 01 14 14 59 21.84
0   8249.79535 -21638.26103 -10551.85352  -0.3679596   1.4154254  -3.1883342 2026 01 14 14 59 41.84
0   8242.44630 -21609.86032 -10615.56883  -0.3669294   1.4246575  -3.1832135 2026 01 14 15 00 01.84
0   8235.11815 -21581.27511 -10679.18142  -0.3658696   1.4338759  -3.1780621 2026 01 14 15 00 21.84
0   8227.81149 -21552.50567 -10742.69067  -0.3647802   1.4430803  -3.1728799 2026 01 14 15 00 41.84
0   8220.52691 -21523.55228 -10806.09597  -0.3636612   1.4522706  -3.1676670 2026 01 14 15 01 01.84
0   8213.26501 -21494.41523 -10869.39670  -0.3625126   1.4614466  -3.1624235 2026 01 14 15 01 21.84
0   8206.02638 -21465.09480 -10932.59226  -0.3613346   1.4706083  -3.1571493 2026 01 14 15 01 41.84
0   8198.81160 -21435.59128 -10995.68203  -0.3601271   1.4797553  -3.1518446 2026 01 14 15 02 01.84
0   8191.62126 -21405.90498 -11058.66540  -0.3588903   1.4888876  -3.1465094 2026 01 14 15 02 21.84
0   8184.45596 -21376.03617 -11121.54177  -0.3576241   1.4980051  -3.1411437 2026 01 14 15 02 41.84
0   8177.31627 -21345.98517 -11184.31051  -0.3563287   1.5071074  -3.1357477 2026 01 14 15 03 01.84
0   8170.20278 -21315.75227 -11246.97104  -0.3550041   1.5161946  -3.1303213 2026 01 14 15 03 21.84
0   8163.11607 -21285.33778 -11309.52273  -0.3536503   1.5252665  -3.1248646 2026 01 14 15 03 41.84
0   8156.05673 -21254.74201 -11371.96498  -0.3522673   1.5343228  -3.1193777 2026 01 14 15 04 01.84
0   8149.02534 -21223.96527 -11434.29720  -0.3508554   1.5433635  -3.1138606 2026 01 14 15 04 21.84
0   8142.02248 -21193.00787 -11496.51877  -0.3494144   1.5523884  -3.1083133 2026 01 14 15 04 41.84
0   8135.04873 -21161.87014 -11558.62910  -0.3479445   1.5613973  -3.1027360 2026 01 14 15 05 01.84
0   8128.10466 -21130.55239 -11620.62758  -0.3464457   1.5703901  -3.0971287 2026 01 14 15 05 21.84
0   8121.19086 -21099.05495 -11682.51362  -0.3449181   1.5793667  -3.0914914 2026 01 14 15 05 41.84
0   8114.30790 -21067.37814 -11744.28661  -0.3433618   1.5883268  -3.0858242 2026 01 14 15 06 01.84
0   8107.45635 -21035.52229 -11805.94596  -0.3417767   1.5972703  -3.0801271 2026 01 14 15 06 21.84
0   8100.63679 -21003.48774 -11867.49106  -0.3401630   1.6061971  -3.0744002 2026 01 14 15 06 41.84
0   8093.84980 -20971.27483 -11928.92134  -0.3385207   1.6151070  -3.0686436 2026 01 14 15 07 01.84
0   8087.09593 -20938.88388 -11990.23618  -0.3368498   1.6239999  -3.0628573 2026 01 14 15 07 21.84
0   8080.37576 -20906.31525 -12051.43501  -0.3351506   1.6328757  -3.0570413 2026 01 14 15 07 41.84
0   8073.68986 -20873.56928 -12112.51721  -0.3334229   1.6417340  -3.0511958 2026 01 14 15 08 01.84
0   8067.03880 -20840.64632 -12173.48222  -0.3316669   1.6505750  -3.0453208 2026 01 14 15 08 21.84
0   8060.42314 -20807.54672 -12234.32943  -0.3298826   1.6593982  -3.0394163 2026 01 14 15 08 41.84
0   8053.84345 -20774.27083 -12295.05825  -0.3280701   1.6682037  -3.0334824 2026 01 14 15 09 01.84
0   8047.30029 -20740.81900 -12355.66810  -0.3262295   1.6769913  -3.0275191 2026 01 14 15 09 21.84
0   8040.79423 -20707.19161 -12416.15840  -0.3243608   1.6857608  -3.0215266 2026 01 14 15 09 41.84
0   8034.32582 -20673.38901 -12476.52855  -0.3224641   1.6945121  -3.0155048 2026 01 14 15 10 01.84
0   8027.89562 -20639.41157 -12536.77798  -0.3205394   1.7032450  -3.0094539 2026 01 14 15 10 21.84
0   8021.50419 -20605.25966 -12596.90609  -0.3185869   1.7119593  -3.0033738 2026 01 14 15 10 41.84
0   8015.15209 -20570.93364 -12656.91232  -0.3166066   1.7206550  -2.9972647 2026 01 14 15 11 01.84
0   8008.83987 -20536.43391 -12716.79607  -0.3145986   1.7293319  -2.9911266 2026 01 14 15 11 21.84
0   8002.56810 -20501.76082 -12776.55677  -0.3125629   1.7379898  -2.9849596 2026 01 14 15 11 41.84
0   7996.33731 -20466.91477 -12836.19385  -0.3104996   1.7466286  -2.9787637 2026 01 14 15 12 01.84
0   7990.14806 -20431.89613 -12895.70672  -0.3084088   1.7552482  -2.9725389 2026 01 14 15 12 21.84
0   7984.00090 -20396.70530 -12955.09480  -0.3062905   1.7638483  -2.9662855 2026 01 14 15 12 41.84
0   7977.89639 -20361.34266 -13014.35753  -0.3041449   1.7724289  -2.9600033 2026 01 14 15 13 01.84
0   7971.83505 -20325.80860 -13073.49433  -0.3019719   1.7809898  -2.9536925 2026 01 14 15 13 21.84
0   7965.81745 -20290.10353 -13132.50463  -0.2997718   1.7895309  -2.9473531 2026 01 14 15 13 41.84
0   7959.84413 -20254.22783 -13191.38786  -0.2975444   1.7980520  -2.9409853 2026 01 14 15 14 01.84
0   7953.91562 -20218.18191 -13250.14344  -0.2952900   1.8065529  -2.9345890 2026 01 14 15 14 21.84
0   7948.03247 -20181.96618 -13308.77082  -0.2930086   1.8150336  -2.9281643 2026 01 14 15 14 41.84
0   7942.19521 -20145.58104 -13367.26942  -0.2907003   1.8234939  -2.9217112 2026 01 14 15 15 01.84
0   7936.40440 -20109.02690 -13425.63867  -0.2883651   1.8319336  -2.9152300 2026 01 14 15 15 21.84
0   7930.66055 -20072.30417 -13483.87802  -0.2860032   1.8403526  -2.9087205 2026 01 14 15 15 41.84
0   7924.96421 -20035.41328 -13541.98690  -0.2836145   1.8487508  -2.9021829 2026 01 14 15 16 01.84
0   7919.31591 -19998.35462 -13599.96475  -0.2811992   1.8571280  -2.8956173 2026 01 14 15 16 21.84
0   7913.71617 -19961.12864 -13657.81101  -0.2787574   1.8654841  -2.8890236 2026 01 14 15 16 41.84
0   7908.16554 -19923.73575 -13715.52511  -0.2762892   1.8738189  -2.8824020 2026 01 14 15 17 01.84
0   7902.66454 -19886.17637 -13773.10650  -0.2737945   1.8821323  -2.8757525 2026 01 14 15 17 21.84
0   7897.21370 -19848.45094 -13830.55463  -0.2712736   1.8904241  -2.8690753 2026 01 14 15 17 41.84
0   7891.81353 -19810.55990 -13887.86893  -0.2687265   1.8986943  -2.8623702 2026 01 14 15 18 01.84
0   7886.46457 -19772.50367 -13945.04885  -0.2661532   1.9069426  -2.8556375 2026 01 14 15 18 21.84
0   7881.16733 -19734.28269 -14002.09385  -0.2635539   1.9151690  -2.8488772 2026 01 14 15 18 41.84
0   7875.92234 -19695.89740 -14059.00337  -0.2609286   1.9233733  -2.8420894 2026 01 14 15 19 01.84
0   7870.73012 -19657.34825 -14115.77685  -0.2582775   1.9315553  -2.8352741 2026 01 14 15 19 21.84
0   7865.59117 -19618.63569 -14172.41375  -0.2556005   1.9397150  -2.8284313 2026 01 14 15 19 41.84
0   7860.50602 -19579.76016 -14228.91353  -0.2528978   1.9478522  -2.8215612 2026 01 14 15 20 01.84
0   7855.47518 -19540.72211 -14285.27563  -0.2501696   1.9559667  -2.8146639 2026 01 14 15 20 21.84
0   7850.49917 -19501.52200 -14341.49951  -0.2474157   1.9640584  -2.8077393 2026 01 14 15 20 41.84
0   7845.57848 -19462.16028 -14397.58463  -0.2446365   1.9721272  -2.8007876 2026 01 14 15 21 01.84
0   7840.71363 -19422.63742 -14453.53045  -0.2418318   1.9801729  -2.7938088 2026 01 14 15 21 21.84
0   7835.90513 -19382.95388 -14509.33641  -0.2390019   1.9881954  -2.7868030 2026 01 14 15 21 41.84
0   7831.15348 -19343.11012 -14565.00200  -0.2361468   1.9961946  -2.7797702 2026 01 14 15 22 01.84
0   7826.45918 -19303.10662 -14620.52666  -0.2332667   2.0041704  -2.7727106 2026 01 14 15 22 21.84
0   7821.82273 -19262.94383 -14675.90986  -0.2303615   2.0121225  -2.7656242 2026 01 14 15 22 41.84
0   7817.24463 -19222.62224 -14731.15107  -0.2274314   2.0200509  -2.7585111 2026 01 14 15 23 01.84
0   7812.72539 -19182.14231 -14786.24975  -0.2244765   2.0279555  -2.7513713 2026 01 14 15 23 21.84
0   7808.26549 -19141.50454 -14841.20536  -0.2214968   2.0358361  -2.7442049 2026 01 14 15 23 41.84
0   7803.86543 -19100.70940 -14896.01738  -0.2184925   2.0436925  -2.7370119 2026 01 14 15 24 01.84
0   7799.52571 -19059.75737 -14950.68528  -0.2154637   2.0515247  -2.7297926 2026 01 14 15 24 21.84
0   7795.24680 -19018.64895 -15005.20853  -0.2124104   2.0593324  -2.7225468 2026 01 14 15 24 41.84
0   7791.02920 -18977.38461 -15059.58660  -0.2093328   2.0671157  -2.7152747 2026 01 14 15 25 01.84
0   7786.87340 -18935.96485 -15113.81897  -0.2062309   2.0748743  -2.7079764 2026 01 14 15 25 21.84
0   7782.77988 -18894.39017 -15167.90511  -0.2031048   2.0826082  -2.7006520 2026 01 14 15 25 41.84
0   7778.74912 -18852.66107 -15221.84450  -0.1999546   2.0903171  -2.6933014 2026 01 14 15 26 01.84
0   7774.78160 -18810.77803 -15275.63662  -0.1967805   2.0980010  -2.6859248 2026 01 14 15 26 21.84
0   7770.87780 -18768.74157 -15329.28095  -0.1935825   2.1056597  -2.6785222 2026 01 14 15 26 41.84
0   7767.03821 -18726.55219 -15382.77697  -0.1903608   2.1132931  -2.6710938 2026 01 14 15 27 01.84
0   7763.26328 -18684.21039 -15436.12416  -0.1871153   2.1209012  -2.6636396 2026 01 14 15 27 21.84
0   7759.55350 -18641.71669 -15489.32202  -0.1838463   2.1284836  -2.6561596 2026 01 14 15 27 41.84
0   7755.90933 -18599.07160 -15542.37001  -0.1805537   2.1360404  -2.6486539 2026 01 14 15 28 01.84
0   7752.33125 -18556.27563 -15595.26764  -0.1772378   2.1435714  -2.6411227 2026 01 14 15 28 21.84
0   7748.81972 -18513.32930 -15648.01439  -0.1738986   2.1510765  -2.6335660 2026 01 14 15 28 41.84
0   7745.37520 -18470.23313 -15700.60974  -0.1705363   2.1585555  -2.6259838 2026 01 14 15 29 01.84
0   7741.99817 -18426.98764 -15753.05321  -0.1671508   2.1660083  -2.6183762 2026 01 14 15 29 21.84
0   7738.68907 -18383.59335 -15805.34426  -0.1637424   2.1734349  -2.6107434 2026 01 14 15 29 41.84
0   7735.44837 -18340.05080 -15857.48241  -0.1603110   2.1808350  -2.6030853 2026 01 14 15 30 01.84
0   7732.27652 -18296.36052 -15909.46715  -0.1568569   2.1882086  -2.5954021 2026 01 14 15 30 21.84
0   7729.17399 -18252.52302 -15961.29798  -0.1533802   2.1955555  -2.5876938 2026 01 14 15 30 41.84
0   7726.14121 -18208.53886 -16012.97438  -0.1498808   2.2028757  -2.5799606 2026 01 14 15 31 01.84
0   7723.17864 -18164.40857 -16064.49588  -0.1463590   2.2101689  -2.5722024 2026 01 14 15 31 21.84
0   7720.28674 -18120.13268 -16115.86196  -0.1428149   2.2174351  -2.5644194 2026 01 14 15 31 41.84
0   7717.46594 -18075.71174 -16167.07213  -0.1392485   2.2246741  -2.5566116 2026 01 14 15 32 01.84
0   7714.71669 -18031.14629 -16218.12591  -0.1356599   2.2318859  -2.5487791 2026 01 14 15 32 21.84
0   7712.03943 -17986.43688 -16269.02278  -0.1320493   2.2390703  -2.5409220 2026 01 14 15 32 41.84
0   7709.43460 -17941.58405 -16319.76227  -0.1284168   2.2462272  -2.5330403 2026 01 14 15 33 01.84
0   7706.90264 -17896.58837 -16370.34389  -0.1247624   2.2533565  -2.5251342 2026 01 14 15 33 21.84
0   7704.44399 -17851.45038 -16420.76713  -0.1210864   2.2604580  -2.5172038 2026 01 14 15 33 41.84
0   7702.05907 -17806.17064 -16471.03153  -0.1173887   2.2675316  -2.5092490 2026 01 14 15 34 01.84
0   7699.74832 -17760.74970 -16521.13659  -0.1136695   2.2745773  -2.5012700 2026 01 14 15 34 21.84
0   7697.51217 -17715.18813 -16571.08182  -0.1099289   2.2815949  -2.4932668 2026 01 14 15 34 41.84
0   7695.35105 -17669.48649 -16620.86676  -0.1061671   2.2885843  -2.4852396 2026 01 14 15 35 01.84
0   7693.26537 -17623.64535 -16670.49091  -0.1023841   2.2955453  -2.4771884 2026 01 14 15 35 21.84
0   7691.25556 -17577.66527 -16719.95379  -0.0985800   2.3024780  -2.4691132 2026 01 14 15 35 41.84
0   7689.32204 -17531.54683 -16769.25494  -0.0947550   2.3093820  -2.4610143 2026 01 14 15 36 01.84
0   7687.46524 -17485.29059 -16818.39387  -0.0909091   2.3162575  -2.4528915 2026 01 14 15 36 21.84
0   7685.68555 -17438.89713 -16867.37011  -0.0870425   2.3231041  -2.4447451 2026 01 14 15 36 41.84
0   7683.98341 -17392.36702 -16916.18318  -0.0831553   2.3299218  -2.4365751 2026 01 14 15 37 01.84
0   7682.35921 -17345.70086 -16964.83262  -0.0792476   2.3367106  -2.4283816 2026 01 14 15 37 21.84
0   7680.81337 -17298.89920 -17013.31796  -0.0753196   2.3434702  -2.4201647 2026 01 14 15 37 41.84
0   7679.34630 -17251.96265 -17061.63872  -0.0713712   2.3502006  -2.4119243 2026 01 14 15 38 01.84
0   7677.95839 -17204.89179 -17109.79445  -0.0674027   2.3569017  -2.4036608 2026 01 14 15 38 21.84
0   7676.65006 -17157.68719 -17157.78467  -0.0634142   2.3635733  -2.3953740 2026 01 14 15 38 41.84
0   7675.42169 -17110.34946 -17205.60893  -0.0594058   2.3702154  -2.3870641 2026 01 14 15 39 01.84
0   7674.27369 -17062.87919 -17253.26675  -0.0553775   2.3768279  -2.3787312 2026 01 14 15 39 21.84
0   7673.20645 -17015.27696 -17300.75770  -0.0513296   2.3834105  -2.3703753 2026 01 14 15 39 41.84
0   7672.22037 -16967.54338 -17348.08129  -0.0472621   2.3899633  -2.3619965 2026 01 14 15 40 01.84
0   7671.31583 -16919.67905 -17395.23708  -0.0431751   2.3964861  -2.3535950 2026 01 14 15 40 21.84
0   7670.49322 -16871.68456 -17442.22462  -0.0390688   2.4029789  -2.3451708 2026 01 14 15 40 41.84
0   7669.75293 -16823.56051 -17489.04344  -0.0349433   2.4094414  -2.3367239 2026 01 14 15 41 01.84
0   7669.09534 -16775.30752 -17535.69311  -0.0307987   2.4158736  -2.3282545 2026 01 14 15 41 21.84
0   7668.52084 -16726.92619 -17582.17316  -0.0266351   2.4222755  -2.3197626 2026 01 14 15 41 41.84
0   7668.02979 -16678.41713 -17628.48315  -0.0224527   2.4286468  -2.3112484 2026 01 14 15 42 01.84
0   7667.62258 -16629.78095 -17674.62263  -0.0182515   2.4349876  -2.3027118 2026 01 14 15 42 21.84
0   7667.29958 -16581.01825 -17720.59116  -0.0140317   2.4412976  -2.2941531 2026 01 14 15 42 41.84
0   7667.06116 -16532.12967 -17766.38829  -0.0097935   2.4475768  -2.2855722 2026 01 14 15 43 01.84
0   7666.90769 -16483.11581 -17812.01359  -0.0055368   2.4538251  -2.2769693 2026 01 14 15 43 21.84
0   7666.83954 -16433.97730 -17857.46661  -0.0012619   2.4600424  -2.2683444 2026 01 14 15 43 41.84
0   7666.85707 -16384.71475 -17902.74692   0.0030311   2.4662286  -2.2596977 2026 01 14 15 44 01.84
0   7666.96063 -16335.32880 -17947.85407   0.0073422   2.4723835  -2.2510292 2026 01 14 15 44 21.84
0   7667.15060 -16285.82005 -17992.78763   0.0116711   2.4785072  -2.2423389 2026 01 14 15 44 41.84
0   7667.42732 -16236.18915 -18037.54718   0.0160178   2.4845994  -2.2336271 2026 01 14 15 45 01.84
0   7667.79115 -16186.43672 -18082.13227   0.0203821   2.4906602  -2.2248937 2026 01 14 15 45 21.84
0   7668.24244 -16136.56338 -18126.54248   0.0247639   2.4966893  -2.2161389 2026 01 14 15 45 41.84
0   7668.78155 -16086.56979 -18170.77738   0.0291631   2.5026867  -2.2073627 2026 01 14 15 46 01.84
0   7669.40881 -16036.45656 -18214.83655   0.0335795   2.5086524  -2.1985652 2026 01 14 15 46 21.84
0   7670.12457 -15986.22434 -18258.71955   0.0380131   2.5145861  -2.1897465 2026 01 14 15 46 41.84
0   7670.92917 -15935.87376 -18302.42597   0.0424637   2.5204879  -2.1809068 2026 01 14 15 47 01.84
0   7671.82295 -15885.40547 -18345.95539   0.0469312   2.5263576  -2.1720460 2026 01 14 15 47 21.84
0   7672.80625 -15834.82011 -18389.30738   0.0514154   2.5321951  -2.1631642 2026 01 14 15 47 41.84
0   7673.87940 -15784.11832 -18432.48153   0.0559163   2.5380003  -2.1542617 2026 01 14 15 48 01.84
0   7675.04273 -15733.30076 -18475.47742   0.0604336   2.5437732  -2.1453383 2026 01 14 15 48 21.84
0   7676.29657 -15682.36805 -18518.29464   0.0649673   2.5495136  -2.1363943 2026 01 14 15 48 41.84
0   7677.64125 -15631.32087 -18560.93277   0.0695173   2.5552215  -2.1274298 2026 01 14 15 49 01.84
0   7679.07709 -15580.15985 -18603.39141   0.0740833   2.5608968  -2.1184447 2026 01 14 15 49 21.84
0   7680.60441 -15528.88566 -18645.67014   0.0786654   2.5665393  -2.1094392 2026 01 14 15 49 41.84
0   7682.22353 -15477.49894 -18687.76856   0.0832632   2.5721491  -2.1004134 2026 01 14 15 50 01.84
0   7683.93476 -15426.00036 -18729.68626   0.0878768   2.5777259  -2.0913673 2026 01 14 15 50 21.84
0   7685.73842 -15374.39057 -18771.42283   0.0925060   2.5832698  -2.0823011 2026 01 14 15 50 41.84
0   7687.63482 -15322.67023 -18812.97789   0.0971507   2.5887806  -2.0732149 2026 01 14 15 51 01.84
0   7689.62427 -15270.84001 -18854.35102   0.1018107   2.5942582  -2.0641087 2026 01 14 15 51 21.84
0   7691.70707 -15218.90057 -18895.54183   0.1064858   2.5997026  -2.0549826 2026 01 14 15 51 41.84
0   7693.88352 -15166.85258 -18936.54992   0.1111761   2.6051136  -2.0458367 2026 01 14 15 52 01.84
0   7696.15393 -15114.69670 -18977.37489   0.1158812   2.6104912  -2.0366712 2026 01 14 15 52 21.84
0   7698.51859 -15062.43360 -19018.01636   0.1206012   2.6158354  -2.0274860 2026 01 14 15 52 41.84
0   7700.97779 -15010.06396 -19058.47393   0.1253358   2.6211459  -2.0182813 2026 01 14 15 53 01.84
0   7703.53183 -14957.58844 -19098.74722   0.1300850   2.6264228  -2.0090571 2026 01 14 15 53 21.84
0   7706.18100 -14905.00772 -19138.83582   0.1348485   2.6316660  -1.9998136 2026 01 14 15 53 41.84
0   7708.92558 -14852.32248 -19178.73937   0.1396263   2.6368753  -1.9905509 2026 01 14 15 54 01.84
0   7711.76586 -14799.53339 -19218.45747   0.1444183   2.6420507  -1.9812690 2026 01 14 15 54 21.84
0   7714.70212 -14746.64114 -19257.98974   0.1492242   2.6471921  -1.9719681 2026 01 14 15 54 41.84
0   7717.73463 -14693.64639 -19297.33580   0.1540440   2.6522995  -1.9626481 2026 01 14 15 55 01.84
0   7720.86368 -14640.54984 -19336.49528   0.1588775   2.6573727  -1.9533093 2026 01 14 15 55 21.84
0   7724.08954 -14587.35217 -19375.46779   0.1637246   2.6624117  -1.9439517 2026 01 14 15 55 41.84
0   7727.41247 -14534.05406 -19414.25296   0.1685852   2.6674164  -1.9345754 2026 01 14 15 56 01.84
0   7730.83274 -14480.65620 -19452.85043   0.1734590   2.6723867  -1.9251804 2026 01 14 15 56 21.84
0   7734.35063 -14427.15928 -19491.25980   0.1783461   2.6773225  -1.9157670 2026 01 14 15 56 41.84
0   7737.96638 -14373.56399 -19529.48073   0.1832462   2.6822239  -1.9063351 2026 01 14 15 57 01.84
0   7741.68027 -14319.87102 -19567.51283   0.1881591   2.6870906  -1.8968848 2026 01 14 15 57 21.84
0   7745.49254 -14266.08106 -19605.35575   0.1930849   2.6919226  -1.8874164 2026 01 14 15 57 41.84
0   7749.40346 -14212.19481 -19643.00912   0.1980233   2.6967199  -1.8779297 2026 01 14 15 58 01.84
0   7753.41327 -14158.21296 -19680.47257   0.2029741   2.7014824  -1.8684251 2026 01 14 15 58 21.84
0   7757.52222 -14104.13621 -19717.74576   0.2079373   2.7062100  -1.8589024 2026 01 14 15 58 41.84
0   7761.73055 -14049.96526 -19754.82831   0.2129127   2.7109026  -1.8493619 2026 01 14 15 59 01.84
0   7766.03851 -13995.70080 -19791.71987   0.2179002   2.7155602  -1.8398036 2026 01 14 15 59 21.84
0   7770.44634 -13941.34355 -19828.42009   0.2228996   2.7201826  -1.8302276 2026 01 14 15 59 41.84
0   7774.95428 -13886.89420 -19864.92862   0.2279108   2.7247699  -1.8206340 2026 01 14 16 00 01.84
0   7779.56256 -13832.35345 -19901.24510   0.2329337   2.7293220  -1.8110229 2026 01 14 16 00 21.84
0   7784.27141 -13777.72202 -19937.36918   0.2379681   2.7338387  -1.8013944 2026 01 14 16 00 41.84
0   7789.08107 -13723.00061 -19973.30052   0.2430138   2.7383201  -1.7917485 2026 01 14 16 01 01.84
0   7793.99175 -13668.18993 -20009.03878   0.2480708   2.7427660  -1.7820855 2026 01 14 16 01 21.84
0   7799.00368 -13613.29068 -20044.58360   0.2531388   2.7471764  -1.7724053 2026 01 14 16 01 41.84
0   7804.11708 -13558.30358 -20079.93465   0.2582178   2.7515512  -1.7627082 2026 01 14 16 02 01.84
0   7809.33216 -13503.22934 -20115.09158   0.2633076   2.7558904  -1.7529940 2026 01 14 16 02 21.84
0   7814.64915 -13448.06867 -20150.05407   0.2684080   2.7601938  -1.7432631 2026 01 14 16 02 41.84
0   7820.06826 -13392.82230 -20184.82177   0.2735190   2.7644615  -1.7335153 2026 01 14 16 03 01.84
0   7825.58969 -13337.49093 -20219.39435   0.2786404   2.7686934  -1.7237510 2026 01 14 16 03 21.84
0   7831.21364 -13282.07527 -20253.77148   0.2837720   2.7728894  -1.7139701 2026 01 14 16 03 41.84
0   7836.94033 -13226.57606 -20287.95282   0.2889136   2.7770494  -1.7041727 2026 01 14 16 04 01.84
0   7842.76996 -13170.99401 -20321.93805   0.2940652   2.7811734  -1.6943589 2026 01 14 16 04 21.84
0   7848.70271 -13115.32984 -20355.72685   0.2992267   2.7852613  -1.6845289 2026 01 14 16 04 41.84
0   7854.73879 -13059.58428 -20389.31889   0.3043977   2.7893131  -1.6746827 2026 01 14 16 05 01.84
0   7860.87838 -13003.75804 -20422.71384   0.3095783   2.7933287  -1.6648205 2026 01 14 16 05 21.84
0   7867.12169 -12947.85185 -20455.91139   0.3147683   2.7973081  -1.6549422 2026 01 14 16 05 41.84
0   7873.46888 -12891.86643 -20488.91121   0.3199675   2.8012512  -1.6450481 2026 01 14 16 06 01.84
0   7879.92014 -12835.80252 -20521.71300   0.3251757   2.8051579  -1.6351381 2026 01 14 16 06 21.84
0   7886.47567 -12779.66084 -20554.31642   0.3303929   2.8090281  -1.6252125 2026 01 14 16 06 41.84
0   7893.13562 -12723.44212 -20586.72119   0.3356189   2.8128619  -1.6152713 2026 01 14 16 07 01.84
0   7899.90018 -12667.14709 -20618.92697   0.3408536   2.8166592  -1.6053146 2026 01 14 16 07 21.84
0   7906.76952 -12610.77648 -20650.93347   0.3460967   2.8204199  -1.5953425 2026 01 14 16 07 41.84
0   7913.74380 -12554.33102 -20682.74037   0.3513482   2.8241440  -1.5853551 2026 01 14 16 08 01.84
0   7920.82320 -12497.81144 -20714.34737   0.3566079   2.8278314  -1.5753525 2026 01 14 16 08 21.84
0   7928.00787 -12441.21849 -20745.75417   0.3618756   2.8314820  -1.5653348 2026 01 14 16 08 41.84
0   7935.29797 -12384.55289 -20776.96046   0.3671513   2.8350959  -1.5553020 2026 01 14 16 09 01.84
0   7942.69367 -12327.81538 -20807.96595   0.3724347   2.8386729  -1.5452544 2026 01 14 16 09 21.84
0   7950.19511 -12271.00670 -20838.77035   0.3777258   2.8422131  -1.5351919 2026 01 14 16 09 41.84
0   7957.80244 -12214.12759 -20869.37334   0.3830243   2.8457163  -1.5251147 2026 01 14 16 10 01.84
0   7965.51582 -12157.17878 -20899.77465   0.3883301   2.8491825  -1.5150229 2026 01 14 16 10 21.84
0   7973.33539 -12100.16102 -20929.97397   0.3936432   2.8526117  -1.5049166 2026 01 14 16 10 41.84
0   7981.26129 -12043.07505 -20959.97103   0.3989632   2.8560039  -1.4947959 2026 01 14 16 11 01.84
0   7989.29366 -11985.92160 -20989.76553   0.4042901   2.8593589  -1.4846608 2026 01 14 16 11 21.84
0   7997.43263 -11928.70143 -21019.35718   0.4096238   2.8626768  -1.4745115 2026 01 14 16 11 41.84
0   8005.67835 -11871.41527 -21048.74571   0.4149640   2.8659574  -1.4643481 2026 01 14 16 12 01.84
0   8014.03093 -11814.06387 -21077.93083   0.4203107   2.8692008  -1.4541707 2026 01 14 16 12 21.84
0   8022.49051 -11756.64797 -21106.91227   0.4256637   2.8724069  -1.4439793 2026 01 14 16 12 41.84
0   8031.05721 -11699.16833 -21135.68973   0.4310228   2.8755757  -1.4337741 2026 01 14 16 13 01.84
0   8039.73116 -11641.62568 -21164.26296   0.4363879   2.8787071  -1.4235552 2026 01 14 16 13 21.84
0   8048.51246 -11584.02079 -21192.63168   0.4417588   2.8818010  -1.4133226 2026 01 14 16 13 41.84
0   8057.40124 -11526.35438 -21220.79560   0.4471355   2.8848576  -1.4030765 2026 01 14 16 14 01.84
0   8066.39761 -11468.62723 -21248.75448   0.4525176   2.8878766  -1.3928170 2026 01 14 16 14 21.84
0   8075.50167 -11410.84006 -21276.50803   0.4579052   2.8908581  -1.3825442 2026 01 14 16 14 41.84
0   8084.71354 -11352.99365 -21304.05599   0.4632980   2.8938020  -1.3722581 2026 01 14 16 15 01.84
0   8094.03331 -11295.08873 -21331.39810   0.4686959   2.8967083  -1.3619589 2026 01 14 16 15 21.84
0   8103.46110 -11237.12606 -21358.53409   0.4740987   2.8995770  -1.3516467 2026 01 14 16 15 41.84
0   8112.99698 -11179.10639 -21385.46372   0.4795063   2.9024080  -1.3413215 2026 01 14 16 16 01.84
0   8122.64107 -11121.03048 -21412.18671   0.4849186   2.9052013  -1.3309835 2026 01 14 16 16 21.84
0   8132.39344 -11062.89909 -21438.70281   0.4903353   2.9079568  -1.3206328 2026 01 14 16 16 41.84
0   8142.25420 -11004.71296 -21465.01178   0.4957564   2.9106745  -1.3102695 2026 01 14 16 17 01.84
0   8152.22342 -10946.47285 -21491.11335   0.5011817   2.9133545  -1.2998936 2026 01 14 16 17 21.84
0   8162.30118 -10888.17953 -21517.00728   0.5066110   2.9159966  -1.2895053 2026 01 14 16 17 41.84
0   8172.48757 -10829.83374 -21542.69333   0.5120442   2.9186008  -1.2791047 2026 01 14 16 18 01.84
0   8182.78267 -10771.43625 -21568.17124   0.5174812   2.9211671  -1.2686918 2026 01 14 16 18 21.84
0   8193.18653 -10712.98781 -21593.44077   0.5229217   2.9236955  -1.2582669 2026 01 14 16 18 41.84
0   8203.69924 -10654.48918 -21618.50169   0.5283657   2.9261859  -1.2478299 2026 01 14 16 19 01.84
0   8214.32087 -10595.94112 -21643.35375   0.5338129   2.9286383  -1.2373810 2026 01 14 16 19 21.84
0   8225.05147 -10537.34440 -21667.99671   0.5392633   2.9310527  -1.2269203 2026 01 14 16 19 41.84
0   8235.89110 -10478.69977 -21692.43034   0.5447166   2.9334290  -1.2164479 2026 01 14 16 20 01.84
0   8246.83984 -10420.00799 -21716.65441   0.5501728   2.9357673  -1.2059639 2026 01 14 16 20 21.84
0   8257.89772 -10361.26983 -21740.66868   0.5556317   2.9380675  -1.1954683 2026 01 14 16 20 41.84
0   8269.06480 -10302.48605 -21764.47293   0.5610930   2.9403296  -1.1849614 2026 01 14 16 21 01.84
0   8280.34114 -10243.65740 -21788.06692   0.5665568   2.9425535  -1.1744431 2026 01 14 16 21 21.84
0   8291.72677 -10184.78467 -21811.45044   0.5720227   2.9447392  -1.1639137 2026 01 14 16 21 41.84
0   8303.22175 -10125.86859 -21834.62326   0.5774908   2.9468868  -1.1533731 2026 01 14 16 22 01.84
0   8314.82610 -10066.90995 -21857.58516   0.5829607   2.9489961  -1.1428215 2026 01 14 16 22 21.84
0   8326.53987 -10007.90951 -21880.33592   0.5884324   2.9510672  -1.1322591 2026 01 14 16 22 41.84
0   8338.36309  -9948.86802 -21902.87533   0.5939057   2.9531001  -1.1216858 2026 01 14 16 23 01.84
0   8350.29579  -9889.78626 -21925.20316   0.5993805   2.9550947  -1.1111019 2026 01 14 16 23 21.84
0   8362.33800  -9830.66499 -21947.31921   0.6048566   2.9570510  -1.1005074 2026 01 14 16 23 41.84
0   8374.48974  -9771.50498 -21969.22327   0.6103338   2.9589690  -1.0899024 2026 01 14 16 24 01.84
0   8386.75104  -9712.30699 -21990.91512   0.6158120   2.9608486  -1.0792870 2026 01 14 16 24 21.84
0   8399.12191  -9653.07180 -22012.39456   0.6212911   2.9626899  -1.0686613 2026 01 14 16 24 41.84
0   8411.60237  -9593.80016 -22033.66139   0.6267709   2.9644929  -1.0580255 2026 01 14 16 25 01.84
0   8424.19243  -9534.49284 -22054.71540   0.6322512   2.9662575  -1.0473796 2026 01 14 16 25 21.84
0   8436.89210  -9475.15062 -22075.55639   0.6377319   2.9679837  -1.0367237 2026 01 14 16 25 41.84
0   8449.70139  -9415.77425 -22096.18417   0.6432128   2.9696715  -1.0260580 2026 01 14 16 26 01.84
0   8462.62029  -9356.36452 -22116.59854   0.6486938   2.9713209  -1.0153825 2026 01 14 16 26 21.84
0   8475.64882  -9296.92218 -22136.79930   0.6541747   2.9729319  -1.0046974 2026 01 14 16 26 41.84
0   8488.78696  -9237.44800 -22156.78626   0.6596554   2.9745044  -0.9940027 2026 01 14 16 27 01.84
0   8502.03471  -9177.94276 -22176.55924   0.6651358   2.9760385  -0.9832985 2026 01 14 16 27 21.84
0   8515.39207  -9118.40722 -22196.11804   0.6706156   2.9775342  -0.9725850 2026 01 14 16 27 41.84
0   8528.85901  -9058.84216 -22215.46248   0.6760947   2.9789914  -0.9618623 2026 01 14 16 28 01.84
0   8542.43553  -8999.24833 -22234.59237   0.6815730   2.9804101  -0.9511304 2026 01 14 16 28 21.84
0   8556.12160  -8939.62652 -22253.50754   0.6870503   2.9817903  -0.9403895 2026 01 14 16 28 41.84
0   8569.91721  -8879.97749 -22272.20780   0.6925265   2.9831321  -0.9296397 2026 01 14 16 29 01.84
0   8583.82233  -8820.30200 -22290.69297   0.6980013   2.9844353  -0.9188811 2026 01 14 16 29 21.84
0   8597.83693  -8760.60084 -22308.96289   0.7034747   2.9857001  -0.9081137 2026 01 14 16 29 41.84
0   8611.96099  -8700.87476 -22327.01737   0.7089465   2.9869263  -0.8973378 2026 01 14 16 30 01.84
0   8626.19446  -8641.12455 -22344.85626   0.7144166   2.9881141  -0.8865533 2026 01 14 16 30 21.84
0   8640.53731  -8581.35096 -22362.47936   0.7198847   2.9892634  -0.8757604 2026 01 14 16 30 41.84
0   8654.98951  -8521.55478 -22379.88653   0.7253508   2.9903741  -0.8649592 2026 01 14 16 31 01.84
0   8669.55101  -8461.73677 -22397.07759   0.7308147   2.9914463  -0.8541499 2026 01 14 16 31 21.84
0   8684.22176  -8401.89769 -22414.05239   0.7362762   2.9924800  -0.8433324 2026 01 14 16 31 41.84
0   8699.00172  -8342.03833 -22430.81076   0.7417352   2.9934753  -0.8325070 2026 01 14 16 32 01.84
0   8713.89083  -8282.15945 -22447.35254   0.7471915   2.9944319  -0.8216736 2026 01 14 16 32 21.84
0   8728.88903  -8222.26182 -22463.67757   0.7526450   2.9953501  -0.8108325 2026 01 14 16 32 41.84
0   8743.99628  -8162.34621 -22479.78571   0.7580955   2.9962298  -0.7999838 2026 01 14 16 33 01.84
0   8759.21250  -8102.41339 -22495.67680   0.7635428   2.9970710  -0.7891275 2026 01 14 16 33 21.84
0   8774.53765  -8042.46414 -22511.35069   0.7689869   2.9978737  -0.7782637 2026 01 14 16 33 41.84
0   8789.97163  -7982.49921 -22526.80723   0.7744276   2.9986379  -0.7673926 2026 01 14 16 34 01.84
0   8805.51440  -7922.51939 -22542.04627   0.7798646   2.9993636  -0.7565142 2026 01 14 16 34 21.84
0   8821.16587  -7862.52544 -22557.06768   0.7852979   3.0000508  -0.7456287 2026 01 14 16 34 41.84
0   8836.92596  -7802.51813 -22571.87131   0.7907273   3.0006995  -0.7347361 2026 01 14 16 35 01.84
0   8852.79461  -7742.49823 -22586.45702   0.7961527   3.0013098  -0.7238367 2026 01 14 16 35 21.84
0   8868.77172  -7682.46651 -22600.82467   0.8015739   3.0018816  -0.7129304 2026 01 14 16 35 41.84
0   8884.85721  -7622.42373 -22614.97413   0.8069907   3.0024149  -0.7020174 2026 01 14 16 36 01.84
0   8901.05099  -7562.37068 -22628.90526   0.8124030   3.0029098  -0.6910977 2026 01 14 16 36 21.84
0   8917.35297  -7502.30811 -22642.61794   0.8178106   3.0033663  -0.6801716 2026 01 14 16 36 41.84
0   8933.76305  -7442.23680 -22656.11203   0.8232134   3.0037843  -0.6692391 2026 01 14 16 37 01.84
0   8950.28114  -7382.15750 -22669.38741   0.8286113   3.0041640  -0.6583003 2026 01 14 16 37 21.84
0   8966.90714  -7322.07101 -22682.44395   0.8340040   3.0045052  -0.6473553 2026 01 14 16 37 41.84
0   8983.64094  -7261.97806 -22695.28153   0.8393915   3.0048081  -0.6364042 2026 01 14 16 38 01.84
0   9000.48244  -7201.87945 -22707.90003   0.8447736   3.0050725  -0.6254472 2026 01 14 16 38 21.84
0   9017.43152  -7141.77593 -22720.29934   0.8501501   3.0052987  -0.6144843 2026 01 14 16 38 41.84
0   9034.48808  -7081.66827 -22732.47932   0.8555208   3.0054865  -0.6035156 2026 01 14 16 39 01.84
0   9051.65199  -7021.55724 -22744.43988   0.8608857   3.0056359  -0.5925413 2026 01 14 16 39 21.84
0   9068.92314  -6961.44360 -22756.18090   0.8662446   3.0057471  -0.5815614 2026 01 14 16 39 41.84
0   9086.30140  -6901.32812 -22767.70226   0.8715972   3.0058200  -0.5705761 2026 01 14 16 40 01.84
0   9103.78666  -6841.21157 -22779.00387   0.8769436   3.0058546  -0.5595854 2026 01 14 16 40 21.84
0   9121.37877  -6781.09471 -22790.08561   0.8822834   3.0058509  -0.5485895 2026 01 14 16 40 41.84
0   9139.07762  -6720.97830 -22800.94738   0.8876167   3.0058091  -0.5375885 2026 01 14 16 41 01.84
0   9156.88307  -6660.86311 -22811.58908   0.8929431   3.0057290  -0.5265825 2026 01 14 16 41 21.84
0   9174.79497  -6600.74991 -22822.01062   0.8982626   3.0056107  -0.5155716 2026 01 14 16 41 41.84
0   9192.81319  -6540.63945 -22832.21189   0.9035750   3.0054543  -0.5045559 2026 01 14 16 42 01.84
0   9210.93759  -6480.53251 -22842.19280   0.9088802   3.0052597  -0.4935355 2026 01 14 16 42 21.84
0   9229.16802  -6420.42983 -22851.95325   0.9141780   3.0050270  -0.4825105 2026 01 14 16 42 41.84
0   9247.50434  -6360.33219 -22861.49316   0.9194683   3.0047562  -0.4714810 2026 01 14 16 43 01.84
0   9265.94637  -6300.24035 -22870.81244   0.9247508   3.0044473  -0.4604471 2026 01 14 16 43 21.84
0   9284.49399  -6240.15507 -22879.91100   0.9300256   3.0041004  -0.4494090 2026 01 14 16 43 41.84
0   9303.14701  -6180.07710 -22888.78876   0.9352923   3.0037155  -0.4383667 2026 01 14 16 44 01.84
0   9321.90529  -6120.00722 -22897.44563   0.9405509   3.0032925  -0.4273204 2026 01 14 16 44 21.84
0   9340.76866  -6059.94617 -22905.88153   0.9458012   3.0028316  -0.4162701 2026 01 14 16 44 41.84
0   9359.73696  -5999.89472 -22914.09639   0.9510431   3.0023328  -0.4052160 2026 01 14 16 45 01.84
0   9378.81000  -5939.85362 -22922.09014   0.9562763   3.0017961  -0.3941582 2026 01 14 16 45 21.84
0   9397.98762  -5879.82364 -22929.86269   0.9615009   3.0012215  -0.3830967 2026 01 14 16 45 41.84
0   9417.26964  -5819.80552 -22937.41397   0.9667165   3.0006091  -0.3720317 2026 01 14 16 46 01.84
0   9436.65589  -5759.80004 -22944.74393   0.9719231   2.9999588  -0.3609633 2026 01 14 16 46 21.84
0   9456.14618  -5699.80794 -22951.85248   0.9771205   2.9992708  -0.3498916 2026 01 14 16 46 41.84
0   9475.74032  -5639.82997 -22958.73957   0.9823086   2.9985450  -0.3388168 2026 01 14 16 47 01.84
0   9495.43813  -5579.86690 -22965.40513   0.9874872   2.9977815  -0.3277388 2026 01 14 16 47 21.84
0   9515.23941  -5519.91948 -22971.84910   0.9926562   2.9969803  -0.3166578 2026 01 14 16 47 41.84
0   9535.14398  -5459.98845 -22978.07143   0.9978154   2.9961415  -0.3055740 2026 01 14 16 48 01.84
0   9555.15163  -5400.07458 -22984.07205   1.0029647   2.9952651  -0.2944874 2026 01 14 16 48 21.84
0   9575.26217  -5340.17861 -22989.85092   1.0081039   2.9943511  -0.2833982 2026 01 14 16 48 41.84
0   9595.47539  -5280.30130 -22995.40797   1.0132328   2.9933995  -0.2723064 2026 01 14 16 49 01.84
0   9615.79108  -5220.44339 -23000.74317   1.0183514   2.9924105  -0.2612122 2026 01 14 16 49 21.84
0   9636.20904  -5160.60564 -23005.85645   1.0234595   2.9913840  -0.2501156 2026 01 14 16 49 41.84
0   9656.72906  -5100.78879 -23010.74779   1.0285569   2.9903201  -0.2390168 2026 01 14 16 50 01.84
0   9677.35092  -5040.99360 -23015.41713   1.0336435   2.9892189  -0.2279159 2026 01 14 16 50 21.84
0   9698.07439  -4981.22080 -23019.86443   1.0387191   2.9880803  -0.2168129 2026 01 14 16 50 41.84
0   9718.89928  -4921.47115 -23024.08965   1.0437837   2.9869043  -0.2057081 2026 01 14 16 51 01.84
0   9739.82533  -4861.74539 -23028.09276   1.0488369   2.9856912  -0.1946015 2026 01 14 16 51 21.84
0   9760.85235  -4802.04426 -23031.87372   1.0538788   2.9844408  -0.1834931 2026 01 14 16 51 41.84
0   9781.98008  -4742.36851 -23035.43250   1.0589092   2.9831533  -0.1723832 2026 01 14 16 52 01.84
0   9803.20830  -4682.71889 -23038.76907   1.0639278   2.9818286  -0.1612719 2026 01 14 16 52 21.84
0   9824.53678  -4623.09613 -23041.88339   1.0689346   2.9804669  -0.1501591 2026 01 14 16 52 41.84
0   9845.96528  -4563.50097 -23044.77545   1.0739294   2.9790682  -0.1390451 2026 01 14 16 53 01.84
0   9867.49355  -4503.93416 -23047.44522   1.0789122   2.9776324  -0.1279299 2026 01 14 16 53 21.84
0   9889.12135  -4444.39643 -23049.89268   1.0838826   2.9761597  -0.1168137 2026 01 14 16 53 41.84
0   9910.84844  -4384.88852 -23052.11780   1.0888406   2.9746502  -0.1056966 2026 01 14 16 54 01.84
0   9932.67456  -4325.41118 -23054.12057   1.0937861   2.9731038  -0.0945786 2026 01 14 16 54 21.84
0   9954.59946  -4265.96513 -23055.90098   1.0987188   2.9715206  -0.0834599 2026 01 14 16 54 41.84
0   9976.62289  -4206.55111 -23057.45901   1.1036387   2.9699007  -0.0723406 2026 01 14 16 55 01.84
0   9998.74459  -4147.16986 -23058.79464   1.1085456   2.9682440  -0.0612208 2026 01 14 16 55 21.84
0  10020.96430  -4087.82210 -23059.90788   1.1134394   2.9665508  -0.0501006 2026 01 14 16 55 41.84
0  10043.28175  -4028.50858 -23060.79871   1.1183199   2.9648209  -0.0389801 2026 01 14 16 56 01.84
0  10065.69667  -3969.23002 -23061.46713   1.1231870   2.9630546  -0.0278594 2026 01 14 16 56 21.84
0  10088.20881  -3909.98715 -23061.91314   1.1280405   2.9612517  -0.0167387 2026 01 14 16 56 41.84
0  10110.81787  -3850.78070 -23062.13673   1.1328804   2.9594124  -0.0056179 2026 01 14 16 57 01.84
0  10133.52360  -3791.61140 -23062.13791   1.1377063   2.9575368   0.0055026 2026 01 14 16 57 21.84
0  10156.32570  -3732.47998 -23061.91668   1.1425183   2.9556248   0.0166230 2026 01 14 16 57 41.84
0  10179.22390  -3673.38716 -23061.47305   1.1473162   2.9536766   0.0277430 2026 01 14 16 58 01.84
0  10202.21792  -3614.33366 -23060.80702   1.1520997   2.9516922   0.0388625 2026 01 14 16 58 21.84
0  10225.30746  -3555.32022 -23059.91861   1.1568689   2.9496716   0.0499815 2026 01 14 16 58 41.84
0  10248.49225  -3496.34755 -23058.80783   1.1616235   2.9476150   0.0610997 2026 01 14 16 59 01.84
0  10271.77197  -3437.41637 -23057.47469   1.1663634   2.9455223   0.0722172 2026 01 14 16 59 21.84
0  10295.14635  -3378.52740 -23055.91921   1.1710885   2.9433937   0.0833338 2026 01 14 16 59 41.84
0  10318.61508  -3319.68137 -23054.14141   1.1757987   2.9412292   0.0944495 2026 01 14 17 00 01.84
0  10342.17787  -3260.87898 -23052.14131   1.1804937   2.9390288   0.1055640 2026 01 14 17 00 21.84
0  10365.83440  -3202.12096 -23049.91893   1.1851734   2.9367926   0.1166772 2026 01 14 17 00 41.84
0  10389.58437  -3143.40802 -23047.47430   1.1898378   2.9345207   0.1277892 2026 01 14 17 01 01.84
0  10413.42747  -3084.74088 -23044.80744   1.1944866   2.9322132   0.1388998 2026 01 14 17 01 21.84
0  10437.36340  -3026.12024 -23041.91839   1.1991198   2.9298700   0.1500088 2026 01 14 17 01 41.84
0  10461.39183  -2967.54682 -23038.80718   1.2037371   2.9274914   0.1611161 2026 01 14 17 02 01.84
0  10485.51244  -2909.02133 -23035.47384   1.2083385   2.9250772   0.1722217 2026 01 14 17 02 21.84
0  10509.72493  -2850.54447 -23031.91840   1.2129239   2.9226277   0.1833255 2026 01 14 17 02 41.84
0  10534.02896  -2792.11696 -23028.14091   1.2174930   2.9201429   0.1944273 2026 01 14 17 03 01.84
0  10558.42421  -2733.73950 -23024.14141   1.2220457   2.9176227   0.2055270 2026 01 14 17 03 21.84
0  10582.91035  -2675.41279 -23019.91993   1.2265820   2.9150674   0.2166245 2026 01 14 17 03 41.84
0  10607.48705  -2617.13754 -23015.47653   1.2311016   2.9124770   0.2277197 2026 01 14 17 04 01.84
0  10632.15397  -2558.91445 -23010.81125   1.2356045   2.9098515   0.2388126 2026 01 14 17 04 21.84
0  10656.91078  -2500.74422 -23005.92413   1.2400905   2.9071910   0.2499030 2026 01 14 17 04 41.84
0  10681.75715  -2442.62754 -23000.81524   1.2445595   2.9044956   0.2609907 2026 01 14 17 05 01.84
0  10706.69272  -2384.56513 -22995.48461   1.2490112   2.9017653   0.2720757 2026 01 14 17 05 21.84
0  10731.71715  -2326.55767 -22989.93232   1.2534457   2.8990003   0.2831579 2026 01 14 17 05 41.84
0  10756.83010  -2268.60585 -22984.15841   1.2578628   2.8962005   0.2942372 2026 01 14 17 06 01.84
0  10782.03121  -2210.71038 -22978.16295   1.2622622   2.8933662   0.3053134 2026 01 14 17 06 21.84
0  10807.32014  -2152.87194 -22971.94600   1.2666440   2.8904973   0.3163865 2026 01 14 17 06 41.84
0  10832.69652  -2095.09122 -22965.50761   1.2710079   2.8875939   0.3274564 2026 01 14 17 07 01.84
0  10858.16001  -2037.36891 -22958.84787   1.2753539   2.8846561   0.3385229 2026 01 14 17 07 21.84
0  10883.71023  -1979.70571 -22951.96682   1.2796817   2.8816839   0.3495859 2026 01 14 17 07 41.84
0  10909.34682  -1922.10229 -22944.86456   1.2839914   2.8786775   0.3606454 2026 01 14 17 08 01.84
0  10935.06943  -1864.55933 -22937.54114   1.2882826   2.8756369   0.3717012 2026 01 14 17 08 21.84
0  10960.87768  -1807.07754 -22929.99665   1.2925554   2.8725623   0.3827531 2026 01 14 17 08 41.84
0  10986.77119  -1749.65757 -22922.23115   1.2968095   2.8694536   0.3938013 2026 01 14 17 09 01.84
0  11012.74960  -1692.30012 -22914.24474   1.3010449   2.8663109   0.4048454 2026 01 14 17 09 21.84
0  11038.81253  -1635.00586 -22906.03748   1.3052614   2.8631344   0.4158854 2026 01 14 17 09 41.84
0  11064.95960  -1577.77546 -22897.60947   1.3094588   2.8599241   0.4269212 2026 01 14 17 10 01.84
0  11091.19043  -1520.60961 -22888.96078   1.3136372   2.8566802   0.4379527 2026 01 14 17 10 21.84
0  11117.50463  -1463.50898 -22880.09151   1.3177962   2.8534025   0.4489797 2026 01 14 17 10 41.84
0  11143.90182  -1406.47423 -22871.00174   1.3219358   2.8500914   0.4600022 2026 01 14 17 11 01.84
0  11170.38161  -1349.50605 -22861.69157   1.3260559   2.8467468   0.4710201 2026 01 14 17 11 21.84
0  11196.94360  -1292.60508 -22852.16110   1.3301564   2.8433688   0.4820333 2026 01 14 17 11 41.84
0  11223.58740  -1235.77201 -22842.41040   1.3342371   2.8399575   0.4930416 2026 01 14 17 12 01.84
0  11250.31262  -1179.00750 -22832.43959   1.3382978   2.8365131   0.5040449 2026 01 14 17 12 21.84
0  11277.11885  -1122.31221 -22822.24877   1.3423385   2.8330355   0.5150432 2026 01 14 17 12 41.84
0  11304.00570  -1065.68680 -22811.83803   1.3463590   2.8295248   0.5260364 2026 01 14 17 13 01.84
0  11330.97275  -1009.13193 -22801.20748   1.3503593   2.8259813   0.5370242 2026 01 14 17 13 21.84
0  11358.01960   -952.64826 -22790.35723   1.3543391   2.8224048   0.5480067 2026 01 14 17 13 41.84
0  11385.14585   -896.23645 -22779.28739   1.3582984   2.8187956   0.5589837 2026 01 14 17 14 01.84
0  11412.35107   -839.89715 -22767.99806   1.3622370   2.8151537   0.5699551 2026 01 14 17 14 21.84
0  11439.63486   -783.63101 -22756.48936   1.3661548   2.8114792   0.5809208 2026 01 14 17 14 41.84
0  11466.99680   -727.43869 -22744.76141   1.3700517   2.8077722   0.5918807 2026 01 14 17 15 01.84
0  11494.43646   -671.32083 -22732.81431   1.3739275   2.8040328   0.6028347 2026 01 14 17 15 21.84
0  11521.95343   -615.27808 -22720.64820   1.3777822   2.8002611   0.6137827 2026 01 14 17 15 41.84
0  11549.54728   -559.31109 -22708.26319   1.3816156   2.7964571   0.6247246 2026 01 14 17 16 01.84
0  11577.21759   -503.42051 -22695.65941   1.3854276   2.7926210   0.6356602 2026 01 14 17 16 21.84
0  11604.96392   -447.60696 -22682.83697   1.3892181   2.7887528   0.6465895 2026 01 14 17 16 41.84
0  11632.78584   -391.87110 -22669.79602   1.3929869   2.7848527   0.6575124 2026 01 14 17 17 01.84
0  11660.68292   -336.21356 -22656.53667   1.3967339   2.7809207   0.6684288 2026 01 14 17 17 21.84
0  11688.65473   -280.63497 -22643.05907   1.4004591   2.7769569   0.6793385 2026 01 14 17 17 41.84
0  11716.70081   -225.13598 -22629.36333   1.4041622   2.7729615   0.6902415 2026 01 14 17 18 01.84
0  11744.82074   -169.71721 -22615.44961   1.4078432   2.7689344   0.7011376 2026 01 14 17 18 21.84
0  11773.01407   -114.37930 -22601.31804   1.4115020   2.7648759   0.7120267 2026 01 14 17 18 41.84
0  11801.28035    -59.12287 -22586.96875   1.4151384   2.7607860   0.7229088 2026 01 14 17 19 01.84
0  11829.61913     -3.94856 -22572.40189   1.4187523   2.7566649   0.7337837 2026 01 14 17 19 21.84
0  11858.02997     51.14303 -22557.61761   1.4223436   2.7525125   0.7446514 2026 01 14 17 19 41.84
0  11886.51240    106.15125 -22542.61605   1.4259121   2.7483290   0.7555116 2026 01 14 17 20 01.84
0  11915.06598    161.07549 -22527.39736   1.4294579   2.7441146   0.7663644 2026 01 14 17 20 21.84
0  11943.69024    215.91514 -22511.96170   1.4329806   2.7398692   0.7772096 2026 01 14 17 20 41.84
0  11972.38473    270.66957 -22496.30920   1.4364804   2.7355930   0.7880471 2026 01 14 17 21 01.84
0  12001.14898    325.33817 -22480.44003   1.4399569   2.7312862   0.7988768 2026 01 14 17 21 21.84
0  12029.98253    379.92033 -22464.35435   1.4434101   2.7269487   0.8096987 2026 01 14 17 21 41.84
0  12058.88490    434.41543 -22448.05231   1.4468399   2.7225808   0.8205125 2026 01 14 17 22 01.84
0  12087.85564    488.82288 -22431.53408   1.4502462   2.7181825   0.8313182 2026 01 14 17 22 21.84
0  12116.89427    543.14205 -22414.79982   1.4536288   2.7137539   0.8421157 2026 01 14 17 22 41.84
0  12146.00032    597.37235 -22397.84969   1.4569877   2.7092951   0.8529049 2026 01 14 17 23 01.84
0  12175.17330    651.51317 -22380.68386   1.4603227   2.7048062   0.8636856 2026 01 14 17 23 21.84
0  12204.41275    705.56391 -22363.30250   1.4636338   2.7002873   0.8744579 2026 01 14 17 23 41.84
0  12233.71817    759.52398 -22345.70579   1.4669207   2.6957386   0.8852215 2026 01 14 17 24 01.84
0  12263.08910    813.39278 -22327.89389   1.4701834   2.6911601   0.8959764 2026 01 14 17 24 21.84
0  12292.52503    867.16971 -22309.86698   1.4734219   2.6865519   0.9067224 2026 01 14 17 24 41.84
0  12322.02549    920.85418 -22291.62524   1.4766359   2.6819142   0.9174595 2026 01 14 17 25 01.84
0  12351.58998    974.44560 -22273.16885   1.4798253   2.6772471   0.9281876 2026 01 14 17 25 21.84
0  12381.21802   1027.94339 -22254.49799   1.4829902   2.6725506   0.9389066 2026 01 14 17 25 41.84
0  12410.90911   1081.34695 -22235.61284   1.4861302   2.6678249   0.9496163 2026 01 14 17 26 01.84
0  12440.66275   1134.65571 -22216.51359   1.4892455   2.6630700   0.9603166 2026 01 14 17 26 21.84
0  12470.47844   1187.86908 -22197.20043   1.4923357   2.6582862   0.9710075 2026 01 14 17 26 41.84
0  12500.35569   1240.98648 -22177.67355   1.4954009   2.6534734   0.9816889 2026 01 14 17 27 01.84
0  12530.29399   1294.00735 -22157.93314   1.4984409   2.6486319   0.9923605 2026 01 14 17 27 21.84
0  12560.29284   1346.93109 -22137.97940   1.5014556   2.6437616   1.0030225 2026 01 14 17 27 41.84
0  12590.35173   1399.75715 -22117.81251   1.5044450   2.6388628   1.0136745 2026 01 14 17 28 01.84
0  12620.47016   1452.48494 -22097.43268   1.5074088   2.6339356   1.0243166 2026 01 14 17 28 21.84
0  12650.64760   1505.11391 -22076.84012   1.5103470   2.6289800   1.0349487 2026 01 14 17 28 41.84
0  12680.88355   1557.64348 -22056.03501   1.5132595   2.6239962   1.0455706 2026 01 14 17 29 01.84
0  12711.17750   1610.07309 -22035.01757   1.5161463   2.6189842   1.0561822 2026 01 14 17 29 21.84
0  12741.52892   1662.40219 -22013.78800   1.5190071   2.6139442   1.0667834 2026 01 14 17 29 41.84
0  12771.93729   1714.63020 -21992.34652   1.5218419   2.6088764   1.0773741 2026 01 14 17 30 01.84
0  12802.40210   1766.75659 -21970.69332   1.5246505   2.6037808   1.0879543 2026 01 14 17 30 21.84
0  12832.92283   1818.78078 -21948.82863   1.5274330   2.5986575   1.0985238 2026 01 14 17 30 41.84
0  12863.49894   1870.70223 -21926.75265   1.5301892   2.5935067   1.1090826 2026 01 14 17 31 01.84
0  12894.12990   1922.52039 -21904.46561   1.5329189   2.5883284   1.1196304 2026 01 14 17 31 21.84
0  12924.81520   1974.23472 -21881.96773   1.5356221   2.5831229   1.1301673 2026 01 14 17 31 41.84
0  12955.55430   2025.84466 -21859.25922   1.5382987   2.5778901   1.1406931 2026 01 14 17 32 01.84
0  12986.34666   2077.34967 -21836.34030   1.5409486   2.5726303   1.1512077 2026 01 14 17 32 21.84
0  13017.19175   2128.74922 -21813.21121   1.5435717   2.5673435   1.1617110 2026 01 14 17 32 41.84
0  13048.08904   2180.04277 -21789.87216   1.5461678   2.5620299   1.1722030 2026 01 14 17 33 01.84
0  13079.03798   2231.22977 -21766.32339   1.5487370   2.5566896   1.1826834 2026 01 14 17 33 21.84
0  13110.03803   2282.30970 -21742.56513   1.5512790   2.5513226   1.1931523 2026 01 14 17 33 41.84
0  13141.08865   2333.28203 -21718.59761   1.5537939   2.5459292   1.2036095 2026 01 14 17 34 01.84
0  13172.18930   2384.14623 -21694.42106   1.5562815   2.5405095   1.2140549 2026 01 14 17 34 21.84
0  13203.33942   2434.90177 -21670.03572   1.5587416   2.5350635   1.2244884 2026 01 14 17 34 41.84
0  13234.53847   2485.54813 -21645.44184   1.5611743   2.5295913   1.2349099 2026 01 14 17 35 01.84
0  13265.78590   2536.08479 -21620.63964   1.5635794   2.5240932   1.2453193 2026 01 14 17 35 21.84
0  13297.08116   2586.51122 -21595.62938   1.5659569   2.5185693   1.2557166 2026 01 14 17 35 41.84
0  13328.42369   2636.82692 -21570.41130   1.5683066   2.5130195   1.2661016 2026 01 14 17 36 01.84
0  13359.81293   2687.03137 -21544.98564   1.5706284   2.5074442   1.2764742 2026 01 14 17 36 21.84
0  13391.24833   2737.12406 -21519.35265   1.5729223   2.5018434   1.2868343 2026 01 14 17 36 41.84
0  13422.72933   2787.10448 -21493.51259   1.5751881   2.4962171   1.2971818 2026 01 14 17 37 01.84
0  13454.25536   2836.97212 -21467.46571   1.5774258   2.4905657   1.3075166 2026 01 14 17 37 21.84
0  13485.82587   2886.72648 -21441.21226   1.5796354   2.4848891   1.3178387 2026 01 14 17 37 41.84
0  13517.44028   2936.36705 -21414.75250   1.5818166   2.4791875   1.3281478 2026 01 14 17 38 01.84
0  13549.09804   2985.89335 -21388.08668   1.5839694   2.4734611   1.3384440 2026 01 14 17 38 21.84
0  13580.79857   3035.30487 -21361.21507   1.5860937   2.4677099   1.3487271 2026 01 14 17 38 41.84
0  13612.54129   3084.60112 -21334.13793   1.5881894   2.4619341   1.3589971 2026 01 14 17 39 01.84
0  13644.32565   3133.78161 -21306.85553   1.5902565   2.4561338   1.3692537 2026 01 14 17 39 21.84
0  13676.15106   3182.84585 -21279.36813   1.5922949   2.4503091   1.3794970 2026 01 14 17 39 41.84
0  13708.01695   3231.79336 -21251.67599   1.5943044   2.4444602   1.3897269 2026 01 14 17 40 01.84
0  13739.92275   3280.62365 -21223.77940   1.5962851   2.4385872   1.3999431 2026 01 14 17 40 21.84
0  13771.86786   3329.33623 -21195.67862   1.5982367   2.4326903   1.4101457 2026 01 14 17 40 41.84
0  13803.85172   3377.93064 -21167.37392   1.6001592   2.4267694   1.4203345 2026 01 14 17 41 01.84
0  13835.87374   3426.40640 -21138.86559   1.6020526   2.4208249   1.4305095 2026 01 14 17 41 21.84
0  13867.93333   3474.76303 -21110.15390   1.6039168   2.4148568   1.4406705 2026 01 14 17 41 41.84
0  13900.02992   3523.00006 -21081.23913   1.6057516   2.4088653   1.4508174 2026 01 14 17 42 01.84
0  13932.16290   3571.11703 -21052.12156   1.6075570   2.4028504   1.4609502 2026 01 14 17 42 21.84
0  13964.33170   3619.11347 -21022.80148   1.6093329   2.3968123   1.4710687 2026 01 14 17 42 41.84
0  13996.53573   3666.98892 -20993.27917   1.6110792   2.3907512   1.4811729 2026 01 14 17 43 01.84
0  14028.77438   3714.74291 -20963.55493   1.6127959   2.3846671   1.4912626 2026 01 14 17 43 21.84
0  14061.04707   3762.37500 -20933.62903   1.6144829   2.3785603   1.5013378 2026 01 14 17 43 41.84
0  14093.35320   3809.88473 -20903.50178   1.6161400   2.3724308   1.5113984 2026 01 14 17 44 01.84
0  14125.69218   3857.27163 -20873.17347   1.6177673   2.3662788   1.5214442 2026 01 14 17 44 21.84
0  14158.06340   3904.53528 -20842.64439   1.6193646   2.3601044   1.5314752 2026 01 14 17 44 41.84
0  14190.46627   3951.67521 -20811.91483   1.6209319   2.3539077   1.5414913 2026 01 14 17 45 01.84
0  14222.90018   3998.69099 -20780.98511   1.6224691   2.3476889   1.5514924 2026 01 14 17 45 21.84
0  14255.36454   4045.58218 -20749.85552   1.6239761   2.3414482   1.5614783 2026 01 14 17 45 41.84
0  14287.85873   4092.34833 -20718.52636   1.6254528   2.3351856   1.5714490 2026 01 14 17 46 01.84
0  14320.38216   4138.98901 -20686.99794   1.6268991   2.3289012   1.5814044 2026 01 14 17 46 21.84
0  14352.93421   4185.50379 -20655.27057   1.6283151   2.3225953   1.5913445 2026 01 14 17 46 41.84
0  14385.51427   4231.89223 -20623.34455   1.6297006   2.3162680   1.6012690 2026 01 14 17 47 01.84
0  14418.12174   4278.15392 -20591.22020   1.6310555   2.3099194   1.6111779 2026 01 14 17 47 21.84
0  14450.75600   4324.28842 -20558.89782   1.6323798   2.3035495   1.6210711 2026 01 14 17 47 41.84
0  14483.41644   4370.29532 -20526.37774   1.6336734   2.2971587   1.6309486 2026 01 14 17 48 01.84
0  14516.10244   4416.17419 -20493.66027   1.6349363   2.2907470   1.6408102 2026 01 14 17 48 21.84
0  14548.81339   4461.92462 -20460.74573   1.6361683   2.2843145   1.6506558 2026 01 14 17 48 41.84
0  14581.54868   4507.54619 -20427.63444   1.6373694   2.2778615   1.6604853 2026 01 14 17 49 01.84
0  14614.30768   4553.03850 -20394.32672   1.6385395   2.2713879   1.6702987 2026 01 14 17 49 21.84
0  14647.08977   4598.40114 -20360.82290   1.6396786   2.2648940   1.6800958 2026 01 14 17 49 41.84
0  14679.89433   4643.63369 -20327.12329   1.6407865   2.2583800   1.6898766 2026 01 14 17 50 01.84
0  14712.72074   4688.73576 -20293.22824   1.6418633   2.2518459   1.6996409 2026 01 14 17 50 21.84
0  14745.56837   4733.70695 -20259.13806   1.6429089   2.2452918   1.7093887 2026 01 14 17 50 41.84
0  14778.43660   4778.54687 -20224.85310   1.6439231   2.2387180   1.7191199 2026 01 14 17 51 01.84
0  14811.32480   4823.25511 -20190.37368   1.6449060   2.2321246   1.7288344 2026 01 14 17 51 21.84
0  14844.23235   4867.83129 -20155.70014   1.6458574   2.2255117   1.7385321 2026 01 14 17 51 41.84
0  14877.15861   4912.27501 -20120.83281   1.6467774   2.2188795   1.7482128 2026 01 14 17 52 01.84
0  14910.10295   4956.58590 -20085.77204   1.6476658   2.2122280   1.7578766 2026 01 14 17 52 21.84
0  14943.06475   5000.76357 -20050.51817   1.6485225   2.2055575   1.7675232 2026 01 14 17 52 41.84
0  14976.04336   5044.80764 -20015.07154   1.6493476   2.1988681   1.7771527 2026 01 14 17 53 01.84
0  15009.03816   5088.71774 -19979.43248   1.6501409   2.1921599   1.7867649 2026 01 14 17 53 21.84
0  15042.04851   5132.49348 -19943.60136   1.6509025   2.1854331   1.7963598 2026 01 14 17 53 41.84
0  15075.07377   5176.13451 -19907.57852   1.6516321   2.1786878   1.8059372 2026 01 14 17 54 01.84
0  15108.11331   5219.64044 -19871.36431   1.6523299   2.1719242   1.8154970 2026 01 14 17 54 21.84
0  15141.16648   5263.01092 -19834.95907   1.6529956   2.1651424   1.8250392 2026 01 14 17 54 41.84
0  15174.23264   5306.24559 -19798.36317   1.6536294   2.1583425   1.8345637 2026 01 14 17 55 01.84
0  15207.31116   5349.34407 -19761.57696   1.6542310   2.1515247   1.8440704 2026 01 14 17 55 21.84
0  15240.40139   5392.30603 -19724.60079   1.6548005   2.1446891   1.8535591 2026 01 14 17 55 41.84
0  15273.50269   5435.13109 -19687.43503   1.6553378   2.1378360   1.8630298 2026 01 14 17 56 01.84
0  15306.61442   5477.81892 -19650.08004   1.6558428   2.1309654   1.8724825 2026 01 14 17 56 21.84
0  15339.73592   5520.36916 -19612.53617   1.6563155   2.1240774   1.8819170 2026 01 14 17 56 41.84
0  15372.86655   5562.78148 -19574.80380   1.6567559   2.1171723   1.8913332 2026 01 14 17 57 01.84
0  15406.00567   5605.05552 -19536.88329   1.6571638   2.1102502   1.9007310 2026 01 14 17 57 21.84
0  15439.15262   5647.19095 -19498.77501   1.6575393   2.1033112   1.9101104 2026 01 14 17 57 41.84
0  15472.30675   5689.18743 -19460.47933   1.6578822   2.0963554   1.9194712 2026 01 14 17 58 01.84
0  15505.46742   5731.04463 -19421.99661   1.6581926   2.0893831   1.9288134 2026 01 14 17 58 21.84
0  15538.63397   5772.76222 -19383.32724   1.6584703   2.0823943   1.9381369 2026 01 14 17 58 41.84
0  15571.80575   5814.33987 -19344.47159   1.6587154   2.0753892   1.9474416 2026 01 14 17 59 01.84
0  15604.98210   5855.77726 -19305.43003   1.6589277   2.0683680   1.9567274 2026 01 14 17 59 21.84
0  15638.16237   5897.07406 -19266.20295   1.6591073   2.0613308   1.9659942 2026 01 14 17 59 41.84
0  15671.34591   5938.22996 -19226.79073   1.6592541   2.0542778   1.9752420 2026 01 14 18 00 01.84
0  15704.53206   5979.24465 -19187.19374   1.6593680   2.0472091   1.9844705 2026 01 14 18 00 21.84
0  15737.72015   6020.11780 -19147.41237   1.6594490   2.0401248   1.9936799 2026 01 14 18 00 41.84
0  15770.90953   6060.84912 -19107.44701   1.6594971   2.0330252   2.0028699 2026 01 14 18 01 01.84
0  15804.09955   6101.43829 -19067.29804   1.6595121   2.0259103   2.0120404 2026 01 14 18 01 21.84
0  15837.28954   6141.88501 -19026.96586   1.6594941   2.0187803   2.0211915 2026 01 14 18 01 41.84
0  15870.47883   6182.18898 -18986.45085   1.6594431   2.0116353   2.0303229 2026 01 14 18 02 01.84
0  15903.66678   6222.34991 -18945.75342   1.6593589   2.0044756   2.0394347 2026 01 14 18 02 21.84
0  15936.85271   6262.36749 -18904.87394   1.6592415   1.9973012   2.0485267 2026 01 14 18 02 41.84
0  15970.03596   6302.24144 -18863.81282   1.6590909   1.9901124   2.0575988 2026 01 14 18 03 01.84
0  16003.21587   6341.97148 -18822.57047   1.6589071   1.9829092   2.0666510 2026 01 14 18 03 21.84
0  16036.39176   6381.55730 -18781.14726   1.6586900   1.9756918   2.0756832 2026 01 14 18 03 41.84
0  16069.56299   6420.99864 -18739.54362   1.6584396   1.9684604   2.0846952 2026 01 14 18 04 01.84
0  16102.72887   6460.29521 -18697.75994   1.6581558   1.9612151   2.0936870 2026 01 14 18 04 21.84
0  16135.88874   6499.44674 -18655.79662   1.6578386   1.9539561   2.1026586 2026 01 14 18 04 41.84
0  16169.04193   6538.45295 -18613.65408   1.6574879   1.9466835   2.1116098 2026 01 14 18 05 01.84
0  16202.18778   6577.31358 -18571.33272   1.6571038   1.9393974   2.1205405 2026 01 14 18 05 21.84
0  16235.32561   6616.02835 -18528.83295   1.6566861   1.9320981   2.1294507 2026 01 14 18 05 41.84
0  16268.45475   6654.59700 -18486.15519   1.6562350   1.9247857   2.1383402 2026 01 14 18 06 01.84
0  16301.57453   6693.01928 -18443.29984   1.6557502   1.9174603   2.1472090 2026 01 14 18 06 21.84
0  16334.68428   6731.29492 -18400.26732   1.6552318   1.9101221   2.1560571 2026 01 14 18 06 41.84
0  16367.78333   6769.42367 -18357.05805   1.6546798   1.9027713   2.1648842 2026 01 14 18 07 01.84
0  16400.87100   6807.40528 -18313.67245   1.6540941   1.8954079   2.1736904 2026 01 14 18 07 21.84
0  16433.94662   6845.23950 -18270.11094   1.6534747   1.8880322   2.1824755 2026 01 14 18 07 41.84
0  16467.00951   6882.92608 -18226.37393   1.6528215   1.8806443   2.1912395 2026 01 14 18 08 01.84
0  16500.05901   6920.46479 -18182.46186   1.6521346   1.8732444   2.1999823 2026 01 14 18 08 21.84
0  16533.09443   6957.85537 -18138.37514   1.6514138   1.8658325   2.2087038 2026 01 14 18 08 41.84
0  16566.11509   6995.09760 -18094.11421   1.6506593   1.8584090   2.2174039 2026 01 14 18 09 01.84
0  16599.12033   7032.19125 -18049.67950   1.6498709   1.8509738   2.2260826 2026 01 14 18 09 21.84
0  16632.10946   7069.13608 -18005.07142   1.6490486   1.8435272   2.2347397 2026 01 14 18 09 41.84
0  16665.08180   7105.93186 -17960.29042   1.6481924   1.8360694   2.2433751 2026 01 14 18 10 01.84
0  16698.03668   7142.57838 -17915.33693   1.6473022   1.8286005   2.2519889 2026 01 14 18 10 21.84
0  16730.97342   7179.07540 -17870.21138   1.6463781   1.8211206   2.2605808 2026 01 14 18 10 41.84
0  16763.89134   7215.42272 -17824.91422   1.6454200   1.8136298   2.2691509 2026 01 14 18 11 01.84
0  16796.78976   7251.62012 -17779.44587   1.6444279   1.8061285   2.2776990 2026 01 14 18 11 21.84
0  16829.66799   7287.66739 -17733.80678   1.6434018   1.7986167   2.2862251 2026 01 14 18 11 41.84
0  16862.52537   7323.56432 -17687.99738   1.6423416   1.7910945   2.2947291 2026 01 14 18 12 01.84
0  16895.36119   7359.31071 -17642.01814   1.6412474   1.7835621   2.3032109 2026 01 14 18 12 21.84
0  16928.17480   7394.90634 -17595.86947   1.6401190   1.7760198   2.3116704 2026 01 14 18 12 41.84
0  16960.96549   7430.35103 -17549.55185   1.6389565   1.7684675   2.3201075 2026 01 14 18 13 01.84
0  16993.73260   7465.64458 -17503.06570   1.6377599   1.7609056   2.3285222 2026 01 14 18 13 21.84
0  17026.47543   7500.78679 -17456.41149   1.6365292   1.7533341   2.3369144 2026 01 14 18 13 41.84
0  17059.19330   7535.77749 -17409.58966   1.6352642   1.7457532   2.3452839 2026 01 14 18 14 01.84
0  17091.88554   7570.61647 -17362.60067   1.6339651   1.7381631   2.3536308 2026 01 14 18 14 21.84
0  17124.55145   7605.30355 -17315.44496   1.6326318   1.7305639   2.3619550 2026 01 14 18 14 41.84
0  17157.19035   7639.83857 -17268.12301   1.6312642   1.7229557   2.3702563 2026 01 14 18 15 01.84
0  17189.80156   7674.22133 -17220.63525   1.6298624   1.7153388   2.3785346 2026 01 14 18 15 21.84
0  17222.38439   7708.45167 -17172.98216   1.6284264   1.7077133   2.3867900 2026 01 14 18 15 41.84
0  17254.93816   7742.52941 -17125.16419   1.6269561   1.7000794   2.3950223 2026 01 14 18 16 01.84
0  17287.46218   7776.45440 -17077.18181   1.6254515   1.6924371   2.4032315 2026 01 14 18 16 21.84
0  17319.95577   7810.22645 -17029.03548   1.6239126   1.6847867   2.4114174 2026 01 14 18 16 41.84
0  17352.41823   7843.84542 -16980.72566   1.6223395   1.6771284   2.4195801 2026 01 14 18 17 01.84
0  17384.84889   7877.31115 -16932.25282   1.6207320   1.6694622   2.4277193 2026 01 14 18 17 21.84
0  17417.24706   7910.62347 -16883.61744   1.6190902   1.6617884   2.4358351 2026 01 14 18 17 41.84
0  17449.61205   7943.78224 -16834.81997   1.6174141   1.6541070   2.4439274 2026 01 14 18 18 01.84
0  17481.94317   7976.78731 -16785.86089   1.6157036   1.6464183   2.4519960 2026 01 14 18 18 21.84
0  17514.23974   8009.63854 -16736.74068   1.6139588   1.6387224   2.4600409 2026 01 14 18 18 41.84
0  17546.50107   8042.33578 -16687.45981   1.6121796   1.6310195   2.4680621 2026 01 14 18 19 01.84
0  17578.72648   8074.87889 -16638.01876   1.6103660   1.6233098   2.4760594 2026 01 14 18 19 21.84
0  17610.91527   8107.26774 -16588.41799   1.6085181   1.6155933   2.4840329 2026 01 14 18 19 41.84
0  17643.06676   8139.50219 -16538.65800   1.6066358   1.6078702   2.4919823 2026 01 14 18 20 01.84
0  17675.18026   8171.58212 -16488.73927   1.6047192   1.6001408   2.4999076 2026 01 14 18 20 21.84
0  17707.25508   8203.50739 -16438.66226   1.6027681   1.5924051   2.5078088 2026 01 14 18 20 41.84
0  17739.29054   8235.27790 -16388.42748   1.6007827   1.5846633   2.5156858 2026 01 14 18 21 01.84
0  17771.28595   8266.89350 -16338.03540   1.5987629   1.5769157   2.5235385 2026 01 14 18 21 21.84
0  17803.24061   8298.35410 -16287.48651   1.5967087   1.5691622   2.5313668 2026 01 14 18 21 41.84
0  17835.15385   8329.65957 -16236.78129   1.5946201   1.5614032   2.5391707 2026 01 14 18 22 01.84
0  17867.02498   8360.80981 -16185.92025   1.5924972   1.5536387   2.5469501 2026 01 14 18 22 21.84
0  17898.85330   8391.80470 -16134.90386   1.5903398   1.5458689   2.5547049 2026 01 14 18 22 41.84
0  17930.63813   8422.64415 -16083.73263   1.5881480   1.5380940   2.5624350 2026 01 14 18 23 01.84
0  17962.37879   8453.32805 -16032.40704   1.5859219   1.5303141   2.5701404 2026 01 14 18 23 21.84
0  17994.07457   8483.85631 -15980.92759   1.5836614   1.5225295   2.5778209 2026 01 14 18 23 41.84
0  18025.72481   8514.22882 -15929.29478   1.5813665   1.5147401   2.5854766 2026 01 14 18 24 01.84
0  18057.32880   8544.44550 -15877.50911   1.5790372   1.5069463   2.5931073 2026 01 14 18 24 21.84
0  18088.88586   8574.50627 -15825.57107   1.5766736   1.4991482   2.6007130 2026 01 14 18 24 41.84
0  18120.39531   8604.41103 -15773.48117   1.5742756   1.4913459   2.6082936 2026 01 14 18 25 01.84
0  18151.85646   8634.15970 -15721.23991   1.5718433   1.4835395   2.6158491 2026 01 14 18 25 21.84
0  18183.26861   8663.75221 -15668.84779   1.5693766   1.4757293   2.6233793 2026 01 14 18 25 41.84
0  18214.63109   8693.18847 -15616.30533   1.5668755   1.4679154   2.6308842 2026 01 14 18 26 01.84
0  18245.94321   8722.46843 -15563.61302   1.5643401   1.4600980   2.6383636 2026 01 14 18 26 21.84
0  18277.20427   8751.59200 -15510.77137   1.5617704   1.4522772   2.6458177 2026 01 14 18 26 41.84
0  18308.41360   8780.55912 -15457.78090   1.5591664   1.4444532   2.6532462 2026 01 14 18 27 01.84
0  18339.57050   8809.36973 -15404.64212   1.5565281   1.4366261   2.6606491 2026 01 14 18 27 21.84
0  18370.67430   8838.02377 -15351.35553   1.5538555   1.4287961   2.6680264 2026 01 14 18 27 41.84
0  18401.72430   8866.52119 -15297.92166   1.5511486   1.4209634   2.6753779 2026 01 14 18 28 01.84
0  18432.71982   8894.86192 -15244.34101   1.5484075   1.4131281   2.6827036 2026 01 14 18 28 21.84
0  18463.66018   8923.04593 -15190.61411   1.5456320   1.4052904   2.6900035 2026 01 14 18 28 41.84
0  18494.54469   8951.07315 -15136.74147   1.5428224   1.3974504   2.6972774 2026 01 14 18 29 01.84
0  18525.37266   8978.94356 -15082.72362   1.5399785   1.3896083   2.7045253 2026 01 14 18 29 21.84
0  18556.14341   9006.65710 -15028.56107   1.5371005   1.3817642   2.7117471 2026 01 14 18 29 41.84
0  18586.85626   9034.21375 -14974.25434   1.5341882   1.3739184   2.7189427 2026 01 14 18 30 01.84
0  18617.51052   9061.61346 -14919.80396   1.5312417   1.3660709   2.7261122 2026 01 14 18 30 21.84
0  18648.10552   9088.85621 -14865.21046   1.5282611   1.3582220   2.7332554 2026 01 14 18 30 41.84
0  18678.64056   9115.94196 -14810.47436   1.5252464   1.3503717   2.7403722 2026 01 14 18 31 01.84
0  18709.11496   9142.87070 -14755.59618   1.5221975   1.3425203   2.7474626 2026 01 14 18 31 21.84
0  18739.52805   9169.64240 -14700.57647   1.5191146   1.3346679   2.7545265 2026 01 14 18 31 41.84
0  18769.87914   9196.25705 -14645.41574   1.5159975   1.3268146   2.7615638 2026 01 14 18 32 01.84
0  18800.16754   9222.71462 -14590.11453   1.5128464   1.3189607   2.7685746 2026 01 14 18 32 21.84
0  18830.39259   9249.01511 -14534.67337   1.5096613   1.3111062   2.7755586 2026 01 14 18 32 41.84
0  18860.55359   9275.15850 -14479.09280   1.5064422   1.3032514   2.7825159 2026 01 14 18 33 01.84
0  18890.64987   9301.14480 -14423.37335   1.5031890   1.2953964   2.7894464 2026 01 14 18 33 21.84
0  18920.68075   9326.97400 -14367.51556   1.4999019   1.2875413   2.7963500 2026 01 14 18 33 41.84
0  18950.64554   9352.64609 -14311.51997   1.4965809   1.2796864   2.8032267 2026 01 14 18 34 01.84
0  18980.54358   9378.16109 -14255.38711   1.4932259   1.2718317   2.8100764 2026 01 14 18 34 21.84
0  19010.37418   9403.51900 -14199.11754   1.4898371   1.2639774   2.8168989 2026 01 14 18 34 41.84
0  19040.13667   9428.71983 -14142.71178   1.4864144   1.2561238   2.8236944 2026 01 14 18 35 01.84
0  19069.83036   9453.76360 -14086.17039   1.4829579   1.2482708   2.8304626 2026 01 14 18 35 21.84
0  19099.45459   9478.65031 -14029.49390   1.4794676   1.2404188   2.8372036 2026 01 14 18 35 41.84
0  19129.00867   9503.38000 -13972.68287   1.4759435   1.2325678   2.8439172 2026 01 14 18 36 01.84
0  19158.49194   9527.95268 -13915.73785   1.4723856   1.2247180   2.8506035 2026 01 14 18 36 21.84
0  19187.90371   9552.36837 -13858.65937   1.4687940   1.2168697   2.8572623 2026 01 14 18 36 41.84
0  19217.24331   9576.62712 -13801.44799   1.4651688   1.2090228   2.8638935 2026 01 14 18 37 01.84
0  19246.51007   9600.72894 -13744.10426   1.4615099   1.2011776   2.8704972 2026 01 14 18 37 21.84
0  19275.70332   9624.67388 -13686.62874   1.4578174   1.1933343   2.8770732 2026 01 14 18 37 41.84
0  19304.82238   9648.46197 -13629.02197   1.4540913   1.1854929   2.8836216 2026 01 14 18 38 01.84
0  19333.86658   9672.09326 -13571.28451   1.4503316   1.1776538   2.8901421 2026 01 14 18 38 21.84
0  19362.83526   9695.56778 -13513.41692   1.4465385   1.1698169   2.8966349 2026 01 14 18 38 41.84
0  19391.72774   9718.88560 -13455.41976   1.4427118   1.1619825   2.9030997 2026 01 14 18 39 01.84
0  19420.54335   9742.04675 -13397.29357   1.4388517   1.1541507   2.9095366 2026 01 14 18 39 21.84
0  19449.28143   9765.05129 -13339.03893   1.4349582   1.1463218   2.9159455 2026 01 14 18 39 41.84
0  19477.94130   9787.89929 -13280.65640   1.4310314   1.1384957   2.9223263 2026 01 14 18 40 01.84
0  19506.52230   9810.59079 -13222.14653   1.4270712   1.1306728   2.9286790 2026 01 14 18 40 21.84
0  19535.02377   9833.12587 -13163.50989   1.4230777   1.1228530   2.9350035 2026 01 14 18 40 41.84
0  19563.44504   9855.50459 -13104.74704   1.4190509   1.1150367   2.9412997 2026 01 14 18 41 01.84
0  19591.78544   9877.72701 -13045.85855   1.4149910   1.1072240   2.9475676 2026 01 14 18 41 21.84
0  19620.04431   9899.79322 -12986.84498   1.4108979   1.0994150   2.9538072 2026 01 14 18 41 41.84
0  19648.22098   9921.70329 -12927.70691   1.4067716   1.0916098   2.9600183 2026 01 14 18 42 01.84
0  19676.31480   9943.45730 -12868.44491   1.4026123   1.0838087   2.9662009 2026 01 14 18 42 21.84
0  19704.32511   9965.05532 -12809.05953   1.3984199   1.0760118   2.9723550 2026 01 14 18 42 41.84
0  19732.25123   9986.49745 -12749.55136   1.3941945   1.0682192   2.9784805 2026 01 14 18 43 01.84
0  19760.09252  10007.78377 -12689.92097   1.3899362   1.0604311   2.9845773 2026 01 14 18 43 21.84
0  19787.84832  10028.91438 -12630.16893   1.3856449   1.0526476   2.9906454 2026 01 14 18 43 41.84
0  19815.51796  10049.88936 -12570.29581   1.3813208   1.0448689   2.9966847 2026 01 14 18 44 01.84
0  19843.10079  10070.70882 -12510.30220   1.3769639   1.0370952   3.0026952 2026 01 14 18 44 21.84
0  19870.59616  10091.37286 -12450.18866   1.3725742   1.0293266   3.0086769 2026 01 14 18 44 41.84
0  19898.00341  10111.88158 -12389.95579   1.3681518   1.0215633   3.0146295 2026 01 14 18 45 01.84
0  19925.32188  10132.23509 -12329.60415   1.3636967   1.0138053   3.0205532 2026 01 14 18 45 21.84
0  19952.55092  10152.43349 -12269.13432   1.3592090   1.0060530   3.0264478 2026 01 14 18 45 41.84
0  19979.68989  10172.47690 -12208.54690   1.3546888   0.9983063   3.0323133 2026 01 14 18 46 01.84
0  20006.73812  10192.36544 -12147.84246   1.3501360   0.9905655   3.0381496 2026 01 14 18 46 21.84
0  20033.69498  10212.09922 -12087.02158   1.3455507   0.9828308   3.0439568 2026 01 14 18 46 41.84
0  20060.55980  10231.67837 -12026.08486   1.3409330   0.9751022   3.0497346 2026 01 14 18 47 01.84
0  20087.33195  10251.10301 -11965.03287   1.3362830   0.9673800   3.0554831 2026 01 14 18 47 21.84
0  20114.01078  10270.37328 -11903.86620   1.3316006   0.9596642   3.0612022 2026 01 14 18 47 41.84
0  20140.59564  10289.48929 -11842.58545   1.3268860   0.9519551   3.0668919 2026 01 14 18 48 01.84
0  20167.08588  10308.45119 -11781.19120   1.3221392   0.9442528   3.0725521 2026 01 14 18 48 21.84
0  20193.48087  10327.25911 -11719.68404   1.3173602   0.9365574   3.0781828 2026 01 14 18 48 41.84
0  20219.77995  10345.91320 -11658.06457   1.3125492   0.9288691   3.0837838 2026 01 14 18 49 01.84
0  20245.98250  10364.41359 -11596.33337   1.3077061   0.9211880   3.0893552 2026 01 14 18 49 21.84
0  20272.08786  10382.76043 -11534.49104   1.3028310   0.9135144   3.0948969 2026 01 14 18 49 41.84
0  20298.09540  10400.95388 -11472.53817   1.2979240   0.9058483   3.1004089 2026 01 14 18 50 01.84
0  20324.00449  10418.99408 -11410.47536   1.2929852   0.8981898   3.1058910 2026 01 14 18 50 21.84
0  20349.81448  10436.88119 -11348.30321   1.2880146   0.8905392   3.1113433 2026 01 14 18 50 41.84
0  20375.52475  10454.61537 -11286.02231   1.2830122   0.8828966   3.1167657 2026 01 14 18 51 01.84
0  20401.13464  10472.19678 -11223.63326   1.2779781   0.8752622   3.1221581 2026 01 14 18 51 21.84
0  20426.64355  10489.62558 -11161.13667   1.2729125   0.8676360   3.1275206 2026 01 14 18 51 41.84
0  20452.05082  10506.90194 -11098.53313   1.2678152   0.8600183   3.1328529 2026 01 14 18 52 01.84
0  20477.35583  10524.02603 -11035.82324   1.2626865   0.8524091   3.1381552 2026 01 14 18 52 21.84
0  20502.55796  10540.99803 -10973.00761   1.2575264   0.8448087   3.1434273 2026 01 14 18 52 41.84
0  20527.65657  10557.81811 -10910.08684   1.2523349   0.8372172   3.1486692 2026 01 14 18 53 01.84
0  20552.65104  10574.48645 -10847.06153   1.2471121   0.8296347   3.1538808 2026 01 14 18 53 21.84
0  20577.54074  10591.00323 -10783.93229   1.2418580   0.8220614   3.1590621 2026 01 14 18 53 41.84
0  20602.32505  10607.36864 -10720.69974   1.2365728   0.8144975   3.1642131 2026 01 14 18 54 01.84
0  20627.00334  10623.58287 -10657.36446   1.2312565   0.8069430   3.1693336 2026 01 14 18 54 21.84
0  20651.57500  10639.64610 -10593.92709   1.2259092   0.7993981   3.1744238 2026 01 14 18 54 41.84
0  20676.03940  10655.55853 -10530.38821   1.2205309   0.7918630   3.1794834 2026 01 14 18 55 01.84
0  20700.39593  10671.32036 -10466.74845   1.2151217   0.7843378   3.1845124 2026 01 14 18 55 21.84
0  20724.64397  10686.93178 -10403.00841   1.2096817   0.7768227   3.1895109 2026 01 14 18 55 41.84
0  20748.78290  10702.39301 -10339.16871   1.2042110   0.7693178   3.1944788 2026 01 14 18 56 01.84
0  20772.81211  10717.70424 -10275.22996   1.1987095   0.7618233   3.1994159 2026 01 14 18 56 21.84
0  20796.73098  10732.86569 -10211.19277   1.1931774   0.7543392   3.2043224 2026 01 14 18 56 41.84
0  20820.53891  10747.87756 -10147.05776   1.1876148   0.7468658   3.2091980 2026 01 14 18 57 01.84
0  20844.23528  10762.74007 -10082.82555   1.1820218   0.7394032   3.2140428 2026 01 14 18 57 21.84
0  20867.81949  10777.45343 -10018.49675   1.1763983   0.7319515   3.2188568 2026 01 14 18 57 41.84
0  20891.29092  10792.01788  -9954.07198   1.1707445   0.7245109   3.2236398 2026 01 14 18 58 01.84
0  20914.64898  10806.43362  -9889.55186   1.1650605   0.7170815   3.2283919 2026 01 14 18 58 21.84
0  20937.89305  10820.70089  -9824.93701   1.1593463   0.7096635   3.2331130 2026 01 14 18 58 41.84
0  20961.02254  10834.81992  -9760.22805   1.1536020   0.7022570   3.2378030 2026 01 14 18 59 01.84
0  20984.03685  10848.79093  -9695.42560   1.1478277   0.6948621   3.2424620 2026 01 14 18 59 21.84
0  21006.93537  10862.61416  -9630.53028   1.1420234   0.6874791   3.2470898 2026 01 14 18 59 41.84
0  21029.71750  10876.28985  -9565.54271   1.1361893   0.6801079   3.2516864 2026 01 14 19 00 01.84
0  21052.38266  10889.81824  -9500.46353   1.1303254   0.6727489   3.2562519 2026 01 14 19 00 21.84
0  21074.93025  10903.19957  -9435.29335   1.1244318   0.6654021   3.2607860 2026 01 14 19 00 41.84
0  21097.35966  10916.43409  -9370.03280   1.1185086   0.6580676   3.2652889 2026 01 14 19 01 01.84
0  21119.67032  10929.52204  -9304.68251   1.1125559   0.6507456   3.2697604 2026 01 14 19 01 21.84
0  21141.86162  10942.46368  -9239.24310   1.1065736   0.6434363   3.2742005 2026 01 14 19 01 41.84
0  21163.93299  10955.25926  -9173.71520   1.1005620   0.6361398   3.2786092 2026 01 14 19 02 01.84
0  21185.88384  10967.90904  -9108.09945   1.0945211   0.6288562   3.2829864 2026 01 14 19 02 21.84
0  21207.71357  10980.41328  -9042.39646   1.0884510   0.6215856   3.2873321 2026 01 14 19 02 41.84
0  21229.42161  10992.77224  -8976.60688   1.0823517   0.6143283   3.2916463 2026 01 14 19 03 01.84
0  21251.00738  11004.98619  -8910.73133   1.0762234   0.6070843   3.2959288 2026 01 14 19 03 21.84
0  21272.47029  11017.05539  -8844.77044   1.0700661   0.5998538   3.3001798 2026 01 14 19 03 41.84
0  21293.80977  11028.98011  -8778.72486   1.0638800   0.5926368   3.3043990 2026 01 14 19 04 01.84
0  21315.02523  11040.76064  -8712.59520   1.0576650   0.5854337   3.3085866 2026 01 14 19 04 21.84
0  21336.11611  11052.39724  -8646.38212   1.0514214   0.5782444   3.3127424 2026 01 14 19 04 41.84
0  21357.08184  11063.89020  -8580.08623   1.0451491   0.5710692   3.3168664 2026 01 14 19 05 01.84
0  21377.92183  11075.23979  -8513.70818   1.0388483   0.5639082   3.3209586 2026 01 14 19 05 21.84
0  21398.63552  11086.44631  -8447.24861   1.0325191   0.5567614   3.3250189 2026 01 14 19 05 41.84
0  21419.22235  11097.51003  -8380.70815   1.0261615   0.5496291   3.3290473 2026 01 14 19 06 01.84
0  21439.68174  11108.43126  -8314.08744   1.0197756   0.5425113   3.3330438 2026 01 14 19 06 21.84
0  21460.01313  11119.21028  -8247.38712   1.0133616   0.5354083   3.3370083 2026 01 14 19 06 41.84
0  21480.21596  11129.84738  -8180.60783   1.0069195   0.5283201   3.3409408 2026 01 14 19 07 01.84
0  21500.28967  11140.34287  -8113.75022   1.0004494   0.5212469   3.3448413 2026 01 14 19 07 21.84
0  21520.23370  11150.69705  -8046.81491   0.9939514   0.5141888   3.3487096 2026 01 14 19 07 41.84
0  21540.04750  11160.91022  -7979.80256   0.9874256   0.5071460   3.3525458 2026 01 14 19 08 01.84
0  21559.73049  11170.98269  -7912.71381   0.9808721   0.5001185   3.3563499 2026 01 14 19 08 21.84
0  21579.28215  11180.91476  -7845.54930   0.9742909   0.4931066   3.3601218 2026 01 14 19 08 41.84
0  21598.70190  11190.70675  -7778.30967   0.9676823   0.4861103   3.3638615 2026 01 14 19 09 01.84
0  21617.98921  11200.35897  -7710.99557   0.9610462   0.4791298   3.3675688 2026 01 14 19 09 21.84
0  21637.14353  11209.87174  -7643.60765   0.9543827   0.4721652   3.3712439 2026 01 14 19 09 41.84
0  21656.16430  11219.24538  -7576.14654   0.9476921   0.4652166   3.3748867 2026 01 14 19 10 01.84
0  21675.05099  11228.48021  -7508.61291   0.9409742   0.4582842   3.3784971 2026 01 14 19 10 21.84
0  21693.80305  11237.57656  -7441.00740   0.9342294   0.4513681   3.3820751 2026 01 14 19 10 41.84
0  21712.41995  11246.53474  -7373.33064   0.9274576   0.4444685   3.3856207 2026 01 14 19 11 01.84
0  21730.90114  11255.35510  -7305.58331   0.9206589   0.4375854   3.3891338 2026 01 14 19 11 21.84
0  21749.24609  11264.03797  -7237.76603   0.9138335   0.4307190   3.3926144 2026 01 14 19 11 41.84
0  21767.45427  11272.58367  -7169.87947   0.9069815   0.4238694   3.3960624 2026 01 14 19 12 01.84
0  21785.52515  11280.99256  -7101.92427   0.9001029   0.4170368   3.3994779 2026 01 14 19 12 21.84
0  21803.45818  11289.26496  -7033.90109   0.8931978   0.4102213   3.4028609 2026 01 14 19 12 41.84
0  21821.25286  11297.40122  -6965.81057   0.8862664   0.4034229   3.4062112 2026 01 14 19 13 01.84
0  21838.90864  11305.40169  -6897.65338   0.8793088   0.3966419   3.4095288 2026 01 14 19 13 21.84
0  21856.42501  11313.26672  -6829.43016   0.8723250   0.3898784   3.4128138 2026 01 14 19 13 41.84
0  21873.80144  11320.99665  -6761.14157   0.8653152   0.3831324   3.4160660 2026 01 14 19 14 01.84
0  21891.03742  11328.59184  -6692.78826   0.8582794   0.3764042   3.4192855 2026 01 14 19 14 21.84
0  21908.13243  11336.05264  -6624.37090   0.8512178   0.3696938   3.4224722 2026 01 14 19 14 41.84
0  21925.08594  11343.37941  -6555.89012   0.8441305   0.3630014   3.4256261 2026 01 14 19 15 01.84
0  21941.89746  11350.57251  -6487.34659   0.8370175   0.3563270   3.4287472 2026 01 14 19 15 21.84
0  21958.56646  11357.63232  -6418.74098   0.8298791   0.3496709   3.4318354 2026 01 14 19 15 41.84
0  21975.09244  11364.55918  -6350.07392   0.8227152   0.3430331   3.4348907 2026 01 14 19 16 01.84
0  21991.47489  11371.35347  -6281.34609   0.8155260   0.3364137   3.4379131 2026 01 14 19 16 21.84
0  22007.71330  11378.01555  -6212.55814   0.8083116   0.3298130   3.4409026 2026 01 14 19 16 41.84
0  22023.80718  11384.54581  -6143.71073   0.8010722   0.3232309   3.4438591 2026 01 14 19 17 01.84
0  22039.75601  11390.94462  -6074.80453   0.7938077   0.3166677   3.4467826 2026 01 14 19 17 21.84
0  22055.55931  11397.21235  -6005.84018   0.7865184   0.3101234   3.4496730 2026 01 14 19 17 41.84
0  22071.21658  11403.34939  -5936.81835   0.7792043   0.3035982   3.4525304 2026 01 14 19 18 01.84
0  22086.72732  11409.35612  -5867.73971   0.7718656   0.2970922   3.4553547 2026 01 14 19 18 21.84
0  22102.09104  11415.23291  -5798.60491   0.7645023   0.2906054   3.4581459 2026 01 14 19 18 41.84
0  22117.30725  11420.98017  -5729.41462   0.7571146   0.2841382   3.4609040 2026 01 14 19 19 01.84
0  22132.37546  11426.59828  -5660.16950   0.7497026   0.2776904   3.4636289 2026 01 14 19 19 21.84
0  22147.29519  11432.08763  -5590.87022   0.7422664   0.2712623   3.4663206 2026 01 14 19 19 41.84
0  22162.06596  11437.44861  -5521.51743   0.7348061   0.2648541   3.4689791 2026 01 14 19 20 01.84
0  22176.68728  11442.68163  -5452.11181   0.7273218   0.2584657   3.4716044 2026 01 14 19 20 21.84
0  22191.15868  11447.78708  -5382.65401   0.7198136   0.2520973   3.4741964 2026 01 14 19 20 41.84
0  22205.47967  11452.76537  -5313.14470   0.7122817   0.2457491   3.4767552 2026 01 14 19 21 01.84
0  22219.64980  11457.61689  -5243.58455   0.7047261   0.2394211   3.4792806 2026 01 14 19 21 21.84
0  22233.66857  11462.34206  -5173.97423   0.6971470   0.2331135   3.4817727 2026 01 14 19 21 41.84
0  22247.53553  11466.94128  -5104.31440   0.6895445   0.2268264   3.4842315 2026 01 14 19 22 01.84
0  22261.25021  11471.41496  -5034.60572   0.6819188   0.2205598   3.4866569 2026 01 14 19 22 21.84
0  22274.81215  11475.76353  -4964.84888   0.6742698   0.2143140   3.4890489 2026 01 14 19 22 41.84
0  22288.22087  11479.98738  -4895.04452   0.6665978   0.2080890   3.4914074 2026 01 14 19 23 01.84
0  22301.47592  11484.08694  -4825.19334   0.6589029   0.2018850   3.4937326 2026 01 14 19 23 21.84
0  22314.57685  11488.06263  -4755.29598   0.6511851   0.1957020   3.4960243 2026 01 14 19 23 41.84
0  22327.52320  11491.91487  -4685.35312   0.6434446   0.1895401   3.4982824 2026 01 14 19 24 01.84
0  22340.31451  11495.64409  -4615.36544   0.6356816   0.1833996   3.5005071 2026 01 14 19 24 21.84
0  22352.95034  11499.25071  -4545.33359   0.6278960   0.1772804   3.5026983 2026 01 14 19 24 41.84
0  22365.43023  11502.73517  -4475.25826   0.6200882   0.1711827   3.5048559 2026 01 14 19 25 01.84
0  22377.75374  11506.09788  -4405.14011   0.6122581   0.1651066   3.5069800 2026 01 14 19 25 21.84
0  22389.92043  11509.33929  -4334.97982   0.6044059   0.1590523   3.5090705 2026 01 14 19 25 41.84
0  22401.92986  11512.45984  -4264.77805   0.5965317   0.1530198   3.5111274 2026 01 14 19 26 01.84
0  22413.78159  11515.45995  -4194.53548   0.5886357   0.1470092   3.5131507 2026 01 14 19 26 21.84
0  22425.47518  11518.34007  -4124.25279   0.5807180   0.1410206   3.5151403 2026 01 14 19 26 41.84
0  22437.01020  11521.10064  -4053.93063   0.5727786   0.1350542   3.5170963 2026 01 14 19 27 01.84
0  22448.38622  11523.74211  -3983.56970   0.5648177   0.1291101   3.5190186 2026 01 14 19 27 21.84
0  22459.60281  11526.26491  -3913.17065   0.5568355   0.1231883   3.5209072 2026 01 14 19 27 41.84
0  22470.65954  11528.66951  -3842.73417   0.5488321   0.1172890   3.5227621 2026 01 14 19 28 01.84
0  22481.55599  11530.95634  -3772.26093   0.5408075   0.1114123   3.5245833 2026 01 14 19 28 21.84
0  22492.29174  11533.12587  -3701.75160   0.5327619   0.1055583   3.5263707 2026 01 14 19 28 41.84
0  22502.86637  11535.17855  -3631.20686   0.5246955   0.0997270   3.5281244 2026 01 14 19 29 01.84
0  22513.27947  11537.11483  -3560.62739   0.5166083   0.0939186   3.5298443 2026 01 14 19 29 21.84
0  22523.53062  11538.93517  -3490.01385   0.5085005   0.0881333   3.5315304 2026 01 14 19 29 41.84
0  22533.61940  11540.64003  -3419.36693   0.5003723   0.0823710   3.5331828 2026 01 14 19 30 01.84
0  22543.54542  11542.22988  -3348.68730   0.4922237   0.0766319   3.5348013 2026 01 14 19 30 21.84
0  22553.30827  11543.70519  -3277.97564   0.4840548   0.0709161   3.5363859 2026 01 14 19 30 41.84
0  22562.90754  11545.06641  -3207.23263   0.4758659   0.0652237   3.5379368 2026 01 14 19 31 01.84
0  22572.34283  11546.31401  -3136.45894   0.4676570   0.0595548   3.5394537 2026 01 14 19 31 21.84
0  22581.61374  11547.44848  -3065.65524   0.4594282   0.0539095   3.5409368 2026 01 14 19 31 41.84
0  22590.71988  11548.47028  -2994.82223   0.4511798   0.0482880   3.5423860 2026 01 14 19 32 01.84
0  22599.66086  11549.37988  -2923.96057   0.4429117   0.0426902   3.5438013 2026 01 14 19 32 21.84
0  22608.43628  11550.17777  -2853.07094   0.4346242   0.0371163   3.5451827 2026 01 14 19 32 41.84
0  22617.04576  11550.86442  -2782.15402   0.4263174   0.0315664   3.5465302 2026 01 14 19 33 01.84
0  22625.48892  11551.44031  -2711.21050   0.4179914   0.0260406   3.5478437 2026 01 14 19 33 21.84
0  22633.76536  11551.90593  -2640.24104   0.4096463   0.0205390   3.5491233 2026 01 14 19 33 41.84
0  22641.87471  11552.26176  -2569.24633   0.4012824   0.0150616   3.5503689 2026 01 14 19 34 01.84
0  22649.81660  11552.50829  -2498.22705   0.3928996   0.0096087   3.5515806 2026 01 14 19 34 21.84
0  22657.59064  11552.64600  -2427.18387   0.3844982   0.0041802   3.5527582 2026 01 14 19 34 41.84
0  22665.19648  11552.67539  -2356.11749   0.3760782  -0.0012237   3.5539019 2026 01 14 19 35 01.84
0  22672.63372  11552.59694  -2285.02856   0.3676399  -0.0066029   3.5550116 2026 01 14 19 35 21.84
0  22679.90202  11552.41116  -2213.91779   0.3591833  -0.0119574   3.5560872 2026 01 14 19 35 41.84
0  22687.00101  11552.11854  -2142.78584   0.3507086  -0.0172870   3.5571289 2026 01 14 19 36 01.84
0  22693.93033  11551.71958  -2071.63340   0.3422158  -0.0225917   3.5581365 2026 01 14 19 36 21.84
0  22700.68961  11551.21477  -2000.46115   0.3337053  -0.0278714   3.5591100 2026 01 14 19 36 41.84
0  22707.27850  11550.60462  -1929.26977   0.3251770  -0.0331259   3.5600496 2026 01 14 19 37 01.84
0  22713.69666  11549.88963  -1858.05993   0.3166312  -0.0383553   3.5609550 2026 01 14 19 37 21.84
0  22719.94372  11549.07031  -1786.83233   0.3080679  -0.0435593   3.5618264 2026 01 14 19 37 41.84
0  22726.01935  11548.14716  -1715.58764   0.2994873  -0.0487379   3.5626637 2026 01 14 19 38 01.84
0  22731.92319  11547.12069  -1644.32655   0.2908896  -0.0538910   3.5634670 2026 01 14 19 38 21.84
0  22737.65491  11545.99142  -1573.04973   0.2822748  -0.0590186   3.5642362 2026 01 14 19 38 41.84
0  22743.21416  11544.75985  -1501.75787   0.2736431  -0.0641205   3.5649712 2026 01 14 19 39 01.84
0  22748.60061  11543.42650  -1430.45165   0.2649947  -0.0691967   3.5656722 2026 01 14 19 39 21.84
0  22753.81393  11541.99189  -1359.13175   0.2563297  -0.0742471   3.5663391 2026 01 14 19 39 41.84
0  22758.85379  11540.45653  -1287.79885   0.2476482  -0.0792715   3.5669718 2026 01 14 19 40 01.84
0  22763.71985  11538.82094  -1216.45364   0.2389504  -0.0842699   3.5675705 2026 01 14 19 40 21.84
0  22768.41179  11537.08564  -1145.09680   0.2302363  -0.0892423   3.5681350 2026 01 14 19 40 41.84
0  22772.92930  11535.25116  -1073.72901   0.2215063  -0.0941885   3.5686654 2026 01 14 19 41 01.84
0  22777.27204  11533.31801  -1002.35095   0.2127603  -0.0991084   3.5691617 2026 01 14 19 41 21.84
0  22781.43971  11531.28673   -930.96331   0.2039985  -0.1040020   3.5696238 2026 01 14 19 41 41.84
0  22785.43198  11529.15784   -859.56676   0.1952211  -0.1088692   3.5700519 2026 01 14 19 42 01.84
0  22789.24856  11526.93188   -788.16200   0.1864283  -0.1137099   3.5704457 2026 01 14 19 42 21.84
0  22792.88912  11524.60936   -716.74970   0.1776200  -0.1185240   3.5708054 2026 01 14 19 42 41.84
0  22796.35337  11522.19083   -645.33055   0.1687966  -0.1233114   3.5711310 2026 01 14 19 43 01.84
0  22799.64100  11519.67682   -573.90523   0.1599582  -0.1280721   3.5714225 2026 01 14 19 43 21.84
0  22802.75171  11517.06787   -502.47442   0.1511048  -0.1328060   3.5716797 2026 01 14 19 43 41.84
0  22805.68521  11514.36450   -431.03880   0.1422366  -0.1375130   3.5719029 2026 01 14 19 44 01.84
0  22808.44120  11511.56726   -359.59907   0.1333538  -0.1421931   3.5720919 2026 01 14 19 44 21.84
0  22811.01938  11508.67670   -288.15590   0.1244566  -0.1468461   3.5722467 2026 01 14 19 44 41.84
0  22813.41948  11505.69334   -216.70997   0.1155450  -0.1514719   3.5723674 2026 01 14 19 45 01.84
0  22815.64121  11502.61774   -145.26197   0.1066192  -0.1560706   3.5724539 2026 01 14 19 45 21.84
0  22817.68428  11499.45044    -73.81258   0.0976793  -0.1606420   3.5725062 2026 01 14 19 45 41.84
0  22819.54842  11496.19198     -2.36248   0.0887256  -0.1651860   3.5725245 2026 01 14 19 46 01.84
0  22821.23334  11492.84292     69.08763   0.0797581  -0.1697026   3.5725085 2026 01 14 19 46 21.84
0  22822.73878  11489.40380    140.53709   0.0707769  -0.1741917   3.5724584 2026 01 14 19 46 41.84
0  22824.06446  11485.87518    211.98520   0.0617824  -0.1786533   3.5723742 2026 01 14 19 47 01.84
0  22825.21012  11482.25760    283.43129   0.0527745  -0.1830872   3.5722558 2026 01 14 19 47 21.84
0  22826.17548  11478.55162    354.87467   0.0437534  -0.1874934   3.5721032 2026 01 14 19 47 41.84
0  22826.96030  11474.75779    426.31466   0.0347193  -0.1918718   3.5719165 2026 01 14 19 48 01.84
0  22827.56431  11470.87667    497.75057   0.0256724  -0.1962223   3.5716957 2026 01 14 19 48 21.84
0  22827.98725  11466.90883    569.18172   0.0166127  -0.2005450   3.5714407 2026 01 14 19 48 41.84
0  22828.22887  11462.85481    640.60743   0.0075404  -0.2048396   3.5711516 2026 01 14 19 49 01.84
0  22828.28893  11458.71517    712.02702  -0.0015443  -0.2091062   3.5708284 2026 01 14 19 49 21.84
0  22828.16716  11454.49049    783.43980  -0.0106412  -0.2133447   3.5704710 2026 01 14 19 49 41.84
0  22827.86334  11450.18132    854.84510  -0.0197503  -0.2175549   3.5700795 2026 01 14 19 50 01.84
0  22827.37722  11445.78822    926.24222  -0.0288714  -0.2217369   3.5696539 2026 01 14 19 50 21.84
0  22826.70855  11441.31177    997.63049  -0.0380043  -0.2258906   3.5691941 2026 01 14 19 50 41.84
0  22825.85712  11436.75253   1069.00922  -0.0471489  -0.2300159   3.5687003 2026 01 14 19 51 01.84
0  22824.82267  11432.11107   1140.37773  -0.0563051  -0.2341127   3.5681723 2026 01 14 19 51 21.84
0  22823.60499  11427.38796   1211.73535  -0.0654726  -0.2381810   3.5676102 2026 01 14 19 51 41.84
0  22822.20385  11422.58377   1283.08138  -0.0746513  -0.2422208   3.5670141 2026 01 14 19 52 01.84
0  22820.61902  11417.69907   1354.41515  -0.0838411  -0.2462319   3.5663838 2026 01 14 19 52 21.84
0  22818.85029  11412.73443   1425.73597  -0.0930419  -0.2502143   3.5657195 2026 01 14 19 52 41.84
0  22816.89743  11407.69044   1497.04317  -0.1022534  -0.2541679   3.5650211 2026 01 14 19 53 01.84
0  22814.76024  11402.56765   1568.33606  -0.1114756  -0.2580927   3.5642886 2026 01 14 19 53 21.84
0  22812.43850  11397.36667   1639.61395  -0.1207082  -0.2619886   3.5635221 2026 01 14 19 53 41.84
0  22809.93201  11392.08805   1710.87618  -0.1299511  -0.2658556   3.5627215 2026 01 14 19 54 01.84
0  22807.24056  11386.73239   1782.12205  -0.1392042  -0.2696935   3.5618869 2026 01 14 19 54 21.84
0  22804.36394  11381.30025   1853.35090  -0.1484673  -0.2735025   3.5610182 2026 01 14 19 54 41.84
0  22801.30197  11375.79223   1924.56202  -0.1577403  -0.2772822   3.5601156 2026 01 14 19 55 01.84
0  22798.05444  11370.20891   1995.75476  -0.1670230  -0.2810329   3.5591789 2026 01 14 19 55 21.84
0  22794.62116  11364.55086   2066.92842  -0.1763152  -0.2847542   3.5582081 2026 01 14 19 55 41.84
0  22791.00194  11358.81868   2138.08233  -0.1856169  -0.2884464   3.5572034 2026 01 14 19 56 01.84
0  22787.19660  11353.01295   2209.21580  -0.1949278  -0.2921091   3.5561647 2026 01 14 19 56 21.84
0  22783.20494  11347.13426   2280.32816  -0.2042478  -0.2957425   3.5550921 2026 01 14 19 56 41.84
0  22779.02680  11341.18320   2351.41872  -0.2135767  -0.2993464   3.5539854 2026 01 14 19 57 01.84
0  22774.66200  11335.16035   2422.48682  -0.2229144  -0.3029209   3.5528448 2026 01 14 19 57 21.84
0  22770.11035  11329.06631   2493.53176  -0.2322607  -0.3064657   3.5516703 2026 01 14 19 57 41.84
0  22765.37170  11322.90167   2564.55287  -0.2416155  -0.3099810   3.5504618 2026 01 14 19 58 01.84
0  22760.44586  11316.66702   2635.54948  -0.2509786  -0.3134667   3.5492194 2026 01 14 19 58 21.84
0  22755.33269  11310.36295   2706.52089  -0.2603499  -0.3169226   3.5479431 2026 01 14 19 58 41.84
0  22750.03200  11303.99007   2777.46645  -0.2697292  -0.3203488   3.5466329 2026 01 14 19 59 01.84
0  22744.54366  11297.54895   2848.38546  -0.2791163  -0.3237452   3.5452889 2026 01 14 19 59 21.84
0  22738.86749  11291.04021   2919.27725  -0.2885112  -0.3271117   3.5439109 2026 01 14 19 59 41.84
0  22733.00335  11284.46444   2990.14114  -0.2979135  -0.3304484   3.5424991 2026 01 14 20 00 01.84
0  22726.95109  11277.82223   3060.97646  -0.3073233  -0.3337551   3.5410535 2026 01 14 20 00 21.84
0  22720.71057  11271.11419   3131.78253  -0.3167403  -0.3370318   3.5395740 2026 01 14 20 00 41.84
0  22714.28163  11264.34091   3202.55867  -0.3261643  -0.3402785   3.5380608 2026 01 14 20 01 01.84
0  22707.66415  11257.50300   3273.30421  -0.3355953  -0.3434952   3.5365137 2026 01 14 20 01 21.84
0  22700.85798  11250.60106   3344.01847  -0.3450330  -0.3466817   3.5349329 2026 01 14 20 01 41.84
0  22693.86299  11243.63569   3414.70077  -0.3544773  -0.3498380   3.5333182 2026 01 14 20 02 01.84
0  22686.67905  11236.60749   3485.35045  -0.3639280  -0.3529642   3.5316699 2026 01 14 20 02 21.84
0  22679.30603  11229.51708   3555.96682  -0.3733851  -0.3560601   3.5299878 2026 01 14 20 02 41.84
0  22671.74381  11222.36505   3626.54921  -0.3828482  -0.3591258   3.5282720 2026 01 14 20 03 01.84
0  22663.99227  11215.15200   3697.09695  -0.3923173  -0.3621611   3.5265224 2026 01 14 20 03 21.84
0  22656.05129  11207.87856   3767.60936  -0.4017923  -0.3651660   3.5247392 2026 01 14 20 03 41.84
0  22647.92076  11200.54532   3838.08577  -0.4112728  -0.3681406   3.5229224 2026 01 14 20 04 01.84
0  22639.60055  11193.15290   3908.52551  -0.4207589  -0.3710847   3.5210719 2026 01 14 20 04 21.84
0  22631.09058  11185.70189   3978.92790  -0.4302503  -0.3739983   3.5191877 2026 01 14 20 04 41.84
0  22622.39073  11178.19292   4049.29227  -0.4397469  -0.3768815   3.5172700 2026 01 14 20 05 01.84
0  22613.50089  11170.62660   4119.61795  -0.4492484  -0.3797340   3.5153186 2026 01 14 20 05 21.84
0  22604.42098  11163.00352   4189.90427  -0.4587549  -0.3825560   3.5133337 2026 01 14 20 05 41.84
0  22595.15089  11155.32432   4260.15056  -0.4682660  -0.3853474   3.5113153 2026 01 14 20 06 01.84
0  22585.69053  11147.58959   4330.35614  -0.4777817  -0.3881081   3.5092633 2026 01 14 20 06 21.84
0  22576.03981  11139.79995   4400.52035  -0.4873017  -0.3908382   3.5071777 2026 01 14 20 06 41.84
0  22566.19866  11131.95603   4470.64251  -0.4968260  -0.3935375   3.5050587 2026 01 14 20 07 01.84
0  22556.16698  11124.05842   4540.72195  -0.5063543  -0.3962060   3.5029062 2026 01 14 20 07 21.84
0  22545.94469  11116.10775   4610.75802  -0.5158865  -0.3988438   3.5007203 2026 01 14 20 07 41.84
0  22535.53172  11108.10463   4680.75003  -0.5254225  -0.4014508   3.4985009 2026 01 14 20 08 01.84
0  22524.92800  11100.04968   4750.69731  -0.5349620  -0.4040269   3.4962482 2026 01 14 20 08 21.84
0  22514.13345  11091.94352   4820.59921  -0.5445050  -0.4065722   3.4939620 2026 01 14 20 08 41.84
0  22503.14801  11083.78676   4890.45506  -0.5540512  -0.4090866   3.4916425 2026 01 14 20 09 01.84
0  22491.97162  11075.58002   4960.26418  -0.5636005  -0.4115700   3.4892896 2026 01 14 20 09 21.84
0  22480.60421  11067.32392   5030.02590  -0.5731527  -0.4140225   3.4869034 2026 01 14 20 09 41.84
0  22469.04574  11059.01908   5099.73958  -0.5827077  -0.4164440   3.4844839 2026 01 14 20 10 01.84
0  22457.29613  11050.66613   5169.40453  -0.5922654  -0.4188345   3.4820312 2026 01 14 20 10 21.84
0  22445.35535  11042.26567   5239.02009  -0.6018254  -0.4211940   3.4795452 2026 01 14 20 10 41.84
0  22433.22334  11033.81833   5308.58560  -0.6113878  -0.4235225   3.4770259 2026 01 14 20 11 01.84
0  22420.90007  11025.32474   5378.10039  -0.6209523  -0.4258198   3.4744735 2026 01 14 20 11 21.84
0  22408.38548  11016.78551   5447.56381  -0.6305188  -0.4280861   3.4718879 2026 01 14 20 11 41.84
0  22395.67955  11008.20127   5516.97518  -0.6400871  -0.4303212   3.4692691 2026 01 14 20 12 01.84
0  22382.78224  10999.57263   5586.33384  -0.6496570  -0.4325252   3.4666172 2026 01 14 20 12 21.84
0  22369.69352  10990.90023   5655.63914  -0.6592285  -0.4346980   3.4639322 2026 01 14 20 12 41.84
0  22356.41335  10982.18468   5724.89040  -0.6688012  -0.4368396   3.4612142 2026 01 14 20 13 01.84
0  22342.94171  10973.42661   5794.08698  -0.6783751  -0.4389501   3.4584631 2026 01 14 20 13 21.84
0  22329.27859  10964.62665   5863.22820  -0.6879501  -0.4410293   3.4556789 2026 01 14 20 13 41.84
0  22315.42397  10955.78541   5932.31341  -0.6975258  -0.4430773   3.4528618 2026 01 14 20 14 01.84
0  22301.37782  10946.90353   6001.34194  -0.7071023  -0.4450940   3.4500117 2026 01 14 20 14 21.84
0  22287.14013  10937.98162   6070.31315  -0.7166792  -0.4470795   3.4471287 2026 01 14 20 14 41.84
0  22272.71091  10929.02032   6139.22637  -0.7262566  -0.4490336   3.4442127 2026 01 14 20 15 01.84
0  22258.09014  10920.02025   6208.08094  -0.7358341  -0.4509565   3.4412639 2026 01 14 20 15 21.84
0  22243.27781  10910.98203   6276.87620  -0.7454116  -0.4528480   3.4382822 2026 01 14 20 15 41.84
0  22228.27394  10901.90630   6345.61150  -0.7549890  -0.4547083   3.4352677 2026 01 14 20 16 01.84
0  22213.07852  10892.79367   6414.28619  -0.7645662  -0.4565371   3.4322204 2026 01 14 20 16 21.84
0  22197.69157  10883.64479   6482.89960  -0.7741429  -0.4583347   3.4291403 2026 01 14 20 16 41.84
0  22182.11308  10874.46026   6551.45108  -0.7837189  -0.4601008   3.4260275 2026 01 14 20 17 01.84
0  22166.34309  10865.24073   6619.93998  -0.7932942  -0.4618356   3.4228820 2026 01 14 20 17 21.84
0  22150.38160  10855.98681   6688.36565  -0.8028686  -0.4635390   3.4197038 2026 01 14 20 17 41.84
0  22134.22863  10846.69914   6756.72742  -0.8124418  -0.4652110   3.4164929 2026 01 14 20 18 01.84
0  22117.88421  10837.37835   6825.02465  -0.8220138  -0.4668515   3.4132495 2026 01 14 20 18 21.84
0  22101.34837  10828.02505   6893.25668  -0.8315844  -0.4684607   3.4099734 2026 01 14 20 18 41.84
0  22084.62113  10818.63989   6961.42287  -0.8411534  -0.4700385   3.4066648 2026 01 14 20 19 01.84
0  22067.70253  10809.22349   7029.52256  -0.8507206  -0.4715848   3.4033237 2026 01 14 20 19 21.84
0  22050.59260  10799.77648   7097.55511  -0.8602859  -0.4730997   3.3999501 2026 01 14 20 19 41.84
0  22033.29139  10790.29948   7165.51986  -0.8698492  -0.4745831   3.3965440 2026 01 14 20 20 01.84
0  22015.79894  10780.79313   7233.41616  -0.8794102  -0.4760351   3.3931055 2026 01 14 20 20 21.84
0  21998.11529  10771.25805   7301.24337  -0.8889688  -0.4774557   3.3896346 2026 01 14 20 20 41.84
0  21980.24049  10761.69487   7369.00083  -0.8985249  -0.4788448   3.3861313 2026 01 14 20 21 01.84
0  21962.17460  10752.10423   7436.68791  -0.9080783  -0.4802025   3.3825958 2026 01 14 20 21 21.84
0  21943.91767  10742.48675   7504.30396  -0.9176287  -0.4815287   3.3790279 2026 01 14 20 21 41.84
0  21925.46977  10732.84306   7571.84832  -0.9271762  -0.4828234   3.3754277 2026 01 14 20 22 01.84
0  21906.83095  10723.17379   7639.32036  -0.9367204  -0.4840867   3.3717954 2026 01 14 20 22 21.84
0  21888.00127  10713.47957   7706.71944  -0.9462612  -0.4853186   3.3681309 2026 01 14 20 22 41.84
0  21868.98082  10703.76102   7774.04490  -0.9557985  -0.4865190   3.3644342 2026 01 14 20 23 01.84
0  21849.76966  10694.01879   7841.29610  -0.9653322  -0.4876879   3.3607054 2026 01 14 20 23 21.84
0  21830.36786  10684.25348   7908.47241  -0.9748620  -0.4888254   3.3569445 2026 01 14 20 23 41.84
0  21810.77551  10674.46574   7975.57318  -0.9843877  -0.4899315   3.3531515 2026 01 14 20 24 01.84
0  21790.99269  10664.65620   8042.59777  -0.9939093  -0.4910061   3.3493266 2026 01 14 20 24 21.84
0  21771.01947  10654.82548   8109.54555  -1.0034266  -0.4920493   3.3454697 2026 01 14 20 24 41.84
0  21750.85596  10644.97421   8176.41586  -1.0129393  -0.4930610   3.3415808 2026 01 14 20 25 01.84
0  21730.50224  10635.10301   8243.20809  -1.0224474  -0.4940413   3.3376600 2026 01 14 20 25 21.84
0  21709.95841  10625.21253   8309.92157  -1.0319507  -0.4949902   3.3337074 2026 01 14 20 25 41.84
0  21689.22456  10615.30338   8376.55569  -1.0414489  -0.4959077   3.3297230 2026 01 14 20 26 01.84
0  21668.30080  10605.37620   8443.10980  -1.0509421  -0.4967938   3.3257068 2026 01 14 20 26 21.84
0  21647.18723  10595.43161   8509.58327  -1.0604299  -0.4976485   3.3216588 2026 01 14 20 26 41.84
0  21625.88396  10585.47023   8575.97546  -1.0699123  -0.4984719   3.3175791 2026 01 14 20 27 01.84
0  21604.39110  10575.49271   8642.28575  -1.0793890  -0.4992638   3.3134678 2026 01 14 20 27 21.84
0  21582.70876  10565.49966   8708.51349  -1.0888599  -0.5000244   3.3093248 2026 01 14 20 27 41.84
0  21560.83706  10555.49171   8774.65805  -1.0983249  -0.5007536   3.3051502 2026 01 14 20 28 01.84
0  21538.77612  10545.46949   8840.71881  -1.1077838  -0.5014515   3.3009441 2026 01 14 20 28 21.84
0  21516.52607  10535.43363   8906.69514  -1.1172364  -0.5021181   3.2967065 2026 01 14 20 28 41.84
0  21494.08704  10525.38474   8972.58639  -1.1266826  -0.5027534   3.2924374 2026 01 14 20 29 01.84
0  21471.45914  10515.32347   9038.39195  -1.1361221  -0.5033574   3.2881369 2026 01 14 20 29 21.84
0  21448.64252  10505.25042   9104.11119  -1.1455549  -0.5039301   3.2838050 2026 01 14 20 29 41.84
0  21425.63732  10495.16624   9169.74347  -1.1549808  -0.5044715   3.2794417 2026 01 14 20 30 01.84
0  21402.44367  10485.07154   9235.28818  -1.1643997  -0.5049817   3.2750471 2026 01 14 20 30 21.84
0  21379.06171  10474.96695   9300.74468  -1.1738112  -0.5054607   3.2706213 2026 01 14 20 30 41.84
0  21355.49160  10464.85309   9366.11235  -1.1832154  -0.5059084   3.2661643 2026 01 14 20 31 01.84
0  21331.73348  10454.73059   9431.39057  -1.1926121  -0.5063250   3.2616760 2026 01 14 20 31 21.84
0  21307.78751  10444.60007   9496.57872  -1.2020010  -0.5067103   3.2571567 2026 01 14 20 31 41.84
0  21283.65383  10434.46216   9561.67617  -1.2113820  -0.5070646   3.2526062 2026 01 14 20 32 01.84
0  21259.33262  10424.31747   9626.68230  -1.2207550  -0.5073877   3.2480247 2026 01 14 20 32 21.84
0  21234.82403  10414.16663   9691.59649  -1.2301198  -0.5076797   3.2434122 2026 01 14 20 32 41.84
0  21210.12823  10404.01026   9756.41812  -1.2394762  -0.5079406   3.2387687 2026 01 14 20 33 01.84
0  21185.24538  10393.84898   9821.14657  -1.2488242  -0.5081704   3.2340944 2026 01 14 20 33 21.84
0  21160.17566  10383.68342   9885.78123  -1.2581634  -0.5083692   3.2293891 2026 01 14 20 33 41.84
0  21134.91925  10373.51419   9950.32147  -1.2674938  -0.5085370   3.2246530 2026 01 14 20 34 01.84
0  21109.47632  10363.34192  10014.76669  -1.2768153  -0.5086737   3.2198862 2026 01 14 20 34 21.84
0  21083.84705  10353.16722  10079.11626  -1.2861275  -0.5087796   3.2150886 2026 01 14 20 34 41.84
0  21058.03163  10342.99071  10143.36957  -1.2954305  -0.5088544   3.2102603 2026 01 14 20 35 01.84
0  21032.03024  10332.81301  10207.52601  -1.3047240  -0.5088984   3.2054013 2026 01 14 20 35 21.84
0  21005.84309  10322.63475  10271.58496  -1.3140078  -0.5089115   3.2005118 2026 01 14 20 35 41.84
0  20979.47035  10312.45653  10335.54582  -1.3232819  -0.5088937   3.1955917 2026 01 14 20 36 01.84
0  20952.91223  10302.27898  10399.40798  -1.3325460  -0.5088451   3.1906411 2026 01 14 20 36 21.84
0  20926.16893  10292.10270  10463.17082  -1.3418001  -0.5087657   3.1856601 2026 01 14 20 36 41.84
0  20899.24065  10281.92832  10526.83373  -1.3510438  -0.5086556   3.1806486 2026 01 14 20 37 01.84
0  20872.12761  10271.75645  10590.39611  -1.3602772  -0.5085147   3.1756068 2026 01 14 20 37 21.84
0  20844.83000  10261.58771  10653.85735  -1.3695000  -0.5083431   3.1705346 2026 01 14 20 37 41.84
0  20817.34804  10251.42271  10717.21684  -1.3787120  -0.5081408   3.1654322 2026 01 14 20 38 01.84
0  20789.68195  10241.26205  10780.47399  -1.3879132  -0.5079079   3.1602996 2026 01 14 20 38 21.84
0  20761.83195  10231.10636  10843.62818  -1.3971033  -0.5076444   3.1551368 2026 01 14 20 38 41.84
0  20733.79826  10220.95625  10906.67882  -1.4062822  -0.5073503   3.1499439 2026 01 14 20 39 01.84
0  20705.58111  10210.81233  10969.62530  -1.4154497  -0.5070257   3.1447209 2026 01 14 20 39 21.84
0  20677.18072  10200.67520  11032.46701  -1.4246057  -0.5066706   3.1394679 2026 01 14 20 39 41.84
0  20648.59733  10190.54548  11095.20337  -1.4337501  -0.5062850   3.1341849 2026 01 14 20 40 01.84
0  20619.83116  10180.42377  11157.83377  -1.4428826  -0.5058690   3.1288721 2026 01 14 20 40 21.84
0  20590.88247  10170.31069  11220.35762  -1.4520032  -0.5054227   3.1235293 2026 01 14 20 40 41.84
0  20561.75149  10160.20684  11282.77431  -1.4611116  -0.5049459   3.1181567 2026 01 14 20 41 01.84
0  20532.43847  10150.11282  11345.08325  -1.4702077  -0.5044389   3.1127544 2026 01 14 20 41 21.84
0  20502.94365  10140.02925  11407.28385  -1.4792913  -0.5039016   3.1073223 2026 01 14 20 41 41.84
0  20473.26728  10129.95673  11469.37551  -1.4883624  -0.5033341   3.1018605 2026 01 14 20 42 01.84
0  20443.40961  10119.89586  11531.35764  -1.4974207  -0.5027364   3.0963692 2026 01 14 20 42 21.84
0  20413.37092  10109.84725  11593.22965  -1.5064660  -0.5021086   3.0908483 2026 01 14 20 42 41.84
0  20383.15144  10099.81149  11654.99094  -1.5154983  -0.5014506   3.0852979 2026 01 14 20 43 01.84
0  20352.75145  10089.78919  11716.64094  -1.5245174  -0.5007626   3.0797180 2026 01 14 20 43 21.84
0  20322.17122  10079.78096  11778.17904  -1.5335231  -0.5000446   3.0741087 2026 01 14 20 43 41.84
0  20291.41100  10069.78738  11839.60466  -1.5425153  -0.4992967   3.0684701 2026 01 14 20 44 01.84
0  20260.47108  10059.80906  11900.91722  -1.5514938  -0.4985188   3.0628022 2026 01 14 20 44 21.84
0  20229.35173  10049.84660  11962.11613  -1.5604584  -0.4977110   3.0571050 2026 01 14 20 44 41.84
0  20198.05323  10039.90059  12023.20080  -1.5694091  -0.4968734   3.0513787 2026 01 14 20 45 01.84
0  20166.57585  10029.97163  12084.17066  -1.5783456  -0.4960060   3.0456232 2026 01 14 20 45 21.84
0  20134.91989  10020.06032  12145.02511  -1.5872678  -0.4951089   3.0398386 2026 01 14 20 45 41.84
0  20103.08563  10010.16724  12205.76359  -1.5961756  -0.4941821   3.0340250 2026 01 14 20 46 01.84
0  20071.07336  10000.29300  12266.38550  -1.6050687  -0.4932257   3.0281825 2026 01 14 20 46 21.84
0  20038.88337   9990.43818  12326.89028  -1.6139472  -0.4922397   3.0223110 2026 01 14 20 46 41.84
0  20006.51597   9980.60338  12387.27733  -1.6228107  -0.4912242   3.0164107 2026 01 14 20 47 01.84
0  19973.97145   9970.78918  12447.54609  -1.6316591  -0.4901792   3.0104816 2026 01 14 20 47 21.84
0  19941.25010   9960.99618  12507.69599  -1.6404924  -0.4891047   3.0045237 2026 01 14 20 47 41.84
0  19908.35225   9951.22496  12567.72644  -1.6493103  -0.4880009   2.9985371 2026 01 14 20 48 01.84
0  19875.27820   9941.47611  12627.63687  -1.6581127  -0.4868678   2.9925219 2026 01 14 20 48 21.84
0  19842.02825   9931.75021  12687.42671  -1.6668994  -0.4857054   2.9864782 2026 01 14 20 48 41.84
0  19808.60273   9922.04786  12747.09540  -1.6756703  -0.4845137   2.9804059 2026 01 14 20 49 01.84
0  19775.00195   9912.36963  12806.64235  -1.6844253  -0.4832930   2.9743052 2026 01 14 20 49 21.84
0  19741.22623   9902.71610  12866.06700  -1.6931641  -0.4820431   2.9681760 2026 01 14 20 49 41.84
0  19707.27590   9893.08787  12925.36879  -1.7018868  -0.4807642   2.9620185 2026 01 14 20 50 01.84
0  19673.15128   9883.48550  12984.54715  -1.7105930  -0.4794562   2.9558328 2026 01 14 20 50 21.84
0  19638.85270   9873.90958  13043.60151  -1.7192826  -0.4781194   2.9496188 2026 01 14 20 50 41.84
0  19604.38049   9864.36069  13102.53131  -1.7279556  -0.4767537   2.9433766 2026 01 14 20 51 01.84
0  19569.73500   9854.83940  13161.33598  -1.7366117  -0.4753592   2.9371063 2026 01 14 20 51 21.84
0  19534.91655   9845.34628  13220.01497  -1.7452508  -0.4739359   2.9308080 2026 01 14 20 51 41.84
0  19499.92550   9835.88192  13278.56772  -1.7538727  -0.4724839   2.9244817 2026 01 14 20 52 01.84
0  19464.76217   9826.44689  13336.99365  -1.7624774  -0.4710033   2.9181275 2026 01 14 20 52 21.84
0  19429.42693   9817.04175  13395.29223  -1.7710646  -0.4694942   2.9117454 2026 01 14 20 52 41.84
0  19393.92012   9807.66708  13453.46289  -1.7796343  -0.4679565   2.9053354 2026 01 14 20 53 01.84
0  19358.24210   9798.32345  13511.50507  -1.7881862  -0.4663904   2.8988978 2026 01 14 20 53 21.84
0  19322.39321   9789.01142  13569.41822  -1.7967203  -0.4647959   2.8924324 2026 01 14 20 53 41.84
0  19286.37383   9779.73157  13627.20179  -1.8052363  -0.4631731   2.8859395 2026 01 14 20 54 01.84
0  19250.18430   9770.48446  13684.85522  -1.8137341  -0.4615221   2.8794189 2026 01 14 20 54 21.84
0  19213.82500   9761.27065  13742.37797  -1.8222137  -0.4598428   2.8728709 2026 01 14 20 54 41.84
0  19177.29630   9752.09070  13799.76948  -1.8306748  -0.4581355   2.8662954 2026 01 14 20 55 01.84
0  19140.59856   9742.94518  13857.02922  -1.8391173  -0.4564001   2.8596926 2026 01 14 20 55 21.84
0  19103.73216   9733.83465  13914.15662  -1.8475410  -0.4546367   2.8530624 2026 01 14 20 55 41.84
0  19066.69747   9724.75967  13971.15114  -1.8559459  -0.4528454   2.8464050 2026 01 14 20 56 01.84
0  19029.49488   9715.72079  14028.01225  -1.8643317  -0.4510263   2.8397204 2026 01 14 20 56 21.84
0  18992.12476   9706.71857  14084.73939  -1.8726984  -0.4491794   2.8330087 2026 01 14 20 56 41.84
0  18954.58750   9697.75357  14141.33203  -1.8810457  -0.4473048   2.8262699 2026 01 14 20 57 01.84
0  18916.88349   9688.82634  14197.78963  -1.8893736  -0.4454025   2.8195041 2026 01 14 20 57 21.84
0  18879.01312   9679.93742  14254.11164  -1.8976819  -0.4434727   2.8127114 2026 01 14 20 57 41.84
0  18840.97678   9671.08738  14310.29752  -1.9059704  -0.4415154   2.8058918 2026 01 14 20 58 01.84
0  18802.77487   9662.27676  14366.34675  -1.9142391  -0.4395307   2.7990454 2026 01 14 20 58 21.84
0  18764.40778   9653.50610  14422.25878  -1.9224878  -0.4375186   2.7921722 2026 01 14 20 58 41.84
0  18725.87593   9644.77596  14478.03309  -1.9307162  -0.4354793   2.7852724 2026 01 14 20 59 01.84
0  18687.17971   9636.08688  14533.66913  -1.9389244  -0.4334128   2.7783460 2026 01 14 20 59 21.84
0  18648.31953   9627.43940  14589.16638  -1.9471121  -0.4313191   2.7713931 2026 01 14 20 59 41.84
0  18609.29580   9618.83407  14644.52431  -1.9552793  -0.4291984   2.7644136 2026 01 14 21 00 01.84
0  18570.10893   9610.27142  14699.74238  -1.9634257  -0.4270508   2.7574078 2026 01 14 21 00 21.84
0  18530.75935   9601.75199  14754.82007  -1.9715513  -0.4248762   2.7503756 2026 01 14 21 00 41.84
0  18491.24746   9593.27632  14809.75686  -1.9796559  -0.4226748   2.7433171 2026 01 14 21 01 01.84
0  18451.57370   9584.84494  14864.55222  -1.9877393  -0.4204467   2.7362324 2026 01 14 21 01 21.84
0  18411.73848   9576.45839  14919.20562  -1.9958015  -0.4181919   2.7291216 2026 01 14 21 01 41.84
0  18371.74223   9568.11721  14973.71654  -2.0038423  -0.4159106   2.7219847 2026 01 14 21 02 01.84
0  18331.58538   9559.82192  15028.08447  -2.0118615  -0.4136027   2.7148218 2026 01 14 21 02 21.84
0  18291.26836   9551.57305  15082.30888  -2.0198590  -0.4112684   2.7076330 2026 01 14 21 02 41.84
0  18250.79161   9543.37112  15136.38926  -2.0278347  -0.4089078   2.7004182 2026 01 14 21 03 01.84
0  18210.15557   9535.21668  15190.32508  -2.0357885  -0.4065210   2.6931777 2026 01 14 21 03 21.84
0  18169.36067   9527.11023  15244.11584  -2.0437201  -0.4041079   2.6859115 2026 01 14 21 03 41.84
0  18128.40736   9519.05230  15297.76101  -2.0516296  -0.4016688   2.6786195 2026 01 14 21 04 01.84
0  18087.29608   9511.04342  15351.26009  -2.0595167  -0.3992036   2.6713020 2026 01 14 21 04 21.84
0  18046.02729   9503.08410  15404.61257  -2.0673813  -0.3967126   2.6639589 2026 01 14 21 04 41.84
0  18004.60144   9495.17486  15457.81793  -2.0752232  -0.3941957   2.6565904 2026 01 14 21 05 01.84
0  17963.01897   9487.31621  15510.87567  -2.0830425  -0.3916530   2.6491965 2026 01 14 21 05 21.84
0  17921.28035   9479.50867  15563.78527  -2.0908388  -0.3890847   2.6417773 2026 01 14 21 05 41.84
0  17879.38603   9471.75276  15616.54624  -2.0986121  -0.3864908   2.6343328 2026 01 14 21 06 01.84
0  17837.33648   9464.04898  15669.15807  -2.1063622  -0.3838714   2.6268632 2026 01 14 21 06 21.84
0  17795.13215   9456.39784  15721.62025  -2.1140891  -0.3812265   2.6193684 2026 01 14 21 06 41.84
0  17752.77353   9448.79986  15773.93229  -2.1217925  -0.3785564   2.6118486 2026 01 14 21 07 01.84
0  17710.26107   9441.25552  15826.09369  -2.1294724  -0.3758610   2.6043039 2026 01 14 21 07 21.84
0  17667.59525   9433.76535  15878.10394  -2.1371287  -0.3731405   2.5967342 2026 01 14 21 07 41.84
0  17624.77654   9426.32984  15929.96255  -2.1447611  -0.3703950   2.5891397 2026 01 14 21 08 01.84
0  17581.80543   9418.94948  15981.66903  -2.1523695  -0.3676244   2.5815205 2026 01 14 21 08 21.84
0  17538.68239   9411.62479  16033.22287  -2.1599540  -0.3648290   2.5738766 2026 01 14 21 08 41.84
0  17495.40790   9404.35625  16084.62359  -2.1675142  -0.3620089   2.5662081 2026 01 14 21 09 01.84
0  17451.98245   9397.14437  16135.87069  -2.1750501  -0.3591640   2.5585150 2026 01 14 21 09 21.84
0  17408.40652   9389.98963  16186.96369  -2.1825615  -0.3562945   2.5507975 2026 01 14 21 09 41.84
0  17364.68062   9382.89252  16237.90210  -2.1900484  -0.3534006   2.5430556 2026 01 14 21 10 01.84
0  17320.80522   9375.85353  16288.68542  -2.1975106  -0.3504822   2.5352894 2026 01 14 21 10 21.84
0  17276.78083   9368.87316  16339.31318  -2.2049479  -0.3475395   2.5274989 2026 01 14 21 10 41.84
0  17232.60794   9361.95188  16389.78489  -2.2123603  -0.3445726   2.5196843 2026 01 14 21 11 01.84
0  17188.28706   9355.09018  16440.10007  -2.2197476  -0.3415815   2.5118456 2026 01 14 21 11 21.84
0  17143.81868   9348.28855  16490.25823  -2.2271097  -0.3385665   2.5039829 2026 01 14 21 11 41.84
0  17099.20331   9341.54745  16540.25890  -2.2344465  -0.3355275   2.4960962 2026 01 14 21 12 01.84
0  17054.44146   9334.86737  16590.10160  -2.2417579  -0.3324646   2.4881857 2026 01 14 21 12 21.84
0  17009.53364   9328.24879  16639.78585  -2.2490436  -0.3293781   2.4802513 2026 01 14 21 12 41.84
0  16964.48036   9321.69217  16689.31117  -2.2563037  -0.3262678   2.4722933 2026 01 14 21 13 01.84
0  16919.28214   9315.19800  16738.67710  -2.2635379  -0.3231341   2.4643116 2026 01 14 21 13 21.84
0  16873.93949   9308.76673  16787.88316  -2.2707462  -0.3199769   2.4563063 2026 01 14 21 13 41.84
0  16828.45294   9302.39884  16836.92888  -2.2779284  -0.3167963   2.4482775 2026 01 14 21 14 01.84
0  16782.82301   9296.09480  16885.81379  -2.2850845  -0.3135925   2.4402253 2026 01 14 21 14 21.84
0  16737.05022   9289.85506  16934.53742  -2.2922142  -0.3103656   2.4321498 2026 01 14 21 14 41.84
0  16691.13510   9283.68009  16983.09931  -2.2993175  -0.3071156   2.4240510 2026 01 14 21 15 01.84
0  16645.07818   9277.57035  17031.49900  -2.3063943  -0.3038427   2.4159291 2026 01 14 21 15 21.84
0  16598.87999   9271.52630  17079.73601  -2.3134444  -0.3005469   2.4077840 2026 01 14 21 15 41.84
0  16552.54106   9265.54839  17127.80990  -2.3204677  -0.2972285   2.3996159 2026 01 14 21 16 01.84
0  16506.06194   9259.63708  17175.72019  -2.3274642  -0.2938873   2.3914248 2026 01 14 21 16 21.84
0  16459.44316   9253.79281  17223.46643  -2.3344336  -0.2905237   2.3832108 2026 01 14 21 16 41.84
0  16412.68526   9248.01605  17271.04816  -2.3413759  -0.2871376   2.3749741 2026 01 14 21 17 01.84
0  16365.78879   9242.30722  17318.46494  -2.3482909  -0.2837292   2.3667146 2026 01 14 21 17 21.84
0  16318.75429   9236.66679  17365.71629  -2.3551786  -0.2802986   2.3584325 2026 01 14 21 17 41.84
0  16271.58232   9231.09519  17412.80178  -2.3620387  -0.2768458   2.3501278 2026 01 14 21 18 01.84
0  16224.27342   9225.59287  17459.72096  -2.3688713  -0.2733711   2.3418006 2026 01 14 21 18 21.84
0  16176.82814   9220.16026  17506.47336  -2.3756762  -0.2698745   2.3334510 2026 01 14 21 18 41.84
0  16129.24705   9214.79780  17553.05855  -2.3824532  -0.2663561   2.3250791 2026 01 14 21 19 01.84
0  16081.53069   9209.50592  17599.47608  -2.3892023  -0.2628160   2.3166849 2026 01 14 21 19 21.84
0  16033.67963   9204.28507  17645.72551  -2.3959234  -0.2592543   2.3082686 2026 01 14 21 19 41.84
0  15985.69443   9199.13566  17691.80639  -2.4026163  -0.2556712   2.2998301 2026 01 14 21 20 01.84
0  15937.57566   9194.05812  17737.71828  -2.4092809  -0.2520667   2.2913697 2026 01 14 21 20 21.84
0  15889.32388   9189.05289  17783.46074  -2.4159171  -0.2484410   2.2828873 2026 01 14 21 20 41.84
0  15840.93966   9184.12039  17829.03333  -2.4225248  -0.2447941   2.2743831 2026 01 14 21 21 01.84
0  15792.42358   9179.26103  17874.43563  -2.4291039  -0.2411262   2.2658571 2026 01 14 21 21 21.84
0  15743.77619   9174.47524  17919.66719  -2.4356543  -0.2374374   2.2573094 2026 01 14 21 21 41.84
0  15694.99809   9169.76344  17964.72758  -2.4421759  -0.2337278   2.2487401 2026 01 14 21 22 01.84
0  15646.08985   9165.12603  18009.61637  -2.4486685  -0.2299975   2.2401492 2026 01 14 21 22 21.84
0  15597.05204   9160.56344  18054.33312  -2.4551321  -0.2262466   2.2315370 2026 01 14 21 22 41.84
0  15547.88526   9156.07607  18098.87742  -2.4615665  -0.2224752   2.2229033 2026 01 14 21 23 01.84
0  15498.59007   9151.66433  18143.24884  -2.4679717  -0.2186835   2.2142484 2026 01 14 21 23 21.84
0  15449.16708   9147.32862  18187.44694  -2.4743475  -0.2148716   2.2055723 2026 01 14 21 23 41.84
0  15399.61687   9143.06936  18231.47131  -2.4806939  -0.2110396   2.1968750 2026 01 14 21 24 01.84
0  15349.94003   9138.88693  18275.32153  -2.4870106  -0.2071875   2.1881567 2026 01 14 21 24 21.84
0  15300.13715   9134.78175  18318.99717  -2.4932977  -0.2033155   2.1794175 2026 01 14 21 24 41.84
0  15250.20882   9130.75421  18362.49782  -2.4995550  -0.1994238   2.1706574 2026 01 14 21 25 01.84
0  15200.15565   9126.80469  18405.82306  -2.5057824  -0.1955124   2.1618765 2026 01 14 21 25 21.84
0  15149.97823   9122.93360  18448.97247  -2.5119798  -0.1915814   2.1530748 2026 01 14 21 25 41.84
0  15099.67717   9119.14132  18491.94565  -2.5181471  -0.1876311   2.1442526 2026 01 14 21 26 01.84
0  15049.25306   9115.42825  18534.74217  -2.5242842  -0.1836614   2.1354098 2026 01 14 21 26 21.84
0  14998.70651   9111.79476  18577.36164  -2.5303910  -0.1796725   2.1265466 2026 01 14 21 26 41.84
0  14948.03813   9108.24124  18619.80364  -2.5364674  -0.1756646   2.1176630 2026 01 14 21 27 01.84
0  14897.24852   9104.76806  18662.06776  -2.5425133  -0.1716377   2.1087591 2026 01 14 21 27 21.84
0  14846.33831   9101.37561  18704.15361  -2.5485286  -0.1675919   2.0998350 2026 01 14 21 27 41.84
0  14795.30809   9098.06427  18746.06077  -2.5545132  -0.1635275   2.0908908 2026 01 14 21 28 01.84
0  14744.15850   9094.83440  18787.78885  -2.5604670  -0.1594444   2.0819265 2026 01 14 21 28 21.84
0  14692.89013   9091.68638  18829.33744  -2.5663899  -0.1553429   2.0729423 2026 01 14 21 28 41.84
0  14641.50362   9088.62057  18870.70616  -2.5722818  -0.1512230   2.0639383 2026 01 14 21 29 01.84
0  14589.99958   9085.63734  18911.89459  -2.5781426  -0.1470849   2.0549144 2026 01 14 21 29 21.84
0  14538.37864   9082.73705  18952.90235  -2.5839722  -0.1429287   2.0458709 2026 01 14 21 29 41.84
0  14486.64141   9079.92007  18993.72905  -2.5897705  -0.1387544   2.0368077 2026 01 14 21 30 01.84
0  14434.78854   9077.18675  19034.37428  -2.5955375  -0.1345624   2.0277250 2026 01 14 21 30 21.84
0  14382.82064   9074.53745  19074.83767  -2.6012730  -0.1303525   2.0186229 2026 01 14 21 30 41.84
0  14330.73835   9071.97253  19115.11883  -2.6069769  -0.1261251   2.0095015 2026 01 14 21 31 01.84
0  14278.54229   9069.49233  19155.21736  -2.6126491  -0.1218801   2.0003607 2026 01 14 21 31 21.84
0  14226.23311   9067.09720  19195.13289  -2.6182896  -0.1176178   1.9912008 2026 01 14 21 31 41.84
0  14173.81144   9064.78749  19234.86503  -2.6238982  -0.1133383   1.9820218 2026 01 14 21 32 01.84
0  14121.27791   9062.56354  19274.41340  -2.6294749  -0.1090416   1.9728238 2026 01 14 21 32 21.84
0  14068.63317   9060.42569  19313.77762  -2.6350196  -0.1047279   1.9636069 2026 01 14 21 32 41.84
0  14015.87786   9058.37429  19352.95731  -2.6405322  -0.1003973   1.9543712 2026 01 14 21 33 01.84
0  13963.01262   9056.40967  19391.95210  -2.6460125  -0.0960500   1.9451167 2026 01 14 21 33 21.84
0  13910.03809   9054.53216  19430.76162  -2.6514605  -0.0916861   1.9358435 2026 01 14 21 33 41.84
0  13856.95493   9052.74209  19469.38549  -2.6568762  -0.0873057   1.9265518 2026 01 14 21 34 01.84
0  13803.76378   9051.03980  19507.82334  -2.6622593  -0.0829090   1.9172416 2026 01 14 21 34 21.84
0  13750.46530   9049.42560  19546.07480  -2.6676099  -0.0784959   1.9079130 2026 01 14 21 34 41.84
0  13697.06012   9047.89982  19584.13951  -2.6729279  -0.0740668   1.8985661 2026 01 14 21 35 01.84
0  13643.54892   9046.46279  19622.01710  -2.6782131  -0.0696217   1.8892010 2026 01 14 21 35 21.84
0  13589.93234   9045.11481  19659.70721  -2.6834655  -0.0651608   1.8798178 2026 01 14 21 35 41.84
0  13536.21104   9043.85622  19697.20947  -2.6886850  -0.0606841   1.8704165 2026 01 14 21 36 01.84
0  13482.38569   9042.68731  19734.52353  -2.6938715  -0.0561919   1.8609973 2026 01 14 21 36 21.84
0  13428.45693   9041.60840  19771.64902  -2.6990249  -0.0516842   1.8515602 2026 01 14 21 36 41.84
0  13374.42544   9040.61980  19808.58560  -2.7041451  -0.0471611   1.8421054 2026 01 14 21 37 01.84
0  13320.29187   9039.72181  19845.33290  -2.7092321  -0.0426229   1.8326329 2026 01 14 21 37 21.84
0  13266.05690   9038.91474  19881.89058  -2.7142858  -0.0380695   1.8231427 2026 01 14 21 37 41.84
0  13211.72119   9038.19889  19918.25828  -2.7193061  -0.0335013   1.8136351 2026 01 14 21 38 01.84
0  13157.28541   9037.57455  19954.43566  -2.7242929  -0.0289182   1.8041101 2026 01 14 21 38 21.84
0  13102.75022   9037.04201  19990.42236  -2.7292461  -0.0243205   1.7945677 2026 01 14 21 38 41.84
0  13048.11632   9036.60158  20026.21804  -2.7341657  -0.0197082   1.7850081 2026 01 14 21 39 01.84
0  12993.38435   9036.25354  20061.82236  -2.7390515  -0.0150815   1.7754314 2026 01 14 21 39 21.84
0  12938.55501   9035.99817  20097.23498  -2.7439035  -0.0104405   1.7658377 2026 01 14 21 39 41.84
0  12883.62897   9035.83576  20132.45555  -2.7487217  -0.0057854   1.7562269 2026 01 14 21 40 01.84
0  12828.60690   9035.76660  20167.48374  -2.7535059  -0.0011163   1.7465993 2026 01 14 21 40 21.84
0  12773.48949   9035.79096  20202.31921  -2.7582561   0.0035667   1.7369549 2026 01 14 21 40 41.84
0  12718.27741   9035.90911  20236.96162  -2.7629721   0.0082634   1.7272939 2026 01 14 21 41 01.84
0  12662.97136   9036.12134  20271.41065  -2.7676540   0.0129738   1.7176162 2026 01 14 21 41 21.84
0  12607.57201   9036.42791  20305.66597  -2.7723016   0.0176976   1.7079221 2026 01 14 21 41 41.84
0  12552.08006   9036.82909  20339.72723  -2.7769149   0.0224347   1.6982115 2026 01 14 21 42 01.84
0  12496.49618   9037.32514  20373.59412  -2.7814938   0.0271851   1.6884846 2026 01 14 21 42 21.84
0  12440.82107   9037.91633  20407.26631  -2.7860381   0.0319485   1.6787415 2026 01 14 21 42 41.84
0  12385.05542   9038.60292  20440.74348  -2.7905480   0.0367248   1.6689823 2026 01 14 21 43 01.84
0  12329.19992   9039.38516  20474.02531  -2.7950232   0.0415140   1.6592070 2026 01 14 21 43 21.84
0  12273.25526   9040.26331  20507.11147  -2.7994637   0.0463157   1.6494157 2026 01 14 21 43 41.84
0  12217.22214   9041.23763  20540.00164  -2.8038695   0.0511300   1.6396086 2026 01 14 21 44 01.84
0  12161.10125   9042.30835  20572.69552  -2.8082404   0.0559567   1.6297858 2026 01 14 21 44 21.84
0  12104.89329   9043.47573  20605.19279  -2.8125764   0.0607956   1.6199473 2026 01 14 21 44 41.84
0  12048.59896   9044.74001  20637.49312  -2.8168775   0.0656467   1.6100932 2026 01 14 21 45 01.84
0  11992.21896   9046.10143  20669.59623  -2.8211435   0.0705096   1.6002236 2026 01 14 21 45 21.84
0  11935.75399   9047.56022  20701.50178  -2.8253745   0.0753845   1.5903386 2026 01 14 21 45 41.84
0  11879.20475   9049.11663  20733.20949  -2.8295702   0.0802710   1.5804383 2026 01 14 21 46 01.84
0  11822.57195   9050.77089  20764.71904  -2.8337307   0.0851690   1.5705228 2026 01 14 21 46 21.84
0  11765.85630   9052.52322  20796.03013  -2.8378560   0.0900785   1.5605922 2026 01 14 21 46 41.84
0  11709.05849   9054.37385  20827.14245  -2.8419458   0.0949992   1.5506466 2026 01 14 21 47 01.84
0  11652.17924   9056.32301  20858.05572  -2.8460003   0.0999310   1.5406861 2026 01 14 21 47 21.84
0  11595.21926   9058.37092  20888.76963  -2.8500192   0.1048739   1.5307108 2026 01 14 21 47 41.84
0  11538.17925   9060.51779  20919.28388  -2.8540026   0.1098276   1.5207207 2026 01 14 21 48 01.84
0  11481.05993   9062.76384  20949.59819  -2.8579504   0.1147920   1.5107159 2026 01 14 21 48 21.84
0  11423.86201   9065.10929  20979.71226  -2.8618625   0.1197669   1.5006967 2026 01 14 21 48 41.84
0  11366.58621   9067.55434  21009.62579  -2.8657389   0.1247523   1.4906630 2026 01 14 21 49 01.84
0  11309.23324   9070.09920  21039.33852  -2.8695795   0.1297480   1.4806149 2026 01 14 21 49 21.84
0  11251.80381   9072.74408  21068.85013  -2.8733842   0.1347538   1.4705526 2026 01 14 21 49 41.84
0  11194.29865   9075.48917  21098.16036  -2.8771531   0.1397696   1.4604761 2026 01 14 21 50 01.84
0  11136.71847   9078.33467  21127.26892  -2.8808860   0.1447952   1.4503855 2026 01 14 21 50 21.84
0  11079.06400   9081.28079  21156.17553  -2.8845828   0.1498306   1.4402810 2026 01 14 21 50 41.84
0  11021.33595   9084.32771  21184.87992  -2.8882436   0.1548756   1.4301626 2026 01 14 21 51 01.84
0  10963.53504   9087.47563  21213.38179  -2.8918682   0.1599299   1.4200304 2026 01 14 21 51 21.84
0  10905.66200   9090.72472  21241.68089  -2.8954567   0.1649936   1.4098845 2026 01 14 21 51 41.84
0  10847.71756   9094.07518  21269.77693  -2.8990089   0.1700664   1.3997251 2026 01 14 21 52 01.84
0  10789.70243   9097.52719  21297.66965  -2.9025248   0.1751482   1.3895521 2026 01 14 21 52 21.84
0  10731.61735   9101.08092  21325.35878  -2.9060044   0.1802389   1.3793658 2026 01 14 21 52 41.84
0  10673.46305   9104.73655  21352.84405  -2.9094476   0.1853382   1.3691662 2026 01 14 21 53 01.84
0  10615.24024   9108.49425  21380.12519  -2.9128543   0.1904461   1.3589533 2026 01 14 21 53 21.84
0  10556.94966   9112.35420  21407.20195  -2.9162246   0.1955625   1.3487274 2026 01 14 21 53 41.84
0  10498.59205   9116.31655  21434.07406  -2.9195583   0.2006871   1.3384884 2026 01 14 21 54 01.84
0  10440.16812   9120.38148  21460.74126  -2.9228553   0.2058199   1.3282365 2026 01 14 21 54 21.84
0  10381.67863   9124.54915  21487.20329  -2.9261158   0.2109606   1.3179719 2026 01 14 21 54 41.84
0  10323.12429   9128.81971  21513.45991  -2.9293395   0.2161092   1.3076945 2026 01 14 21 55 01.84
0  10264.50584   9133.19331  21539.51085  -2.9325265   0.2212654   1.2974044 2026 01 14 21 55 21.84
0  10205.82402   9137.67012  21565.35587  -2.9356767   0.2264293   1.2871019 2026 01 14 21 55 41.84
0  10147.07957   9142.25028  21590.99471  -2.9387901   0.2316005   1.2767869 2026 01 14 21 56 01.84
0  10088.27321   9146.93393  21616.42713  -2.9418666   0.2367789   1.2664596 2026 01 14 21 56 21.84
0  10029.40570   9151.72123  21641.65289  -2.9449062   0.2419645   1.2561201 2026 01 14 21 56 41.84
0   9970.47776   9156.61231  21666.67173  -2.9479088   0.2471571   1.2457685 2026 01 14 21 57 01.84
0   9911.49014   9161.60731  21691.48342  -2.9508744   0.2523564   1.2354048 2026 01 14 21 57 21.84
0   9852.44358   9166.70636  21716.08772  -2.9538030   0.2575625   1.2250292 2026 01 14 21 57 41.84
0   9793.33882   9171.90959  21740.48438  -2.9566945   0.2627750   1.2146417 2026 01 14 21 58 01.84
0   9734.17660   9177.21715  21764.67318  -2.9595488   0.2679939   1.2042425 2026 01 14 21 58 21.84
0   9674.95767   9182.62914  21788.65389  -2.9623660   0.2732191   1.1938317 2026 01 14 21 58 41.84
0   9615.68276   9188.14570  21812.42626  -2.9651459   0.2784503   1.1834093 2026 01 14 21 59 01.84
0   9556.35263   9193.76694  21835.99006  -2.9678886   0.2836875   1.1729755 2026 01 14 21 59 21.84
0   9496.96802   9199.49298  21859.34508  -2.9705940   0.2889304   1.1625304 2026 01 14 21 59 41.84
0   9437.52968   9205.32394  21882.49109  -2.9732621   0.2941790   1.1520740 2026 01 14 22 00 01.84
0   9378.03834   9211.25992  21905.42785  -2.9758928   0.2994331   1.1416064 2026 01 14 22 00 21.84
0   9318.49477   9217.30104  21928.15516  -2.9784861   0.3046925   1.1311278 2026 01 14 22 00 41.84
0   9258.89970   9223.44740  21950.67278  -2.9810420   0.3099571   1.1206383 2026 01 14 22 01 01.84
0   9199.25389   9229.69910  21972.98051  -2.9835605   0.3152267   1.1101379 2026 01 14 22 01 21.84
0   9139.55808   9236.05625  21995.07812  -2.9860414   0.3205013   1.0996268 2026 01 14 22 01 41.84
0   9079.81304   9242.51893  22016.96541  -2.9884848   0.3257806   1.0891050 2026 01 14 22 02 01.84
0   9020.01950   9249.08725  22038.64215  -2.9908906   0.3310644   1.0785727 2026 01 14 22 02 21.84
0   8960.17822   9255.76128  22060.10814  -2.9932588   0.3363528   1.0680299 2026 01 14 22 02 41.84
0   8900.28995   9262.54113  22081.36317  -2.9955894   0.3416454   1.0574768 2026 01 14 22 03 01.84
0   8840.35545   9269.42687  22102.40704  -2.9978823   0.3469421   1.0469134 2026 01 14 22 03 21.84
0   8780.37547   9276.41858  22123.23955  -3.0001376   0.3522429   1.0363399 2026 01 14 22 03 41.84
0   8720.35076   9283.51635  22143.86048  -3.0023551   0.3575475   1.0257564 2026 01 14 22 04 01.84
0   8660.28207   9290.72025  22164.26964  -3.0045349   0.3628558   1.0151629 2026 01 14 22 04 21.84
0   8600.17017   9298.03035  22184.46683  -3.0066769   0.3681677   1.0045595 2026 01 14 22 04 41.84
0   8540.01580   9305.44672  22204.45186  -3.0087811   0.3734829   0.9939464 2026 01 14 22 05 01.84
0   8479.81973   9312.96943  22224.22454  -3.0108475   0.3788014   0.9833237 2026 01 14 22 05 21.84
0   8419.58271   9320.59854  22243.78466  -3.0128761   0.3841230   0.9726914 2026 01 14 22 05 41.84
0   8359.30550   9328.33412  22263.13204  -3.0148667   0.3894475   0.9620497 2026 01 14 22 06 01.84
0   8298.98885   9336.17621  22282.26650  -3.0168195   0.3947749   0.9513986 2026 01 14 22 06 21.84
0   8238.63353   9344.12487  22301.18784  -3.0187343   0.4001049   0.9407383 2026 01 14 22 06 41.84
0   8178.24029   9352.18016  22319.89589  -3.0206112   0.4054374   0.9300689 2026 01 14 22 07 01.84
0   8117.80989   9360.34212  22338.39045  -3.0224502   0.4107722   0.9193904 2026 01 14 22 07 21.84
0   8057.34310   9368.61081  22356.67136  -3.0242511   0.4161092   0.9087029 2026 01 14 22 07 41.84
0   7996.84066   9376.98625  22374.73844  -3.0260141   0.4214483   0.8980067 2026 01 14 22 08 01.84
0   7936.30335   9385.46849  22392.59150  -3.0277390   0.4267892   0.8873017 2026 01 14 22 08 21.84
0   7875.73192   9394.05757  22410.23037  -3.0294259   0.4321319   0.8765881 2026 01 14 22 08 41.84
0   7815.12713   9402.75352  22427.65489  -3.0310747   0.4374762   0.8658659 2026 01 14 22 09 01.84
0   7754.48974   9411.55637  22444.86488  -3.0326854   0.4428219   0.8551353 2026 01 14 22 09 21.84
0   7693.82052   9420.46615  22461.86017  -3.0342580   0.4481689   0.8443964 2026 01 14 22 09 41.84
0   7633.12024   9429.48288  22478.64061  -3.0357926   0.4535171   0.8336493 2026 01 14 22 10 01.84
0   7572.38964   9438.60658  22495.20602  -3.0372890   0.4588662   0.8228940 2026 01 14 22 10 21.84
0   7511.62949   9447.83727  22511.55625  -3.0387472   0.4642162   0.8121307 2026 01 14 22 10 41.84
0   7450.84056   9457.17497  22527.69114  -3.0401673   0.4695669   0.8013595 2026 01 14 22 11 01.84
0   7390.02362   9466.61969  22543.61052  -3.0415492   0.4749180   0.7905805 2026 01 14 22 11 21.84
0   7329.17941   9476.17144  22559.31424  -3.0428930   0.4802696   0.7797938 2026 01 14 22 11 41.84
0   7268.30871   9485.83022  22574.80216  -3.0441986   0.4856214   0.7689994 2026 01 14 22 12 01.84
0   7207.41228   9495.59603  22590.07411  -3.0454659   0.4909733   0.7581976 2026 01 14 22 12 21.84
0   7146.49089   9505.46889  22605.12996  -3.0466951   0.4963251   0.7473883 2026 01 14 22 12 41.84
0   7085.54530   9515.44878  22619.96954  -3.0478860   0.5016766   0.7365717 2026 01 14 22 13 01.84
0   7024.57627   9525.53569  22634.59273  -3.0490387   0.5070278   0.7257480 2026 01 14 22 13 21.84
0   6963.58457   9535.72963  22648.99936  -3.0501531   0.5123785   0.7149171 2026 01 14 22 13 41.84
0   6902.57096   9546.03057  22663.18931  -3.0512293   0.5177284   0.7040793 2026 01 14 22 14 01.84
0   6841.53621   9556.43850  22677.16244  -3.0522673   0.5230776   0.6932345 2026 01 14 22 14 21.84
0   6780.48109   9566.95340  22690.91860  -3.0532670   0.5284257   0.6823830 2026 01 14 22 14 41.84
0   6719.40635   9577.57526  22704.45767  -3.0542284   0.5337728   0.6715247 2026 01 14 22 15 01.84
0   6658.31277   9588.30404  22717.77951  -3.0551516   0.5391185   0.6606599 2026 01 14 22 15 21.84
0   6597.20111   9599.13973  22730.88398  -3.0560365   0.5444628   0.6497886 2026 01 14 22 15 41.84
0   6536.07213   9610.08229  22743.77097  -3.0568831   0.5498055   0.6389110 2026 01 14 22 16 01.84
0   6474.92660   9621.13168  22756.44034  -3.0576914   0.5551464   0.6280270 2026 01 14 22 16 21.84
0   6413.76529   9632.28787  22768.89197  -3.0584615   0.5604855   0.6171369 2026 01 14 22 16 41.84
0   6352.58896   9643.55082  22781.12574  -3.0591933   0.5658225   0.6062407 2026 01 14 22 17 01.84
0   6291.39838   9654.92049  22793.14153  -3.0598868   0.5711573   0.5953386 2026 01 14 22 17 21.84
0   6230.19430   9666.39684  22804.93921  -3.0605420   0.5764898   0.5844306 2026 01 14 22 17 41.84
0   6168.97751   9677.97981  22816.51868  -3.0611590   0.5818197   0.5735168 2026 01 14 22 18 01.84
0   6107.74876   9689.66935  22827.87982  -3.0617377   0.5871470   0.5625974 2026 01 14 22 18 21.84
0   6046.50882   9701.46541  22839.02251  -3.0622781   0.5924715   0.5516725 2026 01 14 22 18 41.84
0   5985.25846   9713.36793  22849.94665  -3.0627803   0.5977931   0.5407421 2026 01 14 22 19 01.84
0   5923.99843   9725.37685  22860.65213  -3.0632441   0.6031115   0.5298063 2026 01 14 22 19 21.84
0   5862.72951   9737.49211  22871.13885  -3.0636698   0.6084267   0.5188653 2026 01 14 22 19 41.84
0   5801.45246   9749.71363  22881.40669  -3.0640571   0.6137384   0.5079192 2026 01 14 22 20 01.84
0   5740.16805   9762.04136  22891.45556  -3.0644063   0.6190466   0.4969681 2026 01 14 22 20 21.84
0   5678.87703   9774.47521  22901.28537  -3.0647172   0.6243511   0.4860120 2026 01 14 22 20 41.84
0   5617.58018   9787.01512  22910.89600  -3.0649898   0.6296517   0.4750511 2026 01 14 22 21 01.84
0   5556.27826   9799.66099  22920.28737  -3.0652243   0.6349483   0.4640856 2026 01 14 22 21 21.84
0   5494.97203   9812.41276  22929.45938  -3.0654205   0.6402407   0.4531153 2026 01 14 22 21 41.84
0   5433.66226   9825.27033  22938.41194  -3.0655785   0.6455288   0.4421406 2026 01 14 22 22 01.84
0   5372.34971   9838.23362  22947.14496  -3.0656983   0.6508125   0.4311615 2026 01 14 22 22 21.84
0   5311.03514   9851.30254  22955.65836  -3.0657800   0.6560915   0.4201781 2026 01 14 22 22 41.84
0   5249.71933   9864.47698  22963.95205  -3.0658235   0.6613657   0.4091905 2026 01 14 22 23 01.84
0   5188.40302   9877.75687  22972.02595  -3.0658288   0.6666350   0.3981988 2026 01 14 22 23 21.84
0   5127.08700   9891.14209  22979.87997  -3.0657960   0.6718992   0.3872031 2026 01 14 22 23 41.84
0   5065.77200   9904.63254  22987.51404  -3.0657251   0.6771582   0.3762035 2026 01 14 22 24 01.84
0   5004.45881   9918.22812  22994.92809  -3.0656160   0.6824119   0.3652002 2026 01 14 22 24 21.84
0   4943.14818   9931.92872  23002.12203  -3.0654689   0.6876600   0.3541932 2026 01 14 22 24 41.84
0   4881.84088   9945.73422  23009.09579  -3.0652837   0.6929024   0.3431826 2026 01 14 22 25 01.84
0   4820.53765   9959.64451  23015.84931  -3.0650604   0.6981390   0.3321686 2026 01 14 22 25 21.84
0   4759.23928   9973.65947  23022.38252  -3.0647991   0.7033696   0.3211512 2026 01 14 22 25 41.84
0   4697.94651   9987.77899  23028.69534  -3.0644997   0.7085941   0.3101305 2026 01 14 22 26 01.84
0   4636.66011  10002.00293  23034.78773  -3.0641624   0.7138123   0.2991067 2026 01 14 22 26 21.84
0   4575.38083  10016.33118  23040.65960  -3.0637871   0.7190240   0.2880799 2026 01 14 22 26 41.84
0   4514.10944  10030.76359  23046.31092  -3.0633738   0.7242292   0.2770501 2026 01 14 22 27 01.84
0   4452.84670  10045.30004  23051.74161  -3.0629225   0.7294277   0.2660175 2026 01 14 22 27 21.84
0   4391.59336  10059.94039  23056.95162  -3.0624334   0.7346193   0.2549822 2026 01 14 22 27 41.84
0   4330.35019  10074.68450  23061.94089  -3.0619063   0.7398038   0.2439443 2026 01 14 22 28 01.84
0   4269.11793  10089.53223  23066.70939  -3.0613414   0.7449812   0.2329038 2026 01 14 22 28 21.84
0   4207.89735  10104.48343  23071.25705  -3.0607386   0.7501513   0.2218609 2026 01 14 22 28 41.84
0   4146.68920  10119.53797  23075.58383  -3.0600980   0.7553138   0.2108157 2026 01 14 22 29 01.84
0   4085.49425  10134.69567  23079.68969  -3.0594196   0.7604688   0.1997683 2026 01 14 22 29 21.84
0   4024.31324  10149.95640  23083.57458  -3.0587034   0.7656159   0.1887189 2026 01 14 22 29 41.84
0   3963.14693  10165.31999  23087.23846  -3.0579495   0.7707552   0.1776674 2026 01 14 22 30 01.84
0   3901.99607  10180.78629  23090.68129  -3.0571579   0.7758863   0.1666140 2026 01 14 22 30 21.84
0   3840.86143  10196.35513  23093.90304  -3.0563286   0.7810093   0.1555589 2026 01 14 22 30 41.84
0   3779.74374  10212.02634  23096.90367  -3.0554616   0.7861238   0.1445021 2026 01 14 22 31 01.84
0   3718.64378  10227.79976  23099.68314  -3.0545570   0.7912299   0.1334437 2026 01 14 22 31 21.84
0   3657.56228  10243.67522  23102.24144  -3.0536148   0.7963273   0.1223839 2026 01 14 22 31 41.84
0   3596.50000  10259.65253  23104.57853  -3.0526351   0.8014159   0.1113227 2026 01 14 22 32 01.84
0   3535.45769  10275.73153  23106.69438  -3.0516178   0.8064955   0.1002602 2026 01 14 22 32 21.84
0   3474.43610  10291.91203  23108.58897  -3.0505630   0.8115660   0.0891966 2026 01 14 22 32 41.84
0   3413.43599  10308.19384  23110.26228  -3.0494708   0.8166272   0.0781320 2026 01 14 22 33 01.84
0   3352.45809  10324.57679  23111.71428  -3.0483411   0.8216790   0.0670664 2026 01 14 22 33 21.84
0   3291.50316  10341.06068  23112.94497  -3.0471740   0.8267213   0.0560000 2026 01 14 22 33 41.84
0   3230.57194  10357.64531  23113.95433  -3.0459696   0.8317539   0.0449329 2026 01 14 22 34 01.84
0   3169.66519  10374.33050  23114.74233  -3.0447278   0.8367766   0.0338651 2026 01 14 22 34 21.84
0   3108.78364  10391.11605  23115.30898  -3.0434488   0.8417894   0.0227969 2026 01 14 22 34 41.84
0   3047.92805  10408.00175  23115.65425  -3.0421325   0.8467920   0.0117282 2026 01 14 22 35 01.84
0   2987.09916  10424.98739  23115.77816  -3.0407790   0.8517843   0.0006592 2026 01 14 22 35 21.84
0   2926.29770  10442.07278  23115.68068  -3.0393883   0.8567661  -0.0104100 2026 01 14 22 35 41.84
0   2865.52444  10459.25771  23115.36181  -3.0379605   0.8617374  -0.0214792 2026 01 14 22 36 01.84
0   2804.78010  10476.54195  23114.82156  -3.0364956   0.8666980  -0.0325485 2026 01 14 22 36 21.84
0   2744.06542  10493.92529  23114.05993  -3.0349937   0.8716477  -0.0436176 2026 01 14 22 36 41.84
0   2683.38116  10511.40752  23113.07692  -3.0334547   0.8765864  -0.0546866 2026 01 14 22 37 01.84
0   2622.72805  10528.98841  23111.87253  -3.0318788   0.8815140  -0.0657551 2026 01 14 22 37 21.84
0   2562.10682  10546.66774  23110.44678  -3.0302660   0.8864302  -0.0768233 2026 01 14 22 37 41.84
0   2501.51822  10564.44528  23108.79967  -3.0286163   0.8913350  -0.0878909 2026 01 14 22 38 01.84
0   2440.96298  10582.32080  23106.93122  -3.0269298   0.8962281  -0.0989579 2026 01 14 22 38 21.84
0   2380.44183  10600.29406  23104.84143  -3.0252065   0.9011096  -0.1100241 2026 01 14 22 38 41.84
0   2319.95553  10618.36484  23102.53033  -3.0234464   0.9059791  -0.1210894 2026 01 14 22 39 01.84
0   2259.50479  10636.53288  23099.99793  -3.0216497   0.9108367  -0.1321538 2026 01 14 22 39 21.84
0   2199.09035  10654.79796  23097.24426  -3.0198163   0.9156820  -0.1432171 2026 01 14 22 39 41.84
0   2138.71294  10673.15982  23094.26933  -3.0179463   0.9205151  -0.1542793 2026 01 14 22 40 01.84
0   2078.37330  10691.61822  23091.07318  -3.0160398   0.9253357  -0.1653401 2026 01 14 22 40 21.84
0   2018.07216  10710.17290  23087.65582  -3.0140967   0.9301437  -0.1763996 2026 01 14 22 40 41.84
0   1957.81024  10728.82361  23084.01728  -3.0121173   0.9349389  -0.1874576 2026 01 14 22 41 01.84
0   1897.58828  10747.57011  23080.15761  -3.0101014   0.9397213  -0.1985140 2026 01 14 22 41 21.84
0   1837.40699  10766.41212  23076.07682  -3.0080492   0.9444906  -0.2095686 2026 01 14 22 41 41.84
0   1777.26711  10785.34938  23071.77496  -3.0059607   0.9492468  -0.2206215 2026 01 14 22 42 01.84
0   1717.16937  10804.38163  23067.25206  -3.0038360   0.9539896  -0.2316725 2026 01 14 22 42 21.84
0   1657.11448  10823.50861  23062.50816  -3.0016750   0.9587190  -0.2427214 2026 01 14 22 42 41.84
0   1597.10317  10842.73004  23057.54331  -2.9994780   0.9634348  -0.2537682 2026 01 14 22 43 01.84
0   1537.13616  10862.04565  23052.35754  -2.9972449   0.9681369  -0.2648128 2026 01 14 22 43 21.84
0   1477.21418  10881.45516  23046.95090  -2.9949757   0.9728251  -0.2758551 2026 01 14 22 43 41.84
0   1417.33794  10900.95830  23041.32345  -2.9926706   0.9774993  -0.2868949 2026 01 14 22 44 01.84
0   1357.50815  10920.55477  23035.47522  -2.9903296   0.9821593  -0.2979321 2026 01 14 22 44 21.84
0   1297.72555  10940.24431  23029.40628  -2.9879528   0.9868050  -0.3089668 2026 01 14 22 44 41.84
0   1237.99084  10960.02662  23023.11667  -2.9855401   0.9914363  -0.3199986 2026 01 14 22 45 01.84
0   1178.30474  10979.90140  23016.60645  -2.9830918   0.9960530  -0.3310276 2026 01 14 22 45 21.84
0   1118.66797  10999.86838  23009.87569  -2.9806077   1.0006550  -0.3420536 2026 01 14 22 45 41.84
0   1059.08123  11019.92724  23002.92443  -2.9780881   1.0052422  -0.3530766 2026 01 14 22 46 01.84
0    999.54524  11040.07770  22995.75275  -2.9755329   1.0098143  -0.3640963 2026 01 14 22 46 21.84
0    940.06071  11060.31945  22988.36071  -2.9729422   1.0143714  -0.3751128 2026 01 14 22 46 41.84
0    880.62835  11080.65219  22980.74838  -2.9703161   1.0189131  -0.3861259 2026 01 14 22 47 01.84
0    821.24886  11101.07561  22972.91581  -2.9676547   1.0234395  -0.3971355 2026 01 14 22 47 21.84
0    761.92296  11121.58940  22964.86309  -2.9649579   1.0279503  -0.4081415 2026 01 14 22 47 41.84
0    702.65134  11142.19326  22956.59029  -2.9622260   1.0324454  -0.4191438 2026 01 14 22 48 01.84
0    643.43471  11162.88685  22948.09749  -2.9594588   1.0369247  -0.4301422 2026 01 14 22 48 21.84
0    584.27378  11183.66988  22939.38475  -2.9566566   1.0413881  -0.4411368 2026 01 14 22 48 41.84
0    525.16924  11204.54201  22930.45216  -2.9538193   1.0458354  -0.4521273 2026 01 14 22 49 01.84
0    466.12180  11225.50292  22921.29980  -2.9509471   1.0502664  -0.4631137 2026 01 14 22 49 21.84
0    407.13215  11246.55230  22911.92776  -2.9480400   1.0546811  -0.4740959 2026 01 14 22 49 41.84
0    348.20099  11267.68980  22902.33612  -2.9450980   1.0590793  -0.4850738 2026 01 14 22 50 01.84
0    289.32902  11288.91510  22892.52497  -2.9421213   1.0634609  -0.4960472 2026 01 14 22 50 21.84
0    230.51693  11310.22786  22882.49439  -2.9391099   1.0678257  -0.5070160 2026 01 14 22 50 41.84
0    171.76542  11331.62775  22872.24449  -2.9360638   1.0721736  -0.5179802 2026 01 14 22 51 01.84
0    113.07517  11353.11443  22861.77535  -2.9329832   1.0765044  -0.5289397 2026 01 14 22 51 21.84
0     54.44687  11374.68755  22851.08707  -2.9298682   1.0808181  -0.5398942 2026 01 14 22 51 41.84
0     -4.11877  11396.34678  22840.17975  -2.9267187   1.0851145  -0.5508439 2026 01 14 22 52 01.84
0    -62.62109  11418.09176  22829.05348  -2.9235349   1.0893935  -0.5617884 2026 01 14 22 52 21.84
0   -121.05939  11439.92214  22817.70838  -2.9203169   1.0936549  -0.5727278 2026 01 14 22 52 41.84
0   -179.43298  11461.83757  22806.14455  -2.9170647   1.0978986  -0.5836619 2026 01 14 22 53 01.84
0   -237.74119  11483.83770  22794.36209  -2.9137783   1.1021245  -0.5945906 2026 01 14 22 53 21.84
0   -295.98333  11505.92217  22782.36111  -2.9104580   1.1063324  -0.6055138 2026 01 14 22 53 41.84
0   -354.15873  11528.09062  22770.14172  -2.9071036   1.1105222  -0.6164314 2026 01 14 22 54 01.84
0   -412.26670  11550.34268  22757.70403  -2.9037154   1.1146938  -0.6273433 2026 01 14 22 54 21.84
0   -470.30657  11572.67799  22745.04817  -2.9002934   1.1188471  -0.6382494 2026 01 14 22 54 41.84
0   -528.27766  11595.09618  22732.17425  -2.8968377   1.1229819  -0.6491496 2026 01 14 22 55 01.84
0   -586.17930  11617.59689  22719.08238  -2.8933483   1.1270980  -0.6600438 2026 01 14 22 55 21.84
0   -644.01081  11640.17972  22705.77269  -2.8898254   1.1311954  -0.6709319 2026 01 14 22 55 41.84
0   -701.77154  11662.84432  22692.24530  -2.8862690   1.1352740  -0.6818137 2026 01 14 22 56 01.84
0   -759.46080  11685.59030  22678.50034  -2.8826792   1.1393335  -0.6926893 2026 01 14 22 56 21.84
0   -817.07793  11708.41727  22664.53793  -2.8790560   1.1433740  -0.7035584 2026 01 14 22 56 41.84
0   -874.62226  11731.32487  22650.35820  -2.8753996   1.1473951  -0.7144209 2026 01 14 22 57 01.84
0   -932.09314  11754.31269  22635.96130  -2.8717101   1.1513969  -0.7252769 2026 01 14 22 57 21.84
0   -989.48989  11777.38036  22621.34734  -2.8679875   1.1553792  -0.7361260 2026 01 14 22 57 41.84
0  -1046.81186  11800.52747  22606.51646  -2.8642318   1.1593418  -0.7469684 2026 01 14 22 58 01.84
0  -1104.05839  11823.75364  22591.46881  -2.8604433   1.1632847  -0.7578038 2026 01 14 22 58 21.84
0  -1161.22883  11847.05847  22576.20453  -2.8566220   1.1672077  -0.7686321 2026 01 14 22 58 41.84
0  -1218.32250  11870.44156  22560.72375  -2.8527679   1.1711107  -0.7794533 2026 01 14 22 59 01.84
0  -1275.33877  11893.90251  22545.02662  -2.8488812   1.1749935  -0.7902672 2026 01 14 22 59 21.84
0  -1332.27698  11917.44091  22529.11328  -2.8449619   1.1788561  -0.8010737 2026 01 14 22 59 41.84
0  -1389.13648  11941.05636  22512.98389  -2.8410101   1.1826983  -0.8118728 2026 01 14 23 00 01.84
0  -1445.91662  11964.74844  22496.63860  -2.8370259   1.1865199  -0.8226643 2026 01 14 23 00 21.84
0  -1502.61676  11988.51676  22480.07755  -2.8330095   1.1903210  -0.8334482 2026 01 14 23 00 41.84
0  -1559.23624  12012.36089  22463.30090  -2.8289608   1.1941012  -0.8442242 2026 01 14 23 01 01.84
0  -1615.77443  12036.28041  22446.30881  -2.8248800   1.1978606  -0.8549924 2026 01 14 23 01 21.84
0  -1672.23068  12060.27492  22429.10144  -2.8207672   1.2015990  -0.8657526 2026 01 14 23 01 41.84
0  -1728.60435  12084.34398  22411.67895  -2.8166225   1.2053163  -0.8765046 2026 01 14 23 02 01.84
0  -1784.89482  12108.48717  22394.04150  -2.8124459   1.2090123  -0.8872485 2026 01 14 23 02 21.84
0  -1841.10143  12132.70407  22376.18925  -2.8082375   1.2126870  -0.8979841 2026 01 14 23 02 41.84
0  -1897.22356  12156.99425  22358.12238  -2.8039975   1.2163402  -0.9087113 2026 01 14 23 03 01.84
0  -1953.26057  12181.35728  22339.84104  -2.7997259   1.2199717  -0.9194301 2026 01 14 23 03 21.84
0  -2009.21184  12205.79272  22321.34542  -2.7954228   1.2235816  -0.9301401 2026 01 14 23 03 41.84
0  -2065.07673  12230.30014  22302.63569  -2.7910884   1.2271695  -0.9408415 2026 01 14 23 04 01.84
0  -2120.85462  12254.87911  22283.71202  -2.7867227   1.2307356  -0.9515341 2026 01 14 23 04 21.84
0  -2176.54488  12279.52917  22264.57458  -2.7823257   1.2342795  -0.9622178 2026 01 14 23 04 41.84
0  -2232.14690  12304.24988  22245.22356  -2.7778977   1.2378012  -0.9728924 2026 01 14 23 05 01.84
0  -2287.66004  12329.04081  22225.65915  -2.7734387   1.2413007  -0.9835580 2026 01 14 23 05 21.84
0  -2343.08370  12353.90151  22205.88151  -2.7689488   1.2447776  -0.9942143 2026 01 14 23 05 41.84
0  -2398.41725  12378.83152  22185.89084  -2.7644281   1.2482321  -1.0048613 2026 01 14 23 06 01.84
0  -2453.66007  12403.83039  22165.68733  -2.7598767   1.2516638  -1.0154988 2026 01 14 23 06 21.84
0  -2508.81157  12428.89767  22145.27116  -2.7552947   1.2550728  -1.0261269 2026 01 14 23 06 41.84
0  -2563.87112  12454.03290  22124.64253  -2.7506822   1.2584589  -1.0367453 2026 01 14 23 07 01.84
0  -2618.83811  12479.23562  22103.80162  -2.7460393   1.2618219  -1.0473539 2026 01 14 23 07 21.84
0  -2673.71194  12504.50537  22082.74865  -2.7413660   1.2651619  -1.0579528 2026 01 14 23 07 41.84
0  -2728.49201  12529.84169  22061.48379  -2.7366626   1.2684786  -1.0685417 2026 01 14 23 08 01.84
0  -2783.17771  12555.24410  22040.00726  -2.7319291   1.2717719  -1.0791206 2026 01 14 23 08 21.84
0  -2837.76843  12580.71216  22018.31925  -2.7271656   1.2750418  -1.0896893 2026 01 14 23 08 41.84
0  -2892.26359  12606.24537  21996.41998  -2.7223722   1.2782881  -1.1002478 2026 01 14 23 09 01.84
0  -2946.66258  12631.84327  21974.30963  -2.7175490   1.2815107  -1.1107959 2026 01 14 23 09 21.84
0  -3000.96482  12657.50539  21951.98843  -2.7126961   1.2847095  -1.1213336 2026 01 14 23 09 41.84
0  -3055.16969  12683.23124  21929.45658  -2.7078136   1.2878843  -1.1318608 2026 01 14 23 10 01.84
0  -3109.27663  12709.02035  21906.71430  -2.7029017   1.2910352  -1.1423773 2026 01 14 23 10 21.84
0  -3163.28503  12734.87224  21883.76179  -2.6979604   1.2941619  -1.1528831 2026 01 14 23 10 41.84
0  -3217.19431  12760.78642  21860.59927  -2.6929898   1.2972644  -1.1633780 2026 01 14 23 11 01.84
0  -3271.00389  12786.76240  21837.22697  -2.6879901   1.3003425  -1.1738620 2026 01 14 23 11 21.84
0  -3324.71318  12812.79970  21813.64510  -2.6829613   1.3033961  -1.1843349 2026 01 14 23 11 41.84
0  -3378.32161  12838.89784  21789.85388  -2.6779036   1.3064252  -1.1947966 2026 01 14 23 12 01.84
0  -3431.82860  12865.05630  21765.85355  -2.6728171   1.3094296  -1.2052472 2026 01 14 23 12 21.84
0  -3485.23357  12891.27461  21741.64431  -2.6677018   1.3124092  -1.2156863 2026 01 14 23 12 41.84
0  -3538.53595  12917.55226  21717.22641  -2.6625579   1.3153639  -1.2261140 2026 01 14 23 13 01.84
0  -3591.73516  12943.88875  21692.60007  -2.6573855   1.3182937  -1.2365302 2026 01 14 23 13 21.84
0  -3644.83065  12970.28359  21667.76552  -2.6521847   1.3211983  -1.2469347 2026 01 14 23 13 41.84
0  -3697.82183  12996.73627  21642.72300  -2.6469557   1.3240777  -1.2573274 2026 01 14 23 14 01.84
0  -3750.70815  13023.24629  21617.47275  -2.6416984   1.3269318  -1.2677083 2026 01 14 23 14 21.84
0  -3803.48905  13049.81313  21592.01499  -2.6364132   1.3297605  -1.2780773 2026 01 14 23 14 41.84
0  -3856.16396  13076.43629  21566.34998  -2.6310999   1.3325637  -1.2884342 2026 01 14 23 15 01.84
0  -3908.73233  13103.11526  21540.47796  -2.6257589   1.3353412  -1.2987789 2026 01 14 23 15 21.84
0  -3961.19360  13129.84953  21514.39916  -2.6203901   1.3380930  -1.3091114 2026 01 14 23 15 41.84
0  -4013.54722  13156.63857  21488.11384  -2.6149937   1.3408190  -1.3194315 2026 01 14 23 16 01.84
0  -4065.79264  13183.48187  21461.62224  -2.6095698   1.3435191  -1.3297392 2026 01 14 23 16 21.84
0  -4117.92930  13210.37892  21434.92461  -2.6041186   1.3461931  -1.3400344 2026 01 14 23 16 41.84
0  -4169.95667  13237.32918  21408.02120  -2.5986400   1.3488410  -1.3503168 2026 01 14 23 17 01.84
0  -4221.87420  13264.33214  21380.91228  -2.5931344   1.3514627  -1.3605866 2026 01 14 23 17 21.84
0  -4273.68134  13291.38727  21353.59809  -2.5876017   1.3540581  -1.3708434 2026 01 14 23 17 41.84
0  -4325.37756  13318.49405  21326.07889  -2.5820421   1.3566270  -1.3810874 2026 01 14 23 18 01.84
0  -4376.96232  13345.65193  21298.35494  -2.5764557   1.3591694  -1.3913183 2026 01 14 23 18 21.84
0  -4428.43509  13372.86040  21270.42651  -2.5708427   1.3616851  -1.4015360 2026 01 14 23 18 41.84
0  -4479.79533  13400.11892  21242.29386  -2.5652031   1.3641742  -1.4117405 2026 01 14 23 19 01.84
0  -4531.04251  13427.42695  21213.95725  -2.5595371   1.3666364  -1.4219317 2026 01 14 23 19 21.84
0  -4582.17611  13454.78396  21185.41695  -2.5538447   1.3690717  -1.4321094 2026 01 14 23 19 41.84
0  -4633.19560  13482.18940  21156.67323  -2.5481262   1.3714800  -1.4422736 2026 01 14 23 20 01.84
0  -4684.10046  13509.64274  21127.72637  -2.5423815   1.3738613  -1.4524242 2026 01 14 23 20 21.84
0  -4734.89017  13537.14343  21098.57663  -2.5366110   1.3762153  -1.4625610 2026 01 14 23 20 41.84
0  -4785.56420  13564.69093  21069.22430  -2.5308146   1.3785420  -1.4726840 2026 01 14 23 21 01.84
0  -4836.12206  13592.28469  21039.66965  -2.5249924   1.3808413  -1.4827930 2026 01 14 23 21 21.84
0  -4886.56321  13619.92417  21009.91295  -2.5191447   1.3831132  -1.4928880 2026 01 14 23 21 41.84
0  -4936.88716  13647.60880  20979.95450  -2.5132716   1.3853575  -1.5029689 2026 01 14 23 22 01.84
0  -4987.09339  13675.33804  20949.79457  -2.5073731   1.3875741  -1.5130356 2026 01 14 23 22 21.84
0  -5037.18139  13703.11134  20919.43346  -2.5014493   1.3897630  -1.5230880 2026 01 14 23 22 41.84
0  -5087.15068  13730.92814  20888.87144  -2.4955005   1.3919240  -1.5331259 2026 01 14 23 23 01.84
0  -5137.00073  13758.78788  20858.10880  -2.4895267   1.3940571  -1.5431494 2026 01 14 23 23 21.84
0  -5186.73106  13786.69001  20827.14585  -2.4835281   1.3961622  -1.5531582 2026 01 14 23 23 41.84
0  -5236.34118  13814.63395  20795.98287  -2.4775048   1.3982392  -1.5631523 2026 01 14 23 24 01.84
0  -5285.83057  13842.61915  20764.62015  -2.4714568   1.4002880  -1.5731317 2026 01 14 23 24 21.84
0  -5335.19877  13870.64505  20733.05799  -2.4653844   1.4023084  -1.5830961 2026 01 14 23 24 41.84
0  -5384.44528  13898.71107  20701.29670  -2.4592877   1.4043006  -1.5930455 2026 01 14 23 25 01.84
0  -5433.56960  13926.81665  20669.33657  -2.4531668   1.4062642  -1.6029798 2026 01 14 23 25 21.84
0  -5482.57127  13954.96122  20637.17791  -2.4470217   1.4081993  -1.6128990 2026 01 14 23 25 41.84
0  -5531.44980  13983.14420  20604.82101  -2.4408528   1.4101058  -1.6228029 2026 01 14 23 26 01.84
0  -5580.20471  14011.36503  20572.26620  -2.4346599   1.4119836  -1.6326913 2026 01 14 23 26 21.84
0  -5628.83553  14039.62312  20539.51377  -2.4284434   1.4138326  -1.6425644 2026 01 14 23 26 41.84
0  -5677.34178  14067.91791  20506.56403  -2.4222034   1.4156527  -1.6524218 2026 01 14 23 27 01.84
0  -5725.72300  14096.24881  20473.41731  -2.4159399   1.4174438  -1.6622636 2026 01 14 23 27 21.84
0  -5773.97871  14124.61524  20440.07390  -2.4096531   1.4192059  -1.6720896 2026 01 14 23 27 41.84
0  -5822.10846  14153.01662  20406.53414  -2.4033431   1.4209388  -1.6818998 2026 01 14 23 28 01.84
0  -5870.11178  14181.45237  20372.79833  -2.3970101   1.4226426  -1.6916940 2026 01 14 23 28 21.84
0  -5917.98820  14209.92190  20338.86680  -2.3906541   1.4243170  -1.7014721 2026 01 14 23 28 41.84
0  -5965.73728  14238.42463  20304.73987  -2.3842754   1.4259621  -1.7112342 2026 01 14 23 29 01.84
0  -6013.35856  14266.95997  20270.41786  -2.3778740   1.4275778  -1.7209800 2026 01 14 23 29 21.84
0  -6060.85159  14295.52732  20235.90110  -2.3714501   1.4291639  -1.7307094 2026 01 14 23 29 41.84
0  -6108.21591  14324.12610  20201.18991  -2.3650039   1.4307204  -1.7404225 2026 01 14 23 30 01.84
0  -6155.45109  14352.75571  20166.28463  -2.3585354   1.4322472  -1.7501190 2026 01 14 23 30 21.84
0  -6202.55668  14381.41557  20131.18558  -2.3520447   1.4337443  -1.7597990 2026 01 14 23 30 41.84
0  -6249.53223  14410.10506  20095.89310  -2.3455321   1.4352115  -1.7694622 2026 01 14 23 31 01.84
0  -6296.37731  14438.82360  20060.40753  -2.3389977   1.4366488  -1.7791086 2026 01 14 23 31 21.84
0  -6343.09149  14467.57059  20024.72920  -2.3324415   1.4380562  -1.7887381 2026 01 14 23 31 41.84
0  -6389.67433  14496.34543  19988.85845  -2.3258638   1.4394335  -1.7983507 2026 01 14 23 32 01.84
0  -6436.12540  14525.14751  19952.79562  -2.3192646   1.4407806  -1.8079462 2026 01 14 23 32 21.84
0  -6482.44428  14553.97623  19916.54105  -2.3126442   1.4420975  -1.8175245 2026 01 14 23 32 41.84
0  -6528.63053  14582.83099  19880.09509  -2.3060025   1.4433842  -1.8270855 2026 01 14 23 33 01.84
0  -6574.68374  14611.71118  19843.45808  -2.2993399   1.4446405  -1.8366292 2026 01 14 23 33 21.84
0  -6620.60349  14640.61619  19806.63037  -2.2926563   1.4458664  -1.8461554 2026 01 14 23 33 41.84
0  -6666.38936  14669.54541  19769.61231  -2.2859520   1.4470618  -1.8556641 2026 01 14 23 34 01.84
0  -6712.04094  14698.49824  19732.40426  -2.2792271   1.4482266  -1.8651552 2026 01 14 23 34 21.84
0  -6757.55781  14727.47405  19695.00656  -2.2724817   1.4493608  -1.8746286 2026 01 14 23 34 41.84
0  -6802.93958  14756.47225  19657.41958  -2.2657160   1.4504643  -1.8840841 2026 01 14 23 35 01.84
0  -6848.18583  14785.49220  19619.64366  -2.2589301   1.4515370  -1.8935217 2026 01 14 23 35 21.84
0  -6893.29616  14814.53331  19581.67918  -2.2521241   1.4525789  -1.9029413 2026 01 14 23 35 41.84
0  -6938.27017  14843.59494  19543.52648  -2.2452982   1.4535899  -1.9123429 2026 01 14 23 36 01.84
0  -6983.10746  14872.67648  19505.18593  -2.2384526   1.4545699  -1.9217262 2026 01 14 23 36 21.84
0  -7027.80765  14901.77732  19466.65790  -2.2315873   1.4555189  -1.9310913 2026 01 14 23 36 41.84
0  -7072.37033  14930.89682  19427.94275  -2.2247025   1.4564368  -1.9404381 2026 01 14 23 37 01.84
0  -7116.79513  14960.03437  19389.04085  -2.2177983   1.4573236  -1.9497663 2026 01 14 23 37 21.84
0  -7161.08165  14989.18934  19349.95257  -2.2108750   1.4581791  -1.9590761 2026 01 14 23 37 41.84
0  -7205.22951  15018.36111  19310.67829  -2.2039325   1.4590033  -1.9683672 2026 01 14 23 38 01.84
0  -7249.23834  15047.54906  19271.21837  -2.1969712   1.4597961  -1.9776395 2026 01 14 23 38 21.84
0  -7293.10775  15076.75254  19231.57319  -2.1899910   1.4605576  -1.9868931 2026 01 14 23 38 41.84
0  -7336.83737  15105.97094  19191.74313  -2.1829922   1.4612876  -1.9961277 2026 01 14 23 39 01.84
0  -7380.42683  15135.20362  19151.72857  -2.1759750   1.4619860  -2.0053434 2026 01 14 23 39 21.84
0  -7423.87576  15164.44996  19111.52988  -2.1689393   1.4626529  -2.0145400 2026 01 14 23 39 41.84
0  -7467.18380  15193.70932  19071.14746  -2.1618855   1.4632881  -2.0237174 2026 01 14 23 40 01.84
0  -7510.35058  15222.98107  19030.58168  -2.1548136   1.4638916  -2.0328755 2026 01 14 23 40 21.84
0  -7553.37574  15252.26456  18989.83293  -2.1477237   1.4644633  -2.0420143 2026 01 14 23 40 41.84
0  -7596.25893  15281.55918  18948.90160  -2.1406161   1.4650032  -2.0511337 2026 01 14 23 41 01.84
0  -7638.99979  15310.86427  18907.78809  -2.1334909   1.4655112  -2.0602335 2026 01 14 23 41 21.84
0  -7681.59797  15340.17921  18866.49277  -2.1263482   1.4659873  -2.0693138 2026 01 14 23 41 41.84
0  -7724.05312  15369.50335  18825.01604  -2.1191881   1.4664313  -2.0783743 2026 01 14 23 42 01.84
0  -7766.36490  15398.83605  18783.35830  -2.1120109   1.4668434  -2.0874150 2026 01 14 23 42 21.84
0  -7808.53297  15428.17667  18741.51995  -2.1048166   1.4672233  -2.0964359 2026 01 14 23 42 41.84
0  -7850.55698  15457.52456  18699.50138  -2.0976054   1.4675711  -2.1054367 2026 01 14 23 43 01.84
0  -7892.43659  15486.87909  18657.30299  -2.0903774   1.4678867  -2.1144176 2026 01 14 23 43 21.84
0  -7934.17149  15516.23961  18614.92519  -2.0831328   1.4681700  -2.1233782 2026 01 14 23 43 41.84
0  -7975.76132  15545.60548  18572.36838  -2.0758718   1.4684210  -2.1323187 2026 01 14 23 44 01.84
0  -8017.20578  15574.97604  18529.63296  -2.0685945   1.4686397  -2.1412388 2026 01 14 23 44 21.84
0  -8058.50452  15604.35065  18486.71934  -2.0613010   1.4688259  -2.1501386 2026 01 14 23 44 41.84
0  -8099.65724  15633.72866  18443.62794  -2.0539915   1.4689797  -2.1590178 2026 01 14 23 45 01.84
0  -8140.66361  15663.10943  18400.35915  -2.0466661   1.4691010  -2.1678765 2026 01 14 23 45 21.84
0  -8181.52331  15692.49229  18356.91340  -2.0393250   1.4691897  -2.1767145 2026 01 14 23 45 41.84
0  -8222.23603  15721.87660  18313.29110  -2.0319684   1.4692459  -2.1855318 2026 01 14 23 46 01.84
0  -8262.80147  15751.26171  18269.49266  -2.0245963   1.4692694  -2.1943282 2026 01 14 23 46 21.84
0  -8303.21932  15780.64696  18225.51850  -2.0172089   1.4692602  -2.2031037 2026 01 14 23 46 41.84
0  -8343.48926  15810.03171  18181.36904  -2.0098065   1.4692182  -2.2118583 2026 01 14 23 47 01.84
0  -8383.61101  15839.41528  18137.04471  -2.0023891   1.4691435  -2.2205917 2026 01 14 23 47 21.84
0  -8423.58426  15868.79704  18092.54592  -1.9949568   1.4690360  -2.2293039 2026 01 14 23 47 41.84
0  -8463.40872  15898.17631  18047.87309  -1.9875099   1.4688956  -2.2379949 2026 01 14 23 48 01.84
0  -8503.08410  15927.55245  18003.02666  -1.9800485   1.4687223  -2.2466646 2026 01 14 23 48 21.84
0  -8542.61010  15956.92479  17958.00705  -1.9725727   1.4685160  -2.2553128 2026 01 14 23 48 41.84
0  -8581.98645  15986.29268  17912.81469  -1.9650827   1.4682768  -2.2639395 2026 01 14 23 49 01.84
0  -8621.21285  16015.65546  17867.45002  -1.9575786   1.4680045  -2.2725446 2026 01 14 23 49 21.84
0  -8660.28904  16045.01245  17821.91346  -1.9500606   1.4676991  -2.2811281 2026 01 14 23 49 41.84
0  -8699.21473  16074.36301  17776.20545  -1.9425289   1.4673607  -2.2896897 2026 01 14 23 50 01.84
0  -8737.98964  16103.70647  17730.32642  -1.9349835   1.4669891  -2.2982296 2026 01 14 23 50 21.84
0  -8776.61352  16133.04217  17684.27682  -1.9274247   1.4665843  -2.3067475 2026 01 14 23 50 41.84
0  -8815.08609  16162.36944  17638.05708  -1.9198526   1.4661463  -2.3152434 2026 01 14 23 51 01.84
0  -8853.40708  16191.68761  17591.66764  -1.9122674   1.4656750  -2.3237172 2026 01 14 23 51 21.84
0  -8891.57624  16220.99603  17545.10895  -1.9046691   1.4651705  -2.3321688 2026 01 14 23 51 41.84
0  -8929.59331  16250.29403  17498.38145  -1.8970580   1.4646326  -2.3405981 2026 01 14 23 52 01.84
0  -8967.45802  16279.58093  17451.48559  -1.8894343   1.4640613  -2.3490052 2026 01 14 23 52 21.84
0  -9005.17014  16308.85608  17404.42181  -1.8817980   1.4634567  -2.3573897 2026 01 14 23 52 41.84
0  -9042.72941  16338.11880  17357.19057  -1.8741493   1.4628187  -2.3657518 2026 01 14 23 53 01.84
0  -9080.13558  16367.36842  17309.79231  -1.8664884   1.4621472  -2.3740913 2026 01 14 23 53 21.84
0  -9117.38841  16396.60428  17262.22749  -1.8588154   1.4614422  -2.3824082 2026 01 14 23 53 41.84
0  -9154.48767  16425.82571  17214.49655  -1.8511305   1.4607037  -2.3907022 2026 01 14 23 54 01.84
0  -9191.43311  16455.03203  17166.59997  -1.8434338   1.4599316  -2.3989735 2026 01 14 23 54 21.84
0  -9228.22450  16484.22257  17118.53819  -1.8357256   1.4591260  -2.4072218 2026 01 14 23 54 41.84
0  -9264.86161  16513.39667  17070.31168  -1.8280058   1.4582867  -2.4154472 2026 01 14 23 55 01.84
0  -9301.34421  16542.55364  17021.92088  -1.8202748   1.4574139  -2.4236495 2026 01 14 23 55 21.84
0  -9337.67208  16571.69283  16973.36628  -1.8125327   1.4565073  -2.4318286 2026 01 14 23 55 41.84
0  -9373.84500  16600.81354  16924.64832  -1.8047795   1.4555671  -2.4399845 2026 01 14 23 56 01.84
0  -9409.86275  16629.91512  16875.76749  -1.7970155   1.4545932  -2.4481171 2026 01 14 23 56 21.84
0  -9445.72511  16658.99687  16826.72423  -1.7892409   1.4535856  -2.4562263 2026 01 14 23 56 41.84
0  -9481.43187  16688.05814  16777.51902  -1.7814557   1.4525441  -2.4643120 2026 01 14 23 57 01.84
0  -9516.98283  16717.09825  16728.15234  -1.7736602   1.4514690  -2.4723742 2026 01 14 23 57 21.84
0  -9552.37777  16746.11651  16678.62465  -1.7658545   1.4503600  -2.4804127 2026 01 14 23 57 41.84
0  -9587.61650  16775.11225  16628.93643  -1.7580387   1.4492172  -2.4884276 2026 01 14 23 58 01.84
0  -9622.69882  16804.08480  16579.08814  -1.7502130   1.4480405  -2.4964186 2026 01 14 23 58 21.84
0  -9657.62452  16833.03348  16529.08028  -1.7423776   1.4468300  -2.5043858 2026 01 14 23 58 41.84
0  -9692.39342  16861.95761  16478.91331  -1.7345326   1.4455856  -2.5123291 2026 01 14 23 59 01.84
0  -9727.00532  16890.85651  16428.58772  -1.7266781   1.4443072  -2.5202483 2026 01 14 23 59 21.84
0  -9761.46005  16919.72951  16378.10398  -1.7188145   1.4429950  -2.5281435 2026 01 14 23 59 41.84
0  -9795.75741  16948.57592  16327.46258  -1.7109417   1.4416488  -2.5360145 2026 01 15 00 00 01.84
0  -9829.89722  16977.39508  16276.66401  -1.7030599   1.4402687  -2.5438612 2026 01 15 00 00 21.84
0  -9863.87932  17006.18629  16225.70874  -1.6951694   1.4388546  -2.5516836 2026 01 15 00 00 41.84
0  -9897.70351  17034.94887  16174.59728  -1.6872702   1.4374065  -2.5594816 2026 01 15 00 01 01.84
0  -9931.36964  17063.68216  16123.33009  -1.6793626   1.4359244  -2.5672551 2026 01 15 00 01 21.84
0  -9964.87753  17092.38546  16071.90769  -1.6714466   1.4344083  -2.5750041 2026 01 15 00 01 41.84
0  -9998.22702  17121.05811  16020.33054  -1.6635225   1.4328581  -2.5827284 2026 01 15 00 02 01.84
0 -10031.41795  17149.69941  15968.59916  -1.6555903   1.4312740  -2.5904281 2026 01 15 00 02 21.84
0 -10064.45016  17178.30868  15916.71404  -1.6476503   1.4296557  -2.5981029 2026 01 15 00 02 41.84
0 -10097.32349  17206.88526  15864.67567  -1.6397027   1.4280034  -2.6057529 2026 01 15 00 03 01.84
0 -10130.03779  17235.42844  15812.48455  -1.6317475   1.4263170  -2.6133780 2026 01 15 00 03 21.84
0 -10162.59291  17263.93756  15760.14117  -1.6237849   1.4245966  -2.6209781 2026 01 15 00 03 41.84
0 -10194.98871  17292.41192  15707.64605  -1.6158151   1.4228420  -2.6285531 2026 01 15 00 04 01.84
0 -10227.22505  17320.85086  15654.99968  -1.6078383   1.4210534  -2.6361029 2026 01 15 00 04 21.84
0 -10259.30178  17349.25368  15602.20256  -1.5998546   1.4192306  -2.6436275 2026 01 15 00 04 41.84
0 -10291.21877  17377.61971  15549.25521  -1.5918641   1.4173737  -2.6511268 2026 01 15 00 05 01.84
0 -10322.97588  17405.94826  15496.15812  -1.5838671   1.4154827  -2.6586007 2026 01 15 00 05 21.84
0 -10354.57299  17434.23864  15442.91181  -1.5758636   1.4135576  -2.6660492 2026 01 15 00 05 41.84
0 -10386.00997  17462.49019  15389.51679  -1.5678539   1.4115984  -2.6734722 2026 01 15 00 06 01.84
0 -10417.28669  17490.70221  15335.97356  -1.5598381   1.4096050  -2.6808696 2026 01 15 00 06 21.84
0 -10448.40304  17518.87402  15282.28264  -1.5518164   1.4075774  -2.6882413 2026 01 15 00 06 41.84
0 -10479.35889  17547.00493  15228.44455  -1.5437888   1.4055158  -2.6955872 2026 01 15 00 07 01.84
0 -10510.15414  17575.09428  15174.45979  -1.5357557   1.4034200  -2.7029074 2026 01 15 00 07 21.84
0 -10540.78867  17603.14136  15120.32890  -1.5277170   1.4012900  -2.7102017 2026 01 15 00 07 41.84
0 -10571.26238  17631.14551  15066.05237  -1.5196731   1.3991259  -2.7174700 2026 01 15 00 08 01.84
0 -10601.57515  17659.10603  15011.63074  -1.5116241   1.3969277  -2.7247123 2026 01 15 00 08 21.84
0 -10631.72690  17687.02225  14957.06453  -1.5035700   1.3946953  -2.7319285 2026 01 15 00 08 41.84
0 -10661.71751  17714.89348  14902.35425  -1.4955111   1.3924288  -2.7391186 2026 01 15 00 09 01.84
0 -10691.54691  17742.71904  14847.50044  -1.4874476   1.3901282  -2.7462824 2026 01 15 00 09 21.84
0 -10721.21498  17770.49825  14792.50361  -1.4793796   1.3877934  -2.7534199 2026 01 15 00 09 41.84
0 -10750.72165  17798.23041  14737.36430  -1.4713072   1.3854245  -2.7605310 2026 01 15 00 10 01.84
0 -10780.06684  17825.91486  14682.08302  -1.4632306   1.3830215  -2.7676157 2026 01 15 00 10 21.84
0 -10809.25045  17853.55091  14626.66033  -1.4551500   1.3805843  -2.7746738 2026 01 15 00 10 41.84
0 -10838.27241  17881.13788  14571.09673  -1.4470655   1.3781131  -2.7817054 2026 01 15 00 11 01.84
0 -10867.13264  17908.67508  14515.39277  -1.4389774   1.3756077  -2.7887103 2026 01 15 00 11 21.84
0 -10895.83108  17936.16183  14459.54898  -1.4308856   1.3730682  -2.7956885 2026 01 15 00 11 41.84
0 -10924.36764  17963.59745  14403.56589  -1.4227905   1.3704947  -2.8026400 2026 01 15 00 12 01.84
0 -10952.74228  17990.98126  14347.44404  -1.4146922   1.3678871  -2.8095645 2026 01 15 00 12 21.84
0 -10980.95491  18018.31258  14291.18398  -1.4065908   1.3652454  -2.8164621 2026 01 15 00 12 41.84
0 -11009.00549  18045.59072  14234.78623  -1.3984865   1.3625697  -2.8233328 2026 01 15 00 13 01.84
0 -11036.89396  18072.81501  14178.25133  -1.3903794   1.3598599  -2.8301763 2026 01 15 00 13 21.84
0 -11064.62026  18099.98477  14121.57984  -1.3822697   1.3571160  -2.8369928 2026 01 15 00 13 41.84
0 -11092.18434  18127.09931  14064.77230  -1.3741577   1.3543382  -2.8437820 2026 01 15 00 14 01.84
0 -11119.58615  18154.15795  14007.82924  -1.3660433   1.3515264  -2.8505440 2026 01 15 00 14 21.84
0 -11146.82566  18181.16001  13950.75121  -1.3579268   1.3486805  -2.8572786 2026 01 15 00 14 41.84
0 -11173.90282  18208.10482  13893.53877  -1.3498084   1.3458007  -2.8639859 2026 01 15 00 15 01.84
0 -11200.81760  18234.99170  13836.19245  -1.3416882   1.3428869  -2.8706657 2026 01 15 00 15 21.84
0 -11227.56995  18261.81996  13778.71282  -1.3335664   1.3399392  -2.8773180 2026 01 15 00 15 41.84
0 -11254.15985  18288.58892  13721.10041  -1.3254431   1.3369575  -2.8839426 2026 01 15 00 16 01.84
0 -11280.58728  18315.29792  13663.35579  -1.3173185   1.3339420  -2.8905397 2026 01 15 00 16 21.84
0 -11306.85220  18341.94626  13605.47951  -1.3091927   1.3308925  -2.8971090 2026 01 15 00 16 41.84
0 -11332.95459  18368.53328  13547.47212  -1.3010659   1.3278092  -2.9036505 2026 01 15 00 17 01.84
0 -11358.89445  18395.05829  13489.33418  -1.2929383   1.3246920  -2.9101641 2026 01 15 00 17 21.84
0 -11384.67174  18421.52062  13431.06624  -1.2848101   1.3215410  -2.9166499 2026 01 15 00 17 41.84
0 -11410.28646  18447.91960  13372.66887  -1.2766813   1.3183562  -2.9231076 2026 01 15 00 18 01.84
0 -11435.73860  18474.25454  13314.14263  -1.2685521   1.3151376  -2.9295373 2026 01 15 00 18 21.84
0 -11461.02816  18500.52477  13255.48807  -1.2604228   1.3118853  -2.9359390 2026 01 15 00 18 41.84
0 -11486.15514  18526.72962  13196.70576  -1.2522934   1.3085992  -2.9423124 2026 01 15 00 19 01.84
0 -11511.11952  18552.86841  13137.79627  -1.2441641   1.3052794  -2.9486576 2026 01 15 00 19 21.84
0 -11535.92133  18578.94047  13078.76015  -1.2360352   1.3019259  -2.9549745 2026 01 15 00 19 41.84
0 -11560.56055  18604.94512  13019.59798  -1.2279066   1.2985387  -2.9612631 2026 01 15 00 20 01.84
0 -11585.03722  18630.88169  12960.31033  -1.2197787   1.2951179  -2.9675233 2026 01 15 00 20 21.84
0 -11609.35133  18656.74951  12900.89775  -1.2116515   1.2916635  -2.9737549 2026 01 15 00 20 41.84
0 -11633.50291  18682.54790  12841.36083  -1.2035253   1.2881755  -2.9799580 2026 01 15 00 21 01.84
0 -11657.49198  18708.27620  12781.70013  -1.1954001   1.2846540  -2.9861326 2026 01 15 00 21 21.84
0 -11681.31855  18733.93374  12721.91623  -1.1872761   1.2810989  -2.9922784 2026 01 15 00 21 41.84
0 -11704.98266  18759.51984  12662.00970  -1.1791535   1.2775104  -2.9983956 2026 01 15 00 22 01.84
0 -11728.48433  18785.03384  12601.98111  -1.1710325   1.2738883  -3.0044839 2026 01 15 00 22 21.84
0 -11751.82360  18810.47506  12541.83105  -1.1629132   1.2702329  -3.0105434 2026 01 15 00 22 41.84
0 -11775.00050  18835.84283  12481.56008  -1.1547958   1.2665441  -3.0165740 2026 01 15 00 23 01.84
0 -11798.01508  18861.13650  12421.16880  -1.1466804   1.2628218  -3.0225757 2026 01 15 00 23 21.84
0 -11820.86737  18886.35539  12360.65777  -1.1385671   1.2590663  -3.0285483 2026 01 15 00 23 41.84
0 -11843.55741  18911.49884  12300.02758  -1.1304562   1.2552775  -3.0344918 2026 01 15 00 24 01.84
0 -11866.08527  18936.56618  12239.27881  -1.1223478   1.2514554  -3.0404062 2026 01 15 00 24 21.84
0 -11888.45098  18961.55675  12178.41204  -1.1142421   1.2476001  -3.0462914 2026 01 15 00 24 41.84
0 -11910.65461  18986.46988  12117.42786  -1.1061392   1.2437116  -3.0521474 2026 01 15 00 25 01.84
0 -11932.69620  19011.30490  12056.32686  -1.0980392   1.2397899  -3.0579740 2026 01 15 00 25 21.84
0 -11954.57584  19036.06117  11995.10962  -1.0899424   1.2358351  -3.0637713 2026 01 15 00 25 41.84
0 -11976.29356  19060.73800  11933.77673  -1.0818489   1.2318473  -3.0695391 2026 01 15 00 26 01.84
0 -11997.84945  19085.33476  11872.32878  -1.0737588   1.2278264  -3.0752775 2026 01 15 00 26 21.84
0 -12019.24358  19109.85076  11810.76635  -1.0656723   1.2237726  -3.0809863 2026 01 15 00 26 41.84
0 -12040.47601  19134.28536  11749.09005  -1.0575895   1.2196858  -3.0866655 2026 01 15 00 27 01.84
0 -12061.54683  19158.63789  11687.30046  -1.0495107   1.2155660  -3.0923150 2026 01 15 00 27 21.84
0 -12082.45611  19182.90770  11625.39817  -1.0414359   1.2114134  -3.0979349 2026 01 15 00 27 41.84
0 -12103.20394  19207.09413  11563.38379  -1.0333654   1.2072280  -3.1035250 2026 01 15 00 28 01.84
0 -12123.79040  19231.19653  11501.25790  -1.0252992   1.2030098  -3.1090852 2026 01 15 00 28 21.84
0 -12144.21558  19255.21423  11439.02111  -1.0172376   1.1987589  -3.1146156 2026 01 15 00 28 41.84
0 -12164.47958  19279.14659  11376.67401  -1.0091807   1.1944753  -3.1201160 2026 01 15 00 29 01.84
0 -12184.58249  19302.99295  11314.21720  -1.0011286   1.1901590  -3.1255865 2026 01 15 00 29 21.84
0 -12204.52441  19326.75267  11251.65128  -0.9930815   1.1858101  -3.1310269 2026 01 15 00 29 41.84
0 -12224.30544  19350.42507  11188.97685  -0.9850396   1.1814287  -3.1364373 2026 01 15 00 30 01.84
0 -12243.92568  19374.00953  11126.19452  -0.9770030   1.1770148  -3.1418175 2026 01 15 00 30 21.84
0 -12263.38525  19397.50538  11063.30489  -0.9689718   1.1725684  -3.1471674 2026 01 15 00 30 41.84
0 -12282.68424  19420.91198  11000.30856  -0.9609463   1.1680897  -3.1524872 2026 01 15 00 31 01.84
0 -12301.82279  19444.22869  10937.20614  -0.9529266   1.1635785  -3.1577766 2026 01 15 00 31 21.84
0 -12320.80100  19467.45484  10873.99823  -0.9449128   1.1590351  -3.1630357 2026 01 15 00 31 41.84
0 -12339.61900  19490.58981  10810.68545  -0.9369051   1.1544594  -3.1682644 2026 01 15 00 32 01.84
0 -12358.27691  19513.63294  10747.26840  -0.9289036   1.1498515  -3.1734626 2026 01 15 00 32 21.84
0 -12376.77485  19536.58360  10683.74769  -0.9209085   1.1452115  -3.1786302 2026 01 15 00 32 41.84
0 -12395.11295  19559.44113  10620.12393  -0.9129200   1.1405394  -3.1837674 2026 01 15 00 33 01.84
0 -12413.29135  19582.20490  10556.39774  -0.9049382   1.1358352  -3.1888739 2026 01 15 00 33 21.84
0 -12431.31019  19604.87427  10492.56972  -0.8969632   1.1310991  -3.1939497 2026 01 15 00 33 41.84
0 -12449.16959  19627.44859  10428.64049  -0.8889953   1.1263310  -3.1989949 2026 01 15 00 34 01.84
0 -12466.86971  19649.92724  10364.61067  -0.8810345   1.1215310  -3.2040092 2026 01 15 00 34 21.84
0 -12484.41068  19672.30957  10300.48087  -0.8730810   1.1166993  -3.2089928 2026 01 15 00 34 41.84
0 -12501.79266  19694.59494  10236.25171  -0.8651350   1.1118358  -3.2139455 2026 01 15 00 35 01.84
0 -12519.01580  19716.78273  10171.92380  -0.8571966   1.1069405  -3.2188673 2026 01 15 00 35 21.84
0 -12536.08024  19738.87231  10107.49777  -0.8492660   1.1020137  -3.2237581 2026 01 15 00 35 41.84
0 -12552.98616  19760.86302  10042.97423  -0.8413432   1.0970553  -3.2286179 2026 01 15 00 36 01.84
0 -12569.73370  19782.75426   9978.35380  -0.8334286   1.0920653  -3.2334466 2026 01 15 00 36 21.84
0 -12586.32302  19804.54538   9913.63712  -0.8255222   1.0870439  -3.2382442 2026 01 15 00 36 41.84
0 -12602.75431  19826.23576   9848.82479  -0.8176242   1.0819911  -3.2430107 2026 01 15 00 37 01.84
0 -12619.02772  19847.82477   9783.91744  -0.8097347   1.0769070  -3.2477460 2026 01 15 00 37 21.84
0 -12635.14343  19869.31179   9718.91570  -0.8018539   1.0717916  -3.2524500 2026 01 15 00 37 41.84
0 -12651.10161  19890.69618   9653.82020  -0.7939819   1.0666450  -3.2571228 2026 01 15 00 38 01.84
0 -12666.90244  19911.97734   9588.63155  -0.7861189   1.0614672  -3.2617642 2026 01 15 00 38 21.84
0 -12682.54610  19933.15463   9523.35039  -0.7782650   1.0562584  -3.2663742 2026 01 15 00 38 41.84
0 -12698.03277  19954.22743   9457.97734  -0.7704203   1.0510186  -3.2709527 2026 01 15 00 39 01.84
0 -12713.36265  19975.19513   9392.51304  -0.7625852   1.0457478  -3.2754998 2026 01 15 00 39 21.84
0 -12728.53592  19996.05710   9326.95811  -0.7547596   1.0404462  -3.2800154 2026 01 15 00 39 41.84
0 -12743.55277  20016.81274   9261.31318  -0.7469437   1.0351137  -3.2844994 2026 01 15 00 40 01.84
0 -12758.41341  20037.46141   9195.57890  -0.7391377   1.0297506  -3.2889518 2026 01 15 00 40 21.84
0 -12773.11803  20058.00252   9129.75588  -0.7313417   1.0243567  -3.2933725 2026 01 15 00 40 41.84
0 -12787.66683  20078.43545   9063.84476  -0.7235559   1.0189322  -3.2977615 2026 01 15 00 41 01.84
0 -12802.06001  20098.75958   8997.84618  -0.7157804   1.0134773  -3.3021188 2026 01 15 00 41 21.84
0 -12816.29779  20118.97431   8931.76077  -0.7080153   1.0079918  -3.3064443 2026 01 15 00 41 41.84
0 -12830.38038  20139.07902   8865.58917  -0.7002609   1.0024760  -3.3107380 2026 01 15 00 42 01.84
0 -12844.30799  20159.07312   8799.33202  -0.6925172   0.9969299  -3.3149998 2026 01 15 00 42 21.84
0 -12858.08083  20178.95599   8732.98995  -0.6847845   0.9913535  -3.3192296 2026 01 15 00 42 41.84
0 -12871.69912  20198.72703   8666.56361  -0.6770627   0.9857470  -3.3234275 2026 01 15 00 43 01.84
0 -12885.16310  20218.38564   8600.05362  -0.6693522   0.9801103  -3.3275934 2026 01 15 00 43 21.84
0 -12898.47298  20237.93122   8533.46064  -0.6616531   0.9744437  -3.3317273 2026 01 15 00 43 41.84
0 -12911.62899  20257.36317   8466.78530  -0.6539654   0.9687471  -3.3358291 2026 01 15 00 44 01.84
0 -12924.63136  20276.68089   8400.02825  -0.6462893   0.9630207  -3.3398987 2026 01 15 00 44 21.84
0 -12937.48033  20295.88378   8333.19012  -0.6386251   0.9572644  -3.3439362 2026 01 15 00 44 41.84
0 -12950.17613  20314.97125   8266.27157  -0.6309727   0.9514785  -3.3479415 2026 01 15 00 45 01.84
0 -12962.71901  20333.94271   8199.27324  -0.6233324   0.9456630  -3.3519146 2026 01 15 00 45 21.84
0 -12975.10921  20352.79756   8132.19577  -0.6157044   0.9398179  -3.3558553 2026 01 15 00 45 41.84
0 -12987.34696  20371.53522   8065.03980  -0.6080887   0.9339433  -3.3597637 2026 01 15 00 46 01.84
0 -12999.43253  20390.15509   7997.80599  -0.6004854   0.9280393  -3.3636398 2026 01 15 00 46 21.84
0 -13011.36616  20408.65658   7930.49499  -0.5928949   0.9221060  -3.3674835 2026 01 15 00 46 41.84
0 -13023.14811  20427.03913   7863.10743  -0.5853171   0.9161436  -3.3712947 2026 01 15 00 47 01.84
0 -13034.77863  20445.30212   7795.64398  -0.5777522   0.9101519  -3.3750735 2026 01 15 00 47 21.84
0 -13046.25798  20463.44500   7728.10527  -0.5702004   0.9041312  -3.3788197 2026 01 15 00 47 41.84
0 -13057.58643  20481.46718   7660.49197  -0.5626618   0.8980816  -3.3825334 2026 01 15 00 48 01.84
0 -13068.76424  20499.36807   7592.80472  -0.5551366   0.8920030  -3.3862145 2026 01 15 00 48 21.84
0 -13079.79168  20517.14710   7525.04417  -0.5476248   0.8858956  -3.3898629 2026 01 15 00 48 41.84
0 -13090.66903  20534.80370   7457.21099  -0.5401267   0.8797595  -3.3934787 2026 01 15 00 49 01.84
0 -13101.39655  20552.33729   7389.30581  -0.5326423   0.8735948  -3.3970618 2026 01 15 00 49 21.84
0 -13111.97452  20569.74730   7321.32930  -0.5251719   0.8674015  -3.4006122 2026 01 15 00 49 41.84
0 -13122.40322  20587.03317   7253.28211  -0.5177155   0.8611798  -3.4041298 2026 01 15 00 50 01.84
0 -13132.68294  20604.19431   7185.16489  -0.5102733   0.8549297  -3.4076145 2026 01 15 00 50 21.84
0 -13142.81395  20621.23017   7116.97831  -0.5028454   0.8486513  -3.4110665 2026 01 15 00 50 41.84
0 -13152.79656  20638.14018   7048.72302  -0.4954320   0.8423448  -3.4144856 2026 01 15 00 51 01.84
0 -13162.63104  20654.92378   6980.39967  -0.4880332   0.8360101  -3.4178717 2026 01 15 00 51 21.84
0 -13172.31770  20671.58041   6912.00894  -0.4806492   0.8296474  -3.4212249 2026 01 15 00 51 41.84
0 -13181.85682  20688.10950   6843.55146  -0.4732800   0.8232568  -3.4245452 2026 01 15 00 52 01.84
0 -13191.24871  20704.51051   6775.02792  -0.4659259   0.8168383  -3.4278324 2026 01 15 00 52 21.84
0 -13200.49366  20720.78287   6706.43896  -0.4585869   0.8103922  -3.4310866 2026 01 15 00 52 41.84
0 -13209.59200  20736.92603   6637.78525  -0.4512631   0.8039184  -3.4343077 2026 01 15 00 53 01.84
0 -13218.54401  20752.93943   6569.06744  -0.4439549   0.7974170  -3.4374957 2026 01 15 00 53 21.84
0 -13227.35001  20768.82254   6500.28621  -0.4366621   0.7908882  -3.4406505 2026 01 15 00 53 41.84
0 -13236.01031  20784.57479   6431.44221  -0.4293851   0.7843320  -3.4437722 2026 01 15 00 54 01.84
0 -13244.52523  20800.19565   6362.53611  -0.4221239   0.7777485  -3.4468607 2026 01 15 00 54 21.84
0 -13252.89509  20815.68458   6293.56858  -0.4148787   0.7711379  -3.4499159 2026 01 15 00 54 41.84
0 -13261.12020  20831.04101   6224.54027  -0.4076495   0.7645002  -3.4529379 2026 01 15 00 55 01.84
0 -13269.20090  20846.26443   6155.45185  -0.4004366   0.7578355  -3.4559266 2026 01 15 00 55 21.84
0 -13277.13749  20861.35428   6086.30400  -0.3932401   0.7511440  -3.4588819 2026 01 15 00 55 41.84
0 -13284.93033  20876.31003   6017.09737  -0.3860600   0.7444257  -3.4618039 2026 01 15 00 56 01.84
0 -13292.57973  20891.13116   5947.83264  -0.3788966   0.7376807  -3.4646926 2026 01 15 00 56 21.84
0 -13300.08602  20905.81711   5878.51046  -0.3717500   0.7309091  -3.4675478 2026 01 15 00 56 41.84
0 -13307.44956  20920.36737   5809.13152  -0.3646202   0.7241110  -3.4703695 2026 01 15 00 57 01.84
0 -13314.67067  20934.78141   5739.69648  -0.3575075   0.7172866  -3.4731578 2026 01 15 00 57 21.84
0 -13321.74969  20949.05870   5670.20601  -0.3504119   0.7104359  -3.4759126 2026 01 15 00 57 41.84
0 -13328.68698  20963.19871   5600.66077  -0.3433336   0.7035590  -3.4786339 2026 01 15 00 58 01.84
0 -13335.48288  20977.20092   5531.06145  -0.3362727   0.6966560  -3.4813216 2026 01 15 00 58 21.84
0 -13342.13773  20991.06481   5461.40871  -0.3292294   0.6897271  -3.4839757 2026 01 15 00 58 41.84
0 -13348.65190  21004.78987   5391.70322  -0.3222037   0.6827723  -3.4865962 2026 01 15 00 59 01.84
0 -13355.02573  21018.37557   5321.94566  -0.3151958   0.6757918  -3.4891831 2026 01 15 00 59 21.84
0 -13361.25958  21031.82141   5252.13670  -0.3082059   0.6687856  -3.4917363 2026 01 15 00 59 41.84
0 -13367.35381  21045.12687   5182.27700  -0.3012340   0.6617538  -3.4942559 2026 01 15 01 00 01.84
0 -13373.30879  21058.29143   5112.36726  -0.2942803   0.6546966  -3.4967417 2026 01 15 01 00 21.84
0 -13379.12487  21071.31461   5042.40814  -0.2873449   0.6476141  -3.4991938 2026 01 15 01 00 41.84
0 -13384.80244  21084.19587   4972.40031  -0.2804280   0.6405063  -3.5016121 2026 01 15 01 01 01.84
0 -13390.34185  21096.93474   4902.34446  -0.2735296   0.6333734  -3.5039966 2026 01 15 01 01 21.84
0 -13395.74348  21109.53069   4832.24125  -0.2666499   0.6262155  -3.5063473 2026 01 15 01 01 41.84
0 -13401.00770  21121.98324   4762.09137  -0.2597890   0.6190327  -3.5086642 2026 01 15 01 02 01.84
0 -13406.13490  21134.29189   4691.89548  -0.2529470   0.6118251  -3.5109473 2026 01 15 01 02 21.84
0 -13411.12544  21146.45614   4621.65428  -0.2461241   0.6045928  -3.5131964 2026 01 15 01 02 41.84
0 -13415.97973  21158.47549   4551.36843  -0.2393204   0.5973360  -3.5154117 2026 01 15 01 03 01.84
0 -13420.69813  21170.34947   4481.03861  -0.2325360   0.5900547  -3.5175930 2026 01 15 01 03 21.84
0 -13425.28103  21182.07757   4410.66551  -0.2257710   0.5827490  -3.5197404 2026 01 15 01 03 41.84
0 -13429.72884  21193.65932   4340.24980  -0.2190256   0.5754191  -3.5218538 2026 01 15 01 04 01.84
0 -13434.04193  21205.09423   4269.79217  -0.2122999   0.5680650  -3.5239332 2026 01 15 01 04 21.84
0 -13438.22070  21216.38182   4199.29328  -0.2055939   0.5606870  -3.5259786 2026 01 15 01 04 41.84
0 -13442.26556  21227.52161   4128.75383  -0.1989079   0.5532850  -3.5279899 2026 01 15 01 05 01.84
0 -13446.17689  21238.51313   4058.17449  -0.1922419   0.5458593  -3.5299672 2026 01 15 01 05 21.84
0 -13449.95511  21249.35589   3987.55595  -0.1855960   0.5384099  -3.5319105 2026 01 15 01 05 41.84
0 -13453.60061  21260.04943   3916.89888  -0.1789705   0.5309369  -3.5338196 2026 01 15 01 06 01.84
0 -13457.11381  21270.59328   3846.20397  -0.1723653   0.5234405  -3.5356946 2026 01 15 01 06 21.84
0 -13460.49510  21280.98697   3775.47190  -0.1657806   0.5159208  -3.5375355 2026 01 15 01 06 41.84
0 -13463.74491  21291.23003   3704.70336  -0.1592166   0.5083779  -3.5393422 2026 01 15 01 07 01.84
0 -13466.86365  21301.32200   3633.89902  -0.1526733   0.5008119  -3.5411148 2026 01 15 01 07 21.84
0 -13469.85173  21311.26242   3563.05957  -0.1461508   0.4932229  -3.5428532 2026 01 15 01 07 41.84
0 -13472.70957  21321.05084   3492.18570  -0.1396494   0.4856110  -3.5445574 2026 01 15 01 08 01.84
0 -13475.43759  21330.68679   3421.27808  -0.1331690   0.4779765  -3.5462273 2026 01 15 01 08 21.84
0 -13478.03622  21340.16982   3350.33741  -0.1267099   0.4703193  -3.5478630 2026 01 15 01 08 41.84
0 -13480.50588  21349.49949   3279.36437  -0.1202721   0.4626396  -3.5494645 2026 01 15 01 09 01.84
0 -13482.84699  21358.67534   3208.35964  -0.1138557   0.4549376  -3.5510316 2026 01 15 01 09 21.84
0 -13485.06000  21367.69692   3137.32392  -0.1074608   0.4472133  -3.5525645 2026 01 15 01 09 41.84
0 -13487.14532  21376.56380   3066.25787  -0.1010877   0.4394669  -3.5540631 2026 01 15 01 10 01.84
0 -13489.10340  21385.27553   2995.16220  -0.0947363   0.4316985  -3.5555274 2026 01 15 01 10 21.84
0 -13490.93467  21393.83168   2924.03759  -0.0884068   0.4239082  -3.5569573 2026 01 15 01 10 41.84
0 -13492.63957  21402.23180   2852.88472  -0.0820993   0.4160961  -3.5583528 2026 01 15 01 11 01.84
0 -13494.21855  21410.47547   2781.70428  -0.0758139   0.4082624  -3.5597140 2026 01 15 01 11 21.84
0 -13495.67203  21418.56224   2710.49697  -0.0695508   0.4004072  -3.5610409 2026 01 15 01 11 41.84
0 -13497.00048  21426.49170   2639.26346  -0.0633100   0.3925306  -3.5623333 2026 01 15 01 12 01.84
0 -13498.20434  21434.26341   2568.00445  -0.0570916   0.3846327  -3.5635913 2026 01 15 01 12 21.84
0 -13499.28405  21441.87696   2496.72062  -0.0508958   0.3767137  -3.5648149 2026 01 15 01 12 41.84
0 -13500.24008  21449.33192   2425.41266  -0.0447226   0.3687737  -3.5660041 2026 01 15 01 13 01.84
0 -13501.07287  21456.62786   2354.08127  -0.0385722   0.3608128  -3.5671588 2026 01 15 01 13 21.84
0 -13501.78288  21463.76439   2282.72712  -0.0324447   0.3528311  -3.5682790 2026 01 15 01 13 41.84
0 -13502.37057  21470.74107   2211.35092  -0.0263402   0.3448289  -3.5693648 2026 01 15 01 14 01.84
0 -13502.83640  21477.55750   2139.95334  -0.0202588   0.3368061  -3.5704161 2026 01 15 01 14 21.84
0 -13503.18083  21484.21328   2068.53508  -0.0142005   0.3287629  -3.5714329 2026 01 15 01 14 41.84
0 -13503.40434  21490.70799   1997.09683  -0.0081656   0.3206995  -3.5724152 2026 01 15 01 15 01.84
0 -13503.50738  21497.04123   1925.63928  -0.0021541   0.3126160  -3.5733630 2026 01 15 01 15 21.84
0 -13503.49042  21503.21260   1854.16312   0.0038340   0.3045125  -3.5742763 2026 01 15 01 15 41.84
0 -13503.35394  21509.22170   1782.66904   0.0097984   0.2963891  -3.5751550 2026 01 15 01 16 01.84
0 -13503.09841  21515.06814   1711.15773   0.0157390   0.2882461  -3.5759992 2026 01 15 01 16 21.84
0 -13502.72430  21520.75152   1639.62988   0.0216559   0.2800834  -3.5768089 2026 01 15 01 16 41.84
0 -13502.23209  21526.27146   1568.08619   0.0275489   0.2719012  -3.5775840 2026 01 15 01 17 01.84
0 -13501.62227  21531.62756   1496.52734   0.0334178   0.2636998  -3.5783245 2026 01 15 01 17 21.84
0 -13500.89531  21536.81943   1424.95402   0.0392626   0.2554791  -3.5790304 2026 01 15 01 17 41.84
0 -13500.05169  21541.84671   1353.36693   0.0450832   0.2472394  -3.5797018 2026 01 15 01 18 01.84
0 -13499.09191  21546.70900   1281.76676   0.0508794   0.2389807  -3.5803385 2026 01 15 01 18 21.84
0 -13498.01645  21551.40593   1210.15420   0.0566513   0.2307033  -3.5809407 2026 01 15 01 18 41.84
0 -13496.82579  21555.93712   1138.52994   0.0623986   0.2224072  -3.5815083 2026 01 15 01 19 01.84
0 -13495.52044  21560.30221   1066.89468   0.0681213   0.2140925  -3.5820412 2026 01 15 01 19 21.84
0 -13494.10088  21564.50082    995.24911   0.0738192   0.2057595  -3.5825395 2026 01 15 01 19 41.84
0 -13492.56760  21568.53259    923.59391   0.0794924   0.1974082  -3.5830032 2026 01 15 01 20 01.84
0 -13490.92112  21572.39716    851.92979   0.0851406   0.1890388  -3.5834323 2026 01 15 01 20 21.84
0 -13489.16192  21576.09415    780.25743   0.0907639   0.1806514  -3.5838267 2026 01 15 01 20 41.84
0 -13487.29050  21579.62322    708.57753   0.0963620   0.1722462  -3.5841865 2026 01 15 01 21 01.84
0 -13485.30737  21582.98401    636.89078   0.1019350   0.1638232  -3.5845117 2026 01 15 01 21 21.84
0 -13483.21304  21586.17616    565.19788   0.1074827   0.1553827  -3.5848022 2026 01 15 01 21 41.84
0 -13481.00801  21589.19933    493.49951   0.1130049   0.1469248  -3.5850581 2026 01 15 01 22 01.84
0 -13478.69279  21592.05317    421.79637   0.1185017   0.1384495  -3.5852793 2026 01 15 01 22 21.84
0 -13476.26789  21594.73733    350.08915   0.1239730   0.1299571  -3.5854658 2026 01 15 01 22 41.84
0 -13473.73382  21597.25148    278.37855   0.1294186   0.1214477  -3.5856177 2026 01 15 01 23 01.84
0 -13471.09109  21599.59527    206.66525   0.1348384   0.1129214  -3.5857349 2026 01 15 01 23 21.84
0 -13468.34023  21601.76836    134.94996   0.1402324   0.1043784  -3.5858175 2026 01 15 01 23 41.84
0 -13465.48175  21603.77043     63.23336   0.1456005   0.0958187  -3.5858654 2026 01 15 01 24 01.84
0 -13462.51616  21605.60114     -8.48385   0.1509425   0.0872427  -3.5858786 2026 01 15 01 24 21.84
0 -13459.44400  21607.26017    -80.20097   0.1562585   0.0786503  -3.5858572 2026 01 15 01 24 41.84
0 -13456.26578  21608.74719   -151.91732   0.1615482   0.0700417  -3.5858011 2026 01 15 01 25 01.84
0 -13452.98202  21610.06187   -223.63220   0.1668117   0.0614171  -3.5857103 2026 01 15 01 25 21.84
0 -13449.59327  21611.20391   -295.34492   0.1720488   0.0527766  -3.5855849 2026 01 15 01 25 41.84
0 -13446.10003  21612.17298   -367.05479   0.1772594   0.0441203  -3.5854248 2026 01 15 01 26 01.84
0 -13442.50285  21612.96877   -438.76111   0.1824435   0.0354485  -3.5852300 2026 01 15 01 26 21.84
0 -13438.80225  21613.59097   -510.46318   0.1876010   0.0267612  -3.5850006 2026 01 15 01 26 41.84
0 -13434.99877  21614.03927   -582.16032   0.1927318   0.0180586  -3.5847365 2026 01 15 01 27 01.84
0 -13431.09294  21614.31336   -653.85183   0.1978357   0.0093408  -3.5844377 2026 01 15 01 27 21.84
0 -13427.08530  21614.41295   -725.53702   0.2029128   0.0006080  -3.5841043 2026 01 15 01 27 41.84
0 -13422.97639  21614.33774   -797.21519   0.2079630  -0.0081397  -3.5837362 2026 01 15 01 28 01.84
0 -13418.76675  21614.08742   -868.88565   0.2129861  -0.0169021  -3.5833335 2026 01 15 01 28 21.84
0 -13414.45692  21613.66172   -940.54772   0.2179821  -0.0256791  -3.5828961 2026 01 15 01 28 41.84
0 -13410.04743  21613.06032  -1012.20069   0.2229508  -0.0344706  -3.5824240 2026 01 15 01 29 01.84
0 -13405.53885  21612.28296  -1083.84387   0.2278923  -0.0432764  -3.5819174 2026 01 15 01 29 21.84
0 -13400.93171  21611.32934  -1155.47658   0.2328065  -0.0520963  -3.5813761 2026 01 15 01 29 41.84
0 -13396.22656  21610.19918  -1227.09811   0.2376932  -0.0609302  -3.5808001 2026 01 15 01 30 01.84
0 -13391.42395  21608.89220  -1298.70777   0.2425524  -0.0697780  -3.5801895 2026 01 15 01 30 21.84
0 -13386.52444  21607.40813  -1370.30488   0.2473840  -0.0786394  -3.5795443 2026 01 15 01 30 41.84
0 -13381.52857  21605.74670  -1441.88874   0.2521879  -0.0875145  -3.5788645 2026 01 15 01 31 01.84
0 -13376.43690  21603.90764  -1513.45865   0.2569641  -0.0964029  -3.5781501 2026 01 15 01 31 21.84
0 -13371.24998  21601.89067  -1585.01393   0.2617124  -0.1053046  -3.5774010 2026 01 15 01 31 41.84
0 -13365.96837  21599.69554  -1656.55389   0.2664329  -0.1142195  -3.5766174 2026 01 15 01 32 01.84
0 -13360.59264  21597.32198  -1728.07782   0.2711254  -0.1231473  -3.5757991 2026 01 15 01 32 21.84
0 -13355.12334  21594.76974  -1799.58504   0.2757898  -0.1320879  -3.5749463 2026 01 15 01 32 41.84
0 -13349.56103  21592.03856  -1871.07487   0.2804261  -0.1410411  -3.5740589 2026 01 15 01 33 01.84
0 -13343.90627  21589.12819  -1942.54659   0.2850343  -0.1500069  -3.5731369 2026 01 15 01 33 21.84
0 -13338.15964  21586.03838  -2013.99954   0.2896141  -0.1589851  -3.5721804 2026 01 15 01 33 41.84
0 -13332.32169  21582.76888  -2085.43301   0.2941657  -0.1679754  -3.5711893 2026 01 15 01 34 01.84
0 -13326.39299  21579.31946  -2156.84631   0.2986888  -0.1769779  -3.5701637 2026 01 15 01 34 21.84
0 -13320.37412  21575.68987  -2228.23875   0.3031835  -0.1859922  -3.5691035 2026 01 15 01 34 41.84
0 -13314.26564  21571.87988  -2299.60964   0.3076496  -0.1950183  -3.5680088 2026 01 15 01 35 01.84
0 -13308.06812  21567.88925  -2370.95830   0.3120872  -0.2040560  -3.5668796 2026 01 15 01 35 21.84
0 -13301.78214  21563.71775  -2442.28402   0.3164960  -0.2131052  -3.5657159 2026 01 15 01 35 41.84
0 -13295.40827  21559.36516  -2513.58613   0.3208761  -0.2221656  -3.5645177 2026 01 15 01 36 01.84
0 -13288.94708  21554.83124  -2584.86393   0.3252274  -0.2312372  -3.5632850 2026 01 15 01 36 21.84
0 -13282.39916  21550.11579  -2656.11673   0.3295498  -0.2403198  -3.5620179 2026 01 15 01 36 41.84
0 -13275.76508  21545.21857  -2727.34384   0.3338433  -0.2494133  -3.5607162 2026 01 15 01 37 01.84
0 -13269.04542  21540.13938  -2798.54458   0.3381078  -0.2585174  -3.5593802 2026 01 15 01 37 21.84
0 -13262.24076  21534.87800  -2869.71825   0.3423432  -0.2676321  -3.5580097 2026 01 15 01 37 41.84
0 -13255.35168  21529.43423  -2940.86416   0.3465495  -0.2767571  -3.5566048 2026 01 15 01 38 01.84
0 -13248.37877  21523.80785  -3011.98164   0.3507266  -0.2858924  -3.5551654 2026 01 15 01 38 21.84
0 -13241.32261  21517.99867  -3083.06998   0.3548744  -0.2950377  -3.5536917 2026 01 15 01 38 41.84
0 -13234.18379  21512.00648  -3154.12850   0.3589929  -0.3041930  -3.5521836 2026 01 15 01 39 01.84
0 -13226.96289  21505.83109  -3225.15652   0.3630821  -0.3133580  -3.5506411 2026 01 15 01 39 21.84
0 -13219.66050  21499.47230  -3296.15335   0.3671418  -0.3225326  -3.5490643 2026 01 15 01 39 41.84
0 -13212.27722  21492.92993  -3367.11830   0.3711720  -0.3317167  -3.5474531 2026 01 15 01 40 01.84
0 -13204.81362  21486.20378  -3438.05068   0.3751727  -0.3409100  -3.5458076 2026 01 15 01 40 21.84
0 -13197.27031  21479.29367  -3508.94980   0.3791437  -0.3501125  -3.5441278 2026 01 15 01 40 41.84
0 -13189.64787  21472.19943  -3579.81499   0.3830851  -0.3593240  -3.5424137 2026 01 15 01 41 01.84
0 -13181.94690  21464.92087  -3650.64555   0.3869968  -0.3685443  -3.5406653 2026 01 15 01 41 21.84
0 -13174.16800  21457.45781  -3721.44081   0.3908787  -0.3777732  -3.5388827 2026 01 15 01 41 41.84
0 -13166.31176  21449.81010  -3792.20007   0.3947308  -0.3870107  -3.5370658 2026 01 15 01 42 01.84
0 -13158.37877  21441.97755  -3862.92265   0.3985529  -0.3962565  -3.5352147 2026 01 15 01 42 21.84
0 -13150.36964  21433.96000  -3933.60786   0.4023452  -0.4055105  -3.5333294 2026 01 15 01 42 41.84
0 -13142.28497  21425.75729  -4004.25503   0.4061074  -0.4147726  -3.5314099 2026 01 15 01 43 01.84
0 -13134.12535  21417.36926  -4074.86346   0.4098396  -0.4240425  -3.5294563 2026 01 15 01 43 21.84
0 -13125.89139  21408.79576  -4145.43249   0.4135417  -0.4333201  -3.5274685 2026 01 15 01 43 41.84
0 -13117.58369  21400.03663  -4215.96141   0.4172137  -0.4426053  -3.5254465 2026 01 15 01 44 01.84
0 -13109.20285  21391.09172  -4286.44955   0.4208554  -0.4518979  -3.5233904 2026 01 15 01 44 21.84
0 -13100.74948  21381.96089  -4356.89623   0.4244669  -0.4611978  -3.5213003 2026 01 15 01 44 41.84
0 -13092.22419  21372.64399  -4427.30077   0.4280481  -0.4705047  -3.5191760 2026 01 15 01 45 01.84
0 -13083.62757  21363.14088  -4497.66248   0.4315990  -0.4798186  -3.5170177 2026 01 15 01 45 21.84
0 -13074.96024  21353.45143  -4567.98069   0.4351195  -0.4891392  -3.5148254 2026 01 15 01 45 41.84
0 -13066.22280  21343.57550  -4638.25471   0.4386095  -0.4984664  -3.5125990 2026 01 15 01 46 01.84
0 -13057.41587  21333.51297  -4708.48386   0.4420691  -0.5078001  -3.5103387 2026 01 15 01 46 21.84
0 -13048.54005  21323.26369  -4778.66747   0.4454981  -0.5171400  -3.5080444 2026 01 15 01 46 41.84
0 -13039.59595  21312.82756  -4848.80485   0.4488966  -0.5264861  -3.5057161 2026 01 15 01 47 01.84
0 -13030.58420  21302.20445  -4918.89532   0.4522645  -0.5358381  -3.5033539 2026 01 15 01 47 21.84
0 -13021.50539  21291.39424  -4988.93822   0.4556017  -0.5451959  -3.5009578 2026 01 15 01 47 41.84
0 -13012.36014  21280.39681  -5058.93285   0.4589081  -0.5545594  -3.4985279 2026 01 15 01 48 01.84
0 -13003.14908  21269.21207  -5128.87854   0.4621839  -0.5639284  -3.4960640 2026 01 15 01 48 21.84
0 -12993.87280  21257.83989  -5198.77462   0.4654289  -0.5733026  -3.4935663 2026 01 15 01 48 41.84
0 -12984.53194  21246.28017  -5268.62041   0.4686430  -0.5826821  -3.4910349 2026 01 15 01 49 01.84
0 -12975.12710  21234.53282  -5338.41523   0.4718263  -0.5920665  -3.4884696 2026 01 15 01 49 21.84
0 -12965.65891  21222.59773  -5408.15841   0.4749786  -0.6014558  -3.4858706 2026 01 15 01 49 41.84
0 -12956.12797  21210.47480  -5477.84927   0.4781001  -0.6108497  -3.4832378 2026 01 15 01 50 01.84
0 -12946.53492  21198.16396  -5547.48714   0.4811905  -0.6202481  -3.4805713 2026 01 15 01 50 21.84
0 -12936.88037  21185.66510  -5617.07134   0.4842500  -0.6296509  -3.4778711 2026 01 15 01 50 41.84
0 -12927.16494  21172.97815  -5686.60121   0.4872784  -0.6390579  -3.4751373 2026 01 15 01 51 01.84
0 -12917.38926  21160.10301  -5756.07606   0.4902757  -0.6484689  -3.4723699 2026 01 15 01 51 21.84
0 -12907.55394  21147.03962  -5825.49522   0.4932419  -0.6578838  -3.4695688 2026 01 15 01 51 41.84
0 -12897.65961  21133.78789  -5894.85803   0.4961769  -0.6673024  -3.4667341 2026 01 15 01 52 01.84
0 -12887.70688  21120.34776  -5964.16381   0.4990808  -0.6767245  -3.4638659 2026 01 15 01 52 21.84
0 -12877.69640  21106.71915  -6033.41189   0.5019534  -0.6861500  -3.4609642 2026 01 15 01 52 41.84
0 -12867.62877  21092.90200  -6102.60160   0.5047948  -0.6955787  -3.4580290 2026 01 15 01 53 01.84
0 -12857.50463  21078.89625  -6171.73227   0.5076048  -0.7050104  -3.4550603 2026 01 15 01 53 21.84
0 -12847.32460  21064.70183  -6240.80323   0.5103836  -0.7144450  -3.4520581 2026 01 15 01 53 41.84
0 -12837.08931  21050.31869  -6309.81382   0.5131311  -0.7238824  -3.4490226 2026 01 15 01 54 01.84
0 -12826.79939  21035.74678  -6378.76336   0.5158471  -0.7333223  -3.4459536 2026 01 15 01 54 21.84
0 -12816.45545  21020.98605  -6447.65119   0.5185318  -0.7427646  -3.4428513 2026 01 15 01 54 41.84
0 -12806.05814  21006.03646  -6516.47664   0.5211850  -0.7522091  -3.4397157 2026 01 15 01 55 01.84
0 -12795.60808  20990.89795  -6585.23905   0.5238068  -0.7616557  -3.4365468 2026 01 15 01 55 21.84
0 -12785.10589  20975.57049  -6653.93774   0.5263971  -0.7711042  -3.4333447 2026 01 15 01 55 41.84
0 -12774.55222  20960.05404  -6722.57206   0.5289559  -0.7805544  -3.4301092 2026 01 15 01 56 01.84
0 -12763.94769  20944.34858  -6791.14134   0.5314832  -0.7900062  -3.4268406 2026 01 15 01 56 21.84
0 -12753.29292  20928.45406  -6859.64492   0.5339789  -0.7994595  -3.4235389 2026 01 15 01 56 41.84
0 -12742.58856  20912.37047  -6928.08213   0.5364431  -0.8089139  -3.4202040 2026 01 15 01 57 01.84
0 -12731.83523  20896.09777  -6996.45231   0.5388756  -0.8183695  -3.4168359 2026 01 15 01 57 21.84
0 -12721.03356  20879.63596  -7064.75480   0.5412765  -0.8278260  -3.4134348 2026 01 15 01 57 41.84
0 -12710.18420  20862.98501  -7132.98893   0.5436458  -0.8372832  -3.4100007 2026 01 15 01 58 01.84
0 -12699.28776  20846.14491  -7201.15406   0.5459834  -0.8467410  -3.4065336 2026 01 15 01 58 21.84
0 -12688.34489  20829.11565  -7269.24951   0.5482894  -0.8561993  -3.4030335 2026 01 15 01 58 41.84
0 -12677.35622  20811.89723  -7337.27463   0.5505636  -0.8656578  -3.3995004 2026 01 15 01 59 01.84
0 -12666.32238  20794.48963  -7405.22876   0.5528061  -0.8751164  -3.3959345 2026 01 15 01 59 21.84
0 -12655.24401  20776.89286  -7473.11125   0.5550169  -0.8845749  -3.3923356 2026 01 15 01 59 41.84
0 -12644.12174  20759.10693  -7540.92143   0.5571959  -0.8940332  -3.3887040 2026 01 15 02 00 01.84
0 -12632.95620  20741.13183  -7608.65865   0.5593432  -0.9034911  -3.3850395 2026 01 15 02 00 21.84
0 -12621.74804  20722.96758  -7676.32225   0.5614586  -0.9129484  -3.3813423 2026 01 15 02 00 41.84
0 -12610.49789  20704.61419  -7743.91158   0.5635423  -0.9224050  -3.3776123 2026 01 15 02 01 01.84
0 -12599.20639  20686.07168  -7811.42598   0.5655942  -0.9318607  -3.3738497 2026 01 15 02 01 21.84
0 -12587.87416  20667.34007  -7878.86481   0.5676142  -0.9413154  -3.3700543 2026 01 15 02 01 41.84
0 -12576.50185  20648.41938  -7946.22740   0.5696024  -0.9507688  -3.3662264 2026 01 15 02 02 01.84
0 -12565.09010  20629.30963  -8013.51311   0.5715588  -0.9602209  -3.3623659 2026 01 15 02 02 21.84
0 -12553.63954  20610.01085  -8080.72128   0.5734833  -0.9696714  -3.3584728 2026 01 15 02 02 41.84
0 -12542.15080  20590.52309  -8147.85127   0.5753759  -0.9791202  -3.3545473 2026 01 15 02 03 01.84
0 -12530.62454  20570.84636  -8214.90242   0.5772366  -0.9885671  -3.3505892 2026 01 15 02 03 21.84
0 -12519.06137  20550.98072  -8281.87408   0.5790655  -0.9980119  -3.3465988 2026 01 15 02 03 41.84
0 -12507.46195  20530.92621  -8348.76561   0.5808624  -1.0074545  -3.3425759 2026 01 15 02 04 01.84
0 -12495.82691  20510.68287  -8415.57637   0.5826275  -1.0168948  -3.3385207 2026 01 15 02 04 21.84
0 -12484.15689  20490.25075  -8482.30569   0.5843606  -1.0263325  -3.3344331 2026 01 15 02 04 41.84
0 -12472.45253  20469.62990  -8548.95294   0.5860618  -1.0357675  -3.3303133 2026 01 15 02 05 01.84
0 -12460.71446  20448.82038  -8615.51748   0.5877311  -1.0451997  -3.3261613 2026 01 15 02 05 21.84
0 -12448.94332  20427.82225  -8681.99865   0.5893685  -1.0546288  -3.3219770 2026 01 15 02 05 41.84
0 -12437.13975  20406.63556  -8748.39581   0.5909739  -1.0640547  -3.3177606 2026 01 15 02 06 01.84
0 -12425.30440  20385.26040  -8814.70833   0.5925474  -1.0734772  -3.3135121 2026 01 15 02 06 21.84
0 -12413.43790  20363.69682  -8880.93555   0.5940890  -1.0828962  -3.3092315 2026 01 15 02 06 41.84
0 -12401.54088  20341.94490  -8947.07684   0.5955987  -1.0923115  -3.3049189 2026 01 15 02 07 01.84
0 -12389.61399  20320.00471  -9013.13157   0.5970764  -1.1017229  -3.3005743 2026 01 15 02 07 21.84
0 -12377.65786  20297.87633  -9079.09908   0.5985221  -1.1111303  -3.2961978 2026 01 15 02 07 41.84
0 -12365.67314  20275.55985  -9144.97874   0.5999359  -1.1205335  -3.2917893 2026 01 15 02 08 01.84
0 -12353.66046  20253.05534  -9210.76991   0.6013178  -1.1299324  -3.2873490 2026 01 15 02 08 21.84
0 -12341.62047  20230.36291  -9276.47196   0.6026678  -1.1393267  -3.2828769 2026 01 15 02 08 41.84
0 -12329.55379  20207.48264  -9342.08425   0.6039858  -1.1487164  -3.2783730 2026 01 15 02 09 01.84
0 -12317.46107  20184.41462  -9407.60614   0.6052719  -1.1581012  -3.2738373 2026 01 15 02 09 21.84
0 -12305.34296  20161.15895  -9473.03700   0.6065261  -1.1674810  -3.2692700 2026 01 15 02 09 41.84
0 -12293.20007  20137.71575  -9538.37621   0.6077483  -1.1768556  -3.2646710 2026 01 15 02 10 01.84
0 -12281.03306  20114.08510  -9603.62311   0.6089387  -1.1862248  -3.2600405 2026 01 15 02 10 21.84
0 -12268.84256  20090.26713  -9668.77709   0.6100971  -1.1955886  -3.2553783 2026 01 15 02 10 41.84
0 -12256.62922  20066.26193  -9733.83751   0.6112237  -1.2049466  -3.2506847 2026 01 15 02 11 01.84
0 -12244.39366  20042.06964  -9798.80375   0.6123183  -1.2142989  -3.2459596 2026 01 15 02 11 21.84
0 -12232.13652  20017.69036  -9863.67517   0.6133811  -1.2236451  -3.2412031 2026 01 15 02 11 41.84
0 -12219.85845  19993.12422  -9928.45114   0.6144120  -1.2329852  -3.2364152 2026 01 15 02 12 01.84
0 -12207.56008  19968.37134  -9993.13105   0.6154110  -1.2423189  -3.2315960 2026 01 15 02 12 21.84
0 -12195.24205  19943.43185 -10057.71426   0.6163782  -1.2516461  -3.2267456 2026 01 15 02 12 41.84
0 -12182.90500  19918.30588 -10122.20015   0.6173135  -1.2609667  -3.2218638 2026 01 15 02 13 01.84
0 -12170.54955  19892.99357 -10186.58809   0.6182171  -1.2702805  -3.2169510 2026 01 15 02 13 21.84
0 -12158.17636  19867.49506 -10250.87746   0.6190887  -1.2795872  -3.2120069 2026 01 15 02 13 41.84
0 -12145.78604  19841.81048 -10315.06764   0.6199286  -1.2888869  -3.2070318 2026 01 15 02 14 01.84
0 -12133.37925  19815.93998 -10379.15801   0.6207367  -1.2981792  -3.2020257 2026 01 15 02 14 21.84
0 -12120.95661  19789.88372 -10443.14795   0.6215131  -1.3074640  -3.1969885 2026 01 15 02 14 41.84
0 -12108.51877  19763.64183 -10507.03684   0.6222577  -1.3167412  -3.1919205 2026 01 15 02 15 01.84
0 -12096.06635  19737.21448 -10570.82405   0.6229705  -1.3260106  -3.1868215 2026 01 15 02 15 21.84
0 -12083.59999  19710.60182 -10634.50898   0.6236516  -1.3352720  -3.1816917 2026 01 15 02 15 41.84
0 -12071.12033  19683.80401 -10698.09100   0.6243010  -1.3445253  -3.1765311 2026 01 15 02 16 01.84
0 -12058.62799  19656.82122 -10761.56951   0.6249187  -1.3537703  -3.1713397 2026 01 15 02 16 21.84
0 -12046.12362  19629.65362 -10824.94388   0.6255048  -1.3630068  -3.1661177 2026 01 15 02 16 41.84
0 -12033.60784  19602.30137 -10888.21350   0.6260592  -1.3722347  -3.1608650 2026 01 15 02 17 01.84
0 -12021.08129  19574.76465 -10951.37777   0.6265820  -1.3814538  -3.1555818 2026 01 15 02 17 21.84
0 -12008.54460  19547.04364 -11014.43607   0.6270732  -1.3906640  -3.1502680 2026 01 15 02 17 41.84
0 -11995.99840  19519.13852 -11077.38778   0.6275328  -1.3998651  -3.1449237 2026 01 15 02 18 01.84
0 -11983.44333  19491.04947 -11140.23231   0.6279608  -1.4090569  -3.1395490 2026 01 15 02 18 21.84
0 -11970.88001  19462.77667 -11202.96903   0.6283573  -1.4182393  -3.1341439 2026 01 15 02 18 41.84
0 -11958.30908  19434.32033 -11265.59736   0.6287223  -1.4274121  -3.1287085 2026 01 15 02 19 01.84
0 -11945.73116  19405.68063 -11328.11667   0.6290558  -1.4365751  -3.1232428 2026 01 15 02 19 21.84
0 -11933.14689  19376.85776 -11390.52637   0.6293578  -1.4457283  -3.1177469 2026 01 15 02 19 41.84
0 -11920.55689  19347.85194 -11452.82584   0.6296284  -1.4548713  -3.1122208 2026 01 15 02 20 01.84
0 -11907.96179  19318.66336 -11515.01450   0.6298676  -1.4640041  -3.1066646 2026 01 15 02 20 21.84
0 -11895.36222  19289.29222 -11577.09173   0.6300755  -1.4731265  -3.1010783 2026 01 15 02 20 41.84
0 -11882.75881  19259.73874 -11639.05693   0.6302519  -1.4822384  -3.0954621 2026 01 15 02 21 01.84
0 -11870.15219  19230.00314 -11700.90951   0.6303971  -1.4913395  -3.0898158 2026 01 15 02 21 21.84
0 -11857.54297  19200.08562 -11762.64887   0.6305109  -1.5004297  -3.0841397 2026 01 15 02 21 41.84
0 -11844.93179  19169.98641 -11824.27441   0.6305935  -1.5095089  -3.0784338 2026 01 15 02 22 01.84
0 -11832.31927  19139.70572 -11885.78553   0.6306449  -1.5185769  -3.0726980 2026 01 15 02 22 21.84
0 -11819.70603  19109.24379 -11947.18164   0.6306651  -1.5276336  -3.0669326 2026 01 15 02 22 41.84
0 -11807.09270  19078.60084 -12008.46214   0.6306541  -1.5366787  -3.0611374 2026 01 15 02 23 01.84
0 -11794.47991  19047.77711 -12069.62644   0.6306120  -1.5457121  -3.0553127 2026 01 15 02 23 21.84
0 -11781.86826  19016.77283 -12130.67396   0.6305388  -1.5547337  -3.0494583 2026 01 15 02 23 41.84
0 -11769.25840  18985.58823 -12191.60409   0.6304345  -1.5637433  -3.0435745 2026 01 15 02 24 01.84
0 -11756.65092  18954.22357 -12252.41625   0.6302992  -1.5727407  -3.0376613 2026 01 15 02 24 21.84
0 -11744.04647  18922.67908 -12313.10986   0.6301329  -1.5817258  -3.0317186 2026 01 15 02 24 41.84
0 -11731.44565  18890.95501 -12373.68431   0.6299356  -1.5906985  -3.0257466 2026 01 15 02 25 01.84
0 -11718.84908  18859.05162 -12434.13904   0.6297075  -1.5996584  -3.0197454 2026 01 15 02 25 21.84
0 -11706.25739  18826.96916 -12494.47345   0.6294484  -1.6086056  -3.0137149 2026 01 15 02 25 41.84
0 -11693.67118  18794.70788 -12554.68696   0.6291586  -1.6175399  -3.0076553 2026 01 15 02 26 01.84
0 -11681.09108  18762.26805 -12614.77898   0.6288379  -1.6264610  -3.0015666 2026 01 15 02 26 21.84
0 -11668.51770  18729.64993 -12674.74894   0.6284865  -1.6353689  -2.9954488 2026 01 15 02 26 41.84
0 -11655.95166  18696.85379 -12734.59626   0.6281043  -1.6442633  -2.9893021 2026 01 15 02 27 01.84
0 -11643.39356  18663.87990 -12794.32035   0.6276915  -1.6531442  -2.9831264 2026 01 15 02 27 21.84
0 -11630.84403  18630.72852 -12853.92065   0.6272481  -1.6620113  -2.9769219 2026 01 15 02 27 41.84
0 -11618.30368  18597.39995 -12913.39656   0.6267741  -1.6708645  -2.9706887 2026 01 15 02 28 01.84
0 -11605.77311  18563.89444 -12972.74752   0.6262695  -1.6797037  -2.9644266 2026 01 15 02 28 21.84
0 -11593.25293  18530.21230 -13031.97296   0.6257344  -1.6885286  -2.9581359 2026 01 15 02 28 41.84
0 -11580.74377  18496.35381 -13091.07229   0.6251689  -1.6973392  -2.9518166 2026 01 15 02 29 01.84
0 -11568.24621  18462.31924 -13150.04496   0.6245730  -1.7061353  -2.9454688 2026 01 15 02 29 21.84
0 -11555.76088  18428.10891 -13208.89038   0.6239467  -1.7149167  -2.9390924 2026 01 15 02 29 41.84
0 -11543.28838  18393.72309 -13267.60799   0.6232901  -1.7236833  -2.9326876 2026 01 15 02 30 01.84
0 -11530.82931  18359.16209 -13326.19722   0.6226032  -1.7324348  -2.9262545 2026 01 15 02 30 21.84
0 -11518.38429  18324.42622 -13384.65751   0.6218861  -1.7411713  -2.9197931 2026 01 15 02 30 41.84
0 -11505.95390  18289.51577 -13442.98829   0.6211388  -1.7498924  -2.9133034 2026 01 15 02 31 01.84
0 -11493.53877  18254.43105 -13501.18899   0.6203615  -1.7585981  -2.9067855 2026 01 15 02 31 21.84
0 -11481.13948  18219.17237 -13559.25905   0.6195540  -1.7672882  -2.9002396 2026 01 15 02 31 41.84
0 -11468.75664  18183.74005 -13617.19792   0.6187166  -1.7759625  -2.8936656 2026 01 15 02 32 01.84
0 -11456.39085  18148.13440 -13675.00502   0.6178492  -1.7846209  -2.8870636 2026 01 15 02 32 21.84
0 -11444.04270  18112.35575 -13732.67981   0.6169519  -1.7932632  -2.8804337 2026 01 15 02 32 41.84
0 -11431.71280  18076.40441 -13790.22172   0.6160247  -1.8018894  -2.8737759 2026 01 15 02 33 01.84
0 -11419.40175  18040.28071 -13847.63020   0.6150677  -1.8104991  -2.8670904 2026 01 15 02 33 21.84
0 -11407.11013  18003.98498 -13904.90469   0.6140810  -1.8190923  -2.8603771 2026 01 15 02 33 41.84
0 -11394.83854  17967.51756 -13962.04464   0.6130646  -1.8276689  -2.8536362 2026 01 15 02 34 01.84
0 -11382.58758  17930.87877 -14019.04949   0.6120185  -1.8362286  -2.8468676 2026 01 15 02 34 21.84
0 -11370.35783  17894.06896 -14075.91870   0.6109429  -1.8447714  -2.8400716 2026 01 15 02 34 41.84
0 -11358.14989  17857.08847 -14132.65172   0.6098377  -1.8532970  -2.8332481 2026 01 15 02 35 01.84
0 -11345.96435  17819.93764 -14189.24799   0.6087031  -1.8618054  -2.8263972 2026 01 15 02 35 21.84
0 -11333.80179  17782.61681 -14245.70697   0.6075391  -1.8702963  -2.8195190 2026 01 15 02 35 41.84
0 -11321.66281  17745.12634 -14302.02811   0.6063458  -1.8787696  -2.8126135 2026 01 15 02 36 01.84
0 -11309.54799  17707.46659 -14358.21087   0.6051231  -1.8872252  -2.8056808 2026 01 15 02 36 21.84
0 -11297.45792  17669.63790 -14414.25471   0.6038713  -1.8956629  -2.7987210 2026 01 15 02 36 41.84
0 -11285.39317  17631.64063 -14470.15908   0.6025902  -1.9040826  -2.7917342 2026 01 15 02 37 01.84
0 -11273.35433  17593.47516 -14525.92345   0.6012801  -1.9124841  -2.7847203 2026 01 15 02 37 21.84
0 -11261.34199  17555.14184 -14581.54727   0.5999409  -1.9208673  -2.7776796 2026 01 15 02 37 41.84
0 -11249.35672  17516.64104 -14637.03001   0.5985728  -1.9292320  -2.7706120 2026 01 15 02 38 01.84
0 -11237.39910  17477.97313 -14692.37112   0.5971758  -1.9375781  -2.7635176 2026 01 15 02 38 21.84
0 -11225.46972  17439.13849 -14747.57009   0.5957499  -1.9459054  -2.7563965 2026 01 15 02 38 41.84
0 -11213.56913  17400.13749 -14802.62636   0.5942952  -1.9542138  -2.7492488 2026 01 15 02 39 01.84
0 -11201.69793  17360.97051 -14857.53942   0.5928118  -1.9625032  -2.7420745 2026 01 15 02 39 21.84
0 -11189.85668  17321.63794 -14912.30872   0.5912998  -1.9707733  -2.7348736 2026 01 15 02 39 41.84
0 -11178.04596  17282.14017 -14966.93375   0.5897592  -1.9790241  -2.7276464 2026 01 15 02 40 01.84
0 -11166.26634  17242.47757 -15021.41396   0.5881901  -1.9872553  -2.7203928 2026 01 15 02 40 21.84
0 -11154.51838  17202.65054 -15075.74884   0.5865925  -1.9954669  -2.7131129 2026 01 15 02 40 41.84
0 -11142.80266  17162.65948 -15129.93787   0.5849666  -2.0036588  -2.7058068 2026 01 15 02 41 01.84
0 -11131.11974  17122.50479 -15183.98051   0.5833124  -2.0118306  -2.6984745 2026 01 15 02 41 21.84
0 -11119.47018  17082.18685 -15237.87624   0.5816299  -2.0199824  -2.6911162 2026 01 15 02 41 41.84
0 -11107.85456  17041.70609 -15291.62455   0.5799193  -2.0281140  -2.6837319 2026 01 15 02 42 01.84
0 -11096.27343  17001.06289 -15345.22491   0.5781806  -2.0362252  -2.6763216 2026 01 15 02 42 21.84
0 -11084.72736  16960.25768 -15398.67681   0.5764139  -2.0443159  -2.6688854 2026 01 15 02 42 41.84
0 -11073.21690  16919.29086 -15451.97972   0.5746192  -2.0523859  -2.6614235 2026 01 15 02 43 01.84
0 -11061.74261  16878.16285 -15505.13315   0.5727967  -2.0604351  -2.6539359 2026 01 15 02 43 21.84
0 -11050.30505  16836.87407 -15558.13656   0.5709463  -2.0684634  -2.6464226 2026 01 15 02 43 41.84
0 -11038.90477  16795.42493 -15610.98946   0.5690683  -2.0764706  -2.6388838 2026 01 15 02 44 01.84
0 -11027.54233  16753.81586 -15663.69132   0.5671626  -2.0844566  -2.6313194 2026 01 15 02 44 21.84
0 -11016.21828  16712.04728 -15716.24164   0.5652293  -2.0924212  -2.6237297 2026 01 15 02 44 41.84
0 -11004.93318  16670.11963 -15768.63991   0.5632685  -2.1003643  -2.6161146 2026 01 15 02 45 01.84
0 -10993.68756  16628.03333 -15820.88563   0.5612804  -2.1082857  -2.6084742 2026 01 15 02 45 21.84
0 -10982.48198  16585.78882 -15872.97830   0.5592648  -2.1161854  -2.6008087 2026 01 15 02 45 41.84
0 -10971.31698  16543.38654 -15924.91739   0.5572221  -2.1240631  -2.5931180 2026 01 15 02 46 01.84
0 -10960.19311  16500.82692 -15976.70243   0.5551521  -2.1319188  -2.5854022 2026 01 15 02 46 21.84
0 -10949.11091  16458.11042 -16028.33290   0.5530551  -2.1397522  -2.5776615 2026 01 15 02 46 41.84
0 -10938.07092  16415.23747 -16079.80831   0.5509310  -2.1475633  -2.5698959 2026 01 15 02 47 01.84
0 -10927.07368  16372.20852 -16131.12816   0.5487800  -2.1553520  -2.5621055 2026 01 15 02 47 21.84
0 -10916.11972  16329.02402 -16182.29195   0.5466022  -2.1631180  -2.5542903 2026 01 15 02 47 41.84
0 -10905.20960  16285.68443 -16233.29920   0.5443975  -2.1708612  -2.5464505 2026 01 15 02 48 01.84
0 -10894.34383  16242.19021 -16284.14940   0.5421662  -2.1785816  -2.5385861 2026 01 15 02 48 21.84
0 -10883.52296  16198.54181 -16334.84207   0.5399083  -2.1862789  -2.5306971 2026 01 15 02 48 41.84
0 -10872.74751  16154.73970 -16385.37671   0.5376239  -2.1939531  -2.5227838 2026 01 15 02 49 01.84
0 -10862.01801  16110.78433 -16435.75285   0.5353130  -2.2016040  -2.5148460 2026 01 15 02 49 21.84
0 -10851.33500  16066.67619 -16485.96999   0.5329757  -2.2092314  -2.5068840 2026 01 15 02 49 41.84
0 -10840.69899  16022.41573 -16536.02765   0.5306122  -2.2168353  -2.4988978 2026 01 15 02 50 01.84
0 -10830.11051  15978.00343 -16585.92534   0.5282226  -2.2244154  -2.4908875 2026 01 15 02 50 21.84
0 -10819.57009  15933.43977 -16635.66258   0.5258068  -2.2319718  -2.4828531 2026 01 15 02 50 41.84
0 -10809.07824  15888.72522 -16685.23890   0.5233650  -2.2395041  -2.4747947 2026 01 15 02 51 01.84
0 -10798.63549  15843.86026 -16734.65381   0.5208973  -2.2470124  -2.4667125 2026 01 15 02 51 21.84
0 -10788.24235  15798.84538 -16783.90685   0.5184038  -2.2544964  -2.4586064 2026 01 15 02 51 41.84
0 -10777.89934  15753.68107 -16832.99752   0.5158845  -2.2619560  -2.4504766 2026 01 15 02 52 01.84
0 -10767.60697  15708.36781 -16881.92536   0.5133396  -2.2693911  -2.4423232 2026 01 15 02 52 21.84
0 -10757.36576  15662.90609 -16930.68989   0.5107692  -2.2768017  -2.4341461 2026 01 15 02 52 41.84
0 -10747.17621  15617.29641 -16979.29065   0.5081732  -2.2841874  -2.4259456 2026 01 15 02 53 01.84
0 -10737.03883  15571.53926 -17027.72717   0.5055519  -2.2915483  -2.4177217 2026 01 15 02 53 21.84
0 -10726.95413  15525.63515 -17075.99898   0.5029053  -2.2988841  -2.4094744 2026 01 15 02 53 41.84
0 -10716.92261  15479.58458 -17124.10561   0.5002336  -2.3061948  -2.4012039 2026 01 15 02 54 01.84
0 -10706.94478  15433.38804 -17172.04660   0.4975367  -2.3134802  -2.3929103 2026 01 15 02 54 21.84
0 -10697.02114  15387.04605 -17219.82148   0.4948148  -2.3207402  -2.3845935 2026 01 15 02 54 41.84
0 -10687.15219  15340.55911 -17267.42980   0.4920680  -2.3279747  -2.3762537 2026 01 15 02 55 01.84
0 -10677.33841  15293.92774 -17314.87109   0.4892965  -2.3351835  -2.3678910 2026 01 15 02 55 21.84
0 -10667.58032  15247.15245 -17362.14490   0.4865001  -2.3423665  -2.3595054 2026 01 15 02 55 41.84
0 -10657.87840  15200.23377 -17409.25078   0.4836792  -2.3495237  -2.3510971 2026 01 15 02 56 01.84
0 -10648.23315  15153.17220 -17456.18826   0.4808338  -2.3566547  -2.3426661 2026 01 15 02 56 21.84
0 -10638.64504  15105.96827 -17502.95690   0.4779639  -2.3637596  -2.3342125 2026 01 15 02 56 41.84
0 -10629.11458  15058.62250 -17549.55624   0.4750697  -2.3708383  -2.3257364 2026 01 15 02 57 01.84
0 -10619.64225  15011.13543 -17595.98583   0.4721512  -2.3778905  -2.3172379 2026 01 15 02 57 21.84
0 -10610.22852  14963.50758 -17642.24523   0.4692087  -2.3849161  -2.3087170 2026 01 15 02 57 41.84
0 -10600.87389  14915.73949 -17688.33399   0.4662421  -2.3919151  -2.3001738 2026 01 15 02 58 01.84
0 -10591.57883  14867.83168 -17734.25166   0.4632515  -2.3988873  -2.2916084 2026 01 15 02 58 21.84
0 -10582.34381  14819.78470 -17779.99781   0.4602372  -2.4058326  -2.2830210 2026 01 15 02 58 41.84
0 -10573.16933  14771.59908 -17825.57199   0.4571991  -2.4127509  -2.2744115 2026 01 15 02 59 01.84
0 -10564.05584  14723.27537 -17870.97376   0.4541374  -2.4196421  -2.2657801 2026 01 15 02 59 21.84
0 -10555.00382  14674.81411 -17916.20268   0.4510521  -2.4265059  -2.2571269 2026 01 15 02 59 41.84
0 -10546.01374  14626.21584 -17961.25833   0.4479435  -2.4333424  -2.2484518 2026 01 15 03 00 01.84
0 -10537.08606  14577.48112 -18006.14025   0.4448115  -2.4401514  -2.2397552 2026 01 15 03 00 21.84
0 -10528.22126  14528.61050 -18050.84803   0.4416563  -2.4469327  -2.2310369 2026 01 15 03 00 41.84
0 -10519.41979  14479.60453 -18095.38123   0.4384780  -2.4536863  -2.2222971 2026 01 15 03 01 01.84
0 -10510.68212  14430.46377 -18139.73941   0.4352767  -2.4604120  -2.2135359 2026 01 15 03 01 21.84
0 -10502.00870  14381.18877 -18183.92216   0.4320524  -2.4671097  -2.2047533 2026 01 15 03 01 41.84
0 -10493.40000  14331.78010 -18227.92905   0.4288054  -2.4737793  -2.1959495 2026 01 15 03 02 01.84
0 -10484.85647  14282.23832 -18271.75965   0.4255357  -2.4804208  -2.1871245 2026 01 15 03 02 21.84
0 -10476.37855  14232.56400 -18315.41354   0.4222434  -2.4870338  -2.1782785 2026 01 15 03 02 41.84
0 -10467.96671  14182.75770 -18358.89030   0.4189287  -2.4936184  -2.1694114 2026 01 15 03 03 01.84
0 -10459.62138  14132.81999 -18402.18951   0.4155916  -2.5001745  -2.1605235 2026 01 15 03 03 21.84
0 -10451.34302  14082.75145 -18445.31075   0.4122322  -2.5067019  -2.1516147 2026 01 15 03 03 41.84
0 -10443.13207  14032.55265 -18488.25361   0.4088506  -2.5132005  -2.1426852 2026 01 15 03 04 01.84
0 -10434.98896  13982.22416 -18531.01768   0.4054471  -2.5196702  -2.1337350 2026 01 15 03 04 21.84
0 -10426.91415  13931.76658 -18573.60254   0.4020216  -2.5261108  -2.1247643 2026 01 15 03 04 41.84
0 -10418.90807  13881.18047 -18616.00778   0.3985743  -2.5325223  -2.1157731 2026 01 15 03 05 01.84
0 -10410.97116  13830.46642 -18658.23299   0.3951052  -2.5389046  -2.1067616 2026 01 15 03 05 21.84
0 -10403.10383  13779.62503 -18700.27777   0.3916146  -2.5452575  -2.0977297 2026 01 15 03 05 41.84
0 -10395.30654  13728.65687 -18742.14171   0.3881025  -2.5515810  -2.0886777 2026 01 15 03 06 01.84
0 -10387.57970  13677.56253 -18783.82441   0.3845690  -2.5578749  -2.0796055 2026 01 15 03 06 21.84
0 -10379.92375  13626.34262 -18825.32546   0.3810143  -2.5641391  -2.0705133 2026 01 15 03 06 41.84
0 -10372.33910  13574.99772 -18866.64447   0.3774384  -2.5703735  -2.0614011 2026 01 15 03 07 01.84
0 -10364.82618  13523.52843 -18907.78104   0.3738415  -2.5765780  -2.0522691 2026 01 15 03 07 21.84
0 -10357.38540  13471.93535 -18948.73478   0.3702236  -2.5827525  -2.0431173 2026 01 15 03 07 41.84
0 -10350.01719  13420.21908 -18989.50528   0.3665850  -2.5888968  -2.0339459 2026 01 15 03 08 01.84
0 -10342.72197  13368.38023 -19030.09216   0.3629257  -2.5950110  -2.0247549 2026 01 15 03 08 21.84
0 -10335.50013  13316.41940 -19070.49502   0.3592458  -2.6010948  -2.0155444 2026 01 15 03 08 41.84
0 -10328.35210  13264.33720 -19110.71348   0.3555454  -2.6071482  -2.0063144 2026 01 15 03 09 01.84
0 -10321.27827  13212.13424 -19150.74715   0.3518247  -2.6131710  -1.9970652 2026 01 15 03 09 21.84
0 -10314.27907  13159.81112 -19190.59564   0.3480838  -2.6191632  -1.9877967 2026 01 15 03 09 41.84
0 -10307.35488  13107.36847 -19230.25858   0.3443227  -2.6251246  -1.9785092 2026 01 15 03 10 01.84
0 -10300.50611  13054.80690 -19269.73557   0.3405417  -2.6310552  -1.9692025 2026 01 15 03 10 21.84
0 -10293.73317  13002.12703 -19309.02624   0.3367409  -2.6369548  -1.9598769 2026 01 15 03 10 41.84
0 -10287.03643  12949.32948 -19348.13021   0.3329202  -2.6428234  -1.9505325 2026 01 15 03 11 01.84
0 -10280.41631  12896.41487 -19387.04710   0.3290800  -2.6486608  -1.9411693 2026 01 15 03 11 21.84
0 -10273.87319  12843.38382 -19425.77655   0.3252202  -2.6544670  -1.9317874 2026 01 15 03 11 41.84
0 -10267.40746  12790.23696 -19464.31817   0.3213410  -2.6602417  -1.9223869 2026 01 15 03 12 01.84
0 -10261.01950  12736.97493 -19502.67159   0.3174426  -2.6659851  -1.9129679 2026 01 15 03 12 21.84
0 -10254.70970  12683.59834 -19540.83646   0.3135250  -2.6716968  -1.9035305 2026 01 15 03 12 41.84
0 -10248.47845  12630.10783 -19578.81239   0.3095884  -2.6773769  -1.8940749 2026 01 15 03 13 01.84
0 -10242.32612  12576.50404 -19616.59903   0.3056329  -2.6830253  -1.8846010 2026 01 15 03 13 21.84
0 -10236.25308  12522.78760 -19654.19601   0.3016586  -2.6886418  -1.8751089 2026 01 15 03 13 41.84
0 -10230.25972  12468.95915 -19691.60297   0.2976656  -2.6942263  -1.8655989 2026 01 15 03 14 01.84
0 -10224.34640  12415.01933 -19728.81955   0.2936541  -2.6997788  -1.8560709 2026 01 15 03 14 21.84
0 -10218.51350  12360.96879 -19765.84539   0.2896242  -2.7052992  -1.8465250 2026 01 15 03 14 41.84
0 -10212.76138  12306.80816 -19802.68014   0.2855760  -2.7107873  -1.8369614 2026 01 15 03 15 01.84
0 -10207.09040  12252.53809 -19839.32344   0.2815096  -2.7162431  -1.8273801 2026 01 15 03 15 21.84
0 -10201.50093  12198.15923 -19875.77494   0.2774252  -2.7216664  -1.8177813 2026 01 15 03 15 41.84
0 -10195.99333  12143.67222 -19912.03429   0.2733229  -2.7270572  -1.8081650 2026 01 15 03 16 01.84
0 -10190.56796  12089.07773 -19948.10113   0.2692028  -2.7324155  -1.7985313 2026 01 15 03 16 21.84
0 -10185.22516  12034.37640 -19983.97514   0.2650651  -2.7377410  -1.7888803 2026 01 15 03 16 41.84
0 -10179.96529  11979.56889 -20019.65595   0.2609097  -2.7430337  -1.7792122 2026 01 15 03 17 01.84
0 -10174.78870  11924.65585 -20055.14323   0.2567370  -2.7482936  -1.7695269 2026 01 15 03 17 21.84
0 -10169.69575  11869.63795 -20090.43664   0.2525470  -2.7535204  -1.7598247 2026 01 15 03 17 41.84
0 -10164.68676  11814.51583 -20125.53583   0.2483399  -2.7587142  -1.7501055 2026 01 15 03 18 01.84
0 -10159.76208  11759.29018 -20160.44047   0.2441157  -2.7638749  -1.7403695 2026 01 15 03 18 21.84
0 -10154.92206  11703.96164 -20195.15022   0.2398746  -2.7690023  -1.7306168 2026 01 15 03 18 41.84
0 -10150.16703  11648.53089 -20229.66476   0.2356168  -2.7740964  -1.7208475 2026 01 15 03 19 01.84
0 -10145.49732  11592.99860 -20263.98374   0.2313423  -2.7791571  -1.7110616 2026 01 15 03 19 21.84
0 -10140.91327  11537.36542 -20298.10684   0.2270513  -2.7841842  -1.7012593 2026 01 15 03 19 41.84
0 -10136.41520  11481.63204 -20332.03374   0.2227440  -2.7891778  -1.6914407 2026 01 15 03 20 01.84
0 -10132.00343  11425.79912 -20365.76410   0.2184203  -2.7941377  -1.6816059 2026 01 15 03 20 21.84
0 -10127.67831  11369.86734 -20399.29760   0.2140806  -2.7990638  -1.6717548 2026 01 15 03 20 41.84
0 -10123.44014  11313.83738 -20432.63392   0.2097249  -2.8039562  -1.6618878 2026 01 15 03 21 01.84
0 -10119.28924  11257.70991 -20465.77274   0.2053533  -2.8088145  -1.6520048 2026 01 15 03 21 21.84
0 -10115.22593  11201.48561 -20498.71375   0.2009660  -2.8136389  -1.6421059 2026 01 15 03 21 41.84
0 -10111.25052  11145.16517 -20531.45662   0.1965631  -2.8184292  -1.6321913 2026 01 15 03 22 01.84
0 -10107.36333  11088.74927 -20564.00104   0.1921447  -2.8231853  -1.6222610 2026 01 15 03 22 21.84
0 -10103.56465  11032.23858 -20596.34670   0.1877110  -2.8279072  -1.6123152 2026 01 15 03 22 41.84
0 -10099.85481  10975.63380 -20628.49329   0.1832621  -2.8325948  -1.6023538 2026 01 15 03 23 01.84
0 -10096.23409  10918.93561 -20660.44050   0.1787982  -2.8372479  -1.5923771 2026 01 15 03 23 21.84
0 -10092.70279  10862.14471 -20692.18803   0.1743193  -2.8418666  -1.5823852 2026 01 15 03 23 41.84
0 -10089.26123  10805.26178 -20723.73556   0.1698257  -2.8464507  -1.5723780 2026 01 15 03 24 01.84
0 -10085.90968  10748.28751 -20755.08280   0.1653173  -2.8510001  -1.5623558 2026 01 15 03 24 21.84
0 -10082.64845  10691.22260 -20786.22945   0.1607945  -2.8555149  -1.5523186 2026 01 15 03 24 41.84
0 -10079.47782  10634.06774 -20817.17521   0.1562573  -2.8599948  -1.5422665 2026 01 15 03 25 01.84
0 -10076.39807  10576.82364 -20847.91978   0.1517058  -2.8644399  -1.5321996 2026 01 15 03 25 21.84
0 -10073.40949  10519.49098 -20878.46286   0.1471402  -2.8688500  -1.5221181 2026 01 15 03 25 41.84
0 -10070.51237  10462.07047 -20908.80416   0.1425606  -2.8732251  -1.5120219 2026 01 15 03 26 01.84
0 -10067.70698  10404.56281 -20938.94340   0.1379672  -2.8775651  -1.5019113 2026 01 15 03 26 21.84
0 -10064.99359  10346.96870 -20968.88029   0.1333601  -2.8818700  -1.4917862 2026 01 15 03 26 41.84
0 -10062.37248  10289.28885 -20998.61453   0.1287394  -2.8861396  -1.4816469 2026 01 15 03 27 01.84
0 -10059.84392  10231.52395 -21028.14584   0.1241053  -2.8903740  -1.4714934 2026 01 15 03 27 21.84
0 -10057.40817  10173.67473 -21057.47394   0.1194578  -2.8945729  -1.4613257 2026 01 15 03 27 41.84
0 -10055.06551  10115.74188 -21086.59855   0.1147973  -2.8987364  -1.4511441 2026 01 15 03 28 01.84
0 -10052.81619  10057.72611 -21115.51939   0.1101237  -2.9028644  -1.4409486 2026 01 15 03 28 21.84
0 -10050.66046   9999.62814 -21144.23618   0.1054372  -2.9069568  -1.4307393 2026 01 15 03 28 41.84
0 -10048.59860   9941.44868 -21172.74865   0.1007380  -2.9110136  -1.4205163 2026 01 15 03 29 01.84
0 -10046.63084   9883.18845 -21201.05652   0.0960262  -2.9150346  -1.4102797 2026 01 15 03 29 21.84
0 -10044.75745   9824.84814 -21229.15953   0.0913019  -2.9190199  -1.4000295 2026 01 15 03 29 41.84
0 -10042.97866   9766.42850 -21257.05740   0.0865653  -2.9229693  -1.3897660 2026 01 15 03 30 01.84
0 -10041.29473   9707.93022 -21284.74987   0.0818165  -2.9268828  -1.3794892 2026 01 15 03 30 21.84
0 -10039.70589   9649.35403 -21312.23667   0.0770557  -2.9307603  -1.3691992 2026 01 15 03 30 41.84
0 -10038.21239   9590.70066 -21339.51754   0.0722830  -2.9346018  -1.3588961 2026 01 15 03 31 01.84
0 -10036.81446   9531.97081 -21366.59222   0.0674986  -2.9384072  -1.3485800 2026 01 15 03 31 21.84
0 -10035.51234   9473.16522 -21393.46045   0.0627025  -2.9421764  -1.3382510 2026 01 15 03 31 41.84
0 -10034.30626   9414.28461 -21420.12197   0.0578949  -2.9459093  -1.3279091 2026 01 15 03 32 01.84
0 -10033.19643   9355.32971 -21446.57653   0.0530760  -2.9496060  -1.3175546 2026 01 15 03 32 21.84
0 -10032.18310   9296.30123 -21472.82387   0.0482459  -2.9532664  -1.3071875 2026 01 15 03 32 41.84
0 -10031.26648   9237.19991 -21498.86375   0.0434048  -2.9568903  -1.2968079 2026 01 15 03 33 01.84
0 -10030.44680   9178.02647 -21524.69591   0.0385527  -2.9604777  -1.2864159 2026 01 15 03 33 21.84
0 -10029.72426   9118.78166 -21550.32011   0.0336899  -2.9640287  -1.2760117 2026 01 15 03 33 41.84
0 -10029.09908   9059.46619 -21575.73610   0.0288165  -2.9675430  -1.2655952 2026 01 15 03 34 01.84
0 -10028.57148   9000.08080 -21600.94365   0.0239326  -2.9710207  -1.2551666 2026 01 15 03 34 21.84
0 -10028.14166   8940.62622 -21625.94250   0.0190383  -2.9744617  -1.2447261 2026 01 15 03 34 41.84
0 -10027.80983   8881.10319 -21650.73242   0.0141339  -2.9778660  -1.2342736 2026 01 15 03 35 01.84
0 -10027.57618   8821.51244 -21675.31318   0.0092194  -2.9812334  -1.2238094 2026 01 15 03 35 21.84
0 -10027.44093   8761.85472 -21699.68454   0.0042950  -2.9845640  -1.2133335 2026 01 15 03 35 41.84
0 -10027.40426   8702.13075 -21723.84626  -0.0006391  -2.9878577  -1.2028460 2026 01 15 03 36 01.84
0 -10027.46637   8642.34127 -21747.79812  -0.0055829  -2.9911144  -1.1923470 2026 01 15 03 36 21.84
0 -10027.62745   8582.48704 -21771.53989  -0.0105361  -2.9943341  -1.1818367 2026 01 15 03 36 41.84
0 -10027.88769   8522.56878 -21795.07134  -0.0154986  -2.9975167  -1.1713150 2026 01 15 03 37 01.84
0 -10028.24727   8462.58724 -21818.39224  -0.0204704  -3.0006623  -1.1607822 2026 01 15 03 37 21.84
0 -10028.70637   8402.54316 -21841.50238  -0.0254511  -3.0037706  -1.1502384 2026 01 15 03 37 41.84
0 -10029.26518   8342.43728 -21864.40153  -0.0304408  -3.0068417  -1.1396835 2026 01 15 03 38 01.84
0 -10029.92387   8282.27036 -21887.08948  -0.0354392  -3.0098756  -1.1291178 2026 01 15 03 38 21.84
0 -10030.68261   8222.04313 -21909.56601  -0.0404461  -3.0128721  -1.1185414 2026 01 15 03 38 41.84
0 -10031.54158   8161.75635 -21931.83090  -0.0454616  -3.0158313  -1.1079543 2026 01 15 03 39 01.84
0 -10032.50094   8101.41076 -21953.88395  -0.0504853  -3.0187531  -1.0973566 2026 01 15 03 39 21.84
0 -10033.56086   8041.00710 -21975.72493  -0.0555172  -3.0216374  -1.0867484 2026 01 15 03 39 41.84
0 -10034.72149   7980.54613 -21997.35366  -0.0605571  -3.0244842  -1.0761300 2026 01 15 03 40 01.84
0 -10035.98300   7920.02861 -22018.76991  -0.0656048  -3.0272935  -1.0655012 2026 01 15 03 40 21.84
0 -10037.34555   7859.45527 -22039.97348  -0.0706603  -3.0300652  -1.0548624 2026 01 15 03 40 41.84
0 -10038.80927   7798.82688 -22060.96418  -0.0757233  -3.0327993  -1.0442135 2026 01 15 03 41 01.84
0 -10040.37434   7738.14418 -22081.74180  -0.0807938  -3.0354957  -1.0335546 2026 01 15 03 41 21.84
0 -10042.04088   7677.40793 -22102.30615  -0.0858715  -3.0381544  -1.0228860 2026 01 15 03 41 41.84
0 -10043.80905   7616.61888 -22122.65703  -0.0909563  -3.0407753  -1.0122075 2026 01 15 03 42 01.84
0 -10045.67899   7555.77779 -22142.79424  -0.0960482  -3.0433585  -1.0015195 2026 01 15 03 42 21.84
0 -10047.65083   7494.88542 -22162.71760  -0.1011468  -3.0459038  -0.9908220 2026 01 15 03 42 41.84
0 -10049.72472   7433.94252 -22182.42692  -0.1062521  -3.0484113  -0.9801150 2026 01 15 03 43 01.84
0 -10051.90077   7372.94985 -22201.92200  -0.1113640  -3.0508809  -0.9693987 2026 01 15 03 43 21.84
0 -10054.17912   7311.90817 -22221.20267  -0.1164822  -3.0533125  -0.9586732 2026 01 15 03 43 41.84
0 -10056.55991   7250.81824 -22240.26873  -0.1216067  -3.0557062  -0.9479387 2026 01 15 03 44 01.84
0 -10059.04324   7189.68081 -22259.12002  -0.1267372  -3.0580618  -0.9371951 2026 01 15 03 44 21.84
0 -10061.62924   7128.49665 -22277.75634  -0.1318737  -3.0603794  -0.9264426 2026 01 15 03 44 41.84
0 -10064.31803   7067.26652 -22296.17753  -0.1370159  -3.0626589  -0.9156813 2026 01 15 03 45 01.84
0 -10067.10972   7005.99118 -22314.38341  -0.1421638  -3.0649003  -0.9049114 2026 01 15 03 45 21.84
0 -10070.00443   6944.67139 -22332.37380  -0.1473172  -3.0671036  -0.8941328 2026 01 15 03 45 41.84
0 -10073.00225   6883.30792 -22350.14854  -0.1524759  -3.0692687  -0.8833458 2026 01 15 03 46 01.84
0 -10076.10330   6821.90153 -22367.70746  -0.1576397  -3.0713955  -0.8725504 2026 01 15 03 46 21.84
0 -10079.30768   6760.45299 -22385.05038  -0.1628087  -3.0734842  -0.8617468 2026 01 15 03 46 41.84
0 -10082.61549   6698.96305 -22402.17715  -0.1679825  -3.0755345  -0.8509349 2026 01 15 03 47 01.84
0 -10086.02682   6637.43250 -22419.08761  -0.1731610  -3.0775466  -0.8401151 2026 01 15 03 47 21.84
0 -10089.54176   6575.86208 -22435.78159  -0.1783441  -3.0795204  -0.8292872 2026 01 15 03 47 41.84
0 -10093.16041   6514.25257 -22452.25893  -0.1835316  -3.0814558  -0.8184516 2026 01 15 03 48 01.84
0 -10096.88286   6452.60474 -22468.51949  -0.1887235  -3.0833528  -0.8076082 2026 01 15 03 48 21.84
0 -10100.70919   6390.91935 -22484.56310  -0.1939194  -3.0852114  -0.7967571 2026 01 15 03 48 41.84
0 -10104.63947   6329.19718 -22500.38961  -0.1991194  -3.0870316  -0.7858985 2026 01 15 03 49 01.84
0 -10108.67379   6267.43898 -22515.99888  -0.2043231  -3.0888133  -0.7750325 2026 01 15 03 49 21.84
0 -10112.81222   6205.64553 -22531.39076  -0.2095306  -3.0905566  -0.7641592 2026 01 15 03 49 41.84
0 -10117.05484   6143.81761 -22546.56510  -0.2147415  -3.0922614  -0.7532787 2026 01 15 03 50 01.84
0 -10121.40171   6081.95597 -22561.52176  -0.2199559  -3.0939276  -0.7423910 2026 01 15 03 50 21.84
0 -10125.85290   6020.06140 -22576.26060  -0.2251734  -3.0955553  -0.7314964 2026 01 15 03 50 41.84
0 -10130.40847   5958.13466 -22590.78148  -0.2303941  -3.0971444  -0.7205949 2026 01 15 03 51 01.84
0 -10135.06849   5896.17652 -22605.08425  -0.2356176  -3.0986950  -0.7096865 2026 01 15 03 51 21.84
0 -10139.83300   5834.18775 -22619.16880  -0.2408439  -3.1002069  -0.6987715 2026 01 15 03 51 41.84
0 -10144.70207   5772.16914 -22633.03498  -0.2460729  -3.1016803  -0.6878499 2026 01 15 03 52 01.84
0 -10149.67574   5710.12144 -22646.68267  -0.2513043  -3.1031150  -0.6769219 2026 01 15 03 52 21.84
0 -10154.75406   5648.04543 -22660.11173  -0.2565380  -3.1045110  -0.6659874 2026 01 15 03 52 41.84
0 -10159.93707   5585.94189 -22673.32204  -0.2617739  -3.1058684  -0.6550467 2026 01 15 03 53 01.84
0 -10165.22483   5523.81160 -22686.31347  -0.2670117  -3.1071870  -0.6440999 2026 01 15 03 53 21.84
0 -10170.61736   5461.65531 -22699.08591  -0.2722515  -3.1084670  -0.6331470 2026 01 15 03 53 41.84
0 -10176.11470   5399.47381 -22711.63923  -0.2774929  -3.1097083  -0.6221882 2026 01 15 03 54 01.84
0 -10181.71689   5337.26788 -22723.97332  -0.2827359  -3.1109108  -0.6112235 2026 01 15 03 54 21.84
0 -10187.42395   5275.03828 -22736.08806  -0.2879803  -3.1120746  -0.6002531 2026 01 15 03 54 41.84
0 -10193.23592   5212.78579 -22747.98333  -0.2932260  -3.1131996  -0.5892771 2026 01 15 03 55 01.84
0 -10199.15280   5150.51119 -22759.65903  -0.2984727  -3.1142859  -0.5782955 2026 01 15 03 55 21.84
0 -10205.17463   5088.21526 -22771.11505  -0.3037204  -3.1153334  -0.5673086 2026 01 15 03 55 41.84
0 -10211.30143   5025.89876 -22782.35127  -0.3089689  -3.1163421  -0.5563163 2026 01 15 03 56 01.84
0 -10217.53320   4963.56247 -22793.36760  -0.3142180  -3.1173120  -0.5453189 2026 01 15 03 56 21.84
0 -10223.86995   4901.20717 -22804.16393  -0.3194676  -3.1182432  -0.5343164 2026 01 15 03 56 41.84
0 -10230.31171   4838.83364 -22814.74016  -0.3247176  -3.1191355  -0.5233088 2026 01 15 03 57 01.84
0 -10236.85846   4776.44266 -22825.09619  -0.3299677  -3.1199890  -0.5122965 2026 01 15 03 57 21.84
0 -10243.51022   4714.03498 -22835.23193  -0.3352178  -3.1208036  -0.5012793 2026 01 15 03 57 41.84
0 -10250.26698   4651.61141 -22845.14728  -0.3404679  -3.1215795  -0.4902575 2026 01 15 03 58 01.84
0 -10257.12873   4589.17271 -22854.84215  -0.3457176  -3.1223165  -0.4792311 2026 01 15 03 58 21.84
0 -10264.09548   4526.71965 -22864.31644  -0.3509669  -3.1230147  -0.4682003 2026 01 15 03 58 41.84
0 -10271.16721   4464.25302 -22873.57008  -0.3562157  -3.1236741  -0.4571651 2026 01 15 03 59 01.84
0 -10278.34390   4401.77359 -22882.60297  -0.3614637  -3.1242946  -0.4461257 2026 01 15 03 59 21.84
0 -10285.62555   4339.28214 -22891.41503  -0.3667108  -3.1248762  -0.4350822 2026 01 15 03 59 41.84
0 -10293.01213   4276.77944 -22900.00619  -0.3719569  -3.1254191  -0.4240347 2026 01 15 04 00 01.84
0 -10300.50362   4214.26628 -22908.37635  -0.3772018  -3.1259231  -0.4129832 2026 01 15 04 00 21.84
0 -10308.10000   4151.74342 -22916.52545  -0.3824454  -3.1263882  -0.4019279 2026 01 15 04 00 41.84
0 -10315.80123   4089.21165 -22924.45341  -0.3876874  -3.1268145  -0.3908690 2026 01 15 04 01 01.84
0 -10323.60729   4026.67174 -22932.16015  -0.3929279  -3.1272020  -0.3798064 2026 01 15 04 01 21.84
0 -10331.51813   3964.12447 -22939.64561  -0.3981665  -3.1275506  -0.3687404 2026 01 15 04 01 41.84
0 -10339.53373   3901.57062 -22946.90971  -0.4034031  -3.1278604  -0.3576710 2026 01 15 04 02 01.84
0 -10347.65405   3839.01095 -22953.95239  -0.4086377  -3.1281314  -0.3465983 2026 01 15 04 02 21.84
0 -10355.87903   3776.44626 -22960.77359  -0.4138700  -3.1283636  -0.3355224 2026 01 15 04 02 41.84
0 -10364.20863   3713.87731 -22967.37324  -0.4190999  -3.1285570  -0.3244435 2026 01 15 04 03 01.84
0 -10372.64281   3651.30488 -22973.75129  -0.4243272  -3.1287115  -0.3133617 2026 01 15 04 03 21.84
0 -10381.18150   3588.72975 -22979.90767  -0.4295518  -3.1288273  -0.3022770 2026 01 15 04 03 41.84
0 -10389.82466   3526.15269 -22985.84233  -0.4347736  -3.1289042  -0.2911896 2026 01 15 04 04 01.84
0 -10398.57223   3463.57448 -22991.55522  -0.4399923  -3.1289424  -0.2800995 2026 01 15 04 04 21.84
0 -10407.42413   3400.99590 -22997.04628  -0.4452079  -3.1289418  -0.2690070 2026 01 15 04 04 41.84
0 -10416.38032   3338.41771 -23002.31546  -0.4504201  -3.1289024  -0.2579120 2026 01 15 04 05 01.84
0 -10425.44072   3275.84070 -23007.36273  -0.4556289  -3.1288243  -0.2468147 2026 01 15 04 05 21.84
0 -10434.60525   3213.26564 -23012.18803  -0.4608340  -3.1287075  -0.2357153 2026 01 15 04 05 41.84
0 -10443.87385   3150.69330 -23016.79132  -0.4660354  -3.1285519  -0.2246137 2026 01 15 04 06 01.84
0 -10453.24644   3088.12447 -23021.17255  -0.4712328  -3.1283576  -0.2135102 2026 01 15 04 06 21.84
0 -10462.72294   3025.55990 -23025.33170  -0.4764262  -3.1281246  -0.2024048 2026 01 15 04 06 41.84
0 -10472.30326   2963.00038 -23029.26873  -0.4816153  -3.1278530  -0.1912976 2026 01 15 04 07 01.84
0 -10481.98732   2900.44668 -23032.98360  -0.4868000  -3.1275426  -0.1801887 2026 01 15 04 07 21.84
0 -10491.77503   2837.89958 -23036.47627  -0.4919802  -3.1271936  -0.1690784 2026 01 15 04 07 41.84
0 -10501.66630   2775.35984 -23039.74672  -0.4971557  -3.1268060  -0.1579665 2026 01 15 04 08 01.84
0 -10511.66103   2712.82824 -23042.79493  -0.5023264  -3.1263798  -0.1468534 2026 01 15 04 08 21.84
0 -10521.75912   2650.30555 -23045.62085  -0.5074921  -3.1259149  -0.1357390 2026 01 15 04 08 41.84
0 -10531.96047   2587.79254 -23048.22449  -0.5126526  -3.1254115  -0.1246235 2026 01 15 04 09 01.84
0 -10542.26499   2525.28999 -23050.60580  -0.5178079  -3.1248695  -0.1135069 2026 01 15 04 09 21.84
0 -10552.67255   2462.79866 -23052.76477  -0.5229577  -3.1242890  -0.1023895 2026 01 15 04 09 41.84
0 -10563.18306   2400.31933 -23054.70139  -0.5281019  -3.1236699  -0.0912713 2026 01 15 04 10 01.84
0 -10573.79639   2337.85276 -23056.41563  -0.5332404  -3.1230124  -0.0801524 2026 01 15 04 10 21.84
0 -10584.51243   2275.39973 -23057.90749  -0.5383729  -3.1223164  -0.0690329 2026 01 15 04 10 41.84
0 -10595.33107   2212.96100 -23059.17696  -0.5434995  -3.1215820  -0.0579129 2026 01 15 04 11 01.84
0 -10606.25217   2150.53735 -23060.22403  -0.5486198  -3.1208091  -0.0467926 2026 01 15 04 11 21.84
0 -10617.27562   2088.12954 -23061.04869  -0.5537338  -3.1199978  -0.0356720 2026 01 15 04 11 41.84
0 -10628.40128   2025.73834 -23061.65093  -0.5588413  -3.1191482  -0.0245512 2026 01 15 04 12 01.84
0 -10639.62902   1963.36451 -23062.03076  -0.5639422  -3.1182602  -0.0134304 2026 01 15 04 12 21.84
0 -10650.95872   1901.00883 -23062.18818  -0.5690362  -3.1173338  -0.0023097 2026 01 15 04 12 41.84
0 -10662.39023   1838.67205 -23062.12318  -0.5741233  -3.1163692   0.0088109 2026 01 15 04 13 01.84
0 -10673.92341   1776.35495 -23061.83578  -0.5792033  -3.1153664   0.0199311 2026 01 15 04 13 21.84
0 -10685.55811   1714.05829 -23061.32597  -0.5842761  -3.1143253   0.0310510 2026 01 15 04 13 41.84
0 -10697.29420   1651.78284 -23060.59378  -0.5893415  -3.1132459   0.0421704 2026 01 15 04 14 01.84
0 -10709.13152   1589.52935 -23059.63920  -0.5943993  -3.1121285   0.0532892 2026 01 15 04 14 21.84
0 -10721.06992   1527.29859 -23058.46225  -0.5994495  -3.1109729   0.0644073 2026 01 15 04 14 41.84
0 -10733.10925   1465.09133 -23057.06295  -0.6044918  -3.1097791   0.0755246 2026 01 15 04 15 01.84
0 -10745.24934   1402.90832 -23055.44132  -0.6095261  -3.1085473   0.0866410 2026 01 15 04 15 21.84
0 -10757.49004   1340.75033 -23053.59737  -0.6145523  -3.1072775   0.0977563 2026 01 15 04 15 41.84
0 -10769.83118   1278.61812 -23051.53112  -0.6195702  -3.1059696   0.1088705 2026 01 15 04 16 01.84
0 -10782.27259   1216.51244 -23049.24261  -0.6245796  -3.1046238   0.1199834 2026 01 15 04 16 21.84
0 -10794.81410   1154.43406 -23046.73185  -0.6295805  -3.1032401   0.1310950 2026 01 15 04 16 41.84
0 -10807.45555   1092.38373 -23043.99887  -0.6345727  -3.1018184   0.1422051 2026 01 15 04 17 01.84
0 -10820.19675   1030.36221 -23041.04371  -0.6395559  -3.1003589   0.1533137 2026 01 15 04 17 21.84
0 -10833.03753    968.37027 -23037.86639  -0.6445302  -3.0988615   0.1644205 2026 01 15 04 17 41.84
0 -10845.97770    906.40864 -23034.46696  -0.6494953  -3.0973264   0.1755256 2026 01 15 04 18 01.84
0 -10859.01708    844.47810 -23030.84544  -0.6544510  -3.0957536   0.1866288 2026 01 15 04 18 21.84
0 -10872.15547    782.57939 -23027.00188  -0.6593973  -3.0941430   0.1977301 2026 01 15 04 18 41.84
0 -10885.39270    720.71327 -23022.93632  -0.6643340  -3.0924947   0.2088292 2026 01 15 04 19 01.84
0 -10898.72857    658.88049 -23018.64880  -0.6692609  -3.0908089   0.2199261 2026 01 15 04 19 21.84
0 -10912.16287    597.08180 -23014.13936  -0.6741779  -3.0890854   0.2310206 2026 01 15 04 19 41.84
0 -10925.69542    535.31796 -23009.40806  -0.6790849  -3.0873245   0.2421128 2026 01 15 04 20 01.84
0 -10939.32600    473.58971 -23004.45494  -0.6839817  -3.0855260   0.2532024 2026 01 15 04 20 21.84
0 -10953.05442    411.89781 -22999.28005  -0.6888681  -3.0836901   0.2642894 2026 01 15 04 20 41.84
0 -10966.88046    350.24299 -22993.88346  -0.6937440  -3.0818168   0.2753736 2026 01 15 04 21 01.84
0 -10980.80391    288.62602 -22988.26521  -0.6986093  -3.0799061   0.2864550 2026 01 15 04 21 21.84
0 -10994.82456    227.04763 -22982.42536  -0.7034638  -3.0779581   0.2975334 2026 01 15 04 21 41.84
0 -11008.94219    165.50858 -22976.36397  -0.7083074  -3.0759729   0.3086088 2026 01 15 04 22 01.84
0 -11023.15658    104.00960 -22970.08111  -0.7131399  -3.0739504   0.3196809 2026 01 15 04 22 21.84
0 -11037.46751     42.55145 -22963.57684  -0.7179613  -3.0718908   0.3307498 2026 01 15 04 22 41.84
0 -11051.87475    -18.86515 -22956.85123  -0.7227712  -3.0697940   0.3418153 2026 01 15 04 23 01.84
0 -11066.37808    -80.23943 -22949.90434  -0.7275697  -3.0676602   0.3528773 2026 01 15 04 23 21.84
0 -11080.97726   -141.57067 -22942.73625  -0.7323565  -3.0654894   0.3639357 2026 01 15 04 23 41.84
0 -11095.67206   -202.85813 -22935.34703  -0.7371315  -3.0632816   0.3749904 2026 01 15 04 24 01.84
0 -11110.46224   -264.10106 -22927.73675  -0.7418946  -3.0610369   0.3860413 2026 01 15 04 24 21.84
0 -11125.34757   -325.29873 -22919.90550  -0.7466456  -3.0587553   0.3970883 2026 01 15 04 24 41.84
0 -11140.32779   -386.45039 -22911.85335  -0.7513844  -3.0564370   0.4081312 2026 01 15 04 25 01.84
0 -11155.40266   -447.55533 -22903.58038  -0.7561108  -3.0540819   0.4191700 2026 01 15 04 25 21.84
0 -11170.57194   -508.61279 -22895.08668  -0.7608248  -3.0516900   0.4302046 2026 01 15 04 25 41.84
0 -11185.83537   -569.62205 -22886.37233  -0.7655261  -3.0492616   0.4412348 2026 01 15 04 26 01.84
0 -11201.19270   -630.58238 -22877.43742  -0.7702146  -3.0467966   0.4522605 2026 01 15 04 26 21.84
0 -11216.64367   -691.49304 -22868.28204  -0.7748902  -3.0442950   0.4632817 2026 01 15 04 26 41.84
0 -11232.18802   -752.35330 -22858.90629  -0.7795527  -3.0417570   0.4742983 2026 01 15 04 27 01.84
0 -11247.82549   -813.16244 -22849.31026  -0.7842020  -3.0391825   0.4853100 2026 01 15 04 27 21.84
0 -11263.55581   -873.91973 -22839.49404  -0.7888379  -3.0365717   0.4963169 2026 01 15 04 27 41.84
0 -11279.37872   -934.62444 -22829.45773  -0.7934604  -3.0339246   0.5073188 2026 01 15 04 28 01.84
0 -11295.29394   -995.27585 -22819.20144  -0.7980692  -3.0312413   0.5183156 2026 01 15 04 28 21.84
0 -11311.30119  -1055.87322 -22808.72526  -0.8026643  -3.0285218   0.5293072 2026 01 15 04 28 41.84
0 -11327.40021  -1116.41585 -22798.02931  -0.8072454  -3.0257662   0.5402935 2026 01 15 04 29 01.84
0 -11343.59072  -1176.90301 -22787.11368  -0.8118125  -3.0229746   0.5512744 2026 01 15 04 29 21.84
0 -11359.87242  -1237.33397 -22775.97849  -0.8163654  -3.0201470   0.5622497 2026 01 15 04 29 41.84
0 -11376.24504  -1297.70802 -22764.62385  -0.8209040  -3.0172834   0.5732195 2026 01 15 04 30 01.84
0 -11392.70829  -1358.02444 -22753.04988  -0.8254281  -3.0143841   0.5841835 2026 01 15 04 30 21.84
0 -11409.26187  -1418.28251 -22741.25668  -0.8299377  -3.0114489   0.5951417 2026 01 15 04 30 41.84
0 -11425.90550  -1478.48153 -22729.24438  -0.8344324  -3.0084780   0.6060940 2026 01 15 04 31 01.84
0 -11442.63887  -1538.62077 -22717.01310  -0.8389123  -3.0054714   0.6170402 2026 01 15 04 31 21.84
0 -11459.46170  -1598.69952 -22704.56295  -0.8433772  -3.0024293   0.6279802 2026 01 15 04 31 41.84
0 -11476.37366  -1658.71708 -22691.89407  -0.8478270  -2.9993516   0.6389140 2026 01 15 04 32 01.84
0 -11493.37448  -1718.67273 -22679.00657  -0.8522614  -2.9962385   0.6498415 2026 01 15 04 32 21.84
0 -11510.46382  -1778.56576 -22665.90059  -0.8566804  -2.9930900   0.6607625 2026 01 15 04 32 41.84
0 -11527.64139  -1838.39547 -22652.57626  -0.8610839  -2.9899062   0.6716769 2026 01 15 04 33 01.84
0 -11544.90687  -1898.16114 -22639.03370  -0.8654716  -2.9866871   0.6825846 2026 01 15 04 33 21.84
0 -11562.25995  -1957.86209 -22625.27306  -0.8698436  -2.9834329   0.6934856 2026 01 15 04 33 41.84
0 -11579.70031  -2017.49760 -22611.29447  -0.8741995  -2.9801435   0.7043797 2026 01 15 04 34 01.84
0 -11597.22763  -2077.06698 -22597.09807  -0.8785394  -2.9768192   0.7152668 2026 01 15 04 34 21.84
0 -11614.84159  -2136.56952 -22582.68400  -0.8828630  -2.9734599   0.7261468 2026 01 15 04 34 41.84
0 -11632.54185  -2196.00452 -22568.05240  -0.8871703  -2.9700657   0.7370196 2026 01 15 04 35 01.84
0 -11650.32809  -2255.37129 -22553.20342  -0.8914610  -2.9666367   0.7478851 2026 01 15 04 35 21.84
0 -11668.19998  -2314.66913 -22538.13721  -0.8957352  -2.9631730   0.7587431 2026 01 15 04 35 41.84
0 -11686.15719  -2373.89736 -22522.85390  -0.8999925  -2.9596746   0.7695937 2026 01 15 04 36 01.84
0 -11704.19938  -2433.05527 -22507.35367  -0.9042330  -2.9561416   0.7804367 2026 01 15 04 36 21.84
0 -11722.32620  -2492.14217 -22491.63665  -0.9084564  -2.9525742   0.7912719 2026 01 15 04 36 41.84
0 -11740.53732  -2551.15739 -22475.70301  -0.9126626  -2.9489723   0.8020993 2026 01 15 04 37 01.84
0 -11758.83240  -2610.10022 -22459.55290  -0.9168516  -2.9453361   0.8129188 2026 01 15 04 37 21.84
0 -11777.21108  -2668.96999 -22443.18648  -0.9210231  -2.9416656   0.8237302 2026 01 15 04 37 41.84
0 -11795.67301  -2727.76600 -22426.60391  -0.9251771  -2.9379609   0.8345335 2026 01 15 04 38 01.84
0 -11814.21785  -2786.48758 -22409.80536  -0.9293134  -2.9342221   0.8453286 2026 01 15 04 38 21.84
0 -11832.84523  -2845.13404 -22392.79099  -0.9334318  -2.9304493   0.8561153 2026 01 15 04 38 41.84
0 -11851.55481  -2903.70471 -22375.56098  -0.9375324  -2.9266426   0.8668936 2026 01 15 04 39 01.84
0 -11870.34621  -2962.19890 -22358.11548  -0.9416148  -2.9228020   0.8776633 2026 01 15 04 39 21.84
0 -11889.21908  -3020.61595 -22340.45468  -0.9456790  -2.9189276   0.8884244 2026 01 15 04 39 41.84
0 -11908.17306  -3078.95517 -22322.57874  -0.9497249  -2.9150195   0.8991767 2026 01 15 04 40 01.84
0 -11927.20777  -3137.21589 -22304.48785  -0.9537524  -2.9110778   0.9099201 2026 01 15 04 40 21.84
0 -11946.32284  -3195.39745 -22286.18218  -0.9577612  -2.9071026   0.9206546 2026 01 15 04 40 41.84
0 -11965.51790  -3253.49916 -22267.66191  -0.9617513  -2.9030939   0.9313800 2026 01 15 04 41 01.84
0 -11984.79257  -3311.52037 -22248.92723  -0.9657226  -2.8990519   0.9420962 2026 01 15 04 41 21.84
0 -12004.14648  -3369.46040 -22229.97831  -0.9696749  -2.8949766   0.9528032 2026 01 15 04 41 41.84
0 -12023.57925  -3427.31860 -22210.81535  -0.9736081  -2.8908682   0.9635008 2026 01 15 04 42 01.84
0 -12043.09049  -3485.09430 -22191.43854  -0.9775221  -2.8867266   0.9741889 2026 01 15 04 42 21.84
0 -12062.67981  -3542.78684 -22171.84806  -0.9814168  -2.8825521   0.9848674 2026 01 15 04 42 41.84
0 -12082.34684  -3600.39555 -22152.04410  -0.9852919  -2.8783446   0.9955362 2026 01 15 04 43 01.84
0 -12102.09117  -3657.91979 -22132.02687  -0.9891475  -2.8741043   1.0061952 2026 01 15 04 43 21.84
0 -12121.91242  -3715.35890 -22111.79656  -0.9929834  -2.8698313   1.0168444 2026 01 15 04 43 41.84
0 -12141.81018  -3772.71222 -22091.35336  -0.9967994  -2.8655256   1.0274835 2026 01 15 04 44 01.84
0 -12161.78407  -3829.97910 -22070.69748  -1.0005954  -2.8611873   1.0381126 2026 01 15 04 44 21.84
0 -12181.83367  -3887.15889 -22049.82913  -1.0043713  -2.8568166   1.0487315 2026 01 15 04 44 41.84
0 -12201.95859  -3944.25094 -22028.74850  -1.0081271  -2.8524136   1.0593400 2026 01 15 04 45 01.84
0 -12222.15843  -4001.25461 -22007.45580  -1.0118625  -2.8479782   1.0699382 2026 01 15 04 45 21.84
0 -12242.43277  -4058.16925 -21985.95125  -1.0155774  -2.8435107   1.0805258 2026 01 15 04 45 41.84
0 -12262.78120  -4114.99422 -21964.23505  -1.0192717  -2.8390111   1.0911029 2026 01 15 04 46 01.84
0 -12283.20331  -4171.72888 -21942.30742  -1.0229454  -2.8344795   1.1016692 2026 01 15 04 46 21.84
0 -12303.69869  -4228.37258 -21920.16857  -1.0265982  -2.8299160   1.1122247 2026 01 15 04 46 41.84
0 -12324.26691  -4284.92470 -21897.81872  -1.0302301  -2.8253207   1.1227694 2026 01 15 04 47 01.84
0 -12344.90756  -4341.38460 -21875.25808  -1.0338410  -2.8206937   1.1333030 2026 01 15 04 47 21.84
0 -12365.62022  -4397.75164 -21852.48689  -1.0374306  -2.8160350   1.1438255 2026 01 15 04 47 41.84
0 -12386.40446  -4454.02519 -21829.50536  -1.0409990  -2.8113449   1.1543368 2026 01 15 04 48 01.84
0 -12407.25985  -4510.20462 -21806.31372  -1.0445459  -2.8066234   1.1648368 2026 01 15 04 48 21.84
0 -12428.18596  -4566.28931 -21782.91219  -1.0480713  -2.8018705   1.1753253 2026 01 15 04 48 41.84
0 -12449.18237  -4622.27864 -21759.30101  -1.0515751  -2.7970865   1.1858024 2026 01 15 04 49 01.84
0 -12470.24864  -4678.17197 -21735.48040  -1.0550571  -2.7922713   1.1962678 2026 01 15 04 49 21.84
0 -12491.38432  -4733.96869 -21711.45060  -1.0585172  -2.7874251   1.2067215 2026 01 15 04 49 41.84
0 -12512.58899  -4789.66817 -21687.21185  -1.0619553  -2.7825481   1.2171634 2026 01 15 04 50 01.84
0 -12533.86220  -4845.26981 -21662.76437  -1.0653713  -2.7776402   1.2275934 2026 01 15 04 50 21.84
0 -12555.20351  -4900.77298 -21638.10842  -1.0687651  -2.7727016   1.2380114 2026 01 15 04 50 41.84
0 -12576.61247  -4956.17707 -21613.24423  -1.0721365  -2.7677324   1.2484173 2026 01 15 04 51 01.84
0 -12598.08864  -5011.48147 -21588.17205  -1.0754855  -2.7627327   1.2588109 2026 01 15 04 51 21.84
0 -12619.63156  -5066.68558 -21562.89212  -1.0788119  -2.7577026   1.2691922 2026 01 15 04 51 41.84
0 -12641.24078  -5121.78878 -21537.40468  -1.0821156  -2.7526422   1.2795611 2026 01 15 04 52 01.84
0 -12662.91585  -5176.79047 -21511.71000  -1.0853966  -2.7475516   1.2899175 2026 01 15 04 52 21.84
0 -12684.65631  -5231.69005 -21485.80831  -1.0886546  -2.7424310   1.3002613 2026 01 15 04 52 41.84
0 -12706.46169  -5286.48692 -21459.69988  -1.0918896  -2.7372804   1.3105924 2026 01 15 04 53 01.84
0 -12728.33155  -5341.18048 -21433.38495  -1.0951014  -2.7320999   1.3209106 2026 01 15 04 53 21.84
0 -12750.26541  -5395.77013 -21406.86378  -1.0982901  -2.7268897   1.3312160 2026 01 15 04 53 41.84
0 -12772.26282  -5450.25528 -21380.13664  -1.1014553  -2.7216498   1.3415083 2026 01 15 04 54 01.84
0 -12794.32329  -5504.63533 -21353.20379  -1.1045972  -2.7163804   1.3517876 2026 01 15 04 54 21.84
0 -12816.44636  -5558.90971 -21326.06548  -1.1077154  -2.7110815   1.3620536 2026 01 15 04 54 41.84
0 -12838.63157  -5613.07781 -21298.72199  -1.1108100  -2.7057533   1.3723063 2026 01 15 04 55 01.84
0 -12860.87842  -5667.13906 -21271.17357  -1.1138807  -2.7003959   1.3825456 2026 01 15 04 55 21.84
0 -12883.18646  -5721.09287 -21243.42051  -1.1169276  -2.6950095   1.3927715 2026 01 15 04 55 41.84
0 -12905.55519  -5774.93866 -21215.46307  -1.1199505  -2.6895940   1.4029837 2026 01 15 04 56 01.84
0 -12927.98414  -5828.67585 -21187.30151  -1.1229493  -2.6841496   1.4131822 2026 01 15 04 56 21.84
0 -12950.47282  -5882.30387 -21158.93613  -1.1259239  -2.6786765   1.4233670 2026 01 15 04 56 41.84
0 -12973.02075  -5935.82214 -21130.36719  -1.1288741  -2.6731747   1.4335378 2026 01 15 04 57 01.84
0 -12995.62744  -5989.23008 -21101.59498  -1.1317999  -2.6676444   1.4436946 2026 01 15 04 57 21.84
0 -13018.29240  -6042.52714 -21072.61977  -1.1347012  -2.6620857   1.4538374 2026 01 15 04 57 41.84
0 -13041.01515  -6095.71274 -21043.44184  -1.1375779  -2.6564986   1.4639660 2026 01 15 04 58 01.84
0 -13063.79518  -6148.78632 -21014.06149  -1.1404298  -2.6508834   1.4740803 2026 01 15 04 58 21.84
0 -13086.63199  -6201.74731 -20984.47900  -1.1432569  -2.6452400   1.4841802 2026 01 15 04 58 41.84
0 -13109.52511  -6254.59515 -20954.69465  -1.1460590  -2.6395688   1.4942657 2026 01 15 04 59 01.84
0 -13132.47401  -6307.32929 -20924.70875  -1.1488361  -2.6338696   1.5043366 2026 01 15 04 59 21.84
0 -13155.47821  -6359.94917 -20894.52157  -1.1515880  -2.6281427   1.5143928 2026 01 15 04 59 41.84
0 -13178.53719  -6412.45424 -20864.13341  -1.1543147  -2.6223882   1.5244343 2026 01 15 05 00 01.84
0 -13201.65045  -6464.84394 -20833.54457  -1.1570161  -2.6166063   1.5344609 2026 01 15 05 00 21.84
0 -13224.81749  -6517.11773 -20802.75536  -1.1596920  -2.6107969   1.5444725 2026 01 15 05 00 41.84
0 -13248.03779  -6569.27506 -20771.76606  -1.1623424  -2.6049603   1.5544691 2026 01 15 05 01 01.84
0 -13271.31084  -6621.31539 -20740.57698  -1.1649671  -2.5990965   1.5644505 2026 01 15 05 01 21.84
0 -13294.63612  -6673.23817 -20709.18842  -1.1675661  -2.5932057   1.5744167 2026 01 15 05 01 41.84
0 -13318.01313  -6725.04286 -20677.60070  -1.1701392  -2.5872881   1.5843676 2026 01 15 05 02 01.84
0 -13341.44134  -6776.72894 -20645.81411  -1.1726864  -2.5813436   1.5943031 2026 01 15 05 02 21.84
0 -13364.92024  -6828.29586 -20613.82897  -1.1752075  -2.5753725   1.6042230 2026 01 15 05 02 41.84
0 -13388.44930  -6879.74309 -20581.64559  -1.1777026  -2.5693748   1.6141273 2026 01 15 05 03 01.84
0 -13412.02800  -6931.07010 -20549.26428  -1.1801714  -2.5633507   1.6240158 2026 01 15 05 03 21.84
0 -13435.65581  -6982.27637 -20516.68535  -1.1826139  -2.5573004   1.6338886 2026 01 15 05 03 41.84
0 -13459.33220  -7033.36138 -20483.90914  -1.1850299  -2.5512239   1.6437455 2026 01 15 05 04 01.84
0 -13483.05666  -7084.32459 -20450.93594  -1.1874195  -2.5451213   1.6535863 2026 01 15 05 04 21.84
0 -13506.82864  -7135.16549 -20417.76609  -1.1897825  -2.5389928   1.6634111 2026 01 15 05 04 41.84
0 -13530.64761  -7185.88356 -20384.39990  -1.1921187  -2.5328385   1.6732197 2026 01 15 05 05 01.84
0 -13554.51304  -7236.47829 -20350.83771  -1.1944282  -2.5266585   1.6830120 2026 01 15 05 05 21.84
0 -13578.42439  -7286.94917 -20317.07984  -1.1967108  -2.5204530   1.6927879 2026 01 15 05 05 41.84
0 -13602.38112  -7337.29568 -20283.12661  -1.1989665  -2.5142221   1.7025474 2026 01 15 05 06 01.84
0 -13626.38270  -7387.51732 -20248.97836  -1.2011950  -2.5079659   1.7122903 2026 01 15 05 06 21.84
0 -13650.42857  -7437.61358 -20214.63542  -1.2033965  -2.5016845   1.7220165 2026 01 15 05 06 41.84
0 -13674.51821  -7487.58397 -20180.09812  -1.2055706  -2.4953781   1.7317260 2026 01 15 05 07 01.84
0 -13698.65105  -7537.42798 -20145.36680  -1.2077175  -2.4890468   1.7414187 2026 01 15 05 07 21.84
0 -13722.82656  -7587.14511 -20110.44180  -1.2098369  -2.4826907   1.7510944 2026 01 15 05 07 41.84
0 -13747.04418  -7636.73488 -20075.32345  -1.2119289  -2.4763099   1.7607531 2026 01 15 05 08 01.84
0 -13771.30336  -7686.19679 -20040.01210  -1.2139932  -2.4699046   1.7703947 2026 01 15 05 08 21.84
0 -13795.60356  -7735.53034 -20004.50809  -1.2160299  -2.4634749   1.7800191 2026 01 15 05 08 41.84
0 -13819.94421  -7784.73506 -19968.81177  -1.2180388  -2.4570210   1.7896262 2026 01 15 05 09 01.84
0 -13844.32476  -7833.81046 -19932.92348  -1.2200199  -2.4505429   1.7992159 2026 01 15 05 09 21.84
0 -13868.74466  -7882.75606 -19896.84357  -1.2219730  -2.4440408   1.8087881 2026 01 15 05 09 41.84
0 -13893.20333  -7931.57138 -19860.57240  -1.2238981  -2.4375148   1.8183427 2026 01 15 05 10 01.84
0 -13917.70023  -7980.25594 -19824.11031  -1.2257952  -2.4309651   1.8278797 2026 01 15 05 10 21.84
0 -13942.23479  -8028.80927 -19787.45765  -1.2276640  -2.4243918   1.8373989 2026 01 15 05 10 41.84
0 -13966.80644  -8077.23090 -19750.61480  -1.2295046  -2.4177950   1.8469003 2026 01 15 05 11 01.84
0 -13991.41462  -8125.52036 -19713.58209  -1.2313168  -2.4111748   1.8563837 2026 01 15 05 11 21.84
0 -14016.05876  -8173.67719 -19676.35990  -1.2331006  -2.4045315   1.8658491 2026 01 15 05 11 41.84
0 -14040.73830  -8221.70092 -19638.94858  -1.2348559  -2.3978651   1.8752964 2026 01 15 05 12 01.84
0 -14065.45265  -8269.59109 -19601.34850  -1.2365826  -2.3911757   1.8847255 2026 01 15 05 12 21.84
0 -14090.20125  -8317.34724 -19563.56002  -1.2382806  -2.3844635   1.8941362 2026 01 15 05 12 41.84
0 -14114.98352  -8364.96893 -19525.58351  -1.2399499  -2.3777286   1.9035286 2026 01 15 05 13 01.84
0 -14139.79890  -8412.45569 -19487.41934  -1.2415904  -2.3709713   1.9129025 2026 01 15 05 13 21.84
0 -14164.64679  -8459.80708 -19449.06787  -1.2432020  -2.3641915   1.9222579 2026 01 15 05 13 41.84
0 -14189.52663  -8507.02265 -19410.52949  -1.2447846  -2.3573894   1.9315945 2026 01 15 05 14 01.84
0 -14214.43782  -8554.10196 -19371.80456  -1.2463381  -2.3505652   1.9409125 2026 01 15 05 14 21.84
0 -14239.37980  -8601.04457 -19332.89346  -1.2478625  -2.3437190   1.9502116 2026 01 15 05 14 41.84
0 -14264.35198  -8647.85003 -19293.79656  -1.2493578  -2.3368509   1.9594918 2026 01 15 05 15 01.84
0 -14289.35376  -8694.51792 -19254.51426  -1.2508237  -2.3299612   1.9687529 2026 01 15 05 15 21.84
0 -14314.38457  -8741.04779 -19215.04692  -1.2522603  -2.3230498   1.9779950 2026 01 15 05 15 41.84
0 -14339.44382  -8787.43923 -19175.39494  -1.2536674  -2.3161170   1.9872179 2026 01 15 05 16 01.84
0 -14364.53092  -8833.69179 -19135.55869  -1.2550451  -2.3091629   1.9964215 2026 01 15 05 16 21.84
0 -14389.64528  -8879.80506 -19095.53856  -1.2563932  -2.3021876   2.0056057 2026 01 15 05 16 41.84
0 -14414.78630  -8925.77862 -19055.33494  -1.2577116  -2.2951914   2.0147705 2026 01 15 05 17 01.84
0 -14439.95339  -8971.61204 -19014.94822  -1.2590004  -2.2881742   2.0239158 2026 01 15 05 17 21.84
0 -14465.14596  -9017.30491 -18974.37880  -1.2602593  -2.2811362   2.0330414 2026 01 15 05 17 41.84
0 -14490.36342  -9062.85681 -18933.62706  -1.2614885  -2.2740777   2.0421473 2026 01 15 05 18 01.84
0 -14515.60515  -9108.26734 -18892.69340  -1.2626876  -2.2669987   2.0512334 2026 01 15 05 18 21.84
0 -14540.87057  -9153.53609 -18851.57821  -1.2638569  -2.2598994   2.0602997 2026 01 15 05 18 41.84
0 -14566.15908  -9198.66265 -18810.28190  -1.2649960  -2.2527799   2.0693459 2026 01 15 05 19 01.84
0 -14591.47007  -9243.64662 -18768.80487  -1.2661050  -2.2456403   2.0783722 2026 01 15 05 19 21.84
0 -14616.80293  -9288.48760 -18727.14752  -1.2671839  -2.2384809   2.0873782 2026 01 15 05 19 41.84
0 -14642.15707  -9333.18519 -18685.31024  -1.2682325  -2.2313017   2.0963641 2026 01 15 05 20 01.84
0 -14667.53188  -9377.73900 -18643.29346  -1.2692508  -2.2241029   2.1053296 2026 01 15 05 20 21.84
0 -14692.92675  -9422.14864 -18601.09756  -1.2702387  -2.2168846   2.1142747 2026 01 15 05 20 41.84
0 -14718.34108  -9466.41373 -18558.72297  -1.2711961  -2.2096470   2.1231993 2026 01 15 05 21 01.84
0 -14743.77425  -9510.53386 -18516.17010  -1.2721230  -2.2023902   2.1321034 2026 01 15 05 21 21.84
0 -14769.22565  -9554.50868 -18473.43935  -1.2730194  -2.1951143   2.1409868 2026 01 15 05 21 41.84
0 -14794.69468  -9598.33778 -18430.53114  -1.2738852  -2.1878196   2.1498495 2026 01 15 05 22 01.84
0 -14820.18071  -9642.02081 -18387.44588  -1.2747202  -2.1805061   2.1586913 2026 01 15 05 22 21.84
0 -14845.68314  -9685.55738 -18344.18400  -1.2755245  -2.1731740   2.1675123 2026 01 15 05 22 41.84
0 -14871.20134  -9728.94712 -18300.74591  -1.2762980  -2.1658235   2.1763122 2026 01 15 05 23 01.84
0 -14896.73471  -9772.18967 -18257.13203  -1.2770406  -2.1584546   2.1850911 2026 01 15 05 23 21.84
0 -14922.28262  -9815.28466 -18213.34278  -1.2777523  -2.1510676   2.1938489 2026 01 15 05 23 41.84
0 -14947.84446  -9858.23173 -18169.37860  -1.2784330  -2.1436625   2.2025853 2026 01 15 05 24 01.84
0 -14973.41960  -9901.03052 -18125.23990  -1.2790826  -2.1362396   2.2113005 2026 01 15 05 24 21.84
0 -14999.00742  -9943.68068 -18080.92711  -1.2797012  -2.1287990   2.2199942 2026 01 15 05 24 41.84
0 -15024.60730  -9986.18184 -18036.44066  -1.2802886  -2.1213407   2.2286665 2026 01 15 05 25 01.84
0 -15050.21861 -10028.53367 -17991.78098  -1.2808447  -2.1138651   2.2373172 2026 01 15 05 25 21.84
0 -15075.84074 -10070.73581 -17946.94850  -1.2813697  -2.1063721   2.2459462 2026 01 15 05 25 41.84
0 -15101.47305 -10112.78793 -17901.94366  -1.2818633  -2.0988620   2.2545535 2026 01 15 05 26 01.84
0 -15127.11493 -10154.68967 -17856.76690  -1.2823255  -2.0913350   2.2631390 2026 01 15 05 26 21.84
0 -15152.76573 -10196.44070 -17811.41864  -1.2827563  -2.0837910   2.2717026 2026 01 15 05 26 41.84
0 -15178.42483 -10238.04068 -17765.89933  -1.2831556  -2.0762304   2.2802442 2026 01 15 05 27 01.84
0 -15204.09161 -10279.48929 -17720.20941  -1.2835234  -2.0686533   2.2887637 2026 01 15 05 27 21.84
0 -15229.76543 -10320.78619 -17674.34933  -1.2838596  -2.0610597   2.2972611 2026 01 15 05 27 41.84
0 -15255.44565 -10361.93106 -17628.31951  -1.2841642  -2.0534499   2.3057363 2026 01 15 05 28 01.84
0 -15281.13165 -10402.92357 -17582.12042  -1.2844371  -2.0458241   2.3141892 2026 01 15 05 28 21.84
0 -15306.82279 -10443.76340 -17535.75249  -1.2846783  -2.0381822   2.3226197 2026 01 15 05 28 41.84
0 -15332.51844 -10484.45024 -17489.21618  -1.2848877  -2.0305246   2.3310277 2026 01 15 05 29 01.84
0 -15358.21796 -10524.98377 -17442.51194  -1.2850653  -2.0228513   2.3394132 2026 01 15 05 29 21.84
0 -15383.92071 -10565.36368 -17395.64021  -1.2852110  -2.0151626   2.3477760 2026 01 15 05 29 41.84
0 -15409.62606 -10605.58966 -17348.60146  -1.2853248  -2.0074585   2.3561162 2026 01 15 05 30 01.84
0 -15435.33336 -10645.66141 -17301.39612  -1.2854067  -1.9997392   2.3644335 2026 01 15 05 30 21.84
0 -15461.04199 -10685.57862 -17254.02467  -1.2854565  -1.9920049   2.3727281 2026 01 15 05 30 41.84
0 -15486.75128 -10725.34100 -17206.48756  -1.2854743  -1.9842557   2.3809996 2026 01 15 05 31 01.84
0 -15512.46062 -10764.94825 -17158.78525  -1.2854600  -1.9764917   2.3892482 2026 01 15 05 31 21.84
0 -15538.16935 -10804.40007 -17110.91820  -1.2854136  -1.9687132   2.3974736 2026 01 15 05 31 41.84
0 -15563.87683 -10843.69618 -17062.88687  -1.2853351  -1.9609202   2.4056759 2026 01 15 05 32 01.84
0 -15589.58241 -10882.83628 -17014.69173  -1.2852243  -1.9531130   2.4138550 2026 01 15 05 32 21.84
0 -15615.28546 -10921.82010 -16966.33325  -1.2850812  -1.9452917   2.4220107 2026 01 15 05 32 41.84
0 -15640.98532 -10960.64736 -16917.81188  -1.2849059  -1.9374564   2.4301430 2026 01 15 05 33 01.84
0 -15666.68136 -10999.31777 -16869.12810  -1.2846982  -1.9296072   2.4382518 2026 01 15 05 33 21.84
0 -15692.37292 -11037.83106 -16820.28238  -1.2844581  -1.9217444   2.4463370 2026 01 15 05 33 41.84
0 -15718.05935 -11076.18695 -16771.27520  -1.2841857  -1.9138681   2.4543986 2026 01 15 05 34 01.84
0 -15743.74001 -11114.38519 -16722.10702  -1.2838808  -1.9059784   2.4624365 2026 01 15 05 34 21.84
0 -15769.41425 -11152.42551 -16672.77832  -1.2835434  -1.8980756   2.4704506 2026 01 15 05 34 41.84
0 -15795.08141 -11190.30763 -16623.28958  -1.2831735  -1.8901597   2.4784409 2026 01 15 05 35 01.84
0 -15820.74085 -11228.03131 -16573.64127  -1.2827711  -1.8822309   2.4864072 2026 01 15 05 35 21.84
0 -15846.39192 -11265.59629 -16523.83387  -1.2823361  -1.8742893   2.4943495 2026 01 15 05 35 41.84
0 -15872.03396 -11303.00231 -16473.86788  -1.2818684  -1.8663352   2.5022677 2026 01 15 05 36 01.84
0 -15897.66633 -11340.24912 -16423.74376  -1.2813681  -1.8583687   2.5101617 2026 01 15 05 36 21.84
0 -15923.28836 -11377.33649 -16373.46200  -1.2808352  -1.8503899   2.5180315 2026 01 15 05 36 41.84
0 -15948.89940 -11414.26415 -16323.02309  -1.2802695  -1.8423989   2.5258770 2026 01 15 05 37 01.84
0 -15974.49881 -11451.03187 -16272.42752  -1.2796711  -1.8343960   2.5336980 2026 01 15 05 37 21.84
0 -16000.08592 -11487.63942 -16221.67577  -1.2790399  -1.8263813   2.5414946 2026 01 15 05 37 41.84
0 -16025.66007 -11524.08656 -16170.76833  -1.2783758  -1.8183550   2.5492667 2026 01 15 05 38 01.84
0 -16051.22062 -11560.37306 -16119.70570  -1.2776790  -1.8103172   2.5570142 2026 01 15 05 38 21.84
0 -16076.76691 -11596.49869 -16068.48836  -1.2769493  -1.8022680   2.5647370 2026 01 15 05 38 41.84
0 -16102.29827 -11632.46322 -16017.11682  -1.2761867  -1.7942077   2.5724350 2026 01 15 05 39 01.84
0 -16127.81405 -11668.26644 -15965.59157  -1.2753912  -1.7861363   2.5801082 2026 01 15 05 39 21.84
0 -16153.31359 -11703.90812 -15913.91310  -1.2745628  -1.7780541   2.5877565 2026 01 15 05 39 41.84
0 -16178.79624 -11739.38804 -15862.08192  -1.2737014  -1.7699611   2.5953798 2026 01 15 05 40 01.84
0 -16204.26132 -11774.70601 -15810.09852  -1.2728070  -1.7618576   2.6029780 2026 01 15 05 40 21.84
0 -16229.70819 -11809.86180 -15757.96340  -1.2718796  -1.7537437   2.6105512 2026 01 15 05 40 41.84
0 -16255.13619 -11844.85521 -15705.67708  -1.2709192  -1.7456196   2.6180991 2026 01 15 05 41 01.84
0 -16280.54464 -11879.68604 -15653.24005  -1.2699257  -1.7374854   2.6256218 2026 01 15 05 41 21.84
0 -16305.93289 -11914.35408 -15600.65283  -1.2688992  -1.7293413   2.6331192 2026 01 15 05 41 41.84
0 -16331.30029 -11948.85915 -15547.91590  -1.2678395  -1.7211874   2.6405911 2026 01 15 05 42 01.84
0 -16356.64615 -11983.20104 -15495.02980  -1.2667467  -1.7130239   2.6480376 2026 01 15 05 42 21.84
0 -16381.96984 -12017.37957 -15441.99502  -1.2656208  -1.7048510   2.6554585 2026 01 15 05 42 41.84
0 -16407.27067 -12051.39454 -15388.81208  -1.2644618  -1.6966688   2.6628538 2026 01 15 05 43 01.84
0 -16432.54799 -12085.24578 -15335.48149  -1.2632695  -1.6884774   2.6702235 2026 01 15 05 43 21.84
0 -16457.80113 -12118.93311 -15282.00377  -1.2620441  -1.6802771   2.6775673 2026 01 15 05 43 41.84
0 -16483.02943 -12152.45633 -15228.37943  -1.2607855  -1.6720680   2.6848854 2026 01 15 05 44 01.84
0 -16508.23223 -12185.81529 -15174.60898  -1.2594936  -1.6638502   2.6921775 2026 01 15 05 44 21.84
0 -16533.40886 -12219.00981 -15120.69295  -1.2581685  -1.6556239   2.6994437 2026 01 15 05 44 41.84
0 -16558.55866 -12252.03972 -15066.63186  -1.2568102  -1.6473893   2.7066839 2026 01 15 05 45 01.84
0 -16583.68096 -12284.90486 -15012.42623  -1.2554185  -1.6391464   2.7138979 2026 01 15 05 45 21.84
0 -16608.77509 -12317.60506 -14958.07658  -1.2539936  -1.6308956   2.7210858 2026 01 15 05 45 41.84
0 -16633.84039 -12350.14017 -14903.58344  -1.2525355  -1.6226369   2.7282475 2026 01 15 05 46 01.84
0 -16658.87619 -12382.51002 -14848.94732  -1.2510440  -1.6143706   2.7353828 2026 01 15 05 46 21.84
0 -16683.88184 -12414.71447 -14794.16876  -1.2495192  -1.6060966   2.7424918 2026 01 15 05 46 41.84
0 -16708.85665 -12446.75337 -14739.24829  -1.2479610  -1.5978153   2.7495743 2026 01 15 05 47 01.84
0 -16733.79997 -12478.62658 -14684.18643  -1.2463696  -1.5895268   2.7566304 2026 01 15 05 47 21.84
0 -16758.71113 -12510.33394 -14628.98372  -1.2447448  -1.5812312   2.7636598 2026 01 15 05 47 41.84
0 -16783.58945 -12541.87532 -14573.64068  -1.2430866  -1.5729287   2.7706627 2026 01 15 05 48 01.84
0 -16808.43428 -12573.25058 -14518.15786  -1.2413951  -1.5646195   2.7776388 2026 01 15 05 48 21.84
0 -16833.24495 -12604.45959 -14462.53578  -1.2396702  -1.5563037   2.7845881 2026 01 15 05 48 41.84
0 -16858.02079 -12635.50223 -14406.77499  -1.2379120  -1.5479814   2.7915107 2026 01 15 05 49 01.84
0 -16882.76113 -12666.37835 -14350.87601  -1.2361204  -1.5396529   2.7984063 2026 01 15 05 49 21.84
0 -16907.46530 -12697.08784 -14294.83939  -1.2342954  -1.5313183   2.8052749 2026 01 15 05 49 41.84
0 -16932.13264 -12727.63059 -14238.66567  -1.2324370  -1.5229777   2.8121165 2026 01 15 05 50 01.84
0 -16956.76248 -12758.00646 -14182.35538  -1.2305453  -1.5146314   2.8189311 2026 01 15 05 50 21.84
0 -16981.35415 -12788.21535 -14125.90908  -1.2286201  -1.5062794   2.8257184 2026 01 15 05 50 41.84
0 -17005.90698 -12818.25715 -14069.32730  -1.2266616  -1.4979220   2.8324786 2026 01 15 05 51 01.84
0 -17030.42031 -12848.13174 -14012.61060  -1.2246696  -1.4895593   2.8392114 2026 01 15 05 51 21.84
0 -17054.89347 -12877.83903 -13955.75951  -1.2226443  -1.4811914   2.8459170 2026 01 15 05 51 41.84
0 -17079.32579 -12907.37891 -13898.77458  -1.2205856  -1.4728185   2.8525950 2026 01 15 05 52 01.84
0 -17103.71660 -12936.75129 -13841.65637  -1.2184935  -1.4644409   2.8592457 2026 01 15 05 52 21.84
0 -17128.06524 -12965.95607 -13784.40542  -1.2163680  -1.4560585   2.8658687 2026 01 15 05 52 41.84
0 -17152.37103 -12994.99315 -13727.02229  -1.2142092  -1.4476717   2.8724642 2026 01 15 05 53 01.84
0 -17176.63331 -13023.86246 -13669.50752  -1.2120169  -1.4392805   2.8790320 2026 01 15 05 53 21.84
0 -17200.85141 -13052.56390 -13611.86168  -1.2097913  -1.4308851   2.8855721 2026 01 15 05 53 41.84
0 -17225.02467 -13081.09739 -13554.08531  -1.2075323  -1.4224857   2.8920844 2026 01 15 05 54 01.84
0 -17249.15242 -13109.46286 -13496.17898  -1.2052400  -1.4140824   2.8985689 2026 01 15 05 54 21.84
0 -17273.23398 -13137.66022 -13438.14323  -1.2029142  -1.4056755   2.9050254 2026 01 15 05 54 41.84
0 -17297.26870 -13165.68941 -13379.97863  -1.2005552  -1.3972650   2.9114540 2026 01 15 05 55 01.84
0 -17321.25590 -13193.55035 -13321.68575  -1.1981627  -1.3888511   2.9178546 2026 01 15 05 55 21.84
0 -17345.19492 -13221.24299 -13263.26513  -1.1957370  -1.3804340   2.9242270 2026 01 15 05 55 41.84
0 -17369.08510 -13248.76725 -13204.71735  -1.1932779  -1.3720139   2.9305713 2026 01 15 05 56 01.84
0 -17392.92575 -13276.12309 -13146.04296  -1.1907855  -1.3635908   2.9368874 2026 01 15 05 56 21.84
0 -17416.71623 -13303.31043 -13087.24253  -1.1882598  -1.3551650   2.9431752 2026 01 15 05 56 41.84
0 -17440.45587 -13330.32923 -13028.31664  -1.1857008  -1.3467366   2.9494347 2026 01 15 05 57 01.84
0 -17464.14399 -13357.17944 -12969.26583  -1.1831086  -1.3383058   2.9556658 2026 01 15 05 57 21.84
0 -17487.77993 -13383.86101 -12910.09069  -1.1804830  -1.3298728   2.9618685 2026 01 15 05 57 41.84
0 -17511.36303 -13410.37390 -12850.79178  -1.1778242  -1.3214376   2.9680427 2026 01 15 05 58 01.84
0 -17534.89262 -13436.71807 -12791.36967  -1.1751321  -1.3130005   2.9741883 2026 01 15 05 58 21.84
0 -17558.36804 -13462.89348 -12731.82494  -1.1724069  -1.3045617   2.9803052 2026 01 15 05 58 41.84
0 -17581.78862 -13488.90010 -12672.15816  -1.1696484  -1.2961212   2.9863935 2026 01 15 05 59 01.84
0 -17605.15370 -13514.73789 -12612.36989  -1.1668567  -1.2876793   2.9924531 2026 01 15 05 59 21.84
0 -17628.46261 -13540.40683 -12552.46073  -1.1640318  -1.2792360   2.9984839 2026 01 15 05 59 41.84
0 -17651.71470 -13565.90689 -12492.43123  -1.1611738  -1.2707916   3.0044858 2026 01 15 06 00 01.84
0 -17674.90930 -13591.23806 -12432.28199  -1.1582826  -1.2623463   3.0104588 2026 01 15 06 00 21.84
0 -17698.04574 -13616.40031 -12372.01358  -1.1553583  -1.2539001   3.0164029 2026 01 15 06 00 41.84
0 -17721.12336 -13641.39363 -12311.62658  -1.1524010  -1.2454533   3.0223179 2026 01 15 06 01 01.84
0 -17744.14151 -13666.21801 -12251.12157  -1.1494105  -1.2370060   3.0282039 2026 01 15 06 01 21.84
0 -17767.09951 -13690.87344 -12190.49913  -1.1463869  -1.2285583   3.0340607 2026 01 15 06 01 41.84
0 -17789.99672 -13715.35992 -12129.75984  -1.1433303  -1.2201105   3.0398884 2026 01 15 06 02 01.84
0 -17812.83246 -13739.67744 -12068.90430  -1.1402407  -1.2116626   3.0456868 2026 01 15 06 02 21.84
0 -17835.60609 -13763.82600 -12007.93308  -1.1371182  -1.2032149   3.0514559 2026 01 15 06 02 41.84
0 -17858.31693 -13787.80561 -11946.84677  -1.1339626  -1.1947674   3.0571957 2026 01 15 06 03 01.84
0 -17880.96433 -13811.61628 -11885.64596  -1.1307741  -1.1863205   3.0629061 2026 01 15 06 03 21.84
0 -17903.54763 -13835.25802 -11824.33124  -1.1275526  -1.1778741   3.0685870 2026 01 15 06 03 41.84
0 -17926.06618 -13858.73083 -11762.90319  -1.1242983  -1.1694286   3.0742384 2026 01 15 06 04 01.84
0 -17948.51931 -13882.03475 -11701.36241  -1.1210111  -1.1609839   3.0798603 2026 01 15 06 04 21.84
0 -17970.90637 -13905.16978 -11639.70949  -1.1176911  -1.1525404   3.0854526 2026 01 15 06 04 41.84
0 -17993.22670 -13928.13596 -11577.94503  -1.1143383  -1.1440981   3.0910151 2026 01 15 06 05 01.84
0 -18015.47965 -13950.93330 -11516.06960  -1.1109526  -1.1356573   3.0965480 2026 01 15 06 05 21.84
0 -18037.66456 -13973.56184 -11454.08382  -1.1075343  -1.1272180   3.1020511 2026 01 15 06 05 41.84
0 -18059.78077 -13996.02162 -11391.98828  -1.1040832  -1.1187804   3.1075244 2026 01 15 06 06 01.84
0 -18081.82763 -14018.31266 -11329.78357  -1.1005994  -1.1103447   3.1129678 2026 01 15 06 06 21.84
0 -18103.80450 -14040.43501 -11267.47029  -1.0970829  -1.1019111   3.1183813 2026 01 15 06 06 41.84
0 -18125.71071 -14062.38871 -11205.04904  -1.0935339  -1.0934797   3.1237648 2026 01 15 06 07 01.84
0 -18147.54561 -14084.17380 -11142.52042  -1.0899522  -1.0850506   3.1291183 2026 01 15 06 07 21.84
0 -18169.30855 -14105.79034 -11079.88503  -1.0863380  -1.0766241   3.1344417 2026 01 15 06 07 41.84
0 -18190.99889 -14127.23837 -11017.14348  -1.0826912  -1.0682002   3.1397350 2026 01 15 06 08 01.84
0 -18212.61596 -14148.51796 -10954.29636  -1.0790120  -1.0597792   3.1449981 2026 01 15 06 08 21.84
0 -18234.15913 -14169.62916 -10891.34428  -1.0753003  -1.0513612   3.1502310 2026 01 15 06 08 41.84
0 -18255.62773 -14190.57202 -10828.28785  -1.0715562  -1.0429463   3.1554336 2026 01 15 06 09 01.84
0 -18277.02114 -14211.34663 -10765.12767  -1.0677797  -1.0345347   3.1606059 2026 01 15 06 09 21.84
0 -18298.33869 -14231.95303 -10701.86435  -1.0639709  -1.0261266   3.1657479 2026 01 15 06 09 41.84
0 -18319.57974 -14252.39131 -10638.49849  -1.0601298  -1.0177222   3.1708594 2026 01 15 06 10 01.84
0 -18340.74365 -14272.66154 -10575.03071  -1.0562564  -1.0093215   3.1759405 2026 01 15 06 10 21.84
0 -18361.82976 -14292.76380 -10511.46161  -1.0523507  -1.0009247   3.1809910 2026 01 15 06 10 41.84
0 -18382.83745 -14312.69816 -10447.79180  -1.0484130  -0.9925321   3.1860110 2026 01 15 06 11 01.84
0 -18403.76605 -14332.46471 -10384.02191  -1.0444430  -0.9841437   3.1910004 2026 01 15 06 11 21.84
0 -18424.61494 -14352.06354 -10320.15253  -1.0404410  -0.9757597   3.1959591 2026 01 15 06 11 41.84
0 -18445.38347 -14371.49473 -10256.18428  -1.0364069  -0.9673802   3.2008871 2026 01 15 06 12 01.84
0 -18466.07099 -14390.75838 -10192.11779  -1.0323408  -0.9590055   3.2057844 2026 01 15 06 12 21.84
0 -18486.67688 -14409.85459 -10127.95365  -1.0282427  -0.9506357   3.2106509 2026 01 15 06 12 41.84
0 -18507.20048 -14428.78345 -10063.69249  -1.0241128  -0.9422709   3.2154865 2026 01 15 06 13 01.84
0 -18527.64117 -14447.54507  -9999.33493  -1.0199509  -0.9339112   3.2202913 2026 01 15 06 13 21.84
0 -18547.99830 -14466.13954  -9934.88159  -1.0157572  -0.9255570   3.2250651 2026 01 15 06 13 41.84
0 -18568.27124 -14484.56699  -9870.33308  -1.0115317  -0.9172082   3.2298080 2026 01 15 06 14 01.84
0 -18588.45936 -14502.82752  -9805.69002  -1.0072745  -0.9088650   3.2345199 2026 01 15 06 14 21.84
0 -18608.56201 -14520.92124  -9740.95303  -1.0029856  -0.9005277   3.2392007 2026 01 15 06 14 41.84
0 -18628.57857 -14538.84828  -9676.12274  -0.9986651  -0.8921963   3.2438504 2026 01 15 06 15 01.84
0 -18648.50840 -14556.60875  -9611.19977  -0.9943130  -0.8838711   3.2484689 2026 01 15 06 15 21.84
0 -18668.35088 -14574.20278  -9546.18474  -0.9899293  -0.8755521   3.2530563 2026 01 15 06 15 41.84
0 -18688.10537 -14591.63049  -9481.07827  -0.9855142  -0.8672396   3.2576124 2026 01 15 06 16 01.84
0 -18707.77124 -14608.89202  -9415.88099  -0.9810676  -0.8589336   3.2621372 2026 01 15 06 16 21.84
0 -18727.34787 -14625.98749  -9350.59353  -0.9765897  -0.8506343   3.2666308 2026 01 15 06 16 41.84
0 -18746.83463 -14642.91705  -9285.21652  -0.9720804  -0.8423419   3.2710930 2026 01 15 06 17 01.84
0 -18766.23089 -14659.68083  -9219.75057  -0.9675398  -0.8340566   3.2755237 2026 01 15 06 17 21.84
0 -18785.53602 -14676.27898  -9154.19633  -0.9629681  -0.8257785   3.2799231 2026 01 15 06 17 41.84
0 -18804.74941 -14692.71164  -9088.55441  -0.9583651  -0.8175077   3.2842909 2026 01 15 06 18 01.84
0 -18823.87043 -14708.97896  -9022.82545  -0.9537311  -0.8092444   3.2886273 2026 01 15 06 18 21.84
0 -18842.89846 -14725.08109  -8957.01008  -0.9490660  -0.8009887   3.2929320 2026 01 15 06 18 41.84
0 -18861.83288 -14741.01818  -8891.10893  -0.9443699  -0.7927409   3.2972052 2026 01 15 06 19 01.84
0 -18880.67307 -14756.79040  -8825.12264  -0.9396429  -0.7845009   3.3014467 2026 01 15 06 19 21.84
0 -18899.41840 -14772.39790  -8759.05183  -0.9348850  -0.7762691   3.3056565 2026 01 15 06 19 41.84
0 -18918.06828 -14787.84084  -8692.89714  -0.9300962  -0.7680456   3.3098346 2026 01 15 06 20 01.84
0 -18936.62207 -14803.11940  -8626.65921  -0.9252768  -0.7598304   3.3139810 2026 01 15 06 20 21.84
0 -18955.07916 -14818.23375  -8560.33867  -0.9204266  -0.7516239   3.3180956 2026 01 15 06 20 41.84
0 -18973.43895 -14833.18404  -8493.93615  -0.9155458  -0.7434260   3.3221783 2026 01 15 06 21 01.84
0 -18991.70081 -14847.97047  -8427.45230  -0.9106344  -0.7352369   3.3262291 2026 01 15 06 21 21.84
0 -19009.86414 -14862.59321  -8360.88776  -0.9056925  -0.7270569   3.3302480 2026 01 15 06 21 41.84
0 -19027.92833 -14877.05244  -8294.24315  -0.9007201  -0.7188861   3.3342350 2026 01 15 06 22 01.84
0 -19045.89277 -14891.34835  -8227.51913  -0.8957174  -0.7107245   3.3381900 2026 01 15 06 22 21.84
0 -19063.75686 -14905.48112  -8160.71633  -0.8906844  -0.7025724   3.3421129 2026 01 15 06 22 41.84
0 -19081.51997 -14919.45094  -8093.83538  -0.8856210  -0.6944299   3.3460038 2026 01 15 06 23 01.84
0 -19099.18153 -14933.25801  -8026.87695  -0.8805275  -0.6862971   3.3498627 2026 01 15 06 23 21.84
0 -19116.74091 -14946.90253  -7959.84165  -0.8754039  -0.6781743   3.3536893 2026 01 15 06 23 41.84
0 -19134.19752 -14960.38469  -7892.73015  -0.8702502  -0.6700615   3.3574838 2026 01 15 06 24 01.84
0 -19151.55075 -14973.70469  -7825.54308  -0.8650666  -0.6619589   3.3612461 2026 01 15 06 24 21.84
0 -19168.80001 -14986.86275  -7758.28108  -0.8598530  -0.6538666   3.3649762 2026 01 15 06 24 41.84
0 -19185.94471 -14999.85907  -7690.94481  -0.8546096  -0.6457849   3.3686740 2026 01 15 06 25 01.84
0 -19202.98424 -15012.69385  -7623.53490  -0.8493364  -0.6377138   3.3723394 2026 01 15 06 25 21.84
0 -19219.91800 -15025.36733  -7556.05201  -0.8440334  -0.6296534   3.3759726 2026 01 15 06 25 41.84
0 -19236.74542 -15037.87971  -7488.49678  -0.8387009  -0.6216040   3.3795733 2026 01 15 06 26 01.84
0 -19253.46588 -15050.23121  -7420.86986  -0.8333388  -0.6135657   3.3831417 2026 01 15 06 26 21.84
0 -19270.07881 -15062.42205  -7353.17189  -0.8279471  -0.6055386   3.3866776 2026 01 15 06 26 41.84
0 -19286.58362 -15074.45247  -7285.40354  -0.8225261  -0.5975229   3.3901810 2026 01 15 06 27 01.84
0 -19302.97971 -15086.32269  -7217.56544  -0.8170757  -0.5895187   3.3936520 2026 01 15 06 27 21.84
0 -19319.26650 -15098.03294  -7149.65824  -0.8115960  -0.5815261   3.3970904 2026 01 15 06 27 41.84
0 -19335.44340 -15109.58346  -7081.68261  -0.8060872  -0.5735454   3.4004962 2026 01 15 06 28 01.84
0 -19351.50984 -15120.97448  -7013.63918  -0.8005492  -0.5655766   3.4038694 2026 01 15 06 28 21.84
0 -19367.46523 -15132.20625  -6945.52862  -0.7949822  -0.5576199   3.4072100 2026 01 15 06 28 41.84
0 -19383.30899 -15143.27901  -6877.35157  -0.7893862  -0.5496754   3.4105179 2026 01 15 06 29 01.84
0 -19399.04054 -15154.19300  -6809.10869  -0.7837613  -0.5417433   3.4137931 2026 01 15 06 29 21.84
0 -19414.65930 -15164.94848  -6740.80063  -0.7781076  -0.5338238   3.4170356 2026 01 15 06 29 41.84
0 -19430.16470 -15175.54569  -6672.42806  -0.7724251  -0.5259169   3.4202454 2026 01 15 06 30 01.84
0 -19445.55617 -15185.98489  -6603.99161  -0.7667140  -0.5180228   3.4234223 2026 01 15 06 30 21.84
0 -19460.83313 -15196.26634  -6535.49195  -0.7609743  -0.5101417   3.4265665 2026 01 15 06 30 41.84
0 -19475.99501 -15206.39030  -6466.92974  -0.7552062  -0.5022736   3.4296778 2026 01 15 06 31 01.84
0 -19491.04125 -15216.35703  -6398.30564  -0.7494096  -0.4944188   3.4327562 2026 01 15 06 31 21.84
0 -19505.97127 -15226.16680  -6329.62029  -0.7435846  -0.4865774   3.4358017 2026 01 15 06 31 41.84
0 -19520.78451 -15235.81987  -6260.87436  -0.7377315  -0.4787495   3.4388143 2026 01 15 06 32 01.84
0 -19535.48041 -15245.31653  -6192.06851  -0.7318501  -0.4709352   3.4417940 2026 01 15 06 32 21.84
0 -19550.05840 -15254.65703  -6123.20340  -0.7259407  -0.4631348   3.4447406 2026 01 15 06 32 41.84
0 -19564.51792 -15263.84167  -6054.27968  -0.7200033  -0.4553482   3.4476543 2026 01 15 06 33 01.84
0 -19578.85841 -15272.87072  -5985.29802  -0.7140380  -0.4475758   3.4505349 2026 01 15 06 33 21.84
0 -19593.07932 -15281.74446  -5916.25908  -0.7080448  -0.4398176   3.4533824 2026 01 15 06 33 41.84
0 -19607.18009 -15290.46318  -5847.16352  -0.7020239  -0.4320737   3.4561969 2026 01 15 06 34 01.84
0 -19621.16017 -15299.02717  -5778.01200  -0.6959753  -0.4243443   3.4589782 2026 01 15 06 34 21.84
0 -19635.01900 -15307.43671  -5708.80519  -0.6898992  -0.4166296   3.4617264 2026 01 15 06 34 41.84
0 -19648.75603 -15315.69211  -5639.54375  -0.6837956  -0.4089296   3.4644415 2026 01 15 06 35 01.84
0 -19662.37072 -15323.79366  -5570.22833  -0.6776646  -0.4012445   3.4671233 2026 01 15 06 35 21.84
0 -19675.86251 -15331.74166  -5500.85961  -0.6715062  -0.3935744   3.4697720 2026 01 15 06 35 41.84
0 -19689.23087 -15339.53641  -5431.43826  -0.6653207  -0.3859196   3.4723873 2026 01 15 06 36 01.84
0 -19702.47524 -15347.17822  -5361.96492  -0.6591081  -0.3782800   3.4749695 2026 01 15 06 36 21.84
0 -19715.59509 -15354.66739  -5292.44028  -0.6528684  -0.3706559   3.4775183 2026 01 15 06 36 41.84
0 -19728.58988 -15362.00423  -5222.86499  -0.6466018  -0.3630474   3.4800338 2026 01 15 06 37 01.84
0 -19741.45907 -15369.18906  -5153.23973  -0.6403083  -0.3554546   3.4825160 2026 01 15 06 37 21.84
0 -19754.20212 -15376.22219  -5083.56516  -0.6339881  -0.3478777   3.4849648 2026 01 15 06 37 41.84
0 -19766.81851 -15383.10395  -5013.84194  -0.6276412  -0.3403167   3.4873803 2026 01 15 06 38 01.84
0 -19779.30768 -15389.83464  -4944.07075  -0.6212677  -0.3327719   3.4897623 2026 01 15 06 38 21.84
0 -19791.66913 -15396.41461  -4874.25226  -0.6148678  -0.3252433   3.4921109 2026 01 15 06 38 41.84
0 -19803.90231 -15402.84416  -4804.38712  -0.6084415  -0.3177311   3.4944261 2026 01 15 06 39 01.84
0 -19816.00671 -15409.12364  -4734.47602  -0.6019889  -0.3102355   3.4967078 2026 01 15 06 39 21.84
0 -19827.98179 -15415.25337  -4664.51962  -0.5955101  -0.3027564   3.4989561 2026 01 15 06 39 41.84
0 -19839.82704 -15421.23369  -4594.51859  -0.5890052  -0.2952942   3.5011708 2026 01 15 06 40 01.84
0 -19851.54193 -15427.06493  -4524.47359  -0.5824743  -0.2878489   3.5033520 2026 01 15 06 40 21.84
0 -19863.12594 -15432.74744  -4454.38532  -0.5759176  -0.2804206   3.5054996 2026 01 15 06 40 41.84
0 -19874.57856 -15438.28155  -4384.25442  -0.5693350  -0.2730095   3.5076137 2026 01 15 06 41 01.84
0 -19885.89927 -15443.66762  -4314.08158  -0.5627267  -0.2656157   3.5096942 2026 01 15 06 41 21.84
0 -19897.08756 -15448.90598  -4243.86746  -0.5560929  -0.2582394   3.5117410 2026 01 15 06 41 41.84
0 -19908.14292 -15453.99700  -4173.61275  -0.5494335  -0.2508806   3.5137543 2026 01 15 06 42 01.84
0 -19919.06484 -15458.94101  -4103.31810  -0.5427488  -0.2435395   3.5157339 2026 01 15 06 42 21.84
0 -19929.85281 -15463.73838  -4032.98420  -0.5360387  -0.2362162   3.5176799 2026 01 15 06 42 41.84
0 -19940.50633 -15468.38947  -3962.61172  -0.5293035  -0.2289109   3.5195921 2026 01 15 06 43 01.84
0 -19951.02490 -15472.89463  -3892.20133  -0.5225431  -0.2216237   3.5214707 2026 01 15 06 43 21.84
0 -19961.40801 -15477.25422  -3821.75371  -0.5157578  -0.2143546   3.5233156 2026 01 15 06 43 41.84
0 -19971.65516 -15481.46862  -3751.26952  -0.5089476  -0.2071039   3.5251267 2026 01 15 06 44 01.84
0 -19981.76586 -15485.53819  -3680.74945  -0.5021126  -0.1998717   3.5269041 2026 01 15 06 44 21.84
0 -19991.73961 -15489.46331  -3610.19417  -0.4952529  -0.1926580   3.5286477 2026 01 15 06 44 41.84
0 -20001.57593 -15493.24433  -3539.60436  -0.4883686  -0.1854630   3.5303576 2026 01 15 06 45 01.84
0 -20011.27432 -15496.88165  -3468.98068  -0.4814599  -0.1782869   3.5320337 2026 01 15 06 45 21.84
0 -20020.83429 -15500.37563  -3398.32382  -0.4745268  -0.1711298   3.5336759 2026 01 15 06 45 41.84
0 -20030.25535 -15503.72666  -3327.63446  -0.4675695  -0.1639917   3.5352843 2026 01 15 06 46 01.84
0 -20039.53703 -15506.93512  -3256.91327  -0.4605880  -0.1568728   3.5368589 2026 01 15 06 46 21.84
0 -20048.67884 -15510.00140  -3186.16092  -0.4535825  -0.1497732   3.5383997 2026 01 15 06 46 41.84
0 -20057.68030 -15512.92588  -3115.37810  -0.4465530  -0.1426931   3.5399066 2026 01 15 06 47 01.84
0 -20066.54093 -15515.70895  -3044.56547  -0.4394998  -0.1356326   3.5413796 2026 01 15 06 47 21.84
0 -20075.26026 -15518.35101  -2973.72373  -0.4324228  -0.1285917   3.5428187 2026 01 15 06 47 41.84
0 -20083.83782 -15520.85246  -2902.85354  -0.4253222  -0.1215707   3.5442239 2026 01 15 06 48 01.84
0 -20092.27313 -15523.21368  -2831.95559  -0.4181981  -0.1145696   3.5455952 2026 01 15 06 48 21.84
0 -20100.56572 -15525.43508  -2761.03055  -0.4110507  -0.1075886   3.5469325 2026 01 15 06 48 41.84
0 -20108.71514 -15527.51706  -2690.07911  -0.4038799  -0.1006277   3.5482359 2026 01 15 06 49 01.84
0 -20116.72091 -15529.46003  -2619.10193  -0.3966860  -0.0936872   3.5495054 2026 01 15 06 49 21.84
0 -20124.58257 -15531.26439  -2548.09971  -0.3894691  -0.0867670   3.5507409 2026 01 15 06 49 41.84
0 -20132.29966 -15532.93055  -2477.07312  -0.3822293  -0.0798674   3.5519424 2026 01 15 06 50 01.84
0 -20139.87173 -15534.45893  -2406.02283  -0.3749666  -0.0729884   3.5531100 2026 01 15 06 50 21.84
0 -20147.29832 -15535.84993  -2334.94954  -0.3676812  -0.0661302   3.5542435 2026 01 15 06 50 41.84
0 -20154.57897 -15537.10399  -2263.85391  -0.3603732  -0.0592929   3.5553431 2026 01 15 06 51 01.84
0 -20161.71324 -15538.22150  -2192.73663  -0.3530428  -0.0524766   3.5564086 2026 01 15 06 51 21.84
0 -20168.70068 -15539.20290  -2121.59839  -0.3456900  -0.0456814   3.5574401 2026 01 15 06 51 41.84
0 -20175.54085 -15540.04861  -2050.43985  -0.3383149  -0.0389074   3.5584376 2026 01 15 06 52 01.84
0 -20182.23329 -15540.75905  -1979.26170  -0.3309177  -0.0321547   3.5594010 2026 01 15 06 52 21.84
0 -20188.77756 -15541.33465  -1908.06463  -0.3234986  -0.0254236   3.5603304 2026 01 15 06 52 41.84
0 -20195.17324 -15541.77585  -1836.84931  -0.3160575  -0.0187140   3.5612257 2026 01 15 06 53 01.84
0 -20201.41987 -15542.08307  -1765.61642  -0.3085946  -0.0120260   3.5620869 2026 01 15 06 53 21.84
0 -20207.51704 -15542.25675  -1694.36665  -0.3011101  -0.0053599   3.5629141 2026 01 15 06 53 41.84
0 -20213.46430 -15542.29733  -1623.10068  -0.2936041   0.0012843   3.5637072 2026 01 15 06 54 01.84
0 -20219.26122 -15542.20525  -1551.81919  -0.2860766   0.0079065   3.5644662 2026 01 15 06 54 21.84
0 -20224.90738 -15541.98094  -1480.52285  -0.2785279   0.0145065   3.5651911 2026 01 15 06 54 41.84
0 -20230.40236 -15541.62485  -1409.21236  -0.2709580   0.0210843   3.5658820 2026 01 15 06 55 01.84
0 -20235.74573 -15541.13743  -1337.88839  -0.2633670   0.0276398   3.5665387 2026 01 15 06 55 21.84
0 -20240.93707 -15540.51913  -1266.55164  -0.2557551   0.0341728   3.5671613 2026 01 15 06 55 41.84
0 -20245.97596 -15539.77040  -1195.20277  -0.2481223   0.0406832   3.5677498 2026 01 15 06 56 01.84
0 -20250.86199 -15538.89168  -1123.84247  -0.2404689   0.0471709   3.5683041 2026 01 15 06 56 21.84
0 -20255.59475 -15537.88343  -1052.47142  -0.2327949   0.0536359   3.5688244 2026 01 15 06 56 41.84
0 -20260.17383 -15536.74612   -981.09032  -0.2251005   0.0600779   3.5693105 2026 01 15 06 57 01.84
0 -20264.59881 -15535.48020   -909.69983  -0.2173858   0.0664970   3.5697624 2026 01 15 06 57 21.84
0 -20268.86930 -15534.08612   -838.30064  -0.2096508   0.0728929   3.5701803 2026 01 15 06 57 41.84
0 -20272.98489 -15532.56436   -766.89344  -0.2018958   0.0792656   3.5705640 2026 01 15 06 58 01.84
0 -20276.94518 -15530.91538   -695.47890  -0.1941208   0.0856150   3.5709135 2026 01 15 06 58 21.84
0 -20280.74977 -15529.13965   -624.05772  -0.1863261   0.0919410   3.5712289 2026 01 15 06 58 41.84
0 -20284.39827 -15527.23763   -552.63057  -0.1785116   0.0982434   3.5715102 2026 01 15 06 59 01.84
0 -20287.89029 -15525.20980   -481.19813  -0.1706775   0.1045222   3.5717573 2026 01 15 06 59 21.84
0 -20291.22543 -15523.05663   -409.76110  -0.1628241   0.1107773   3.5719703 2026 01 15 06 59 41.84
0 -20294.40331 -15520.77860   -338.32014  -0.1549513   0.1170085   3.5721491 2026 01 15 07 00 01.84
0 -20297.42354 -15518.37618   -266.87596  -0.1470593   0.1232158   3.5722937 2026 01 15 07 00 21.84
0 -20300.28575 -15515.84986   -195.42922  -0.1391483   0.1293990   3.5724042 2026 01 15 07 00 41.84
0 -20302.98954 -15513.20012   -123.98061  -0.1312183   0.1355581   3.5724806 2026 01 15 07 01 01.84
0 -20305.53455 -15510.42743    -52.53082  -0.1232695   0.1416929   3.5725227 2026 01 15 07 01 21.84
0 -20307.92039 -15507.53230     18.91948  -0.1153021   0.1478034   3.5725308 2026 01 15 07 01 41.84
0 -20310.14670 -15504.51520     90.36959  -0.1073161   0.1538895   3.5725047 2026 01 15 07 02 01.84
0 -20312.21311 -15501.37662    161.81884  -0.0993117   0.1599510   3.5724444 2026 01 15 07 02 21.84
0 -20314.11925 -15498.11706    233.26655  -0.0912891   0.1659879   3.5723500 2026 01 15 07 02 41.84
0 -20315.86476 -15494.73701    304.71202  -0.0832483   0.1720000   3.5722214 2026 01 15 07 03 01.84
0 -20317.44926 -15491.23697    376.15458  -0.0751894   0.1779873   3.5720587 2026 01 15 07 03 21.84
0 -20318.87242 -15487.61743    447.59354  -0.0671127   0.1839496   3.5718618 2026 01 15 07 03 41.84
0 -20320.13386 -15483.87889    519.02823  -0.0590182   0.1898870   3.5716308 2026 01 15 07 04 01.84
0 -20321.23324 -15480.02186    590.45796  -0.0509062   0.1957992   3.5713656 2026 01 15 07 04 21.84
0 -20322.17020 -15476.04684    661.88204  -0.0427766   0.2016862   3.5710664 2026 01 15 07 04 41.84
0 -20322.94440 -15471.95433    733.29979  -0.0346297   0.2075478   3.5707329 2026 01 15 07 05 01.84
0 -20323.55549 -15467.74484    804.71053  -0.0264655   0.2133841   3.5703654 2026 01 15 07 05 21.84
0 -20324.00312 -15463.41888    876.11358  -0.0182843   0.2191949   3.5699637 2026 01 15 07 05 41.84
0 -20324.28696 -15458.97696    947.50826  -0.0100861   0.2249800   3.5695279 2026 01 15 07 06 01.84
0 -20324.40667 -15454.41960   1018.89388  -0.0018712   0.2307395   3.5690580 2026 01 15 07 06 21.84
0 -20324.36191 -15449.74730   1090.26976   0.0063605   0.2364733   3.5685540 2026 01 15 07 06 41.84
0 -20324.15236 -15444.96059   1161.63522   0.0146087   0.2421811   3.5680159 2026 01 15 07 07 01.84
0 -20323.77768 -15440.05998   1232.98958   0.0228733   0.2478630   3.5674436 2026 01 15 07 07 21.84
0 -20323.23754 -15435.04599   1304.33215   0.0311542   0.2535189   3.5668373 2026 01 15 07 07 41.84
0 -20322.53163 -15429.91915   1375.66225   0.0394512   0.2591486   3.5661969 2026 01 15 07 08 01.84
0 -20321.65961 -15424.67998   1446.97921   0.0477642   0.2647521   3.5655224 2026 01 15 07 08 21.84
0 -20320.62118 -15419.32900   1518.28233   0.0560931   0.2703292   3.5648139 2026 01 15 07 08 41.84
0 -20319.41602 -15413.86674   1589.57094   0.0644377   0.2758800   3.5640713 2026 01 15 07 09 01.84
0 -20318.04380 -15408.29373   1660.84436   0.0727978   0.2814043   3.5632946 2026 01 15 07 09 21.84
0 -20316.50423 -15402.61050   1732.10191   0.0811734   0.2869021   3.5624839 2026 01 15 07 09 41.84
0 -20314.79700 -15396.81758   1803.34290   0.0895643   0.2923731   3.5616391 2026 01 15 07 10 01.84
0 -20312.92180 -15390.91551   1874.56666   0.0979704   0.2978175   3.5607603 2026 01 15 07 10 21.84
0 -20310.87832 -15384.90482   1945.77249   0.1063915   0.3032350   3.5598474 2026 01 15 07 10 41.84
0 -20308.66628 -15378.78605   2016.95974   0.1148274   0.3086256   3.5589006 2026 01 15 07 11 01.84
0 -20306.28537 -15372.55973   2088.12770   0.1232781   0.3139892   3.5579198 2026 01 15 07 11 21.84
0 -20303.73530 -15366.22642   2159.27571   0.1317434   0.3193258   3.5569049 2026 01 15 07 11 41.84
0 -20301.01578 -15359.78664   2230.40308   0.1402232   0.3246352   3.5558561 2026 01 15 07 12 01.84
0 -20298.12652 -15353.24096   2301.50914   0.1487173   0.3299173   3.5547733 2026 01 15 07 12 21.84
0 -20295.06724 -15346.58990   2372.59320   0.1572255   0.3351722   3.5536565 2026 01 15 07 12 41.84
0 -20291.83766 -15339.83401   2443.65459   0.1657478   0.3403996   3.5525058 2026 01 15 07 13 01.84
0 -20288.43749 -15332.97386   2514.69262   0.1742839   0.3455996   3.5513212 2026 01 15 07 13 21.84
0 -20284.86646 -15326.00998   2585.70662   0.1828339   0.3507720   3.5501026 2026 01 15 07 13 41.84
0 -20281.12429 -15318.94293   2656.69591   0.1913974   0.3559168   3.5488501 2026 01 15 07 14 01.84
0 -20277.21073 -15311.77326   2727.65981   0.1999743   0.3610339   3.5475637 2026 01 15 07 14 21.84
0 -20273.12549 -15304.50152   2798.59764   0.2085646   0.3661232   3.5462434 2026 01 15 07 14 41.84
0 -20268.86831 -15297.12828   2869.50873   0.2171681   0.3711847   3.5448892 2026 01 15 07 15 01.84
0 -20264.43894 -15289.65409   2940.39240   0.2257846   0.3762182   3.5435012 2026 01 15 07 15 21.84
0 -20259.83710 -15282.07951   3011.24797   0.2344139   0.3812237   3.5420793 2026 01 15 07 15 41.84
0 -20255.06256 -15274.40510   3082.07476   0.2430560   0.3862011   3.5406236 2026 01 15 07 16 01.84
0 -20250.11504 -15266.63143   3152.87210   0.2517107   0.3911504   3.5391340 2026 01 15 07 16 21.84
0 -20244.99431 -15258.75905   3223.63931   0.2603778   0.3960714   3.5376107 2026 01 15 07 16 41.84
0 -20239.70012 -15250.78853   3294.37572   0.2690573   0.4009641   3.5360535 2026 01 15 07 17 01.84
0 -20234.23221 -15242.72045   3365.08064   0.2777488   0.4058285   3.5344626 2026 01 15 07 17 21.84
0 -20228.59035 -15234.55536   3435.75341   0.2864524   0.4106644   3.5328379 2026 01 15 07 17 41.84
0 -20222.77431 -15226.29384   3506.39335   0.2951678   0.4154718   3.5311795 2026 01 15 07 18 01.84
0 -20216.78384 -15217.93646   3576.99979   0.3038950   0.4202506   3.5294874 2026 01 15 07 18 21.84
0 -20210.61871 -15209.48379   3647.57204   0.3126337   0.4250007   3.5277615 2026 01 15 07 18 41.84
0 -20204.27869 -15200.93640   3718.10944   0.3213838   0.4297221   3.5260019 2026 01 15 07 19 01.84
0 -20197.76356 -15192.29487   3788.61131   0.3301451   0.4344148   3.5242087 2026 01 15 07 19 21.84
0 -20191.07309 -15183.55978   3859.07698   0.3389176   0.4390786   3.5223818 2026 01 15 07 19 41.84
0 -20184.20706 -15174.73170   3929.50578   0.3477011   0.4437134   3.5205213 2026 01 15 07 20 01.84
0 -20177.16526 -15165.81121   3999.89703   0.3564954   0.4483193   3.5186271 2026 01 15 07 20 21.84
0 -20169.94746 -15156.79890   4070.25006   0.3653003   0.4528961   3.5166993 2026 01 15 07 20 41.84
0 -20162.55346 -15147.69535   4140.56420   0.3741158   0.4574438   3.5147380 2026 01 15 07 21 01.84
0 -20154.98305 -15138.50113   4210.83878   0.3829416   0.4619623   3.5127430 2026 01 15 07 21 21.84
0 -20147.23602 -15129.21683   4281.07312   0.3917776   0.4664516   3.5107146 2026 01 15 07 21 41.84
0 -20139.31217 -15119.84304   4351.26656   0.4006238   0.4709116   3.5086526 2026 01 15 07 22 01.84
0 -20131.21129 -15110.38035   4421.41842   0.4094798   0.4753422   3.5065571 2026 01 15 07 22 21.84
0 -20122.93320 -15100.82934   4491.52804   0.4183456   0.4797433   3.5044281 2026 01 15 07 22 41.84
0 -20114.47770 -15091.19060   4561.59474   0.4272210   0.4841150   3.5022656 2026 01 15 07 23 01.84
0 -20105.84460 -15081.46472   4631.61786   0.4361059   0.4884571   3.5000697 2026 01 15 07 23 21.84
0 -20097.03370 -15071.65230   4701.59673   0.4450001   0.4927696   3.4978404 2026 01 15 07 23 41.84
0 -20088.04483 -15061.75392   4771.53068   0.4539034   0.4970525   3.4955776 2026 01 15 07 24 01.84
0 -20078.87781 -15051.77019   4841.41904   0.4628158   0.5013056   3.4932815 2026 01 15 07 24 21.84
0 -20069.53245 -15041.70169   4911.26114   0.4717370   0.5055289   3.4909520 2026 01 15 07 24 41.84
0 -20060.00857 -15031.54902   4981.05633   0.4806669   0.5097224   3.4885892 2026 01 15 07 25 01.84
0 -20050.30602 -15021.31278   5050.80392   0.4896054   0.5138860   3.4861931 2026 01 15 07 25 21.84
0 -20040.42461 -15010.99357   5120.50326   0.4985522   0.5180196   3.4837637 2026 01 15 07 25 41.84
0 -20030.36418 -15000.59199   5190.15367   0.5075073   0.5221233   3.4813010 2026 01 15 07 26 01.84
0 -20020.12457 -14990.10863   5259.75450   0.5164705   0.5261969   3.4788051 2026 01 15 07 26 21.84
0 -20009.70562 -14979.54411   5329.30508   0.5254417   0.5302403   3.4762759 2026 01 15 07 26 41.84
0 -19999.10717 -14968.89902   5398.80475   0.5344206   0.5342536   3.4737136 2026 01 15 07 27 01.84
0 -19988.32906 -14958.17396   5468.25284   0.5434071   0.5382367   3.4711181 2026 01 15 07 27 21.84
0 -19977.37115 -14947.36955   5537.64868   0.5524011   0.5421895   3.4684895 2026 01 15 07 27 41.84
0 -19966.23329 -14936.48638   5606.99163   0.5614025   0.5461120   3.4658277 2026 01 15 07 28 01.84
0 -19954.91533 -14925.52507   5676.28100   0.5704110   0.5500041   3.4631328 2026 01 15 07 28 21.84
0 -19943.41712 -14914.48622   5745.51615   0.5794265   0.5538658   3.4604049 2026 01 15 07 28 41.84
0 -19931.73854 -14903.37044   5814.69641   0.5884488   0.5576971   3.4576440 2026 01 15 07 29 01.84
0 -19919.87945 -14892.17834   5883.82113   0.5974779   0.5614978   3.4548500 2026 01 15 07 29 21.84
0 -19907.83971 -14880.91053   5952.88963   0.6065135   0.5652680   3.4520230 2026 01 15 07 29 41.84
0 -19895.61920 -14869.56762   6021.90126   0.6155555   0.5690075   3.4491631 2026 01 15 07 30 01.84
0 -19883.21778 -14858.15023   6090.85537   0.6246037   0.5727164   3.4462702 2026 01 15 07 30 21.84
0 -19870.63534 -14846.65897   6159.75129   0.6336580   0.5763946   3.4433445 2026 01 15 07 30 41.84
0 -19857.87175 -14835.09446   6228.58837   0.6427183   0.5800421   3.4403858 2026 01 15 07 31 01.84
0 -19844.92690 -14823.45730   6297.36594   0.6517843   0.5836588   3.4373944 2026 01 15 07 31 21.84
0 -19831.80068 -14811.74811   6366.08336   0.6608559   0.5872446   3.4343701 2026 01 15 07 31 41.84
0 -19818.49297 -14799.96752   6434.73997   0.6699329   0.5907996   3.4313130 2026 01 15 07 32 01.84
0 -19805.00366 -14788.11614   6503.33510   0.6790152   0.5943237   3.4282231 2026 01 15 07 32 21.84
0 -19791.33266 -14776.19459   6571.86811   0.6881027   0.5978168   3.4251006 2026 01 15 07 32 41.84
0 -19777.47986 -14764.20348   6640.33835   0.6971952   0.6012789   3.4219453 2026 01 15 07 33 01.84
0 -19763.44517 -14752.14345   6708.74515   0.7062924   0.6047100   3.4187573 2026 01 15 07 33 21.84
0 -19749.22848 -14740.01510   6777.08787   0.7153944   0.6081100   3.4155367 2026 01 15 07 33 41.84
0 -19734.82971 -14727.81906   6845.36584   0.7245008   0.6114789   3.4122836 2026 01 15 07 34 01.84
0 -19720.24876 -14715.55596   6913.57843   0.7336116   0.6148166   3.4089978 2026 01 15 07 34 21.84
0 -19705.48556 -14703.22642   6981.72498   0.7427266   0.6181232   3.4056795 2026 01 15 07 34 41.84
0 -19690.54002 -14690.83105   7049.80484   0.7518456   0.6213986   3.4023286 2026 01 15 07 35 01.84
0 -19675.41207 -14678.37049   7117.81736   0.7609685   0.6246427   3.3989453 2026 01 15 07 35 21.84
0 -19660.10161 -14665.84537   7185.76189   0.7700951   0.6278554   3.3955296 2026 01 15 07 35 41.84
0 -19644.60859 -14653.25630   7253.63777   0.7792253   0.6310369   3.3920814 2026 01 15 07 36 01.84
0 -19628.93294 -14640.60391   7321.44438   0.7883588   0.6341870   3.3886008 2026 01 15 07 36 21.84
0 -19613.07457 -14627.88884   7389.18104   0.7974957   0.6373058   3.3850879 2026 01 15 07 36 41.84
0 -19597.03345 -14615.11170   7456.84713   0.8066355   0.6403931   3.3815427 2026 01 15 07 37 01.84
0 -19580.80949 -14602.27314   7524.44199   0.8157784   0.6434489   3.3779652 2026 01 15 07 37 21.84
0 -19564.40266 -14589.37377   7591.96497   0.8249239   0.6464733   3.3743555 2026 01 15 07 37 41.84
0 -19547.81288 -14576.41424   7659.41544   0.8340721   0.6494661   3.3707135 2026 01 15 07 38 01.84
0 -19531.04012 -14563.39516   7726.79275   0.8432227   0.6524274   3.3670394 2026 01 15 07 38 21.84
0 -19514.08433 -14550.31717   7794.09626   0.8523756   0.6553572   3.3633331 2026 01 15 07 38 41.84
0 -19496.94545 -14537.18090   7861.32532   0.8615307   0.6582553   3.3595947 2026 01 15 07 39 01.84
0 -19479.62346 -14523.98699   7928.47929   0.8706877   0.6611218   3.3558242 2026 01 15 07 39 21.84
0 -19462.11830 -14510.73606   7995.55753   0.8798465   0.6639566   3.3520217 2026 01 15 07 39 41.84
0 -19444.42996 -14497.42875   8062.55940   0.8890069   0.6667598   3.3481873 2026 01 15 07 40 01.84
0 -19426.55839 -14484.06570   8129.48426   0.8981689   0.6695313   3.3443208 2026 01 15 07 40 21.84
0 -19408.50357 -14470.64753   8196.33148   0.9073321   0.6722710   3.3404224 2026 01 15 07 40 41.84
0 -19390.26547 -14457.17489   8263.10041   0.9164966   0.6749790   3.3364922 2026 01 15 07 41 01.84
0 -19371.84408 -14443.64841   8329.79041   0.9256620   0.6776552   3.3325300 2026 01 15 07 41 21.84
0 -19353.23937 -14430.06872   8396.40086   0.9348283   0.6802997   3.3285361 2026 01 15 07 41 41.84
0 -19334.45132 -14416.43646   8462.93111   0.9439953   0.6829123   3.3245104 2026 01 15 07 42 01.84
0 -19315.47993 -14402.75226   8529.38053   0.9531628   0.6854930   3.3204530 2026 01 15 07 42 21.84
0 -19296.32519 -14389.01677   8595.74848   0.9623307   0.6880419   3.3163638 2026 01 15 07 42 41.84
0 -19276.98709 -14375.23062   8662.03433   0.9714988   0.6905590   3.3122430 2026 01 15 07 43 01.84
0 -19257.46563 -14361.39445   8728.23746   0.9806669   0.6930441   3.3080906 2026 01 15 07 43 21.84
0 -19237.76081 -14347.50890   8794.35721   0.9898349   0.6954973   3.3039066 2026 01 15 07 43 41.84
0 -19217.87262 -14333.57460   8860.39298   0.9990027   0.6979186   3.2996911 2026 01 15 07 44 01.84
0 -19197.80109 -14319.59219   8926.34412   1.0081700   0.7003079   3.2954441 2026 01 15 07 44 21.84
0 -19177.54622 -14305.56232   8992.21000   1.0173367   0.7026653   3.2911656 2026 01 15 07 44 41.84
0 -19157.10803 -14291.48562   9057.99000   1.0265026   0.7049907   3.2868557 2026 01 15 07 45 01.84
0 -19136.48652 -14277.36274   9123.68349   1.0356676   0.7072841   3.2825144 2026 01 15 07 45 21.84
0 -19115.68173 -14263.19430   9189.28984   1.0448316   0.7095455   3.2781418 2026 01 15 07 45 41.84
0 -19094.69367 -14248.98096   9254.80843   1.0539943   0.7117749   3.2737379 2026 01 15 07 46 01.84
0 -19073.52236 -14234.72335   9320.23862   1.0631556   0.7139722   3.2693028 2026 01 15 07 46 21.84
0 -19052.16785 -14220.42212   9385.57981   1.0723154   0.7161375   3.2648364 2026 01 15 07 46 41.84
0 -19030.63016 -14206.07790   9450.83135   1.0814734   0.7182708   3.2603389 2026 01 15 07 47 01.84
0 -19008.90933 -14191.69133   9515.99263   1.0906295   0.7203719   3.2558102 2026 01 15 07 47 21.84
0 -18987.00540 -14177.26307   9581.06303   1.0997836   0.7224410   3.2512505 2026 01 15 07 47 41.84
0 -18964.91841 -14162.79374   9646.04192   1.1089355   0.7244781   3.2466598 2026 01 15 07 48 01.84
0 -18942.64841 -14148.28399   9710.92869   1.1180851   0.7264830   3.2420380 2026 01 15 07 48 21.84
0 -18920.19544 -14133.73447   9775.72272   1.1272321   0.7284558   3.2373853 2026 01 15 07 48 41.84
0 -18897.55955 -14119.14581   9840.42338   1.1363764   0.7303966   3.2327017 2026 01 15 07 49 01.84
0 -18874.74081 -14104.51866   9905.03006   1.1455179   0.7323052   3.2279872 2026 01 15 07 49 21.84
0 -18851.73927 -14089.85365   9969.54215   1.1546563   0.7341817   3.2232420 2026 01 15 07 49 41.84
0 -18828.55500 -14075.15144  10033.95902   1.1637916   0.7360261   3.2184659 2026 01 15 07 50 01.84
0 -18805.18805 -14060.41266  10098.28006   1.1729236   0.7378383   3.2136591 2026 01 15 07 50 21.84
0 -18781.63850 -14045.63796  10162.50466   1.1820520   0.7396185   3.2088217 2026 01 15 07 50 41.84
0 -18757.90641 -14030.82797  10226.63221   1.1911768   0.7413665   3.2039536 2026 01 15 07 51 01.84
0 -18733.99187 -14015.98335  10290.66209   1.2002978   0.7430823   3.1990550 2026 01 15 07 51 21.84
0 -18709.89495 -14001.10473  10354.59370   1.2094149   0.7447661   3.1941258 2026 01 15 07 51 41.84
0 -18685.61573 -13986.19276  10418.42641   1.2185278   0.7464177   3.1891661 2026 01 15 07 52 01.84
0 -18661.15429 -13971.24808  10482.15963   1.2276364   0.7480372   3.1841759 2026 01 15 07 52 21.84
0 -18636.51073 -13956.27133  10545.79274   1.2367405   0.7496245   3.1791554 2026 01 15 07 52 41.84
0 -18611.68513 -13941.26316  10609.32513   1.2458400   0.7511797   3.1741045 2026 01 15 07 53 01.84
0 -18586.67759 -13926.22420  10672.75621   1.2549348   0.7527028   3.1690233 2026 01 15 07 53 21.84
0 -18561.48820 -13911.15510  10736.08536   1.2640246   0.7541938   3.1639119 2026 01 15 07 53 41.84
0 -18536.11707 -13896.05650  10799.31198   1.2731093   0.7556526   3.1587703 2026 01 15 07 54 01.84
0 -18510.56430 -13880.92905  10862.43547   1.2821887   0.7570794   3.1535985 2026 01 15 07 54 21.84
0 -18484.83000 -13865.77338  10925.45522   1.2912627   0.7584740   3.1483966 2026 01 15 07 54 41.84
0 -18458.91427 -13850.59015  10988.37063   1.3003312   0.7598365   3.1431646 2026 01 15 07 55 01.84
0 -18432.81722 -13835.37998  11051.18110   1.3093939   0.7611670   3.1379027 2026 01 15 07 55 21.84
0 -18406.53899 -13820.14353  11113.88603   1.3184507   0.7624653   3.1326107 2026 01 15 07 55 41.84
0 -18380.07968 -13804.88143  11176.48483   1.3275014   0.7637316   3.1272889 2026 01 15 07 56 01.84
0 -18353.43941 -13789.59433  11238.97690   1.3365459   0.7649658   3.1219372 2026 01 15 07 56 21.84
0 -18326.61833 -13774.28286  11301.36163   1.3455841   0.7661679   3.1165558 2026 01 15 07 56 41.84
0 -18299.61654 -13758.94767  11363.63843   1.3546157   0.7673380   3.1111445 2026 01 15 07 57 01.84
0 -18272.43419 -13743.58940  11425.80672   1.3636406   0.7684760   3.1057036 2026 01 15 07 57 21.84
0 -18245.07141 -13728.20869  11487.86589   1.3726586   0.7695820   3.1002330 2026 01 15 07 57 41.84
0 -18217.52834 -13712.80618  11549.81535   1.3816696   0.7706560   3.0947328 2026 01 15 07 58 01.84
0 -18189.80512 -13697.38251  11611.65451   1.3906734   0.7716980   3.0892031 2026 01 15 07 58 21.84
0 -18161.90190 -13681.93833  11673.38279   1.3996699   0.7727080   3.0836439 2026 01 15 07 58 41.84
0 -18133.81883 -13666.47426  11734.99959   1.4086589   0.7736860   3.0780552 2026 01 15 07 59 01.84
0 -18105.55605 -13650.99095  11796.50432   1.4176402   0.7746321   3.0724372 2026 01 15 07 59 21.84
0 -18077.11372 -13635.48904  11857.89639   1.4266138   0.7755462   3.0667898 2026 01 15 07 59 41.84
0 -18048.49201 -13619.96916  11919.17523   1.4355793   0.7764284   3.0611131 2026 01 15 08 00 01.84
0 -18019.69106 -13604.43196  11980.34024   1.4445367   0.7772787   3.0554072 2026 01 15 08 00 21.84
0 -17990.71106 -13588.87808  12041.39084   1.4534858   0.7780971   3.0496722 2026 01 15 08 00 41.84
0 -17961.55215 -13573.30814  12102.32645   1.4624264   0.7788836   3.0439080 2026 01 15 08 01 01.84
0 -17932.21452 -13557.72280  12163.14649   1.4713585   0.7796383   3.0381148 2026 01 15 08 01 21.84
0 -17902.69833 -13542.12268  12223.85037   1.4802817   0.7803612   3.0322925 2026 01 15 08 01 41.84
0 -17873.00377 -13526.50842  12284.43752   1.4891960   0.7810522   3.0264413 2026 01 15 08 02 01.84
0 -17843.13102 -13510.88065  12344.90736   1.4981013   0.7817114   3.0205612 2026 01 15 08 02 21.84
0 -17813.08025 -13495.24002  12405.25930   1.5069973   0.7823389   3.0146523 2026 01 15 08 02 41.84
0 -17782.85165 -13479.58716  12465.49278   1.5158839   0.7829346   3.0087146 2026 01 15 08 03 01.84
0 -17752.44543 -13463.92271  12525.60722   1.5247609   0.7834986   3.0027481 2026 01 15 08 03 21.84
0 -17721.86175 -13448.24729  12585.60205   1.5336282   0.7840309   2.9967530 2026 01 15 08 03 41.84
0 -17691.10084 -13432.56154  12645.47668   1.5424856   0.7845316   2.9907293 2026 01 15 08 04 01.84
0 -17660.16287 -13416.86609  12705.23056   1.5513330   0.7850006   2.9846770 2026 01 15 08 04 21.84
0 -17629.04806 -13401.16158  12764.86310   1.5601702   0.7854379   2.9785962 2026 01 15 08 04 41.84
0 -17597.75661 -13385.44864  12824.37375   1.5689970   0.7858437   2.9724870 2026 01 15 08 05 01.84
0 -17566.28872 -13369.72790  12883.76193   1.5778134   0.7862179   2.9663494 2026 01 15 08 05 21.84
0 -17534.64462 -13353.99999  12943.02707   1.5866190   0.7865606   2.9601834 2026 01 15 08 05 41.84
0 -17502.82451 -13338.26554  13002.16861   1.5954139   0.7868718   2.9539892 2026 01 15 08 06 01.84
0 -17470.82862 -13322.52518  13061.18599   1.6041977   0.7871515   2.9477668 2026 01 15 08 06 21.84
0 -17438.65716 -13306.77955  13120.07863   1.6129705   0.7873997   2.9415162 2026 01 15 08 06 41.84
0 -17406.31036 -13291.02926  13178.84599   1.6217319   0.7876166   2.9352376 2026 01 15 08 07 01.84
0 -17373.78844 -13275.27496  13237.48749   1.6304819   0.7878020   2.9289309 2026 01 15 08 07 21.84
0 -17341.09164 -13259.51725  13296.00258   1.6392203   0.7879561   2.9225962 2026 01 15 08 07 41.84
0 -17308.22019 -13243.75678  13354.39070   1.6479469   0.7880789   2.9162336 2026 01 15 08 08 01.84
0 -17275.17433 -13227.99416  13412.65129   1.6566617   0.7881704   2.9098432 2026 01 15 08 08 21.84
0 -17241.95430 -13212.23003  13470.78379   1.6653643   0.7882306   2.9034250 2026 01 15 08 08 41.84
0 -17208.56033 -13196.46501  13528.78765   1.6740547   0.7882597   2.8969791 2026 01 15 08 09 01.84
0 -17174.99268 -13180.69972  13586.66232   1.6827328   0.7882575   2.8905055 2026 01 15 08 09 21.84
0 -17141.25159 -13164.93478  13644.40723   1.6913983   0.7882242   2.8840042 2026 01 15 08 09 41.84
0 -17107.33733 -13149.17081  13702.02185   1.7000511   0.7881599   2.8774755 2026 01 15 08 10 01.84
0 -17073.25013 -13133.40845  13759.50562   1.7086911   0.7880644   2.8709192 2026 01 15 08 10 21.84
0 -17038.99027 -13117.64831  13816.85799   1.7173180   0.7879379   2.8643356 2026 01 15 08 10 41.84
0 -17004.55799 -13101.89100  13874.07842   1.7259319   0.7877805   2.8577246 2026 01 15 08 11 01.84
0 -16969.95358 -13086.13716  13931.16635   1.7345324   0.7875920   2.8510862 2026 01 15 08 11 21.84
0 -16935.17729 -13070.38739  13988.12125   1.7431194   0.7873727   2.8444207 2026 01 15 08 11 41.84
0 -16900.22939 -13054.64232  14044.94256   1.7516929   0.7871225   2.8377280 2026 01 15 08 12 01.84
0 -16865.11016 -13038.90256  14101.62974   1.7602526   0.7868415   2.8310082 2026 01 15 08 12 21.84
0 -16829.81988 -13023.16873  14158.18226   1.7687983   0.7865298   2.8242613 2026 01 15 08 12 41.84
0 -16794.35883 -13007.44144  14214.59958   1.7773300   0.7861872   2.8174874 2026 01 15 08 13 01.84
0 -16758.72728 -12991.72131  14270.88115   1.7858475   0.7858140   2.8106867 2026 01 15 08 13 21.84
0 -16722.92553 -12976.00895  14327.02643   1.7943506   0.7854102   2.8038591 2026 01 15 08 13 41.84
0 -16686.95386 -12960.30497  14383.03490   1.8028391   0.7849757   2.7970047 2026 01 15 08 14 01.84
0 -16650.81257 -12944.60999  14438.90601   1.8113130   0.7845107   2.7901236 2026 01 15 08 14 21.84
0 -16614.50195 -12928.92462  14494.63923   1.8197721   0.7840151   2.7832158 2026 01 15 08 14 41.84
0 -16578.02230 -12913.24946  14550.23404   1.8282161   0.7834892   2.7762815 2026 01 15 08 15 01.84
0 -16541.37392 -12897.58512  14605.68989   1.8366451   0.7829328   2.7693206 2026 01 15 08 15 21.84
0 -16504.55711 -12881.93222  14661.00626   1.8450587   0.7823460   2.7623332 2026 01 15 08 15 41.84
0 -16467.57218 -12866.29135  14716.18261   1.8534569   0.7817289   2.7553195 2026 01 15 08 16 01.84
0 -16430.41945 -12850.66313  14771.21844   1.8618396   0.7810816   2.7482795 2026 01 15 08 16 21.84
0 -16393.09922 -12835.04816  14826.11320   1.8702065   0.7804040   2.7412131 2026 01 15 08 16 41.84
0 -16355.61182 -12819.44704  14880.86637   1.8785575   0.7796963   2.7341206 2026 01 15 08 17 01.84
0 -16317.95755 -12803.86038  14935.47743   1.8868924   0.7789585   2.7270020 2026 01 15 08 17 21.84
0 -16280.13675 -12788.28877  14989.94586   1.8952112   0.7781906   2.7198573 2026 01 15 08 17 41.84
0 -16242.14973 -12772.73282  15044.27113   1.9035137   0.7773927   2.7126867 2026 01 15 08 18 01.84
0 -16203.99683 -12757.19313  15098.45273   1.9117997   0.7765648   2.7054901 2026 01 15 08 18 21.84
0 -16165.67838 -12741.67030  15152.49015   1.9200690   0.7757071   2.6982676 2026 01 15 08 18 41.84
0 -16127.19470 -12726.16492  15206.38285   1.9283216   0.7748195   2.6910194 2026 01 15 08 19 01.84
0 -16088.54615 -12710.67759  15260.13034   1.9365572   0.7739022   2.6837455 2026 01 15 08 19 21.84
0 -16049.73305 -12695.20890  15313.73209   1.9447758   0.7729551   2.6764459 2026 01 15 08 19 41.84
0 -16010.75576 -12679.75945  15367.18759   1.9529772   0.7719783   2.6691207 2026 01 15 08 20 01.84
0 -15971.61461 -12664.32983  15420.49634   1.9611612   0.7709720   2.6617700 2026 01 15 08 20 21.84
0 -15932.30996 -12648.92064  15473.65782   1.9693276   0.7699361   2.6543939 2026 01 15 08 20 41.84
0 -15892.84215 -12633.53246  15526.67152   1.9774764   0.7688706   2.6469924 2026 01 15 08 21 01.84
0 -15853.21155 -12618.16588  15579.53694   1.9856074   0.7677758   2.6395656 2026 01 15 08 21 21.84
0 -15813.41851 -12602.82150  15632.25358   1.9937205   0.7666516   2.6321136 2026 01 15 08 21 41.84
0 -15773.46338 -12587.49989  15684.82092   2.0018155   0.7654981   2.6246365 2026 01 15 08 22 01.84
0 -15733.34655 -12572.20164  15737.23847   2.0098922   0.7643153   2.6171342 2026 01 15 08 22 21.84
0 -15693.06836 -12556.92734  15789.50572   2.0179505   0.7631033   2.6096069 2026 01 15 08 22 41.84
0 -15652.62919 -12541.67758  15841.62218   2.0259903   0.7618622   2.6020547 2026 01 15 08 23 01.84
0 -15612.02941 -12526.45292  15893.58735   2.0340114   0.7605921   2.5944776 2026 01 15 08 23 21.84
0 -15571.26939 -12511.25396  15945.40073   2.0420137   0.7592930   2.5868758 2026 01 15 08 23 41.84
0 -15530.34952 -12496.08127  15997.06182   2.0499970   0.7579649   2.5792491 2026 01 15 08 24 01.84
0 -15489.27018 -12480.93543  16048.57014   2.0579613   0.7566079   2.5715979 2026 01 15 08 24 21.84
0 -15448.03174 -12465.81702  16099.92518   2.0659063   0.7552222   2.5639220 2026 01 15 08 24 41.84
0 -15406.63460 -12450.72661  16151.12647   2.0738318   0.7538077   2.5562216 2026 01 15 08 25 01.84
0 -15365.07914 -12435.66478  16202.17350   2.0817379   0.7523646   2.5484968 2026 01 15 08 25 21.84
0 -15323.36576 -12420.63209  16253.06579   2.0896243   0.7508929   2.5407476 2026 01 15 08 25 41.84
0 -15281.49485 -12405.62913  16303.80286   2.0974908   0.7493926   2.5329742 2026 01 15 08 26 01.84
0 -15239.46681 -12390.65645  16354.38422   2.1053374   0.7478639   2.5251765 2026 01 15 08 26 21.84
0 -15197.28203 -12375.71463  16404.80938   2.1131639   0.7463068   2.5173547 2026 01 15 08 26 41.84
0 -15154.94093 -12360.80424  16455.07786   2.1209702   0.7447214   2.5095088 2026 01 15 08 27 01.84
0 -15112.44391 -12345.92584  16505.18919   2.1287561   0.7431077   2.5016389 2026 01 15 08 27 21.84
0 -15069.79138 -12331.08000  16555.14288   2.1365215   0.7414659   2.4937450 2026 01 15 08 27 41.84
0 -15026.98374 -12316.26727  16604.93845   2.1442662   0.7397960   2.4858274 2026 01 15 08 28 01.84
0 -14984.02142 -12301.48822  16654.57544   2.1519901   0.7380980   2.4778859 2026 01 15 08 28 21.84
0 -14940.90483 -12286.74341  16704.05336   2.1596930   0.7363721   2.4699208 2026 01 15 08 28 41.84
0 -14897.63439 -12272.03340  16753.37174   2.1673749   0.7346183   2.4619320 2026 01 15 08 29 01.84
0 -14854.21053 -12257.35874  16802.53011   2.1750356   0.7328367   2.4539197 2026 01 15 08 29 21.84
0 -14810.63367 -12242.72000  16851.52800   2.1826749   0.7310274   2.4458839 2026 01 15 08 29 41.84
0 -14766.90423 -12228.11771  16900.36495   2.1902928   0.7291904   2.4378248 2026 01 15 08 30 01.84
0 -14723.02266 -12213.55244  16949.04047   2.1978890   0.7273258   2.4297423 2026 01 15 08 30 21.84
0 -14678.98938 -12199.02474  16997.55412   2.2054634   0.7254338   2.4216365 2026 01 15 08 30 41.84
0 -14634.80483 -12184.53515  17045.90542   2.2130160   0.7235143   2.4135076 2026 01 15 08 31 01.84
0 -14590.46945 -12170.08423  17094.09391   2.2205465   0.7215675   2.4053556 2026 01 15 08 31 21.84
0 -14545.98368 -12155.67251  17142.11913   2.2280549   0.7195934   2.3971807 2026 01 15 08 31 41.84
0 -14501.34796 -12141.30055  17189.98062   2.2355409   0.7175922   2.3889827 2026 01 15 08 32 01.84
0 -14456.56275 -12126.96889  17237.67793   2.2430045   0.7155638   2.3807619 2026 01 15 08 32 21.84
0 -14411.62850 -12112.67806  17285.21059   2.2504456   0.7135084   2.3725184 2026 01 15 08 32 41.84
0 -14366.54565 -12098.42861  17332.57816   2.2578639   0.7114261   2.3642521 2026 01 15 08 33 01.84
0 -14321.31466 -12084.22107  17379.78017   2.2652594   0.7093169   2.3559632 2026 01 15 08 33 21.84
0 -14275.93599 -12070.05599  17426.81619   2.2726319   0.7071809   2.3476518 2026 01 15 08 33 41.84
0 -14230.41010 -12055.93390  17473.68575   2.2799814   0.7050183   2.3393179 2026 01 15 08 34 01.84
0 -14184.73746 -12041.85532  17520.38840   2.2873075   0.7028290   2.3309616 2026 01 15 08 34 21.84
0 -14138.91853 -12027.82079  17566.92372   2.2946104   0.7006132   2.3225830 2026 01 15 08 34 41.84
0 -14092.95377 -12013.83084  17613.29123   2.3018897   0.6983710   2.3141822 2026 01 15 08 35 01.84
0 -14046.84367 -11999.88601  17659.49051   2.3091454   0.6961025   2.3057593 2026 01 15 08 35 21.84
0 -14000.58869 -11985.98680  17705.52111   2.3163773   0.6938076   2.2973142 2026 01 15 08 35 41.84
0 -13954.18931 -11972.13376  17751.38259   2.3235853   0.6914866   2.2888472 2026 01 15 08 36 01.84
0 -13907.64601 -11958.32739  17797.07452   2.3307693   0.6891395   2.2803583 2026 01 15 08 36 21.84
0 -13860.95927 -11944.56823  17842.59644   2.3379292   0.6867664   2.2718475 2026 01 15 08 36 41.84
0 -13814.12958 -11930.85679  17887.94794   2.3450648   0.6843674   2.2633150 2026 01 15 08 37 01.84
0 -13767.15742 -11917.19359  17933.12856   2.3521760   0.6819425   2.2547609 2026 01 15 08 37 21.84
0 -13720.04328 -11903.57915  17978.13789   2.3592626   0.6794919   2.2461851 2026 01 15 08 37 41.84
0 -13672.78766 -11890.01397  18022.97549   2.3663246   0.6770157   2.2375878 2026 01 15 08 38 01.84
0 -13625.39104 -11876.49857  18067.64093   2.3733618   0.6745139   2.2289692 2026 01 15 08 38 21.84
0 -13577.85393 -11863.03347  18112.13379   2.3803741   0.6719866   2.2203291 2026 01 15 08 38 41.84
0 -13530.17683 -11849.61916  18156.45363   2.3873613   0.6694340   2.2116679 2026 01 15 08 39 01.84
0 -13482.36023 -11836.25616  18200.60003   2.3943234   0.6668561   2.2029854 2026 01 15 08 39 21.84
0 -13434.40464 -11822.94497  18244.57258   2.4012602   0.6642530   2.1942818 2026 01 15 08 39 41.84
0 -13386.31057 -11809.68609  18288.37084   2.4081715   0.6616248   2.1855573 2026 01 15 08 40 01.84
0 -13338.07853 -11796.48002  18331.99441   2.4150574   0.6589716   2.1768118 2026 01 15 08 40 21.84
0 -13289.70903 -11783.32727  18375.44286   2.4219175   0.6562935   2.1680454 2026 01 15 08 40 41.84
0 -13241.20259 -11770.22833  18418.71577   2.4287519   0.6535906   2.1592583 2026 01 15 08 41 01.84
0 -13192.55972 -11757.18370  18461.81273   2.4355604   0.6508630   2.1504505 2026 01 15 08 41 21.84
0 -13143.78094 -11744.19386  18504.73334   2.4423428   0.6481107   2.1416221 2026 01 15 08 41 41.84
0 -13094.86677 -11731.25932  18547.47717   2.4490991   0.6453340   2.1327732 2026 01 15 08 42 01.84
0 -13045.81774 -11718.38055  18590.04381   2.4558291   0.6425328   2.1239039 2026 01 15 08 42 21.84
0 -12996.63437 -11705.55805  18632.43287   2.4625327   0.6397073   2.1150142 2026 01 15 08 42 41.84
0 -12947.31720 -11692.79230  18674.64394   2.4692097   0.6368576   2.1061042 2026 01 15 08 43 01.84
0 -12897.86675 -11680.08379  18716.67660   2.4758602   0.6339837   2.0971741 2026 01 15 08 43 21.84
0 -12848.28356 -11667.43300  18758.53046   2.4824839   0.6310858   2.0882239 2026 01 15 08 43 41.84
0 -12798.56817 -11654.84040  18800.20512   2.4890807   0.6281640   2.0792536 2026 01 15 08 44 01.84
0 -12748.72111 -11642.30648  18841.70017   2.4956505   0.6252183   2.0702635 2026 01 15 08 44 21.84
0 -12698.74292 -11629.83171  18883.01522   2.5021932   0.6222490   2.0612535 2026 01 15 08 44 41.84
0 -12648.63416 -11617.41657  18924.14988   2.5087086   0.6192560   2.0522237 2026 01 15 08 45 01.84
0 -12598.39536 -11605.06152  18965.10374   2.5151968   0.6162394   2.0431743 2026 01 15 08 45 21.84
0 -12548.02707 -11592.76703  19005.87642   2.5216574   0.6131995   2.0341053 2026 01 15 08 45 41.84
0 -12497.52984 -11580.53358  19046.46752   2.5280905   0.6101362   2.0250168 2026 01 15 08 46 01.84
0 -12446.90423 -11568.36162  19086.87667   2.5344959   0.6070497   2.0159089 2026 01 15 08 46 21.84
0 -12396.15079 -11556.25163  19127.10346   2.5408734   0.6039402   2.0067816 2026 01 15 08 46 41.84
0 -12345.27008 -11544.20405  19167.14751   2.5472231   0.6008076   1.9976351 2026 01 15 08 47 01.84
0 -12294.26265 -11532.21936  19207.00845   2.5535447   0.5976521   1.9884695 2026 01 15 08 47 21.84
0 -12243.12908 -11520.29801  19246.68588   2.5598381   0.5944738   1.9792848 2026 01 15 08 47 41.84
0 -12191.86992 -11508.44045  19286.17943   2.5661033   0.5912728   1.9700811 2026 01 15 08 48 01.84
0 -12140.48574 -11496.64713  19325.48871   2.5723401   0.5880492   1.9608586 2026 01 15 08 48 21.84
0 -12088.97711 -11484.91851  19364.61336   2.5785484   0.5848032   1.9516172 2026 01 15 08 48 41.84
0 -12037.34460 -11473.25504  19403.55299   2.5847281   0.5815348   1.9423571 2026 01 15 08 49 01.84
0 -11985.58878 -11461.65716  19442.30724   2.5908791   0.5782441   1.9330784 2026 01 15 08 49 21.84
0 -11933.71023 -11450.12531  19480.87573   2.5970013   0.5749313   1.9237811 2026 01 15 08 49 41.84
0 -11881.70953 -11438.65994  19519.25808   2.6030945   0.5715965   1.9144654 2026 01 15 08 50 01.84
0 -11829.58725 -11427.26148  19557.45394   2.6091587   0.5682397   1.9051313 2026 01 15 08 50 21.84
0 -11777.34398 -11415.93038  19595.46294   2.6151937   0.5648611   1.8957790 2026 01 15 08 50 41.84
0 -11724.98031 -11404.66707  19633.28471   2.6211995   0.5614607   1.8864084 2026 01 15 08 51 01.84
0 -11672.49681 -11393.47198  19670.91889   2.6271759   0.5580388   1.8770198 2026 01 15 08 51 21.84
0 -11619.89408 -11382.34555  19708.36511   2.6331228   0.5545954   1.8676131 2026 01 15 08 51 41.84
0 -11567.17270 -11371.28819  19745.62302   2.6390402   0.5511306   1.8581885 2026 01 15 08 52 01.84
0 -11514.33328 -11360.30035  19782.69227   2.6449278   0.5476446   1.8487461 2026 01 15 08 52 21.84
0 -11461.37640 -11349.38244  19819.57248   2.6507857   0.5441374   1.8392860 2026 01 15 08 52 41.84
0 -11408.30266 -11338.53488  19856.26332   2.6566136   0.5406091   1.8298082 2026 01 15 08 53 01.84
0 -11355.11267 -11327.75810  19892.76443   2.6624116   0.5370600   1.8203128 2026 01 15 08 53 21.84
0 -11301.80701 -11317.05251  19929.07546   2.6681794   0.5334900   1.8107999 2026 01 15 08 53 41.84
0 -11248.38631 -11306.41852  19965.19606   2.6739171   0.5298993   1.8012697 2026 01 15 08 54 01.84
0 -11194.85115 -11295.85656  20001.12588   2.6796244   0.5262881   1.7917222 2026 01 15 08 54 21.84
0 -11141.20215 -11285.36703  20036.86457   2.6853013   0.5226563   1.7821574 2026 01 15 08 54 41.84
0 -11087.43992 -11274.95033  20072.41181   2.6909477   0.5190043   1.7725756 2026 01 15 08 55 01.84
0 -11033.56506 -11264.60688  20107.76723   2.6965634   0.5153320   1.7629767 2026 01 15 08 55 21.84
0 -10979.57820 -11254.33707  20142.93051   2.7021485   0.5116396   1.7533609 2026 01 15 08 55 41.84
0 -10925.47995 -11244.14131  20177.90131   2.7077027   0.5079272   1.7437283 2026 01 15 08 56 01.84
0 -10871.27092 -11234.02000  20212.67929   2.7132260   0.5041949   1.7340789 2026 01 15 08 56 21.84
0 -10816.95174 -11223.97354  20247.26411   2.7187183   0.5004428   1.7244129 2026 01 15 08 56 41.84
0 -10762.52302 -11214.00231  20281.65545   2.7241794   0.4966711   1.7147303 2026 01 15 08 57 01.84
0 -10707.98539 -11204.10671  20315.85297   2.7296094   0.4928799   1.7050312 2026 01 15 08 57 21.84
0 -10653.33947 -11194.28713  20349.85634   2.7350080   0.4890693   1.6953157 2026 01 15 08 57 41.84
0 -10598.58590 -11184.54396  20383.66525   2.7403752   0.4852394   1.6855839 2026 01 15 08 58 01.84
0 -10543.72530 -11174.87757  20417.27935   2.7457109   0.4813903   1.6758360 2026 01 15 08 58 21.84
0 -10488.75830 -11165.28836  20450.69834   2.7510150   0.4775222   1.6660719 2026 01 15 08 58 41.84
0 -10433.68553 -11155.77670  20483.92189   2.7562874   0.4736351   1.6562918 2026 01 15 08 59 01.84
0 -10378.50764 -11146.34297  20516.94968   2.7615280   0.4697293   1.6464958 2026 01 15 08 59 21.84
0 -10323.22525 -11136.98754  20549.78139   2.7667368   0.4658048   1.6366840 2026 01 15 08 59 41.84
0 -10267.83900 -11127.71079  20582.41670   2.7719135   0.4618617   1.6268564 2026 01 15 09 00 01.84
0 -10212.34954 -11118.51308  20614.85531   2.7770582   0.4579002   1.6170132 2026 01 15 09 00 21.84
0 -10156.75751 -11109.39479  20647.09690   2.7821708   0.4539204   1.6071545 2026 01 15 09 00 41.84
0 -10101.06356 -11100.35627  20679.14116   2.7872510   0.4499224   1.5972803 2026 01 15 09 01 01.84
0 -10045.26832 -11091.39790  20710.98779   2.7922989   0.4459063   1.5873907 2026 01 15 09 01 21.84
0  -9989.37244 -11082.52003  20742.63647   2.7973144   0.4418723   1.5774858 2026 01 15 09 01 41.84
0  -9933.37658 -11073.72301  20774.08690   2.8022974   0.4378205   1.5675658 2026 01 15 09 02 01.84
0  -9877.28139 -11065.00721  20805.33878   2.8072477   0.4337510   1.5576307 2026 01 15 09 02 21.84
0  -9821.08752 -11056.37298  20836.39181   2.8121654   0.4296640   1.5476806 2026 01 15 09 02 41.84
0  -9764.79563 -11047.82066  20867.24569   2.8170502   0.4255595   1.5377156 2026 01 15 09 03 01.84
0  -9708.40636 -11039.35060  20897.90012   2.8219022   0.4214377   1.5277358 2026 01 15 09 03 21.84
0  -9651.92039 -11030.96315  20928.35482   2.8267212   0.4172987   1.5177414 2026 01 15 09 03 41.84
0  -9595.33837 -11022.65866  20958.60947   2.8315072   0.4131427   1.5077323 2026 01 15 09 04 01.84
0  -9538.66095 -11014.43745  20988.66380   2.8362600   0.4089697   1.4977086 2026 01 15 09 04 21.84
0  -9481.88882 -11006.29987  21018.51751   2.8409796   0.4047799   1.4876706 2026 01 15 09 04 41.84
0  -9425.02262 -10998.24625  21048.17032   2.8456659   0.4005735   1.4776183 2026 01 15 09 05 01.84
0  -9368.06304 -10990.27693  21077.62195   2.8503189   0.3963505   1.4675517 2026 01 15 09 05 21.84
0  -9311.01073 -10982.39223  21106.87210   2.8549383   0.3921112   1.4574710 2026 01 15 09 05 41.84
0  -9253.86636 -10974.59248  21135.92049   2.8595242   0.3878555   1.4473762 2026 01 15 09 06 01.84
0  -9196.63062 -10966.87800  21164.76685   2.8640764   0.3835837   1.4372675 2026 01 15 09 06 21.84
0  -9139.30417 -10959.24912  21193.41090   2.8685950   0.3792958   1.4271449 2026 01 15 09 06 41.84
0  -9081.88768 -10951.70616  21221.85236   2.8730797   0.3749921   1.4170086 2026 01 15 09 07 01.84
0  -9024.38184 -10944.24943  21250.09096   2.8775306   0.3706726   1.4068587 2026 01 15 09 07 21.84
0  -8966.78732 -10936.87925  21278.12643   2.8819475   0.3663375   1.3966952 2026 01 15 09 07 41.84
0  -8909.10481 -10929.59593  21305.95849   2.8863304   0.3619869   1.3865182 2026 01 15 09 08 01.84
0  -8851.33498 -10922.39977  21333.58688   2.8906791   0.3576209   1.3763279 2026 01 15 09 08 21.84
0  -8793.47851 -10915.29108  21361.01133   2.8949937   0.3532396   1.3661242 2026 01 15 09 08 41.84
0  -8735.53610 -10908.27017  21388.23157   2.8992740   0.3488433   1.3559074 2026 01 15 09 09 01.84
0  -8677.50842 -10901.33734  21415.24735   2.9035199   0.3444320   1.3456776 2026 01 15 09 09 21.84
0  -8619.39617 -10894.49288  21442.05841   2.9077315   0.3400059   1.3354347 2026 01 15 09 09 41.84
0  -8561.20003 -10887.73709  21468.66448   2.9119085   0.3355650   1.3251790 2026 01 15 09 10 01.84
0  -8502.92070 -10881.07026  21495.06530   2.9160510   0.3311096   1.3149105 2026 01 15 09 10 21.84
0  -8444.55886 -10874.49269  21521.26064   2.9201589   0.3266398   1.3046293 2026 01 15 09 10 41.84
0  -8386.11522 -10868.00465  21547.25022   2.9242320   0.3221557   1.2943355 2026 01 15 09 11 01.84
0  -8327.59046 -10861.60644  21573.03380   2.9282703   0.3176574   1.2840292 2026 01 15 09 11 21.84
0  -8268.98528 -10855.29834  21598.61113   2.9322738   0.3131450   1.2737106 2026 01 15 09 11 41.84
0  -8210.30038 -10849.08062  21623.98197   2.9362424   0.3086188   1.2633796 2026 01 15 09 12 01.84
0  -8151.53646 -10842.95357  21649.14606   2.9401760   0.3040788   1.2530364 2026 01 15 09 12 21.84
0  -8092.69422 -10836.91745  21674.10318   2.9440745   0.2995252   1.2426811 2026 01 15 09 12 41.84
0  -8033.77436 -10830.97254  21698.85306   2.9479378   0.2949582   1.2323138 2026 01 15 09 13 01.84
0  -7974.77759 -10825.11910  21723.39549   2.9517660   0.2903777   1.2219347 2026 01 15 09 13 21.84
0  -7915.70460 -10819.35740  21747.73021   2.9555588   0.2857841   1.2115437 2026 01 15 09 13 41.84
0  -7856.55612 -10813.68771  21771.85699   2.9593164   0.2811774   1.2011410 2026 01 15 09 14 01.84
0  -7797.33283 -10808.11028  21795.77561   2.9630385   0.2765577   1.1907267 2026 01 15 09 14 21.84
0  -7738.03546 -10802.62538  21819.48583   2.9667252   0.2719252   1.1803008 2026 01 15 09 14 41.84
0  -7678.66471 -10797.23325  21842.98741   2.9703763   0.2672801   1.1698636 2026 01 15 09 15 01.84
0  -7619.22129 -10791.93415  21866.28014   2.9739918   0.2626225   1.1594151 2026 01 15 09 15 21.84
0  -7559.70592 -10786.72832  21889.36379   2.9775717   0.2579525   1.1489553 2026 01 15 09 15 41.84
0  -7500.11931 -10781.61602  21912.23813   2.9811158   0.2532702   1.1384844 2026 01 15 09 16 01.84
0  -7440.46218 -10776.59748  21934.90294   2.9846242   0.2485758   1.1280025 2026 01 15 09 16 21.84
0  -7380.73523 -10771.67295  21957.35801   2.9880967   0.2438695   1.1175097 2026 01 15 09 16 41.84
0  -7320.93920 -10766.84267  21979.60311   2.9915333   0.2391514   1.1070061 2026 01 15 09 17 01.84
0  -7261.07479 -10762.10686  22001.63804   2.9949339   0.2344215   1.0964918 2026 01 15 09 17 21.84
0  -7201.14273 -10757.46577  22023.46257   2.9982984   0.2296801   1.0859668 2026 01 15 09 17 41.84
0  -7141.14375 -10752.91962  22045.07650   3.0016269   0.2249273   1.0754313 2026 01 15 09 18 01.84
0  -7081.07855 -10748.46864  22066.47961   3.0049192   0.2201633   1.0648854 2026 01 15 09 18 21.84
0  -7020.94787 -10744.11306  22087.67171   3.0081754   0.2153881   1.0543292 2026 01 15 09 18 41.84
0  -6960.75243 -10739.85308  22108.65258   3.0113952   0.2106019   1.0437628 2026 01 15 09 19 01.84
0  -6900.49296 -10735.68894  22129.42202   3.0145788   0.2058049   1.0331863 2026 01 15 09 19 21.84
0  -6840.17018 -10731.62084  22149.97983   3.0177259   0.2009973   1.0225997 2026 01 15 09 19 41.84
0  -6779.78482 -10727.64901  22170.32581   3.0208367   0.1961790   1.0120032 2026 01 15 09 20 01.84
0  -6719.33761 -10723.77364  22190.45977   3.0239109   0.1913503   1.0013969 2026 01 15 09 20 21.84
0  -6658.82928 -10719.99495  22210.38150   3.0269486   0.1865114   0.9907809 2026 01 15 09 20 41.84
0  -6598.26056 -10716.31314  22230.09081   3.0299497   0.1816624   0.9801553 2026 01 15 09 21 01.84
0  -6537.63219 -10712.72841  22249.58752   3.0329142   0.1768033   0.9695202 2026 01 15 09 21 21.84
0  -6476.94489 -10709.24096  22268.87143   3.0358420   0.1719344   0.9588756 2026 01 15 09 21 41.84
0  -6416.19941 -10705.85099  22287.94236   3.0387330   0.1670559   0.9482217 2026 01 15 09 22 01.84
0  -6355.39647 -10702.55868  22306.80012   3.0415872   0.1621677   0.9375587 2026 01 15 09 22 21.84
0  -6294.53682 -10699.36423  22325.44453   3.0444046   0.1572702   0.9268865 2026 01 15 09 22 41.84
0  -6233.62119 -10696.26782  22343.87541   3.0471851   0.1523634   0.9162053 2026 01 15 09 23 01.84
0  -6172.65032 -10693.26964  22362.09257   3.0499286   0.1474475   0.9055152 2026 01 15 09 23 21.84
0  -6111.62495 -10690.36987  22380.09585   3.0526351   0.1425226   0.8948163 2026 01 15 09 23 41.84
0  -6050.54582 -10687.56869  22397.88505   3.0553047   0.1375888   0.8841087 2026 01 15 09 24 01.84
0  -5989.41367 -10684.86627  22415.46003   3.0579371   0.1326464   0.8733925 2026 01 15 09 24 21.84
0  -5928.22924 -10682.26278  22432.82059   3.0605324   0.1276954   0.8626678 2026 01 15 09 24 41.84
0  -5866.99328 -10679.75839  22449.96658   3.0630905   0.1227361   0.8519347 2026 01 15 09 25 01.84
0  -5805.70653 -10677.35328  22466.89782   3.0656114   0.1177685   0.8411933 2026 01 15 09 25 21.84
0  -5744.36973 -10675.04759  22483.61415   3.0680951   0.1127928   0.8304437 2026 01 15 09 25 41.84
0  -5682.98364 -10672.84151  22500.11541   3.0705414   0.1078091   0.8196860 2026 01 15 09 26 01.84
0  -5621.54899 -10670.73517  22516.40144   3.0729504   0.1028176   0.8089203 2026 01 15 09 26 21.84
0  -5560.06653 -10668.72874  22532.47207   3.0753220   0.0978185   0.7981467 2026 01 15 09 26 41.84
0  -5498.53702 -10666.82237  22548.32716   3.0776562   0.0928118   0.7873654 2026 01 15 09 27 01.84
0  -5436.96119 -10665.01621  22563.96654   3.0799529   0.0877978   0.7765763 2026 01 15 09 27 21.84
0  -5375.33981 -10663.31039  22579.39007   3.0822121   0.0827765   0.7657797 2026 01 15 09 27 41.84
0  -5313.67362 -10661.70508  22594.59759   3.0844338   0.0777482   0.7549756 2026 01 15 09 28 01.84
0  -5251.96337 -10660.20040  22609.58896   3.0866178   0.0727129   0.7441641 2026 01 15 09 28 21.84
0  -5190.20982 -10658.79650  22624.36402   3.0887643   0.0676708   0.7333454 2026 01 15 09 28 41.84
0  -5128.41371 -10657.49350  22638.92264   3.0908731   0.0626222   0.7225195 2026 01 15 09 29 01.84
0  -5066.57581 -10656.29154  22653.26467   3.0929442   0.0575670   0.7116865 2026 01 15 09 29 21.84
0  -5004.69686 -10655.19075  22667.38997   3.0949776   0.0525055   0.7008465 2026 01 15 09 29 41.84
0  -4942.77762 -10654.19125  22681.29841   3.0969732   0.0474377   0.6899997 2026 01 15 09 30 01.84
0  -4880.81884 -10653.29317  22694.98984   3.0989311   0.0423640   0.6791461 2026 01 15 09 30 21.84
0  -4818.82129 -10652.49662  22708.46413   3.1008511   0.0372843   0.6682859 2026 01 15 09 30 41.84
0  -4756.78571 -10651.80172  22721.72116   3.1027332   0.0321989   0.6574191 2026 01 15 09 31 01.84
0  -4694.71288 -10651.20859  22734.76078   3.1045775   0.0271079   0.6465459 2026 01 15 09 31 21.84
0  -4632.60353 -10650.71733  22747.58288   3.1063838   0.0220115   0.6356663 2026 01 15 09 31 41.84
0  -4570.45844 -10650.32806  22760.18732   3.1081522   0.0169097   0.6247805 2026 01 15 09 32 01.84
0  -4508.27836 -10650.04087  22772.57399   3.1098827   0.0118028   0.6138885 2026 01 15 09 32 21.84
0  -4446.06405 -10649.85587  22784.74276   3.1115751   0.0066909   0.6029905 2026 01 15 09 32 41.84
0  -4383.81627 -10649.77315  22796.69351   3.1132294   0.0015741   0.5920866 2026 01 15 09 33 01.84
0  -4321.53579 -10649.79282  22808.42612   3.1148457  -0.0035474   0.5811769 2026 01 15 09 33 21.84
0  -4259.22336 -10649.91497  22819.94049   3.1164240  -0.0086734   0.5702614 2026 01 15 09 33 41.84
0  -4196.87975 -10650.13968  22831.23648   3.1179641  -0.0138039   0.5593403 2026 01 15 09 34 01.84
0  -4134.50572 -10650.46704  22842.31400   3.1194660  -0.0189385   0.5484137 2026 01 15 09 34 21.84
0  -4072.10203 -10650.89713  22853.17294   3.1209298  -0.0240774   0.5374816 2026 01 15 09 34 41.84
0  -4009.66945 -10651.43005  22863.81318   3.1223555  -0.0292201   0.5265443 2026 01 15 09 35 01.84
0  -3947.20873 -10652.06585  22874.23462   3.1237429  -0.0343667   0.5156018 2026 01 15 09 35 21.84
0  -3884.72065 -10652.80463  22884.43716   3.1250920  -0.0395169   0.5046541 2026 01 15 09 35 41.84
0  -3822.20597 -10653.64644  22894.42070   3.1264030  -0.0446706   0.4937015 2026 01 15 09 36 01.84
0  -3759.66546 -10654.59136  22904.18514   3.1276756  -0.0498277   0.4827439 2026 01 15 09 36 21.84
0  -3697.09987 -10655.63946  22913.73038   3.1289100  -0.0549880   0.4717816 2026 01 15 09 36 41.84
0  -3634.50998 -10656.79079  22923.05633   3.1301060  -0.0601514   0.4608146 2026 01 15 09 37 01.84
0  -3571.89655 -10658.04542  22932.16290   3.1312637  -0.0653176   0.4498430 2026 01 15 09 37 21.84
0  -3509.26035 -10659.40340  22941.04998   3.1323831  -0.0704867   0.4388669 2026 01 15 09 37 41.84
0  -3446.60215 -10660.86479  22949.71751   3.1334641  -0.0756583   0.4278865 2026 01 15 09 38 01.84
0  -3383.92271 -10662.42964  22958.16538   3.1345067  -0.0808324   0.4169018 2026 01 15 09 38 21.84
0  -3321.22281 -10664.09799  22966.39351   3.1355109  -0.0860087   0.4059129 2026 01 15 09 38 41.84
0  -3258.50320 -10665.86989  22974.40183   3.1364767  -0.0911873   0.3949200 2026 01 15 09 39 01.84
0  -3195.76466 -10667.74538  22982.19026   3.1374041  -0.0963678   0.3839231 2026 01 15 09 39 21.84
0  -3133.00796 -10669.72450  22989.75870   3.1382930  -0.1015502   0.3729224 2026 01 15 09 39 41.84
0  -3070.23386 -10671.80729  22997.10710   3.1391435  -0.1067343   0.3619179 2026 01 15 09 40 01.84
0  -3007.44314 -10673.99377  23004.23537   3.1399556  -0.1119199   0.3509098 2026 01 15 09 40 21.84
0  -2944.63657 -10676.28398  23011.14344   3.1407291  -0.1171070   0.3398982 2026 01 15 09 40 41.84
0  -2881.81490 -10678.67795  23017.83125   3.1414642  -0.1222952   0.3288831 2026 01 15 09 41 01.84
0  -2818.97893 -10681.17569  23024.29872   3.1421607  -0.1274846   0.3178647 2026 01 15 09 41 21.84
0  -2756.12940 -10683.77723  23030.54580   3.1428188  -0.1326749   0.3068431 2026 01 15 09 41 41.84
0  -2693.26710 -10686.48258  23036.57241   3.1434383  -0.1378660   0.2958183 2026 01 15 09 42 01.84
0  -2630.39279 -10689.29176  23042.37850   3.1440194  -0.1430578   0.2847906 2026 01 15 09 42 21.84
0  -2567.50725 -10692.20478  23047.96400   3.1445619  -0.1482500   0.2737599 2026 01 15 09 42 41.84
0  -2504.61124 -10695.22165  23053.32886   3.1450658  -0.1534426   0.2627265 2026 01 15 09 43 01.84
0  -2441.70554 -10698.34238  23058.47303   3.1455313  -0.1586354   0.2516903 2026 01 15 09 43 21.84
0  -2378.79092 -10701.56696  23063.39645   3.1459581  -0.1638282   0.2406516 2026 01 15 09 43 41.84
0  -2315.86814 -10704.89539  23068.09907   3.1463465  -0.1690209   0.2296104 2026 01 15 09 44 01.84
0  -2252.93799 -10708.32768  23072.58085   3.1466962  -0.1742133   0.2185668 2026 01 15 09 44 21.84
0  -2190.00122 -10711.86381  23076.84172   3.1470075  -0.1794054   0.2075209 2026 01 15 09 44 41.84
0  -2127.05862 -10715.50378  23080.88167   3.1472801  -0.1845968   0.1964729 2026 01 15 09 45 01.84
0  -2064.11094 -10719.24757  23084.70063   3.1475143  -0.1897875   0.1854227 2026 01 15 09 45 21.84
0  -2001.15897 -10723.09516  23088.29856   3.1477098  -0.1949774   0.1743707 2026 01 15 09 45 41.84
0  -1938.20348 -10727.04654  23091.67544   3.1478668  -0.2001662   0.1633168 2026 01 15 09 46 01.84
0  -1875.24523 -10731.10169  23094.83123   3.1479852  -0.2053539   0.1522611 2026 01 15 09 46 21.84
0  -1812.28499 -10735.26057  23097.76588   3.1480651  -0.2105402   0.1412038 2026 01 15 09 46 41.84
0  -1749.32355 -10739.52317  23100.47938   3.1481065  -0.2157250   0.1301449 2026 01 15 09 47 01.84
0  -1686.36166 -10743.88945  23102.97168   3.1481093  -0.2209083   0.1190846 2026 01 15 09 47 21.84
0  -1623.40011 -10748.35938  23105.24277   3.1480735  -0.2260897   0.1080230 2026 01 15 09 47 41.84
0  -1560.43965 -10752.93292  23107.29261   3.1479992  -0.2312692   0.0969602 2026 01 15 09 48 01.84
0  -1497.48106 -10757.61002  23109.12119   3.1478864  -0.2364466   0.0858963 2026 01 15 09 48 21.84
0  -1434.52512 -10762.39065  23110.72847   3.1477350  -0.2416218   0.0748313 2026 01 15 09 48 41.84
0  -1371.57259 -10767.27477  23112.11445   3.1475451  -0.2467946   0.0637654 2026 01 15 09 49 01.84
0  -1308.62424 -10772.26231  23113.27911   3.1473167  -0.2519649   0.0526988 2026 01 15 09 49 21.84
0  -1245.68085 -10777.35323  23114.22242   3.1470498  -0.2571325   0.0416314 2026 01 15 09 49 41.84
0  -1182.74318 -10782.54748  23114.94439   3.1467444  -0.2622973   0.0305635 2026 01 15 09 50 01.84
0  -1119.81200 -10787.84499  23115.44499   3.1464006  -0.2674590   0.0194951 2026 01 15 09 50 21.84
0  -1056.88808 -10793.24571  23115.72421   3.1460182  -0.2726176   0.0084263 2026 01 15 09 50 41.84
0   -993.97220 -10798.74956  23115.78206   3.1455974  -0.2777730  -0.0026428 2026 01 15 09 51 01.84
0   -931.06511 -10804.35649  23115.61853   3.1451381  -0.2829249  -0.0137121 2026 01 15 09 51 21.84
0   -868.16760 -10810.06642  23115.23362   3.1446404  -0.2880732  -0.0247814 2026 01 15 09 51 41.84
0   -805.28042 -10815.87928  23114.62731   3.1441042  -0.2932177  -0.0358506 2026 01 15 09 52 01.84
0   -742.40435 -10821.79499  23113.79963   3.1435297  -0.2983584  -0.0469197 2026 01 15 09 52 21.84
0   -679.54016 -10827.81348  23112.75057   3.1429167  -0.3034950  -0.0579886 2026 01 15 09 52 41.84
0   -616.68861 -10833.93465  23111.48013   3.1422654  -0.3086274  -0.0690571 2026 01 15 09 53 01.84
0   -553.85047 -10840.15843  23109.98833   3.1415757  -0.3137555  -0.0801251 2026 01 15 09 53 21.84
0   -491.02651 -10846.48473  23108.27517   3.1408476  -0.3188791  -0.0911925 2026 01 15 09 53 41.84
0   -428.21749 -10852.91345  23106.34068   3.1400812  -0.3239980  -0.1022593 2026 01 15 09 54 01.84
0   -365.42419 -10859.44451  23104.18486   3.1392765  -0.3291121  -0.1133253 2026 01 15 09 54 21.84
0   -302.64736 -10866.07779  23101.80772   3.1384336  -0.3342213  -0.1243904 2026 01 15 09 54 41.84
0   -239.88777 -10872.81321  23099.20930   3.1375523  -0.3393254  -0.1354545 2026 01 15 09 55 01.84
0   -177.14619 -10879.65066  23096.38960   3.1366328  -0.3444242  -0.1465175 2026 01 15 09 55 21.84
0   -114.42338 -10886.59004  23093.34866   3.1356750  -0.3495177  -0.1575793 2026 01 15 09 55 41.84
0    -51.72011 -10893.63122  23090.08650   3.1346791  -0.3546056  -0.1686398 2026 01 15 09 56 01.84
0     10.96286 -10900.77411  23086.60314   3.1336449  -0.3596878  -0.1796989 2026 01 15 09 56 21.84
0     73.62476 -10908.01858  23082.89861   3.1325726  -0.3647641  -0.1907564 2026 01 15 09 56 41.84
0    136.26484 -10915.36452  23078.97296   3.1314621  -0.3698345  -0.2018123 2026 01 15 09 57 01.84
0    198.88232 -10922.81181  23074.82620   3.1303136  -0.3748987  -0.2128665 2026 01 15 09 57 21.84
0    261.47646 -10930.36032  23070.45838   3.1291269  -0.3799566  -0.2239188 2026 01 15 09 57 41.84
0    324.04648 -10938.00992  23065.86953   3.1279022  -0.3850081  -0.2349692 2026 01 15 09 58 01.84
0    386.59162 -10945.76049  23061.05969   3.1266394  -0.3900530  -0.2460176 2026 01 15 09 58 21.84
0    449.11113 -10953.61189  23056.02891   3.1253387  -0.3950912  -0.2570638 2026 01 15 09 58 41.84
0    511.60425 -10961.56398  23050.77723   3.1239999  -0.4001224  -0.2681077 2026 01 15 09 59 01.84
0    574.07021 -10969.61662  23045.30469   3.1226232  -0.4051466  -0.2791492 2026 01 15 09 59 21.84
0    636.50825 -10977.76968  23039.61135   3.1212086  -0.4101637  -0.2901883 2026 01 15 09 59 41.84
0    698.91763 -10986.02301  23033.69726   3.1197561  -0.4151734  -0.3012248 2026 01 15 10 00 01.84
0    761.29758 -10994.37646  23027.56246   3.1182657  -0.4201756  -0.3122586 2026 01 15 10 00 21.84
0    823.64734 -11002.82987  23021.20701   3.1167376  -0.4251702  -0.3232897 2026 01 15 10 00 41.84
0    885.96616 -11011.38310  23014.63098   3.1151716  -0.4301570  -0.3343178 2026 01 15 10 01 01.84
0    948.25328 -11020.03599  23007.83441   3.1135678  -0.4351359  -0.3453429 2026 01 15 10 01 21.84
0   1010.50795 -11028.78837  23000.81737   3.1119264  -0.4401067  -0.3563650 2026 01 15 10 01 41.84
0   1072.72942 -11037.64009  22993.57992   3.1102472  -0.4450693  -0.3673838 2026 01 15 10 02 01.84
0   1134.91692 -11046.59098  22986.12213   3.1085304  -0.4500235  -0.3783993 2026 01 15 10 02 21.84
0   1197.06971 -11055.64087  22978.44406   3.1067759  -0.4549692  -0.3894114 2026 01 15 10 02 41.84
0   1259.18704 -11064.78958  22970.54579   3.1049839  -0.4599063  -0.4004199 2026 01 15 10 03 01.84
0   1321.26815 -11074.03695  22962.42739   3.1031544  -0.4648345  -0.4114249 2026 01 15 10 03 21.84
0   1383.31230 -11083.38279  22954.08892   3.1012873  -0.4697538  -0.4224260 2026 01 15 10 03 41.84
0   1445.31873 -11092.82693  22945.53047   3.0993827  -0.4746640  -0.4334234 2026 01 15 10 04 01.84
0   1507.28669 -11102.36918  22936.75212   3.0974408  -0.4795649  -0.4444168 2026 01 15 10 04 21.84
0   1569.21544 -11112.00935  22927.75393   3.0954614  -0.4844564  -0.4554061 2026 01 15 10 04 41.84
0   1631.10423 -11121.74726  22918.53601   3.0934447  -0.4893384  -0.4663913 2026 01 15 10 05 01.84
0   1692.95232 -11131.58271  22909.09842   3.0913907  -0.4942107  -0.4773722 2026 01 15 10 05 21.84
0   1754.75895 -11141.51551  22899.44126   3.0892995  -0.4990732  -0.4883488 2026 01 15 10 05 41.84
0   1816.52338 -11151.54546  22889.56461   3.0871710  -0.5039257  -0.4993208 2026 01 15 10 06 01.84
0   1878.24488 -11161.67236  22879.46857   3.0850053  -0.5087681  -0.5102883 2026 01 15 10 06 21.84
0   1939.92268 -11171.89601  22869.15322   3.0828025  -0.5136002  -0.5212512 2026 01 15 10 06 41.84
0   2001.55606 -11182.21619  22858.61867   3.0805627  -0.5184219  -0.5322092 2026 01 15 10 07 01.84
0   2063.14428 -11192.63271  22847.86501   3.0782858  -0.5232331  -0.5431623 2026 01 15 10 07 21.84
0   2124.68658 -11203.14534  22836.89233   3.0759719  -0.5280335  -0.5541105 2026 01 15 10 07 41.84
0   2186.18224 -11213.75387  22825.70074   3.0736210  -0.5328231  -0.5650535 2026 01 15 10 08 01.84
0   2247.63052 -11224.45808  22814.29035   3.0712333  -0.5376018  -0.5759913 2026 01 15 10 08 21.84
0   2309.03066 -11235.25775  22802.66125   3.0688087  -0.5423693  -0.5869238 2026 01 15 10 08 41.84
0   2370.38196 -11246.15266  22790.81356   3.0663473  -0.5471255  -0.5978509 2026 01 15 10 09 01.84
0   2431.68365 -11257.14259  22778.74738   3.0638492  -0.5518703  -0.6087725 2026 01 15 10 09 21.84
0   2492.93502 -11268.22729  22766.46283   3.0613144  -0.5566035  -0.6196885 2026 01 15 10 09 41.84
0   2554.13532 -11279.40654  22753.96001   3.0587429  -0.5613251  -0.6305987 2026 01 15 10 10 01.84
0   2615.28383 -11290.68010  22741.23905   3.0561349  -0.5660348  -0.6415031 2026 01 15 10 10 21.84
0   2676.37981 -11302.04774  22728.30007   3.0534903  -0.5707325  -0.6524015 2026 01 15 10 10 41.84
0   2737.42253 -11313.50921  22715.14317   3.0508092  -0.5754180  -0.6632939 2026 01 15 10 11 01.84
0   2798.41127 -11325.06427  22701.76849   3.0480917  -0.5800914  -0.6741802 2026 01 15 10 11 21.84
0   2859.34530 -11336.71268  22688.17615   3.0453379  -0.5847523  -0.6850602 2026 01 15 10 11 41.84
0   2920.22389 -11348.45417  22674.36627   3.0425477  -0.5894006  -0.6959338 2026 01 15 10 12 01.84
0   2981.04630 -11360.28851  22660.33899   3.0397212  -0.5940363  -0.7068010 2026 01 15 10 12 21.84
0   3041.81183 -11372.21543  22646.09442   3.0368585  -0.5986591  -0.7176616 2026 01 15 10 12 41.84
0   3102.51974 -11384.23468  22631.63271   3.0339597  -0.6032689  -0.7285156 2026 01 15 10 13 01.84
0   3163.16932 -11396.34599  22616.95400   3.0310248  -0.6078656  -0.7393627 2026 01 15 10 13 21.84
0   3223.75984 -11408.54910  22602.05840   3.0280539  -0.6124491  -0.7502030 2026 01 15 10 13 41.84
0   3284.29057 -11420.84376  22586.94608   3.0250470  -0.6170192  -0.7610364 2026 01 15 10 14 01.84
0   3344.76082 -11433.22967  22571.61715   3.0220042  -0.6215757  -0.7718626 2026 01 15 10 14 21.84
0   3405.16984 -11445.70659  22556.07178   3.0189255  -0.6261186  -0.7826816 2026 01 15 10 14 41.84
0   3465.51694 -11458.27422  22540.31010   3.0158111  -0.6306477  -0.7934934 2026 01 15 10 15 01.84
0   3525.80139 -11470.93229  22524.33226   3.0126609  -0.6351628  -0.8042977 2026 01 15 10 15 21.84
0   3586.02248 -11483.68053  22508.13840   3.0094751  -0.6396638  -0.8150946 2026 01 15 10 15 41.84
0   3646.17950 -11496.51864  22491.72869   3.0062536  -0.6441506  -0.8258838 2026 01 15 10 16 01.84
0   3706.27173 -11509.44635  22475.10327   3.0029967  -0.6486230  -0.8366654 2026 01 15 10 16 21.84
0   3766.29847 -11522.46336  22458.26230   2.9997042  -0.6530809  -0.8474391 2026 01 15 10 16 41.84
0   3826.25901 -11535.56938  22441.20593   2.9963764  -0.6575242  -0.8582049 2026 01 15 10 17 01.84
0   3886.15264 -11548.76412  22423.93433   2.9930132  -0.6619528  -0.8689627 2026 01 15 10 17 21.84
0   3945.97865 -11562.04729  22406.44765   2.9896148  -0.6663664  -0.8797124 2026 01 15 10 17 41.84
0   4005.73634 -11575.41857  22388.74606   2.9861812  -0.6707649  -0.8904539 2026 01 15 10 18 01.84
0   4065.42501 -11588.87767  22370.82973   2.9827124  -0.6751483  -0.9011870 2026 01 15 10 18 21.84
0   4125.04395 -11602.42429  22352.69882   2.9792086  -0.6795163  -0.9119117 2026 01 15 10 18 41.84
0   4184.59246 -11616.05812  22334.35350   2.9756698  -0.6838690  -0.9226279 2026 01 15 10 19 01.84
0   4244.06985 -11629.77884  22315.79395   2.9720960  -0.6882060  -0.9333354 2026 01 15 10 19 21.84
0   4303.47542 -11643.58615  22297.02033   2.9684875  -0.6925273  -0.9440342 2026 01 15 10 19 41.84
0   4362.80847 -11657.47972  22278.03283   2.9648441  -0.6968327  -0.9547241 2026 01 15 10 20 01.84
0   4422.06830 -11671.45924  22258.83161   2.9611660  -0.7011221  -0.9654051 2026 01 15 10 20 21.84
0   4481.25422 -11685.52439  22239.41687   2.9574533  -0.7053955  -0.9760771 2026 01 15 10 20 41.84
0   4540.36555 -11699.67485  22219.78878   2.9537060  -0.7096525  -0.9867399 2026 01 15 10 21 01.84
0   4599.40158 -11713.91028  22199.94753   2.9499243  -0.7138932  -0.9973935 2026 01 15 10 21 21.84
0   4658.36164 -11728.23036  22179.89330   2.9461081  -0.7181173  -1.0080377 2026 01 15 10 21 41.84
0   4717.24503 -11742.63476  22159.62629   2.9422576  -0.7223248  -1.0186724 2026 01 15 10 22 01.84
0   4776.05107 -11757.12314  22139.14667   2.9383729  -0.7265155  -1.0292976 2026 01 15 10 22 21.84
0   4834.77907 -11771.69516  22118.45465   2.9344539  -0.7306893  -1.0399132 2026 01 15 10 22 41.84
0   4893.42835 -11786.35049  22097.55041   2.9305009  -0.7348460  -1.0505190 2026 01 15 10 23 01.84
0   4951.99823 -11801.08879  22076.43416   2.9265138  -0.7389856  -1.0611149 2026 01 15 10 23 21.84
0   5010.48803 -11815.90970  22055.10609   2.9224928  -0.7431078  -1.0717008 2026 01 15 10 23 41.84
0   5068.89707 -11830.81288  22033.56641   2.9184380  -0.7472126  -1.0822767 2026 01 15 10 24 01.84
0   5127.22467 -11845.79798  22011.81530   2.9143493  -0.7512999  -1.0928424 2026 01 15 10 24 21.84
0   5185.47017 -11860.86465  21989.85299   2.9102269  -0.7553694  -1.1033978 2026 01 15 10 24 41.84
0   5243.63288 -11876.01254  21967.67967   2.9060709  -0.7594211  -1.1139429 2026 01 15 10 25 01.84
0   5301.71214 -11891.24128  21945.29556   2.9018814  -0.7634548  -1.1244775 2026 01 15 10 25 21.84
0   5359.70727 -11906.55051  21922.70087   2.8976584  -0.7674705  -1.1350015 2026 01 15 10 25 41.84
0   5417.61760 -11921.93987  21899.89579   2.8934020  -0.7714679  -1.1455148 2026 01 15 10 26 01.84
0   5475.44248 -11937.40900  21876.88057   2.8891124  -0.7754470  -1.1560174 2026 01 15 10 26 21.84
0   5533.18123 -11952.95753  21853.65540   2.8847895  -0.7794077  -1.1665091 2026 01 15 10 26 41.84
0   5590.83320 -11968.58508  21830.22050   2.8804335  -0.7833497  -1.1769898 2026 01 15 10 27 01.84
0   5648.39771 -11984.29129  21806.57611   2.8760445  -0.7872730  -1.1874594 2026 01 15 10 27 21.84
0   5705.87411 -12000.07578  21782.72243   2.8716225  -0.7911775  -1.1979178 2026 01 15 10 27 41.84
0   5763.26175 -12015.93816  21758.65970   2.8671676  -0.7950630  -1.2083650 2026 01 15 10 28 01.84
0   5820.55996 -12031.87807  21734.38814   2.8626800  -0.7989294  -1.2188008 2026 01 15 10 28 21.84
0   5877.76809 -12047.89511  21709.90798   2.8581597  -0.8027765  -1.2292251 2026 01 15 10 28 41.84
0   5934.88549 -12063.98890  21685.21945   2.8536068  -0.8066044  -1.2396378 2026 01 15 10 29 01.84
0   5991.91151 -12080.15905  21660.32278   2.8490214  -0.8104127  -1.2500388 2026 01 15 10 29 21.84
0   6048.84549 -12096.40518  21635.21822   2.8444035  -0.8142015  -1.2604281 2026 01 15 10 29 41.84
0   6105.68679 -12112.72688  21609.90598   2.8397534  -0.8179705  -1.2708054 2026 01 15 10 30 01.84
0   6162.43477 -12129.12377  21584.38632   2.8350710  -0.8217197  -1.2811708 2026 01 15 10 30 21.84
0   6219.08878 -12145.59544  21558.65948   2.8303564  -0.8254489  -1.2915241 2026 01 15 10 30 41.84
0   6275.64818 -12162.14149  21532.72569   2.8256098  -0.8291581  -1.3018652 2026 01 15 10 31 01.84
0   6332.11232 -12178.76153  21506.58520   2.8208312  -0.8328470  -1.3121940 2026 01 15 10 31 21.84
0   6388.48058 -12195.45514  21480.23826   2.8160208  -0.8365156  -1.3225105 2026 01 15 10 31 41.84
0   6444.75231 -12212.22192  21453.68512   2.8111786  -0.8401638  -1.3328145 2026 01 15 10 32 01.84
0   6500.92688 -12229.06145  21426.92602   2.8063047  -0.8437914  -1.3431058 2026 01 15 10 32 21.84
0   6557.00365 -12245.97334  21399.96122   2.8013993  -0.8473983  -1.3533846 2026 01 15 10 32 41.84
0   6612.98200 -12262.95715  21372.79098   2.7964623  -0.8509844  -1.3636505 2026 01 15 10 33 01.84
0   6668.86130 -12280.01247  21345.41555   2.7914940  -0.8545496  -1.3739035 2026 01 15 10 33 21.84
0   6724.64092 -12297.13889  21317.83519   2.7864943  -0.8580937  -1.3841436 2026 01 15 10 33 41.84
0   6780.32024 -12314.33598  21290.05015   2.7814635  -0.8616166  -1.3943706 2026 01 15 10 34 01.84
0   6835.89862 -12331.60332  21262.06072   2.7764016  -0.8651183  -1.4045844 2026 01 15 10 34 21.84
0   6891.37546 -12348.94048  21233.86713   2.7713087  -0.8685986  -1.4147850 2026 01 15 10 34 41.84
0   6946.75013 -12366.34703  21205.46967   2.7661848  -0.8720574  -1.4249722 2026 01 15 10 35 01.84
0   7002.02202 -12383.82253  21176.86861   2.7610302  -0.8754945  -1.4351459 2026 01 15 10 35 21.84
0   7057.19051 -12401.36656  21148.06420   2.7558449  -0.8789099  -1.4453060 2026 01 15 10 35 41.84
0   7112.25499 -12418.97869  21119.05673   2.7506290  -0.8823034  -1.4554525 2026 01 15 10 36 01.84
0   7167.21484 -12436.65846  21089.84647   2.7453826  -0.8856750  -1.4655852 2026 01 15 10 36 21.84
0   7222.06946 -12454.40544  21060.43369   2.7401058  -0.8890244  -1.4757041 2026 01 15 10 36 41.84
0   7276.81824 -12472.21919  21030.81868   2.7347987  -0.8923517  -1.4858090 2026 01 15 10 37 01.84
0   7331.46058 -12490.09927  21001.00170   2.7294614  -0.8956566  -1.4958998 2026 01 15 10 37 21.84
0   7385.99587 -12508.04522  20970.98306   2.7240941  -0.8989391  -1.5059765 2026 01 15 10 37 41.84
0   7440.42352 -12526.05659  20940.76302   2.7186967  -0.9021991  -1.5160390 2026 01 15 10 38 01.84
0   7494.74292 -12544.13293  20910.34188   2.7132695  -0.9054364  -1.5260871 2026 01 15 10 38 21.84
0   7548.95348 -12562.27380  20879.71992   2.7078126  -0.9086509  -1.5361207 2026 01 15 10 38 41.84
0   7603.05460 -12580.47872  20848.89744   2.7023259  -0.9118425  -1.5461398 2026 01 15 10 39 01.84
0   7657.04570 -12598.74725  20817.87472   2.6968098  -0.9150112  -1.5561443 2026 01 15 10 39 21.84
0   7710.92618 -12617.07893  20786.65206   2.6912641  -0.9181568  -1.5661340 2026 01 15 10 39 41.84
0   7764.69545 -12635.47328  20755.22975   2.6856892  -0.9212791  -1.5761089 2026 01 15 10 40 01.84
0   7818.35293 -12653.92984  20723.60810   2.6800850  -0.9243781  -1.5860689 2026 01 15 10 40 21.84
0   7871.89804 -12672.44815  20691.78739   2.6744516  -0.9274537  -1.5960139 2026 01 15 10 40 41.84
0   7925.33018 -12691.02774  20659.76794   2.6687893  -0.9305058  -1.6059437 2026 01 15 10 41 01.84
0   7978.64880 -12709.66814  20627.55005   2.6630981  -0.9335342  -1.6158583 2026 01 15 10 41 21.84
0   8031.85330 -12728.36886  20595.13402   2.6573781  -0.9365389  -1.6257576 2026 01 15 10 41 41.84
0   8084.94311 -12747.12944  20562.52015   2.6516294  -0.9395197  -1.6356415 2026 01 15 10 42 01.84
0   8137.91767 -12765.94940  20529.70877   2.6458521  -0.9424766  -1.6455099 2026 01 15 10 42 21.84
0   8190.77639 -12784.82826  20496.70017   2.6400464  -0.9454093  -1.6553627 2026 01 15 10 42 41.84
0   8243.51872 -12803.76552  20463.49467   2.6342123  -0.9483179  -1.6651998 2026 01 15 10 43 01.84
0   8296.14408 -12822.76072  20430.09259   2.6283500  -0.9512023  -1.6750211 2026 01 15 10 43 21.84
0   8348.65192 -12841.81336  20396.49425   2.6224596  -0.9540622  -1.6848266 2026 01 15 10 43 41.84
0   8401.04167 -12860.92296  20362.69995   2.6165412  -0.9568976  -1.6946160 2026 01 15 10 44 01.84
0   8453.31277 -12880.08902  20328.71003   2.6105948  -0.9597085  -1.7043894 2026 01 15 10 44 21.84
0   8505.46467 -12899.31105  20294.52480   2.6046208  -0.9624947  -1.7141466 2026 01 15 10 44 41.84
0   8557.49681 -12918.58855  20260.14460   2.5986190  -0.9652560  -1.7238876 2026 01 15 10 45 01.84
0   8609.40864 -12937.92104  20225.56973   2.5925898  -0.9679925  -1.7336122 2026 01 15 10 45 21.84
0   8661.19961 -12957.30800  20190.80054   2.5865331  -0.9707040  -1.7433203 2026 01 15 10 45 41.84
0   8712.86917 -12976.74894  20155.83735   2.5804491  -0.9733904  -1.7530119 2026 01 15 10 46 01.84
0   8764.41678 -12996.24336  20120.68050   2.5743379  -0.9760515  -1.7626869 2026 01 15 10 46 21.84
0   8815.84190 -13015.79075  20085.33032   2.5681996  -0.9786874  -1.7723451 2026 01 15 10 46 41.84
0   8867.14398 -13035.39060  20049.78714   2.5620344  -0.9812979  -1.7819865 2026 01 15 10 47 01.84
0   8918.32249 -13055.04241  20014.05130   2.5558423  -0.9838829  -1.7916110 2026 01 15 10 47 21.84
0   8969.37689 -13074.74566  19978.12315   2.5496236  -0.9864423  -1.8012185 2026 01 15 10 47 41.84
0   9020.30666 -13094.49985  19942.00301   2.5433782  -0.9889760  -1.8108089 2026 01 15 10 48 01.84
0   9071.11125 -13114.30445  19905.69124   2.5371064  -0.9914839  -1.8203821 2026 01 15 10 48 21.84
0   9121.79014 -13134.15895  19869.18818   2.5308082  -0.9939659  -1.8299380 2026 01 15 10 48 41.84
0   9172.34280 -13154.06283  19832.49418   2.5244838  -0.9964220  -1.8394765 2026 01 15 10 49 01.84
0   9222.76872 -13174.01557  19795.60958   2.5181333  -0.9988520  -1.8489975 2026 01 15 10 49 21.84
0   9273.06736 -13194.01665  19758.53474   2.5117568  -1.0012558  -1.8585010 2026 01 15 10 49 41.84
0   9323.23822 -13214.06554  19721.27001   2.5053545  -1.0036333  -1.8679868 2026 01 15 10 50 01.84
0   9373.28077 -13234.16172  19683.81573   2.4989264  -1.0059845  -1.8774549 2026 01 15 10 50 21.84
0   9423.19451 -13254.30466  19646.17228   2.4924727  -1.0083092  -1.8869051 2026 01 15 10 50 41.84
0   9472.97892 -13274.49383  19608.34000   2.4859935  -1.0106074  -1.8963374 2026 01 15 10 51 01.84
0   9522.63349 -13294.72870  19570.31926   2.4794889  -1.0128790  -1.9057516 2026 01 15 10 51 21.84
0   9572.15771 -13315.00874  19532.11041   2.4729592  -1.0151238  -1.9151478 2026 01 15 10 51 41.84
0   9621.55109 -13335.33340  19493.71383   2.4664043  -1.0173418  -1.9245257 2026 01 15 10 52 01.84
0   9670.81313 -13355.70215  19455.12986   2.4598244  -1.0195330  -1.9338853 2026 01 15 10 52 21.84
0   9719.94331 -13376.11446  19416.35889   2.4532196  -1.0216971  -1.9432266 2026 01 15 10 52 41.84
0   9768.94116 -13396.56978  19377.40128   2.4465901  -1.0238341  -1.9525493 2026 01 15 10 53 01.84
0   9817.80616 -13417.06756  19338.25741   2.4399361  -1.0259440  -1.9618535 2026 01 15 10 53 21.84
0   9866.53785 -13437.60728  19298.92763   2.4332575  -1.0280266  -1.9711391 2026 01 15 10 53 41.84
0   9915.13572 -13458.18837  19259.41233   2.4265546  -1.0300818  -1.9804059 2026 01 15 10 54 01.84
0   9963.59928 -13478.81029  19219.71189   2.4198275  -1.0321096  -1.9896538 2026 01 15 10 54 21.84
0  10011.92807 -13499.47249  19179.82668   2.4130763  -1.0341099  -1.9988828 2026 01 15 10 54 41.84
0  10060.12159 -13520.17443  19139.75707   2.4063011  -1.0360826  -2.0080928 2026 01 15 10 55 01.84
0  10108.17937 -13540.91554  19099.50346   2.3995021  -1.0380276  -2.0172837 2026 01 15 10 55 21.84
0  10156.10093 -13561.69527  19059.06623   2.3926794  -1.0399449  -2.0264554 2026 01 15 10 55 41.84
0  10203.88581 -13582.51307  19018.44575   2.3858331  -1.0418342  -2.0356078 2026 01 15 10 56 01.84
0  10251.53352 -13603.36838  18977.64242   2.3789634  -1.0436957  -2.0447408 2026 01 15 10 56 21.84
0  10299.04361 -13624.26064  18936.65663   2.3720704  -1.0455291  -2.0538544 2026 01 15 10 56 41.84
0  10346.41561 -13645.18928  18895.48876   2.3651543  -1.0473344  -2.0629484 2026 01 15 10 57 01.84
0  10393.64905 -13666.15375  18854.13920   2.3582151  -1.0491115  -2.0720227 2026 01 15 10 57 21.84
0  10440.74348 -13687.15348  18812.60836   2.3512529  -1.0508603  -2.0810774 2026 01 15 10 57 41.84
0  10487.69844 -13708.18791  18770.89663   2.3442681  -1.0525808  -2.0901122 2026 01 15 10 58 01.84
0  10534.51348 -13729.25645  18729.00439   2.3372606  -1.0542729  -2.0991271 2026 01 15 10 58 21.84
0  10581.18814 -13750.35856  18686.93206   2.3302305  -1.0559364  -2.1081220 2026 01 15 10 58 41.84
0  10627.72197 -13771.49365  18644.68004   2.3231782  -1.0575714  -2.1170969 2026 01 15 10 59 01.84
0  10674.11454 -13792.66115  18602.24871   2.3161035  -1.0591777  -2.1260515 2026 01 15 10 59 21.84
0  10720.36540 -13813.86050  18559.63850   2.3090068  -1.0607553  -2.1349860 2026 01 15 10 59 41.84
0  10766.47410 -13835.09110  18516.84981   2.3018882  -1.0623040  -2.1439000 2026 01 15 11 00 01.84
0  10812.44021 -13856.35240  18473.88303   2.2947477  -1.0638239  -2.1527937 2026 01 15 11 00 21.84
0  10858.26329 -13877.64380  18430.73859   2.2875855  -1.0653148  -2.1616668 2026 01 15 11 00 41.84
0  10903.94292 -13898.96473  18387.41690   2.2804018  -1.0667766  -2.1705194 2026 01 15 11 01 01.84
0  10949.47866 -13920.31460  18343.91836   2.2731966  -1.0682093  -2.1793512 2026 01 15 11 01 21.84
0  10994.87008 -13941.69284  18300.24339   2.2659702  -1.0696129  -2.1881623 2026 01 15 11 01 41.84
0  11040.11676 -13963.09886  18256.39241   2.2587227  -1.0709872  -2.1969525 2026 01 15 11 02 01.84
0  11085.21828 -13984.53207  18212.36583   2.2514541  -1.0723321  -2.2057218 2026 01 15 11 02 21.84
0  11130.17422 -14005.99188  18168.16408   2.2441648  -1.0736477  -2.2144700 2026 01 15 11 02 41.84
0  11174.98417 -14027.47771  18123.78758   2.2368546  -1.0749337  -2.2231972 2026 01 15 11 03 01.84
0  11219.64771 -14048.98897  18079.23675   2.2295240  -1.0761902  -2.2319031 2026 01 15 11 03 21.84
0  11264.16444 -14070.52506  18034.51201   2.2221728  -1.0774171  -2.2405877 2026 01 15 11 03 41.84
0  11308.53393 -14092.08539  17989.61379   2.2148014  -1.0786143  -2.2492510 2026 01 15 11 04 01.84
0  11352.75580 -14113.66937  17944.54253   2.2074098  -1.0797818  -2.2578928 2026 01 15 11 04 21.84
0  11396.82964 -14135.27640  17899.29864   2.1999983  -1.0809194  -2.2665131 2026 01 15 11 04 41.84
0  11440.75504 -14156.90589  17853.88256   2.1925668  -1.0820272  -2.2751118 2026 01 15 11 05 01.84
0  11484.53162 -14178.55723  17808.29473   2.1851156  -1.0831050  -2.2836888 2026 01 15 11 05 21.84
0  11528.15898 -14200.22983  17762.53558   2.1776448  -1.0841527  -2.2922440 2026 01 15 11 05 41.84
0  11571.63673 -14221.92308  17716.60554   2.1701546  -1.0851704  -2.3007773 2026 01 15 11 06 01.84
0  11614.96449 -14243.63638  17670.50505   2.1626451  -1.0861579  -2.3092886 2026 01 15 11 06 21.84
0  11658.14186 -14265.36914  17624.23456   2.1551164  -1.0871153  -2.3177779 2026 01 15 11 06 41.84
0  11701.16847 -14287.12074  17577.79451   2.1475687  -1.0880423  -2.3262451 2026 01 15 11 07 01.84
0  11744.04394 -14308.89057  17531.18533   2.1400022  -1.0889390  -2.3346901 2026 01 15 11 07 21.84
0  11786.76789 -14330.67804  17484.40748   2.1324169  -1.0898053  -2.3431129 2026 01 15 11 07 41.84
0  11829.33994 -14352.48252  17437.46140   2.1248130  -1.0906411  -2.3515132 2026 01 15 11 08 01.84
0  11871.75974 -14374.30342  17390.34754   2.1171907  -1.0914464  -2.3598911 2026 01 15 11 08 21.84
0  11914.02691 -14396.14012  17343.06634   2.1095501  -1.0922211  -2.3682465 2026 01 15 11 08 41.84
0  11956.14108 -14417.99201  17295.61826   2.1018914  -1.0929652  -2.3765792 2026 01 15 11 09 01.84
0  11998.10190 -14439.85847  17248.00376   2.0942147  -1.0936786  -2.3848893 2026 01 15 11 09 21.84
0  12039.90901 -14461.73889  17200.22328   2.0865201  -1.0943612  -2.3931766 2026 01 15 11 09 41.84
0  12081.56205 -14483.63266  17152.27729   2.0788078  -1.0950130  -2.4014410 2026 01 15 11 10 01.84
0  12123.06067 -14505.53916  17104.16623   2.0710780  -1.0956339  -2.4096825 2026 01 15 11 10 21.84
0  12164.40451 -14527.45776  17055.89058   2.0633307  -1.0962239  -2.4179010 2026 01 15 11 10 41.84
0  12205.59324 -14549.38785  17007.45079   2.0555662  -1.0967829  -2.4260964 2026 01 15 11 11 01.84
0  12246.62651 -14571.32882  16958.84732   2.0477845  -1.0973109  -2.4342686 2026 01 15 11 11 21.84
0  12287.50398 -14593.28003  16910.08065   2.0399859  -1.0978077  -2.4424176 2026 01 15 11 11 41.84
0  12328.22530 -14615.24087  16861.15122   2.0321705  -1.0982735  -2.4505432 2026 01 15 11 12 01.84
0  12368.79015 -14637.21071  16812.05952   2.0243384  -1.0987080  -2.4586454 2026 01 15 11 12 21.84
0  12409.19820 -14659.18893  16762.80601   2.0164898  -1.0991112  -2.4667241 2026 01 15 11 12 41.84
0  12449.44911 -14681.17491  16713.39117   2.0086248  -1.0994832  -2.4747793 2026 01 15 11 13 01.84
0  12489.54255 -14703.16801  16663.81545   2.0007436  -1.0998238  -2.4828108 2026 01 15 11 13 21.84
0  12529.47822 -14725.16760  16614.07935   1.9928463  -1.1001330  -2.4908186 2026 01 15 11 13 41.84
0  12569.25577 -14747.17307  16564.18333   1.9849331  -1.1004108  -2.4988025 2026 01 15 11 14 01.84
0  12608.87491 -14769.18378  16514.12786   1.9770042  -1.1006570  -2.5067626 2026 01 15 11 14 21.84
0  12648.33531 -14791.19910  16463.91344   1.9690596  -1.1008717  -2.5146987 2026 01 15 11 14 41.84
0  12687.63667 -14813.21839  16413.54054   1.9610995  -1.1010548  -2.5226108 2026 01 15 11 15 01.84
0  12726.77867 -14835.24104  16363.00963   1.9531241  -1.1012062  -2.5304987 2026 01 15 11 15 21.84
0  12765.76101 -14857.26639  16312.32121   1.9451336  -1.1013260  -2.5383625 2026 01 15 11 15 41.84
0  12804.58339 -14879.29382  16261.47576   1.9371280  -1.1014140  -2.5462020 2026 01 15 11 16 01.84
0  12843.24551 -14901.32270  16210.47376   1.9291076  -1.1014703  -2.5540171 2026 01 15 11 16 21.84
0  12881.74708 -14923.35238  16159.31570   1.9210724  -1.1014947  -2.5618079 2026 01 15 11 16 41.84
0  12920.08780 -14945.38223  16108.00208   1.9130227  -1.1014872  -2.5695741 2026 01 15 11 17 01.84
0  12958.26738 -14967.41162  16056.53337   1.9049586  -1.1014479  -2.5773157 2026 01 15 11 17 21.84
0  12996.28553 -14989.43990  16004.91008   1.8968803  -1.1013766  -2.5850327 2026 01 15 11 17 41.84
0  13034.14198 -15011.46643  15953.13270   1.8887878  -1.1012732  -2.5927250 2026 01 15 11 18 01.84
0  13071.83644 -15033.49058  15901.20172   1.8806814  -1.1011379  -2.6003924 2026 01 15 11 18 21.84
0  13109.36863 -15055.51170  15849.11764   1.8725612  -1.1009705  -2.6080350 2026 01 15 11 18 41.84
0  13146.73829 -15077.52915  15796.88096   1.8644274  -1.1007710  -2.6156526 2026 01 15 11 19 01.84
0  13183.94513 -15099.54228  15744.49218   1.8562800  -1.1005393  -2.6232453 2026 01 15 11 19 21.84
0  13220.98889 -15121.55047  15691.95180   1.8481194  -1.1002754  -2.6308128 2026 01 15 11 19 41.84
0  13257.86931 -15143.55305  15639.26032   1.8399456  -1.0999793  -2.6383551 2026 01 15 11 20 01.84
0  13294.58612 -15165.54939  15586.41825   1.8317587  -1.0996510  -2.6458722 2026 01 15 11 20 21.84
0  13331.13907 -15187.53884  15533.42609   1.8235590  -1.0992903  -2.6533639 2026 01 15 11 20 41.84
0  13367.52790 -15209.52076  15480.28434   1.8153466  -1.0988973  -2.6608303 2026 01 15 11 21 01.84
0  13403.75235 -15231.49449  15426.99353   1.8071216  -1.0984720  -2.6682712 2026 01 15 11 21 21.84
0  13439.81217 -15253.45939  15373.55415   1.7988842  -1.0980142  -2.6756865 2026 01 15 11 21 41.84
0  13475.70713 -15275.41481  15319.96673   1.7906345  -1.0975241  -2.6830762 2026 01 15 11 22 01.84
0  13511.43698 -15297.36011  15266.23177   1.7823728  -1.0970014  -2.6904403 2026 01 15 11 22 21.84
0  13547.00147 -15319.29463  15212.34978   1.7740992  -1.0964463  -2.6977786 2026 01 15 11 22 41.84
0  13582.40037 -15341.21772  15158.32129   1.7658137  -1.0958586  -2.7050910 2026 01 15 11 23 01.84
0  13617.63345 -15363.12873  15104.14680   1.7575167  -1.0952384  -2.7123776 2026 01 15 11 23 21.84
0  13652.70047 -15385.02701  15049.82685   1.7492082  -1.0945855  -2.7196382 2026 01 15 11 23 41.84
0  13687.60121 -15406.91190  14995.36195   1.7408883  -1.0939001  -2.7268727 2026 01 15 11 24 01.84
0  13722.33544 -15428.78277  14940.75261   1.7325574  -1.0931820  -2.7340811 2026 01 15 11 24 21.84
0  13756.90294 -15450.63894  14885.99938   1.7242154  -1.0924313  -2.7412633 2026 01 15 11 24 41.84
0  13791.30349 -15472.47978  14831.10275   1.7158626  -1.0916478  -2.7484193 2026 01 15 11 25 01.84
0  13825.53688 -15494.30462  14776.06328   1.7074991  -1.0908317  -2.7555490 2026 01 15 11 25 21.84
0  13859.60290 -15516.11280  14720.88147   1.6991251  -1.0899828  -2.7626522 2026 01 15 11 25 41.84
0  13893.50134 -15537.90369  14665.55787   1.6907408  -1.0891011  -2.7697290 2026 01 15 11 26 01.84
0  13927.23198 -15559.67661  14610.09299   1.6823462  -1.0881866  -2.7767792 2026 01 15 11 26 21.84
0  13960.79464 -15581.43091  14554.48738   1.6739416  -1.0872393  -2.7838029 2026 01 15 11 26 41.84
0  13994.18910 -15603.16594  14498.74156   1.6655271  -1.0862591  -2.7907999 2026 01 15 11 27 01.84
0  14027.41518 -15624.88104  14442.85607   1.6571029  -1.0852461  -2.7977701 2026 01 15 11 27 21.84
0  14060.47267 -15646.57555  14386.83145   1.6486691  -1.0842003  -2.8047135 2026 01 15 11 27 41.84
0  14093.36140 -15668.24882  14330.66822   1.6402259  -1.0831215  -2.8116300 2026 01 15 11 28 01.84
0  14126.08117 -15689.90018  14274.36694   1.6317734  -1.0820098  -2.8185196 2026 01 15 11 28 21.84
0  14158.63180 -15711.52897  14217.92813   1.6233119  -1.0808651  -2.8253822 2026 01 15 11 28 41.84
0  14191.01311 -15733.13455  14161.35234   1.6148414  -1.0796875  -2.8322177 2026 01 15 11 29 01.84
0  14223.22493 -15754.71624  14104.64012   1.6063621  -1.0784769  -2.8390260 2026 01 15 11 29 21.84
0  14255.26707 -15776.27339  14047.79200   1.5978743  -1.0772333  -2.8458071 2026 01 15 11 29 41.84
0  14287.13937 -15797.80534  13990.80853   1.5893779  -1.0759567  -2.8525610 2026 01 15 11 30 01.84
0  14318.84166 -15819.31143  13933.69026   1.5808733  -1.0746471  -2.8592875 2026 01 15 11 30 21.84
0  14350.37378 -15840.79099  13876.43773   1.5723605  -1.0733045  -2.8659866 2026 01 15 11 30 41.84
0  14381.73556 -15862.24338  13819.05150   1.5638398  -1.0719288  -2.8726582 2026 01 15 11 31 01.84
0  14412.92685 -15883.66791  13761.53211   1.5553112  -1.0705200  -2.8793022 2026 01 15 11 31 21.84
0  14443.94750 -15905.06395  13703.88012   1.5467750  -1.0690781  -2.8859186 2026 01 15 11 31 41.84
0  14474.79734 -15926.43081  13646.09607   1.5382313  -1.0676032  -2.8925074 2026 01 15 11 32 01.84
0  14505.47624 -15947.76785  13588.18053   1.5296802  -1.0660952  -2.8990684 2026 01 15 11 32 21.84
0  14535.98404 -15969.07439  13530.13405   1.5211220  -1.0645540  -2.9056016 2026 01 15 11 32 41.84
0  14566.32061 -15990.34978  13471.95718   1.5125568  -1.0629798  -2.9121070 2026 01 15 11 33 01.84
0  14596.48581 -16011.59336  13413.65048   1.5039847  -1.0613724  -2.9185844 2026 01 15 11 33 21.84
0  14626.47950 -16032.80445  13355.21452   1.4954059  -1.0597318  -2.9250338 2026 01 15 11 33 41.84
0  14656.30155 -16053.98241  13296.64985   1.4868205  -1.0580582  -2.9314552 2026 01 15 11 34 01.84
0  14685.95182 -16075.12656  13237.95703   1.4782288  -1.0563514  -2.9378484 2026 01 15 11 34 21.84
0  14715.43020 -16096.23624  13179.13663   1.4696309  -1.0546114  -2.9442134 2026 01 15 11 34 41.84
0  14744.73657 -16117.31079  13120.18922   1.4610270  -1.0528382  -2.9505502 2026 01 15 11 35 01.84
0  14773.87079 -16138.34955  13061.11535   1.4524171  -1.0510319  -2.9568587 2026 01 15 11 35 21.84
0  14802.83276 -16159.35185  13001.91559   1.4438015  -1.0491925  -2.9631388 2026 01 15 11 35 41.84
0  14831.62237 -16180.31703  12942.59052   1.4351804  -1.0473199  -2.9693904 2026 01 15 11 36 01.84
0  14860.23950 -16201.24443  12883.14070   1.4265538  -1.0454140  -2.9756136 2026 01 15 11 36 21.84
0  14888.68404 -16222.13337  12823.56671   1.4179220  -1.0434751  -2.9818082 2026 01 15 11 36 41.84
0  14916.95590 -16242.98321  12763.86910   1.4092851  -1.0415029  -2.9879742 2026 01 15 11 37 01.84
0  14945.05497 -16263.79328  12704.04847   1.4006433  -1.0394976  -2.9941115 2026 01 15 11 37 21.84
0  14972.98115 -16284.56290  12644.10538   1.3919967  -1.0374591  -3.0002201 2026 01 15 11 37 41.84
0  15000.73436 -16305.29143  12584.04040   1.3833455  -1.0353874  -3.0062998 2026 01 15 11 38 01.84
0  15028.31450 -16325.97818  12523.85412   1.3746899  -1.0332826  -3.0123507 2026 01 15 11 38 21.84
0  15055.72149 -16346.62252  12463.54711   1.3660300  -1.0311445  -3.0183727 2026 01 15 11 38 41.84
0  15082.95524 -16367.22375  12403.11995   1.3573660  -1.0289734  -3.0243657 2026 01 15 11 39 01.84
0  15110.01567 -16387.78124  12342.57322   1.3486980  -1.0267690  -3.0303296 2026 01 15 11 39 21.84
0  15136.90270 -16408.29431  12281.90751   1.3400262  -1.0245315  -3.0362645 2026 01 15 11 39 41.84
0  15163.61626 -16428.76229  12221.12338   1.3313508  -1.0222609  -3.0421702 2026 01 15 11 40 01.84
0  15190.15628 -16449.18453  12160.22144   1.3226720  -1.0199571  -3.0480467 2026 01 15 11 40 21.84
0  15216.52269 -16469.56037  12099.20226   1.3139898  -1.0176202  -3.0538939 2026 01 15 11 40 41.84
0  15242.71542 -16489.88914  12038.06643   1.3053045  -1.0152502  -3.0597118 2026 01 15 11 41 01.84
0  15268.73442 -16510.17017  11976.81454   1.2966162  -1.0128470  -3.0655003 2026 01 15 11 41 21.84
0  15294.57962 -16530.40281  11915.44717   1.2879250  -1.0104107  -3.0712593 2026 01 15 11 41 41.84
0  15320.25097 -16550.58640  11853.96492   1.2792312  -1.0079414  -3.0769889 2026 01 15 11 42 01.84
0  15345.74843 -16570.72027  11792.36837   1.2705349  -1.0054389  -3.0826889 2026 01 15 11 42 21.84
0  15371.07193 -16590.80375  11730.65811   1.2618363  -1.0029034  -3.0883592 2026 01 15 11 42 41.84
0  15396.22144 -16610.83620  11668.83475   1.2531355  -1.0003348  -3.0939999 2026 01 15 11 43 01.84
0  15421.19692 -16630.81695  11606.89887   1.2444327  -0.9977332  -3.0996109 2026 01 15 11 43 21.84
0  15445.99832 -16650.74533  11544.85107   1.2357280  -0.9950985  -3.1051921 2026 01 15 11 43 41.84
0  15470.62561 -16670.62069  11482.69195   1.2270216  -0.9924308  -3.1107435 2026 01 15 11 44 01.84
0  15495.07875 -16690.44237  11420.42209   1.2183137  -0.9897301  -3.1162649 2026 01 15 11 44 21.84
0  15519.35773 -16710.20970  11358.04211   1.2096044  -0.9869964  -3.1217564 2026 01 15 11 44 41.84
0  15543.46251 -16729.92203  11295.55260   1.2008939  -0.9842297  -3.1272179 2026 01 15 11 45 01.84
0  15567.39306 -16749.57869  11232.95416   1.1921824  -0.9814301  -3.1326494 2026 01 15 11 45 21.84
0  15591.14938 -16769.17904  11170.24739   1.1834700  -0.9785975  -3.1380508 2026 01 15 11 45 41.84
0  15614.73145 -16788.72240  11107.43289   1.1747568  -0.9757320  -3.1434219 2026 01 15 11 46 01.84
0  15638.13924 -16808.20813  11044.51127   1.1660431  -0.9728336  -3.1487629 2026 01 15 11 46 21.84
0  15661.37276 -16827.63556  10981.48314   1.1573290  -0.9699024  -3.1540736 2026 01 15 11 46 41.84
0  15684.43199 -16847.00404  10918.34910   1.1486146  -0.9669383  -3.1593540 2026 01 15 11 47 01.84
0  15707.31694 -16866.31291  10855.10975   1.1399002  -0.9639413  -3.1646040 2026 01 15 11 47 21.84
0  15730.02760 -16885.56151  10791.76571   1.1311859  -0.9609115  -3.1698236 2026 01 15 11 47 41.84
0  15752.56397 -16904.74918  10728.31758   1.1224718  -0.9578490  -3.1750127 2026 01 15 11 48 01.84
0  15774.92607 -16923.87528  10664.76598   1.1137581  -0.9547536  -3.1801713 2026 01 15 11 48 21.84
0  15797.11390 -16942.93915  10601.11150   1.1050449  -0.9516256  -3.1852993 2026 01 15 11 48 41.84
0  15819.12747 -16961.94012  10537.35478   1.0963325  -0.9484648  -3.1903967 2026 01 15 11 49 01.84
0  15840.96681 -16980.87756  10473.49641   1.0876210  -0.9452713  -3.1954634 2026 01 15 11 49 21.84
0  15862.63192 -16999.75079  10409.53702   1.0789105  -0.9420451  -3.2004993 2026 01 15 11 49 41.84
0  15884.12284 -17018.55918  10345.47722   1.0702012  -0.9387864  -3.2055045 2026 01 15 11 50 01.84
0  15905.43958 -17037.30207  10281.31762   1.0614933  -0.9354950  -3.2104789 2026 01 15 11 50 21.84
0  15926.58219 -17055.97881  10217.05885   1.0527869  -0.9321710  -3.2154223 2026 01 15 11 50 41.84
0  15947.55068 -17074.58874  10152.70151   1.0440823  -0.9288145  -3.2203349 2026 01 15 11 51 01.84
0  15968.34510 -17093.13121  10088.24624   1.0353794  -0.9254254  -3.2252164 2026 01 15 11 51 21.84
0  15988.96548 -17111.60558  10023.69364   1.0266786  -0.9220039  -3.2300670 2026 01 15 11 51 41.84
0  16009.41187 -17130.01120   9959.04434   1.0179799  -0.9185499  -3.2348865 2026 01 15 11 52 01.84
0  16029.68431 -17148.34741   9894.29897   1.0092836  -0.9150635  -3.2396748 2026 01 15 11 52 21.84
0  16049.78284 -17166.61357   9829.45814   1.0005898  -0.9115447  -3.2444320 2026 01 15 11 52 41.84
0  16069.70753 -17184.80903   9764.52248   0.9918986  -0.9079935  -3.2491579 2026 01 15 11 53 01.84
0  16089.45842 -17202.93314   9699.49261   0.9832102  -0.9044100  -3.2538527 2026 01 15 11 53 21.84
0  16109.03558 -17220.98527   9634.36916   0.9745248  -0.9007943  -3.2585160 2026 01 15 11 53 41.84
0  16128.43905 -17238.96475   9569.15276   0.9658425  -0.8971462  -3.2631481 2026 01 15 11 54 01.84
0  16147.66892 -17256.87095   9503.84403   0.9571635  -0.8934660  -3.2677487 2026 01 15 11 54 21.84
0  16166.72524 -17274.70323   9438.44361   0.9484879  -0.8897536  -3.2723179 2026 01 15 11 54 41.84
0  16185.60808 -17292.46094   9372.95211   0.9398160  -0.8860090  -3.2768556 2026 01 15 11 55 01.84
0  16204.31752 -17310.14343   9307.37018   0.9311478  -0.8822324  -3.2813618 2026 01 15 11 55 21.84
0  16222.85364 -17327.75008   9241.69844   0.9224835  -0.8784237  -3.2858363 2026 01 15 11 55 41.84
0  16241.21652 -17345.28022   9175.93752   0.9138233  -0.8745830  -3.2902793 2026 01 15 11 56 01.84
0  16259.40623 -17362.73324   9110.08807   0.9051674  -0.8707102  -3.2946906 2026 01 15 11 56 21.84
0  16277.42287 -17380.10848   9044.15070   0.8965158  -0.8668056  -3.2990701 2026 01 15 11 56 41.84
0  16295.26653 -17397.40531   8978.12606   0.8878688  -0.8628691  -3.3034179 2026 01 15 11 57 01.84
0  16312.93729 -17414.62309   8912.01479   0.8792265  -0.8589007  -3.3077339 2026 01 15 11 57 21.84
0  16330.43525 -17431.76119   8845.81751   0.8705891  -0.8549005  -3.3120181 2026 01 15 11 57 41.84
0  16347.76052 -17448.81896   8779.53487   0.8619568  -0.8508685  -3.3162703 2026 01 15 11 58 01.84
0  16364.91319 -17465.79578   8713.16750   0.8533296  -0.8468048  -3.3204907 2026 01 15 11 58 21.84
0  16381.89338 -17482.69101   8646.71605   0.8447077  -0.8427095  -3.3246790 2026 01 15 11 58 41.84
0  16398.70118 -17499.50402   8580.18115   0.8360914  -0.8385825  -3.3288354 2026 01 15 11 59 01.84
0  16415.33671 -17516.23417   8513.56344   0.8274807  -0.8344240  -3.3329597 2026 01 15 11 59 21.84
0  16431.80009 -17532.88083   8446.86357   0.8188758  -0.8302339  -3.3370519 2026 01 15 11 59 41.84
0  16448.09142 -17549.44338   8380.08217   0.8102769  -0.8260123  -3.3411120 2026 01 15 12 00 01.84
0  16464.21085 -17565.92119   8313.21990   0.8016841  -0.8217593  -3.3451398 2026 01 15 12 00 21.84
0  16480.15848 -17582.31362   8246.27739   0.7930977  -0.8174749  -3.3491355 2026 01 15 12 00 41.84
0  16495.93444 -17598.62005   8179.25529   0.7845176  -0.8131592  -3.3530989 2026 01 15 12 01 01.84
0  16511.53887 -17614.83985   8112.15424   0.7759442  -0.8088123  -3.3570301 2026 01 15 12 01 21.84
0  16526.97190 -17630.97240   8044.97490   0.7673775  -0.8044340  -3.3609288 2026 01 15 12 01 41.84
0  16542.23367 -17647.01708   7977.71790   0.7588177  -0.8000247  -3.3647952 2026 01 15 12 02 01.84
0  16557.32431 -17662.97326   7910.38390   0.7502650  -0.7955842  -3.3686292 2026 01 15 12 02 21.84
0  16572.24396 -17678.84032   7842.97355   0.7417195  -0.7911126  -3.3724308 2026 01 15 12 02 41.84
0  16586.99279 -17694.61763   7775.48749   0.7331813  -0.7866100  -3.3761998 2026 01 15 12 03 01.84
0  16601.57092 -17710.30459   7707.92637   0.7246507  -0.7820765  -3.3799363 2026 01 15 12 03 21.84
0  16615.97852 -17725.90057   7640.29085   0.7161278  -0.7775121  -3.3836403 2026 01 15 12 03 41.84
0  16630.21574 -17741.40495   7572.58158   0.7076127  -0.7729168  -3.3873117 2026 01 15 12 04 01.84
0  16644.28274 -17756.81712   7504.79921   0.6991056  -0.7682907  -3.3909504 2026 01 15 12 04 21.84
0  16658.17968 -17772.13646   7436.94439   0.6906067  -0.7636340  -3.3945564 2026 01 15 12 04 41.84
0  16671.90673 -17787.36236   7369.01777   0.6821161  -0.7589465  -3.3981298 2026 01 15 12 05 01.84
0  16685.46404 -17802.49420   7301.02002   0.6736339  -0.7542285  -3.4016704 2026 01 15 12 05 21.84
0  16698.85180 -17817.53138   7232.95178   0.6651603  -0.7494799  -3.4051782 2026 01 15 12 05 41.84
0  16712.07018 -17832.47328   7164.81371   0.6566954  -0.7447008  -3.4086532 2026 01 15 12 06 01.84
0  16725.11935 -17847.31930   7096.60648   0.6482395  -0.7398913  -3.4120953 2026 01 15 12 06 21.84
0  16737.99949 -17862.06882   7028.33073   0.6397927  -0.7350515  -3.4155045 2026 01 15 12 06 41.84
0  16750.71078 -17876.72125   6959.98712   0.6313550  -0.7301813  -3.4188809 2026 01 15 12 07 01.84
0  16763.25342 -17891.27597   6891.57632   0.6229268  -0.7252809  -3.4222243 2026 01 15 12 07 21.84
0  16775.62759 -17905.73238   6823.09898   0.6145080  -0.7203504  -3.4255346 2026 01 15 12 07 41.84
0  16787.83348 -17920.08988   6754.55576   0.6060989  -0.7153897  -3.4288120 2026 01 15 12 08 01.84
0  16799.87128 -17934.34786   6685.94733   0.5976997  -0.7103990  -3.4320563 2026 01 15 12 08 21.84
0  16811.74120 -17948.50573   6617.27434   0.5893104  -0.7053784  -3.4352676 2026 01 15 12 08 41.84
0  16823.44344 -17962.56290   6548.53745   0.5809312  -0.7003278  -3.4384457 2026 01 15 12 09 01.84
0  16834.97820 -17976.51875   6479.73734   0.5725623  -0.6952474  -3.4415906 2026 01 15 12 09 21.84
0  16846.34568 -17990.37269   6410.87466   0.5642039  -0.6901372  -3.4447024 2026 01 15 12 09 41.84
0  16857.54610 -18004.12414   6341.95008   0.5558560  -0.6849974  -3.4477810 2026 01 15 12 10 01.84
0  16868.57967 -18017.77249   6272.96425   0.5475188  -0.6798279  -3.4508263 2026 01 15 12 10 21.84
0  16879.44661 -18031.31716   6203.91786   0.5391925  -0.6746289  -3.4538383 2026 01 15 12 10 41.84
0  16890.14713 -18044.75756   6134.81155   0.5308772  -0.6694003  -3.4568171 2026 01 15 12 11 01.84
0  16900.68146 -18058.09308   6065.64601   0.5225731  -0.6641424  -3.4597625 2026 01 15 12 11 21.84
0  16911.04982 -18071.32316   5996.42189   0.5142804  -0.6588551  -3.4626745 2026 01 15 12 11 41.84
0  16921.25243 -18084.44720   5927.13986   0.5059990  -0.6535386  -3.4655532 2026 01 15 12 12 01.84
0  16931.28954 -18097.46462   5857.80060   0.4977293  -0.6481928  -3.4683984 2026 01 15 12 12 21.84
0  16941.16137 -18110.37483   5788.40476   0.4894714  -0.6428180  -3.4712102 2026 01 15 12 12 41.84
0  16950.86817 -18123.17725   5718.95303   0.4812254  -0.6374141  -3.4739885 2026 01 15 12 13 01.84
0  16960.41016 -18135.87131   5649.44606   0.4729914  -0.6319812  -3.4767333 2026 01 15 12 13 21.84
0  16969.78760 -18148.45642   5579.88453   0.4647696  -0.6265194  -3.4794445 2026 01 15 12 13 41.84
0  16979.00072 -18160.93201   5510.26912   0.4565602  -0.6210289  -3.4821222 2026 01 15 12 14 01.84
0  16988.04978 -18173.29750   5440.60048   0.4483633  -0.6155096  -3.4847663 2026 01 15 12 14 21.84
0  16996.93503 -18185.55232   5370.87931   0.4401790  -0.6099616  -3.4873768 2026 01 15 12 14 41.84
0  17005.65673 -18197.69589   5301.10625   0.4320075  -0.6043850  -3.4899536 2026 01 15 12 15 01.84
0  17014.21512 -18209.72765   5231.28200   0.4238489  -0.5987800  -3.4924968 2026 01 15 12 15 21.84
0  17022.61047 -18221.64702   5161.40722   0.4157035  -0.5931465  -3.4950063 2026 01 15 12 15 41.84
0  17030.84304 -18233.45344   5091.48259   0.4075712  -0.5874847  -3.4974820 2026 01 15 12 16 01.84
0  17038.91311 -18245.14635   5021.50878   0.3994523  -0.5817947  -3.4999240 2026 01 15 12 16 21.84
0  17046.82093 -18256.72517   4951.48647   0.3913469  -0.5760765  -3.5023323 2026 01 15 12 16 41.84
0  17054.56678 -18268.18934   4881.41633   0.3832552  -0.5703302  -3.5047067 2026 01 15 12 17 01.84
0  17062.15093 -18279.53831   4811.29905   0.3751772  -0.5645558  -3.5070474 2026 01 15 12 17 21.84
0  17069.57367 -18290.77152   4741.13528   0.3671132  -0.5587536  -3.5093542 2026 01 15 12 17 41.84
0  17076.83526 -18301.88840   4670.92572   0.3590633  -0.5529235  -3.5116271 2026 01 15 12 18 01.84
0  17083.93600 -18312.88840   4600.67105   0.3510276  -0.5470657  -3.5138661 2026 01 15 12 18 21.84
0  17090.87617 -18323.77097   4530.37193   0.3430062  -0.5411802  -3.5160712 2026 01 15 12 18 41.84
0  17097.65606 -18334.53555   4460.02904   0.3349994  -0.5352671  -3.5182424 2026 01 15 12 19 01.84
0  17104.27595 -18345.18160   4389.64307   0.3270072  -0.5293265  -3.5203797 2026 01 15 12 19 21.84
0  17110.73616 -18355.70857   4319.21470   0.3190298  -0.5233586  -3.5224829 2026 01 15 12 19 41.84
0  17117.03696 -18366.11590   4248.74460   0.3110673  -0.5173633  -3.5245522 2026 01 15 12 20 01.84
0  17123.17867 -18376.40305   4178.23346   0.3031199  -0.5113408  -3.5265874 2026 01 15 12 20 21.84
0  17129.16157 -18386.56948   4107.68196   0.2951877  -0.5052911  -3.5285886 2026 01 15 12 20 41.84
0  17134.98599 -18396.61465   4037.09077   0.2872708  -0.4992144  -3.5305558 2026 01 15 12 21 01.84
0  17140.65223 -18406.53802   3966.46057   0.2793695  -0.4931108  -3.5324888 2026 01 15 12 21 21.84
0  17146.16060 -18416.33904   3895.79206   0.2714837  -0.4869802  -3.5343878 2026 01 15 12 21 41.84
0  17151.51141 -18426.01719   3825.08591   0.2636137  -0.4808230  -3.5362526 2026 01 15 12 22 01.84
0  17156.70497 -18435.57193   3754.34281   0.2557596  -0.4746390  -3.5380833 2026 01 15 12 22 21.84
0  17161.74162 -18445.00272   3683.56343   0.2479216  -0.4684285  -3.5398799 2026 01 15 12 22 41.84
0  17166.62167 -18454.30903   3612.74846   0.2400997  -0.4621914  -3.5416422 2026 01 15 12 23 01.84
0  17171.34544 -18463.49034   3541.89859   0.2322941  -0.4559280  -3.5433704 2026 01 15 12 23 21.84
0  17175.91327 -18472.54612   3471.01450   0.2245050  -0.4496383  -3.5450644 2026 01 15 12 23 41.84
0  17180.32548 -18481.47585   3400.09687   0.2167324  -0.4433223  -3.5467241 2026 01 15 12 24 01.84
0  17184.58241 -18490.27899   3329.14638   0.2089766  -0.4369803  -3.5483496 2026 01 15 12 24 21.84
0  17188.68439 -18498.95504   3258.16374   0.2012376  -0.4306122  -3.5499408 2026 01 15 12 24 41.84
0  17192.63176 -18507.50346   3187.14961   0.1935156  -0.4242183  -3.5514977 2026 01 15 12 25 01.84
0  17196.42486 -18515.92375   3116.10468   0.1858107  -0.4177985  -3.5530204 2026 01 15 12 25 21.84
0  17200.06403 -18524.21538   3045.02964   0.1781231  -0.4113530  -3.5545087 2026 01 15 12 25 41.84
0  17203.54963 -18532.37785   2973.92518   0.1704529  -0.4048819  -3.5559627 2026 01 15 12 26 01.84
0  17206.88200 -18540.41064   2902.79199   0.1628001  -0.3983852  -3.5573824 2026 01 15 12 26 21.84
0  17210.06149 -18548.31325   2831.63074   0.1551651  -0.3918632  -3.5587677 2026 01 15 12 26 41.84
0  17213.08846 -18556.08516   2760.44213   0.1475478  -0.3853158  -3.5601186 2026 01 15 12 27 01.84
0  17215.96326 -18563.72588   2689.22685   0.1399484  -0.3787433  -3.5614352 2026 01 15 12 27 21.84
0  17218.68626 -18571.23489   2617.98558   0.1323670  -0.3721456  -3.5627174 2026 01 15 12 27 41.84
0  17221.25781 -18578.61170   2546.71901   0.1248039  -0.3655229  -3.5639651 2026 01 15 12 28 01.84
0  17223.67828 -18585.85580   2475.42783   0.1172590  -0.3588753  -3.5651784 2026 01 15 12 28 21.84
0  17225.94803 -18592.96671   2404.11273   0.1097326  -0.3522029  -3.5663573 2026 01 15 12 28 41.84
0  17228.06745 -18599.94392   2332.77439   0.1022248  -0.3455058  -3.5675017 2026 01 15 12 29 01.84
0  17230.03689 -18606.78694   2261.41352   0.0947356  -0.3387842  -3.5686117 2026 01 15 12 29 21.84
0  17231.85675 -18613.49529   2190.03078   0.0872653  -0.3320380  -3.5696872 2026 01 15 12 29 41.84
0  17233.52738 -18620.06847   2118.62688   0.0798139  -0.3252675  -3.5707282 2026 01 15 12 30 01.84
0  17235.04918 -18626.50600   2047.20251   0.0723816  -0.3184726  -3.5717347 2026 01 15 12 30 21.84
0  17236.42252 -18632.80739   1975.75835   0.0649685  -0.3116537  -3.5727067 2026 01 15 12 30 41.84
0  17237.64780 -18638.97216   1904.29510   0.0575747  -0.3048106  -3.5736442 2026 01 15 12 31 01.84
0  17238.72539 -18644.99983   1832.81344   0.0502004  -0.2979437  -3.5745472 2026 01 15 12 31 21.84
0  17239.65570 -18650.88992   1761.31407   0.0428457  -0.2910529  -3.5754156 2026 01 15 12 31 41.84
0  17240.43911 -18656.64196   1689.79767   0.0355107  -0.2841383  -3.5762495 2026 01 15 12 32 01.84
0  17241.07601 -18662.25548   1618.26494   0.0281955  -0.2772002  -3.5770488 2026 01 15 12 32 21.84
0  17241.56682 -18667.72999   1546.71658   0.0209003  -0.2702385  -3.5778136 2026 01 15 12 32 41.84
0  17241.91192 -18673.06504   1475.15326   0.0136251  -0.2632534  -3.5785438 2026 01 15 12 33 01.84
0  17242.11171 -18678.26016   1403.57568   0.0063702  -0.2562451  -3.5792394 2026 01 15 12 33 21.84
0  17242.16662 -18683.31487   1331.98454  -0.0008644  -0.2492136  -3.5799004 2026 01 15 12 33 41.84
0  17242.07703 -18688.22873   1260.38052  -0.0080786  -0.2421590  -3.5805269 2026 01 15 12 34 01.84
0  17241.84337 -18693.00127   1188.76432  -0.0152722  -0.2350815  -3.5811187 2026 01 15 12 34 21.84
0  17241.46605 -18697.63202   1117.13663  -0.0224451  -0.2279812  -3.5816759 2026 01 15 12 34 41.84
0  17240.94547 -18702.12055   1045.49814  -0.0295971  -0.2208581  -3.5821985 2026 01 15 12 35 01.84
0  17240.28207 -18706.46639    973.84955  -0.0367283  -0.2137124  -3.5826865 2026 01 15 12 35 21.84
0  17239.47625 -18710.66909    902.19154  -0.0438384  -0.2065443  -3.5831399 2026 01 15 12 35 41.84
0  17238.52844 -18714.72820    830.52481  -0.0509273  -0.1993538  -3.5835586 2026 01 15 12 36 01.84
0  17237.43907 -18718.64328    758.85005  -0.0579949  -0.1921410  -3.5839427 2026 01 15 12 36 21.84
0  17236.20856 -18722.41389    687.16796  -0.0650411  -0.1849061  -3.5842922 2026 01 15 12 36 41.84
0  17234.83734 -18726.03957    615.47923  -0.0720658  -0.1776492  -3.5846070 2026 01 15 12 37 01.84
0  17233.32584 -18729.51990    543.78454  -0.0790688  -0.1703703  -3.5848872 2026 01 15 12 37 21.84
0  17231.67450 -18732.85444    472.08460  -0.0860501  -0.1630697  -3.5851327 2026 01 15 12 37 41.84
0  17229.88376 -18736.04275    400.38009  -0.0930094  -0.1557475  -3.5853435 2026 01 15 12 38 01.84
0  17227.95405 -18739.08439    328.67171  -0.0999468  -0.1484036  -3.5855197 2026 01 15 12 38 21.84
0  17225.88581 -18741.97895    256.96016  -0.1068621  -0.1410384  -3.5856613 2026 01 15 12 38 41.84
0  17223.67949 -18744.72599    185.24612  -0.1137551  -0.1336519  -3.5857681 2026 01 15 12 39 01.84
0  17221.33553 -18747.32509    113.53029  -0.1206258  -0.1262442  -3.5858404 2026 01 15 12 39 21.84
0  17218.85438 -18749.77582     41.81337  -0.1274741  -0.1188154  -3.5858779 2026 01 15 12 39 41.84
0  17216.23650 -18752.07777    -29.90397  -0.1342997  -0.1113657  -3.5858808 2026 01 15 12 40 01.84
0  17213.48232 -18754.23052   -101.62101  -0.1411027  -0.1038951  -3.5858490 2026 01 15 12 40 21.84
0  17210.59232 -18756.23365   -173.33707  -0.1478829  -0.0964039  -3.5857826 2026 01 15 12 40 41.84
0  17207.56694 -18758.08675   -245.05145  -0.1546402  -0.0888921  -3.5856814 2026 01 15 12 41 01.84
0  17204.40665 -18759.78941   -316.76347  -0.1613745  -0.0813599  -3.5855456 2026 01 15 12 41 21.84
0  17201.11190 -18761.34122   -388.47242  -0.1680856  -0.0738074  -3.5853752 2026 01 15 12 41 41.84
0  17197.68316 -18762.74178   -460.17762  -0.1747735  -0.0662346  -3.5851701 2026 01 15 12 42 01.84
0  17194.12090 -18763.99069   -531.87837  -0.1814381  -0.0586418  -3.5849303 2026 01 15 12 42 21.84
0  17190.42559 -18765.08754   -603.57397  -0.1880792  -0.0510291  -3.5846558 2026 01 15 12 42 41.84
0  17186.59768 -18766.03194   -675.26374  -0.1946967  -0.0433965  -3.5843467 2026 01 15 12 43 01.84
0  17182.63767 -18766.82349   -746.94698  -0.2012905  -0.0357443  -3.5840030 2026 01 15 12 43 21.84
0  17178.54601 -18767.46180   -818.62300  -0.2078606  -0.0280725  -3.5836245 2026 01 15 12 43 41.84
0  17174.32319 -18767.94648   -890.29111  -0.2144068  -0.0203812  -3.5832114 2026 01 15 12 44 01.84
0  17169.96969 -18768.27714   -961.95060  -0.2209290  -0.0126707  -3.5827637 2026 01 15 12 44 21.84
0  17165.48599 -18768.45340  -1033.60080  -0.2274270  -0.0049410  -3.5822813 2026 01 15 12 44 41.84
0  17160.87256 -18768.47488  -1105.24100  -0.2339009   0.0028078  -3.5817643 2026 01 15 12 45 01.84
0  17156.12991 -18768.34119  -1176.87052  -0.2403505   0.0105755  -3.5812127 2026 01 15 12 45 21.84
0  17151.25850 -18768.05196  -1248.48865  -0.2467756   0.0183619  -3.5806264 2026 01 15 12 45 41.84
0  17146.25884 -18767.60682  -1320.09472  -0.2531763   0.0261671  -3.5800055 2026 01 15 12 46 01.84
0  17141.13141 -18767.00539  -1391.68801  -0.2595523   0.0339907  -3.5793499 2026 01 15 12 46 21.84
0  17135.87671 -18766.24730  -1463.26786  -0.2659036   0.0418328  -3.5786598 2026 01 15 12 46 41.84
0  17130.49524 -18765.33219  -1534.83355  -0.2722300   0.0496931  -3.5779350 2026 01 15 12 47 01.84
0  17124.98748 -18764.25969  -1606.38440  -0.2785316   0.0575715  -3.5771756 2026 01 15 12 47 21.84
0  17119.35394 -18763.02944  -1677.91972  -0.2848081   0.0654679  -3.5763816 2026 01 15 12 47 41.84
0  17113.59513 -18761.64109  -1749.43881  -0.2910594   0.0733822  -3.5755531 2026 01 15 12 48 01.84
0  17107.71154 -18760.09428  -1820.94099  -0.2972856   0.0813142  -3.5746899 2026 01 15 12 48 21.84
0  17101.70368 -18758.38864  -1892.42555  -0.3034864   0.0892638  -3.5737922 2026 01 15 12 48 41.84
0  17095.57206 -18756.52385  -1963.89182  -0.3096618   0.0972309  -3.5728599 2026 01 15 12 49 01.84
0  17089.31718 -18754.49954  -2035.33910  -0.3158116   0.1052153  -3.5718931 2026 01 15 12 49 21.84
0  17082.93957 -18752.31536  -2106.76669  -0.3219359   0.1132169  -3.5708917 2026 01 15 12 49 41.84
0  17076.43973 -18749.97099  -2178.17391  -0.3280344   0.1212355  -3.5698557 2026 01 15 12 50 01.84
0  17069.81817 -18747.46608  -2249.56006  -0.3341071   0.1292711  -3.5687852 2026 01 15 12 50 21.84
0  17063.07543 -18744.80028  -2320.92446  -0.3401539   0.1373234  -3.5676802 2026 01 15 12 50 41.84
0  17056.21200 -18741.97328  -2392.26642  -0.3461747   0.1453924  -3.5665407 2026 01 15 12 51 01.84
0  17049.22842 -18738.98473  -2463.58524  -0.3521694   0.1534779  -3.5653667 2026 01 15 12 51 21.84
0  17042.12521 -18735.83430  -2534.88024  -0.3581379   0.1615797  -3.5641582 2026 01 15 12 51 41.84
0  17034.90290 -18732.52168  -2606.15072  -0.3640802   0.1696978  -3.5629152 2026 01 15 12 52 01.84
0  17027.56200 -18729.04654  -2677.39600  -0.3699960   0.1778320  -3.5616378 2026 01 15 12 52 21.84
0  17020.10305 -18725.40855  -2748.61538  -0.3758854   0.1859821  -3.5603259 2026 01 15 12 52 41.84
0  17012.52658 -18721.60740  -2819.80818  -0.3817482   0.1941481  -3.5589795 2026 01 15 12 53 01.84
0  17004.83312 -18717.64278  -2890.97371  -0.3875843   0.2023297  -3.5575988 2026 01 15 12 53 21.84
0  16997.02320 -18713.51437  -2962.11128  -0.3933938   0.2105268  -3.5561836 2026 01 15 12 53 41.84
0  16989.09736 -18709.22187  -3033.22020  -0.3991763   0.2187394  -3.5547339 2026 01 15 12 54 01.84
0  16981.05614 -18704.76496  -3104.29979  -0.4049320   0.2269672  -3.5532500 2026 01 15 12 54 21.84
0  16972.90008 -18700.14334  -3175.34935  -0.4106607   0.2352101  -3.5517316 2026 01 15 12 54 41.84
0  16964.62972 -18695.35672  -3246.36820  -0.4163622   0.2434679  -3.5501788 2026 01 15 12 55 01.84
0  16956.24560 -18690.40479  -3317.35566  -0.4220366   0.2517406  -3.5485918 2026 01 15 12 55 21.84
0  16947.74826 -18685.28726  -3388.31102  -0.4276837   0.2600280  -3.5469703 2026 01 15 12 55 41.84
0  16939.13826 -18680.00384  -3459.23362  -0.4333034   0.2683300  -3.5453146 2026 01 15 12 56 01.84
0  16930.41613 -18674.55424  -3530.12276  -0.4388958   0.2766463  -3.5436245 2026 01 15 12 56 21.84
0  16921.58244 -18668.93816  -3600.97776  -0.4444605   0.2849769  -3.5419002 2026 01 15 12 56 41.84
0  16912.63772 -18663.15534  -3671.79792  -0.4499977   0.2933215  -3.5401416 2026 01 15 12 57 01.84
0  16903.58254 -18657.20548  -3742.58257  -0.4555072   0.3016802  -3.5383488 2026 01 15 12 57 21.84
0  16894.41745 -18651.08831  -3813.33103  -0.4609889   0.3100527  -3.5365217 2026 01 15 12 57 41.84
0  16885.14300 -18644.80356  -3884.04259  -0.4664427   0.3184388  -3.5346603 2026 01 15 12 58 01.84
0  16875.75976 -18638.35095  -3954.71659  -0.4718686   0.3268385  -3.5327648 2026 01 15 12 58 21.84
0  16866.26827 -18631.73021  -4025.35234  -0.4772665   0.3352516  -3.5308351 2026 01 15 12 58 41.84
0  16856.66912 -18624.94108  -4095.94916  -0.4826363   0.3436779  -3.5288713 2026 01 15 12 59 01.84
0  16846.96284 -18617.98329  -4166.50635  -0.4879779   0.3521173  -3.5268732 2026 01 15 12 59 21.84
0  16837.15002 -18610.85658  -4237.02324  -0.4932913   0.3605697  -3.5248411 2026 01 15 12 59 41.84
0  16827.23122 -18603.56070  -4307.49915  -0.4985763   0.3690348  -3.5227748 2026 01 15 13 00 01.84
0  16817.20700 -18596.09539  -4377.93339  -0.5038329   0.3775126  -3.5206745 2026 01 15 13 00 21.84
0  16807.07793 -18588.46040  -4448.32529  -0.5090610   0.3860029  -3.5185401 2026 01 15 13 00 41.84
0  16796.84458 -18580.65548  -4518.67415  -0.5142605   0.3945056  -3.5163716 2026 01 15 13 01 01.84
0  16786.50754 -18572.68038  -4588.97931  -0.5194314   0.4030205  -3.5141691 2026 01 15 13 01 21.84
0  16776.06736 -18564.53487  -4659.24008  -0.5245736   0.4115474  -3.5119326 2026 01 15 13 01 41.84
0  16765.52463 -18556.21870  -4729.45578  -0.5296870   0.4200863  -3.5096621 2026 01 15 13 02 01.84
0  16754.87991 -18547.73163  -4799.62572  -0.5347715   0.4286369  -3.5073577 2026 01 15 13 02 21.84
0  16744.13380 -18539.07344  -4869.74924  -0.5398271   0.4371991  -3.5050193 2026 01 15 13 02 41.84
0  16733.28687 -18530.24389  -4939.82566  -0.5448536   0.4457728  -3.5026470 2026 01 15 13 03 01.84
0  16722.33969 -18521.24275  -5009.85428  -0.5498511   0.4543578  -3.5002407 2026 01 15 13 03 21.84
0  16711.29286 -18512.06980  -5079.83445  -0.5548194   0.4629540  -3.4978006 2026 01 15 13 03 41.84
0  16700.14695 -18502.72481  -5149.76547  -0.5597585   0.4715612  -3.4953267 2026 01 15 13 04 01.84
0  16688.90256 -18493.20758  -5219.64668  -0.5646683   0.4801792  -3.4928189 2026 01 15 13 04 21.84
0  16677.56026 -18483.51788  -5289.47740  -0.5695488   0.4888080  -3.4902774 2026 01 15 13 04 41.84
0  16666.12065 -18473.65550  -5359.25694  -0.5743998   0.4974473  -3.4877020 2026 01 15 13 05 01.84
0  16654.58431 -18463.62022  -5428.98464  -0.5792213   0.5060970  -3.4850929 2026 01 15 13 05 21.84
0  16642.95184 -18453.41185  -5498.65982  -0.5840133   0.5147570  -3.4824501 2026 01 15 13 05 41.84
0  16631.22383 -18443.03019  -5568.28181  -0.5887756   0.5234270  -3.4797735 2026 01 15 13 06 01.84
0  16619.40087 -18432.47502  -5637.84993  -0.5935082   0.5321071  -3.4770633 2026 01 15 13 06 21.84
0  16607.48355 -18421.74615  -5707.36351  -0.5982110   0.5407969  -3.4743194 2026 01 15 13 06 41.84
0  16595.47248 -18410.84339  -5776.82187  -0.6028840   0.5494964  -3.4715419 2026 01 15 13 07 01.84
0  16583.36824 -18399.76654  -5846.22435  -0.6075272   0.5582053  -3.4687308 2026 01 15 13 07 21.84
0  16571.17145 -18388.51543  -5915.57028  -0.6121403   0.5669236  -3.4658861 2026 01 15 13 07 41.84
0  16558.88268 -18377.08985  -5984.85897  -0.6167235   0.5756511  -3.4630079 2026 01 15 13 08 01.84
0  16546.50256 -18365.48964  -6054.08976  -0.6212766   0.5843876  -3.4600962 2026 01 15 13 08 21.84
0  16534.03168 -18353.71461  -6123.26199  -0.6257995   0.5931330  -3.4571509 2026 01 15 13 08 41.84
0  16521.47064 -18341.76458  -6192.37497  -0.6302922   0.6018871  -3.4541722 2026 01 15 13 09 01.84
0  16508.82005 -18329.63939  -6261.42805  -0.6347547   0.6106498  -3.4511601 2026 01 15 13 09 21.84
0  16496.08051 -18317.33886  -6330.42055  -0.6391868   0.6194208  -3.4481146 2026 01 15 13 09 41.84
0  16483.25264 -18304.86283  -6399.35181  -0.6435886   0.6282002  -3.4450357 2026 01 15 13 10 01.84
0  16470.33703 -18292.21112  -6468.22115  -0.6479599   0.6369876  -3.4419234 2026 01 15 13 10 21.84
0  16457.33430 -18279.38359  -6537.02792  -0.6523008   0.6457830  -3.4387779 2026 01 15 13 10 41.84
0  16444.24506 -18266.38008  -6605.77145  -0.6566111   0.6545861  -3.4355990 2026 01 15 13 11 01.84
0  16431.06993 -18253.20043  -6674.45106  -0.6608907   0.6633969  -3.4323869 2026 01 15 13 11 21.84
0  16417.80950 -18239.84448  -6743.06610  -0.6651398   0.6722152  -3.4291416 2026 01 15 13 11 41.84
0  16404.46440 -18226.31210  -6811.61590  -0.6693581   0.6810408  -3.4258631 2026 01 15 13 12 01.84
0  16391.03525 -18212.60314  -6880.09980  -0.6735456   0.6898735  -3.4225514 2026 01 15 13 12 21.84
0  16377.52265 -18198.71745  -6948.51714  -0.6777023   0.6987133  -3.4192066 2026 01 15 13 12 41.84
0  16363.92722 -18184.65490  -7016.86725  -0.6818282   0.7075599  -3.4158287 2026 01 15 13 13 01.84
0  16350.24959 -18170.41535  -7085.14947  -0.6859231   0.7164132  -3.4124178 2026 01 15 13 13 21.84
0  16336.49037 -18155.99867  -7153.36314  -0.6899871   0.7252730  -3.4089738 2026 01 15 13 13 41.84
0  16322.65018 -18141.40473  -7221.50760  -0.6940200   0.7341392  -3.4054968 2026 01 15 13 14 01.84
0  16308.72965 -18126.63340  -7289.58220  -0.6980218   0.7430116  -3.4019868 2026 01 15 13 14 21.84
0  16294.72939 -18111.68456  -7357.58626  -0.7019926   0.7518900  -3.3984439 2026 01 15 13 14 41.84
0  16280.65002 -18096.55810  -7425.51914  -0.7059321   0.7607744  -3.3948682 2026 01 15 13 15 01.84
0  16266.49218 -18081.25390  -7493.38017  -0.7098405   0.7696645  -3.3912595 2026 01 15 13 15 21.84
0  16252.25648 -18065.77183  -7561.16871  -0.7137175   0.7785602  -3.3876180 2026 01 15 13 15 41.84
0  16237.94356 -18050.11180  -7628.88408  -0.7175633   0.7874613  -3.3839438 2026 01 15 13 16 01.84
0  16223.55403 -18034.27370  -7696.52565  -0.7213777   0.7963677  -3.3802368 2026 01 15 13 16 21.84
0  16209.08853 -18018.25741  -7764.09274  -0.7251607   0.8052791  -3.3764970 2026 01 15 13 16 41.84
0  16194.54769 -18002.06285  -7831.58472  -0.7289123   0.8141955  -3.3727246 2026 01 15 13 17 01.84
0  16179.93213 -17985.68991  -7899.00092  -0.7326324   0.8231167  -3.3689196 2026 01 15 13 17 21.84
0  16165.24248 -17969.13851  -7966.34069  -0.7363209   0.8320426  -3.3650819 2026 01 15 13 17 41.84
0  16150.47938 -17952.40854  -8033.60339  -0.7399779   0.8409728  -3.3612117 2026 01 15 13 18 01.84
0  16135.64345 -17935.49992  -8100.78835  -0.7436032   0.8499074  -3.3573089 2026 01 15 13 18 21.84
0  16120.73534 -17918.41257  -8167.89494  -0.7471969   0.8588462  -3.3533736 2026 01 15 13 18 41.84
0  16105.75566 -17901.14641  -8234.92249  -0.7507590   0.8677889  -3.3494059 2026 01 15 13 19 01.84
0  16090.70507 -17883.70136  -8301.87037  -0.7542892   0.8767354  -3.3454057 2026 01 15 13 19 21.84
0  16075.58419 -17866.07733  -8368.73792  -0.7577878   0.8856856  -3.3413732 2026 01 15 13 19 41.84
0  16060.39365 -17848.27427  -8435.52450  -0.7612545   0.8946393  -3.3373083 2026 01 15 13 20 01.84
0  16045.13410 -17830.29211  -8502.22945  -0.7646893   0.9035963  -3.3332111 2026 01 15 13 20 21.84
0  16029.80617 -17812.13077  -8568.85214  -0.7680923   0.9125566  -3.3290817 2026 01 15 13 20 41.84
0  16014.41050 -17793.79019  -8635.39192  -0.7714634   0.9215198  -3.3249200 2026 01 15 13 21 01.84
0  15998.94773 -17775.27033  -8701.84814  -0.7748025   0.9304859  -3.3207262 2026 01 15 13 21 21.84
0  15983.41850 -17756.57111  -8768.22017  -0.7781096   0.9394547  -3.3165002 2026 01 15 13 21 41.84
0  15967.82344 -17737.69250  -8834.50735  -0.7813848   0.9484260  -3.3122421 2026 01 15 13 22 01.84
0  15952.16321 -17718.63443  -8900.70906  -0.7846278   0.9573997  -3.3079519 2026 01 15 13 22 21.84
0  15936.43843 -17699.39687  -8966.82464  -0.7878388   0.9663756  -3.3036298 2026 01 15 13 22 41.84
0  15920.64975 -17679.97977  -9032.85345  -0.7910177   0.9753535  -3.2992756 2026 01 15 13 23 01.84
0  15904.79782 -17660.38310  -9098.79487  -0.7941645   0.9843333  -3.2948895 2026 01 15 13 23 21.84
0  15888.88328 -17640.60681  -9164.64824  -0.7972790   0.9933149  -3.2904715 2026 01 15 13 23 41.84
0  15872.90676 -17620.65087  -9230.41294  -0.8003614   1.0022980  -3.2860217 2026 01 15 13 24 01.84
0  15856.86892 -17600.51526  -9296.08832  -0.8034116   1.0112825  -3.2815401 2026 01 15 13 24 21.84
0  15840.77040 -17580.19995  -9361.67375  -0.8064294   1.0202682  -3.2770267 2026 01 15 13 24 41.84
0  15824.61185 -17559.70491  -9427.16860  -0.8094150   1.0292550  -3.2724816 2026 01 15 13 25 01.84
0  15808.39391 -17539.03013  -9492.57223  -0.8123683   1.0382428  -3.2679048 2026 01 15 13 25 21.84
0  15792.11722 -17518.17559  -9557.88400  -0.8152893   1.0472312  -3.2632964 2026 01 15 13 25 41.84
0  15775.78244 -17497.14127  -9623.10330  -0.8181779   1.0562203  -3.2586564 2026 01 15 13 26 01.84
0  15759.39022 -17475.92716  -9688.22948  -0.8210341   1.0652098  -3.2539848 2026 01 15 13 26 21.84
0  15742.94119 -17454.53327  -9753.26191  -0.8238580   1.0741995  -3.2492818 2026 01 15 13 26 41.84
0  15726.43601 -17432.95958  -9818.19997  -0.8266493   1.0831894  -3.2445473 2026 01 15 13 27 01.84
0  15709.87532 -17411.20609  -9883.04302  -0.8294083   1.0921791  -3.2397814 2026 01 15 13 27 21.84
0  15693.25979 -17389.27281  -9947.79044  -0.8321348   1.1011687  -3.2349842 2026 01 15 13 27 41.84
0  15676.59005 -17367.15974 -10012.44161  -0.8348287   1.1101578  -3.2301556 2026 01 15 13 28 01.84
0  15659.86675 -17344.86690 -10076.99589  -0.8374902   1.1191464  -3.2252958 2026 01 15 13 28 21.84
0  15643.09055 -17322.39429 -10141.45267  -0.8401192   1.1281343  -3.2204048 2026 01 15 13 28 41.84
0  15626.26210 -17299.74194 -10205.81131  -0.8427156   1.1371213  -3.2154826 2026 01 15 13 29 01.84
0  15609.38204 -17276.90985 -10270.07119  -0.8452794   1.1461072  -3.2105293 2026 01 15 13 29 21.84
0  15592.45104 -17253.89806 -10334.23171  -0.8478107   1.1550919  -3.2055449 2026 01 15 13 29 41.84
0  15575.46973 -17230.70659 -10398.29222  -0.8503093   1.1640753  -3.2005295 2026 01 15 13 30 01.84
0  15558.43878 -17207.33547 -10462.25211  -0.8527754   1.1730571  -3.1954831 2026 01 15 13 30 21.84
0  15541.35884 -17183.78473 -10526.11077  -0.8552088   1.1820372  -3.1904058 2026 01 15 13 30 41.84
0  15524.23055 -17160.05440 -10589.86758  -0.8576096   1.1910155  -3.1852976 2026 01 15 13 31 01.84
0  15507.05457 -17136.14453 -10653.52191  -0.8599777   1.1999917  -3.1801586 2026 01 15 13 31 21.84
0  15489.83156 -17112.05516 -10717.07315  -0.8623132   1.2089657  -3.1749888 2026 01 15 13 31 41.84
0  15472.56217 -17087.78634 -10780.52069  -0.8646160   1.2179374  -3.1697883 2026 01 15 13 32 01.84
0  15455.24705 -17063.33810 -10843.86392  -0.8668861   1.2269066  -3.1645571 2026 01 15 13 32 21.84
0  15437.88685 -17038.71051 -10907.10222  -0.8691235   1.2358731  -3.1592953 2026 01 15 13 32 41.84
0  15420.48223 -17013.90362 -10970.23497  -0.8713282   1.2448367  -3.1540029 2026 01 15 13 33 01.84
0  15403.03384 -16988.91748 -11033.26157  -0.8735001   1.2537973  -3.1486800 2026 01 15 13 33 21.84
0  15385.54235 -16963.75217 -11096.18141  -0.8756394   1.2627548  -3.1433266 2026 01 15 13 33 41.84
0  15368.00839 -16938.40774 -11158.99388  -0.8777459   1.2717089  -3.1379428 2026 01 15 13 34 01.84
0  15350.43263 -16912.88426 -11221.69836  -0.8798197   1.2806595  -3.1325286 2026 01 15 13 34 21.84
0  15332.81573 -16887.18181 -11284.29426  -0.8818608   1.2896065  -3.1270842 2026 01 15 13 34 41.84
0  15315.15833 -16861.30045 -11346.78098  -0.8838691   1.2985496  -3.1216094 2026 01 15 13 35 01.84
0  15297.46109 -16835.24028 -11409.15789  -0.8858447   1.3074887  -3.1161045 2026 01 15 13 35 21.84
0  15279.72467 -16809.00136 -11471.42440  -0.8877875   1.3164237  -3.1105694 2026 01 15 13 35 41.84
0  15261.94972 -16782.58379 -11533.57991  -0.8896975   1.3253544  -3.1050042 2026 01 15 13 36 01.84
0  15244.13690 -16755.98765 -11595.62382  -0.8915748   1.3342805  -3.0994090 2026 01 15 13 36 21.84
0  15226.28686 -16729.21304 -11657.55552  -0.8934193   1.3432021  -3.0937838 2026 01 15 13 36 41.84
0  15208.40025 -16702.26004 -11719.37442  -0.8952311   1.3521188  -3.0881286 2026 01 15 13 37 01.84
0  15190.47774 -16675.12876 -11781.07992  -0.8970101   1.3610305  -3.0824436 2026 01 15 13 37 21.84
0  15172.51998 -16647.81929 -11842.67142  -0.8987563   1.3699372  -3.0767287 2026 01 15 13 37 41.84
0  15154.52762 -16620.33174 -11904.14833  -0.9004698   1.3788385  -3.0709841 2026 01 15 13 38 01.84
0  15136.50132 -16592.66623 -11965.51004  -0.9021505   1.3877343  -3.0652097 2026 01 15 13 38 21.84
0  15118.44173 -16564.82285 -12026.75598  -0.9037985   1.3966246  -3.0594057 2026 01 15 13 38 41.84
0  15100.34951 -16536.80173 -12087.88553  -0.9054137   1.4055090  -3.0535721 2026 01 15 13 39 01.84
0  15082.22532 -16508.60298 -12148.89812  -0.9069962   1.4143875  -3.0477090 2026 01 15 13 39 21.84
0  15064.06980 -16480.22672 -12209.79316  -0.9085459   1.4232599  -3.0418164 2026 01 15 13 39 41.84
0  15045.88361 -16451.67307 -12270.57004  -0.9100629   1.4321260  -3.0358943 2026 01 15 13 40 01.84
0  15027.66742 -16422.94217 -12331.22819  -0.9115472   1.4409857  -3.0299429 2026 01 15 13 40 21.84
0  15009.42186 -16394.03414 -12391.76703  -0.9129987   1.4498387  -3.0239622 2026 01 15 13 40 41.84
0  14991.14760 -16364.94912 -12452.18595  -0.9144176   1.4586850  -3.0179522 2026 01 15 13 41 01.84
0  14972.84529 -16335.68724 -12512.48438  -0.9158037   1.4675244  -3.0119130 2026 01 15 13 41 21.84
0  14954.51559 -16306.24864 -12572.66174  -0.9171572   1.4763567  -3.0058447 2026 01 15 13 41 41.84
0  14936.15914 -16276.63348 -12632.71744  -0.9184779   1.4851817  -2.9997473 2026 01 15 13 42 01.84
0  14917.77661 -16246.84188 -12692.65090  -0.9197660   1.4939993  -2.9936209 2026 01 15 13 42 21.84
0  14899.36864 -16216.87401 -12752.46155  -0.9210214   1.5028093  -2.9874655 2026 01 15 13 42 41.84
0  14880.93589 -16186.73002 -12812.14880  -0.9222442   1.5116116  -2.9812812 2026 01 15 13 43 01.84
0  14862.47901 -16156.41006 -12871.71208  -0.9234343   1.5204060  -2.9750681 2026 01 15 13 43 21.84
0  14843.99866 -16125.91430 -12931.15080  -0.9245919   1.5291923  -2.9688262 2026 01 15 13 43 41.84
0  14825.49548 -16095.24289 -12990.46441  -0.9257168   1.5379704  -2.9625556 2026 01 15 13 44 01.84
0  14806.97012 -16064.39600 -13049.65231  -0.9268091   1.5467402  -2.9562564 2026 01 15 13 44 21.84
0  14788.42325 -16033.37381 -13108.71394  -0.9278688   1.5555013  -2.9499285 2026 01 15 13 44 41.84
0  14769.85551 -16002.17648 -13167.64874  -0.9288960   1.5642538  -2.9435721 2026 01 15 13 45 01.84
0  14751.26755 -15970.80419 -13226.45612  -0.9298907   1.5729973  -2.9371873 2026 01 15 13 45 21.84
0  14732.66003 -15939.25712 -13285.13551  -0.9308528   1.5817319  -2.9307740 2026 01 15 13 45 41.84
0  14714.03358 -15907.53545 -13343.68637  -0.9317824   1.5904572  -2.9243324 2026 01 15 13 46 01.84
0  14695.38887 -15875.63936 -13402.10810  -0.9326795   1.5991732  -2.9178625 2026 01 15 13 46 21.84
0  14676.72654 -15843.56906 -13460.40016  -0.9335442   1.6078797  -2.9113644 2026 01 15 13 46 41.84
0  14658.04725 -15811.32472 -13518.56197  -0.9343764   1.6165765  -2.9048382 2026 01 15 13 47 01.84
0  14639.35163 -15778.90654 -13576.59298  -0.9351762   1.6252634  -2.8982838 2026 01 15 13 47 21.84
0  14620.64034 -15746.31473 -13634.49262  -0.9359436   1.6339404  -2.8917014 2026 01 15 13 47 41.84
0  14601.91403 -15713.54948 -13692.26034  -0.9366786   1.6426072  -2.8850911 2026 01 15 13 48 01.84
0  14583.17334 -15680.61099 -13749.89557  -0.9373813   1.6512637  -2.8784529 2026 01 15 13 48 21.84
0  14564.41892 -15647.49948 -13807.39775  -0.9380516   1.6599097  -2.8717868 2026 01 15 13 48 41.84
0  14545.65142 -15614.21516 -13864.76634  -0.9386897   1.6685450  -2.8650930 2026 01 15 13 49 01.84
0  14526.87148 -15580.75824 -13922.00077  -0.9392954   1.6771696  -2.8583714 2026 01 15 13 49 21.84
0  14508.07975 -15547.12894 -13979.10050  -0.9398689   1.6857832  -2.8516222 2026 01 15 13 49 41.84
0  14489.27687 -15513.32748 -14036.06497  -0.9404102   1.6943857  -2.8448455 2026 01 15 13 50 01.84
0  14470.46348 -15479.35408 -14092.89363  -0.9409193   1.7029769  -2.8380412 2026 01 15 13 50 21.84
0  14451.64024 -15445.20897 -14149.58593  -0.9413963   1.7115566  -2.8312095 2026 01 15 13 50 41.84
0  14432.80778 -15410.89239 -14206.14132  -0.9418411   1.7201248  -2.8243505 2026 01 15 13 51 01.84
0  14413.96674 -15376.40455 -14262.55926  -0.9422537   1.7286812  -2.8174641 2026 01 15 13 51 21.84
0  14395.11777 -15341.74571 -14318.83920  -0.9426344   1.7372257  -2.8105505 2026 01 15 13 51 41.84
0  14376.26151 -15306.91610 -14374.98060  -0.9429829   1.7457581  -2.8036097 2026 01 15 13 52 01.84
0  14357.39860 -15271.91597 -14430.98291  -0.9432995   1.7542783  -2.7966418 2026 01 15 13 52 21.84
0  14338.52968 -15236.74555 -14486.84559  -0.9435841   1.7627862  -2.7896469 2026 01 15 13 52 41.84
0  14319.65539 -15201.40511 -14542.56810  -0.9438367   1.7712814  -2.7826250 2026 01 15 13 53 01.84
0  14300.77636 -15165.89488 -14598.14991  -0.9440575   1.7797640  -2.7755762 2026 01 15 13 53 21.84
0  14281.89323 -15130.21514 -14653.59047  -0.9442463   1.7882337  -2.7685006 2026 01 15 13 53 41.84
0  14263.00665 -15094.36613 -14708.88926  -0.9444034   1.7966904  -2.7613982 2026 01 15 13 54 01.84
0  14244.11725 -15058.34812 -14764.04573  -0.9445286   1.8051339  -2.7542691 2026 01 15 13 54 21.84
0  14225.22565 -15022.16137 -14819.05935  -0.9446221   1.8135641  -2.7471134 2026 01 15 13 54 41.84
0  14206.33251 -14985.80616 -14873.92960  -0.9446838   1.8219808  -2.7399312 2026 01 15 13 55 01.84
0  14187.43845 -14949.28274 -14928.65593  -0.9447138   1.8303838  -2.7327225 2026 01 15 13 55 21.84
0  14168.54411 -14912.59141 -14983.23783  -0.9447122   1.8387731  -2.7254874 2026 01 15 13 55 41.84
0  14149.65011 -14875.73243 -15037.67477  -0.9446790   1.8471484  -2.7182259 2026 01 15 13 56 01.84
0  14130.75709 -14838.70608 -15091.96621  -0.9446143   1.8555095  -2.7109382 2026 01 15 13 56 21.84
0  14111.86569 -14801.51266 -15146.11163  -0.9445180   1.8638564  -2.7036242 2026 01 15 13 56 41.84
0  14092.97652 -14764.15244 -15200.11052  -0.9443902   1.8721889  -2.6962842 2026 01 15 13 57 01.84
0  14074.09023 -14726.62572 -15253.96234  -0.9442310   1.8805068  -2.6889180 2026 01 15 13 57 21.84
0  14055.20743 -14688.93278 -15307.66658  -0.9440404   1.8888100  -2.6815259 2026 01 15 13 57 41.84
0  14036.32876 -14651.07394 -15361.22272  -0.9438184   1.8970983  -2.6741079 2026 01 15 13 58 01.84
0  14017.45484 -14613.04948 -15414.63025  -0.9435651   1.9053716  -2.6666641 2026 01 15 13 58 21.84
0  13998.58630 -14574.85970 -15467.88864  -0.9432806   1.9136296  -2.6591945 2026 01 15 13 58 41.84
0  13979.72377 -14536.50492 -15520.99738  -0.9429648   1.9218723  -2.6516992 2026 01 15 13 59 01.84
0  13960.86786 -14497.98544 -15573.95596  -0.9426179   1.9300996  -2.6441782 2026 01 15 13 59 21.84
0  13942.01920 -14459.30157 -15626.76386  -0.9422399   1.9383111  -2.6366318 2026 01 15 13 59 41.84
0  13923.17841 -14420.45363 -15679.42058  -0.9418308   1.9465068  -2.6290598 2026 01 15 14 00 01.84
0  13904.34612 -14381.44193 -15731.92561  -0.9413907   1.9546866  -2.6214625 2026 01 15 14 00 21.84
0  13885.52293 -14342.26680 -15784.27844  -0.9409196   1.9628503  -2.6138398 2026 01 15 14 00 41.84
0  13866.70948 -14302.92856 -15836.47857  -0.9404175   1.9709977  -2.6061919 2026 01 15 14 01 01.84
0  13847.90638 -14263.42754 -15888.52548  -0.9398846   1.9791287  -2.5985188 2026 01 15 14 01 21.84
0  13829.11425 -14223.76406 -15940.41869  -0.9393209   1.9872431  -2.5908207 2026 01 15 14 01 41.84
0  13810.33369 -14183.93846 -15992.15768  -0.9387264   1.9953408  -2.5830974 2026 01 15 14 02 01.84
0  13791.56534 -14143.95108 -16043.74195  -0.9381012   2.0034217  -2.5753493 2026 01 15 14 02 21.84
0  13772.80979 -14103.80225 -16095.17102  -0.9374454   2.0114855  -2.5675763 2026 01 15 14 02 41.84
0  13754.06767 -14063.49232 -16146.44438  -0.9367589   2.0195321  -2.5597784 2026 01 15 14 03 01.84
0  13735.33958 -14023.02163 -16197.56153  -0.9360419   2.0275614  -2.5519559 2026 01 15 14 03 21.84
0  13716.62614 -13982.39052 -16248.52199  -0.9352944   2.0355733  -2.5441087 2026 01 15 14 03 41.84
0  13697.92796 -13941.59936 -16299.32526  -0.9345165   2.0435675  -2.5362369 2026 01 15 14 04 01.84
0  13679.24563 -13900.64849 -16349.97085  -0.9337082   2.0515439  -2.5283407 2026 01 15 14 04 21.84
0  13660.57978 -13859.53827 -16400.45827  -0.9328695   2.0595025  -2.5204200 2026 01 15 14 04 41.84
0  13641.93100 -13818.26906 -16450.78703  -0.9320006   2.0674429  -2.5124750 2026 01 15 14 05 01.84
0  13623.29990 -13776.84123 -16500.95665  -0.9311015   2.0753652  -2.5045058 2026 01 15 14 05 21.84
0  13604.68709 -13735.25513 -16550.96665  -0.9301722   2.0832691  -2.4965123 2026 01 15 14 05 41.84
0  13586.09316 -13693.51114 -16600.81653  -0.9292129   2.0911544  -2.4884948 2026 01 15 14 06 01.84
0  13567.51872 -13651.60963 -16650.50583  -0.9282235   2.0990211  -2.4804532 2026 01 15 14 06 21.84
0  13548.96437 -13609.55098 -16700.03406  -0.9272042   2.1068690  -2.4723877 2026 01 15 14 06 41.84
0  13530.43071 -13567.33555 -16749.40073  -0.9261549   2.1146980  -2.4642983 2026 01 15 14 07 01.84
0  13511.91832 -13524.96374 -16798.60539  -0.9250759   2.1225078  -2.4561852 2026 01 15 14 07 21.84
0  13493.42782 -13482.43593 -16847.64754  -0.9239670   2.1302985  -2.4480483 2026 01 15 14 07 41.84
0  13474.95979 -13439.75249 -16896.52672  -0.9228285   2.1380697  -2.4398878 2026 01 15 14 08 01.84
0  13456.51483 -13396.91383 -16945.24245  -0.9216603   2.1458214  -2.4317037 2026 01 15 14 08 21.84
0  13438.09353 -13353.92033 -16993.79427  -0.9204625   2.1535534  -2.4234962 2026 01 15 14 08 41.84
0  13419.69647 -13310.77239 -17042.18171  -0.9192352   2.1612655  -2.4152653 2026 01 15 14 09 01.84
0  13401.32426 -13267.47041 -17090.40429  -0.9179785   2.1689577  -2.4070111 2026 01 15 14 09 21.84
0  13382.97748 -13224.01479 -17138.46156  -0.9166924   2.1766298  -2.3987336 2026 01 15 14 09 41.84
0  13364.65671 -13180.40592 -17186.35305  -0.9153770   2.1842816  -2.3904330 2026 01 15 14 10 01.84
0  13346.36255 -13136.64423 -17234.07830  -0.9140324   2.1919131  -2.3821094 2026 01 15 14 10 21.84
0  13328.09557 -13092.73011 -17281.63684  -0.9126585   2.1995240  -2.3737627 2026 01 15 14 10 41.84
0  13309.85635 -13048.66398 -17329.02823  -0.9112556   2.2071142  -2.3653932 2026 01 15 14 11 01.84
0  13291.64549 -13004.44625 -17376.25199  -0.9098237   2.2146835  -2.3570008 2026 01 15 14 11 21.84
0  13273.46355 -12960.07735 -17423.30768  -0.9083628   2.2222319  -2.3485857 2026 01 15 14 11 41.84
0  13255.31112 -12915.55769 -17470.19484  -0.9068730   2.2297592  -2.3401479 2026 01 15 14 12 01.84
0  13237.18878 -12870.88770 -17516.91302  -0.9053544   2.2372653  -2.3316876 2026 01 15 14 12 21.84
0  13219.09709 -12826.06780 -17563.46178  -0.9038071   2.2447499  -2.3232048 2026 01 15 14 12 41.84
0  13201.03664 -12781.09843 -17609.84065  -0.9022311   2.2522130  -2.3146995 2026 01 15 14 13 01.84
0  13183.00799 -12735.98001 -17656.04919  -0.9006265   2.2596545  -2.3061720 2026 01 15 14 13 21.84
0  13165.01172 -12690.71297 -17702.08696  -0.8989934   2.2670741  -2.2976221 2026 01 15 14 13 41.84
0  13147.04840 -12645.29777 -17747.95351  -0.8973318   2.2744718  -2.2890502 2026 01 15 14 14 01.84
0  13129.11859 -12599.73484 -17793.64840  -0.8956419   2.2818474  -2.2804561 2026 01 15 14 14 21.84
0  13111.22287 -12554.02461 -17839.17120  -0.8939237   2.2892007  -2.2718401 2026 01 15 14 14 41.84
0  13093.36179 -12508.16754 -17884.52145  -0.8921773   2.2965317  -2.2632022 2026 01 15 14 15 01.84
0  13075.53592 -12462.16408 -17929.69873  -0.8904028   2.3038402  -2.2545424 2026 01 15 14 15 21.84
0  13057.74582 -12416.01468 -17974.70259  -0.8886002   2.3111260  -2.2458609 2026 01 15 14 15 41.84
0  13039.99205 -12369.71978 -18019.53261  -0.8867697   2.3183891  -2.2371577 2026 01 15 14 16 01.84
0  13022.27517 -12323.27986 -18064.18835  -0.8849113   2.3256292  -2.2284330 2026 01 15 14 16 21.84
0  13004.59574 -12276.69536 -18108.66939  -0.8830250   2.3328463  -2.2196868 2026 01 15 14 16 41.84
0  12986.95432 -12229.96675 -18152.97528  -0.8811110   2.3400403  -2.2109192 2026 01 15 14 17 01.84
0  12969.35144 -12183.09450 -18197.10561  -0.8791694   2.3472109  -2.2021303 2026 01 15 14 17 21.84
0  12951.78768 -12136.07907 -18241.05995  -0.8772002   2.3543580  -2.1933201 2026 01 15 14 17 41.84
0  12934.26357 -12088.92093 -18284.83788  -0.8752036   2.3614816  -2.1844888 2026 01 15 14 18 01.84
0  12916.77968 -12041.62056 -18328.43897  -0.8731795   2.3685814  -2.1756365 2026 01 15 14 18 21.84
0  12899.33653 -11994.17843 -18371.86280  -0.8711281   2.3756574  -2.1667632 2026 01 15 14 18 41.84
0  12881.93469 -11946.59503 -18415.10896  -0.8690495   2.3827093  -2.1578690 2026 01 15 14 19 01.84
0  12864.57469 -11898.87082 -18458.17703  -0.8669438   2.3897372  -2.1489540 2026 01 15 14 19 21.84
0  12847.25708 -11851.00630 -18501.06660  -0.8648110   2.3967408  -2.1400183 2026 01 15 14 19 41.84
0  12829.98239 -11803.00196 -18543.77724  -0.8626512   2.4037201  -2.1310620 2026 01 15 14 20 01.84
0  12812.75117 -11754.85827 -18586.30855  -0.8604646   2.4106748  -2.1220852 2026 01 15 14 20 21.84
0  12795.56394 -11706.57574 -18628.66013  -0.8582512   2.4176048  -2.1130879 2026 01 15 14 20 41.84
0  12778.42126 -11658.15485 -18670.83155  -0.8560110   2.4245101  -2.1040702 2026 01 15 14 21 01.84
0  12761.32364 -11609.59611 -18712.82242  -0.8537443   2.4313905  -2.0950323 2026 01 15 14 21 21.84
0  12744.27162 -11560.90001 -18754.63233  -0.8514510   2.4382458  -2.0859742 2026 01 15 14 21 41.84
0  12727.26574 -11512.06705 -18796.26088  -0.8491313   2.4450760  -2.0768961 2026 01 15 14 22 01.84
0  12710.30651 -11463.09775 -18837.70766  -0.8467852   2.4518809  -2.0677979 2026 01 15 14 22 21.84
0  12693.39446 -11413.99260 -18878.97228  -0.8444129   2.4586604  -2.0586798 2026 01 15 14 22 41.84
0  12676.53013 -11364.75212 -18920.05435  -0.8420145   2.4654143  -2.0495418 2026 01 15 14 23 01.84
0  12659.71402 -11315.37681 -18960.95345  -0.8395899   2.4721425  -2.0403842 2026 01 15 14 23 21.84
0  12642.94666 -11265.86720 -19001.66921  -0.8371394   2.4788450  -2.0312069 2026 01 15 14 23 41.84
0  12626.22858 -11216.22380 -19042.20123  -0.8346630   2.4855215  -2.0220100 2026 01 15 14 24 01.84
0  12609.56028 -11166.44714 -19082.54912  -0.8321608   2.4921719  -2.0127937 2026 01 15 14 24 21.84
0  12592.94228 -11116.53772 -19122.71248  -0.8296330   2.4987962  -2.0035580 2026 01 15 14 24 41.84
0  12576.37509 -11066.49608 -19162.69094  -0.8270795   2.5053942  -1.9943030 2026 01 15 14 25 01.84
0  12559.85923 -11016.32275 -19202.48411  -0.8245005   2.5119658  -1.9850288 2026 01 15 14 25 21.84
0  12543.39520 -10966.01825 -19242.09161  -0.8218961   2.5185108  -1.9757355 2026 01 15 14 25 41.84
0  12526.98351 -10915.58312 -19281.51305  -0.8192665   2.5250291  -1.9664232 2026 01 15 14 26 01.84
0  12510.62467 -10865.01789 -19320.74805  -0.8166116   2.5315206  -1.9570919 2026 01 15 14 26 21.84
0  12494.31918 -10814.32310 -19359.79624  -0.8139316   2.5379852  -1.9477419 2026 01 15 14 26 41.84
0  12478.06754 -10763.49929 -19398.65725  -0.8112266   2.5444228  -1.9383731 2026 01 15 14 27 01.84
0  12461.87025 -10712.54700 -19437.33069  -0.8084966   2.5508332  -1.9289856 2026 01 15 14 27 21.84
0  12445.72780 -10661.46677 -19475.81620  -0.8057419   2.5572163  -1.9195796 2026 01 15 14 27 41.84
0  12429.64070 -10610.25916 -19514.11340  -0.8029624   2.5635720  -1.9101551 2026 01 15 14 28 01.84
0  12413.60943 -10558.92471 -19552.22193  -0.8001584   2.5699002  -1.9007122 2026 01 15 14 28 21.84
0  12397.63449 -10507.46397 -19590.14142  -0.7973298   2.5762008  -1.8912511 2026 01 15 14 28 41.84
0  12381.71637 -10455.87749 -19627.87151  -0.7944768   2.5824736  -1.8817717 2026 01 15 14 29 01.84
0  12365.85555 -10404.16584 -19665.41183  -0.7915995   2.5887185  -1.8722743 2026 01 15 14 29 21.84
0  12350.05251 -10352.32957 -19702.76202  -0.7886980   2.5949354  -1.8627589 2026 01 15 14 29 41.84
0  12334.30775 -10300.36925 -19739.92173  -0.7857724   2.6011243  -1.8532255 2026 01 15 14 30 01.84
0  12318.62174 -10248.28543 -19776.89059  -0.7828229   2.6072848  -1.8436743 2026 01 15 14 30 21.84
0  12302.99496 -10196.07868 -19813.66825  -0.7798494   2.6134171  -1.8341054 2026 01 15 14 30 41.84
0  12287.42789 -10143.74958 -19850.25436  -0.7768521   2.6195209  -1.8245189 2026 01 15 14 31 01.84
0  12271.92100 -10091.29868 -19886.64856  -0.7738312   2.6255961  -1.8149148 2026 01 15 14 31 21.84
0  12256.47476 -10038.72657 -19922.85050  -0.7707866   2.6316426  -1.8052933 2026 01 15 14 31 41.84
0  12241.08966  -9986.03381 -19958.85985  -0.7677187   2.6376603  -1.7956545 2026 01 15 14 32 01.84
0  12225.76614  -9933.22099 -19994.67624  -0.7646273   2.6436491  -1.7859983 2026 01 15 14 32 21.84
0  12210.50468  -9880.28868 -20030.29934  -0.7615127   2.6496088  -1.7763250 2026 01 15 14 32 41.84
0  12195.30575  -9827.23748 -20065.72881  -0.7583750   2.6555394  -1.7666347 2026 01 15 14 33 01.84
0  12180.16980  -9774.06795 -20100.96430  -0.7552142   2.6614408  -1.7569274 2026 01 15 14 33 21.84
0  12165.09730  -9720.78069 -20136.00547  -0.7520305   2.6673128  -1.7472031 2026 01 15 14 33 41.84
0  12150.08870  -9667.37628 -20170.85199  -0.7488239   2.6731553  -1.7374622 2026 01 15 14 34 01.84
0  12135.14446  -9613.85532 -20205.50353  -0.7455947   2.6789683  -1.7277045 2026 01 15 14 34 21.84
0  12120.26503  -9560.21840 -20239.95975  -0.7423429   2.6847515  -1.7179302 2026 01 15 14 34 41.84
0  12105.45086  -9506.46611 -20274.22032  -0.7390686   2.6905049  -1.7081394 2026 01 15 14 35 01.84
0  12090.70241  -9452.59905 -20308.28491  -0.7357719   2.6962284  -1.6983322 2026 01 15 14 35 21.84
0  12076.02010  -9398.61782 -20342.15319  -0.7324529   2.7019219  -1.6885087 2026 01 15 14 35 41.84
0  12061.40440  -9344.52303 -20375.82484  -0.7291118   2.7075853  -1.6786690 2026 01 15 14 36 01.84
0  12046.85574  -9290.31527 -20409.29954  -0.7257487   2.7132185  -1.6688132 2026 01 15 14 36 21.84
0  12032.37457  -9235.99515 -20442.57696  -0.7223637   2.7188212  -1.6589414 2026 01 15 14 36 41.84
0  12017.96131  -9181.56328 -20475.65679  -0.7189568   2.7243936  -1.6490536 2026 01 15 14 37 01.84
0  12003.61641  -9127.02026 -20508.53870  -0.7155282   2.7299354  -1.6391500 2026 01 15 14 37 21.84
0  11989.34029  -9072.36672 -20541.22238  -0.7120781   2.7354465  -1.6292307 2026 01 15 14 37 41.84
0  11975.13339  -9017.60327 -20573.70753  -0.7086065   2.7409269  -1.6192957 2026 01 15 14 38 01.84
0  11960.99614  -8962.73051 -20605.99382  -0.7051136   2.7463764  -1.6093453 2026 01 15 14 38 21.84
0  11946.92896  -8907.74908 -20638.08094  -0.7015994   2.7517949  -1.5993793 2026 01 15 14 38 41.84
0  11932.93227  -8852.65958 -20669.96860  -0.6980641   2.7571824  -1.5893980 2026 01 15 14 39 01.84
0  11919.00650  -8797.46265 -20701.65648  -0.6945078   2.7625387  -1.5794015 2026 01 15 14 39 21.84
0  11905.15207  -8742.15891 -20733.14427  -0.6909306   2.7678638  -1.5693899 2026 01 15 14 39 41.84
0  11891.36938  -8686.74897 -20764.43169  -0.6873327   2.7731574  -1.5593631 2026 01 15 14 40 01.84
0  11877.65887  -8631.23348 -20795.51842  -0.6837142   2.7784196  -1.5493215 2026 01 15 14 40 21.84
0  11864.02092  -8575.61307 -20826.40416  -0.6800751   2.7836502  -1.5392649 2026 01 15 14 40 41.84
0  11850.45597  -8519.88835 -20857.08864  -0.6764156   2.7888492  -1.5291937 2026 01 15 14 41 01.84
0  11836.96440  -8464.05998 -20887.57154  -0.6727358   2.7940163  -1.5191077 2026 01 15 14 41 21.84
0  11823.54664  -8408.12858 -20917.85257  -0.6690358   2.7991517  -1.5090072 2026 01 15 14 41 41.84
0  11810.20307  -8352.09479 -20947.93145  -0.6653159   2.8042550  -1.4988923 2026 01 15 14 42 01.84
0  11796.93411  -8295.95926 -20977.80790  -0.6615760   2.8093263  -1.4887629 2026 01 15 14 42 21.84
0  11783.74014  -8239.72263 -21007.48161  -0.6578162   2.8143654  -1.4786193 2026 01 15 14 42 41.84
0  11770.62156  -8183.38553 -21036.95231  -0.6540369   2.8193723  -1.4684616 2026 01 15 14 43 01.84
0  11757.57876  -8126.94862 -21066.21971  -0.6502379   2.8243469  -1.4582898 2026 01 15 14 43 21.84
0  11744.61214  -8070.41255 -21095.28354  -0.6464196   2.8292890  -1.4481040 2026 01 15 14 43 41.84
0  11731.72208  -8013.77795 -21124.14352  -0.6425819   2.8341986  -1.4379043 2026 01 15 14 44 01.84
0  11718.90896  -7957.04550 -21152.79936  -0.6387250   2.8390755  -1.4276909 2026 01 15 14 44 21.84
0  11706.17317  -7900.21583 -21181.25080  -0.6348491   2.8439197  -1.4174638 2026 01 15 14 44 41.84
0  11693.51509  -7843.28960 -21209.49756  -0.6309542   2.8487312  -1.4072231 2026 01 15 14 45 01.84
0  11680.93510  -7786.26748 -21237.53938  -0.6270406   2.8535097  -1.3969690 2026 01 15 14 45 21.84
0  11668.43356  -7729.15011 -21265.37598  -0.6231082   2.8582552  -1.3867015 2026 01 15 14 45 41.84
0  11656.01086  -7671.93817 -21293.00710  -0.6191573   2.8629677  -1.3764207 2026 01 15 14 46 01.84
0  11643.66736  -7614.63230 -21320.43247  -0.6151880   2.8676470  -1.3661267 2026 01 15 14 46 21.84
0  11631.40344  -7557.23319 -21347.65184  -0.6112003   2.8722930  -1.3558197 2026 01 15 14 46 41.84
0  11619.21944  -7499.74148 -21374.66493  -0.6071945   2.8769057  -1.3454997 2026 01 15 14 47 01.84
0  11607.11575  -7442.15786 -21401.47150  -0.6031706   2.8814850  -1.3351669 2026 01 15 14 47 21.84
0  11595.09271  -7384.48299 -21428.07128  -0.5991288   2.8860308  -1.3248213 2026 01 15 14 47 41.84
0  11583.15068  -7326.71754 -21454.46403  -0.5950692   2.8905429  -1.3144630 2026 01 15 14 48 01.84
0  11571.29003  -7268.86218 -21480.64948  -0.5909919   2.8950214  -1.3040921 2026 01 15 14 48 21.84
0  11559.51110  -7210.91759 -21506.62739  -0.5868971   2.8994661  -1.2937088 2026 01 15 14 48 41.84
0  11547.81423  -7152.88445 -21532.39752  -0.5827849   2.9038769  -1.2833131 2026 01 15 14 49 01.84
0  11536.19979  -7094.76343 -21557.95960  -0.5786554   2.9082538  -1.2729052 2026 01 15 14 49 21.84
0  11524.66810  -7036.55521 -21583.31341  -0.5745087   2.9125967  -1.2624851 2026 01 15 14 49 41.84
0  11513.21952  -6978.26047 -21608.45870  -0.5703451   2.9169055  -1.2520529 2026 01 15 14 50 01.84
0  11501.85438  -6919.87990 -21633.39522  -0.5661645   2.9211801  -1.2416088 2026 01 15 14 50 21.84
0  11490.57302  -6861.41419 -21658.12275  -0.5619672   2.9254204  -1.2311528 2026 01 15 14 50 41.84
0  11479.37577  -6802.86401 -21682.64103  -0.5577533   2.9296264  -1.2206850 2026 01 15 14 51 01.84
0  11468.26297  -6744.23005 -21706.94985  -0.5535229   2.9337979  -1.2102057 2026 01 15 14 51 21.84
0  11457.23494  -6685.51301 -21731.04897  -0.5492761   2.9379350  -1.1997147 2026 01 15 14 51 41.84
0  11446.29200  -6626.71357 -21754.93815  -0.5450131   2.9420374  -1.1892123 2026 01 15 14 52 01.84
0  11435.43449  -6567.83244 -21778.61717  -0.5407340   2.9461053  -1.1786986 2026 01 15 14 52 21.84
0  11424.66272  -6508.87029 -21802.08580  -0.5364389   2.9501383  -1.1681736 2026 01 15 14 52 41.84
0  11413.97701  -6449.82783 -21825.34383  -0.5321280   2.9541366  -1.1576375 2026 01 15 14 53 01.84
0  11403.37768  -6390.70575 -21848.39102  -0.5278014   2.9581000  -1.1470903 2026 01 15 14 53 21.84
0  11392.86503  -6331.50476 -21871.22716  -0.5234593   2.9620284  -1.1365322 2026 01 15 14 53 41.84
0  11382.43938  -6272.22554 -21893.85203  -0.5191017   2.9659218  -1.1259633 2026 01 15 14 54 01.84
0  11372.10104  -6212.86881 -21916.26542  -0.5147288   2.9697800  -1.1153836 2026 01 15 14 54 21.84
0  11361.85030  -6153.43527 -21938.46711  -0.5103408   2.9736031  -1.1047933 2026 01 15 14 54 41.84
0  11351.68748  -6093.92562 -21960.45689  -0.5059377   2.9773910  -1.0941925 2026 01 15 14 55 01.84
0  11341.61286  -6034.34057 -21982.23454  -0.5015198   2.9811435  -1.0835813 2026 01 15 14 55 21.84
0  11331.62675  -5974.68081 -22003.79987  -0.4970872   2.9848606  -1.0729597 2026 01 15 14 55 41.84
0  11321.72944  -5914.94708 -22025.15267  -0.4926399   2.9885422  -1.0623279 2026 01 15 14 56 01.84
0  11311.92123  -5855.14006 -22046.29273  -0.4881781   2.9921883  -1.0516860 2026 01 15 14 56 21.84
0  11302.20239  -5795.26048 -22067.21986  -0.4837020   2.9957988  -1.0410341 2026 01 15 14 56 41.84
0  11292.57321  -5735.30905 -22087.93385  -0.4792117   2.9993737  -1.0303723 2026 01 15 14 57 01.84
0  11283.03398  -5675.28647 -22108.43450  -0.4747074   3.0029127  -1.0197007 2026 01 15 14 57 21.84
0  11273.58498  -5615.19348 -22128.72163  -0.4701891   3.0064160  -1.0090195 2026 01 15 14 57 41.84
0  11264.22648  -5555.03077 -22148.79504  -0.4656571   3.0098834  -0.9983286 2026 01 15 14 58 01.84
0  11254.95876  -5494.79908 -22168.65453  -0.4611114   3.0133149  -0.9876282 2026 01 15 14 58 21.84
0  11245.78209  -5434.49912 -22188.29993  -0.4565522   3.0167104  -0.9769184 2026 01 15 14 58 41.84
0  11236.69673  -5374.13161 -22207.73103  -0.4519796   3.0200698  -0.9661994 2026 01 15 14 59 01.84
0  11227.70296  -5313.69727 -22226.94767  -0.4473938   3.0233930  -0.9554711 2026 01 15 14 59 21.84
0  11218.80104  -5253.19683 -22245.94965  -0.4427949   3.0266801  -0.9447338 2026 01 15 14 59 41.84
0  11209.99122  -5192.63101 -22264.73679  -0.4381831   3.0299309  -0.9339876 2026 01 15 15 00 01.84
0  11201.27377  -5132.00054 -22283.30893  -0.4335585   3.0331454  -0.9232325 2026 01 15 15 00 21.84
0  11192.64894  -5071.30614 -22301.66587  -0.4289212   3.0363235  -0.9124686 2026 01 15 15 00 41.84
0  11184.11698  -5010.54855 -22319.80745  -0.4242713   3.0394652  -0.9016960 2026 01 15 15 01 01.84
0  11175.67814  -4949.72848 -22337.73349  -0.4196091   3.0425704  -0.8909149 2026 01 15 15 01 21.84
0  11167.33267  -4888.84668 -22355.44383  -0.4149347   3.0456391  -0.8801254 2026 01 15 15 01 41.84
0  11159.08081  -4827.90387 -22372.93830  -0.4102481   3.0486711  -0.8693275 2026 01 15 15 02 01.84
0  11150.92279  -4766.90079 -22390.21672  -0.4055496   3.0516664  -0.8585214 2026 01 15 15 02 21.84
0  11142.85887  -4705.83817 -22407.27895  -0.4008393   3.0546251  -0.8477072 2026 01 15 15 02 41.84
0  11134.88927  -4644.71674 -22424.12481  -0.3961173   3.0575469  -0.8368849 2026 01 15 15 03 01.84
0  11127.01423  -4583.53725 -22440.75414  -0.3913837   3.0604319  -0.8260547 2026 01 15 15 03 21.84
0  11119.23397  -4522.30042 -22457.16680  -0.3866388   3.0632800  -0.8152167 2026 01 15 15 03 41.84
0  11111.54872  -4461.00700 -22473.36262  -0.3818827   3.0660912  -0.8043710 2026 01 15 15 04 01.84
0  11103.95871  -4399.65773 -22489.34144  -0.3771154   3.0688654  -0.7935177 2026 01 15 15 04 21.84
0  11096.46415  -4338.25335 -22505.10313  -0.3723372   3.0716025  -0.7826569 2026 01 15 15 04 41.84
0  11089.06527  -4276.79459 -22520.64753  -0.3675482   3.0743025  -0.7717886 2026 01 15 15 05 01.84
0  11081.76227  -4215.28220 -22535.97449  -0.3627485   3.0769654  -0.7609132 2026 01 15 15 05 21.84
0  11074.55537  -4153.71693 -22551.08388  -0.3579382   3.0795910  -0.7500305 2026 01 15 15 05 41.84
0  11067.44478  -4092.09952 -22565.97553  -0.3531176   3.0821794  -0.7391407 2026 01 15 15 06 01.84
0  11060.43071  -4030.43072 -22580.64933  -0.3482868   3.0847305  -0.7282440 2026 01 15 15 06 21.84
0  11053.51335  -3968.71126 -22595.10512  -0.3434459   3.0872443  -0.7173404 2026 01 15 15 06 41.84
0  11046.69291  -3906.94191 -22609.34277  -0.3385950   3.0897207  -0.7064301 2026 01 15 15 07 01.84
0  11039.96959  -3845.12340 -22623.36216  -0.3337343   3.0921596  -0.6955131 2026 01 15 15 07 21.84
0  11033.34357  -3783.25649 -22637.16313  -0.3288640   3.0945610  -0.6845895 2026 01 15 15 07 41.84
0  11026.81506  -3721.34192 -22650.74557  -0.3239842   3.0969249  -0.6736595 2026 01 15 15 08 01.84
0  11020.38424  -3659.38046 -22664.10935  -0.3190950   3.0992512  -0.6627232 2026 01 15 15 08 21.84
0  11014.05129  -3597.37284 -22677.25435  -0.3141966   3.1015399  -0.6517807 2026 01 15 15 08 41.84
0  11007.81641  -3535.31983 -22690.18043  -0.3092891   3.1037910  -0.6408320 2026 01 15 15 09 01.84
0  11001.67976  -3473.22217 -22702.88747  -0.3043727   3.1060043  -0.6298773 2026 01 15 15 09 21.84
0  10995.64153  -3411.08062 -22715.37537  -0.2994476   3.1081799  -0.6189167 2026 01 15 15 09 41.84
0  10989.70189  -3348.89594 -22727.64400  -0.2945138   3.1103176  -0.6079503 2026 01 15 15 10 01.84
0  10983.86101  -3286.66889 -22739.69324  -0.2895715   3.1124176  -0.5969782 2026 01 15 15 10 21.84
0  10978.11906  -3224.40021 -22751.52298  -0.2846209   3.1144797  -0.5860005 2026 01 15 15 10 41.84
0  10972.47620  -3162.09067 -22763.13312  -0.2796621   3.1165039  -0.5750173 2026 01 15 15 11 01.84
0  10966.93260  -3099.74102 -22774.52354  -0.2746953   3.1184901  -0.5640288 2026 01 15 15 11 21.84
0  10961.48841  -3037.35204 -22785.69414  -0.2697206   3.1204383  -0.5530350 2026 01 15 15 11 41.84
0  10956.14380  -2974.92446 -22796.64481  -0.2647381   3.1223486  -0.5420360 2026 01 15 15 12 01.84
0  10950.89891  -2912.45907 -22807.37545  -0.2597481   3.1242207  -0.5310319 2026 01 15 15 12 21.84
0  10945.75389  -2849.95661 -22817.88597  -0.2547506   3.1260548  -0.5200230 2026 01 15 15 12 41.84
0  10940.70890  -2787.41785 -22828.17625  -0.2497458   3.1278508  -0.5090091 2026 01 15 15 13 01.84
0  10935.76408  -2724.84355 -22838.24621  -0.2447339   3.1296086  -0.4979905 2026 01 15 15 13 21.84
0  10930.91957  -2662.23448 -22848.09576  -0.2397150   3.1313282  -0.4869673 2026 01 15 15 13 41.84
0  10926.17550  -2599.59140 -22857.72479  -0.2346892   3.1330095  -0.4759396 2026 01 15 15 14 01.84
0  10921.53201  -2536.91507 -22867.13323  -0.2296567   3.1346527  -0.4649075 2026 01 15 15 14 21.84
0  10916.98925  -2474.20626 -22876.32099  -0.2246177   3.1362575  -0.4538710 2026 01 15 15 14 41.84
0  10912.54732  -2411.46575 -22885.28797  -0.2195723   3.1378240  -0.4428304 2026 01 15 15 15 01.84
0  10908.20637  -2348.69428 -22894.03410  -0.2145206   3.1393522  -0.4317856 2026 01 15 15 15 21.84
0  10903.96651  -2285.89263 -22902.55930  -0.2094629   3.1408420  -0.4207369 2026 01 15 15 15 41.84
0  10899.82786  -2223.06158 -22910.86348  -0.2043991   3.1422934  -0.4096843 2026 01 15 15 16 01.84
0  10895.79055  -2160.20188 -22918.94658  -0.1993296   3.1437063  -0.3986279 2026 01 15 15 16 21.84
0  10891.85469  -2097.31430 -22926.80851  -0.1942544   3.1450809  -0.3875678 2026 01 15 15 16 41.84
0  10888.02038  -2034.39962 -22934.44920  -0.1891738   3.1464169  -0.3765042 2026 01 15 15 17 01.84
0  10884.28775  -1971.45860 -22941.86859  -0.1840878   3.1477144  -0.3654372 2026 01 15 15 17 21.84
0  10880.65688  -1908.49202 -22949.06661  -0.1789965   3.1489734  -0.3543668 2026 01 15 15 17 41.84
0  10877.12789  -1845.50064 -22956.04318  -0.1739003   3.1501939  -0.3432931 2026 01 15 15 18 01.84
0  10873.70087  -1782.48524 -22962.79825  -0.1687991   3.1513757  -0.3322163 2026 01 15 15 18 21.84
0  10870.37593  -1719.44659 -22969.33176  -0.1636932   3.1525190  -0.3211365 2026 01 15 15 18 41.84
0  10867.15315  -1656.38546 -22975.64364  -0.1585827   3.1536236  -0.3100538 2026 01 15 15 19 01.84
0  10864.03262  -1593.30263 -22981.73385  -0.1534677   3.1546896  -0.2989683 2026 01 15 15 19 21.84
0  10861.01444  -1530.19886 -22987.60231  -0.1483485   3.1557170  -0.2878801 2026 01 15 15 19 41.84
0  10858.09868  -1467.07493 -22993.24899  -0.1432251   3.1567056  -0.2767893 2026 01 15 15 20 01.84
0  10855.28543  -1403.93161 -22998.67382  -0.1380977   3.1576556  -0.2656960 2026 01 15 15 20 21.84
0  10852.57477  -1340.76968 -23003.87677  -0.1329665   3.1585669  -0.2546003 2026 01 15 15 20 41.84
0  10849.96677  -1277.58992 -23008.85778  -0.1278316   3.1594394  -0.2435023 2026 01 15 15 21 01.84
0  10847.46150  -1214.39309 -23013.61681  -0.1226931   3.1602732  -0.2324022 2026 01 15 15 21 21.84
0  10845.05904  -1151.17997 -23018.15382  -0.1175513   3.1610682  -0.2213000 2026 01 15 15 21 41.84
0  10842.75945  -1087.95134 -23022.46876  -0.1124062   3.1618244  -0.2101959 2026 01 15 15 22 01.84
0  10840.56278  -1024.70798 -23026.56161  -0.1072581   3.1625419  -0.1990900 2026 01 15 15 22 21.84
0  10838.46911   -961.45065 -23030.43232  -0.1021070   3.1632205  -0.1879823 2026 01 15 15 22 41.84
0  10836.47849   -898.18014 -23034.08086  -0.0969531   3.1638603  -0.1768729 2026 01 15 15 23 01.84
0  10834.59098   -834.89722 -23037.50720  -0.0917966   3.1644613  -0.1657621 2026 01 15 15 23 21.84
0  10832.80662   -771.60267 -23040.71131  -0.0866377   3.1650234  -0.1546499 2026 01 15 15 23 41.84
0  10831.12546   -708.29726 -23043.69317  -0.0814764   3.1655467  -0.1435363 2026 01 15 15 24 01.84
0  10829.54755   -644.98178 -23046.45274  -0.0763129   3.1660312  -0.1324216 2026 01 15 15 24 21.84
0  10828.07292   -581.65699 -23048.99001  -0.0711475   3.1664768  -0.1213057 2026 01 15 15 24 41.84
0  10826.70163   -518.32369 -23051.30495  -0.0659801   3.1668835  -0.1101889 2026 01 15 15 25 01.84
0  10825.43370   -454.98264 -23053.39755  -0.0608111   3.1672513  -0.0990712 2026 01 15 15 25 21.84
0  10824.26917   -391.63462 -23055.26778  -0.0556404   3.1675802  -0.0879528 2026 01 15 15 25 41.84
0  10823.20807   -328.28041 -23056.91564  -0.0504684   3.1678702  -0.0768337 2026 01 15 15 26 01.84
0  10822.25042   -264.92079 -23058.34112  -0.0452951   3.1681213  -0.0657140 2026 01 15 15 26 21.84
0  10821.39624   -201.55654 -23059.54420  -0.0401207   3.1683336  -0.0545939 2026 01 15 15 26 41.84
0  10820.64556   -138.18843 -23060.52487  -0.0349454   3.1685069  -0.0434735 2026 01 15 15 27 01.84
0  10819.99840    -74.81725 -23061.28313  -0.0297692   3.1686413  -0.0323528 2026 01 15 15 27 21.84
0  10819.45477    -11.44376 -23061.81898  -0.0245924   3.1687368  -0.0212320 2026 01 15 15 27 41.84
0  10819.01468     51.93124 -23062.13242  -0.0194151   3.1687933  -0.0101112 2026 01 15 15 28 01.84
0  10818.67814    115.30699 -23062.22344  -0.0142375   3.1688110   0.0010095 2026 01 15 15 28 21.84
0  10818.44515    178.68270 -23062.09205  -0.0090597   3.1687897   0.0121300 2026 01 15 15 28 41.84
0  10818.31573    242.05760 -23061.73825  -0.0038818   3.1687296   0.0232502 2026 01 15 15 29 01.84
0  10818.28985    305.43090 -23061.16206   0.0012960   3.1686305   0.0343699 2026 01 15 15 29 21.84
0  10818.36754    368.80183 -23060.36347   0.0064735   3.1684925   0.0454892 2026 01 15 15 29 41.84
0  10818.54876    432.16962 -23059.34251   0.0116506   3.1683156   0.0566078 2026 01 15 15 30 01.84
0  10818.83353    495.53348 -23058.09918   0.0168271   3.1680998   0.0677256 2026 01 15 15 30 21.84
0  10819.22181    558.89263 -23056.63351   0.0220029   3.1678451   0.0788427 2026 01 15 15 30 41.84
0  10819.71361    622.24630 -23054.94551   0.0271778   3.1675515   0.0899587 2026 01 15 15 31 01.84
0  10820.30889    685.59371 -23053.03519   0.0323517   3.1672190   0.1010737 2026 01 15 15 31 21.84
0  10821.00764    748.93408 -23050.90259   0.0375244   3.1668476   0.1121876 2026 01 15 15 31 41.84
0  10821.80983    812.26663 -23048.54773   0.0426958   3.1664374   0.1233001 2026 01 15 15 32 01.84
0  10822.71543    875.59059 -23045.97063   0.0478657   3.1659882   0.1344113 2026 01 15 15 32 21.84
0  10823.72442    938.90518 -23043.17132   0.0530340   3.1655003   0.1455210 2026 01 15 15 32 41.84
0  10824.83675   1002.20962 -23040.14983   0.0582004   3.1649735   0.1566290 2026 01 15 15 33 01.84
0  10826.05239   1065.50314 -23036.90620   0.0633650   3.1644078   0.1677354 2026 01 15 15 33 21.84
0  10827.37131   1128.78496 -23033.44047   0.0685274   3.1638034   0.1788400 2026 01 15 15 33 41.84
0  10828.79345   1192.05429 -23029.75266   0.0736877   3.1631601   0.1899426 2026 01 15 15 34 01.84
0  10830.31877   1255.31038 -23025.84282   0.0788455   3.1624780   0.2010432 2026 01 15 15 34 21.84
0  10831.94722   1318.55244 -23021.71099   0.0840008   3.1617571   0.2121417 2026 01 15 15 34 41.84
0  10833.67875   1381.77969 -23017.35722   0.0891533   3.1609975   0.2232379 2026 01 15 15 35 01.84
0  10835.51331   1444.99136 -23012.78154   0.0943031   3.1601991   0.2343317 2026 01 15 15 35 21.84
0  10837.45083   1508.18667 -23007.98401   0.0994498   3.1593619   0.2454232 2026 01 15 15 35 41.84
0  10839.49125   1571.36486 -23002.96468   0.1045934   3.1584861   0.2565120 2026 01 15 15 36 01.84
0  10841.63451   1634.52514 -22997.72360   0.1097336   3.1575715   0.2675982 2026 01 15 15 36 21.84
0  10843.88055   1697.66674 -22992.26083   0.1148705   3.1566182   0.2786816 2026 01 15 15 36 41.84
0  10846.22928   1760.78889 -22986.57642   0.1200037   3.1556263   0.2897621 2026 01 15 15 37 01.84
0  10848.68064   1823.89082 -22980.67043   0.1251331   3.1545957   0.3008396 2026 01 15 15 37 21.84
0  10851.23455   1886.97175 -22974.54292   0.1302587   3.1535265   0.3119140 2026 01 15 15 37 41.84
0  10853.89093   1950.03090 -22968.19395   0.1353802   3.1524187   0.3229853 2026 01 15 15 38 01.84
0  10856.64970   2013.06752 -22961.62359   0.1404975   3.1512722   0.3340532 2026 01 15 15 38 21.84
0  10859.51078   2076.08082 -22954.83191   0.1456104   3.1500872   0.3451176 2026 01 15 15 38 41.84
0  10862.47406   2139.07003 -22947.81898   0.1507188   3.1488637   0.3561786 2026 01 15 15 39 01.84
0  10865.53947   2202.03439 -22940.58487   0.1558226   3.1476017   0.3672359 2026 01 15 15 39 21.84
0  10868.70690   2264.97313 -22933.12964   0.1609215   3.1463011   0.3782895 2026 01 15 15 39 41.84
0  10871.97627   2327.88546 -22925.45339   0.1660155   3.1449621   0.3893392 2026 01 15 15 40 01.84
0  10875.34746   2390.77064 -22917.55618   0.1711043   3.1435846   0.4003850 2026 01 15 15 40 21.84
0  10878.82038   2453.62788 -22909.43810   0.1761879   3.1421687   0.4114267 2026 01 15 15 40 41.84
0  10882.39492   2516.45641 -22901.09922   0.1812661   3.1407144   0.4224643 2026 01 15 15 41 01.84
0  10886.07096   2579.25548 -22892.53964   0.1863387   3.1392218   0.4334975 2026 01 15 15 41 21.84
0  10889.84840   2642.02431 -22883.75944   0.1914057   3.1376908   0.4445264 2026 01 15 15 41 41.84
0  10893.72712   2704.76214 -22874.75870   0.1964667   3.1361215   0.4555509 2026 01 15 15 42 01.84
0  10897.70700   2767.46820 -22865.53752   0.2015217   3.1345139   0.4665707 2026 01 15 15 42 21.84
0  10901.78792   2830.14173 -22856.09600   0.2065706   3.1328681   0.4775858 2026 01 15 15 42 41.84
0  10905.96975   2892.78196 -22846.43422   0.2116132   3.1311841   0.4885961 2026 01 15 15 43 01.84
0  10910.25238   2955.38813 -22836.55228   0.2166493   3.1294619   0.4996015 2026 01 15 15 43 21.84
0  10914.63565   3017.95947 -22826.45029   0.2216788   3.1277016   0.5106019 2026 01 15 15 43 41.84
0  10919.11946   3080.49522 -22816.12834   0.2267015   3.1259031   0.5215972 2026 01 15 15 44 01.84
0  10923.70364   3142.99463 -22805.58654   0.2317173   3.1240666   0.5325872 2026 01 15 15 44 21.84
0  10928.38808   3205.45692 -22794.82499   0.2367261   3.1221920   0.5435719 2026 01 15 15 44 41.84
0  10933.17261   3267.88134 -22783.84380   0.2417277   3.1202794   0.5545512 2026 01 15 15 45 01.84
0  10938.05711   3330.26713 -22772.64309   0.2467219   3.1183288   0.5655249 2026 01 15 15 45 21.84
0  10943.04141   3392.61353 -22761.22296   0.2517086   3.1163403   0.5764929 2026 01 15 15 45 41.84
0  10948.12538   3454.91978 -22749.58352   0.2566877   3.1143139   0.5874552 2026 01 15 15 46 01.84
0  10953.30884   3517.18512 -22737.72490   0.2616590   3.1122497   0.5984117 2026 01 15 15 46 21.84
0  10958.59166   3579.40881 -22725.64721   0.2666224   3.1101476   0.6093622 2026 01 15 15 46 41.84
0  10963.97366   3641.59007 -22713.35057   0.2715776   3.1080078   0.6203065 2026 01 15 15 47 01.84
0  10969.45468   3703.72815 -22700.83511   0.2765246   3.1058302   0.6312448 2026 01 15 15 47 21.84
0  10975.03456   3765.82231 -22688.10094   0.2814633   3.1036149   0.6421767 2026 01 15 15 47 41.84
0  10980.71313   3827.87179 -22675.14821   0.2863934   3.1013620   0.6531022 2026 01 15 15 48 01.84
0  10986.49021   3889.87584 -22661.97702   0.2913148   3.0990715   0.6640213 2026 01 15 15 48 21.84
0  10992.36563   3951.83369 -22648.58753   0.2962274   3.0967434   0.6749337 2026 01 15 15 48 41.84
0  10998.33922   4013.74461 -22634.97985   0.3011310   3.0943777   0.6858395 2026 01 15 15 49 01.84
0  11004.41078   4075.60785 -22621.15412   0.3060255   3.0919747   0.6967384 2026 01 15 15 49 21.84
0  11010.58015   4137.42264 -22607.11049   0.3109108   3.0895341   0.7076304 2026 01 15 15 49 41.84
0  11016.84713   4199.18826 -22592.84909   0.3157866   3.0870562   0.7185154 2026 01 15 15 50 01.84
0  11023.21153   4260.90394 -22578.37006   0.3206529   3.0845410   0.7293933 2026 01 15 15 50 21.84
0  11029.67315   4322.56894 -22563.67355   0.3255095   3.0819885   0.7402639 2026 01 15 15 50 41.84
0  11036.23182   4384.18253 -22548.75969   0.3303563   3.0793987   0.7511272 2026 01 15 15 51 01.84
0  11042.88731   4445.74394 -22533.62865   0.3351931   3.0767718   0.7619831 2026 01 15 15 51 21.84
0  11049.63945   4507.25245 -22518.28057   0.3400197   3.0741077   0.7728314 2026 01 15 15 51 41.84
0  11056.48801   4568.70730 -22502.71559   0.3448361   3.0714065   0.7836720 2026 01 15 15 52 01.84
0  11063.43279   4630.10776 -22486.93388   0.3496420   3.0686683   0.7945050 2026 01 15 15 52 21.84
0  11070.47359   4691.45308 -22470.93560   0.3544374   3.0658931   0.8053300 2026 01 15 15 52 41.84
0  11077.61019   4752.74253 -22454.72089   0.3592221   3.0630810   0.8161471 2026 01 15 15 53 01.84
0  11084.84238   4813.97538 -22438.28992   0.3639959   3.0602320   0.8269561 2026 01 15 15 53 21.84
0  11092.16993   4875.15087 -22421.64285   0.3687587   3.0573462   0.8377570 2026 01 15 15 53 41.84
0  11099.59263   4936.26828 -22404.77985   0.3735104   3.0544236   0.8485496 2026 01 15 15 54 01.84
0  11107.11025   4997.32687 -22387.70108   0.3782508   3.0514643   0.8593338 2026 01 15 15 54 21.84
0  11114.72256   5058.32591 -22370.40672   0.3829798   3.0484684   0.8701096 2026 01 15 15 54 41.84
0  11122.42934   5119.26466 -22352.89692   0.3876973   3.0454358   0.8808767 2026 01 15 15 55 01.84
0  11130.23035   5180.14240 -22335.17187   0.3924030   3.0423667   0.8916352 2026 01 15 15 55 21.84
0  11138.12535   5240.95839 -22317.23174   0.3970969   3.0392612   0.9023848 2026 01 15 15 55 41.84
0  11146.11412   5301.71191 -22299.07671   0.4017788   3.0361192   0.9131256 2026 01 15 15 56 01.84
0  11154.19640   5362.40222 -22280.70695   0.4064485   3.0329408   0.9238574 2026 01 15 15 56 21.84
0  11162.37195   5423.02860 -22262.12264   0.4111060   3.0297262   0.9345801 2026 01 15 15 56 41.84
0  11170.64053   5483.59033 -22243.32398   0.4157511   3.0264753   0.9452936 2026 01 15 15 57 01.84
0  11179.00189   5544.08667 -22224.31114   0.4203836   3.0231882   0.9559978 2026 01 15 15 57 21.84
0  11187.45577   5604.51692 -22205.08431   0.4250035   3.0198650   0.9666925 2026 01 15 15 57 41.84
0  11196.00192   5664.88034 -22185.64368   0.4296105   3.0165058   0.9773778 2026 01 15 15 58 01.84
0  11204.64008   5725.17622 -22165.98945   0.4342045   3.0131105   0.9880534 2026 01 15 15 58 21.84
0  11213.36999   5785.40383 -22146.12179   0.4387855   3.0096794   0.9987193 2026 01 15 15 58 41.84
0  11222.19139   5845.56246 -22126.04092   0.4433532   3.0062124   1.0093754 2026 01 15 15 59 01.84
0  11231.10401   5905.65139 -22105.74703   0.4479075   3.0027096   1.0200216 2026 01 15 15 59 21.84
0  11240.10757   5965.66991 -22085.24032   0.4524482   2.9991710   1.0306578 2026 01 15 15 59 41.84
0  11249.20182   6025.61731 -22064.52098   0.4569754   2.9955969   1.0412838 2026 01 15 16 00 01.84
0  11258.38647   6085.49286 -22043.58923   0.4614887   2.9919871   1.0518996 2026 01 15 16 00 21.84
0  11267.66125   6145.29586 -22022.44526   0.4659880   2.9883418   1.0625051 2026 01 15 16 00 41.84
0  11277.02588   6205.02561 -22001.08929   0.4704733   2.9846610   1.0731001 2026 01 15 16 01 01.84
0  11286.48007   6264.68138 -21979.52152   0.4749444   2.9809449   1.0836846 2026 01 15 16 01 21.84
0  11296.02354   6324.26248 -21957.74218   0.4794012   2.9771934   1.0942585 2026 01 15 16 01 41.84
0  11305.65600   6383.76820 -21935.75146   0.4838434   2.9734067   1.1048216 2026 01 15 16 02 01.84
0  11315.37715   6443.19783 -21913.54959   0.4882711   2.9695849   1.1153739 2026 01 15 16 02 21.84
0  11325.18672   6502.55067 -21891.13678   0.4926840   2.9657279   1.1259153 2026 01 15 16 02 41.84
0  11335.08439   6561.82602 -21868.51326   0.4970820   2.9618360   1.1364456 2026 01 15 16 03 01.84
0  11345.06988   6621.02319 -21845.67924   0.5014649   2.9579090   1.1469648 2026 01 15 16 03 21.84
0  11355.14287   6680.14147 -21822.63495   0.5058328   2.9539472   1.1574727 2026 01 15 16 03 41.84
0  11365.30306   6739.18016 -21799.38062   0.5101853   2.9499506   1.1679693 2026 01 15 16 04 01.84
0  11375.55015   6798.13858 -21775.91647   0.5145224   2.9459193   1.1784544 2026 01 15 16 04 21.84
0  11385.88383   6857.01602 -21752.24274   0.5188439   2.9418533   1.1889280 2026 01 15 16 04 41.84
0  11396.30378   6915.81180 -21728.35965   0.5231497   2.9377528   1.1993900 2026 01 15 16 05 01.84
0  11406.80969   6974.52522 -21704.26744   0.5274398   2.9336178   1.2098402 2026 01 15 16 05 21.84
0  11417.40125   7033.15560 -21679.96634   0.5317138   2.9294483   1.2202785 2026 01 15 16 05 41.84
0  11428.07812   7091.70225 -21655.45660   0.5359718   2.9252445   1.2307050 2026 01 15 16 06 01.84
0  11438.83999   7150.16447 -21630.73845   0.5402135   2.9210065   1.2411193 2026 01 15 16 06 21.84
0  11449.68653   7208.54160 -21605.81214   0.5444389   2.9167343   1.2515216 2026 01 15 16 06 41.84
0  11460.61741   7266.83294 -21580.67790   0.5486478   2.9124280   1.2619115 2026 01 15 16 07 01.84
0  11471.63231   7325.03781 -21555.33599   0.5528401   2.9080877   1.2722892 2026 01 15 16 07 21.84
0  11482.73089   7383.15554 -21529.78665   0.5570156   2.9037134   1.2826544 2026 01 15 16 07 41.84
0  11493.91280   7441.18545 -21504.03013   0.5611743   2.8993054   1.2930070 2026 01 15 16 08 01.84
0  11505.17773   7499.12686 -21478.06669   0.5653160   2.8948635   1.3033470 2026 01 15 16 08 21.84
0  11516.52531   7556.97909 -21451.89657   0.5694405   2.8903880   1.3136743 2026 01 15 16 08 41.84
0  11527.95521   7614.74148 -21425.52004   0.5735478   2.8858789   1.3239887 2026 01 15 16 09 01.84
0  11539.46708   7672.41335 -21398.93735   0.5776376   2.8813362   1.3342902 2026 01 15 16 09 21.84
0  11551.06058   7729.99403 -21372.14876   0.5817100   2.8767602   1.3445786 2026 01 15 16 09 41.84
0  11562.73535   7787.48286 -21345.15454   0.5857647   2.8721508   1.3548540 2026 01 15 16 10 01.84
0  11574.49103   7844.87917 -21317.95494   0.5898016   2.8675082   1.3651160 2026 01 15 16 10 21.84
0  11586.32728   7902.18230 -21290.55023   0.5938207   2.8628324   1.3753648 2026 01 15 16 10 41.84
0  11598.24372   7959.39157 -21262.94069   0.5978217   2.8581235   1.3856001 2026 01 15 16 11 01.84
0  11610.24000   8016.50635 -21235.12657   0.6018045   2.8533816   1.3958219 2026 01 15 16 11 21.84
0  11622.31576   8073.52595 -21207.10816   0.6057691   2.8486069   1.4060300 2026 01 15 16 11 41.84
0  11634.47063   8130.44974 -21178.88572   0.6097153   2.8437994   1.4162244 2026 01 15 16 12 01.84
0  11646.70423   8187.27704 -21150.45953   0.6136429   2.8389591   1.4264050 2026 01 15 16 12 21.84
0  11659.01620   8244.00722 -21121.82987   0.6175519   2.8340862   1.4365717 2026 01 15 16 12 41.84
0  11671.40616   8300.63961 -21092.99702   0.6214421   2.8291808   1.4467244 2026 01 15 16 13 01.84
0  11683.87374   8357.17357 -21063.96125   0.6253134   2.8242430   1.4568629 2026 01 15 16 13 21.84
0  11696.41856   8413.60845 -21034.72286   0.6291657   2.8192728   1.4669873 2026 01 15 16 13 41.84
0  11709.04023   8469.94360 -21005.28212   0.6329988   2.8142704   1.4770973 2026 01 15 16 14 01.84
0  11721.73836   8526.17839 -20975.63933   0.6368127   2.8092358   1.4871929 2026 01 15 16 14 21.84
0  11734.51259   8582.31216 -20945.79477   0.6406072   2.8041692   1.4972740 2026 01 15 16 14 41.84
0  11747.36250   8638.34428 -20915.74874   0.6443821   2.7990706   1.5073406 2026 01 15 16 15 01.84
0  11760.28773   8694.27411 -20885.50152   0.6481374   2.7939401   1.5173924 2026 01 15 16 15 21.84
0  11773.28786   8750.10101 -20855.05341   0.6518730   2.7887779   1.5274294 2026 01 15 16 15 41.84
0  11786.36250   8805.82435 -20824.40472   0.6555887   2.7835839   1.5374516 2026 01 15 16 16 01.84
0  11799.51125   8861.44350 -20793.55573   0.6592844   2.7783585   1.5474588 2026 01 15 16 16 21.84
0  11812.73373   8916.95782 -20762.50675   0.6629600   2.7731015   1.5574508 2026 01 15 16 16 41.84
0  11826.02950   8972.36669 -20731.25808   0.6666153   2.7678132   1.5674278 2026 01 15 16 17 01.84
0  11839.39819   9027.66948 -20699.81002   0.6702503   2.7624936   1.5773894 2026 01 15 16 17 21.84
0  11852.83937   9082.86557 -20668.16289   0.6738649   2.7571428   1.5873357 2026 01 15 16 17 41.84
0  11866.35263   9137.95433 -20636.31698   0.6774588   2.7517609   1.5972665 2026 01 15 16 18 01.84
0  11879.93757   9192.93515 -20604.27262   0.6810320   2.7463481   1.6071818 2026 01 15 16 18 21.84
0  11893.59376   9247.80740 -20572.03011   0.6845845   2.7409044   1.6170814 2026 01 15 16 18 41.84
0  11907.32079   9302.57047 -20539.58976   0.6881159   2.7354300   1.6269653 2026 01 15 16 19 01.84
0  11921.11825   9357.22374 -20506.95189   0.6916264   2.7299248   1.6368333 2026 01 15 16 19 21.84
0  11934.98569   9411.76661 -20474.11683   0.6951156   2.7243891   1.6466854 2026 01 15 16 19 41.84
0  11948.92272   9466.19845 -20441.08488   0.6985836   2.7188230   1.6565215 2026 01 15 16 20 01.84
0  11962.92888   9520.51868 -20407.85638   0.7020302   2.7132265   1.6663414 2026 01 15 16 20 21.84
0  11977.00377   9574.72666 -20374.43163   0.7054552   2.7075997   1.6761452 2026 01 15 16 20 41.84
0  11991.14694   9628.82182 -20340.81098   0.7088587   2.7019429   1.6859326 2026 01 15 16 21 01.84
0  12005.35796   9682.80353 -20306.99474   0.7122404   2.6962559   1.6957036 2026 01 15 16 21 21.84
0  12019.63639   9736.67121 -20272.98325   0.7156002   2.6905391   1.7054582 2026 01 15 16 21 41.84
0  12033.98181   9790.42425 -20238.77683   0.7189381   2.6847924   1.7151961 2026 01 15 16 22 01.84
0  12048.39376   9844.06206 -20204.37582   0.7222539   2.6790161   1.7249174 2026 01 15 16 22 21.84
0  12062.87181   9897.58405 -20169.78056   0.7255475   2.6732101   1.7346219 2026 01 15 16 22 41.84
0  12077.41550   9950.98963 -20134.99137   0.7288189   2.6673746   1.7443095 2026 01 15 16 23 01.84
0  12092.02440  10004.27820 -20100.00860   0.7320678   2.6615098   1.7539801 2026 01 15 16 23 21.84
0  12106.69805  10057.44919 -20064.83259   0.7352942   2.6556157   1.7636338 2026 01 15 16 23 41.84
0  12121.43601  10110.50200 -20029.46368   0.7384980   2.6496924   1.7732702 2026 01 15 16 24 01.84
0  12136.23781  10163.43605 -19993.90222   0.7416790   2.6437401   1.7828895 2026 01 15 16 24 21.84
0  12151.10301  10216.25077 -19958.14854   0.7448372   2.6377588   1.7924914 2026 01 15 16 24 41.84
0  12166.03114  10268.94557 -19922.20300   0.7479725   2.6317487   1.8020759 2026 01 15 16 25 01.84
0  12181.02175  10321.51989 -19886.06594   0.7510847   2.6257099   1.8116428 2026 01 15 16 25 21.84
0  12196.07436  10373.97314 -19849.73773   0.7541737   2.6196425   1.8211922 2026 01 15 16 25 41.84
0  12211.18853  10426.30476 -19813.21870   0.7572395   2.6135467   1.8307239 2026 01 15 16 26 01.84
0  12226.36378  10478.51419 -19776.50922   0.7602819   2.6074224   1.8402378 2026 01 15 16 26 21.84
0  12241.59964  10530.60084 -19739.60963   0.7633008   2.6012699   1.8497338 2026 01 15 16 26 41.84
0  12256.89565  10582.56416 -19702.52031   0.7662962   2.5950893   1.8592119 2026 01 15 16 27 01.84
0  12272.25133  10634.40359 -19665.24161   0.7692678   2.5888806   1.8686719 2026 01 15 16 27 21.84
0  12287.66620  10686.11857 -19627.77389   0.7722157   2.5826440   1.8781137 2026 01 15 16 27 41.84
0  12303.13979  10737.70854 -19590.11752   0.7751396   2.5763797   1.8875374 2026 01 15 16 28 01.84
0  12318.67162  10789.17294 -19552.27286   0.7780396   2.5700876   1.8969427 2026 01 15 16 28 21.84
0  12334.26120  10840.51123 -19514.24027   0.7809154   2.5637681   1.9063295 2026 01 15 16 28 41.84
0  12349.90807  10891.72285 -19476.02014   0.7837671   2.5574210   1.9156979 2026 01 15 16 29 01.84
0  12365.61172  10942.80726 -19437.61282   0.7865945   2.5510467   1.9250477 2026 01 15 16 29 21.84
0  12381.37168  10993.76391 -19399.01870   0.7893974   2.5446452   1.9343788 2026 01 15 16 29 41.84
0  12397.18745  11044.59227 -19360.23814   0.7921759   2.5382166   1.9436911 2026 01 15 16 30 01.84
0  12413.05855  11095.29177 -19321.27152   0.7949297   2.5317610   1.9529846 2026 01 15 16 30 21.84
0  12428.98447  11145.86190 -19282.11923   0.7976589   2.5252786   1.9622591 2026 01 15 16 30 41.84
0  12444.96473  11196.30212 -19242.78163   0.8003632   2.5187695   1.9715146 2026 01 15 16 31 01.84
0  12460.99883  11246.61189 -19203.25912   0.8030427   2.5122338   1.9807509 2026 01 15 16 31 21.84
0  12477.08627  11296.79068 -19163.55208   0.8056972   2.5056717   1.9899681 2026 01 15 16 31 41.84
0  12493.22655  11346.83796 -19123.66088   0.8083266   2.4990832   1.9991659 2026 01 15 16 32 01.84
0  12509.41917  11396.75321 -19083.58592   0.8109308   2.4924685   2.0083444 2026 01 15 16 32 21.84
0  12525.66361  11446.53591 -19043.32759   0.8135097   2.4858277   2.0175034 2026 01 15 16 32 41.84
0  12541.95938  11496.18553 -19002.88628   0.8160632   2.4791609   2.0266428 2026 01 15 16 33 01.84
0  12558.30597  11545.70155 -18962.26237   0.8185913   2.4724682   2.0357625 2026 01 15 16 33 21.84
0  12574.70286  11595.08347 -18921.45627   0.8210938   2.4657499   2.0448625 2026 01 15 16 33 41.84
0  12591.14955  11644.33076 -18880.46836   0.8235706   2.4590059   2.0539427 2026 01 15 16 34 01.84
0  12607.64552  11693.44292 -18839.29906   0.8260217   2.4522365   2.0630030 2026 01 15 16 34 21.84
0  12624.19025  11742.41944 -18797.94874   0.8284470   2.4454417   2.0720433 2026 01 15 16 34 41.84
0  12640.78323  11791.25981 -18756.41782   0.8308463   2.4386217   2.0810635 2026 01 15 16 35 01.84
0  12657.42393  11839.96353 -18714.70670   0.8332196   2.4317767   2.0900636 2026 01 15 16 35 21.84
0  12674.11184  11888.53010 -18672.81579   0.8355668   2.4249066   2.0990434 2026 01 15 16 35 41.84
0  12690.84643  11936.95903 -18630.74548   0.8378877   2.4180118   2.1080028 2026 01 15 16 36 01.84
0  12707.62717  11985.24980 -18588.49618   0.8401824   2.4110922   2.1169418 2026 01 15 16 36 21.84
0  12724.45355  12033.40194 -18546.06831   0.8424507   2.4041481   2.1258603 2026 01 15 16 36 41.84
0  12741.32503  12081.41496 -18503.46228   0.8446925   2.3971795   2.1347583 2026 01 15 16 37 01.84
0  12758.24108  12129.28836 -18460.67850   0.8469078   2.3901866   2.1436355 2026 01 15 16 37 21.84
0  12775.20117  12177.02166 -18417.71738   0.8490964   2.3831695   2.1524920 2026 01 15 16 37 41.84
0  12792.20476  12224.61438 -18374.57934   0.8512583   2.3761284   2.1613276 2026 01 15 16 38 01.84
0  12809.25133  12272.06603 -18331.26480   0.8533933   2.3690634   2.1701423 2026 01 15 16 38 21.84
0  12826.34032  12319.37615 -18287.77417   0.8555015   2.3619745   2.1789360 2026 01 15 16 38 41.84
0  12843.47121  12366.54426 -18244.10788   0.8575827   2.3548621   2.1877085 2026 01 15 16 39 01.84
0  12860.64346  12413.56988 -18200.26636   0.8596368   2.3477260   2.1964599 2026 01 15 16 39 21.84
0  12877.85651  12460.45254 -18156.25002   0.8616637   2.3405667   2.2051901 2026 01 15 16 39 41.84
0  12895.10983  12507.19179 -18112.05929   0.8636634   2.3333840   2.2138988 2026 01 15 16 40 01.84
0  12912.40287  12553.78715 -18067.69460   0.8656358   2.3261782   2.2225862 2026 01 15 16 40 21.84
0  12929.73509  12600.23817 -18023.15637   0.8675808   2.3189495   2.2312520 2026 01 15 16 40 41.84
0  12947.10593  12646.54439 -17978.44505   0.8694983   2.3116979   2.2398963 2026 01 15 16 41 01.84
0  12964.51484  12692.70534 -17933.56106   0.8713882   2.3044235   2.2485188 2026 01 15 16 41 21.84
0  12981.96128  12738.72058 -17888.50484   0.8732505   2.2971266   2.2571196 2026 01 15 16 41 41.84
0  12999.44469  12784.58966 -17843.27682   0.8750851   2.2898073   2.2656986 2026 01 15 16 42 01.84
0  13016.96451  12830.31214 -17797.87744   0.8768918   2.2824656   2.2742556 2026 01 15 16 42 21.84
0  13034.52019  12875.88755 -17752.30714   0.8786707   2.2751018   2.2827907 2026 01 15 16 42 41.84
0  13052.11116  12921.31547 -17706.56637   0.8804216   2.2677159   2.2913036 2026 01 15 16 43 01.84
0  13069.73688  12966.59545 -17660.65555   0.8821445   2.2603082   2.2997944 2026 01 15 16 43 21.84
0  13087.39677  13011.72707 -17614.57514   0.8838393   2.2528786   2.3082629 2026 01 15 16 43 41.84
0  13105.09027  13056.70987 -17568.32559   0.8855059   2.2454275   2.3167091 2026 01 15 16 44 01.84
0  13122.81683  13101.54344 -17521.90734   0.8871442   2.2379549   2.3251329 2026 01 15 16 44 21.84
0  13140.57586  13146.22734 -17475.32083   0.8887542   2.2304609   2.3335342 2026 01 15 16 44 41.84
0  13158.36682  13190.76115 -17428.56653   0.8903357   2.2229458   2.3419129 2026 01 15 16 45 01.84
0  13176.18912  13235.14445 -17381.64488   0.8918888   2.2154095   2.3502690 2026 01 15 16 45 21.84
0  13194.04220  13279.37681 -17334.55633   0.8934134   2.2078524   2.3586024 2026 01 15 16 45 41.84
0  13211.92548  13323.45783 -17287.30135   0.8949093   2.2002745   2.3669130 2026 01 15 16 46 01.84
0  13229.83839  13367.38707 -17239.88038   0.8963765   2.1926759   2.3752006 2026 01 15 16 46 21.84
0  13247.78036  13411.16415 -17192.29390   0.8978149   2.1850568   2.3834653 2026 01 15 16 46 41.84
0  13265.75081  13454.78863 -17144.54234   0.8992245   2.1774174   2.3917070 2026 01 15 16 47 01.84
0  13283.74917  13498.26013 -17096.62619   0.9006052   2.1697577   2.3999256 2026 01 15 16 47 21.84
0  13301.77484  13541.57823 -17048.54590   0.9019569   2.1620780   2.4081209 2026 01 15 16 47 41.84
0  13319.82727  13584.74254 -17000.30193   0.9032796   2.1543784   2.4162930 2026 01 15 16 48 01.84
0  13337.90585  13627.75266 -16951.89476   0.9045731   2.1466589   2.4244417 2026 01 15 16 48 21.84
0  13356.01001  13670.60820 -16903.32484   0.9058375   2.1389199   2.4325670 2026 01 15 16 48 41.84
0  13374.13917  13713.30876 -16854.59266   0.9070726   2.1311613   2.4406688 2026 01 15 16 49 01.84
0  13392.29274  13755.85395 -16805.69868   0.9082784   2.1233833   2.4487470 2026 01 15 16 49 21.84
0  13410.47013  13798.24340 -16756.64337   0.9094548   2.1155862   2.4568016 2026 01 15 16 49 41.84
0  13428.67076  13840.47671 -16707.42720   0.9106018   2.1077700   2.4648324 2026 01 15 16 50 01.84
0  13446.89403  13882.55350 -16658.05066   0.9117193   2.0999348   2.4728394 2026 01 15 16 50 21.84
0  13465.13936  13924.47341 -16608.51422   0.9128072   2.0920809   2.4808225 2026 01 15 16 50 41.84
0  13483.40614  13966.23605 -16558.81836   0.9138654   2.0842084   2.4887816 2026 01 15 16 51 01.84
0  13501.69380  14007.84106 -16508.96355   0.9148940   2.0763174   2.4967167 2026 01 15 16 51 21.84
0  13520.00173  14049.28806 -16458.95029   0.9158928   2.0684080   2.5046277 2026 01 15 16 51 41.84
0  13538.32934  14090.57669 -16408.77904   0.9168619   2.0604804   2.5125145 2026 01 15 16 52 01.84
0  13556.67603  14131.70660 -16358.45031   0.9178010   2.0525348   2.5203771 2026 01 15 16 52 21.84
0  13575.04120  14172.67741 -16307.96456   0.9187102   2.0445713   2.5282153 2026 01 15 16 52 41.84
0  13593.42426  14213.48877 -16257.32230   0.9195894   2.0365901   2.5360291 2026 01 15 16 53 01.84
0  13611.82461  14254.14034 -16206.52401   0.9204386   2.0285912   2.5438184 2026 01 15 16 53 21.84
0  13630.24163  14294.63175 -16155.57018   0.9212576   2.0205749   2.5515831 2026 01 15 16 53 41.84
0  13648.67474  14334.96266 -16104.46130   0.9220465   2.0125413   2.5593232 2026 01 15 16 54 01.84
0  13667.12332  14375.13273 -16053.19786   0.9228051   2.0044905   2.5670386 2026 01 15 16 54 21.84
0  13685.58677  14415.14161 -16001.78037   0.9235335   1.9964227   2.5747292 2026 01 15 16 54 41.84
0  13704.06449  14454.98897 -15950.20931   0.9242316   1.9883381   2.5823950 2026 01 15 16 55 01.84
0  13722.55586  14494.67447 -15898.48518   0.9248993   1.9802367   2.5900359 2026 01 15 16 55 21.84
0  13741.06028  14534.19778 -15846.60849   0.9255365   1.9721188   2.5976517 2026 01 15 16 55 41.84
0  13759.57715  14573.55857 -15794.57974   0.9261432   1.9639845   2.6052425 2026 01 15 16 56 01.84
0  13778.10584  14612.75650 -15742.39942   0.9267194   1.9558339   2.6128081 2026 01 15 16 56 21.84
0  13796.64575  14651.79127 -15690.06804   0.9272650   1.9476672   2.6203485 2026 01 15 16 56 41.84
0  13815.19627  14690.66254 -15637.58610   0.9277800   1.9394845   2.6278637 2026 01 15 16 57 01.84
0  13833.75678  14729.37000 -15584.95412   0.9282643   1.9312861   2.6353535 2026 01 15 16 57 21.84
0  13852.32667  14767.91334 -15532.17260   0.9287178   1.9230720   2.6428178 2026 01 15 16 57 41.84
0  13870.90532  14806.29223 -15479.24204   0.9291405   1.9148424   2.6502567 2026 01 15 16 58 01.84
0  13889.49212  14844.50639 -15426.16296   0.9295324   1.9065974   2.6576700 2026 01 15 16 58 21.84
0  13908.08645  14882.55549 -15372.93588   0.9298934   1.8983372   2.6650576 2026 01 15 16 58 41.84
0  13926.68769  14920.43924 -15319.56130   0.9302235   1.8900620   2.6724196 2026 01 15 16 59 01.84
0  13945.29522  14958.15733 -15266.03974   0.9305226   1.8817719   2.6797557 2026 01 15 16 59 21.84
0  13963.90842  14995.70948 -15212.37171   0.9307906   1.8734670   2.6870661 2026 01 15 16 59 41.84
0  13982.52667  15033.09538 -15158.55774   0.9310276   1.8651476   2.6943505 2026 01 15 17 00 01.84
0  14001.14936  15070.31475 -15104.59834   0.9312335   1.8568137   2.7016089 2026 01 15 17 00 21.84
0  14019.77584  15107.36730 -15050.49403   0.9314082   1.8484656   2.7088413 2026 01 15 17 00 41.84
0  14038.40552  15144.25275 -14996.24533   0.9315518   1.8401033   2.7160475 2026 01 15 17 01 01.84
0  14057.03775  15180.97081 -14941.85277   0.9316641   1.8317270   2.7232276 2026 01 15 17 01 21.84
0  14075.67191  15217.52120 -14887.31688   0.9317451   1.8233369   2.7303814 2026 01 15 17 01 41.84
0  14094.30738  15253.90366 -14832.63817   0.9317947   1.8149332   2.7375089 2026 01 15 17 02 01.84
0  14112.94353  15290.11791 -14777.81718   0.9318131   1.8065159   2.7446100 2026 01 15 17 02 21.84
0  14131.57974  15326.16368 -14722.85443   0.9318000   1.7980853   2.7516846 2026 01 15 17 02 41.84
0  14150.21537  15362.04071 -14667.75045   0.9317554   1.7896415   2.7587328 2026 01 15 17 03 01.84
0  14168.84979  15397.74873 -14612.50578   0.9316794   1.7811846   2.7657543 2026 01 15 17 03 21.84
0  14187.48238  15433.28749 -14557.12094   0.9315719   1.7727149   2.7727491 2026 01 15 17 03 41.84
0  14206.11250  15468.65672 -14501.59647   0.9314329   1.7642324   2.7797173 2026 01 15 17 04 01.84
0  14224.73953  15503.85618 -14445.93291   0.9312622   1.7557373   2.7866586 2026 01 15 17 04 21.84
0  14243.36283  15538.88561 -14390.13079   0.9310599   1.7472298   2.7935731 2026 01 15 17 04 41.84
0  14261.98176  15573.74477 -14334.19066   0.9308260   1.7387101   2.8004607 2026 01 15 17 05 01.84
0  14280.59570  15608.43341 -14278.11303   0.9305604   1.7301782   2.8073213 2026 01 15 17 05 21.84
0  14299.20401  15642.95130 -14221.89847   0.9302630   1.7216344   2.8141549 2026 01 15 17 05 41.84
0  14317.80606  15677.29819 -14165.54751   0.9299339   1.7130788   2.8209613 2026 01 15 17 06 01.84
0  14336.40121  15711.47386 -14109.06070   0.9295730   1.7045115   2.8277405 2026 01 15 17 06 21.84
0  14354.98882  15745.47807 -14052.43857   0.9291803   1.6959328   2.8344925 2026 01 15 17 06 41.84
0  14373.56826  15779.31058 -13995.68167   0.9287558   1.6873427   2.8412173 2026 01 15 17 07 01.84
0  14392.13889  15812.97119 -13938.79056   0.9282993   1.6787415   2.8479146 2026 01 15 17 07 21.84
0  14410.70007  15846.45966 -13881.76577   0.9278110   1.6701293   2.8545845 2026 01 15 17 07 41.84
0  14429.25117  15879.77578 -13824.60786   0.9272907   1.6615062   2.8612269 2026 01 15 17 08 01.84
0  14447.79154  15912.91933 -13767.31738   0.9267385   1.6528724   2.8678418 2026 01 15 17 08 21.84
0  14466.32055  15945.89010 -13709.89487   0.9261543   1.6442281   2.8744290 2026 01 15 17 08 41.84
0  14484.83756  15978.68787 -13652.34090   0.9255380   1.6355734   2.8809885 2026 01 15 17 09 01.84
0  14503.34192  16011.31246 -13594.65602   0.9248898   1.6269084   2.8875203 2026 01 15 17 09 21.84
0  14521.83299  16043.76364 -13536.84078   0.9242094   1.6182335   2.8940243 2026 01 15 17 09 41.84
0  14540.31014  16076.04123 -13478.89574   0.9234970   1.6095486   2.9005005 2026 01 15 17 10 01.84
0  14558.77271  16108.14502 -13420.82145   0.9227525   1.6008539   2.9069487 2026 01 15 17 10 21.84
0  14577.22008  16140.07482 -13362.61848   0.9219758   1.5921497   2.9133689 2026 01 15 17 10 41.84
0  14595.65159  16171.83044 -13304.28739   0.9211670   1.5834361   2.9197611 2026 01 15 17 11 01.84
0  14614.06660  16203.41170 -13245.82874   0.9203260   1.5747132   2.9261251 2026 01 15 17 11 21.84
0  14632.46448  16234.81841 -13187.24309   0.9194528   1.5659812   2.9324610 2026 01 15 17 11 41.84
0  14650.84456  16266.05039 -13128.53100   0.9185473   1.5572402   2.9387687 2026 01 15 17 12 01.84
0  14669.20622  16297.10747 -13069.69304   0.9176097   1.5484905   2.9450481 2026 01 15 17 12 21.84
0  14687.54880  16327.98946 -13010.72978   0.9166398   1.5397321   2.9512991 2026 01 15 17 12 41.84
0  14705.87166  16358.69620 -12951.64178   0.9156376   1.5309652   2.9575218 2026 01 15 17 13 01.84
0  14724.17415  16389.22752 -12892.42961   0.9146032   1.5221901   2.9637159 2026 01 15 17 13 21.84
0  14742.45564  16419.58326 -12833.09385   0.9135364   1.5134068   2.9698816 2026 01 15 17 13 41.84
0  14760.71546  16449.76325 -12773.63506   0.9124373   1.5046155   2.9760186 2026 01 15 17 14 01.84
0  14778.95298  16479.76734 -12714.05382   0.9113059   1.4958163   2.9821271 2026 01 15 17 14 21.84
0  14797.16755  16509.59537 -12654.35069   0.9101421   1.4870095   2.9882068 2026 01 15 17 14 41.84
0  14815.35852  16539.24719 -12594.52626   0.9089460   1.4781952   2.9942578 2026 01 15 17 15 01.84
0  14833.52524  16568.72265 -12534.58110   0.9077175   1.4693736   3.0002799 2026 01 15 17 15 21.84
0  14851.66707  16598.02160 -12474.51578   0.9064566   1.4605448   3.0062732 2026 01 15 17 15 41.84
0  14869.78336  16627.14391 -12414.33088   0.9051633   1.4517089   3.0122376 2026 01 15 17 16 01.84
0  14887.87346  16656.08943 -12354.02699   0.9038376   1.4428662   3.0181730 2026 01 15 17 16 21.84
0  14905.93672  16684.85803 -12293.60468   0.9024795   1.4340167   3.0240794 2026 01 15 17 16 41.84
0  14923.97250  16713.44958 -12233.06454   0.9010890   1.4251608   3.0299567 2026 01 15 17 17 01.84
0  14941.98014  16741.86394 -12172.40714   0.8996660   1.4162984   3.0358048 2026 01 15 17 17 21.84
0  14959.95900  16770.10099 -12111.63307   0.8982106   1.4074298   3.0416238 2026 01 15 17 17 41.84
0  14977.90842  16798.16062 -12050.74292   0.8967227   1.3985552   3.0474135 2026 01 15 17 18 01.84
0  14995.82776  16826.04269 -11989.73726   0.8952024   1.3896746   3.0531738 2026 01 15 17 18 21.84
0  15013.71638  16853.74709 -11928.61669   0.8936496   1.3807883   3.0589048 2026 01 15 17 18 41.84
0  15031.57361  16881.27371 -11867.38180   0.8920643   1.3718965   3.0646064 2026 01 15 17 19 01.84
0  15049.39881  16908.62244 -11806.03317   0.8904466   1.3629992   3.0702786 2026 01 15 17 19 21.84
0  15067.19134  16935.79318 -11744.57139   0.8887964   1.3540967   3.0759212 2026 01 15 17 19 41.84
0  15084.95053  16962.78581 -11682.99705   0.8871138   1.3451890   3.0815342 2026 01 15 17 20 01.84
0  15102.67575  16989.60024 -11621.31075   0.8853986   1.3362765   3.0871176 2026 01 15 17 20 21.84
0  15120.36635  17016.23637 -11559.51309   0.8836510   1.3273591   3.0926714 2026 01 15 17 20 41.84
0  15138.02166  17042.69411 -11497.60464   0.8818709   1.3184372   3.0981953 2026 01 15 17 21 01.84
0  15155.64105  17068.97336 -11435.58601   0.8800583   1.3095108   3.1036896 2026 01 15 17 21 21.84
0  15173.22386  17095.07405 -11373.45780   0.8782132   1.3005801   3.1091539 2026 01 15 17 21 41.84
0  15190.76945  17120.99608 -11311.22060   0.8763357   1.2916453   3.1145884 2026 01 15 17 22 01.84
0  15208.27716  17146.73938 -11248.87501   0.8744257   1.2827065   3.1199930 2026 01 15 17 22 21.84
0  15225.74634  17172.30386 -11186.42162   0.8724832   1.2737640   3.1253675 2026 01 15 17 22 41.84
0  15243.17636  17197.68945 -11123.86105   0.8705082   1.2648178   3.1307121 2026 01 15 17 23 01.84
0  15260.56654  17222.89609 -11061.19389   0.8685008   1.2558681   3.1360265 2026 01 15 17 23 21.84
0  15277.91626  17247.92370 -10998.42074   0.8664609   1.2469150   3.1413108 2026 01 15 17 23 41.84
0  15295.22485  17272.77222 -10935.54221   0.8643885   1.2379589   3.1465649 2026 01 15 17 24 01.84
0  15312.49168  17297.44158 -10872.55890   0.8622838   1.2289997   3.1517888 2026 01 15 17 24 21.84
0  15329.71608  17321.93174 -10809.47141   0.8601465   1.2200377   3.1569823 2026 01 15 17 24 41.84
0  15346.89742  17346.24262 -10746.28036   0.8579769   1.2110731   3.1621456 2026 01 15 17 25 01.84
0  15364.03503  17370.37419 -10682.98634   0.8557748   1.2021059   3.1672785 2026 01 15 17 25 21.84
0  15381.12829  17394.32640 -10619.58998   0.8535403   1.1931364   3.1723809 2026 01 15 17 25 41.84
0  15398.17653  17418.09919 -10556.09187   0.8512734   1.1841646   3.1774528 2026 01 15 17 26 01.84
0  15415.17910  17441.69252 -10492.49262   0.8489741   1.1751909   3.1824943 2026 01 15 17 26 21.84
0  15432.13537  17465.10637 -10428.79286   0.8466425   1.1662153   3.1875051 2026 01 15 17 26 41.84
0  15449.04469  17488.34068 -10364.99318   0.8442784   1.1572380   3.1924854 2026 01 15 17 27 01.84
0  15465.90639  17511.39544 -10301.09420   0.8418820   1.1482592   3.1974349 2026 01 15 17 27 21.84
0  15482.71985  17534.27060 -10237.09654   0.8394533   1.1392789   3.2023538 2026 01 15 17 27 41.84
0  15499.48441  17556.96615 -10173.00082   0.8369922   1.1302975   3.2072419 2026 01 15 17 28 01.84
0  15516.19943  17579.48205 -10108.80764   0.8344988   1.1213150   3.2120992 2026 01 15 17 28 21.84
0  15532.86425  17601.81830 -10044.51762   0.8319732   1.1123316   3.2169256 2026 01 15 17 28 41.84
0  15549.47824  17623.97488  -9980.13138   0.8294152   1.1033475   3.2217212 2026 01 15 17 29 01.84
0  15566.04075  17645.95176  -9915.64954   0.8268250   1.0943628   3.2264858 2026 01 15 17 29 21.84
0  15582.55113  17667.74895  -9851.07272   0.8242025   1.0853776   3.2312194 2026 01 15 17 29 41.84
0  15599.00874  17689.36644  -9786.40154   0.8215478   1.0763923   3.2359220 2026 01 15 17 30 01.84
0  15615.41294  17710.80421  -9721.63661   0.8188609   1.0674068   3.2405935 2026 01 15 17 30 21.84
0  15631.76308  17732.06228  -9656.77857   0.8161419   1.0584214   3.2452339 2026 01 15 17 30 41.84
0  15648.05851  17753.14064  -9591.82803   0.8133906   1.0494363   3.2498432 2026 01 15 17 31 01.84
0  15664.29860  17774.03931  -9526.78562   0.8106072   1.0404515   3.2544212 2026 01 15 17 31 21.84
0  15680.48270  17794.75828  -9461.65196   0.8077917   1.0314673   3.2589680 2026 01 15 17 31 41.84
0  15696.61016  17815.29758  -9396.42768   0.8049441   1.0224838   3.2634836 2026 01 15 17 32 01.84
0  15712.68036  17835.65722  -9331.11340   0.8020644   1.0135012   3.2679677 2026 01 15 17 32 21.84
0  15728.69264  17855.83721  -9265.70975   0.7991526   1.0045196   3.2724206 2026 01 15 17 32 41.84
0  15744.64636  17875.83759  -9200.21736   0.7962088   0.9955392   3.2768420 2026 01 15 17 33 01.84
0  15760.54090  17895.65837  -9134.63685   0.7932331   0.9865602   3.2812319 2026 01 15 17 33 21.84
0  15776.37559  17915.29959  -9068.96886   0.7902253   0.9775826   3.2855904 2026 01 15 17 33 41.84
0  15792.14981  17934.76127  -9003.21402   0.7871856   0.9686068   3.2899173 2026 01 15 17 34 01.84
0  15807.86292  17954.04346  -8937.37296   0.7841140   0.9596328   3.2942126 2026 01 15 17 34 21.84
0  15823.51428  17973.14618  -8871.44631   0.7810105   0.9506608   3.2984763 2026 01 15 17 34 41.84
0  15839.10325  17992.06949  -8805.43470   0.7778751   0.9416909   3.3027084 2026 01 15 17 35 01.84
0  15854.62919  18010.81342  -8739.33876   0.7747079   0.9327234   3.3069088 2026 01 15 17 35 21.84
0  15870.09147  18029.37803  -8673.15913   0.7715088   0.9237583   3.3110774 2026 01 15 17 35 41.84
0  15885.48946  18047.76336  -8606.89645   0.7682780   0.9147959   3.3152143 2026 01 15 17 36 01.84
0  15900.82251  18065.96948  -8540.55136   0.7650155   0.9058362   3.3193194 2026 01 15 17 36 21.84
0  15916.08999  18083.99642  -8474.12447   0.7617213   0.8968795   3.3233926 2026 01 15 17 36 41.84
0  15931.29128  18101.84427  -8407.61645   0.7583954   0.8879259   3.3274339 2026 01 15 17 37 01.84
0  15946.42572  18119.51308  -8341.02791   0.7550378   0.8789756   3.3314433 2026 01 15 17 37 21.84
0  15961.49271  18137.00292  -8274.35951   0.7516487   0.8700288   3.3354207 2026 01 15 17 37 41.84
0  15976.49159  18154.31385  -8207.61188   0.7482279   0.8610855   3.3393662 2026 01 15 17 38 01.84
0  15991.42174  18171.44596  -8140.78567   0.7447757   0.8521459   3.3432796 2026 01 15 17 38 21.84
0  16006.28254  18188.39932  -8073.88150   0.7412919   0.8432103   3.3471609 2026 01 15 17 38 41.84
0  16021.07335  18205.17400  -8006.90003   0.7377767   0.8342787   3.3510101 2026 01 15 17 39 01.84
0  16035.79353  18221.77010  -7939.84190   0.7342301   0.8253514   3.3548272 2026 01 15 17 39 21.84
0  16050.44247  18238.18769  -7872.70775   0.7306521   0.8164284   3.3586121 2026 01 15 17 39 41.84
0  16065.01954  18254.42687  -7805.49822   0.7270427   0.8075100   3.3623648 2026 01 15 17 40 01.84
0  16079.52411  18270.48773  -7738.21396   0.7234021   0.7985962   3.3660852 2026 01 15 17 40 21.84
0  16093.95555  18286.37036  -7670.85562   0.7197301   0.7896873   3.3697734 2026 01 15 17 40 41.84
0  16108.31325  18302.07486  -7603.42383   0.7160270   0.7807835   3.3734292 2026 01 15 17 41 01.84
0  16122.59657  18317.60134  -7535.91926   0.7122927   0.7718848   3.3770527 2026 01 15 17 41 21.84
0  16136.80489  18332.94990  -7468.34253   0.7085272   0.7629914   3.3806438 2026 01 15 17 41 41.84
0  16150.93759  18348.12065  -7400.69432   0.7047307   0.7541035   3.3842024 2026 01 15 17 42 01.84
0  16164.99405  18363.11370  -7332.97525   0.7009031   0.7452212   3.3877287 2026 01 15 17 42 21.84
0  16178.97365  18377.92915  -7265.18598   0.6970445   0.7363448   3.3912224 2026 01 15 17 42 41.84
0  16192.87577  18392.56714  -7197.32716   0.6931550   0.7274742   3.3946836 2026 01 15 17 43 01.84
0  16206.69979  18407.02778  -7129.39945   0.6892345   0.7186098   3.3981123 2026 01 15 17 43 21.84
0  16220.44510  18421.31120  -7061.40348   0.6852832   0.7097517   3.4015084 2026 01 15 17 43 41.84
0  16234.11106  18435.41752  -6993.33992   0.6813011   0.7009000   3.4048719 2026 01 15 17 44 01.84
0  16247.69708  18449.34686  -6925.20942   0.6772882   0.6920548   3.4082027 2026 01 15 17 44 21.84
0  16261.20254  18463.09938  -6857.01263   0.6732446   0.6832164   3.4115009 2026 01 15 17 44 41.84
0  16274.62681  18476.67519  -6788.75020   0.6691703   0.6743849   3.4147664 2026 01 15 17 45 01.84
0  16287.96930  18490.07444  -6720.42279   0.6650654   0.6655604   3.4179991 2026 01 15 17 45 21.84
0  16301.22938  18503.29728  -6652.03106   0.6609300   0.6567431   3.4211991 2026 01 15 17 45 41.84
0  16314.40645  18516.34385  -6583.57565   0.6567640   0.6479331   3.4243663 2026 01 15 17 46 01.84
0  16327.49990  18529.21429  -6515.05723   0.6525676   0.6391307   3.4275006 2026 01 15 17 46 21.84
0  16340.50911  18541.90875  -6446.47645   0.6483408   0.6303359   3.4306021 2026 01 15 17 46 41.84
0  16353.43348  18554.42741  -6377.83396   0.6440836   0.6215489   3.4336707 2026 01 15 17 47 01.84
0  16366.27241  18566.77040  -6309.13044   0.6397961   0.6127699   3.4367064 2026 01 15 17 47 21.84
0  16379.02529  18578.93789  -6240.36653   0.6354784   0.6039990   3.4397092 2026 01 15 17 47 41.84
0  16391.69151  18590.93005  -6171.54290   0.6311305   0.5952364   3.4426790 2026 01 15 17 48 01.84
0  16404.27047  18602.74704  -6102.66019   0.6267524   0.5864822   3.4456158 2026 01 15 17 48 21.84
0  16416.76157  18614.38903  -6033.71909   0.6223443   0.5777366   3.4485196 2026 01 15 17 48 41.84
0  16429.16421  18625.85620  -5964.72024   0.6179062   0.5689997   3.4513904 2026 01 15 17 49 01.84
0  16441.47778  18637.14872  -5895.66430   0.6134381   0.5602717   3.4542281 2026 01 15 17 49 21.84
0  16453.70170  18648.26677  -5826.55194   0.6089402   0.5515527   3.4570327 2026 01 15 17 49 41.84
0  16465.83536  18659.21054  -5757.38382   0.6044123   0.5428429   3.4598041 2026 01 15 17 50 01.84
0  16477.87817  18669.98020  -5688.16061   0.5998547   0.5341425   3.4625424 2026 01 15 17 50 21.84
0  16489.82952  18680.57595  -5618.88295   0.5952674   0.5254515   3.4652476 2026 01 15 17 50 41.84
0  16501.68884  18690.99797  -5549.55153   0.5906505   0.5167702   3.4679195 2026 01 15 17 51 01.84
0  16513.45552  18701.24647  -5480.16701   0.5860039   0.5080987   3.4705582 2026 01 15 17 51 21.84
0  16525.12897  18711.32164  -5410.73004   0.5813278   0.4994371   3.4731637 2026 01 15 17 51 41.84
0  16536.70861  18721.22367  -5341.24129   0.5766223   0.4907856   3.4757359 2026 01 15 17 52 01.84
0  16548.19384  18730.95278  -5271.70143   0.5718873   0.4821444   3.4782748 2026 01 15 17 52 21.84
0  16559.58408  18740.50917  -5202.11113   0.5671231   0.4735135   3.4807804 2026 01 15 17 52 41.84
0  16570.87875  18749.89305  -5132.47106   0.5623295   0.4648932   3.4832526 2026 01 15 17 53 01.84
0  16582.07725  18759.10463  -5062.78187   0.5575068   0.4562836   3.4856915 2026 01 15 17 53 21.84
0  16593.17901  18768.14413  -4993.04423   0.5526549   0.4476848   3.4880970 2026 01 15 17 53 41.84
0  16604.18343  18777.01176  -4923.25882   0.5477739   0.4390970   3.4904690 2026 01 15 17 54 01.84
0  16615.08995  18785.70775  -4853.42631   0.5428640   0.4305204   3.4928077 2026 01 15 17 54 21.84
0  16625.89799  18794.23231  -4783.54735   0.5379251   0.4219550   3.4951129 2026 01 15 17 54 41.84
0  16636.60695  18802.58569  -4713.62263   0.5329574   0.4134011   3.4973846 2026 01 15 17 55 01.84
0  16647.21627  18810.76810  -4643.65281   0.5279608   0.4048587   3.4996228 2026 01 15 17 55 21.84
0  16657.72538  18818.77978  -4573.63856   0.5229356   0.3963281   3.5018276 2026 01 15 17 55 41.84
0  16668.13370  18826.62097  -4503.58055   0.5178817   0.3878093   3.5039987 2026 01 15 17 56 01.84
0  16678.44065  18834.29190  -4433.47945   0.5127992   0.3793026   3.5061364 2026 01 15 17 56 21.84
0  16688.64567  18841.79282  -4363.33593   0.5076883   0.3708080   3.5082404 2026 01 15 17 56 41.84
0  16698.74818  18849.12398  -4293.15067   0.5025489   0.3623258   3.5103109 2026 01 15 17 57 01.84
0  16708.74763  18856.28561  -4222.92434   0.4973811   0.3538560   3.5123478 2026 01 15 17 57 21.84
0  16718.64343  18863.27797  -4152.65760   0.4921851   0.3453988   3.5143510 2026 01 15 17 57 41.84
0  16728.43504  18870.10132  -4082.35114   0.4869609   0.3369543   3.5163206 2026 01 15 17 58 01.84
0  16738.12188  18876.75591  -4012.00563   0.4817085   0.3285228   3.5182565 2026 01 15 17 58 21.84
0  16747.70339  18883.24200  -3941.62173   0.4764281   0.3201042   3.5201587 2026 01 15 17 58 41.84
0  16757.17901  18889.55985  -3871.20012   0.4711197   0.3116989   3.5220272 2026 01 15 17 59 01.84
0  16766.54819  18895.70972  -3800.74148   0.4657834   0.3033069   3.5238620 2026 01 15 17 59 21.84
0  16775.81037  18901.69189  -3730.24649   0.4604193   0.2949284   3.5256631 2026 01 15 17 59 41.84
0  16784.96498  18907.50663  -3659.71581   0.4550275   0.2865634   3.5274304 2026 01 15 18 00 01.84
0  16794.01149  18913.15421  -3589.15012   0.4496080   0.2782122   3.5291640 2026 01 15 18 00 21.84
0  16802.94932  18918.63490  -3518.55009   0.4441609   0.2698750   3.5308638 2026 01 15 18 00 41.84
0  16811.77794  18923.94899  -3447.91641   0.4386863   0.2615517   3.5325298 2026 01 15 18 01 01.84
0  16820.49680  18929.09675  -3377.24975   0.4331843   0.2532427   3.5341619 2026 01 15 18 01 21.84
0  16829.10534  18934.07848  -3306.55078   0.4276550   0.2449479   3.5357603 2026 01 15 18 01 41.84
0  16837.60303  18938.89446  -3235.82019   0.4220984   0.2366677   3.5373248 2026 01 15 18 02 01.84
0  16845.98931  18943.54498  -3165.05864   0.4165147   0.2284020   3.5388554 2026 01 15 18 02 21.84
0  16854.26365  18948.03033  -3094.26682   0.4109039   0.2201511   3.5403522 2026 01 15 18 02 41.84
0  16862.42550  18952.35081  -3023.44540   0.4052661   0.2119150   3.5418151 2026 01 15 18 03 01.84
0  16870.47433  18956.50673  -2952.59507   0.3996013   0.2036940   3.5432441 2026 01 15 18 03 21.84
0  16878.40959  18960.49837  -2881.71649   0.3939098   0.1954881   3.5446392 2026 01 15 18 03 41.84
0  16886.23076  18964.32605  -2810.81035   0.3881915   0.1872976   3.5460004 2026 01 15 18 04 01.84
0  16893.93729  18967.99008  -2739.87733   0.3824465   0.1791225   3.5473276 2026 01 15 18 04 21.84
0  16901.52866  18971.49076  -2668.91810   0.3766750   0.1709629   3.5486209 2026 01 15 18 04 41.84
0  16909.00434  18974.82840  -2597.93335   0.3708770   0.1628191   3.5498802 2026 01 15 18 05 01.84
0  16916.36379  18978.00333  -2526.92374   0.3650526   0.1546911   3.5511056 2026 01 15 18 05 21.84
0  16923.60649  18981.01586  -2455.88997   0.3592019   0.1465791   3.5522970 2026 01 15 18 05 41.84
0  16930.73192  18983.86631  -2384.83272   0.3533250   0.1384833   3.5534544 2026 01 15 18 06 01.84
0  16937.73954  18986.55501  -2313.75265   0.3474220   0.1304037   3.5545778 2026 01 15 18 06 21.84
0  16944.62885  18989.08228  -2242.65046   0.3414930   0.1223405   3.5556672 2026 01 15 18 06 41.84
0  16951.39932  18991.44845  -2171.52682   0.3355380   0.1142938   3.5567226 2026 01 15 18 07 01.84
0  16958.05043  18993.65386  -2100.38241   0.3295572   0.1062638   3.5577439 2026 01 15 18 07 21.84
0  16964.58167  18995.69883  -2029.21791   0.3235507   0.0982506   3.5587313 2026 01 15 18 07 41.84
0  16970.99252  18997.58371  -1958.03401   0.3175184   0.0902544   3.5596845 2026 01 15 18 08 01.84
0  16977.28247  18999.30884  -1886.83139   0.3114607   0.0822752   3.5606038 2026 01 15 18 08 21.84
0  16983.45101  19000.87455  -1815.61072   0.3053774   0.0743132   3.5614889 2026 01 15 18 08 41.84
0  16989.49763  19002.28120  -1744.37269   0.2992688   0.0663686   3.5623400 2026 01 15 18 09 01.84
0  16995.42183  19003.52913  -1673.11797   0.2931349   0.0584414   3.5631570 2026 01 15 18 09 21.84
0  17001.22310  19004.61869  -1601.84726   0.2869758   0.0505318   3.5639400 2026 01 15 18 09 41.84
0  17006.90094  19005.55024  -1530.56123   0.2807917   0.0426400   3.5646888 2026 01 15 18 10 01.84
0  17012.45484  19006.32414  -1459.26057   0.2745825   0.0347660   3.5654036 2026 01 15 18 10 21.84
0  17017.88432  19006.94073  -1387.94595   0.2683485   0.0269100   3.5660842 2026 01 15 18 10 41.84
0  17023.18886  19007.40038  -1316.61805   0.2620897   0.0190722   3.5667307 2026 01 15 18 11 01.84
0  17028.36798  19007.70347  -1245.27757   0.2558062   0.0112526   3.5673432 2026 01 15 18 11 21.84
0  17033.42119  19007.85034  -1173.92518   0.2494981   0.0034514   3.5679215 2026 01 15 18 11 41.84
0  17038.34799  19007.84137  -1102.56157   0.2431655  -0.0043313   3.5684657 2026 01 15 18 12 01.84
0  17043.14790  19007.67694  -1031.18742   0.2368085  -0.0120954   3.5689757 2026 01 15 18 12 21.84
0  17047.82042  19007.35742   -959.80340   0.2304273  -0.0198407   3.5694517 2026 01 15 18 12 41.84
0  17052.36508  19006.88317   -888.41021   0.2240218  -0.0275671   3.5698935 2026 01 15 18 13 01.84
0  17056.78139  19006.25460   -817.00852   0.2175923  -0.0352744   3.5703011 2026 01 15 18 13 21.84
0  17061.06887  19005.47206   -745.59902   0.2111388  -0.0429626   3.5706746 2026 01 15 18 13 41.84
0  17065.22704  19004.53596   -674.18239   0.2046614  -0.0506315   3.5710140 2026 01 15 18 14 01.84
0  17069.25542  19003.44667   -602.75932   0.1981603  -0.0582811   3.5713192 2026 01 15 18 14 21.84
0  17073.15355  19002.20459   -531.33048   0.1916355  -0.0659111   3.5715903 2026 01 15 18 14 41.84
0  17076.92094  19000.81010   -459.89656   0.1850871  -0.0735214   3.5718272 2026 01 15 18 15 01.84
0  17080.55714  18999.26361   -388.45825   0.1785153  -0.0811119   3.5720300 2026 01 15 18 15 21.84
0  17084.06166  18997.56550   -317.01622   0.1719201  -0.0886826   3.5721986 2026 01 15 18 15 41.84
0  17087.43405  18995.71618   -245.57116   0.1653017  -0.0962332   3.5723331 2026 01 15 18 16 01.84
0  17090.67384  18993.71606   -174.12376   0.1586601  -0.1037636   3.5724334 2026 01 15 18 16 21.84
0  17093.78056  18991.56552   -102.67468   0.1519955  -0.1112738   3.5724996 2026 01 15 18 16 41.84
0  17096.75377  18989.26499    -31.22463   0.1453080  -0.1187636   3.5725316 2026 01 15 18 17 01.84
0  17099.59300  18986.81487     40.22572   0.1385977  -0.1262329   3.5725294 2026 01 15 18 17 21.84
0  17102.29780  18984.21557    111.67569   0.1318647  -0.1336815   3.5724931 2026 01 15 18 17 41.84
0  17104.86771  18981.46750    183.12459   0.1251092  -0.1411093   3.5724227 2026 01 15 18 18 01.84
0  17107.30229  18978.57109    254.57174   0.1183311  -0.1485163   3.5723181 2026 01 15 18 18 21.84
0  17109.60108  18975.52674    326.01645   0.1115307  -0.1559023   3.5721793 2026 01 15 18 18 41.84
0  17111.76365  18972.33489    397.45805   0.1047080  -0.1632671   3.5720064 2026 01 15 18 19 01.84
0  17113.78953  18968.99596    468.89585   0.0978631  -0.1706107   3.5717994 2026 01 15 18 19 21.84
0  17115.67830  18965.51037    540.32917   0.0909963  -0.1779330   3.5715582 2026 01 15 18 19 41.84
0  17117.42952  18961.87855    611.75732   0.0841075  -0.1852338   3.5712829 2026 01 15 18 20 01.84
0  17119.04274  18958.10092    683.17963   0.0771969  -0.1925129   3.5709734 2026 01 15 18 20 21.84
0  17120.51753  18954.17794    754.59540   0.0702646  -0.1997704   3.5706298 2026 01 15 18 20 41.84
0  17121.85346  18950.11002    826.00396   0.0633108  -0.2070060   3.5702521 2026 01 15 18 21 01.84
0  17123.05010  18945.89761    897.40462   0.0563355  -0.2142197   3.5698402 2026 01 15 18 21 21.84
0  17124.10703  18941.54115    968.79671   0.0493388  -0.2214113   3.5693943 2026 01 15 18 21 41.84
0  17125.02380  18937.04107   1040.17954   0.0423209  -0.2285808   3.5689142 2026 01 15 18 22 01.84
0  17125.80001  18932.39783   1111.55242   0.0352820  -0.2357279   3.5684000 2026 01 15 18 22 21.84
0  17126.43523  18927.61188   1182.91468   0.0282220  -0.2428527   3.5678517 2026 01 15 18 22 41.84
0  17126.92904  18922.68365   1254.26563   0.0211411  -0.2499549   3.5672693 2026 01 15 18 23 01.84
0  17127.28103  18917.61360   1325.60460   0.0140395  -0.2570345   3.5666528 2026 01 15 18 23 21.84
0  17127.49078  18912.40220   1396.93089   0.0069172  -0.2640914   3.5660023 2026 01 15 18 23 41.84
0  17127.55788  18907.04988   1468.24383  -0.0002256  -0.2711254   3.5653176 2026 01 15 18 24 01.84
0  17127.48192  18901.55711   1539.54274  -0.0073888  -0.2781365   3.5645989 2026 01 15 18 24 21.84
0  17127.26249  18895.92435   1610.82693  -0.0145722  -0.2851244   3.5638461 2026 01 15 18 24 41.84
0  17126.89919  18890.15207   1682.09573  -0.0217759  -0.2920892   3.5630593 2026 01 15 18 25 01.84
0  17126.39162  18884.24072   1753.34845  -0.0289995  -0.2990307   3.5622384 2026 01 15 18 25 21.84
0  17125.73938  18878.19078   1824.58441  -0.0362431  -0.3059487   3.5613835 2026 01 15 18 25 41.84
0  17124.94207  18872.00271   1895.80294  -0.0435065  -0.3128433   3.5604946 2026 01 15 18 26 01.84
0  17123.99930  18865.67699   1967.00334  -0.0507896  -0.3197142   3.5595716 2026 01 15 18 26 21.84
0  17122.91066  18859.21409   2038.18495  -0.0580922  -0.3265614   3.5586146 2026 01 15 18 26 41.84
0  17121.67579  18852.61448   2109.34707  -0.0654142  -0.3333848   3.5576236 2026 01 15 18 27 01.84
0  17120.29427  18845.87865   2180.48904  -0.0727556  -0.3401842   3.5565987 2026 01 15 18 27 21.84
0  17118.76574  18839.00707   2251.61017  -0.0801161  -0.3469595   3.5555397 2026 01 15 18 27 41.84
0  17117.08981  18832.00022   2322.70977  -0.0874957  -0.3537107   3.5544468 2026 01 15 18 28 01.84
0  17115.26610  18824.85859   2393.78718  -0.0948942  -0.3604377   3.5533199 2026 01 15 18 28 21.84
0  17113.29423  18817.58267   2464.84172  -0.1023116  -0.3671403   3.5521591 2026 01 15 18 28 41.84
0  17111.17383  18810.17294   2535.87269  -0.1097476  -0.3738184   3.5509643 2026 01 15 18 29 01.84
0  17108.90453  18802.62990   2606.87944  -0.1172021  -0.3804719   3.5497356 2026 01 15 18 29 21.84
0  17106.48594  18794.95403   2677.86127  -0.1246751  -0.3871007   3.5484730 2026 01 15 18 29 41.84
0  17103.91772  18787.14583   2748.81751  -0.1321664  -0.3937048   3.5471765 2026 01 15 18 30 01.84
0  17101.19949  18779.20580   2819.74748  -0.1396759  -0.4002840   3.5458461 2026 01 15 18 30 21.84
0  17098.33089  18771.13444   2890.65050  -0.1472034  -0.4068382   3.5444818 2026 01 15 18 30 41.84
0  17095.31156  18762.93224   2961.52590  -0.1547488  -0.4133673   3.5430837 2026 01 15 18 31 01.84
0  17092.14114  18754.59972   3032.37300  -0.1623120  -0.4198712   3.5416517 2026 01 15 18 31 21.84
0  17088.81929  18746.13737   3103.19112  -0.1698929  -0.4263499   3.5401859 2026 01 15 18 31 41.84
0  17085.34564  18737.54570   3173.97959  -0.1774913  -0.4328032   3.5386863 2026 01 15 18 32 01.84
0  17081.71985  18728.82522   3244.73772  -0.1851071  -0.4392310   3.5371529 2026 01 15 18 32 21.84
0  17077.94157  18719.97644   3315.46485  -0.1927401  -0.4456332   3.5355857 2026 01 15 18 32 41.84
0  17074.01046  18710.99987   3386.16030  -0.2003903  -0.4520097   3.5339847 2026 01 15 18 33 01.84
0  17069.92618  18701.89603   3456.82339  -0.2080575  -0.4583605   3.5323500 2026 01 15 18 33 21.84
0  17065.68838  18692.66544   3527.45345  -0.2157416  -0.4646854   3.5306815 2026 01 15 18 33 41.84
0  17061.29674  18683.30861   3598.04981  -0.2234424  -0.4709843   3.5289793 2026 01 15 18 34 01.84
0  17056.75091  18673.82605   3668.61178  -0.2311598  -0.4772572   3.5272434 2026 01 15 18 34 21.84
0  17052.05058  18664.21831   3739.13870  -0.2388937  -0.4835039   3.5254738 2026 01 15 18 34 41.84
0  17047.19540  18654.48589   3809.62989  -0.2466440  -0.4897244   3.5236705 2026 01 15 18 35 01.84
0  17042.18505  18644.62933   3880.08467  -0.2544104  -0.4959186   3.5218336 2026 01 15 18 35 21.84
0  17037.01922  18634.64914   3950.50238  -0.2621929  -0.5020863   3.5199630 2026 01 15 18 35 41.84
0  17031.69757  18624.54587   4020.88235  -0.2699914  -0.5082275   3.5180588 2026 01 15 18 36 01.84
0  17026.21980  18614.32004   4091.22389  -0.2778057  -0.5143420   3.5161210 2026 01 15 18 36 21.84
0  17020.58559  18603.97219   4161.52635  -0.2856356  -0.5204299   3.5141497 2026 01 15 18 36 41.84
0  17014.79462  18593.50285   4231.78904  -0.2934811  -0.5264910   3.5121448 2026 01 15 18 37 01.84
0  17008.84659  18582.91256   4302.01130  -0.3013419  -0.5325252   3.5101063 2026 01 15 18 37 21.84
0  17002.74119  18572.20185   4372.19245  -0.3092181  -0.5385324   3.5080343 2026 01 15 18 37 41.84
0  16996.47812  18561.37127   4442.33183  -0.3171093  -0.5445125   3.5059288 2026 01 15 18 38 01.84
0  16990.05707  18550.42136   4512.42876  -0.3250156  -0.5504655   3.5037898 2026 01 15 18 38 21.84
0  16983.47775  18539.35266   4582.48258  -0.3329366  -0.5563913   3.5016174 2026 01 15 18 38 41.84
0  16976.73987  18528.16572   4652.49262  -0.3408724  -0.5622897   3.4994115 2026 01 15 18 39 01.84
0  16969.84312  18516.86109   4722.45821  -0.3488228  -0.5681608   3.4971722 2026 01 15 18 39 21.84
0  16962.78722  18505.43931   4792.37867  -0.3567876  -0.5740043   3.4948996 2026 01 15 18 39 41.84
0  16955.57188  18493.90094   4862.25335  -0.3647667  -0.5798202   3.4925935 2026 01 15 18 40 01.84
0  16948.19681  18482.24652   4932.08158  -0.3727600  -0.5856085   3.4902541 2026 01 15 18 40 21.84
0  16940.66175  18470.47662   5001.86268  -0.3807673  -0.5913691   3.4878813 2026 01 15 18 40 41.84
0  16932.96640  18458.59179   5071.59600  -0.3887884  -0.5971018   3.4854753 2026 01 15 18 41 01.84
0  16925.11049  18446.59258   5141.28086  -0.3968233  -0.6028066   3.4830360 2026 01 15 18 41 21.84
0  16917.09374  18434.47955   5210.91660  -0.4048718  -0.6084834   3.4805634 2026 01 15 18 41 41.84
0  16908.91589  18422.25327   5280.50256  -0.4129337  -0.6141321   3.4780576 2026 01 15 18 42 01.84
0  16900.57667  18409.91430   5350.03808  -0.4210090  -0.6197527   3.4755185 2026 01 15 18 42 21.84
0  16892.07582  18397.46320   5419.52247  -0.4290974  -0.6253450   3.4729463 2026 01 15 18 42 41.84
0  16883.41306  18384.90054   5488.95510  -0.4371988  -0.6309090   3.4703409 2026 01 15 18 43 01.84
0  16874.58815  18372.22688   5558.33528  -0.4453132  -0.6364446   3.4677024 2026 01 15 18 43 21.84
0  16865.60083  18359.44279   5627.66237  -0.4534403  -0.6419518   3.4650308 2026 01 15 18 43 41.84
0  16856.45083  18346.54884   5696.93569  -0.4615799  -0.6474304   3.4623261 2026 01 15 18 44 01.84
0  16847.13792  18333.54562   5766.15458  -0.4697321  -0.6528804   3.4595883 2026 01 15 18 44 21.84
0  16837.66185  18320.43367   5835.31839  -0.4778965  -0.6583016   3.4568175 2026 01 15 18 44 41.84
0  16828.02236  18307.21360   5904.42645  -0.4860732  -0.6636941   3.4540137 2026 01 15 18 45 01.84
0  16818.21922  18293.88596   5973.47811  -0.4942618  -0.6690578   3.4511769 2026 01 15 18 45 21.84
0  16808.25219  18280.45133   6042.47271  -0.5024624  -0.6743925   3.4483072 2026 01 15 18 45 41.84
0  16798.12104  18266.91031   6111.40958  -0.5106746  -0.6796982   3.4454045 2026 01 15 18 46 01.84
0  16787.82552  18253.26346   6180.28806  -0.5188985  -0.6849749   3.4424690 2026 01 15 18 46 21.84
0  16777.36541  18239.51136   6249.10751  -0.5271338  -0.6902224   3.4395005 2026 01 15 18 46 41.84
0  16766.74048  18225.65462   6317.86726  -0.5353804  -0.6954406   3.4364993 2026 01 15 18 47 01.84
0  16755.95051  18211.69379   6386.56666  -0.5436382  -0.7006296   3.4334652 2026 01 15 18 47 21.84
0  16744.99527  18197.62949   6455.20505  -0.5519069  -0.7057893   3.4303983 2026 01 15 18 47 41.84
0  16733.87455  18183.46228   6523.78178  -0.5601866  -0.7109195   3.4272987 2026 01 15 18 48 01.84
0  16722.58813  18169.19277   6592.29618  -0.5684769  -0.7160202   3.4241664 2026 01 15 18 48 21.84
0  16711.13580  18154.82154   6660.74762  -0.5767778  -0.7210914   3.4210014 2026 01 15 18 48 41.84
0  16699.51735  18140.34918   6729.13542  -0.5850892  -0.7261329   3.4178037 2026 01 15 18 49 01.84
0  16687.73256  18125.77629   6797.45895  -0.5934108  -0.7311447   3.4145734 2026 01 15 18 49 21.84
0  16675.78125  18111.10345   6865.71755  -0.6017425  -0.7361268   3.4113105 2026 01 15 18 49 41.84
0  16663.66320  18096.33128   6933.91056  -0.6100842  -0.7410790   3.4080151 2026 01 15 18 50 01.84
0  16651.37822  18081.46036   7002.03734  -0.6184357  -0.7460014   3.4046871 2026 01 15 18 50 21.84
0  16638.92611  18066.49130   7070.09723  -0.6267969  -0.7508937   3.4013265 2026 01 15 18 50 41.84
0  16626.30668  18051.42469   7138.08959  -0.6351677  -0.7557561   3.3979336 2026 01 15 18 51 01.84
0  16613.51975  18036.26113   7206.01376  -0.6435478  -0.7605883   3.3945081 2026 01 15 18 51 21.84
0  16600.56512  18021.00123   7273.86911  -0.6519371  -0.7653904   3.3910503 2026 01 15 18 51 41.84
0  16587.44261  18005.64559   7341.65497  -0.6603356  -0.7701623   3.3875601 2026 01 15 18 52 01.84
0  16574.15204  17990.19482   7409.37070  -0.6687429  -0.7749040   3.3840376 2026 01 15 18 52 21.84
0  16560.69324  17974.64951   7477.01567  -0.6771591  -0.7796153   3.3804828 2026 01 15 18 52 41.84
0  16547.06604  17959.01029   7544.58921  -0.6855839  -0.7842962   3.3768956 2026 01 15 18 53 01.84
0  16533.27025  17943.27775   7612.09069  -0.6940171  -0.7889466   3.3732763 2026 01 15 18 53 21.84
0  16519.30571  17927.45251   7679.51946  -0.7024587  -0.7935665   3.3696247 2026 01 15 18 53 41.84
0  16505.17226  17911.53518   7746.87488  -0.7109084  -0.7981559   3.3659410 2026 01 15 18 54 01.84
0  16490.86974  17895.52636   7814.15630  -0.7193662  -0.8027146   3.3622252 2026 01 15 18 54 21.84
0  16476.39798  17879.42668   7881.36308  -0.7278319  -0.8072427   3.3584772 2026 01 15 18 54 41.84
0  16461.75683  17863.23675   7948.49459  -0.7363053  -0.8117400   3.3546972 2026 01 15 18 55 01.84
0  16446.94614  17846.95717   8015.55017  -0.7447862  -0.8162066   3.3508852 2026 01 15 18 55 21.84
0  16431.96576  17830.58858   8082.52920  -0.7532746  -0.8206422   3.3470412 2026 01 15 18 55 41.84
0  16416.81554  17814.13158   8149.43102  -0.7617702  -0.8250470   3.3431652 2026 01 15 18 56 01.84
0  16401.49533  17797.58679   8216.25501  -0.7702729  -0.8294208   3.3392573 2026 01 15 18 56 21.84
0  16386.00500  17780.95484   8283.00052  -0.7787826  -0.8337637   3.3353176 2026 01 15 18 56 41.84
0  16370.34441  17764.23635   8349.66692  -0.7872992  -0.8380754   3.3313460 2026 01 15 18 57 01.84
0  16354.51342  17747.43193   8416.25357  -0.7958223  -0.8423561   3.3273426 2026 01 15 18 57 21.84
0  16338.51190  17730.54221   8482.75983  -0.8043520  -0.8466056   3.3233074 2026 01 15 18 57 41.84
0  16322.33973  17713.56781   8549.18508  -0.8128880  -0.8508238   3.3192405 2026 01 15 18 58 01.84
0  16305.99678  17696.50936   8615.52867  -0.8214302  -0.8550109   3.3151420 2026 01 15 18 58 21.84
0  16289.48292  17679.36748   8681.78997  -0.8299784  -0.8591666   3.3110118 2026 01 15 18 58 41.84
0  16272.79804  17662.14280   8747.96835  -0.8385325  -0.8632909   3.3068499 2026 01 15 18 59 01.84
0  16255.94202  17644.83595   8814.06318  -0.8470924  -0.8673839   3.3026565 2026 01 15 18 59 21.84
0  16238.91475  17627.44756   8880.07383  -0.8556578  -0.8714454   3.2984316 2026 01 15 18 59 41.84
0  16221.71611  17609.97825   8945.99966  -0.8642286  -0.8754754   3.2941752 2026 01 15 19 00 01.84
0  16204.34601  17592.42865   9011.84006  -0.8728047  -0.8794739   3.2898874 2026 01 15 19 00 21.84
0  16186.80433  17574.79940   9077.59438  -0.8813859  -0.8834408   3.2855681 2026 01 15 19 00 41.84
0  16169.09098  17557.09114   9143.26200  -0.8899721  -0.8873761   3.2812175 2026 01 15 19 01 01.84
0  16151.20586  17539.30448   9208.84230  -0.8985631  -0.8912796   3.2768356 2026 01 15 19 01 21.84
0  16133.14888  17521.44007   9274.33465  -0.9071587  -0.8951515   3.2724224 2026 01 15 19 01 41.84
0  16114.91993  17503.49854   9339.73842  -0.9157588  -0.8989917   3.2679779 2026 01 15 19 02 01.84
0  16096.51895  17485.48052   9405.05299  -0.9243632  -0.9028000   3.2635023 2026 01 15 19 02 21.84
0  16077.94583  17467.38666   9470.27774  -0.9329718  -0.9065765   3.2589955 2026 01 15 19 02 41.84
0  16059.20050  17449.21758   9535.41204  -0.9415844  -0.9103211   3.2544576 2026 01 15 19 03 01.84
0  16040.28288  17430.97394   9600.45527  -0.9502009  -0.9140339   3.2498886 2026 01 15 19 03 21.84
0  16021.19290  17412.65636   9665.40682  -0.9588210  -0.9177146   3.2452886 2026 01 15 19 03 41.84
0  16001.93047  17394.26548   9730.26605  -0.9674448  -0.9213634   3.2406576 2026 01 15 19 04 01.84
0  15982.49554  17375.80195   9795.03235  -0.9760719  -0.9249802   3.2359957 2026 01 15 19 04 21.84
0  15962.88803  17357.26640   9859.70511  -0.9847022  -0.9285649   3.2313029 2026 01 15 19 04 41.84
0  15943.10789  17338.65948   9924.28371  -0.9933357  -0.9321175   3.2265793 2026 01 15 19 05 01.84
0  15923.15505  17319.98183   9988.76752  -1.0019720  -0.9356379   3.2218248 2026 01 15 19 05 21.84
0  15903.02945  17301.23410  10053.15594  -1.0106111  -0.9391262   3.2170396 2026 01 15 19 05 41.84
0  15882.73105  17282.41692  10117.44835  -1.0192529  -0.9425824   3.2122237 2026 01 15 19 06 01.84
0  15862.25979  17263.53094  10181.64413  -1.0278970  -0.9460062   3.2073772 2026 01 15 19 06 21.84
0  15841.61562  17244.57680  10245.74267  -1.0365435  -0.9493979   3.2025000 2026 01 15 19 06 41.84
0  15820.79850  17225.55516  10309.74337  -1.0451921  -0.9527572   3.1975922 2026 01 15 19 07 01.84
0  15799.80839  17206.46666  10373.64561  -1.0538426  -0.9560842   3.1926539 2026 01 15 19 07 21.84
0  15778.64525  17187.31193  10437.44877  -1.0624950  -0.9593788   3.1876852 2026 01 15 19 07 41.84
0  15757.30905  17168.09164  10501.15226  -1.0711490  -0.9626411   3.1826860 2026 01 15 19 08 01.84
0  15735.79975  17148.80643  10564.75546  -1.0798046  -0.9658710   3.1776564 2026 01 15 19 08 21.84
0  15714.11733  17129.45695  10628.25777  -1.0884614  -0.9690684   3.1725965 2026 01 15 19 08 41.84
0  15692.26176  17110.04384  10691.65857  -1.0971195  -0.9722334   3.1675063 2026 01 15 19 09 01.84
0  15670.23302  17090.56776  10754.95727  -1.1057786  -0.9753658   3.1623859 2026 01 15 19 09 21.84
0  15648.03109  17071.02935  10818.15326  -1.1144385  -0.9784658   3.1572352 2026 01 15 19 09 41.84
0  15625.65596  17051.42927  10881.24594  -1.1230992  -0.9815332   3.1520545 2026 01 15 19 10 01.84
0  15603.10760  17031.76817  10944.23470  -1.1317604  -0.9845680   3.1468436 2026 01 15 19 10 21.84
0  15580.38602  17012.04670  11007.11894  -1.1404220  -0.9875703   3.1416027 2026 01 15 19 10 41.84
0  15557.49120  16992.26551  11069.89806  -1.1490838  -0.9905399   3.1363319 2026 01 15 19 11 01.84
0  15534.42315  16972.42526  11132.57147  -1.1577457  -0.9934770   3.1310310 2026 01 15 19 11 21.84
0  15511.18186  16952.52659  11195.13857  -1.1664075  -0.9963813   3.1257003 2026 01 15 19 11 41.84
0  15487.76733  16932.57016  11257.59875  -1.1750691  -0.9992530   3.1203398 2026 01 15 19 12 01.84
0  15464.17958  16912.55662  11319.95142  -1.1837303  -1.0020920   3.1149494 2026 01 15 19 12 21.84
0  15440.41862  16892.48663  11382.19599  -1.1923909  -1.0048983   3.1095293 2026 01 15 19 12 41.84
0  15416.48445  16872.36085  11444.33186  -1.2010507  -1.0076718   3.1040796 2026 01 15 19 13 01.84
0  15392.37709  16852.17992  11506.35844  -1.2097097  -1.0104126   3.0986002 2026 01 15 19 13 21.84
0  15368.09656  16831.94450  11568.27514  -1.2183677  -1.0131206   3.0930912 2026 01 15 19 13 41.84
0  15343.64288  16811.65525  11630.08136  -1.2270244  -1.0157959   3.0875527 2026 01 15 19 14 01.84
0  15319.01608  16791.31282  11691.77652  -1.2356798  -1.0184383   3.0819847 2026 01 15 19 14 21.84
0  15294.21620  16770.91788  11753.36003  -1.2443336  -1.0210480   3.0763873 2026 01 15 19 14 41.84
0  15269.24325  16750.47107  11814.83129  -1.2529858  -1.0236248   3.0707605 2026 01 15 19 15 01.84
0  15244.09727  16729.97305  11876.18972  -1.2616362  -1.0261688   3.0651044 2026 01 15 19 15 21.84
0  15218.77831  16709.42448  11937.43474  -1.2702845  -1.0286799   3.0594190 2026 01 15 19 15 41.84
0  15193.28641  16688.82602  11998.56576  -1.2789307  -1.0311581   3.0537044 2026 01 15 19 16 01.84
0  15167.62160  16668.17832  12059.58220  -1.2875746  -1.0336035   3.0479607 2026 01 15 19 16 21.84
0  15141.78394  16647.48205  12120.48348  -1.2962160  -1.0360160   3.0421879 2026 01 15 19 16 41.84
0  15115.77349  16626.73785  12181.26900  -1.3048547  -1.0383955   3.0363860 2026 01 15 19 17 01.84
0  15089.59028  16605.94640  12241.93820  -1.3134907  -1.0407422   3.0305551 2026 01 15 19 17 21.84
0  15063.23438  16585.10833  12302.49050  -1.3221237  -1.0430560   3.0246953 2026 01 15 19 17 41.84
0  15036.70586  16564.22433  12362.92531  -1.3307535  -1.0453368   3.0188066 2026 01 15 19 18 01.84
0  15010.00477  16543.29503  12423.24205  -1.3393801  -1.0475847   3.0128891 2026 01 15 19 18 21.84
0  14983.13119  16522.32111  12483.44017  -1.3480033  -1.0497997   3.0069429 2026 01 15 19 18 41.84
0  14956.08518  16501.30322  12543.51906  -1.3566229  -1.0519817   3.0009679 2026 01 15 19 19 01.84
0  14928.86681  16480.24202  12603.47818  -1.3652387  -1.0541308   2.9949642 2026 01 15 19 19 21.84
0  14901.47617  16459.13816  12663.31693  -1.3738506  -1.0562469   2.9889320 2026 01 15 19 19 41.84
0  14873.91333  16437.99232  12723.03476  -1.3824584  -1.0583301   2.9828712 2026 01 15 19 20 01.84
0  14846.17837  16416.80514  12782.63108  -1.3910620  -1.0603803   2.9767820 2026 01 15 19 20 21.84
0  14818.27139  16395.57728  12842.10534  -1.3996613  -1.0623976   2.9706643 2026 01 15 19 20 41.84
0  14790.19247  16374.30941  12901.45695  -1.4082559  -1.0643818   2.9645182 2026 01 15 19 21 01.84
0  14761.94171  16353.00219  12960.68537  -1.4168458  -1.0663332   2.9583439 2026 01 15 19 21 21.84
0  14733.51919  16331.65626  13019.79002  -1.4254309  -1.0682515   2.9521412 2026 01 15 19 21 41.84
0  14704.92503  16310.27231  13078.77033  -1.4340110  -1.0701369   2.9459104 2026 01 15 19 22 01.84
0  14676.15931  16288.85097  13137.62574  -1.4425858  -1.0719894   2.9396515 2026 01 15 19 22 21.84
0  14647.22215  16267.39291  13196.35570  -1.4511553  -1.0738089   2.9333645 2026 01 15 19 22 41.84
0  14618.11366  16245.89880  13254.95964  -1.4597193  -1.0755954   2.9270495 2026 01 15 19 23 01.84
0  14588.83395  16224.36928  13313.43699  -1.4682776  -1.0773490   2.9207065 2026 01 15 19 23 21.84
0  14559.38312  16202.80502  13371.78721  -1.4768301  -1.0790696   2.9143356 2026 01 15 19 23 41.84
0  14529.76131  16181.20668  13430.00974  -1.4853766  -1.0807573   2.9079369 2026 01 15 19 24 01.84
0  14499.96863  16159.57492  13488.10401  -1.4939170  -1.0824120   2.9015105 2026 01 15 19 24 21.84
0  14470.00520  16137.91039  13546.06948  -1.5024510  -1.0840338   2.8950563 2026 01 15 19 24 41.84
0  14439.87116  16116.21375  13603.90559  -1.5109786  -1.0856227   2.8885745 2026 01 15 19 25 01.84
0  14409.56664  16094.48567  13661.61178  -1.5194996  -1.0871787   2.8820650 2026 01 15 19 25 21.84
0  14379.09176  16072.72680  13719.18752  -1.5280138  -1.0887017   2.8755281 2026 01 15 19 25 41.84
0  14348.44667  16050.93779  13776.63223  -1.5365210  -1.0901919   2.8689637 2026 01 15 19 26 01.84
0  14317.63150  16029.11931  13833.94539  -1.5450212  -1.0916492   2.8623719 2026 01 15 19 26 21.84
0  14286.64641  16007.27201  13891.12644  -1.5535141  -1.0930736   2.8557527 2026 01 15 19 26 41.84
0  14255.49153  15985.39656  13948.17484  -1.5619995  -1.0944651   2.8491063 2026 01 15 19 27 01.84
0  14224.16702  15963.49360  14005.09003  -1.5704774  -1.0958238   2.8424327 2026 01 15 19 27 21.84
0  14192.67302  15941.56380  14061.87148  -1.5789476  -1.0971496   2.8357319 2026 01 15 19 27 41.84
0  14161.00971  15919.60781  14118.51864  -1.5874099  -1.0984426   2.8290040 2026 01 15 19 28 01.84
0  14129.17722  15897.62629  14175.03098  -1.5958641  -1.0997028   2.8222491 2026 01 15 19 28 21.84
0  14097.17574  15875.61989  14231.40795  -1.6043101  -1.1009302   2.8154672 2026 01 15 19 28 41.84
0  14065.00542  15853.58927  14287.64901  -1.6127478  -1.1021248   2.8086585 2026 01 15 19 29 01.84
0  14032.66643  15831.53509  14343.75363  -1.6211769  -1.1032867   2.8018229 2026 01 15 19 29 21.84
0  14000.15895  15809.45800  14399.72128  -1.6295974  -1.1044157   2.7949606 2026 01 15 19 29 41.84
0  13967.48314  15787.35866  14455.55141  -1.6380090  -1.1055121   2.7880715 2026 01 15 19 30 01.84
0  13934.63920  15765.23772  14511.24349  -1.6464116  -1.1065757   2.7811558 2026 01 15 19 30 21.84
0  13901.62729  15743.09583  14566.79699  -1.6548051  -1.1076067   2.7742136 2026 01 15 19 30 41.84
0  13868.44761  15720.93365  14622.21139  -1.6631892  -1.1086049   2.7672448 2026 01 15 19 31 01.84
0  13835.10034  15698.75183  14677.48614  -1.6715639  -1.1095705   2.7602496 2026 01 15 19 31 21.84
0  13801.58567  15676.55103  14732.62073  -1.6799290  -1.1105035   2.7532281 2026 01 15 19 31 41.84
0  13767.90380  15654.33189  14787.61462  -1.6882843  -1.1114039   2.7461802 2026 01 15 19 32 01.84
0  13734.05492  15632.09507  14842.46730  -1.6966296  -1.1122716   2.7391061 2026 01 15 19 32 21.84
0  13700.03924  15609.84122  14897.17823  -1.7049648  -1.1131068   2.7320058 2026 01 15 19 32 41.84
0  13665.85696  15587.57100  14951.74689  -1.7132898  -1.1139095   2.7248794 2026 01 15 19 33 01.84
0  13631.50827  15565.28505  15006.17277  -1.7216044  -1.1146796   2.7177270 2026 01 15 19 33 21.84
0  13596.99341  15542.98402  15060.45534  -1.7299085  -1.1154173   2.7105486 2026 01 15 19 33 41.84
0  13562.31257  15520.66856  15114.59409  -1.7382018  -1.1161224   2.7033443 2026 01 15 19 34 01.84
0  13527.46597  15498.33932  15168.58849  -1.7464842  -1.1167952   2.6961142 2026 01 15 19 34 21.84
0  13492.45384  15475.99696  15222.43803  -1.7547556  -1.1174355   2.6888583 2026 01 15 19 34 41.84
0  13457.27639  15453.64211  15276.14220  -1.7630158  -1.1180434   2.6815767 2026 01 15 19 35 01.84
0  13421.93385  15431.27543  15329.70048  -1.7712647  -1.1186190   2.6742695 2026 01 15 19 35 21.84
0  13386.42644  15408.89755  15383.11236  -1.7795020  -1.1191622   2.6669368 2026 01 15 19 35 41.84
0  13350.75441  15386.50914  15436.37733  -1.7877277  -1.1196732   2.6595785 2026 01 15 19 36 01.84
0  13314.91798  15364.11083  15489.49488  -1.7959417  -1.1201519   2.6521948 2026 01 15 19 36 21.84
0  13278.91739  15341.70327  15542.46451  -1.8041436  -1.1205983   2.6447858 2026 01 15 19 36 41.84
0  13242.75289  15319.28711  15595.28570  -1.8123334  -1.1210126   2.6373515 2026 01 15 19 37 01.84
0  13206.42471  15296.86298  15647.95796  -1.8205110  -1.1213946   2.6298920 2026 01 15 19 37 21.84
0  13169.93310  15274.43153  15700.48077  -1.8286761  -1.1217446   2.6224074 2026 01 15 19 37 41.84
0  13133.27832  15251.99341  15752.85365  -1.8368287  -1.1220624   2.6148977 2026 01 15 19 38 01.84
0  13096.46062  15229.54924  15805.07608  -1.8449685  -1.1223482   2.6073630 2026 01 15 19 38 21.84
0  13059.48024  15207.09969  15857.14756  -1.8530954  -1.1226019   2.5998034 2026 01 15 19 38 41.84
0  13022.33746  15184.64538  15909.06761  -1.8612093  -1.1228236   2.5922189 2026 01 15 19 39 01.84
0  12985.03254  15162.18695  15960.83572  -1.8693100  -1.1230134   2.5846097 2026 01 15 19 39 21.84
0  12947.56573  15139.72505  16012.45140  -1.8773974  -1.1231713   2.5769757 2026 01 15 19 39 41.84
0  12909.93731  15117.26031  16063.91415  -1.8854712  -1.1232973   2.5693171 2026 01 15 19 40 01.84
0  12872.14755  15094.79337  16115.22349  -1.8935314  -1.1233914   2.5616340 2026 01 15 19 40 21.84
0  12834.19673  15072.32487  16166.37892  -1.9015778  -1.1234537   2.5539263 2026 01 15 19 40 41.84
0  12796.08511  15049.85544  16217.37995  -1.9096103  -1.1234843   2.5461942 2026 01 15 19 41 01.84
0  12757.81299  15027.38571  16268.22610  -1.9176286  -1.1234831   2.5384378 2026 01 15 19 41 21.84
0  12719.38065  15004.91632  16318.91688  -1.9256327  -1.1234503   2.5306572 2026 01 15 19 41 41.84
0  12680.78837  14982.44791  16369.45180  -1.9336223  -1.1233858   2.5228523 2026 01 15 19 42 01.84
0  12642.03644  14959.98110  16419.83039  -1.9415974  -1.1232897   2.5150233 2026 01 15 19 42 21.84
0  12603.12516  14937.51653  16470.05215  -1.9495578  -1.1231621   2.5071702 2026 01 15 19 42 41.84
0  12564.05481  14915.05483  16520.11662  -1.9575033  -1.1230030   2.4992932 2026 01 15 19 43 01.84
0  12524.82571  14892.59663  16570.02330  -1.9654338  -1.1228124   2.4913923 2026 01 15 19 43 21.84
0  12485.43815  14870.14255  16619.77173  -1.9733491  -1.1225904   2.4834675 2026 01 15 19 43 41.84
0  12445.89244  14847.69323  16669.36143  -1.9812492  -1.1223370   2.4755191 2026 01 15 19 44 01.84
0  12406.18888  14825.24928  16718.79193  -1.9891337  -1.1220523   2.4675469 2026 01 15 19 44 21.84
0  12366.32779  14802.81135  16768.06274  -1.9970027  -1.1217363   2.4595511 2026 01 15 19 44 41.84
0  12326.30947  14780.38005  16817.17340  -2.0048558  -1.1213891   2.4515318 2026 01 15 19 45 01.84
0  12286.13425  14757.95600  16866.12345  -2.0126931  -1.1210108   2.4434891 2026 01 15 19 45 21.84
0  12245.80245  14735.53983  16914.91240  -2.0205143  -1.1206013   2.4354230 2026 01 15 19 45 41.84
0  12205.31439  14713.13216  16963.53980  -2.0283193  -1.1201607   2.4273336 2026 01 15 19 46 01.84
0  12164.67039  14690.73362  17012.00519  -2.0361079  -1.1196891   2.4192209 2026 01 15 19 46 21.84
0  12123.87078  14668.34482  17060.30808  -2.0438800  -1.1191865   2.4110852 2026 01 15 19 46 41.84
0  12082.91590  14645.96637  17108.44804  -2.0516355  -1.1186530   2.4029263 2026 01 15 19 47 01.84
0  12041.80607  14623.59891  17156.42458  -2.0593741  -1.1180886   2.3947445 2026 01 15 19 47 21.84
0  12000.54164  14601.24305  17204.23727  -2.0670959  -1.1174934   2.3865398 2026 01 15 19 47 41.84
0  11959.12295  14578.89939  17251.88563  -2.0748005  -1.1168675   2.3783122 2026 01 15 19 48 01.84
0  11917.55034  14556.56856  17299.36921  -2.0824878  -1.1162109   2.3700619 2026 01 15 19 48 21.84
0  11875.82416  14534.25117  17346.68756  -2.0901578  -1.1155236   2.3617889 2026 01 15 19 48 41.84
0  11833.94475  14511.94784  17393.84022  -2.0978103  -1.1148057   2.3534933 2026 01 15 19 49 01.84
0  11791.91247  14489.65916  17440.82675  -2.1054450  -1.1140572   2.3451752 2026 01 15 19 49 21.84
0  11749.72767  14467.38577  17487.64669  -2.1130620  -1.1132783   2.3368346 2026 01 15 19 49 41.84
0  11707.39072  14445.12825  17534.29960  -2.1206609  -1.1124690   2.3284717 2026 01 15 19 50 01.84
0  11664.90197  14422.88722  17580.78502  -2.1282418  -1.1116293   2.3200865 2026 01 15 19 50 21.84
0  11622.26178  14400.66329  17627.10252  -2.1358044  -1.1107593   2.3116791 2026 01 15 19 50 41.84
0  11579.47052  14378.45707  17673.25165  -2.1433485  -1.1098591   2.3032496 2026 01 15 19 51 01.84
0  11536.52857  14356.26915  17719.23198  -2.1508742  -1.1089287   2.2947980 2026 01 15 19 51 21.84
0  11493.43629  14334.10014  17765.04305  -2.1583811  -1.1079682   2.2863245 2026 01 15 19 51 41.84
0  11450.19407  14311.95064  17810.68443  -2.1658692  -1.1069776   2.2778290 2026 01 15 19 52 01.84
0  11406.80227  14289.82125  17856.15569  -2.1733383  -1.1059570   2.2693118 2026 01 15 19 52 21.84
0  11363.26127  14267.71258  17901.45638  -2.1807883  -1.1049065   2.2607729 2026 01 15 19 52 41.84
0  11319.57148  14245.62521  17946.58608  -2.1882190  -1.1038261   2.2522123 2026 01 15 19 53 01.84
0  11275.73326  14223.55975  17991.54436  -2.1956303  -1.1027159   2.2436301 2026 01 15 19 53 21.84
0  11231.74701  14201.51679  18036.33077  -2.2030221  -1.1015760   2.2350265 2026 01 15 19 53 41.84
0  11187.61312  14179.49693  18080.94490  -2.2103942  -1.1004064   2.2264014 2026 01 15 19 54 01.84
0  11143.33199  14157.50075  18125.38632  -2.2177464  -1.0992072   2.2177551 2026 01 15 19 54 21.84
0  11098.90402  14135.52886  18169.65460  -2.2250787  -1.0979785   2.2090875 2026 01 15 19 54 41.84
0  11054.32960  14113.58183  18213.74931  -2.2323908  -1.0967203   2.2003988 2026 01 15 19 55 01.84
0  11009.60914  14091.66026  18257.67005  -2.2396827  -1.0954327   2.1916890 2026 01 15 19 55 21.84
0  10964.74305  14069.76474  18301.41637  -2.2469543  -1.0941158   2.1829582 2026 01 15 19 55 41.84
0  10919.73173  14047.89585  18344.98787  -2.2542052  -1.0927696   2.1742065 2026 01 15 19 56 01.84
0  10874.57560  14026.05418  18388.38413  -2.2614355  -1.0913942   2.1654339 2026 01 15 19 56 21.84
0  10829.27507  14004.24030  18431.60473  -2.2686450  -1.0899897   2.1566407 2026 01 15 19 56 41.84
0  10783.83056  13982.45480  18474.64926  -2.2758336  -1.0885562   2.1478267 2026 01 15 19 57 01.84
0  10738.24249  13960.69827  18517.51731  -2.2830011  -1.0870937   2.1389922 2026 01 15 19 57 21.84
0  10692.51129  13938.97128  18560.20847  -2.2901473  -1.0856022   2.1301372 2026 01 15 19 57 41.84
0  10646.63737  13917.27440  18602.72232  -2.2972722  -1.0840820   2.1212619 2026 01 15 19 58 01.84
0  10600.62117  13895.60821  18645.05845  -2.3043755  -1.0825330   2.1123661 2026 01 15 19 58 21.84
0  10554.46312  13873.97330  18687.21648  -2.3114573  -1.0809553   2.1034502 2026 01 15 19 58 41.84
0  10508.16365  13852.37022  18729.19598  -2.3185173  -1.0793490   2.0945141 2026 01 15 19 59 01.84
0  10461.72321  13830.79956  18770.99656  -2.3255553  -1.0777142   2.0855579 2026 01 15 19 59 21.84
0  10415.14222  13809.26187  18812.61782  -2.3325714  -1.0760509   2.0765817 2026 01 15 19 59 41.84
0  10368.42113  13787.75774  18854.05936  -2.3395652  -1.0743592   2.0675857 2026 01 15 20 00 01.84
0  10321.56039  13766.28772  18895.32078  -2.3465367  -1.0726393   2.0585698 2026 01 15 20 00 21.84
0  10274.56044  13744.85238  18936.40168  -2.3534858  -1.0708911   2.0495342 2026 01 15 20 00 41.84
0  10227.42174  13723.45229  18977.30168  -2.3604124  -1.0691148   2.0404789 2026 01 15 20 01 01.84
0  10180.14474  13702.08801  19018.02037  -2.3673162  -1.0673104   2.0314041 2026 01 15 20 01 21.84
0  10132.72988  13680.76009  19058.55738  -2.3741971  -1.0654780   2.0223098 2026 01 15 20 01 41.84
0  10085.17764  13659.46911  19098.91230  -2.3810551  -1.0636178   2.0131962 2026 01 15 20 02 01.84
0  10037.48847  13638.21560  19139.08477  -2.3878900  -1.0617297   2.0040632 2026 01 15 20 02 21.84
0   9989.66284  13617.00013  19179.07438  -2.3947016  -1.0598139   1.9949110 2026 01 15 20 02 41.84
0   9941.70120  13595.82326  19218.88075  -2.4014898  -1.0578704   1.9857397 2026 01 15 20 03 01.84
0   9893.60404  13574.68553  19258.50351  -2.4082546  -1.0558994   1.9765494 2026 01 15 20 03 21.84
0   9845.37182  13553.58750  19297.94228  -2.4149957  -1.0539008   1.9673401 2026 01 15 20 03 41.84
0   9797.00501  13532.52972  19337.19667  -2.4217130  -1.0518749   1.9581119 2026 01 15 20 04 01.84
0   9748.50410  13511.51272  19376.26631  -2.4284065  -1.0498216   1.9488650 2026 01 15 20 04 21.84
0   9699.86955  13490.53707  19415.15083  -2.4350759  -1.0477411   1.9395994 2026 01 15 20 04 41.84
0   9651.10186  13469.60329  19453.84984  -2.4417212  -1.0456335   1.9303151 2026 01 15 20 05 01.84
0   9602.20151  13448.71194  19492.36299  -2.4483422  -1.0434988   1.9210124 2026 01 15 20 05 21.84
0   9553.16898  13427.86356  19530.68990  -2.4549387  -1.0413371   1.9116912 2026 01 15 20 05 41.84
0   9504.00477  13407.05867  19568.83020  -2.4615108  -1.0391485   1.9023517 2026 01 15 20 06 01.84
0   9454.70936  13386.29783  19606.78354  -2.4680582  -1.0369332   1.8929939 2026 01 15 20 06 21.84
0   9405.28326  13365.58156  19644.54953  -2.4745807  -1.0346911   1.8836180 2026 01 15 20 06 41.84
0   9355.72695  13344.91040  19682.12783  -2.4810784  -1.0324224   1.8742240 2026 01 15 20 07 01.84
0   9306.04093  13324.28488  19719.51806  -2.4875510  -1.0301271   1.8648120 2026 01 15 20 07 21.84
0   9256.22572  13303.70553  19756.71988  -2.4939985  -1.0278055   1.8553821 2026 01 15 20 07 41.84
0   9206.28181  13283.17287  19793.73293  -2.5004206  -1.0254575   1.8459344 2026 01 15 20 08 01.84
0   9156.20972  13262.68744  19830.55684  -2.5068174  -1.0230832   1.8364690 2026 01 15 20 08 21.84
0   9106.00994  13242.24976  19867.19127  -2.5131886  -1.0206827   1.8269860 2026 01 15 20 08 41.84
0   9055.68300  13221.86035  19903.63586  -2.5195341  -1.0182562   1.8174854 2026 01 15 20 09 01.84
0   9005.22940  13201.51972  19939.89027  -2.5258538  -1.0158037   1.8079674 2026 01 15 20 09 21.84
0   8954.64967  13181.22841  19975.95415  -2.5321477  -1.0133253   1.7984320 2026 01 15 20 09 41.84
0   8903.94432  13160.98692  20011.82715  -2.5384155  -1.0108212   1.7888794 2026 01 15 20 10 01.84
0   8853.11388  13140.79577  20047.50892  -2.5446571  -1.0082913   1.7793096 2026 01 15 20 10 21.84
0   8802.15886  13120.65548  20082.99912  -2.5508725  -1.0057358   1.7697227 2026 01 15 20 10 41.84
0   8751.07981  13100.56655  20118.29742  -2.5570614  -1.0031549   1.7601188 2026 01 15 20 11 01.84
0   8699.87724  13080.52949  20153.40348  -2.5632239  -1.0005485   1.7504979 2026 01 15 20 11 21.84
0   8648.55169  13060.54482  20188.31694  -2.5693597  -0.9979168   1.7408603 2026 01 15 20 11 41.84
0   8597.10369  13040.61303  20223.03749  -2.5754687  -0.9952599   1.7312060 2026 01 15 20 12 01.84
0   8545.53378  13020.73463  20257.56479  -2.5815509  -0.9925778   1.7215350 2026 01 15 20 12 21.84
0   8493.84249  13000.91013  20291.89850  -2.5876060  -0.9898708   1.7118475 2026 01 15 20 12 41.84
0   8442.03038  12981.14001  20326.03830  -2.5936341  -0.9871388   1.7021436 2026 01 15 20 13 01.84
0   8390.09797  12961.42478  20359.98386  -2.5996349  -0.9843821   1.6924232 2026 01 15 20 13 21.84
0   8338.04582  12941.76494  20393.73485  -2.6056084  -0.9816006   1.6826867 2026 01 15 20 13 41.84
0   8285.87448  12922.16097  20427.29095  -2.6115544  -0.9787945   1.6729339 2026 01 15 20 14 01.84
0   8233.58449  12902.61336  20460.65183  -2.6174728  -0.9759638   1.6631651 2026 01 15 20 14 21.84
0   8181.17642  12883.12262  20493.81717  -2.6233635  -0.9731088   1.6533803 2026 01 15 20 14 41.84
0   8128.65080  12863.68922  20526.78666  -2.6292265  -0.9702294   1.6435796 2026 01 15 20 15 01.84
0   8076.00821  12844.31365  20559.55998  -2.6350615  -0.9673259   1.6337631 2026 01 15 20 15 21.84
0   8023.24919  12824.99639  20592.13682  -2.6408684  -0.9643982   1.6239308 2026 01 15 20 15 41.84
0   7970.37432  12805.73792  20624.51685  -2.6466472  -0.9614465   1.6140830 2026 01 15 20 16 01.84
0   7917.38416  12786.53873  20656.69977  -2.6523977  -0.9584710   1.6042197 2026 01 15 20 16 21.84
0   7864.27927  12767.39929  20688.68527  -2.6581199  -0.9554716   1.5943409 2026 01 15 20 16 41.84
0   7811.06022  12748.32007  20720.47304  -2.6638135  -0.9524486   1.5844468 2026 01 15 20 17 01.84
0   7757.72759  12729.30155  20752.06278  -2.6694786  -0.9494020   1.5745374 2026 01 15 20 17 21.84
0   7704.28194  12710.34419  20783.45418  -2.6751149  -0.9463319   1.5646129 2026 01 15 20 17 41.84
0   7650.72385  12691.44848  20814.64695  -2.6807224  -0.9432384   1.5546733 2026 01 15 20 18 01.84
0   7597.05390  12672.61486  20845.64077  -2.6863010  -0.9401217   1.5447188 2026 01 15 20 18 21.84
0   7543.27267  12653.84381  20876.43535  -2.6918506  -0.9369818   1.5347494 2026 01 15 20 18 41.84
0   7489.38074  12635.13579  20907.03040  -2.6973709  -0.9338189   1.5247653 2026 01 15 20 19 01.84
0   7435.37870  12616.49126  20937.42562  -2.7028621  -0.9306330   1.5147664 2026 01 15 20 19 21.84
0   7381.26713  12597.91067  20967.62071  -2.7083238  -0.9274243   1.5047530 2026 01 15 20 19 41.84
0   7327.04662  12579.39448  20997.61540  -2.7137561  -0.9241929   1.4947251 2026 01 15 20 20 01.84
0   7272.71775  12560.94315  21027.40938  -2.7191588  -0.9209389   1.4846828 2026 01 15 20 20 21.84
0   7218.28114  12542.55713  21057.00238  -2.7245318  -0.9176624   1.4746263 2026 01 15 20 20 41.84
0   7163.73735  12524.23685  21086.39410  -2.7298750  -0.9143635   1.4645555 2026 01 15 20 21 01.84
0   7109.08701  12505.98278  21115.58426  -2.7351883  -0.9110424   1.4544706 2026 01 15 20 21 21.84
0   7054.33070  12487.79536  21144.57259  -2.7404716  -0.9076991   1.4443717 2026 01 15 20 21 41.84
0   6999.46902  12469.67502  21173.35880  -2.7457248  -0.9043337   1.4342589 2026 01 15 20 22 01.84
0   6944.50258  12451.62220  21201.94262  -2.7509478  -0.9009464   1.4241322 2026 01 15 20 22 21.84
0   6889.43199  12433.63736  21230.32377  -2.7561404  -0.8975373   1.4139919 2026 01 15 20 22 41.84
0   6834.25785  12415.72091  21258.50198  -2.7613027  -0.8941065   1.4038379 2026 01 15 20 23 01.84
0   6778.98076  12397.87329  21286.47697  -2.7664344  -0.8906540   1.3936704 2026 01 15 20 23 21.84
0   6723.60135  12380.09494  21314.24848  -2.7715355  -0.8871802   1.3834894 2026 01 15 20 23 41.84
0   6668.12023  12362.38628  21341.81624  -2.7766059  -0.8836849   1.3732951 2026 01 15 20 24 01.84
0   6612.53800  12344.74774  21369.17997  -2.7816455  -0.8801684   1.3630876 2026 01 15 20 24 21.84
0   6556.85529  12327.17974  21396.33943  -2.7866541  -0.8766308   1.3528669 2026 01 15 20 24 41.84
0   6501.07272  12309.68270  21423.29435  -2.7916317  -0.8730721   1.3426332 2026 01 15 20 25 01.84
0   6445.19091  12292.25704  21450.04446  -2.7965782  -0.8694926   1.3323865 2026 01 15 20 25 21.84
0   6389.21049  12274.90318  21476.58951  -2.8014935  -0.8658923   1.3221270 2026 01 15 20 25 41.84
0   6333.13206  12257.62154  21502.92924  -2.8063774  -0.8622713   1.3118547 2026 01 15 20 26 01.84
0   6276.95628  12240.41252  21529.06340  -2.8112300  -0.8586298   1.3015698 2026 01 15 20 26 21.84
0   6220.68376  12223.27654  21554.99174  -2.8160510  -0.8549679   1.2912723 2026 01 15 20 26 41.84
0   6164.31513  12206.21399  21580.71400  -2.8208405  -0.8512856   1.2809623 2026 01 15 20 27 01.84
0   6107.85104  12189.22530  21606.22994  -2.8255982  -0.8475832   1.2706400 2026 01 15 20 27 21.84
0   6051.29210  12172.31085  21631.53932  -2.8303241  -0.8438607   1.2603054 2026 01 15 20 27 41.84
0   5994.63897  12155.47106  21656.64187  -2.8350182  -0.8401183   1.2499586 2026 01 15 20 28 01.84
0   5937.89227  12138.70631  21681.53738  -2.8396803  -0.8363561   1.2395998 2026 01 15 20 28 21.84
0   5881.05265  12122.01700  21706.22559  -2.8443103  -0.8325741   1.2292289 2026 01 15 20 28 41.84
0   5824.12076  12105.40352  21730.70626  -2.8489081  -0.8287726   1.2188463 2026 01 15 20 29 01.84
0   5767.09723  12088.86628  21754.97916  -2.8534737  -0.8249516   1.2084518 2026 01 15 20 29 21.84
0   5709.98272  12072.40564  21779.04406  -2.8580069  -0.8211113   1.1980456 2026 01 15 20 29 41.84
0   5652.77786  12056.02201  21802.90072  -2.8625077  -0.8172518   1.1876279 2026 01 15 20 30 01.84
0   5595.48331  12039.71575  21826.54891  -2.8669760  -0.8133732   1.1771987 2026 01 15 20 30 21.84
0   5538.09973  12023.48726  21849.98840  -2.8714116  -0.8094757   1.1667581 2026 01 15 20 30 41.84
0   5480.62775  12007.33691  21873.21897  -2.8758146  -0.8055593   1.1563062 2026 01 15 20 31 01.84
0   5423.06805  11991.26507  21896.24039  -2.8801847  -0.8016241   1.1458432 2026 01 15 20 31 21.84
0   5365.42127  11975.27212  21919.05244  -2.8845220  -0.7976704   1.1353690 2026 01 15 20 31 41.84
0   5307.68808  11959.35843  21941.65490  -2.8888263  -0.7936983   1.1248839 2026 01 15 20 32 01.84
0   5249.86913  11943.52437  21964.04754  -2.8930975  -0.7897078   1.1143879 2026 01 15 20 32 21.84
0   5191.96509  11927.77030  21986.23016  -2.8973356  -0.7856991   1.1038811 2026 01 15 20 32 41.84
0   5133.97662  11912.09658  22008.20254  -2.9015405  -0.7816723   1.0933636 2026 01 15 20 33 01.84
0   5075.90439  11896.50358  22029.96446  -2.9057121  -0.7776276   1.0828355 2026 01 15 20 33 21.84
0   5017.74906  11880.99166  22051.51572  -2.9098502  -0.7735650   1.0722969 2026 01 15 20 33 41.84
0   4959.51130  11865.56116  22072.85610  -2.9139549  -0.7694847   1.0617480 2026 01 15 20 34 01.84
0   4901.19178  11850.21244  22093.98540  -2.9180260  -0.7653869   1.0511887 2026 01 15 20 34 21.84
0   4842.79117  11834.94586  22114.90341  -2.9220635  -0.7612716   1.0406193 2026 01 15 20 34 41.84
0   4784.31015  11819.76175  22135.60994  -2.9260673  -0.7571390   1.0300398 2026 01 15 20 35 01.84
0   4725.74940  11804.66047  22156.10477  -2.9300373  -0.7529892   1.0194503 2026 01 15 20 35 21.84
0   4667.10958  11789.64236  22176.38772  -2.9339734  -0.7488223   1.0088509 2026 01 15 20 35 41.84
0   4608.39139  11774.70775  22196.45858  -2.9378755  -0.7446386   0.9982417 2026 01 15 20 36 01.84
0   4549.59549  11759.85698  22216.31716  -2.9417436  -0.7404380   0.9876228 2026 01 15 20 36 21.84
0   4490.72257  11745.09040  22235.96327  -2.9455775  -0.7362208   0.9769944 2026 01 15 20 36 41.84
0   4431.77331  11730.40832  22255.39672  -2.9493773  -0.7319870   0.9663565 2026 01 15 20 37 01.84
0   4372.74840  11715.81108  22274.61732  -2.9531428  -0.7277369   0.9557091 2026 01 15 20 37 21.84
0   4313.64853  11701.29901  22293.62487  -2.9568739  -0.7234704   0.9450525 2026 01 15 20 37 41.84
0   4254.47437  11686.87243  22312.41921  -2.9605706  -0.7191879   0.9343868 2026 01 15 20 38 01.84
0   4195.22663  11672.53166  22331.00013  -2.9642328  -0.7148893   0.9237119 2026 01 15 20 38 21.84
0   4135.90599  11658.27703  22349.36748  -2.9678605  -0.7105748   0.9130281 2026 01 15 20 38 41.84
0   4076.51314  11644.10884  22367.52105  -2.9714535  -0.7062447   0.9023354 2026 01 15 20 39 01.84
0   4017.04878  11630.02740  22385.46069  -2.9750117  -0.7018989   0.8916339 2026 01 15 20 39 21.84
0   3957.51361  11616.03304  22403.18621  -2.9785352  -0.6975376   0.8809237 2026 01 15 20 39 41.84
0   3897.90831  11602.12606  22420.69744  -2.9820238  -0.6931610   0.8702050 2026 01 15 20 40 01.84
0   3838.23359  11588.30677  22437.99422  -2.9854775  -0.6887692   0.8594778 2026 01 15 20 40 21.84
0   3778.49015  11574.57546  22455.07636  -2.9888961  -0.6843623   0.8487422 2026 01 15 20 40 41.84
0   3718.67868  11560.93243  22471.94372  -2.9922797  -0.6799405   0.8379984 2026 01 15 20 41 01.84
0   3658.79989  11547.37800  22488.59611  -2.9956281  -0.6755039   0.8272464 2026 01 15 20 41 21.84
0   3598.85449  11533.91244  22505.03339  -2.9989413  -0.6710526   0.8164863 2026 01 15 20 41 41.84
0   3538.84318  11520.53605  22521.25538  -3.0022193  -0.6665868   0.8057183 2026 01 15 20 42 01.84
0   3478.76666  11507.24912  22537.26194  -3.0054618  -0.6621066   0.7949424 2026 01 15 20 42 21.84
0   3418.62564  11494.05194  22553.05290  -3.0086690  -0.6576122   0.7841588 2026 01 15 20 42 41.84
0   3358.42084  11480.94479  22568.62812  -3.0118407  -0.6531036   0.7733675 2026 01 15 20 43 01.84
0   3298.15296  11467.92795  22583.98743  -3.0149768  -0.6485811   0.7625687 2026 01 15 20 43 21.84
0   3237.82271  11455.00170  22599.13069  -3.0180773  -0.6440447   0.7517624 2026 01 15 20 43 41.84
0   3177.43081  11442.16631  22614.05776  -3.0211422  -0.6394946   0.7409487 2026 01 15 20 44 01.84
0   3116.97796  11429.42207  22628.76848  -3.0241713  -0.6349310   0.7301279 2026 01 15 20 44 21.84
0   3056.46490  11416.76923  22643.26271  -3.0271646  -0.6303539   0.7192998 2026 01 15 20 44 41.84
0   2995.89233  11404.20806  22657.54031  -3.0301220  -0.6257636   0.7084648 2026 01 15 20 45 01.84
0   2935.26097  11391.73883  22671.60115  -3.0330435  -0.6211600   0.6976228 2026 01 15 20 45 21.84
0   2874.57153  11379.36181  22685.44507  -3.0359290  -0.6165435   0.6867740 2026 01 15 20 45 41.84
0   2813.82475  11367.07724  22699.07195  -3.0387785  -0.6119141   0.6759184 2026 01 15 20 46 01.84
0   2753.02134  11354.88539  22712.48166  -3.0415918  -0.6072720   0.6650563 2026 01 15 20 46 21.84
0   2692.16203  11342.78651  22725.67406  -3.0443690  -0.6026173   0.6541876 2026 01 15 20 46 41.84
0   2631.24753  11330.78085  22738.64902  -3.0471100  -0.5979501   0.6433125 2026 01 15 20 47 01.84
0   2570.27858  11318.86865  22751.40641  -3.0498147  -0.5932706   0.6324310 2026 01 15 20 47 21.84
0   2509.25589  11307.05017  22763.94612  -3.0524830  -0.5885790   0.6215434 2026 01 15 20 47 41.84
0   2448.18020  11295.32564  22776.26801  -3.0551150  -0.5838753   0.6106496 2026 01 15 20 48 01.84
0   2387.05224  11283.69530  22788.37197  -3.0577105  -0.5791597   0.5997499 2026 01 15 20 48 21.84
0   2325.87274  11272.15939  22800.25788  -3.0602695  -0.5744324   0.5888442 2026 01 15 20 48 41.84
0   2264.64242  11260.71814  22811.92561  -3.0627920  -0.5696935   0.5779328 2026 01 15 20 49 01.84
0   2203.36201  11249.37179  22823.37506  -3.0652778  -0.5649431   0.5670156 2026 01 15 20 49 21.84
0   2142.03226  11238.12056  22834.60611  -3.0677270  -0.5601814   0.5560929 2026 01 15 20 49 41.84
0   2080.65389  11226.96467  22845.61865  -3.0701395  -0.5554085   0.5451647 2026 01 15 20 50 01.84
0   2019.22763  11215.90436  22856.41258  -3.0725152  -0.5506246   0.5342311 2026 01 15 20 50 21.84
0   1957.75424  11204.93983  22866.98778  -3.0748540  -0.5458298   0.5232922 2026 01 15 20 50 41.84
0   1896.23443  11194.07130  22877.34415  -3.0771561  -0.5410243   0.5123481 2026 01 15 20 51 01.84
0   1834.66895  11183.29899  22887.48159  -3.0794212  -0.5362081   0.5013990 2026 01 15 20 51 21.84
0   1773.05854  11172.62311  22897.40000  -3.0816493  -0.5313815   0.4904449 2026 01 15 20 51 41.84
0   1711.40394  11162.04387  22907.09928  -3.0838404  -0.5265446   0.4794860 2026 01 15 20 52 01.84
0   1649.70588  11151.56146  22916.57934  -3.0859945  -0.5216974   0.4685222 2026 01 15 20 52 21.84
0   1587.96512  11141.17610  22925.84007  -3.0881114  -0.5168403   0.4575539 2026 01 15 20 52 41.84
0   1526.18238  11130.88798  22934.88139  -3.0901913  -0.5119733   0.4465810 2026 01 15 20 53 01.84
0   1464.35843  11120.69730  22943.70321  -3.0922339  -0.5070965   0.4356036 2026 01 15 20 53 21.84
0   1402.49399  11110.60425  22952.30544  -3.0942392  -0.5022102   0.4246219 2026 01 15 20 53 41.84
0   1340.58982  11100.60902  22960.68800  -3.0962073  -0.4973144   0.4136360 2026 01 15 20 54 01.84
0   1278.64666  11090.71180  22968.85079  -3.0981381  -0.4924093   0.4026459 2026 01 15 20 54 21.84
0   1216.66526  11080.91278  22976.79375  -3.1000315  -0.4874950   0.3916518 2026 01 15 20 54 41.84
0   1154.64636  11071.21213  22984.51678  -3.1018875  -0.4825717   0.3806538 2026 01 15 20 55 01.84
0   1092.59072  11061.61003  22992.01982  -3.1037060  -0.4776396   0.3696519 2026 01 15 20 55 21.84
0   1030.49908  11052.10667  22999.30278  -3.1054871  -0.4726987   0.3586464 2026 01 15 20 55 41.84
0    968.37220  11042.70221  23006.36560  -3.1072306  -0.4677493   0.3476372 2026 01 15 20 56 01.84
0    906.21083  11033.39682  23013.20820  -3.1089365  -0.4627914   0.3366246 2026 01 15 20 56 21.84
0    844.01571  11024.19067  23019.83051  -3.1106049  -0.4578253   0.3256085 2026 01 15 20 56 41.84
0    781.78760  11015.08393  23026.23247  -3.1122356  -0.4528510   0.3145892 2026 01 15 20 57 01.84
0    719.52725  11006.07675  23032.41401  -3.1138286  -0.4478687   0.3035666 2026 01 15 20 57 21.84
0    657.23542  10997.16930  23038.37507  -3.1153839  -0.4428786   0.2925410 2026 01 15 20 57 41.84
0    594.91286  10988.36172  23044.11559  -3.1169014  -0.4378808   0.2815124 2026 01 15 20 58 01.84
0    532.56033  10979.65418  23049.63551  -3.1183812  -0.4328755   0.2704809 2026 01 15 20 58 21.84
0    470.17858  10971.04682  23054.93477  -3.1198231  -0.4278627   0.2594467 2026 01 15 20 58 41.84
0    407.76837  10962.53979  23060.01332  -3.1212272  -0.4228427   0.2484098 2026 01 15 20 59 01.84
0    345.33046  10954.13323  23064.87111  -3.1225934  -0.4178156   0.2373703 2026 01 15 20 59 21.84
0    282.86561  10945.82728  23069.50808  -3.1239217  -0.4127816   0.2263284 2026 01 15 20 59 41.84
0    220.37456  10937.62208  23073.92420  -3.1252120  -0.4077407   0.2152841 2026 01 15 21 00 01.84
0    157.85809  10929.51776  23078.11941  -3.1264644  -0.4026932   0.2042376 2026 01 15 21 00 21.84
0     95.31696  10921.51446  23082.09366  -3.1276787  -0.3976392   0.1931889 2026 01 15 21 00 41.84
0     32.75192  10913.61230  23085.84693  -3.1288550  -0.3925788   0.1821383 2026 01 15 21 01 01.84
0    -29.83627  10905.81142  23089.37916  -3.1299933  -0.3875122   0.1710856 2026 01 15 21 01 21.84
0    -92.44684  10898.11193  23092.69032  -3.1310934  -0.3824395   0.1600312 2026 01 15 21 01 41.84
0   -155.07904  10890.51395  23095.78037  -3.1321555  -0.3773609   0.1489751 2026 01 15 21 02 01.84
0   -217.73209  10883.01759  23098.64929  -3.1331793  -0.3722766   0.1379173 2026 01 15 21 02 21.84
0   -280.40524  10875.62299  23101.29704  -3.1341651  -0.3671866   0.1268580 2026 01 15 21 02 41.84
0   -343.09772  10868.33023  23103.72359  -3.1351126  -0.3620912   0.1157974 2026 01 15 21 03 01.84
0   -405.80877  10861.13944  23105.92892  -3.1360219  -0.3569905   0.1047354 2026 01 15 21 03 21.84
0   -468.53763  10854.05072  23107.91299  -3.1368930  -0.3518846   0.0936722 2026 01 15 21 03 41.84
0   -531.28352  10847.06416  23109.67579  -3.1377258  -0.3467737   0.0826080 2026 01 15 21 04 01.84
0   -594.04569  10840.17987  23111.21730  -3.1385203  -0.3416579   0.0715428 2026 01 15 21 04 21.84
0   -656.82336  10833.39794  23112.53749  -3.1392765  -0.3365374   0.0604767 2026 01 15 21 04 41.84
0   -719.61577  10826.71847  23113.63636  -3.1399944  -0.3314123   0.0494098 2026 01 15 21 05 01.84
0   -782.42216  10820.14155  23114.51388  -3.1406739  -0.3262828   0.0383423 2026 01 15 21 05 21.84
0   -845.24176  10813.66726  23115.17005  -3.1413151  -0.3211490   0.0272742 2026 01 15 21 05 41.84
0   -908.07379  10807.29568  23115.60485  -3.1419179  -0.3160112   0.0162057 2026 01 15 21 06 01.84
0   -970.91750  10801.02691  23115.81828  -3.1424823  -0.3108693   0.0051368 2026 01 15 21 06 21.84
0  -1033.77211  10794.86101  23115.81033  -3.1430082  -0.3057237  -0.0059323 2026 01 15 21 06 41.84
0  -1096.63685  10788.79805  23115.58099  -3.1434958  -0.3005743  -0.0170016 2026 01 15 21 07 01.84
0  -1159.51096  10782.83812  23115.13027  -3.1439449  -0.2954215  -0.0280709 2026 01 15 21 07 21.84
0  -1222.39367  10776.98129  23114.45817  -3.1443555  -0.2902653  -0.0391401 2026 01 15 21 07 41.84
0  -1285.28421  10771.22760  23113.56469  -3.1447277  -0.2851059  -0.0502091 2026 01 15 21 08 01.84
0  -1348.18180  10765.57714  23112.44983  -3.1450613  -0.2799434  -0.0612778 2026 01 15 21 08 21.84
0  -1411.08569  10760.02996  23111.11360  -3.1453565  -0.2747780  -0.0723462 2026 01 15 21 08 41.84
0  -1473.99509  10754.58611  23109.55600  -3.1456131  -0.2696099  -0.0834140 2026 01 15 21 09 01.84
0  -1536.90924  10749.24565  23107.77706  -3.1458313  -0.2644391  -0.0944813 2026 01 15 21 09 21.84
0  -1599.82736  10744.00863  23105.77678  -3.1460108  -0.2592659  -0.1055478 2026 01 15 21 09 41.84
0  -1662.74870  10738.87510  23103.55518  -3.1461519  -0.2540903  -0.1166135 2026 01 15 21 10 01.84
0  -1725.67247  10733.84510  23101.11228  -3.1462544  -0.2489126  -0.1276783 2026 01 15 21 10 21.84
0  -1788.59790  10728.91868  23098.44809  -3.1463183  -0.2437330  -0.1387421 2026 01 15 21 10 41.84
0  -1851.52422  10724.09586  23095.56263  -3.1463437  -0.2385514  -0.1498047 2026 01 15 21 11 01.84
0  -1914.45067  10719.37670  23092.45594  -3.1463305  -0.2333682  -0.1608661 2026 01 15 21 11 21.84
0  -1977.37647  10714.76122  23089.12803  -3.1462787  -0.2281833  -0.1719262 2026 01 15 21 11 41.84
0  -2040.30084  10710.24945  23085.57894  -3.1461884  -0.2229971  -0.1829848 2026 01 15 21 12 01.84
0  -2103.22303  10705.84141  23081.80869  -3.1460594  -0.2178097  -0.1940418 2026 01 15 21 12 21.84
0  -2166.14225  10701.53714  23077.81732  -3.1458918  -0.2126211  -0.2050972 2026 01 15 21 12 41.84
0  -2229.05773  10697.33664  23073.60486  -3.1456857  -0.2074316  -0.2161508 2026 01 15 21 13 01.84
0  -2291.96870  10693.23995  23069.17134  -3.1454410  -0.2022413  -0.2272026 2026 01 15 21 13 21.84
0  -2354.87439  10689.24706  23064.51681  -3.1451576  -0.1970504  -0.2382524 2026 01 15 21 13 41.84
0  -2417.77403  10685.35800  23059.64131  -3.1448357  -0.1918590  -0.2493001 2026 01 15 21 14 01.84
0  -2480.66684  10681.57278  23054.54487  -3.1444752  -0.1866672  -0.2603456 2026 01 15 21 14 21.84
0  -2543.55206  10677.89139  23049.22755  -3.1440760  -0.1814752  -0.2713888 2026 01 15 21 14 41.84
0  -2606.42891  10674.31384  23043.68939  -3.1436383  -0.1762832  -0.2824296 2026 01 15 21 15 01.84
0  -2669.29662  10670.84013  23037.93044  -3.1431620  -0.1710913  -0.2934679 2026 01 15 21 15 21.84
0  -2732.15441  10667.47026  23031.95075  -3.1426470  -0.1658997  -0.3045036 2026 01 15 21 15 41.84
0  -2795.00152  10664.20421  23025.75038  -3.1420935  -0.1607085  -0.3155366 2026 01 15 21 16 01.84
0  -2857.83718  10661.04198  23019.32937  -3.1415014  -0.1555178  -0.3265668 2026 01 15 21 16 21.84
0  -2920.66061  10657.98356  23012.68779  -3.1408708  -0.1503279  -0.3375940 2026 01 15 21 16 41.84
0  -2983.47104  10655.02893  23005.82569  -3.1402015  -0.1451389  -0.3486182 2026 01 15 21 17 01.84
0  -3046.26769  10652.17807  22998.74315  -3.1394937  -0.1399508  -0.3596393 2026 01 15 21 17 21.84
0  -3109.04981  10649.43096  22991.44021  -3.1387474  -0.1347640  -0.3706571 2026 01 15 21 17 41.84
0  -3171.81661  10646.78758  22983.91696  -3.1379624  -0.1295784  -0.3816716 2026 01 15 21 18 01.84
0  -3234.56733  10644.24789  22976.17345  -3.1371390  -0.1243944  -0.3926826 2026 01 15 21 18 21.84
0  -3297.30120  10641.81186  22968.20975  -3.1362770  -0.1192119  -0.4036901 2026 01 15 21 18 41.84
0  -3360.01744  10639.47947  22960.02595  -3.1353765  -0.1140313  -0.4146939 2026 01 15 21 19 01.84
0  -3422.71529  10637.25067  22951.62210  -3.1344375  -0.1088525  -0.4256939 2026 01 15 21 19 21.84
0  -3485.39397  10635.12543  22942.99830  -3.1334599  -0.1036759  -0.4366901 2026 01 15 21 19 41.84
0  -3548.05271  10633.10369  22934.15461  -3.1324439  -0.0985014  -0.4476823 2026 01 15 21 20 01.84
0  -3610.69075  10631.18543  22925.09112  -3.1313894  -0.0933294  -0.4586704 2026 01 15 21 20 21.84
0  -3673.30732  10629.37057  22915.80791  -3.1302965  -0.0881599  -0.4696543 2026 01 15 21 20 41.84
0  -3735.90164  10627.65908  22906.30506  -3.1291651  -0.0829930  -0.4806339 2026 01 15 21 21 01.84
0  -3798.47295  10626.05090  22896.58267  -3.1279953  -0.0778291  -0.4916091 2026 01 15 21 21 21.84
0  -3861.02048  10624.54597  22886.64082  -3.1267870  -0.0726680  -0.5025798 2026 01 15 21 21 41.84
0  -3923.54346  10623.14423  22876.47960  -3.1255404  -0.0675102  -0.5135459 2026 01 15 21 22 01.84
0  -3986.04112  10621.84562  22866.09911  -3.1242554  -0.0623556  -0.5245073 2026 01 15 21 22 21.84
0  -4048.51270  10620.65006  22855.49944  -3.1229320  -0.0572044  -0.5354639 2026 01 15 21 22 41.84
0  -4110.95743  10619.55749  22844.68069  -3.1215703  -0.0520568  -0.5464155 2026 01 15 21 23 01.84
0  -4173.37454  10618.56783  22833.64295  -3.1201702  -0.0469130  -0.5573621 2026 01 15 21 23 21.84
0  -4235.76327  10617.68102  22822.38634  -3.1187319  -0.0417731  -0.5683036 2026 01 15 21 23 41.84
0  -4298.12285  10616.89696  22810.91095  -3.1172553  -0.0366372  -0.5792399 2026 01 15 21 24 01.84
0  -4360.45251  10616.21557  22799.21689  -3.1157404  -0.0315054  -0.5901708 2026 01 15 21 24 21.84
0  -4422.75150  10615.63678  22787.30427  -3.1141872  -0.0263780  -0.6010962 2026 01 15 21 24 41.84
0  -4485.01903  10615.16049  22775.17319  -3.1125959  -0.0212551  -0.6120161 2026 01 15 21 25 01.84
0  -4547.25436  10614.78662  22762.82377  -3.1109664  -0.0161369  -0.6229304 2026 01 15 21 25 21.84
0  -4609.45672  10614.51506  22750.25613  -3.1092987  -0.0110234  -0.6338388 2026 01 15 21 25 41.84
0  -4671.62534  10614.34572  22737.47037  -3.1075928  -0.0059149  -0.6447415 2026 01 15 21 26 01.84
0  -4733.75947  10614.27850  22724.46663  -3.1058489  -0.0008114  -0.6556381 2026 01 15 21 26 21.84
0  -4795.85833  10614.31330  22711.24501  -3.1040668   0.0042868  -0.6665287 2026 01 15 21 26 41.84
0  -4857.92117  10614.45001  22697.80565  -3.1022467   0.0093796  -0.6774131 2026 01 15 21 27 01.84
0  -4919.94724  10614.68852  22684.14866  -3.1003886   0.0144669  -0.6882912 2026 01 15 21 27 21.84
0  -4981.93575  10615.02873  22670.27417  -3.0984925   0.0195485  -0.6991629 2026 01 15 21 27 41.84
0  -5043.88597  10615.47050  22656.18231  -3.0965584   0.0246243  -0.7100281 2026 01 15 21 28 01.84
0  -5105.79712  10616.01373  22641.87322  -3.0945863   0.0296941  -0.7208867 2026 01 15 21 28 21.84
0  -5167.66846  10616.65830  22627.34702  -3.0925763   0.0347578  -0.7317387 2026 01 15 21 28 41.84
0  -5229.49921  10617.40408  22612.60385  -3.0905285   0.0398152  -0.7425838 2026 01 15 21 29 01.84
0  -5291.28863  10618.25094  22597.64385  -3.0884428   0.0448662  -0.7534220 2026 01 15 21 29 21.84
0  -5353.03596  10619.19876  22582.46716  -3.0863193   0.0499106  -0.7642532 2026 01 15 21 29 41.84
0  -5414.74045  10620.24739  22567.07391  -3.0841580   0.0549483  -0.7750773 2026 01 15 21 30 01.84
0  -5476.40132  10621.39671  22551.46426  -3.0819590   0.0599791  -0.7858942 2026 01 15 21 30 21.84
0  -5538.01784  10622.64658  22535.63834  -3.0797223   0.0650029  -0.7967037 2026 01 15 21 30 41.84
0  -5599.58925  10623.99686  22519.59630  -3.0774478   0.0700195  -0.8075058 2026 01 15 21 31 01.84
0  -5661.11480  10625.44739  22503.33830  -3.0751358   0.0750288  -0.8183004 2026 01 15 21 31 21.84
0  -5722.59373  10626.99804  22486.86449  -3.0727862   0.0800307  -0.8290874 2026 01 15 21 31 41.84
0  -5784.02529  10628.64864  22470.17501  -3.0703989   0.0850250  -0.8398666 2026 01 15 21 32 01.84
0  -5845.40873  10630.39906  22453.27003  -3.0679742   0.0900115  -0.8506380 2026 01 15 21 32 21.84
0  -5906.74330  10632.24912  22436.14970  -3.0655120   0.0949901  -0.8614014 2026 01 15 21 32 41.84
0  -5968.02825  10634.19868  22418.81419  -3.0630124   0.0999606  -0.8721568 2026 01 15 21 33 01.84
0  -6029.26284  10636.24757  22401.26364  -3.0604753   0.1049230  -0.8829040 2026 01 15 21 33 21.84
0  -6090.44631  10638.39562  22383.49824  -3.0579009   0.1098770  -0.8936430 2026 01 15 21 33 41.84
0  -6151.57792  10640.64266  22365.51814  -3.0552892   0.1148225  -0.9043736 2026 01 15 21 34 01.84
0  -6212.65692  10642.98854  22347.32352  -3.0526402   0.1197594  -0.9150958 2026 01 15 21 34 21.84
0  -6273.68257  10645.43306  22328.91454  -3.0499539   0.1246876  -0.9258094 2026 01 15 21 34 41.84
0  -6334.65412  10647.97605  22310.29137  -3.0472305   0.1296068  -0.9365143 2026 01 15 21 35 01.84
0  -6395.57084  10650.61734  22291.45420  -3.0444700   0.1345169  -0.9472105 2026 01 15 21 35 21.84
0  -6456.43197  10653.35674  22272.40319  -3.0416723   0.1394178  -0.9578977 2026 01 15 21 35 41.84
0  -6517.23678  10656.19407  22253.13852  -3.0388376   0.1443094  -0.9685761 2026 01 15 21 36 01.84
0  -6577.98453  10659.12913  22233.66038  -3.0359659   0.1491915  -0.9792453 2026 01 15 21 36 21.84
0  -6638.67447  10662.16174  22213.96895  -3.0330573   0.1540639  -0.9899054 2026 01 15 21 36 41.84
0  -6699.30587  10665.29170  22194.06441  -3.0301117   0.1589265  -1.0005561 2026 01 15 21 37 01.84
0  -6759.87799  10668.51881  22173.94695  -3.0271293   0.1637792  -1.0111975 2026 01 15 21 37 21.84
0  -6820.39009  10671.84287  22153.61676  -3.0241101   0.1686218  -1.0218294 2026 01 15 21 37 41.84
0  -6880.84145  10675.26369  22133.07402  -3.0210542   0.1734542  -1.0324518 2026 01 15 21 38 01.84
0  -6941.23132  10678.78105  22112.31894  -3.0179615   0.1782762  -1.0430644 2026 01 15 21 38 21.84
0  -7001.55896  10682.39474  22091.35170  -3.0148322   0.1830877  -1.0536672 2026 01 15 21 38 41.84
0  -7061.82366  10686.10456  22070.17251  -3.0116663   0.1878886  -1.0642602 2026 01 15 21 39 01.84
0  -7122.02467  10689.91029  22048.78156  -3.0084639   0.1926787  -1.0748431 2026 01 15 21 39 21.84
0  -7182.16127  10693.81171  22027.17905  -3.0052250   0.1974578  -1.0854160 2026 01 15 21 39 41.84
0  -7242.23273  10697.80860  22005.36518  -3.0019496   0.2022258  -1.0959786 2026 01 15 21 40 01.84
0  -7302.23832  10701.90075  21983.34017  -2.9986379   0.2069827  -1.1065310 2026 01 15 21 40 21.84
0  -7362.17731  10706.08791  21961.10422  -2.9952898   0.2117281  -1.1170729 2026 01 15 21 40 41.84
0  -7422.04897  10710.36987  21938.65753  -2.9919055   0.2164621  -1.1276044 2026 01 15 21 41 01.84
0  -7481.85259  10714.74639  21916.00032  -2.9884850   0.2211844  -1.1381252 2026 01 15 21 41 21.84
0  -7541.58743  10719.21725  21893.13280  -2.9850283   0.2258949  -1.1486353 2026 01 15 21 41 41.84
0  -7601.25278  10723.78219  21870.05519  -2.9815356   0.2305935  -1.1591346 2026 01 15 21 42 01.84
0  -7660.84792  10728.44098  21846.76770  -2.9780068   0.2352801  -1.1696231 2026 01 15 21 42 21.84
0  -7720.37212  10733.19339  21823.27055  -2.9744420   0.2399544  -1.1801005 2026 01 15 21 42 41.84
0  -7779.82467  10738.03915  21799.56397  -2.9708414   0.2446164  -1.1905668 2026 01 15 21 43 01.84
0  -7839.20485  10742.97804  21775.64817  -2.9672049   0.2492659  -1.2010218 2026 01 15 21 43 21.84
0  -7898.51193  10748.00978  21751.52339  -2.9635326   0.2539027  -1.2114656 2026 01 15 21 43 41.84
0  -7957.74522  10753.13414  21727.18985  -2.9598246   0.2585268  -1.2218980 2026 01 15 21 44 01.84
0  -8016.90399  10758.35085  21702.64777  -2.9560810   0.2631380  -1.2323188 2026 01 15 21 44 21.84
0  -8075.98753  10763.65965  21677.89739  -2.9523017   0.2677362  -1.2427281 2026 01 15 21 44 41.84
0  -8134.99513  10769.06028  21652.93895  -2.9484870   0.2723211  -1.2531256 2026 01 15 21 45 01.84
0  -8193.92608  10774.55249  21627.77268  -2.9446368   0.2768928  -1.2635113 2026 01 15 21 45 21.84
0  -8252.77968  10780.13598  21602.39881  -2.9407512   0.2814510  -1.2738851 2026 01 15 21 45 41.84
0  -8311.55520  10785.81051  21576.81759  -2.9368302   0.2859956  -1.2842469 2026 01 15 21 46 01.84
0  -8370.25196  10791.57579  21551.02925  -2.9328740   0.2905264  -1.2945966 2026 01 15 21 46 21.84
0  -8428.86924  10797.43156  21525.03404  -2.9288826   0.2950434  -1.3049340 2026 01 15 21 46 41.84
0  -8487.40634  10803.37752  21498.83221  -2.9248561   0.2995464  -1.3152592 2026 01 15 21 47 01.84
0  -8545.86257  10809.41340  21472.42400  -2.9207946   0.3040353  -1.3255719 2026 01 15 21 47 21.84
0  -8604.23721  10815.53891  21445.80966  -2.9166981   0.3085098  -1.3358721 2026 01 15 21 47 41.84
0  -8662.52957  10821.75377  21418.98944  -2.9125666   0.3129700  -1.3461597 2026 01 15 21 48 01.84
0  -8720.73896  10828.05769  21391.96360  -2.9084004   0.3174156  -1.3564347 2026 01 15 21 48 21.84
0  -8778.86467  10834.45038  21364.73239  -2.9041993   0.3218465  -1.3666968 2026 01 15 21 48 41.84
0  -8836.90601  10840.93153  21337.29606  -2.8999636   0.3262626  -1.3769459 2026 01 15 21 49 01.84
0  -8894.86230  10847.50086  21309.65489  -2.8956933   0.3306638  -1.3871821 2026 01 15 21 49 21.84
0  -8952.73283  10854.15807  21281.80912  -2.8913884   0.3350499  -1.3974052 2026 01 15 21 49 41.84
0  -9010.51692  10860.90284  21253.75902  -2.8870491   0.3394207  -1.4076151 2026 01 15 21 50 01.84
0  -9068.21388  10867.73487  21225.50486  -2.8826753   0.3437762  -1.4178117 2026 01 15 21 50 21.84
0  -9125.82303  10874.65386  21197.04690  -2.8782673   0.3481162  -1.4279948 2026 01 15 21 50 41.84
0  -9183.34367  10881.65950  21168.38542  -2.8738250   0.3524406  -1.4381645 2026 01 15 21 51 01.84
0  -9240.77512  10888.75146  21139.52068  -2.8693485   0.3567493  -1.4483206 2026 01 15 21 51 21.84
0  -9298.11670  10895.92944  21110.45295  -2.8648380   0.3610420  -1.4584630 2026 01 15 21 51 41.84
0  -9355.36773  10903.19312  21081.18251  -2.8602935   0.3653188  -1.4685916 2026 01 15 21 52 01.84
0  -9412.52754  10910.54217  21051.70965  -2.8557151   0.3695794  -1.4787063 2026 01 15 21 52 21.84
0  -9469.59543  10917.97626  21022.03462  -2.8511028   0.3738237  -1.4888070 2026 01 15 21 52 41.84
0  -9526.57075  10925.49509  20992.15773  -2.8464567   0.3780516  -1.4988937 2026 01 15 21 53 01.84
0  -9583.45280  10933.09830  20962.07925  -2.8417770   0.3822630  -1.5089661 2026 01 15 21 53 21.84
0  -9640.24092  10940.78558  20931.79946  -2.8370637   0.3864577  -1.5190243 2026 01 15 21 53 41.84
0  -9696.93445  10948.55658  20901.31865  -2.8323168   0.3906357  -1.5290681 2026 01 15 21 54 01.84
0  -9753.53270  10956.41097  20870.63711  -2.8275365   0.3947966  -1.5390974 2026 01 15 21 54 21.84
0  -9810.03501  10964.34841  20839.75513  -2.8227229   0.3989406  -1.5491122 2026 01 15 21 54 41.84
0  -9866.44072  10972.36856  20808.67300  -2.8178760   0.4030673  -1.5591123 2026 01 15 21 55 01.84
0  -9922.74916  10980.47107  20777.39102  -2.8129960   0.4071768  -1.5690976 2026 01 15 21 55 21.84
0  -9978.95967  10988.65560  20745.90949  -2.8080828   0.4112688  -1.5790681 2026 01 15 21 55 41.84
0 -10035.07159  10996.92179  20714.22869  -2.8031367   0.4153432  -1.5890236 2026 01 15 21 56 01.84
0 -10091.08425  11005.26929  20682.34893  -2.7981576   0.4194000  -1.5989640 2026 01 15 21 56 21.84
0 -10146.99700  11013.69775  20650.27052  -2.7931457   0.4234389  -1.6088893 2026 01 15 21 56 41.84
0 -10202.80919  11022.20681  20617.99376  -2.7881011   0.4274599  -1.6187994 2026 01 15 21 57 01.84
0 -10258.52016  11030.79611  20585.51894  -2.7830238   0.4314628  -1.6286941 2026 01 15 21 57 21.84
0 -10314.12926  11039.46529  20552.84639  -2.7779139   0.4354476  -1.6385734 2026 01 15 21 57 41.84
0 -10369.63584  11048.21397  20519.97641  -2.7727716   0.4394140  -1.6484372 2026 01 15 21 58 01.84
0 -10425.03924  11057.04181  20486.90931  -2.7675969   0.4433619  -1.6582853 2026 01 15 21 58 21.84
0 -10480.33883  11065.94841  20453.64541  -2.7623899   0.4472913  -1.6681177 2026 01 15 21 58 41.84
0 -10535.53396  11074.93342  20420.18501  -2.7571507   0.4512020  -1.6779343 2026 01 15 21 59 01.84
0 -10590.62398  11083.99645  20386.52845  -2.7518794   0.4550939  -1.6877350 2026 01 15 21 59 21.84
0 -10645.60826  11093.13713  20352.67603  -2.7465761   0.4589668  -1.6975197 2026 01 15 21 59 41.84
0 -10700.48615  11102.35508  20318.62808  -2.7412409   0.4628207  -1.7072883 2026 01 15 22 00 01.84
0 -10755.25703  11111.64992  20284.38492  -2.7358739   0.4666554  -1.7170406 2026 01 15 22 00 21.84
0 -10809.92024  11121.02125  20249.94687  -2.7304751   0.4704708  -1.7267767 2026 01 15 22 00 41.84
0 -10864.47516  11130.46870  20215.31427  -2.7250447   0.4742668  -1.7364964 2026 01 15 22 01 01.84
0 -10918.92116  11139.99188  20180.48744  -2.7195827   0.4780432  -1.7461997 2026 01 15 22 01 21.84
0 -10973.25760  11149.59039  20145.46672  -2.7140894   0.4818000  -1.7558863 2026 01 15 22 01 41.84
0 -11027.48387  11159.26383  20110.25242  -2.7085646   0.4855369  -1.7655563 2026 01 15 22 02 01.84
0 -11081.59932  11169.01182  20074.84490  -2.7030087   0.4892540  -1.7752096 2026 01 15 22 02 21.84
0 -11135.60335  11178.83394  20039.24448  -2.6974216   0.4929510  -1.7848459 2026 01 15 22 02 41.84
0 -11189.49532  11188.72981  20003.45150  -2.6918034   0.4966279  -1.7944654 2026 01 15 22 03 01.84
0 -11243.27463  11198.69901  19967.46631  -2.6861543   0.5002846  -1.8040678 2026 01 15 22 03 21.84
0 -11296.94064  11208.74114  19931.28923  -2.6804744   0.5039208  -1.8136530 2026 01 15 22 03 41.84
0 -11350.49275  11218.85579  19894.92063  -2.6747637   0.5075366  -1.8232211 2026 01 15 22 04 01.84
0 -11403.93033  11229.04255  19858.36084  -2.6690224   0.5111317  -1.8327718 2026 01 15 22 04 21.84
0 -11457.25279  11239.30101  19821.61021  -2.6632505   0.5147061  -1.8423051 2026 01 15 22 04 41.84
0 -11510.45950  11249.63074  19784.66909  -2.6574482   0.5182597  -1.8518210 2026 01 15 22 05 01.84
0 -11563.54986  11260.03134  19747.53783  -2.6516155   0.5217923  -1.8613192 2026 01 15 22 05 21.84
0 -11616.52327  11270.50238  19710.21678  -2.6457527   0.5253038  -1.8707997 2026 01 15 22 05 41.84
0 -11669.37912  11281.04344  19672.70630  -2.6398597   0.5287942  -1.8802625 2026 01 15 22 06 01.84
0 -11722.11681  11291.65409  19635.00675  -2.6339366   0.5322632  -1.8897074 2026 01 15 22 06 21.84
0 -11774.73574  11302.33391  19597.11847  -2.6279837   0.5357108  -1.8991343 2026 01 15 22 06 41.84
0 -11827.23532  11313.08247  19559.04184  -2.6220010   0.5391369  -1.9085432 2026 01 15 22 07 01.84
0 -11879.61494  11323.89933  19520.77722  -2.6159885   0.5425413  -1.9179339 2026 01 15 22 07 21.84
0 -11931.87402  11334.78407  19482.32496  -2.6099465   0.5459240  -1.9273064 2026 01 15 22 07 41.84
0 -11984.01196  11345.73624  19443.68544  -2.6038749   0.5492848  -1.9366606 2026 01 15 22 08 01.84
0 -12036.02818  11356.75540  19404.85902  -2.5977740   0.5526237  -1.9459963 2026 01 15 22 08 21.84
0 -12087.92209  11367.84112  19365.84607  -2.5916438   0.5559404  -1.9553136 2026 01 15 22 08 41.84
0 -12139.69310  11378.99296  19326.64696  -2.5854845   0.5592349  -1.9646122 2026 01 15 22 09 01.84
0 -12191.34064  11390.21046  19287.26206  -2.5792961   0.5625072  -1.9738922 2026 01 15 22 09 21.84
0 -12242.86412  11401.49319  19247.69176  -2.5730788   0.5657570  -1.9831534 2026 01 15 22 09 41.84
0 -12294.26296  11412.84068  19207.93642  -2.5668326   0.5689843  -1.9923957 2026 01 15 22 10 01.84
0 -12345.53660  11424.25249  19167.99642  -2.5605577   0.5721889  -2.0016190 2026 01 15 22 10 21.84
0 -12396.68445  11435.72818  19127.87215  -2.5542542   0.5753708  -2.0108234 2026 01 15 22 10 41.84
0 -12447.70594  11447.26727  19087.56398  -2.5479222   0.5785299  -2.0200085 2026 01 15 22 11 01.84
0 -12498.60051  11458.86931  19047.07231  -2.5415619   0.5816660  -2.0291745 2026 01 15 22 11 21.84
0 -12549.36760  11470.53384  19006.39751  -2.5351732   0.5847790  -2.0383211 2026 01 15 22 11 41.84
0 -12600.00663  11482.26040  18965.53996  -2.5287565   0.5878688  -2.0474484 2026 01 15 22 12 01.84
0 -12650.51704  11494.04853  18924.50008  -2.5223116   0.5909354  -2.0565561 2026 01 15 22 12 21.84
0 -12700.89828  11505.89775  18883.27823  -2.5158389   0.5939786  -2.0656443 2026 01 15 22 12 41.84
0 -12751.14978  11517.80761  18841.87481  -2.5093383   0.5969983  -2.0747128 2026 01 15 22 13 01.84
0 -12801.27100  11529.77762  18800.29023  -2.5028101   0.5999944  -2.0837616 2026 01 15 22 13 21.84
0 -12851.26138  11541.80732  18758.52487  -2.4962543   0.6029669  -2.0927905 2026 01 15 22 13 41.84
0 -12901.12037  11553.89623  18716.57913  -2.4896710   0.6059155  -2.1017994 2026 01 15 22 14 01.84
0 -12950.84741  11566.04387  18674.45341  -2.4830604   0.6088402  -2.1107884 2026 01 15 22 14 21.84
0 -13000.44198  11578.24977  18632.14811  -2.4764226   0.6117410  -2.1197572 2026 01 15 22 14 41.84
0 -13049.90352  11590.51345  18589.66364  -2.4697576   0.6146176  -2.1287059 2026 01 15 22 15 01.84
0 -13099.23148  11602.83441  18547.00040  -2.4630657   0.6174701  -2.1376343 2026 01 15 22 15 21.84
0 -13148.42535  11615.21218  18504.15880  -2.4563469   0.6202982  -2.1465423 2026 01 15 22 15 41.84
0 -13197.48457  11627.64627  18461.13924  -2.4496014   0.6231019  -2.1554298 2026 01 15 22 16 01.84
0 -13246.40861  11640.13619  18417.94214  -2.4428293   0.6258812  -2.1642969 2026 01 15 22 16 21.84
0 -13295.19694  11652.68144  18374.56790  -2.4360306   0.6286358  -2.1731433 2026 01 15 22 16 41.84
0 -13343.84904  11665.28155  18331.01695  -2.4292056   0.6313657  -2.1819689 2026 01 15 22 17 01.84
0 -13392.36438  11677.93600  18287.28968  -2.4223543   0.6340709  -2.1907738 2026 01 15 22 17 21.84
0 -13440.74243  11690.64431  18243.38653  -2.4154769   0.6367511  -2.1995578 2026 01 15 22 17 41.84
0 -13488.98267  11703.40598  18199.30792  -2.4085735   0.6394064  -2.2083208 2026 01 15 22 18 01.84
0 -13537.08459  11716.22050  18155.05425  -2.4016442   0.6420366  -2.2170628 2026 01 15 22 18 21.84
0 -13585.04766  11729.08737  18110.62595  -2.3946891   0.6446416  -2.2257836 2026 01 15 22 18 41.84
0 -13632.87137  11742.00609  18066.02345  -2.3877084   0.6472213  -2.2344833 2026 01 15 22 19 01.84
0 -13680.55522  11754.97615  18021.24717  -2.3807022   0.6497757  -2.2431616 2026 01 15 22 19 21.84
0 -13728.09869  11767.99704  17976.29755  -2.3736706   0.6523046  -2.2518185 2026 01 15 22 19 41.84
0 -13775.50127  11781.06826  17931.17499  -2.3666138   0.6548080  -2.2604539 2026 01 15 22 20 01.84
0 -13822.76247  11794.18929  17885.87995  -2.3595318   0.6572857  -2.2690678 2026 01 15 22 20 21.84
0 -13869.88177  11807.35961  17840.41284  -2.3524248   0.6597376  -2.2776600 2026 01 15 22 20 41.84
0 -13916.85869  11820.57872  17794.77411  -2.3452929   0.6621638  -2.2862305 2026 01 15 22 21 01.84
0 -13963.69272  11833.84609  17748.96419  -2.3381363   0.6645640  -2.2947792 2026 01 15 22 21 21.84
0 -14010.38338  11847.16120  17702.98351  -2.3309550   0.6669382  -2.3033060 2026 01 15 22 21 41.84
0 -14056.93016  11860.52354  17656.83252  -2.3237493   0.6692863  -2.3118108 2026 01 15 22 22 01.84
0 -14103.33259  11873.93258  17610.51165  -2.3165192   0.6716082  -2.3202935 2026 01 15 22 22 21.84
0 -14149.59017  11887.38779  17564.02135  -2.3092648   0.6739039  -2.3287541 2026 01 15 22 22 41.84
0 -14195.70243  11900.88866  17517.36207  -2.3019864   0.6761732  -2.3371925 2026 01 15 22 23 01.84
0 -14241.66887  11914.43464  17470.53423  -2.2946840   0.6784160  -2.3456086 2026 01 15 22 23 21.84
0 -14287.48903  11928.02522  17423.53830  -2.2873577   0.6806323  -2.3540023 2026 01 15 22 23 41.84
0 -14333.16243  11941.65986  17376.37472  -2.2800077   0.6828219  -2.3623735 2026 01 15 22 24 01.84
0 -14378.68860  11955.33802  17329.04395  -2.2726342   0.6849849  -2.3707221 2026 01 15 22 24 21.84
0 -14424.06705  11969.05917  17281.54643  -2.2652372   0.6871210  -2.3790482 2026 01 15 22 24 41.84
0 -14469.29734  11982.82278  17233.88261  -2.2578169   0.6892303  -2.3873515 2026 01 15 22 25 01.84
0 -14514.37899  11996.62831  17186.05296  -2.2503734   0.6913126  -2.3956320 2026 01 15 22 25 21.84
0 -14559.31154  12010.47521  17138.05793  -2.2429068   0.6933679  -2.4038896 2026 01 15 22 25 41.84
0 -14604.09453  12024.36294  17089.89797  -2.2354174   0.6953960  -2.4121243 2026 01 15 22 26 01.84
0 -14648.72750  12038.29097  17041.57355  -2.2279052   0.6973969  -2.4203359 2026 01 15 22 26 21.84
0 -14693.21000  12052.25874  16993.08514  -2.2203703   0.6993705  -2.4285244 2026 01 15 22 26 41.84
0 -14737.54158  12066.26571  16944.43318  -2.2128129   0.7013168  -2.4366897 2026 01 15 22 27 01.84
0 -14781.72179  12080.31133  16895.61815  -2.2052332   0.7032355  -2.4448317 2026 01 15 22 27 21.84
0 -14825.75018  12094.39505  16846.64052  -2.1976312   0.7051268  -2.4529504 2026 01 15 22 27 41.84
0 -14869.62631  12108.51632  16797.50074  -2.1900071   0.7069904  -2.4610457 2026 01 15 22 28 01.84
0 -14913.34974  12122.67459  16748.19930  -2.1823611   0.7088264  -2.4691174 2026 01 15 22 28 21.84
0 -14956.92003  12136.86929  16698.73666  -2.1746932   0.7106346  -2.4771655 2026 01 15 22 28 41.84
0 -15000.33675  12151.09989  16649.11329  -2.1670036   0.7124149  -2.4851900 2026 01 15 22 29 01.84
0 -15043.59946  12165.36581  16599.32968  -2.1592925   0.7141673  -2.4931907 2026 01 15 22 29 21.84
0 -15086.70774  12179.66650  16549.38629  -2.1515600   0.7158917  -2.5011675 2026 01 15 22 29 41.84
0 -15129.66115  12194.00140  16499.28360  -2.1438062   0.7175880  -2.5091205 2026 01 15 22 30 01.84
0 -15172.45928  12208.36994  16449.02209  -2.1360313   0.7192562  -2.5170495 2026 01 15 22 30 21.84
0 -15215.10170  12222.77156  16398.60224  -2.1282354   0.7208962  -2.5249544 2026 01 15 22 30 41.84
0 -15257.58799  12237.20571  16348.02454  -2.1204187   0.7225078  -2.5328352 2026 01 15 22 31 01.84
0 -15299.91774  12251.67180  16297.28946  -2.1125812   0.7240911  -2.5406917 2026 01 15 22 31 21.84
0 -15342.09054  12266.16927  16246.39750  -2.1047231   0.7256460  -2.5485240 2026 01 15 22 31 41.84
0 -15384.10597  12280.69755  16195.34914  -2.0968447   0.7271723  -2.5563319 2026 01 15 22 32 01.84
0 -15425.96363  12295.25608  16144.14486  -2.0889459   0.7286700  -2.5641153 2026 01 15 22 32 21.84
0 -15467.66312  12309.84427  16092.78516  -2.0810270   0.7301391  -2.5718742 2026 01 15 22 32 41.84
0 -15509.20402  12324.46156  16041.27053  -2.0730881   0.7315795  -2.5796086 2026 01 15 22 33 01.84
0 -15550.58595  12339.10737  15989.60146  -2.0651294   0.7329910  -2.5873182 2026 01 15 22 33 21.84
0 -15591.80851  12353.78112  15937.77844  -2.0571509   0.7343738  -2.5950031 2026 01 15 22 33 41.84
0 -15632.87130  12368.48224  15885.80198  -2.0491528   0.7357275  -2.6026632 2026 01 15 22 34 01.84
0 -15673.77394  12383.21014  15833.67256  -2.0411353   0.7370523  -2.6102984 2026 01 15 22 34 21.84
0 -15714.51603  12397.96424  15781.39069  -2.0330986   0.7383480  -2.6179086 2026 01 15 22 34 41.84
0 -15755.09720  12412.74397  15728.95687  -2.0250426   0.7396146  -2.6254937 2026 01 15 22 35 01.84
0 -15795.51706  12427.54874  15676.37159  -2.0169677   0.7408519  -2.6330537 2026 01 15 22 35 21.84
0 -15835.77524  12442.37797  15623.63537  -2.0088740   0.7420601  -2.6405886 2026 01 15 22 35 41.84
0 -15875.87135  12457.23106  15570.74871  -2.0007615   0.7432389  -2.6480981 2026 01 15 22 36 01.84
0 -15915.80503  12472.10744  15517.71210  -1.9926305   0.7443883  -2.6555823 2026 01 15 22 36 21.84
0 -15955.57590  12487.00651  15464.52607  -1.9844810   0.7455082  -2.6630411 2026 01 15 22 36 41.84
0 -15995.18360  12501.92769  15411.19112  -1.9763133   0.7465986  -2.6704744 2026 01 15 22 37 01.84
0 -16034.62777  12516.87037  15357.70776  -1.9681275   0.7476595  -2.6778822 2026 01 15 22 37 21.84
0 -16073.90804  12531.83398  15304.07650  -1.9599237   0.7486907  -2.6852643 2026 01 15 22 37 41.84
0 -16113.02406  12546.81792  15250.29785  -1.9517020   0.7496923  -2.6926207 2026 01 15 22 38 01.84
0 -16151.97547  12561.82159  15196.37234  -1.9434627   0.7506640  -2.6999513 2026 01 15 22 38 21.84
0 -16190.76192  12576.84440  15142.30047  -1.9352059   0.7516060  -2.7072561 2026 01 15 22 38 41.84
0 -16229.38305  12591.88575  15088.08276  -1.9269317   0.7525181  -2.7145349 2026 01 15 22 39 01.84
0 -16267.83853  12606.94504  15033.71974  -1.9186402   0.7534002  -2.7217878 2026 01 15 22 39 21.84
0 -16306.12801  12622.02167  14979.21193  -1.9103316   0.7542524  -2.7290146 2026 01 15 22 39 41.84
0 -16344.25116  12637.11505  14924.55984  -1.9020062   0.7550745  -2.7362152 2026 01 15 22 40 01.84
0 -16382.20762  12652.22457  14869.76400  -1.8936639   0.7558666  -2.7433896 2026 01 15 22 40 21.84
0 -16419.99707  12667.34963  14814.82493  -1.8853050   0.7566285  -2.7505378 2026 01 15 22 40 41.84
0 -16457.61918  12682.48963  14759.74317  -1.8769296   0.7573601  -2.7576596 2026 01 15 22 41 01.84
0 -16495.07362  12697.64395  14704.51923  -1.8685379   0.7580615  -2.7647550 2026 01 15 22 41 21.84
0 -16532.36007  12712.81201  14649.15366  -1.8601300   0.7587326  -2.7718239 2026 01 15 22 41 41.84
0 -16569.47819  12727.99318  14593.64696  -1.8517060   0.7593733  -2.7788663 2026 01 15 22 42 01.84
0 -16606.42768  12743.18686  14537.99969  -1.8432662   0.7599837  -2.7858820 2026 01 15 22 42 21.84
0 -16643.20822  12758.39244  14482.21238  -1.8348107   0.7605635  -2.7928710 2026 01 15 22 42 41.84
0 -16679.81949  12773.60931  14426.28555  -1.8263395   0.7611128  -2.7998333 2026 01 15 22 43 01.84
0 -16716.26118  12788.83687  14370.21974  -1.8178530   0.7616316  -2.8067687 2026 01 15 22 43 21.84
0 -16752.53299  12804.07450  14314.01549  -1.8093512   0.7621197  -2.8136773 2026 01 15 22 43 41.84
0 -16788.63461  12819.32158  14257.67335  -1.8008342   0.7625772  -2.8205588 2026 01 15 22 44 01.84
0 -16824.56574  12834.57750  14201.19384  -1.7923023   0.7630039  -2.8274134 2026 01 15 22 44 21.84
0 -16860.32609  12849.84165  14144.57751  -1.7837555   0.7633999  -2.8342408 2026 01 15 22 44 41.84
0 -16895.91536  12865.11342  14087.82491  -1.7751941   0.7637651  -2.8410411 2026 01 15 22 45 01.84
0 -16931.33325  12880.39218  14030.93658  -1.7666182   0.7640995  -2.8478141 2026 01 15 22 45 21.84
0 -16966.57948  12895.67732  13973.91305  -1.7580280   0.7644029  -2.8545598 2026 01 15 22 45 41.84
0 -17001.65377  12910.96821  13916.75489  -1.7494235   0.7646754  -2.8612782 2026 01 15 22 46 01.84
0 -17036.55582  12926.26425  13859.46264  -1.7408050   0.7649170  -2.8679691 2026 01 15 22 46 21.84
0 -17071.28537  12941.56481  13802.03684  -1.7321726   0.7651275  -2.8746325 2026 01 15 22 46 41.84
0 -17105.84213  12956.86927  13744.47805  -1.7235265   0.7653069  -2.8812684 2026 01 15 22 47 01.84
0 -17140.22584  12972.17701  13686.78682  -1.7148667   0.7654552  -2.8878766 2026 01 15 22 47 21.84
0 -17174.43621  12987.48740  13628.96370  -1.7061936   0.7655724  -2.8944571 2026 01 15 22 47 41.84
0 -17208.47300  13002.79982  13571.00925  -1.6975072   0.7656584  -2.9010099 2026 01 15 22 48 01.84
0 -17242.33592  13018.11365  13512.92402  -1.6888076   0.7657131  -2.9075349 2026 01 15 22 48 21.84
0 -17276.02472  13033.42826  13454.70858  -1.6800952   0.7657366  -2.9140319 2026 01 15 22 48 41.84
0 -17309.53915  13048.74304  13396.36347  -1.6713699   0.7657288  -2.9205010 2026 01 15 22 49 01.84
0 -17342.87894  13064.05734  13337.88926  -1.6626319   0.7656896  -2.9269421 2026 01 15 22 49 21.84
0 -17376.04385  13079.37054  13279.28651  -1.6538815   0.7656191  -2.9333551 2026 01 15 22 49 41.84
0 -17409.03363  13094.68202  13220.55579  -1.6451187   0.7655171  -2.9397400 2026 01 15 22 50 01.84
0 -17441.84803  13109.99115  13161.69765  -1.6363438   0.7653837  -2.9460966 2026 01 15 22 50 21.84
0 -17474.48681  13125.29729  13102.71265  -1.6275569   0.7652188  -2.9524250 2026 01 15 22 50 41.84
0 -17506.94974  13140.59982  13043.60138  -1.6187580   0.7650224  -2.9587250 2026 01 15 22 51 01.84
0 -17539.23657  13155.89811  12984.36439  -1.6099475   0.7647944  -2.9649967 2026 01 15 22 51 21.84
0 -17571.34708  13171.19152  12925.00225  -1.6011255   0.7645349  -2.9712399 2026 01 15 22 51 41.84
0 -17603.28104  13186.47943  12865.51553  -1.5922920   0.7642437  -2.9774546 2026 01 15 22 52 01.84
0 -17635.03821  13201.76119  12805.90480  -1.5834474   0.7639209  -2.9836407 2026 01 15 22 52 21.84
0 -17666.61838  13217.03619  12746.17064  -1.5745916   0.7635664  -2.9897982 2026 01 15 22 52 41.84
0 -17698.02132  13232.30377  12686.31362  -1.5657250   0.7631802  -2.9959270 2026 01 15 22 53 01.84
0 -17729.24683  13247.56332  12626.33430  -1.5568475   0.7627623  -3.0020270 2026 01 15 22 53 21.84
0 -17760.29468  13262.81419  12566.23328  -1.5479595   0.7623126  -3.0080982 2026 01 15 22 53 41.84
0 -17791.16467  13278.05575  12506.01112  -1.5390611   0.7618311  -3.0141405 2026 01 15 22 54 01.84
0 -17821.85659  13293.28736  12445.66841  -1.5301524   0.7613178  -3.0201539 2026 01 15 22 54 21.84
0 -17852.37023  13308.50839  12385.20572  -1.5212336   0.7607727  -3.0261383 2026 01 15 22 54 41.84
0 -17882.70539  13323.71819  12324.62363  -1.5123048   0.7601957  -3.0320936 2026 01 15 22 55 01.84
0 -17912.86189  13338.91614  12263.92273  -1.5033662   0.7595868  -3.0380198 2026 01 15 22 55 21.84
0 -17942.83951  13354.10159  12203.10359  -1.4944180   0.7589460  -3.0439168 2026 01 15 22 55 41.84
0 -17972.63808  13369.27391  12142.16681  -1.4854603   0.7582732  -3.0497846 2026 01 15 22 56 01.84
0 -18002.25740  13384.43245  12081.11296  -1.4764933   0.7575685  -3.0556231 2026 01 15 22 56 21.84
0 -18031.69729  13399.57658  12019.94264  -1.4675171   0.7568318  -3.0614323 2026 01 15 22 56 41.84
0 -18060.95756  13414.70565  11958.65643  -1.4585319   0.7560631  -3.0672121 2026 01 15 22 57 01.84
0 -18090.03805  13429.81903  11897.25492  -1.4495379   0.7552624  -3.0729624 2026 01 15 22 57 21.84
0 -18118.93857  13444.91607  11835.73870  -1.4405352   0.7544296  -3.0786831 2026 01 15 22 57 41.84
0 -18147.65895  13459.99614  11774.10836  -1.4315240   0.7535648  -3.0843743 2026 01 15 22 58 01.84
0 -18176.19902  13475.05859  11712.36449  -1.4225045   0.7526678  -3.0900359 2026 01 15 22 58 21.84
0 -18204.55862  13490.10279  11650.50769  -1.4134768   0.7517388  -3.0956678 2026 01 15 22 58 41.84
0 -18232.73759  13505.12808  11588.53855  -1.4044410   0.7507777  -3.1012699 2026 01 15 22 59 01.84
0 -18260.73576  13520.13383  11526.45766  -1.3953974   0.7497844  -3.1068423 2026 01 15 22 59 21.84
0 -18288.55298  13535.11939  11464.26563  -1.3863460   0.7487590  -3.1123847 2026 01 15 22 59 41.84
0 -18316.18910  13550.08412  11401.96304  -1.3772871   0.7477014  -3.1178973 2026 01 15 23 00 01.84
0 -18343.64397  13565.02738  11339.55051  -1.3682209   0.7466117  -3.1233799 2026 01 15 23 00 21.84
0 -18370.91745  13579.94852  11277.02862  -1.3591474   0.7454897  -3.1288325 2026 01 15 23 00 41.84
0 -18398.00938  13594.84690  11214.39798  -1.3500668   0.7443356  -3.1342551 2026 01 15 23 01 01.84
0 -18424.91963  13609.72187  11151.65920  -1.3409794   0.7431492  -3.1396475 2026 01 15 23 01 21.84
0 -18451.64807  13624.57280  11088.81286  -1.3318852   0.7419306  -3.1450097 2026 01 15 23 01 41.84
0 -18478.19456  13639.39903  11025.85959  -1.3227844   0.7406798  -3.1503417 2026 01 15 23 02 01.84
0 -18504.55897  13654.19993  10962.79998  -1.3136773   0.7393968  -3.1556434 2026 01 15 23 02 21.84
0 -18530.74118  13668.97484  10899.63463  -1.3045638   0.7380814  -3.1609148 2026 01 15 23 02 41.84
0 -18556.74105  13683.72312  10836.36417  -1.2954443   0.7367339  -3.1661558 2026 01 15 23 03 01.84
0 -18582.55848  13698.44413  10772.98919  -1.2863189   0.7353540  -3.1713663 2026 01 15 23 03 21.84
0 -18608.19334  13713.13722  10709.51030  -1.2771877   0.7339419  -3.1765464 2026 01 15 23 03 41.84
0 -18633.64552  13727.80175  10645.92812  -1.2680509   0.7324975  -3.1816959 2026 01 15 23 04 01.84
0 -18658.91491  13742.43706  10582.24326  -1.2589087   0.7310208  -3.1868148 2026 01 15 23 04 21.84
0 -18684.00141  13757.04252  10518.45632  -1.2497611   0.7295118  -3.1919031 2026 01 15 23 04 41.84
0 -18708.90490  13771.61748  10454.56793  -1.2406085   0.7279706  -3.1969606 2026 01 15 23 05 01.84
0 -18733.62529  13786.16128  10390.57869  -1.2314510   0.7263970  -3.2019875 2026 01 15 23 05 21.84
0 -18758.16249  13800.67330  10326.48922  -1.2222886   0.7247911  -3.2069835 2026 01 15 23 05 41.84
0 -18782.51639  13815.15287  10262.30014  -1.2131216   0.7231530  -3.2119487 2026 01 15 23 06 01.84
0 -18806.68690  13829.59936  10198.01207  -1.2039502   0.7214825  -3.2168830 2026 01 15 23 06 21.84
0 -18830.67395  13844.01211  10133.62562  -1.1947745   0.7197797  -3.2217864 2026 01 15 23 06 41.84
0 -18854.47744  13858.39049  10069.14141  -1.1855946   0.7180446  -3.2266587 2026 01 15 23 07 01.84
0 -18878.09729  13872.73384  10004.56007  -1.1764108   0.7162772  -3.2315000 2026 01 15 23 07 21.84
0 -18901.53343  13887.04152   9939.88221  -1.1672231   0.7144776  -3.2363103 2026 01 15 23 07 41.84
0 -18924.78578  13901.31289   9875.10846  -1.1580318   0.7126456  -3.2410894 2026 01 15 23 08 01.84
0 -18947.85428  13915.54729   9810.23944  -1.1488371   0.7107813  -3.2458373 2026 01 15 23 08 21.84
0 -18970.73884  13929.74409   9745.27577  -1.1396390   0.7088847  -3.2505540 2026 01 15 23 08 41.84
0 -18993.43941  13943.90263   9680.21808  -1.1304378   0.7069559  -3.2552394 2026 01 15 23 09 01.84
0 -19015.95592  13958.02227   9615.06700  -1.1212335   0.7049948  -3.2598935 2026 01 15 23 09 21.84
0 -19038.28833  13972.10237   9549.82315  -1.1120265   0.7030014  -3.2645162 2026 01 15 23 09 41.84
0 -19060.43656  13986.14228   9484.48716  -1.1028168   0.7009757  -3.2691075 2026 01 15 23 10 01.84
0 -19082.40058  14000.14135   9419.05966  -1.0936045   0.6989178  -3.2736674 2026 01 15 23 10 21.84
0 -19104.18033  14014.09894   9353.54128  -1.0843900   0.6968276  -3.2781957 2026 01 15 23 10 41.84
0 -19125.77577  14028.01441   9287.93264  -1.0751733   0.6947052  -3.2826925 2026 01 15 23 11 01.84
0 -19147.18685  14041.88710   9222.23439  -1.0659545   0.6925506  -3.2871577 2026 01 15 23 11 21.84
0 -19168.41355  14055.71638   9156.44715  -1.0567339   0.6903637  -3.2915913 2026 01 15 23 11 41.84
0 -19189.45581  14069.50160   9090.57155  -1.0475117   0.6881446  -3.2959931 2026 01 15 23 12 01.84
0 -19210.31361  14083.24212   9024.60824  -1.0382879   0.6858934  -3.3003633 2026 01 15 23 12 21.84
0 -19230.98693  14096.93729   8958.55784  -1.0290627   0.6836099  -3.3047016 2026 01 15 23 12 41.84
0 -19251.47573  14110.58647   8892.42099  -1.0198364   0.6812943  -3.3090082 2026 01 15 23 13 01.84
0 -19271.77999  14124.18902   8826.19833  -1.0106090   0.6789465  -3.3132829 2026 01 15 23 13 21.84
0 -19291.89970  14137.74429   8759.89049  -1.0013808   0.6765666  -3.3175257 2026 01 15 23 13 41.84
0 -19311.83483  14151.25164   8693.49812  -0.9921518   0.6741546  -3.3217366 2026 01 15 23 14 01.84
0 -19331.58538  14164.71043   8627.02185  -0.9829223   0.6717104  -3.3259154 2026 01 15 23 14 21.84
0 -19351.15134  14178.12002   8560.46233  -0.9736925   0.6692342  -3.3300623 2026 01 15 23 14 41.84
0 -19370.53270  14191.47976   8493.82019  -0.9644624   0.6667258  -3.3341771 2026 01 15 23 15 01.84
0 -19389.72946  14204.78901   8427.09607  -0.9552323   0.6641855  -3.3382597 2026 01 15 23 15 21.84
0 -19408.74162  14218.04714   8360.29062  -0.9460023   0.6616131  -3.3423103 2026 01 15 23 15 41.84
0 -19427.56918  14231.25350   8293.40449  -0.9367725   0.6590086  -3.3463286 2026 01 15 23 16 01.84
0 -19446.21215  14244.40745   8226.43831  -0.9275432   0.6563722  -3.3503147 2026 01 15 23 16 21.84
0 -19464.67054  14257.50835   8159.39273  -0.9183145   0.6537038  -3.3542685 2026 01 15 23 16 41.84
0 -19482.94437  14270.55557   8092.26840  -0.9090865   0.6510035  -3.3581901 2026 01 15 23 17 01.84
0 -19501.03364  14283.54846   8025.06596  -0.8998595   0.6482712  -3.3620792 2026 01 15 23 17 21.84
0 -19518.93839  14296.48638   7957.78606  -0.8906336   0.6455070  -3.3659360 2026 01 15 23 17 41.84
0 -19536.65863  14309.36871   7890.42935  -0.8814089   0.6427109  -3.3697604 2026 01 15 23 18 01.84
0 -19554.19439  14322.19479   7822.99648  -0.8721856   0.6398830  -3.3735523 2026 01 15 23 18 21.84
0 -19571.54570  14334.96400   7755.48809  -0.8629639   0.6370233  -3.3773117 2026 01 15 23 18 41.84
0 -19588.71260  14347.67569   7687.90484  -0.8537440   0.6341317  -3.3810386 2026 01 15 23 19 01.84
0 -19605.69512  14360.32924   7620.24739  -0.8445259   0.6312084  -3.3847329 2026 01 15 23 19 21.84
0 -19622.49329  14372.92400   7552.51637  -0.8353099   0.6282533  -3.3883946 2026 01 15 23 19 41.84
0 -19639.10717  14385.45934   7484.71244  -0.8260962   0.6252665  -3.3920236 2026 01 15 23 20 01.84
0 -19655.53680  14397.93464   7416.83626  -0.8168848   0.6222480  -3.3956199 2026 01 15 23 20 21.84
0 -19671.78223  14410.34924   7348.88848  -0.8076759   0.6191979  -3.3991836 2026 01 15 23 20 41.84
0 -19687.84350  14422.70253   7280.86976  -0.7984698   0.6161161  -3.4027144 2026 01 15 23 21 01.84
0 -19703.72069  14434.99386   7212.78075  -0.7892666   0.6130027  -3.4062125 2026 01 15 23 21 21.84
0 -19719.41384  14447.22261   7144.62210  -0.7800663   0.6098578  -3.4096777 2026 01 15 23 21 41.84
0 -19734.92302  14459.38815   7076.39448  -0.7708693   0.6066813  -3.4131101 2026 01 15 23 22 01.84
0 -19750.24829  14471.48984   7008.09854  -0.7616756   0.6034733  -3.4165096 2026 01 15 23 22 21.84
0 -19765.38972  14483.52706   6939.73494  -0.7524855   0.6002338  -3.4198762 2026 01 15 23 22 41.84
0 -19780.34739  14495.49918   6871.30434  -0.7432990   0.5969630  -3.4232098 2026 01 15 23 23 01.84
0 -19795.12136  14507.40556   6802.80740  -0.7341163   0.5936607  -3.4265104 2026 01 15 23 23 21.84
0 -19809.71173  14519.24559   6734.24477  -0.7249377   0.5903271  -3.4297779 2026 01 15 23 23 41.84
0 -19824.11856  14531.01863   6665.61713  -0.7157632   0.5869621  -3.4330125 2026 01 15 23 24 01.84
0 -19838.34195  14542.72406   6596.92512  -0.7065931   0.5835659  -3.4362139 2026 01 15 23 24 21.84
0 -19852.38198  14554.36125   6528.16942  -0.6974274   0.5801384  -3.4393821 2026 01 15 23 24 41.84
0 -19866.23874  14565.92958   6459.35069  -0.6882663   0.5766797  -3.4425173 2026 01 15 23 25 01.84
0 -19879.91233  14577.42843   6390.46958  -0.6791101   0.5731898  -3.4456192 2026 01 15 23 25 21.84
0 -19893.40285  14588.85716   6321.52677  -0.6699588   0.5696688  -3.4486879 2026 01 15 23 25 41.84
0 -19906.71039  14600.21517   6252.52292  -0.6608127   0.5661168  -3.4517234 2026 01 15 23 26 01.84
0 -19919.83507  14611.50183   6183.45869  -0.6516718   0.5625337  -3.4547255 2026 01 15 23 26 21.84
0 -19932.77698  14622.71651   6114.33475  -0.6425364   0.5589196  -3.4576944 2026 01 15 23 26 41.84
0 -19945.53623  14633.85860   6045.15177  -0.6334066   0.5552745  -3.4606299 2026 01 15 23 27 01.84
0 -19958.11295  14644.92749   5975.91041  -0.6242825   0.5515985  -3.4635320 2026 01 15 23 27 21.84
0 -19970.50725  14655.92254   5906.61134  -0.6151643   0.5478917  -3.4664008 2026 01 15 23 27 41.84
0 -19982.71925  14666.84315   5837.25523  -0.6060523   0.5441540  -3.4692361 2026 01 15 23 28 01.84
0 -19994.74907  14677.68870   5767.84275  -0.5969464   0.5403856  -3.4720379 2026 01 15 23 28 21.84
0 -20006.59683  14688.45857   5698.37457  -0.5878470   0.5365864  -3.4748063 2026 01 15 23 28 41.84
0 -20018.26267  14699.15216   5628.85136  -0.5787541   0.5327566  -3.4775412 2026 01 15 23 29 01.84
0 -20029.74673  14709.76884   5559.27378  -0.5696679   0.5288961  -3.4802425 2026 01 15 23 29 21.84
0 -20041.04912  14720.30800   5489.64252  -0.5605886   0.5250050  -3.4829102 2026 01 15 23 29 41.84
0 -20052.17001  14730.76904   5419.95824  -0.5515163   0.5210834  -3.4855443 2026 01 15 23 30 01.84
0 -20063.10952  14741.15134   5350.22161  -0.5424512   0.5171314  -3.4881448 2026 01 15 23 30 21.84
0 -20073.86780  14751.45430   5280.43330  -0.5333935   0.5131489  -3.4907117 2026 01 15 23 30 41.84
0 -20084.44500  14761.67731   5210.59400  -0.5243432   0.5091360  -3.4932449 2026 01 15 23 31 01.84
0 -20094.84127  14771.81975   5140.70437  -0.5153006   0.5050928  -3.4957443 2026 01 15 23 31 21.84
0 -20105.05677  14781.88102   5070.76509  -0.5062659   0.5010193  -3.4982101 2026 01 15 23 31 41.84
0 -20115.09166  14791.86053   5000.77683  -0.4972390   0.4969156  -3.5006421 2026 01 15 23 32 01.84
0 -20124.94609  14801.75766   4930.74027  -0.4882204   0.4927817  -3.5030403 2026 01 15 23 32 21.84
0 -20134.62023  14811.57181   4860.65608  -0.4792100   0.4886177  -3.5054047 2026 01 15 23 32 41.84
0 -20144.11425  14821.30238   4790.52495  -0.4702080   0.4844237  -3.5077353 2026 01 15 23 33 01.84
0 -20153.42831  14830.94877   4720.34754  -0.4612146   0.4801996  -3.5100321 2026 01 15 23 33 21.84
0 -20162.56259  14840.51038   4650.12453  -0.4522300   0.4759457  -3.5122950 2026 01 15 23 33 41.84
0 -20171.51728  14849.98662   4579.85660  -0.4432543   0.4716618  -3.5145240 2026 01 15 23 34 01.84
0 -20180.29253  14859.37688   4509.54444  -0.4342876   0.4673481  -3.5167190 2026 01 15 23 34 21.84
0 -20188.88855  14868.68056   4439.18871  -0.4253302   0.4630047  -3.5188801 2026 01 15 23 34 41.84
0 -20197.30551  14877.89708   4368.79010  -0.4163821   0.4586316  -3.5210073 2026 01 15 23 35 01.84
0 -20205.54361  14887.02585   4298.34929  -0.4074436   0.4542288  -3.5231005 2026 01 15 23 35 21.84
0 -20213.60304  14896.06626   4227.86695  -0.3985147   0.4497964  -3.5251597 2026 01 15 23 35 41.84
0 -20221.48398  14905.01773   4157.34377  -0.3895957   0.4453345  -3.5271848 2026 01 15 23 36 01.84
0 -20229.18665  14913.87966   4086.78043  -0.3806866   0.4408432  -3.5291759 2026 01 15 23 36 21.84
0 -20236.71123  14922.65148   4016.17761  -0.3717877   0.4363224  -3.5311330 2026 01 15 23 36 41.84
0 -20244.05794  14931.33259   3945.53598  -0.3628991   0.4317723  -3.5330559 2026 01 15 23 37 01.84
0 -20251.22698  14939.92240   3874.85624  -0.3540209   0.4271930  -3.5349447 2026 01 15 23 37 21.84
0 -20258.21857  14948.42034   3804.13907  -0.3451533   0.4225845  -3.5367995 2026 01 15 23 37 41.84
0 -20265.03291  14956.82582   3733.38514  -0.3362965   0.4179468  -3.5386200 2026 01 15 23 38 01.84
0 -20271.67023  14965.13825   3662.59514  -0.3274505   0.4132801  -3.5404064 2026 01 15 23 38 21.84
0 -20278.13073  14973.35705   3591.76975  -0.3186157   0.4085843  -3.5421587 2026 01 15 23 38 41.84
0 -20284.41466  14981.48166   3520.90966  -0.3097920   0.4038597  -3.5438767 2026 01 15 23 39 01.84
0 -20290.52222  14989.51148   3450.01556  -0.3009797   0.3991062  -3.5455605 2026 01 15 23 39 21.84
0 -20296.45365  14997.44594   3379.08812  -0.2921789   0.3943238  -3.5472101 2026 01 15 23 39 41.84
0 -20302.20918  15005.28447   3308.12803  -0.2833897   0.3895128  -3.5488254 2026 01 15 23 40 01.84
0 -20307.78905  15013.02650   3237.13598  -0.2746124   0.3846731  -3.5504065 2026 01 15 23 40 21.84
0 -20313.19349  15020.67144   3166.11265  -0.2658470   0.3798049  -3.5519533 2026 01 15 23 40 41.84
0 -20318.42275  15028.21873   3095.05872  -0.2570937   0.3749081  -3.5534657 2026 01 15 23 41 01.84
0 -20323.47706  15035.66781   3023.97489  -0.2483527   0.3699829  -3.5549439 2026 01 15 23 41 21.84
0 -20328.35668  15043.01810   2952.86184  -0.2396240   0.3650293  -3.5563877 2026 01 15 23 41 41.84
0 -20333.06185  15050.26903   2881.72026  -0.2309080   0.3600474  -3.5577972 2026 01 15 23 42 01.84
0 -20337.59283  15057.42004   2810.55083  -0.2222046   0.3550373  -3.5591723 2026 01 15 23 42 21.84
0 -20341.94987  15064.47057   2739.35425  -0.2135141   0.3499991  -3.5605131 2026 01 15 23 42 41.84
0 -20346.13322  15071.42006   2668.13119  -0.2048366   0.3449329  -3.5618194 2026 01 15 23 43 01.84
0 -20350.14317  15078.26794   2596.88235  -0.1961723   0.3398386  -3.5630914 2026 01 15 23 43 21.84
0 -20353.97995  15085.01366   2525.60841  -0.1875212   0.3347164  -3.5643289 2026 01 15 23 43 41.84
0 -20357.64385  15091.65665   2454.31007  -0.1788836   0.3295664  -3.5655320 2026 01 15 23 44 01.84
0 -20361.13514  15098.19637   2382.98801  -0.1702595   0.3243887  -3.5667007 2026 01 15 23 44 21.84
0 -20364.45408  15104.63226   2311.64292  -0.1616492   0.3191833  -3.5678349 2026 01 15 23 44 41.84
0 -20367.60095  15110.96376   2240.27549  -0.1530528   0.3139502  -3.5689347 2026 01 15 23 45 01.84
0 -20370.57604  15117.19033   2168.88642  -0.1444704   0.3086897  -3.5699999 2026 01 15 23 45 21.84
0 -20373.37962  15123.31142   2097.47638  -0.1359022   0.3034018  -3.5710307 2026 01 15 23 45 41.84
0 -20376.01198  15129.32647   2026.04607  -0.1273483   0.2980864  -3.5720270 2026 01 15 23 46 01.84
0 -20378.47341  15135.23494   1954.59618  -0.1188088   0.2927439  -3.5729888 2026 01 15 23 46 21.84
0 -20380.76420  15141.03629   1883.12740  -0.1102840   0.2873741  -3.5739161 2026 01 15 23 46 41.84
0 -20382.88463  15146.72997   1811.64042  -0.1017739   0.2819773  -3.5748088 2026 01 15 23 47 01.84
0 -20384.83502  15152.31545   1740.13593  -0.0932787   0.2765534  -3.5756670 2026 01 15 23 47 21.84
0 -20386.61565  15157.79218   1668.61462  -0.0847986   0.2711026  -3.5764906 2026 01 15 23 47 41.84
0 -20388.22683  15163.15963   1597.07718  -0.0763336   0.2656249  -3.5772797 2026 01 15 23 48 01.84
0 -20389.66886  15168.41725   1525.52431  -0.0678839   0.2601205  -3.5780342 2026 01 15 23 48 21.84
0 -20390.94206  15173.56452   1453.95670  -0.0594497   0.2545894  -3.5787542 2026 01 15 23 48 41.84
0 -20392.04673  15178.60091   1382.37503  -0.0510311   0.2490318  -3.5794395 2026 01 15 23 49 01.84
0 -20392.98318  15183.52587   1310.78000  -0.0426283   0.2434476  -3.5800903 2026 01 15 23 49 21.84
0 -20393.75174  15188.33889   1239.17230  -0.0342413   0.2378370  -3.5807065 2026 01 15 23 49 41.84
0 -20394.35272  15193.03944   1167.55262  -0.0258704   0.2322001  -3.5812880 2026 01 15 23 50 01.84
0 -20394.78644  15197.62698   1095.92166  -0.0175157   0.2265370  -3.5818350 2026 01 15 23 50 21.84
0 -20395.05323  15202.10100   1024.28011  -0.0091772   0.2208477  -3.5823474 2026 01 15 23 50 41.84
0 -20395.15342  15206.46098    952.62865  -0.0008552   0.2151324  -3.5828251 2026 01 15 23 51 01.84
0 -20395.08733  15210.70639    880.96799   0.0074502   0.2093912  -3.5832682 2026 01 15 23 51 21.84
0 -20394.85531  15214.83671    809.29881   0.0157389   0.2036240  -3.5836767 2026 01 15 23 51 41.84
0 -20394.45768  15218.85144    737.62180   0.0240107   0.1978311  -3.5840505 2026 01 15 23 52 01.84
0 -20393.89478  15222.75005    665.93767   0.0322655   0.1920125  -3.5843897 2026 01 15 23 52 21.84
0 -20393.16696  15226.53204    594.24710   0.0405032   0.1861684  -3.5846942 2026 01 15 23 52 41.84
0 -20392.27456  15230.19688    522.55079   0.0487236   0.1802987  -3.5849641 2026 01 15 23 53 01.84
0 -20391.21792  15233.74408    450.84942   0.0569266   0.1744037  -3.5851994 2026 01 15 23 53 21.84
0 -20389.99740  15237.17313    379.14370   0.0651120   0.1684833  -3.5853999 2026 01 15 23 53 41.84
0 -20388.61335  15240.48352    307.43431   0.0732798   0.1625378  -3.5855659 2026 01 15 23 54 01.84
0 -20387.06612  15243.67474    235.72195   0.0814297   0.1565671  -3.5856971 2026 01 15 23 54 21.84
0 -20385.35608  15246.74631    164.00731   0.0895616   0.1505714  -3.5857937 2026 01 15 23 54 41.84
0 -20383.48358  15249.69771     92.29108   0.0976755   0.1445509  -3.5858557 2026 01 15 23 55 01.84
0 -20381.44898  15252.52845     20.57396   0.1057712   0.1385055  -3.5858830 2026 01 15 23 55 21.84
0 -20379.25265  15255.23803    -51.14335   0.1138485   0.1324354  -3.5858756 2026 01 15 23 55 41.84
0 -20376.89496  15257.82597   -122.86018   0.1219073   0.1263407  -3.5858335 2026 01 15 23 56 01.84
0 -20374.37629  15260.29177   -194.57581   0.1299474   0.1202215  -3.5857568 2026 01 15 23 56 21.84
0 -20371.69699  15262.63495   -266.28956   0.1379688   0.1140778  -3.5856454 2026 01 15 23 56 41.84
0 -20368.85746  15264.85500   -338.00074   0.1459714   0.1079099  -3.5854993 2026 01 15 23 57 01.84
0 -20365.85807  15266.95146   -409.70865   0.1539548   0.1017178  -3.5853186 2026 01 15 23 57 21.84
0 -20362.69921  15268.92383   -481.41260   0.1619192   0.0955015  -3.5851032 2026 01 15 23 57 41.84
0 -20359.38124  15270.77164   -553.11190   0.1698642   0.0892613  -3.5848531 2026 01 15 23 58 01.84
0 -20355.90458  15272.49441   -624.80584   0.1777899   0.0829972  -3.5845684 2026 01 15 23 58 21.84
0 -20352.26959  15274.09165   -696.49375   0.1856960   0.0767092  -3.5842490 2026 01 15 23 58 41.84
0 -20348.47668  15275.56290   -768.17492   0.1935824   0.0703976  -3.5838950 2026 01 15 23 59 01.84
0 -20344.52624  15276.90768   -839.84866   0.2014490   0.0640624  -3.5835063 2026 01 15 23 59 21.84
0 -20340.41867  15278.12553   -911.51429   0.2092957   0.0577037  -3.5830830 2026 01 15 23 59 41.84
0 -20336.15436  15279.21596   -983.17110   0.2171223   0.0513217  -3.5826250 2026 01 16 00 00 01.84
0 -20331.73373  15280.17853  -1054.81840   0.2249287   0.0449164  -3.5821323 2026 01 16 00 00 21.84
0 -20327.15717  15281.01276  -1126.45551   0.2327149   0.0384880  -3.5816050 2026 01 16 00 00 41.84
0 -20322.42509  15281.71818  -1198.08172   0.2404805   0.0320365  -3.5810431 2026 01 16 00 01 01.84
0 -20317.53791  15282.29435  -1269.69635   0.2482257   0.0255620  -3.5804466 2026 01 16 00 01 21.84
0 -20312.49603  15282.74080  -1341.29870   0.2559501   0.0190648  -3.5798154 2026 01 16 00 01 41.84
0 -20307.29987  15283.05708  -1412.88808   0.2636537   0.0125448  -3.5791496 2026 01 16 00 02 01.84
0 -20301.94985  15283.24274  -1484.46380   0.2713363   0.0060022  -3.5784492 2026 01 16 00 02 21.84
0 -20296.44639  15283.29732  -1556.02516   0.2789979  -0.0005628  -3.5777141 2026 01 16 00 02 41.84
0 -20290.78990  15283.22037  -1627.57148   0.2866383  -0.0071503  -3.5769445 2026 01 16 00 03 01.84
0 -20284.98083  15283.01146  -1699.10206   0.2942573  -0.0137600  -3.5761403 2026 01 16 00 03 21.84
0 -20279.01959  15282.67012  -1770.61621   0.3018550  -0.0203919  -3.5753015 2026 01 16 00 03 41.84
0 -20272.90661  15282.19593  -1842.11323   0.3094310  -0.0270458  -3.5744281 2026 01 16 00 04 01.84
0 -20266.64232  15281.58844  -1913.59245   0.3169854  -0.0337217  -3.5735201 2026 01 16 00 04 21.84
0 -20260.22717  15280.84722  -1985.05316   0.3245180  -0.0404193  -3.5725776 2026 01 16 00 04 41.84
0 -20253.66159  15279.97183  -2056.49467   0.3320287  -0.0471387  -3.5716005 2026 01 16 00 05 01.84
0 -20246.94601  15278.96183  -2127.91629   0.3395173  -0.0538797  -3.5705888 2026 01 16 00 05 21.84
0 -20240.08088  15277.81680  -2199.31734   0.3469837  -0.0606421  -3.5695427 2026 01 16 00 05 41.84
0 -20233.06665  15276.53631  -2270.69712   0.3544279  -0.0674259  -3.5684620 2026 01 16 00 06 01.84
0 -20225.90376  15275.11993  -2342.05494   0.3618496  -0.0742309  -3.5673467 2026 01 16 00 06 21.84
0 -20218.59266  15273.56724  -2413.39011   0.3692489  -0.0810570  -3.5661970 2026 01 16 00 06 41.84
0 -20211.13380  15271.87782  -2484.70194   0.3766254  -0.0879042  -3.5650128 2026 01 16 00 07 01.84
0 -20203.52764  15270.05124  -2555.98974   0.3839793  -0.0947722  -3.5637940 2026 01 16 00 07 21.84
0 -20195.77463  15268.08710  -2627.25282   0.3913102  -0.1016610  -3.5625409 2026 01 16 00 07 41.84
0 -20187.87523  15265.98497  -2698.49049   0.3986182  -0.1085705  -3.5612532 2026 01 16 00 08 01.84
0 -20179.82991  15263.74445  -2769.70207   0.4059030  -0.1155004  -3.5599311 2026 01 16 00 08 21.84
0 -20171.63912  15261.36513  -2840.88685   0.4131647  -0.1224508  -3.5585745 2026 01 16 00 08 41.84
0 -20163.30333  15258.84660  -2912.04417   0.4204030  -0.1294215  -3.5571835 2026 01 16 00 09 01.84
0 -20154.82301  15256.18845  -2983.17332   0.4276178  -0.1364123  -3.5557582 2026 01 16 00 09 21.84
0 -20146.19863  15253.39029  -3054.27361   0.4348091  -0.1434232  -3.5542984 2026 01 16 00 09 41.84
0 -20137.43066  15250.45171  -3125.34437   0.4419767  -0.1504539  -3.5528042 2026 01 16 00 10 01.84
0 -20128.51958  15247.37232  -3196.38490   0.4491205  -0.1575045  -3.5512756 2026 01 16 00 10 21.84
0 -20119.46586  15244.15172  -3267.39452   0.4562404  -0.1645748  -3.5497127 2026 01 16 00 10 41.84
0 -20110.26998  15240.78952  -3338.37253   0.4633363  -0.1716646  -3.5481154 2026 01 16 00 11 01.84
0 -20100.93243  15237.28533  -3409.31826   0.4704080  -0.1787738  -3.5464838 2026 01 16 00 11 21.84
0 -20091.45369  15233.63876  -3480.23101   0.4774556  -0.1859023  -3.5448179 2026 01 16 00 11 41.84
0 -20081.83424  15229.84943  -3551.11010   0.4844787  -0.1930500  -3.5431177 2026 01 16 00 12 01.84
0 -20072.07457  15225.91696  -3621.95484   0.4914775  -0.2002168  -3.5413832 2026 01 16 00 12 21.84
0 -20062.17517  15221.84096  -3692.76455   0.4984516  -0.2074025  -3.5396145 2026 01 16 00 12 41.84
0 -20052.13653  15217.62106  -3763.53855   0.5054011  -0.2146070  -3.5378115 2026 01 16 00 13 01.84
0 -20041.95916  15213.25688  -3834.27614   0.5123258  -0.2218301  -3.5359743 2026 01 16 00 13 21.84
0 -20031.64354  15208.74806  -3904.97664   0.5192256  -0.2290718  -3.5341028 2026 01 16 00 13 41.84
0 -20021.19017  15204.09422  -3975.63938   0.5261004  -0.2363319  -3.5321972 2026 01 16 00 14 01.84
0 -20010.59956  15199.29499  -4046.26365   0.5329501  -0.2436103  -3.5302573 2026 01 16 00 14 21.84
0 -19999.87221  15194.35001  -4116.84879   0.5397746  -0.2509069  -3.5282833 2026 01 16 00 14 41.84
0 -19989.00862  15189.25893  -4187.39411   0.5465738  -0.2582215  -3.5262752 2026 01 16 00 15 01.84
0 -19978.00930  15184.02137  -4257.89893   0.5533476  -0.2655539  -3.5242330 2026 01 16 00 15 21.84
0 -19966.87476  15178.63699  -4328.36256   0.5600959  -0.2729042  -3.5221566 2026 01 16 00 15 41.84
0 -19955.60552  15173.10542  -4398.78432   0.5668185  -0.2802721  -3.5200462 2026 01 16 00 16 01.84
0 -19944.20208  15167.42632  -4469.16353   0.5735154  -0.2876575  -3.5179017 2026 01 16 00 16 21.84
0 -19932.66495  15161.59934  -4539.49952   0.5801865  -0.2950603  -3.5157231 2026 01 16 00 16 41.84
0 -19920.99467  15155.62414  -4609.79159   0.5868317  -0.3024803  -3.5135105 2026 01 16 00 17 01.84
0 -19909.19175  15149.50036  -4680.03907   0.5934508  -0.3099174  -3.5112640 2026 01 16 00 17 21.84
0 -19897.25670  15143.22767  -4750.24128   0.6000438  -0.3173715  -3.5089834 2026 01 16 00 17 41.84
0 -19885.19006  15136.80573  -4820.39753   0.6066105  -0.3248425  -3.5066689 2026 01 16 00 18 01.84
0 -19872.99234  15130.23420  -4890.50716   0.6131510  -0.3323302  -3.5043204 2026 01 16 00 18 21.84
0 -19860.66408  15123.51276  -4960.56948   0.6196650  -0.3398344  -3.5019381 2026 01 16 00 18 41.84
0 -19848.20581  15116.64106  -5030.58382   0.6261524  -0.3473551  -3.4995218 2026 01 16 00 19 01.84
0 -19835.61805  15109.61879  -5100.54949   0.6326133  -0.3548921  -3.4970717 2026 01 16 00 19 21.84
0 -19822.90135  15102.44562  -5170.46582   0.6390474  -0.3624453  -3.4945877 2026 01 16 00 19 41.84
0 -19810.05623  15095.12122  -5240.33213   0.6454547  -0.3700145  -3.4920699 2026 01 16 00 20 01.84
0 -19797.08323  15087.64528  -5310.14775   0.6518351  -0.3775996  -3.4895184 2026 01 16 00 20 21.84
0 -19783.98290  15080.01748  -5379.91200   0.6581885  -0.3852005  -3.4869330 2026 01 16 00 20 41.84
0 -19770.75577  15072.23751  -5449.62421   0.6645148  -0.3928170  -3.4843139 2026 01 16 00 21 01.84
0 -19757.40239  15064.30505  -5519.28369   0.6708139  -0.4004490  -3.4816611 2026 01 16 00 21 21.84
0 -19743.92330  15056.21980  -5588.88978   0.6770857  -0.4080964  -3.4789745 2026 01 16 00 21 41.84
0 -19730.31904  15047.98145  -5658.44181   0.6833302  -0.4157590  -3.4762544 2026 01 16 00 22 01.84
0 -19716.59017  15039.58970  -5727.93910   0.6895471  -0.4234366  -3.4735005 2026 01 16 00 22 21.84
0 -19702.73724  15031.04424  -5797.38097   0.6957365  -0.4311292  -3.4707131 2026 01 16 00 22 41.84
0 -19688.76080  15022.34479  -5866.76676   0.7018982  -0.4388366  -3.4678920 2026 01 16 00 23 01.84
0 -19674.66141  15013.49104  -5936.09579   0.7080322  -0.4465587  -3.4650374 2026 01 16 00 23 21.84
0 -19660.43961  15004.48270  -6005.36739   0.7141384  -0.4542953  -3.4621492 2026 01 16 00 23 41.84
0 -19646.09597  14995.31949  -6074.58090   0.7202166  -0.4620463  -3.4592276 2026 01 16 00 24 01.84
0 -19631.63104  14986.00112  -6143.73563   0.7262668  -0.4698115  -3.4562724 2026 01 16 00 24 21.84
0 -19617.04539  14976.52731  -6212.83094   0.7322889  -0.4775908  -3.4532838 2026 01 16 00 24 41.84
0 -19602.33958  14966.89776  -6281.86613   0.7382828  -0.4853840  -3.4502618 2026 01 16 00 25 01.84
0 -19587.51418  14957.11222  -6350.84055   0.7442485  -0.4931911  -3.4472064 2026 01 16 00 25 21.84
0 -19572.56975  14947.17040  -6419.75353   0.7501858  -0.5010119  -3.4441176 2026 01 16 00 25 41.84
0 -19557.50685  14937.07202  -6488.60440   0.7560946  -0.5088462  -3.4409955 2026 01 16 00 26 01.84
0 -19542.32607  14926.81683  -6557.39249   0.7619749  -0.5166938  -3.4378401 2026 01 16 00 26 21.84
0 -19527.02796  14916.40455  -6626.11715   0.7678266  -0.5245548  -3.4346514 2026 01 16 00 26 41.84
0 -19511.61311  14905.83493  -6694.77769   0.7736496  -0.5324288  -3.4314294 2026 01 16 00 27 01.84
0 -19496.08209  14895.10769  -6763.37347   0.7794439  -0.5403158  -3.4281743 2026 01 16 00 27 21.84
0 -19480.43547  14884.22258  -6831.90381   0.7852092  -0.5482156  -3.4248859 2026 01 16 00 27 41.84
0 -19464.67384  14873.17936  -6900.36805   0.7909456  -0.5561280  -3.4215644 2026 01 16 00 28 01.84
0 -19448.79776  14861.97776  -6968.76554   0.7966530  -0.5640530  -3.4182098 2026 01 16 00 28 21.84
0 -19432.80783  14850.61753  -7037.09559   0.8023313  -0.5719904  -3.4148221 2026 01 16 00 28 41.84
0 -19416.70463  14839.09844  -7105.35757   0.8079804  -0.5799400  -3.4114014 2026 01 16 00 29 01.84
0 -19400.48874  14827.42023  -7173.55080   0.8136003  -0.5879017  -3.4079476 2026 01 16 00 29 21.84
0 -19384.16074  14815.58267  -7241.67462   0.8191908  -0.5958754  -3.4044608 2026 01 16 00 29 41.84
0 -19367.72123  14803.58552  -7309.72839   0.8247519  -0.6038608  -3.4009411 2026 01 16 00 30 01.84
0 -19351.17079  14791.42854  -7377.71142   0.8302835  -0.6118579  -3.3973885 2026 01 16 00 30 21.84
0 -19334.51002  14779.11151  -7445.62308   0.8357855  -0.6198665  -3.3938030 2026 01 16 00 30 41.84
0 -19317.73950  14766.63419  -7513.46270   0.8412579  -0.6278865  -3.3901846 2026 01 16 00 31 01.84
0 -19300.85984  14753.99636  -7581.22962   0.8467005  -0.6359177  -3.3865334 2026 01 16 00 31 21.84
0 -19283.87162  14741.19780  -7648.92319   0.8521134  -0.6439599  -3.3828495 2026 01 16 00 31 41.84
0 -19266.77544  14728.23828  -7716.54275   0.8574964  -0.6520130  -3.3791328 2026 01 16 00 32 01.84
0 -19249.57190  14715.11760  -7784.08766   0.8628495  -0.6600769  -3.3753833 2026 01 16 00 32 21.84
0 -19232.26160  14701.83553  -7851.55725   0.8681725  -0.6681514  -3.3716013 2026 01 16 00 32 41.84
0 -19214.84514  14688.39186  -7918.95087   0.8734654  -0.6762364  -3.3677865 2026 01 16 00 33 01.84
0 -19197.32312  14674.78640  -7986.26787   0.8787282  -0.6843317  -3.3639392 2026 01 16 00 33 21.84
0 -19179.69615  14661.01892  -8053.50760   0.8839608  -0.6924372  -3.3600593 2026 01 16 00 33 41.84
0 -19161.96483  14647.08924  -8120.66940   0.8891631  -0.7005527  -3.3561469 2026 01 16 00 34 01.84
0 -19144.12977  14632.99715  -8187.75263   0.8943350  -0.7086780  -3.3522020 2026 01 16 00 34 21.84
0 -19126.19158  14618.74245  -8254.75665   0.8994765  -0.7168131  -3.3482247 2026 01 16 00 34 41.84
0 -19108.15086  14604.32496  -8321.68079   0.9045874  -0.7249577  -3.3442149 2026 01 16 00 35 01.84
0 -19090.00824  14589.74448  -8388.52441   0.9096678  -0.7331117  -3.3401728 2026 01 16 00 35 21.84
0 -19071.76430  14575.00083  -8455.28686   0.9147176  -0.7412751  -3.3360984 2026 01 16 00 35 41.84
0 -19053.41969  14560.09382  -8521.96751   0.9197367  -0.7494475  -3.3319916 2026 01 16 00 36 01.84
0 -19034.97499  14545.02328  -8588.56570   0.9247250  -0.7576289  -3.3278526 2026 01 16 00 36 21.84
0 -19016.43084  14529.78902  -8655.08078   0.9296824  -0.7658190  -3.3236814 2026 01 16 00 36 41.84
0 -18997.78785  14514.39087  -8721.51212   0.9346090  -0.7740179  -3.3194781 2026 01 16 00 37 01.84
0 -18979.04664  14498.82865  -8787.85908   0.9395046  -0.7822252  -3.3152426 2026 01 16 00 37 21.84
0 -18960.20783  14483.10221  -8854.12100   0.9443692  -0.7904409  -3.3109750 2026 01 16 00 37 41.84
0 -18941.27204  14467.21137  -8920.29725   0.9492028  -0.7986648  -3.3066753 2026 01 16 00 38 01.84
0 -18922.23988  14451.15598  -8986.38718   0.9540052  -0.8068967  -3.3023437 2026 01 16 00 38 21.84
0 -18903.11200  14434.93587  -9052.39017   0.9587763  -0.8151366  -3.2979801 2026 01 16 00 38 41.84
0 -18883.88900  14418.55088  -9118.30556   0.9635163  -0.8233841  -3.2935845 2026 01 16 00 39 01.84
0 -18864.57152  14402.00087  -9184.13272   0.9682249  -0.8316393  -3.2891571 2026 01 16 00 39 21.84
0 -18845.16017  14385.28568  -9249.87102   0.9729021  -0.8399018  -3.2846979 2026 01 16 00 39 41.84
0 -18825.65560  14368.40516  -9315.51982   0.9775479  -0.8481717  -3.2802068 2026 01 16 00 40 01.84
0 -18806.05843  14351.35918  -9381.07847   0.9821622  -0.8564486  -3.2756840 2026 01 16 00 40 21.84
0 -18786.36929  14334.14759  -9446.54636   0.9867450  -0.8647325  -3.2711295 2026 01 16 00 40 41.84
0 -18766.58881  14316.77026  -9511.92283   0.9912961  -0.8730233  -3.2665434 2026 01 16 00 41 01.84
0 -18746.71762  14299.22704  -9577.20727   0.9958156  -0.8813207  -3.2619256 2026 01 16 00 41 21.84
0 -18726.75636  14281.51781  -9642.39904   1.0003034  -0.8896245  -3.2572762 2026 01 16 00 41 41.84
0 -18706.70567  14263.64244  -9707.49750   1.0047594  -0.8979348  -3.2525954 2026 01 16 00 42 01.84
0 -18686.56617  14245.60081  -9772.50204   1.0091837  -0.9062512  -3.2478830 2026 01 16 00 42 21.84
0 -18666.33850  14227.39278  -9837.41201   1.0135760  -0.9145736  -3.2431392 2026 01 16 00 42 41.84
0 -18646.02331  14209.01825  -9902.22679   1.0179364  -0.9229019  -3.2383641 2026 01 16 00 43 01.84
0 -18625.62123  14190.47710  -9966.94576   1.0222649  -0.9312360  -3.2335575 2026 01 16 00 43 21.84
0 -18605.13291  14171.76921 -10031.56828   1.0265613  -0.9395756  -3.2287197 2026 01 16 00 43 41.84
0 -18584.55897  14152.89447 -10096.09374   1.0308257  -0.9479205  -3.2238507 2026 01 16 00 44 01.84
0 -18563.90007  14133.85278 -10160.52150   1.0350579  -0.9562708  -3.2189504 2026 01 16 00 44 21.84
0 -18543.15685  14114.64404 -10224.85095   1.0392580  -0.9646261  -3.2140190 2026 01 16 00 44 41.84
0 -18522.32994  14095.26814 -10289.08145   1.0434259  -0.9729864  -3.2090565 2026 01 16 00 45 01.84
0 -18501.42001  14075.72499 -10353.21240   1.0475615  -0.9813514  -3.2040629 2026 01 16 00 45 21.84
0 -18480.42768  14056.01449 -10417.24316   1.0516648  -0.9897211  -3.1990383 2026 01 16 00 45 41.84
0 -18459.35361  14036.13656 -10481.17312   1.0557357  -0.9980952  -3.1939827 2026 01 16 00 46 01.84
0 -18438.19845  14016.09110 -10545.00167   1.0597743  -1.0064736  -3.1888963 2026 01 16 00 46 21.84
0 -18416.96284  13995.87803 -10608.72817   1.0637804  -1.0148561  -3.1837789 2026 01 16 00 46 41.84
0 -18395.64743  13975.49727 -10672.35202   1.0677541  -1.0232427  -3.1786308 2026 01 16 00 47 01.84
0 -18374.25288  13954.94874 -10735.87260   1.0716952  -1.0316330  -3.1734519 2026 01 16 00 47 21.84
0 -18352.77983  13934.23237 -10799.28930   1.0756038  -1.0400270  -3.1682423 2026 01 16 00 47 41.84
0 -18331.22893  13913.34809 -10862.60150   1.0794798  -1.0484246  -3.1630020 2026 01 16 00 48 01.84
0 -18309.60084  13892.29581 -10925.80859   1.0833231  -1.0568255  -3.1577312 2026 01 16 00 48 21.84
0 -18287.89621  13871.07550 -10988.90995   1.0871337  -1.0652295  -3.1524297 2026 01 16 00 48 41.84
0 -18266.11570  13849.68706 -11051.90498   1.0909116  -1.0736366  -3.1470978 2026 01 16 00 49 01.84
0 -18244.25996  13828.13046 -11114.79307   1.0946568  -1.0820466  -3.1417354 2026 01 16 00 49 21.84
0 -18222.32964  13806.40564 -11177.57361   1.0983692  -1.0904593  -3.1363426 2026 01 16 00 49 41.84
0 -18200.32540  13784.51253 -11240.24598   1.1020487  -1.0988745  -3.1309195 2026 01 16 00 50 01.84
0 -18178.24790  13762.45109 -11302.80960   1.1056954  -1.1072921  -3.1254660 2026 01 16 00 50 21.84
0 -18156.09780  13740.22129 -11365.26384   1.1093092  -1.1157120  -3.1199824 2026 01 16 00 50 41.84
0 -18133.87575  13717.82306 -11427.60810   1.1128900  -1.1241339  -3.1144685 2026 01 16 00 51 01.84
0 -18111.58242  13695.25638 -11489.84179   1.1164379  -1.1325578  -3.1089245 2026 01 16 00 51 21.84
0 -18089.21846  13672.52120 -11551.96430   1.1199528  -1.1409834  -3.1033504 2026 01 16 00 51 41.84
0 -18066.78453  13649.61749 -11613.97502   1.1234346  -1.1494105  -3.0977463 2026 01 16 00 52 01.84
0 -18044.28129  13626.54523 -11675.87337   1.1268834  -1.1578391  -3.0921122 2026 01 16 00 52 21.84
0 -18021.70941  13603.30438 -11737.65873   1.1302990  -1.1662690  -3.0864482 2026 01 16 00 52 41.84
0 -17999.06955  13579.89493 -11799.33051   1.1336816  -1.1747000  -3.0807543 2026 01 16 00 53 01.84
0 -17976.36238  13556.31684 -11860.88812   1.1370310  -1.1831320  -3.0750306 2026 01 16 00 53 21.84
0 -17953.58854  13532.57011 -11922.33096   1.1403472  -1.1915647  -3.0692772 2026 01 16 00 53 41.84
0 -17930.74871  13508.65472 -11983.65843   1.1436302  -1.1999980  -3.0634940 2026 01 16 00 54 01.84
0 -17907.84356  13484.57066 -12044.86995   1.1468800  -1.2084319  -3.0576813 2026 01 16 00 54 21.84
0 -17884.87374  13460.31792 -12105.96491   1.1500965  -1.2168660  -3.0518389 2026 01 16 00 54 41.84
0 -17861.83993  13435.89649 -12166.94273   1.1532797  -1.2253003  -3.0459670 2026 01 16 00 55 01.84
0 -17838.74279  13411.30638 -12227.80282   1.1564296  -1.2337345  -3.0400657 2026 01 16 00 55 21.84
0 -17815.58298  13386.54759 -12288.54459   1.1595461  -1.2421686  -3.0341349 2026 01 16 00 55 41.84
0 -17792.36118  13361.62012 -12349.16745   1.1626293  -1.2506023  -3.0281748 2026 01 16 00 56 01.84
0 -17769.07804  13336.52398 -12409.67081   1.1656792  -1.2590355  -3.0221854 2026 01 16 00 56 21.84
0 -17745.73425  13311.25918 -12470.05410   1.1686956  -1.2674681  -3.0161668 2026 01 16 00 56 41.84
0 -17722.33046  13285.82574 -12530.31672   1.1716785  -1.2758999  -3.0101190 2026 01 16 00 57 01.84
0 -17698.86734  13260.22367 -12590.45809   1.1746281  -1.2843306  -3.0040420 2026 01 16 00 57 21.84
0 -17675.34557  13234.45300 -12650.47764   1.1775442  -1.2927602  -2.9979360 2026 01 16 00 57 41.84
0 -17651.76582  13208.51376 -12710.37477   1.1804267  -1.3011885  -2.9918010 2026 01 16 00 58 01.84
0 -17628.12874  13182.40596 -12770.14892   1.1832758  -1.3096154  -2.9856371 2026 01 16 00 58 21.84
0 -17604.43502  13156.12964 -12829.79950   1.1860914  -1.3180406  -2.9794443 2026 01 16 00 58 41.84
0 -17580.68533  13129.68483 -12889.32594   1.1888734  -1.3264640  -2.9732226 2026 01 16 00 59 01.84
0 -17556.88033  13103.07158 -12948.72765   1.1916219  -1.3348854  -2.9669722 2026 01 16 00 59 21.84
0 -17533.02070  13076.28992 -13008.00407   1.1943368  -1.3433047  -2.9606931 2026 01 16 00 59 41.84
0 -17509.10711  13049.33990 -13067.15462   1.1970181  -1.3517218  -2.9543854 2026 01 16 01 00 01.84
0 -17485.14022  13022.22156 -13126.17874   1.1996658  -1.3601364  -2.9480491 2026 01 16 01 00 21.84
0 -17461.12072  12994.93496 -13185.07584   1.2022799  -1.3685484  -2.9416843 2026 01 16 01 00 41.84
0 -17437.04928  12967.48014 -13243.84536   1.2048604  -1.3769576  -2.9352910 2026 01 16 01 01 01.84
0 -17412.92656  12939.85717 -13302.48673   1.2074072  -1.3853639  -2.9288694 2026 01 16 01 01 21.84
0 -17388.75324  12912.06610 -13360.99939   1.2099204  -1.3937672  -2.9224194 2026 01 16 01 01 41.84
0 -17364.52999  12884.10700 -13419.38277   1.2124000  -1.4021671  -2.9159411 2026 01 16 01 02 01.84
0 -17340.25749  12855.97994 -13477.63629   1.2148458  -1.4105637  -2.9094347 2026 01 16 01 02 21.84
0 -17315.93641  12827.68498 -13535.75941   1.2172580  -1.4189567  -2.9029001 2026 01 16 01 02 41.84
0 -17291.56742  12799.22220 -13593.75156   1.2196366  -1.4273459  -2.8963374 2026 01 16 01 03 01.84
0 -17267.15120  12770.59167 -13651.61217   1.2219814  -1.4357313  -2.8897468 2026 01 16 01 03 21.84
0 -17242.68843  12741.79348 -13709.34069   1.2242925  -1.4441125  -2.8831282 2026 01 16 01 03 41.84
0 -17218.17976  12712.82771 -13766.93656   1.2265700  -1.4524896  -2.8764817 2026 01 16 01 04 01.84
0 -17193.62589  12683.69443 -13824.39923   1.2288137  -1.4608623  -2.8698074 2026 01 16 01 04 21.84
0 -17169.02747  12654.39375 -13881.72813   1.2310237  -1.4692304  -2.8631053 2026 01 16 01 04 41.84
0 -17144.38520  12624.92576 -13938.92271   1.2332000  -1.4775938  -2.8563756 2026 01 16 01 05 01.84
0 -17119.69973  12595.29054 -13995.98242   1.2353426  -1.4859524  -2.8496182 2026 01 16 01 05 21.84
0 -17094.97176  12565.48821 -14052.90671   1.2374514  -1.4943059  -2.8428333 2026 01 16 01 05 41.84
0 -17070.20194  12535.51886 -14109.69503   1.2395266  -1.5026542  -2.8360209 2026 01 16 01 06 01.84
0 -17045.39096  12505.38259 -14166.34683   1.2415680  -1.5109972  -2.8291811 2026 01 16 01 06 21.84
0 -17020.53949  12475.07952 -14222.86155   1.2435757  -1.5193346  -2.8223140 2026 01 16 01 06 41.84
0 -16995.64820  12444.60976 -14279.23867   1.2455496  -1.5276664  -2.8154195 2026 01 16 01 07 01.84
0 -16970.71777  12413.97342 -14335.47762   1.2474899  -1.5359924  -2.8084979 2026 01 16 01 07 21.84
0 -16945.74887  12383.17063 -14391.57786   1.2493964  -1.5443123  -2.8015490 2026 01 16 01 07 41.84
0 -16920.74218  12352.20149 -14447.53886   1.2512692  -1.5526261  -2.7945731 2026 01 16 01 08 01.84
0 -16895.69837  12321.06615 -14503.36007   1.2531083  -1.5609335  -2.7875702 2026 01 16 01 08 21.84
0 -16870.61812  12289.76472 -14559.04096   1.2549137  -1.5692345  -2.7805404 2026 01 16 01 08 41.84
0 -16845.50209  12258.29734 -14614.58098   1.2566854  -1.5775288  -2.7734836 2026 01 16 01 09 01.84
0 -16820.35097  12226.66414 -14669.97959   1.2584234  -1.5858163  -2.7664001 2026 01 16 01 09 21.84
0 -16795.16543  12194.86526 -14725.23627   1.2601277  -1.5940968  -2.7592898 2026 01 16 01 09 41.84
0 -16769.94614  12162.90084 -14780.35048   1.2617983  -1.6023702  -2.7521528 2026 01 16 01 10 01.84
0 -16744.69377  12130.77103 -14835.32168   1.2634352  -1.6106363  -2.7449893 2026 01 16 01 10 21.84
0 -16719.40900  12098.47597 -14890.14935   1.2650385  -1.6188950  -2.7377992 2026 01 16 01 10 41.84
0 -16694.09251  12066.01582 -14944.83295   1.2666081  -1.6271461  -2.7305826 2026 01 16 01 11 01.84
0 -16668.74495  12033.39072 -14999.37195   1.2681441  -1.6353893  -2.7233397 2026 01 16 01 11 21.84
0 -16643.36702  12000.60083 -15053.76584   1.2696464  -1.6436247  -2.7160704 2026 01 16 01 11 41.84
0 -16617.95937  11967.64632 -15108.01407   1.2711151  -1.6518519  -2.7087749 2026 01 16 01 12 01.84
0 -16592.52269  11934.52734 -15162.11614   1.2725503  -1.6600709  -2.7014533 2026 01 16 01 12 21.84
0 -16567.05764  11901.24408 -15216.07151   1.2739518  -1.6682815  -2.6941055 2026 01 16 01 12 41.84
0 -16541.56490  11867.79668 -15269.87967   1.2753197  -1.6764835  -2.6867317 2026 01 16 01 13 01.84
0 -16516.04514  11834.18533 -15323.54009   1.2766540  -1.6846768  -2.6793319 2026 01 16 01 13 21.84
0 -16490.49902  11800.41021 -15377.05225   1.2779548  -1.6928611  -2.6719062 2026 01 16 01 13 41.84
0 -16464.92722  11766.47149 -15430.41565   1.2792221  -1.7010365  -2.6644547 2026 01 16 01 14 01.84
0 -16439.33042  11732.36936 -15483.62976   1.2804558  -1.7092026  -2.6569775 2026 01 16 01 14 21.84
0 -16413.70928  11698.10400 -15536.69407   1.2816560  -1.7173593  -2.6494746 2026 01 16 01 14 41.84
0 -16388.06446  11663.67560 -15589.60806   1.2828228  -1.7255065  -2.6419461 2026 01 16 01 15 01.84
0 -16362.39665  11629.08435 -15642.37123   1.2839560  -1.7336440  -2.6343921 2026 01 16 01 15 21.84
0 -16336.70651  11594.33045 -15694.98307   1.2850559  -1.7417717  -2.6268126 2026 01 16 01 15 41.84
0 -16310.99470  11559.41410 -15747.44306   1.2861222  -1.7498893  -2.6192078 2026 01 16 01 16 01.84
0 -16285.26190  11524.33550 -15799.75071   1.2871552  -1.7579968  -2.6115776 2026 01 16 01 16 21.84
0 -16259.50878  11489.09485 -15851.90549   1.2881548  -1.7660939  -2.6039222 2026 01 16 01 16 41.84
0 -16233.73600  11453.69237 -15903.90693   1.2891211  -1.7741806  -2.5962417 2026 01 16 01 17 01.84
0 -16207.94422  11418.12826 -15955.75449   1.2900540  -1.7822566  -2.5885361 2026 01 16 01 17 21.84
0 -16182.13412  11382.40274 -16007.44770   1.2909536  -1.7903218  -2.5808055 2026 01 16 01 17 41.84
0 -16156.30637  11346.51602 -16058.98605   1.2918198  -1.7983760  -2.5730500 2026 01 16 01 18 01.84
0 -16130.46162  11310.46833 -16110.36904   1.2926529  -1.8064191  -2.5652696 2026 01 16 01 18 21.84
0 -16104.60054  11274.25989 -16161.59617   1.2934527  -1.8144510  -2.5574644 2026 01 16 01 18 41.84
0 -16078.72381  11237.89093 -16212.66696   1.2942192  -1.8224714  -2.5496346 2026 01 16 01 19 01.84
0 -16052.83207  11201.36167 -16263.58090   1.2949526  -1.8304802  -2.5417801 2026 01 16 01 19 21.84
0 -16026.92599  11164.67236 -16314.33751   1.2956528  -1.8384772  -2.5339011 2026 01 16 01 19 41.84
0 -16001.00625  11127.82323 -16364.93629   1.2963199  -1.8464624  -2.5259976 2026 01 16 01 20 01.84
0 -15975.07349  11090.81451 -16415.37676   1.2969539  -1.8544355  -2.5180697 2026 01 16 01 20 21.84
0 -15949.12838  11053.64646 -16465.65843   1.2975549  -1.8623963  -2.5101175 2026 01 16 01 20 41.84
0 -15923.17159  11016.31931 -16515.78081   1.2981228  -1.8703448  -2.5021411 2026 01 16 01 21 01.84
0 -15897.20377  10978.83332 -16565.74343   1.2986577  -1.8782808  -2.4941405 2026 01 16 01 21 21.84
0 -15871.22558  10941.18873 -16615.54579   1.2991596  -1.8862041  -2.4861159 2026 01 16 01 21 41.84
0 -15845.23768  10903.38581 -16665.18742   1.2996285  -1.8941145  -2.4780672 2026 01 16 01 22 01.84
0 -15819.24073  10865.42482 -16714.66784   1.3000646  -1.9020119  -2.4699946 2026 01 16 01 22 21.84
0 -15793.23539  10827.30600 -16763.98657   1.3004678  -1.9098961  -2.4618982 2026 01 16 01 22 41.84
0 -15767.22232  10789.02964 -16813.14313   1.3008382  -1.9177671  -2.4537780 2026 01 16 01 23 01.84
0 -15741.20216  10750.59599 -16862.13705   1.3011757  -1.9256245  -2.4456341 2026 01 16 01 23 21.84
0 -15715.17558  10712.00532 -16910.96786   1.3014805  -1.9334684  -2.4374666 2026 01 16 01 23 41.84
0 -15689.14324  10673.25792 -16959.63509   1.3017526  -1.9412985  -2.4292756 2026 01 16 01 24 01.84
0 -15663.10578  10634.35406 -17008.13826   1.3019919  -1.9491146  -2.4210612 2026 01 16 01 24 21.84
0 -15637.06386  10595.29401 -17056.47691   1.3021987  -1.9569166  -2.4128233 2026 01 16 01 24 41.84
0 -15611.01813  10556.07807 -17104.65056   1.3023728  -1.9647044  -2.4045622 2026 01 16 01 25 01.84
0 -15584.96925  10516.70651 -17152.65877   1.3025143  -1.9724779  -2.3962779 2026 01 16 01 25 21.84
0 -15558.91786  10477.17964 -17200.50106   1.3026234  -1.9802367  -2.3879705 2026 01 16 01 25 41.84
0 -15532.86462  10437.49773 -17248.17697   1.3026999  -1.9879809  -2.3796400 2026 01 16 01 26 01.84
0 -15506.81017  10397.66109 -17295.68604   1.3027440  -1.9957102  -2.3712866 2026 01 16 01 26 21.84
0 -15480.75516  10357.67001 -17343.02782   1.3027556  -2.0034245  -2.3629103 2026 01 16 01 26 41.84
0 -15454.70024  10317.52480 -17390.20184   1.3027350  -2.0111236  -2.3545111 2026 01 16 01 27 01.84
0 -15428.64606  10277.22576 -17437.20765   1.3026820  -2.0188074  -2.3460893 2026 01 16 01 27 21.84
0 -15402.59327  10236.77320 -17484.04481   1.3025967  -2.0264758  -2.3376449 2026 01 16 01 27 41.84
0 -15376.54250  10196.16743 -17530.71284   1.3024792  -2.0341285  -2.3291779 2026 01 16 01 28 01.84
0 -15350.49440  10155.40876 -17577.21131   1.3023295  -2.0417655  -2.3206884 2026 01 16 01 28 21.84
0 -15324.44962  10114.49751 -17623.53977   1.3021477  -2.0493865  -2.3121765 2026 01 16 01 28 41.84
0 -15298.40880  10073.43400 -17669.69777   1.3019339  -2.0569915  -2.3036423 2026 01 16 01 29 01.84
0 -15272.37257  10032.21856 -17715.68487   1.3016880  -2.0645802  -2.2950860 2026 01 16 01 29 21.84
0 -15246.34158   9990.85150 -17761.50062   1.3014101  -2.0721526  -2.2865075 2026 01 16 01 29 41.84
0 -15220.31647   9949.33316 -17807.14457   1.3011002  -2.0797085  -2.2779069 2026 01 16 01 30 01.84
0 -15194.29788   9907.66387 -17852.61630   1.3007585  -2.0872476  -2.2692844 2026 01 16 01 30 21.84
0 -15168.28644   9865.84397 -17897.91536   1.3003849  -2.0947700  -2.2606399 2026 01 16 01 30 41.84
0 -15142.28279   9823.87379 -17943.04131   1.2999796  -2.1022754  -2.2519737 2026 01 16 01 31 01.84
0 -15116.28756   9781.75368 -17987.99372   1.2995425  -2.1097636  -2.2432858 2026 01 16 01 31 21.84
0 -15090.30139   9739.48397 -18032.77216   1.2990738  -2.1172346  -2.2345762 2026 01 16 01 31 41.84
0 -15064.32492   9697.06501 -18077.37619   1.2985734  -2.1246882  -2.2258451 2026 01 16 01 32 01.84
0 -15038.35876   9654.49717 -18121.80538   1.2980415  -2.1321242  -2.2170926 2026 01 16 01 32 21.84
0 -15012.40356   9611.78077 -18166.05931   1.2974781  -2.1395425  -2.2083187 2026 01 16 01 32 41.84
0 -14986.45995   9568.91620 -18210.13755   1.2968832  -2.1469429  -2.1995234 2026 01 16 01 33 01.84
0 -14960.52854   9525.90379 -18254.03968   1.2962569  -2.1543253  -2.1907070 2026 01 16 01 33 21.84
0 -14934.60998   9482.74392 -18297.76526   1.2955992  -2.1616895  -2.1818695 2026 01 16 01 33 41.84
0 -14908.70488   9439.43695 -18341.31389   1.2949103  -2.1690355  -2.1730109 2026 01 16 01 34 01.84
0 -14882.81388   9395.98324 -18384.68513   1.2941901  -2.1763630  -2.1641314 2026 01 16 01 34 21.84
0 -14856.93759   9352.38317 -18427.87858   1.2934388  -2.1836718  -2.1552311 2026 01 16 01 34 41.84
0 -14831.07663   9308.63711 -18470.89381   1.2926564  -2.1909620  -2.1463100 2026 01 16 01 35 01.84
0 -14805.23164   9264.74543 -18513.73042   1.2918429  -2.1982332  -2.1373682 2026 01 16 01 35 21.84
0 -14779.40323   9220.70852 -18556.38798   1.2909985  -2.2054855  -2.1284058 2026 01 16 01 35 41.84
0 -14753.59201   9176.52676 -18598.86609   1.2901231  -2.2127185  -2.1194229 2026 01 16 01 36 01.84
0 -14727.79861   9132.20053 -18641.16434   1.2892168  -2.2199322  -2.1104195 2026 01 16 01 36 21.84
0 -14702.02365   9087.73022 -18683.28232   1.2882798  -2.2271265  -2.1013959 2026 01 16 01 36 41.84
0 -14676.26773   9043.11623 -18725.21963   1.2873120  -2.2343011  -2.0923520 2026 01 16 01 37 01.84
0 -14650.53148   8998.35893 -18766.97585   1.2863136  -2.2414560  -2.0832879 2026 01 16 01 37 21.84
0 -14624.81550   8953.45874 -18808.55060   1.2852845  -2.2485910  -2.0742038 2026 01 16 01 37 41.84
0 -14599.12041   8908.41605 -18849.94346   1.2842249  -2.2557059  -2.0650997 2026 01 16 01 38 01.84
0 -14573.44681   8863.23127 -18891.15405   1.2831349  -2.2628007  -2.0559757 2026 01 16 01 38 21.84
0 -14547.79532   8817.90479 -18932.18196   1.2820144  -2.2698751  -2.0468320 2026 01 16 01 38 41.84
0 -14522.16655   8772.43703 -18973.02679   1.2808636  -2.2769291  -2.0376685 2026 01 16 01 39 01.84
0 -14496.56109   8726.82839 -19013.68816   1.2796826  -2.2839624  -2.0284854 2026 01 16 01 39 21.84
0 -14470.97956   8681.07930 -19054.16567   1.2784713  -2.2909750  -2.0192827 2026 01 16 01 39 41.84
0 -14445.42255   8635.19016 -19094.45894   1.2772299  -2.2979668  -2.0100606 2026 01 16 01 40 01.84
0 -14419.89067   8589.16141 -19134.56757   1.2759585  -2.3049374  -2.0008192 2026 01 16 01 40 21.84
0 -14394.38452   8542.99344 -19174.49118   1.2746570  -2.3118869  -1.9915585 2026 01 16 01 40 41.84
0 -14368.90470   8496.68671 -19214.22939   1.2733257  -2.3188151  -1.9822787 2026 01 16 01 41 01.84
0 -14343.45181   8450.24162 -19253.78181   1.2719645  -2.3257219  -1.9729797 2026 01 16 01 41 21.84
0 -14318.02643   8403.65861 -19293.14806   1.2705735  -2.3326070  -1.9636618 2026 01 16 01 41 41.84
0 -14292.62918   8356.93812 -19332.32777   1.2691528  -2.3394705  -1.9543250 2026 01 16 01 42 01.84
0 -14267.26063   8310.08058 -19371.32055   1.2677025  -2.3463120  -1.9449693 2026 01 16 01 42 21.84
0 -14241.92139   8263.08643 -19410.12603   1.2662227  -2.3531316  -1.9355950 2026 01 16 01 42 41.84
0 -14216.61204   8215.95610 -19448.74384   1.2647134  -2.3599290  -1.9262020 2026 01 16 01 43 01.84
0 -14191.33317   8168.69006 -19487.17360   1.2631746  -2.3667042  -1.9167905 2026 01 16 01 43 21.84
0 -14166.08536   8121.28873 -19525.41496   1.2616066  -2.3734569  -1.9073606 2026 01 16 01 43 41.84
0 -14140.86921   8073.75257 -19563.46753   1.2600093  -2.3801871  -1.8979123 2026 01 16 01 44 01.84
0 -14115.68530   8026.08204 -19601.33095   1.2583829  -2.3868946  -1.8884458 2026 01 16 01 44 21.84
0 -14090.53421   7978.27759 -19639.00486   1.2567273  -2.3935792  -1.8789610 2026 01 16 01 44 41.84
0 -14065.41652   7930.33967 -19676.48890   1.2550428  -2.4002410  -1.8694583 2026 01 16 01 45 01.84
0 -14040.33281   7882.26876 -19713.78270   1.2533293  -2.4068796  -1.8599375 2026 01 16 01 45 21.84
0 -14015.28366   7834.06530 -19750.88591   1.2515870  -2.4134950  -1.8503989 2026 01 16 01 45 41.84
0 -13990.26964   7785.72976 -19787.79817   1.2498159  -2.4200870  -1.8408424 2026 01 16 01 46 01.84
0 -13965.29133   7737.26262 -19824.51912   1.2480162  -2.4266556  -1.8312683 2026 01 16 01 46 21.84
0 -13940.34931   7688.66435 -19861.04841   1.2461878  -2.4332005  -1.8216766 2026 01 16 01 46 41.84
0 -13915.44413   7639.93541 -19897.38570   1.2443309  -2.4397217  -1.8120673 2026 01 16 01 47 01.84
0 -13890.57638   7591.07630 -19933.53063   1.2424456  -2.4462190  -1.8024407 2026 01 16 01 47 21.84
0 -13865.74662   7542.08747 -19969.48285   1.2405319  -2.4526922  -1.7927967 2026 01 16 01 47 41.84
0 -13840.95542   7492.96942 -20005.24202   1.2385899  -2.4591413  -1.7831355 2026 01 16 01 48 01.84
0 -13816.20333   7443.72264 -20040.80780   1.2366198  -2.4655662  -1.7734571 2026 01 16 01 48 21.84
0 -13791.49093   7394.34760 -20076.17984   1.2346216  -2.4719666  -1.7637617 2026 01 16 01 48 41.84
0 -13766.81878   7344.84480 -20111.35780   1.2325953  -2.4783425  -1.7540494 2026 01 16 01 49 01.84
0 -13742.18743   7295.21472 -20146.34135   1.2305412  -2.4846937  -1.7443202 2026 01 16 01 49 21.84
0 -13717.59744   7245.45788 -20181.13015   1.2284592  -2.4910201  -1.7345742 2026 01 16 01 49 41.84
0 -13693.04937   7195.57475 -20215.72386   1.2263494  -2.4973216  -1.7248116 2026 01 16 01 50 01.84
0 -13668.54378   7145.56584 -20250.12216   1.2242120  -2.5035980  -1.7150324 2026 01 16 01 50 21.84
0 -13644.08121   7095.43166 -20284.32471   1.2220470  -2.5098492  -1.7052368 2026 01 16 01 50 41.84
0 -13619.66221   7045.17271 -20318.33118   1.2198545  -2.5160752  -1.6954248 2026 01 16 01 51 01.84
0 -13595.28733   6994.78949 -20352.14125   1.2176347  -2.5222756  -1.6855965 2026 01 16 01 51 21.84
0 -13570.95713   6944.28252 -20385.75459   1.2153875  -2.5284506  -1.6757520 2026 01 16 01 51 41.84
0 -13546.67214   6893.65231 -20419.17088   1.2131132  -2.5345998  -1.6658914 2026 01 16 01 52 01.84
0 -13522.43291   6842.89937 -20452.38980   1.2108117  -2.5407232  -1.6560148 2026 01 16 01 52 21.84
0 -13498.23998   6792.02422 -20485.41104   1.2084832  -2.5468207  -1.6461224 2026 01 16 01 52 41.84
0 -13474.09389   6741.02738 -20518.23426   1.2061278  -2.5528922  -1.6362141 2026 01 16 01 53 01.84
0 -13449.99518   6689.90938 -20550.85917   1.2037455  -2.5589374  -1.6262902 2026 01 16 01 53 21.84
0 -13425.94438   6638.67073 -20583.28544   1.2013365  -2.5649563  -1.6163506 2026 01 16 01 53 41.84
0 -13401.94203   6587.31198 -20615.51276   1.1989008  -2.5709488  -1.6063955 2026 01 16 01 54 01.84
0 -13377.98866   6535.83363 -20647.54083   1.1964386  -2.5769147  -1.5964250 2026 01 16 01 54 21.84
0 -13354.08479   6484.23624 -20679.36934   1.1939500  -2.5828540  -1.5864392 2026 01 16 01 54 41.84
0 -13330.23096   6432.52033 -20710.99798   1.1914350  -2.5887665  -1.5764382 2026 01 16 01 55 01.84
0 -13306.42770   6380.68644 -20742.42645   1.1888937  -2.5946520  -1.5664221 2026 01 16 01 55 21.84
0 -13282.67552   6328.73510 -20773.65445   1.1863263  -2.6005105  -1.5563909 2026 01 16 01 55 41.84
0 -13258.97496   6276.66688 -20804.68167   1.1837328  -2.6063419  -1.5463448 2026 01 16 01 56 01.84
0 -13235.32652   6224.48229 -20835.50783   1.1811133  -2.6121459  -1.5362839 2026 01 16 01 56 21.84
0 -13211.73073   6172.18190 -20866.13262   1.1784680  -2.6179226  -1.5262083 2026 01 16 01 56 41.84
0 -13188.18811   6119.76625 -20896.55575   1.1757969  -2.6236717  -1.5161180 2026 01 16 01 57 01.84
0 -13164.69916   6067.23590 -20926.77694   1.1731001  -2.6293932  -1.5060132 2026 01 16 01 57 21.84
0 -13141.26441   6014.59139 -20956.79588   1.1703778  -2.6350870  -1.4958940 2026 01 16 01 57 41.84
0 -13117.88436   5961.83329 -20986.61230   1.1676300  -2.6407529  -1.4857604 2026 01 16 01 58 01.84
0 -13094.55951   5908.96214 -21016.22590   1.1648568  -2.6463908  -1.4756126 2026 01 16 01 58 21.84
0 -13071.29039   5855.97853 -21045.63641   1.1620584  -2.6520006  -1.4654507 2026 01 16 01 58 41.84
0 -13048.07748   5802.88299 -21074.84354   1.1592348  -2.6575822  -1.4552747 2026 01 16 01 59 01.84
0 -13024.92130   5749.67611 -21103.84701   1.1563862  -2.6631355  -1.4450848 2026 01 16 01 59 21.84
0 -13001.82234   5696.35845 -21132.64655   1.1535127  -2.6686603  -1.4348811 2026 01 16 01 59 41.84
0 -12978.78109   5642.93058 -21161.24187   1.1506143  -2.6741566  -1.4246636 2026 01 16 02 00 01.84
0 -12955.79807   5589.39307 -21189.63271   1.1476911  -2.6796241  -1.4144324 2026 01 16 02 00 21.84
0 -12932.87375   5535.74649 -21217.81879   1.1447433  -2.6850629  -1.4041878 2026 01 16 02 00 41.84
0 -12910.00864   5481.99143 -21245.79985   1.1417711  -2.6904728  -1.3939297 2026 01 16 02 01 01.84
0 -12887.20321   5428.12847 -21273.57561   1.1387743  -2.6958537  -1.3836582 2026 01 16 02 01 21.84
0 -12864.45796   5374.15817 -21301.14580   1.1357533  -2.7012055  -1.3733735 2026 01 16 02 01 41.84
0 -12841.77338   5320.08113 -21328.51018   1.1327081  -2.7065281  -1.3630757 2026 01 16 02 02 01.84
0 -12819.14994   5265.89794 -21355.66847   1.1296388  -2.7118213  -1.3527648 2026 01 16 02 02 21.84
0 -12796.58813   5211.60917 -21382.62041   1.1265455  -2.7170850  -1.3424410 2026 01 16 02 02 41.84
0 -12774.08842   5157.21543 -21409.36575   1.1234283  -2.7223192  -1.3321044 2026 01 16 02 03 01.84
0 -12751.65130   5102.71729 -21435.90423   1.1202873  -2.7275238  -1.3217550 2026 01 16 02 03 21.84
0 -12729.27723   5048.11537 -21462.23559   1.1171227  -2.7326985  -1.3113930 2026 01 16 02 03 41.84
0 -12706.96669   4993.41025 -21488.35960   1.1139346  -2.7378434  -1.3010184 2026 01 16 02 04 01.84
0 -12684.72015   4938.60253 -21514.27598   1.1107230  -2.7429583  -1.2906314 2026 01 16 02 04 21.84
0 -12662.53807   4883.69282 -21539.98451   1.1074881  -2.7480431  -1.2802321 2026 01 16 02 04 41.84
0 -12640.42092   4828.68171 -21565.48492   1.1042300  -2.7530977  -1.2698205 2026 01 16 02 05 01.84
0 -12618.36917   4773.56981 -21590.77699   1.1009487  -2.7581220  -1.2593968 2026 01 16 02 05 21.84
0 -12596.38327   4718.35773 -21615.86046   1.0976445  -2.7631158  -1.2489611 2026 01 16 02 05 41.84
0 -12574.46368   4663.04608 -21640.73509   1.0943175  -2.7680792  -1.2385134 2026 01 16 02 06 01.84
0 -12552.61086   4607.63547 -21665.40066   1.0909677  -2.7730120  -1.2280540 2026 01 16 02 06 21.84
0 -12530.82527   4552.12651 -21689.85692   1.0875952  -2.7779140  -1.2175828 2026 01 16 02 06 41.84
0 -12509.10735   4496.51982 -21714.10364   1.0842002  -2.7827852  -1.2070999 2026 01 16 02 07 01.84
0 -12487.45756   4440.81601 -21738.14060   1.0807828  -2.7876255  -1.1966056 2026 01 16 02 07 21.84
0 -12465.87633   4385.01571 -21761.96755   1.0773431  -2.7924347  -1.1860998 2026 01 16 02 07 41.84
0 -12444.36413   4329.11954 -21785.58427   1.0738812  -2.7972129  -1.1755827 2026 01 16 02 08 01.84
0 -12422.92138   4273.12811 -21808.99054   1.0703973  -2.8019598  -1.1650544 2026 01 16 02 08 21.84
0 -12401.54853   4217.04206 -21832.18613   1.0668914  -2.8066754  -1.1545150 2026 01 16 02 08 41.84
0 -12380.24601   4160.86201 -21855.17083   1.0633637  -2.8113595  -1.1439646 2026 01 16 02 09 01.84
0 -12359.01427   4104.58860 -21877.94441   1.0598143  -2.8160122  -1.1334033 2026 01 16 02 09 21.84
0 -12337.85373   4048.22244 -21900.50666   1.0562433  -2.8206332  -1.1228312 2026 01 16 02 09 41.84
0 -12316.76483   3991.76419 -21922.85735   1.0526509  -2.8252225  -1.1122484 2026 01 16 02 10 01.84
0 -12295.74798   3935.21446 -21944.99629   1.0490371  -2.8297800  -1.1016549 2026 01 16 02 10 21.84
0 -12274.80363   3878.57391 -21966.92325   1.0454020  -2.8343056  -1.0910510 2026 01 16 02 10 41.84
0 -12253.93219   3821.84316 -21988.63804   1.0417459  -2.8387992  -1.0804367 2026 01 16 02 11 01.84
0 -12233.13409   3765.02287 -22010.14043   1.0380687  -2.8432607  -1.0698121 2026 01 16 02 11 21.84
0 -12212.40973   3708.11366 -22031.43023   1.0343707  -2.8476900  -1.0591773 2026 01 16 02 11 41.84
0 -12191.75954   3651.11620 -22052.50724   1.0306520  -2.8520870  -1.0485325 2026 01 16 02 12 01.84
0 -12171.18394   3594.03111 -22073.37125   1.0269126  -2.8564516  -1.0378776 2026 01 16 02 12 21.84
0 -12150.68332   3536.85906 -22094.02206   1.0231528  -2.8607838  -1.0272129 2026 01 16 02 12 41.84
0 -12130.25811   3479.60069 -22114.45948   1.0193725  -2.8650834  -1.0165384 2026 01 16 02 13 01.84
0 -12109.90871   3422.25666 -22134.68332   1.0155720  -2.8693504  -1.0058543 2026 01 16 02 13 21.84
0 -12089.63552   3364.82761 -22154.69338   1.0117514  -2.8735846  -0.9951605 2026 01 16 02 13 41.84
0 -12069.43894   3307.31421 -22174.48947   1.0079108  -2.8777860  -0.9844574 2026 01 16 02 14 01.84
0 -12049.31937   3249.71711 -22194.07141   1.0040503  -2.8819544  -0.9737448 2026 01 16 02 14 21.84
0 -12029.27721   3192.03697 -22213.43900   1.0001700  -2.8860899  -0.9630231 2026 01 16 02 14 41.84
0 -12009.31285   3134.27445 -22232.59207   0.9962702  -2.8901922  -0.9522921 2026 01 16 02 15 01.84
0 -11989.42668   3076.43022 -22251.53043   0.9923508  -2.8942614  -0.9415522 2026 01 16 02 15 21.84
0 -11969.61910   3018.50493 -22270.25390   0.9884120  -2.8982973  -0.9308033 2026 01 16 02 15 41.84
0 -11949.89048   2960.49927 -22288.76230   0.9844540  -2.9022999  -0.9200455 2026 01 16 02 16 01.84
0 -11930.24122   2902.41388 -22307.05547   0.9804769  -2.9062690  -0.9092791 2026 01 16 02 16 21.84
0 -11910.67168   2844.24945 -22325.13322   0.9764808  -2.9102045  -0.8985040 2026 01 16 02 16 41.84
0 -11891.18226   2786.00665 -22342.99538   0.9724658  -2.9141065  -0.8877204 2026 01 16 02 17 01.84
0 -11871.77333   2727.68614 -22360.64179   0.9684321  -2.9179748  -0.8769283 2026 01 16 02 17 21.84
0 -11852.44526   2669.28860 -22378.07228   0.9643797  -2.9218093  -0.8661280 2026 01 16 02 17 41.84
0 -11833.19842   2610.81471 -22395.28667   0.9603089  -2.9256099  -0.8553195 2026 01 16 02 18 01.84
0 -11814.03318   2552.26515 -22412.28482   0.9562198  -2.9293766  -0.8445028 2026 01 16 02 18 21.84
0 -11794.94990   2493.64060 -22429.06656   0.9521124  -2.9331093  -0.8336782 2026 01 16 02 18 41.84
0 -11775.94896   2434.94173 -22445.63172   0.9479869  -2.9368078  -0.8228457 2026 01 16 02 19 01.84
0 -11757.03070   2376.16924 -22461.98016   0.9438435  -2.9404722  -0.8120054 2026 01 16 02 19 21.84
0 -11738.19549   2317.32380 -22478.11171   0.9396822  -2.9441023  -0.8011574 2026 01 16 02 19 41.84
0 -11719.44368   2258.40610 -22494.02623   0.9355033  -2.9476981  -0.7903019 2026 01 16 02 20 01.84
0 -11700.77563   2199.41683 -22509.72357   0.9313068  -2.9512595  -0.7794388 2026 01 16 02 20 21.84
0 -11682.19168   2140.35667 -22525.20357   0.9270928  -2.9547864  -0.7685685 2026 01 16 02 20 41.84
0 -11663.69219   2081.22633 -22540.46610   0.9228616  -2.9582787  -0.7576908 2026 01 16 02 21 01.84
0 -11645.27749   2022.02648 -22555.51100   0.9186132  -2.9617364  -0.7468060 2026 01 16 02 21 21.84
0 -11626.94793   1962.75783 -22570.33813   0.9143477  -2.9651593  -0.7359142 2026 01 16 02 21 41.84
0 -11608.70385   1903.42107 -22584.94736   0.9100654  -2.9685474  -0.7250154 2026 01 16 02 22 01.84
0 -11590.54558   1844.01689 -22599.33855   0.9057663  -2.9719007  -0.7141098 2026 01 16 02 22 21.84
0 -11572.47346   1784.54600 -22613.51156   0.9014506  -2.9752191  -0.7031975 2026 01 16 02 22 41.84
0 -11554.48782   1725.00909 -22627.46625   0.8971183  -2.9785024  -0.6922785 2026 01 16 02 23 01.84
0 -11536.58899   1665.40687 -22641.20250   0.8927697  -2.9817506  -0.6813531 2026 01 16 02 23 21.84
0 -11518.77730   1605.74003 -22654.72018   0.8884049  -2.9849637  -0.6704212 2026 01 16 02 23 41.84
0 -11501.05306   1546.00929 -22668.01917   0.8840240  -2.9881415  -0.6594830 2026 01 16 02 24 01.84
0 -11483.41660   1486.21534 -22681.09932   0.8796271  -2.9912841  -0.6485386 2026 01 16 02 24 21.84
0 -11465.86824   1426.35889 -22693.96053   0.8752144  -2.9943913  -0.6375882 2026 01 16 02 24 41.84
0 -11448.40829   1366.44065 -22706.60267   0.8707860  -2.9974630  -0.6266317 2026 01 16 02 25 01.84
0 -11431.03706   1306.46133 -22719.02562   0.8663421  -3.0004993  -0.6156694 2026 01 16 02 25 21.84
0 -11413.75486   1246.42165 -22731.22927   0.8618828  -3.0035000  -0.6047013 2026 01 16 02 25 41.84
0 -11396.56201   1186.32230 -22743.21350   0.8574082  -3.0064650  -0.5937275 2026 01 16 02 26 01.84
0 -11379.45879   1126.16402 -22754.97820   0.8529185  -3.0093943  -0.5827482 2026 01 16 02 26 21.84
0 -11362.44553   1065.94750 -22766.52327   0.8484137  -3.0122879  -0.5717634 2026 01 16 02 26 41.84
0 -11345.52250   1005.67347 -22777.84858   0.8438941  -3.0151457  -0.5607733 2026 01 16 02 27 01.84
0 -11328.69002    945.34265 -22788.95404   0.8393598  -3.0179675  -0.5497779 2026 01 16 02 27 21.84
0 -11311.94836    884.95575 -22799.83954   0.8348109  -3.0207534  -0.5387774 2026 01 16 02 27 41.84
0 -11295.29783    824.51349 -22810.50498   0.8302476  -3.0235032  -0.5277719 2026 01 16 02 28 01.84
0 -11278.73871    764.01659 -22820.95026   0.8256700  -3.0262170  -0.5167614 2026 01 16 02 28 21.84
0 -11262.27129    703.46578 -22831.17529   0.8210782  -3.0288947  -0.5057462 2026 01 16 02 28 41.84
0 -11245.89584    642.86178 -22841.17997   0.8164724  -3.0315361  -0.4947262 2026 01 16 02 29 01.84
0 -11229.61264    582.20531 -22850.96420   0.8118527  -3.0341413  -0.4837017 2026 01 16 02 29 21.84
0 -11213.42198    521.49710 -22860.52790   0.8072193  -3.0367101  -0.4726726 2026 01 16 02 29 41.84
0 -11197.32412    460.73788 -22869.87097   0.8025723  -3.0392426  -0.4616392 2026 01 16 02 30 01.84
0 -11181.31934    399.92838 -22878.99333   0.7979118  -3.0417386  -0.4506015 2026 01 16 02 30 21.84
0 -11165.40790    339.06932 -22887.89490   0.7932380  -3.0441982  -0.4395596 2026 01 16 02 30 41.84
0 -11149.59007    278.16143 -22896.57559   0.7885510  -3.0466211  -0.4285137 2026 01 16 02 31 01.84
0 -11133.86610    217.20545 -22905.03532   0.7838510  -3.0490075  -0.4174638 2026 01 16 02 31 21.84
0 -11118.23627    156.20211 -22913.27402   0.7791381  -3.0513572  -0.4064100 2026 01 16 02 31 41.84
0 -11102.70082     95.15214 -22921.29160   0.7744125  -3.0536702  -0.3953525 2026 01 16 02 32 01.84
0 -11087.26002     34.05628 -22929.08800   0.7696742  -3.0559465  -0.3842914 2026 01 16 02 32 21.84
0 -11071.91410    -27.08473 -22936.66314   0.7649235  -3.0581859  -0.3732268 2026 01 16 02 32 41.84
0 -11056.66332    -88.27017 -22944.01696   0.7601605  -3.0603884  -0.3621587 2026 01 16 02 33 01.84
0 -11041.50792   -149.49929 -22951.14938   0.7553853  -3.0625540  -0.3510873 2026 01 16 02 33 21.84
0 -11026.44815   -210.77135 -22958.06035   0.7505981  -3.0646826  -0.3400127 2026 01 16 02 33 41.84
0 -11011.48424   -272.08561 -22964.74979   0.7457989  -3.0667742  -0.3289350 2026 01 16 02 34 01.84
0 -10996.61643   -333.44133 -22971.21765   0.7409881  -3.0688288  -0.3178543 2026 01 16 02 34 21.84
0 -10981.84495   -394.83777 -22977.46387   0.7361656  -3.0708462  -0.3067708 2026 01 16 02 34 41.84
0 -10967.17004   -456.27419 -22983.48839   0.7313317  -3.0728264  -0.2956844 2026 01 16 02 35 01.84
0 -10952.59192   -517.74984 -22989.29115   0.7264865  -3.0747694  -0.2845954 2026 01 16 02 35 21.84
0 -10938.11082   -579.26398 -22994.87211   0.7216301  -3.0766752  -0.2735039 2026 01 16 02 35 41.84
0 -10923.72695   -640.81586 -23000.23122   0.7167627  -3.0785436  -0.2624098 2026 01 16 02 36 01.84
0 -10909.44055   -702.40474 -23005.36843   0.7118844  -3.0803747  -0.2513135 2026 01 16 02 36 21.84
0 -10895.25181   -764.02986 -23010.28368   0.7069954  -3.0821684  -0.2402149 2026 01 16 02 36 41.84
0 -10881.16096   -825.69049 -23014.97694   0.7020958  -3.0839247  -0.2291141 2026 01 16 02 37 01.84
0 -10867.16821   -887.38586 -23019.44817   0.6971858  -3.0856434  -0.2180114 2026 01 16 02 37 21.84
0 -10853.27376   -949.11524 -23023.69733   0.6922655  -3.0873246  -0.2069067 2026 01 16 02 37 41.84
0 -10839.47782  -1010.87786 -23027.72437   0.6873350  -3.0889683  -0.1958002 2026 01 16 02 38 01.84
0 -10825.78059  -1072.67298 -23031.52927   0.6823946  -3.0905743  -0.1846920 2026 01 16 02 38 21.84
0 -10812.18226  -1134.49984 -23035.11199   0.6774443  -3.0921427  -0.1735822 2026 01 16 02 38 41.84
0 -10798.68304  -1196.35770 -23038.47250   0.6724843  -3.0936735  -0.1624709 2026 01 16 02 39 01.84
0 -10785.28312  -1258.24579 -23041.61077   0.6675148  -3.0951664  -0.1513583 2026 01 16 02 39 21.84
0 -10771.98268  -1320.16336 -23044.52677   0.6625358  -3.0966217  -0.1402444 2026 01 16 02 39 41.84
0 -10758.78191  -1382.10966 -23047.22049   0.6575476  -3.0980391  -0.1291293 2026 01 16 02 40 01.84
0 -10745.68100  -1444.08393 -23049.69190   0.6525503  -3.0994186  -0.1180131 2026 01 16 02 40 21.84
0 -10732.68012  -1506.08542 -23051.94097   0.6475440  -3.1007603  -0.1068960 2026 01 16 02 40 41.84
0 -10719.77946  -1568.11336 -23053.96770   0.6425289  -3.1020641  -0.0957781 2026 01 16 02 41 01.84
0 -10706.97919  -1630.16699 -23055.77206   0.6375051  -3.1033300  -0.0846595 2026 01 16 02 41 21.84
0 -10694.27947  -1692.24556 -23057.35404   0.6324728  -3.1045578  -0.0735402 2026 01 16 02 41 41.84
0 -10681.68049  -1754.34831 -23058.71363   0.6274322  -3.1057477  -0.0624204 2026 01 16 02 42 01.84
0 -10669.18240  -1816.47447 -23059.85082   0.6223833  -3.1068995  -0.0513001 2026 01 16 02 42 21.84
0 -10656.78538  -1878.62330 -23060.76561   0.6173264  -3.1080132  -0.0401796 2026 01 16 02 42 41.84
0 -10644.48956  -1940.79401 -23061.45798   0.6122615  -3.1090889  -0.0290589 2026 01 16 02 43 01.84
0 -10632.29513  -2002.98586 -23061.92794   0.6071889  -3.1101264  -0.0179381 2026 01 16 02 43 21.84
0 -10620.20222  -2065.19807 -23062.17548   0.6021086  -3.1111257  -0.0068173 2026 01 16 02 43 41.84
0 -10608.21100  -2127.42989 -23062.20061   0.5970209  -3.1120868   0.0043033 2026 01 16 02 44 01.84
0 -10596.32160  -2189.68055 -23062.00334   0.5919259  -3.1130097   0.0154238 2026 01 16 02 44 21.84
0 -10584.53417  -2251.94928 -23061.58365   0.5868236  -3.1138944   0.0265438 2026 01 16 02 44 41.84
0 -10572.84886  -2314.23533 -23060.94157   0.5817144  -3.1147408   0.0376635 2026 01 16 02 45 01.84
0 -10561.26581  -2376.53792 -23060.07711   0.5765983  -3.1155489   0.0487825 2026 01 16 02 45 21.84
0 -10549.78514  -2438.85629 -23058.99027   0.5714754  -3.1163187   0.0599009 2026 01 16 02 45 41.84
0 -10538.40700  -2501.18967 -23057.68107   0.5663460  -3.1170501   0.0710186 2026 01 16 02 46 01.84
0 -10527.13151  -2563.53730 -23056.14953   0.5612102  -3.1177432   0.0821353 2026 01 16 02 46 21.84
0 -10515.95880  -2625.89840 -23054.39566   0.5560680  -3.1183978   0.0932511 2026 01 16 02 46 41.84
0 -10504.88899  -2688.27222 -23052.41949   0.5509198  -3.1190141   0.1043658 2026 01 16 02 47 01.84
0 -10493.92221  -2750.65797 -23050.22104   0.5457656  -3.1195919   0.1154792 2026 01 16 02 47 21.84
0 -10483.05857  -2813.05490 -23047.80034   0.5406056  -3.1201312   0.1265914 2026 01 16 02 47 41.84
0 -10472.29819  -2875.46223 -23045.15740   0.5354399  -3.1206321   0.1377021 2026 01 16 02 48 01.84
0 -10461.64118  -2937.87919 -23042.29227   0.5302687  -3.1210945   0.1488114 2026 01 16 02 48 21.84
0 -10451.08764  -3000.30501 -23039.20497   0.5250921  -3.1215184   0.1599190 2026 01 16 02 48 41.84
0 -10440.63769  -3062.73893 -23035.89554   0.5199103  -3.1219037   0.1710248 2026 01 16 02 49 01.84
0 -10430.29142  -3125.18016 -23032.36400   0.5147235  -3.1222505   0.1821288 2026 01 16 02 49 21.84
0 -10420.04895  -3187.62795 -23028.61041   0.5095317  -3.1225587   0.1932309 2026 01 16 02 49 41.84
0 -10409.91035  -3250.08151 -23024.63480   0.5043352  -3.1228283   0.2043308 2026 01 16 02 50 01.84
0 -10399.87573  -3312.54009 -23020.43722   0.4991341  -3.1230594   0.2154287 2026 01 16 02 50 21.84
0 -10389.94518  -3375.00289 -23016.01770   0.4939285  -3.1232518   0.2265242 2026 01 16 02 50 41.84
0 -10380.11879  -3437.46916 -23011.37629   0.4887186  -3.1234056   0.2376174 2026 01 16 02 51 01.84
0 -10370.39663  -3499.93812 -23006.51305   0.4835046  -3.1235208   0.2487080 2026 01 16 02 51 21.84
0 -10360.77879  -3562.40900 -23001.42802   0.4782865  -3.1235973   0.2597961 2026 01 16 02 51 41.84
0 -10351.26536  -3624.88102 -22996.12125   0.4730646  -3.1236352   0.2708815 2026 01 16 02 52 01.84
0 -10341.85640  -3687.35341 -22990.59281   0.4678391  -3.1236344   0.2819640 2026 01 16 02 52 21.84
0 -10332.55199  -3749.82540 -22984.84275   0.4626099  -3.1235950   0.2930437 2026 01 16 02 52 41.84
0 -10323.35219  -3812.29622 -22978.87112   0.4573774  -3.1235168   0.3041203 2026 01 16 02 53 01.84
0 -10314.25708  -3874.76508 -22972.67799   0.4521416  -3.1234000   0.3151938 2026 01 16 02 53 21.84
0 -10305.26671  -3937.23122 -22966.26343   0.4469028  -3.1232444   0.3262640 2026 01 16 02 53 41.84
0 -10296.38115  -3999.69386 -22959.62750   0.4416610  -3.1230502   0.3373310 2026 01 16 02 54 01.84
0 -10287.60045  -4062.15223 -22952.77026   0.4364164  -3.1228172   0.3483944 2026 01 16 02 54 21.84
0 -10278.92468  -4124.60556 -22945.69180   0.4311692  -3.1225455   0.3594543 2026 01 16 02 54 41.84
0 -10270.35387  -4187.05306 -22938.39217   0.4259195  -3.1222351   0.3705105 2026 01 16 02 55 01.84
0 -10261.88808  -4249.49397 -22930.87145   0.4206675  -3.1218860   0.3815630 2026 01 16 02 55 21.84
0 -10253.52735  -4311.92751 -22923.12973   0.4154133  -3.1214982   0.3926116 2026 01 16 02 55 41.84
0 -10245.27172  -4374.35290 -22915.16707   0.4101571  -3.1210716   0.4036562 2026 01 16 02 56 01.84
0 -10237.12124  -4436.76938 -22906.98357   0.4048990  -3.1206063   0.4146967 2026 01 16 02 56 21.84
0 -10229.07594  -4499.17616 -22898.57930   0.3996392  -3.1201022   0.4257330 2026 01 16 02 56 41.84
0 -10221.13585  -4561.57247 -22889.95434   0.3943779  -3.1195594   0.4367650 2026 01 16 02 57 01.84
0 -10213.30100  -4623.95754 -22881.10879   0.3891151  -3.1189779   0.4477925 2026 01 16 02 57 21.84
0 -10205.57141  -4686.33060 -22872.04274   0.3838511  -3.1183577   0.4588156 2026 01 16 02 57 41.84
0 -10197.94712  -4748.69086 -22862.75627   0.3785860  -3.1176987   0.4698341 2026 01 16 02 58 01.84
0 -10190.42815  -4811.03755 -22853.24948   0.3733199  -3.1170010   0.4808478 2026 01 16 02 58 21.84
0 -10183.01450  -4873.36991 -22843.52246   0.3680530  -3.1162646   0.4918567 2026 01 16 02 58 41.84
0 -10175.70620  -4935.68715 -22833.57532   0.3627855  -3.1154895   0.5028606 2026 01 16 02 59 01.84
0 -10168.50325  -4997.98850 -22823.40815   0.3575174  -3.1146757   0.5138595 2026 01 16 02 59 21.84
0 -10161.40567  -5060.27318 -22813.02105   0.3522490  -3.1138231   0.5248532 2026 01 16 02 59 41.84
0 -10154.41346  -5122.54043 -22802.41414   0.3469805  -3.1129319   0.5358417 2026 01 16 03 00 01.84
0 -10147.52662  -5184.78947 -22791.58751   0.3417119  -3.1120020   0.5468248 2026 01 16 03 00 21.84
0 -10140.74515  -5247.01952 -22780.54127   0.3364434  -3.1110334   0.5578024 2026 01 16 03 00 41.84
0 -10134.06904  -5309.22982 -22769.27553   0.3311751  -3.1100261   0.5687745 2026 01 16 03 01 01.84
0 -10127.49830  -5371.41958 -22757.79041   0.3259073  -3.1089802   0.5797409 2026 01 16 03 01 21.84
0 -10121.03291  -5433.58803 -22746.08603   0.3206401  -3.1078956   0.5907014 2026 01 16 03 01 41.84
0 -10114.67286  -5495.73441 -22734.16249   0.3153736  -3.1067723   0.6016561 2026 01 16 03 02 01.84
0 -10108.41813  -5557.85794 -22722.01992   0.3101079  -3.1056105   0.6126048 2026 01 16 03 02 21.84
0 -10102.26870  -5619.95784 -22709.65844   0.3048433  -3.1044100   0.6235474 2026 01 16 03 02 41.84
0 -10096.22455  -5682.03335 -22697.07816   0.2995799  -3.1031709   0.6344838 2026 01 16 03 03 01.84
0 -10090.28566  -5744.08369 -22684.27923   0.2943178  -3.1018932   0.6454138 2026 01 16 03 03 21.84
0 -10084.45200  -5806.10809 -22671.26176   0.2890572  -3.1005770   0.6563375 2026 01 16 03 03 41.84
0 -10078.72353  -5868.10579 -22658.02588   0.2837982  -3.0992222   0.6672546 2026 01 16 03 04 01.84
0 -10073.10022  -5930.07600 -22644.57172   0.2785410  -3.0978288   0.6781651 2026 01 16 03 04 21.84
0 -10067.58204  -5992.01795 -22630.89943   0.2732857  -3.0963969   0.6890688 2026 01 16 03 04 41.84
0 -10062.16895  -6053.93089 -22617.00913   0.2680326  -3.0949266   0.6999657 2026 01 16 03 05 01.84
0 -10056.86089  -6115.81403 -22602.90096   0.2627816  -3.0934177   0.7108556 2026 01 16 03 05 21.84
0 -10051.65783  -6177.66661 -22588.57507   0.2575331  -3.0918703   0.7217385 2026 01 16 03 05 41.84
0 -10046.55972  -6239.48786 -22574.03159   0.2522871  -3.0902846   0.7326143 2026 01 16 03 06 01.84
0 -10041.56649  -6301.27701 -22559.27066   0.2470438  -3.0886603   0.7434828 2026 01 16 03 06 21.84
0 -10036.67811  -6363.03330 -22544.29245   0.2418034  -3.0869977   0.7543439 2026 01 16 03 06 41.84
0 -10031.89450  -6424.75594 -22529.09708   0.2365660  -3.0852967   0.7651975 2026 01 16 03 07 01.84
0 -10027.21562  -6486.44418 -22513.68472   0.2313317  -3.0835573   0.7760436 2026 01 16 03 07 21.84
0 -10022.64138  -6548.09725 -22498.05552   0.2261007  -3.0817796   0.7868820 2026 01 16 03 07 41.84
0 -10018.17173  -6609.71439 -22482.20963   0.2208732  -3.0799636   0.7977126 2026 01 16 03 08 01.84
0 -10013.80660  -6671.29482 -22466.14720   0.2156493  -3.0781093   0.8085353 2026 01 16 03 08 21.84
0 -10009.54590  -6732.83778 -22449.86840   0.2104291  -3.0762167   0.8193500 2026 01 16 03 08 41.84
0 -10005.38957  -6794.34251 -22433.37339   0.2052128  -3.0742859   0.8301567 2026 01 16 03 09 01.84
0 -10001.33753  -6855.80824 -22416.66233   0.2000006  -3.0723168   0.8409551 2026 01 16 03 09 21.84
0  -9997.38969  -6917.23421 -22399.73538   0.1947926  -3.0703096   0.8517452 2026 01 16 03 09 41.84
0  -9993.54596  -6978.61965 -22382.59271   0.1895890  -3.0682643   0.8625269 2026 01 16 03 10 01.84
0  -9989.80626  -7039.96380 -22365.23450   0.1843899  -3.0661808   0.8733002 2026 01 16 03 10 21.84
0  -9986.17050  -7101.26590 -22347.66091   0.1791954  -3.0640592   0.8840648 2026 01 16 03 10 41.84
0  -9982.63858  -7162.52520 -22329.87212   0.1740057  -3.0618996   0.8948206 2026 01 16 03 11 01.84
0  -9979.21040  -7223.74091 -22311.86829   0.1688210  -3.0597019   0.9055677 2026 01 16 03 11 21.84
0  -9975.88587  -7284.91230 -22293.64962   0.1636414  -3.0574662   0.9163058 2026 01 16 03 11 41.84
0  -9972.66488  -7346.03859 -22275.21627   0.1584671  -3.0551926   0.9270349 2026 01 16 03 12 01.84
0  -9969.54732  -7407.11903 -22256.56844   0.1532982  -3.0528810   0.9377549 2026 01 16 03 12 21.84
0  -9966.53308  -7468.15286 -22237.70630   0.1481348  -3.0505315   0.9484656 2026 01 16 03 12 41.84
0  -9963.62205  -7529.13932 -22218.63003   0.1429771  -3.0481442   0.9591671 2026 01 16 03 13 01.84
0  -9960.81412  -7590.07766 -22199.33984   0.1378253  -3.0457190   0.9698590 2026 01 16 03 13 21.84
0  -9958.10917  -7650.96712 -22179.83590   0.1326795  -3.0432561   0.9805414 2026 01 16 03 13 41.84
0  -9955.50707  -7711.80694 -22160.11841   0.1275398  -3.0407554   0.9912142 2026 01 16 03 14 01.84
0  -9953.00770  -7772.59636 -22140.18756   0.1224065  -3.0382170   1.0018772 2026 01 16 03 14 21.84
0  -9950.61093  -7833.33465 -22120.04355   0.1172796  -3.0356409   1.0125304 2026 01 16 03 14 41.84
0  -9948.31664  -7894.02104 -22099.68658   0.1121593  -3.0330272   1.0231737 2026 01 16 03 15 01.84
0  -9946.12468  -7954.65477 -22079.11685   0.1070457  -3.0303759   1.0338068 2026 01 16 03 15 21.84
0  -9944.03493  -8015.23511 -22058.33455   0.1019390  -3.0276870   1.0444298 2026 01 16 03 15 41.84
0  -9942.04724  -8075.76129 -22037.33990   0.0968394  -3.0249606   1.0550426 2026 01 16 03 16 01.84
0  -9940.16147  -8136.23257 -22016.13309   0.0917470  -3.0221967   1.0656450 2026 01 16 03 16 21.84
0  -9938.37748  -8196.64820 -21994.71435   0.0866619  -3.0193954   1.0762369 2026 01 16 03 16 41.84
0  -9936.69512  -8257.00743 -21973.08387   0.0815843  -3.0165568   1.0868183 2026 01 16 03 17 01.84
0  -9935.11423  -8317.30951 -21951.24187   0.0765143  -3.0136808   1.0973890 2026 01 16 03 17 21.84
0  -9933.63466  -8377.55370 -21929.18856   0.0714521  -3.0107675   1.1079490 2026 01 16 03 17 41.84
0  -9932.25626  -8437.73925 -21906.92417   0.0663978  -3.0078169   1.1184980 2026 01 16 03 18 01.84
0  -9930.97886  -8497.86542 -21884.44890   0.0613516  -3.0048292   1.1290361 2026 01 16 03 18 21.84
0  -9929.80231  -8557.93146 -21861.76299   0.0563136  -3.0018043   1.1395632 2026 01 16 03 18 41.84
0  -9928.72643  -8617.93663 -21838.86665   0.0512839  -2.9987422   1.1500790 2026 01 16 03 19 01.84
0  -9927.75106  -8677.88020 -21815.76010   0.0462628  -2.9956432   1.1605836 2026 01 16 03 19 21.84
0  -9926.87603  -8737.76141 -21792.44357   0.0412503  -2.9925071   1.1710768 2026 01 16 03 19 41.84
0  -9926.10116  -8797.57953 -21768.91730   0.0362467  -2.9893340   1.1815586 2026 01 16 03 20 01.84
0  -9925.42627  -8857.33382 -21745.18151   0.0312520  -2.9861241   1.1920288 2026 01 16 03 20 21.84
0  -9924.85118  -8917.02354 -21721.23643   0.0262663  -2.9828773   1.2024872 2026 01 16 03 20 41.84
0  -9924.37572  -8976.64796 -21697.08230   0.0212899  -2.9795937   1.2129340 2026 01 16 03 21 01.84
0  -9923.99969  -9036.20634 -21672.71936   0.0163229  -2.9762733   1.2233688 2026 01 16 03 21 21.84
0  -9923.72291  -9095.69795 -21648.14784   0.0113654  -2.9729163   1.2337917 2026 01 16 03 21 41.84
0  -9923.54518  -9155.12205 -21623.36798   0.0064176  -2.9695226   1.2442025 2026 01 16 03 22 01.84
0  -9923.46631  -9214.47791 -21598.38003   0.0014796  -2.9660923   1.2546011 2026 01 16 03 22 21.84
0  -9923.48610  -9273.76479 -21573.18423  -0.0034485  -2.9626255   1.2649874 2026 01 16 03 22 41.84
0  -9923.60435  -9332.98198 -21547.78083  -0.0083665  -2.9591222   1.2753614 2026 01 16 03 23 01.84
0  -9923.82086  -9392.12874 -21522.17008  -0.0132742  -2.9555825   1.2857229 2026 01 16 03 23 21.84
0  -9924.13541  -9451.20434 -21496.35222  -0.0181715  -2.9520064   1.2960718 2026 01 16 03 23 41.84
0  -9924.54781  -9510.20806 -21470.32751  -0.0230583  -2.9483940   1.3064081 2026 01 16 03 24 01.84
0  -9925.05784  -9569.13916 -21444.09621  -0.0279345  -2.9447454   1.3167315 2026 01 16 03 24 21.84
0  -9925.66529  -9627.99694 -21417.65856  -0.0327998  -2.9410606   1.3270421 2026 01 16 03 24 41.84
0  -9926.36993  -9686.78065 -21391.01483  -0.0376542  -2.9373397   1.3373398 2026 01 16 03 25 01.84
0  -9927.17155  -9745.48959 -21364.16529  -0.0424974  -2.9335827   1.3476244 2026 01 16 03 25 21.84
0  -9928.06992  -9804.12302 -21337.11018  -0.0473295  -2.9297897   1.3578958 2026 01 16 03 25 41.84
0  -9929.06482  -9862.68024 -21309.84978  -0.0521501  -2.9259608   1.3681539 2026 01 16 03 26 01.84
0  -9930.15602  -9921.16052 -21282.38435  -0.0569593  -2.9220960   1.3783987 2026 01 16 03 26 21.84
0  -9931.34328  -9979.56315 -21254.71415  -0.0617568  -2.9181954   1.3886300 2026 01 16 03 26 41.84
0  -9932.62638 -10037.88741 -21226.83947  -0.0665424  -2.9142590   1.3988478 2026 01 16 03 27 01.84
0  -9934.00507 -10096.13258 -21198.76057  -0.0713162  -2.9102870   1.4090519 2026 01 16 03 27 21.84
0  -9935.47911 -10154.29796 -21170.47773  -0.0760778  -2.9062793   1.4192422 2026 01 16 03 27 41.84
0  -9937.04827 -10212.38283 -21141.99122  -0.0808273  -2.9022361   1.4294187 2026 01 16 03 28 01.84
0  -9938.71229 -10270.38648 -21113.30132  -0.0855644  -2.8981575   1.4395813 2026 01 16 03 28 21.84
0  -9940.47093 -10328.30820 -21084.40831  -0.0902890  -2.8940434   1.4497298 2026 01 16 03 28 41.84
0  -9942.32393 -10386.14729 -21055.31247  -0.0950009  -2.8898939   1.4598641 2026 01 16 03 29 01.84
0  -9944.27105 -10443.90304 -21026.01409  -0.0997001  -2.8857092   1.4699842 2026 01 16 03 29 21.84
0  -9946.31202 -10501.57474 -20996.51345  -0.1043864  -2.8814893   1.4800900 2026 01 16 03 29 41.84
0  -9948.44659 -10559.16169 -20966.81084  -0.1090596  -2.8772342   1.4901814 2026 01 16 03 30 01.84
0  -9950.67448 -10616.66319 -20936.90655  -0.1137197  -2.8729441   1.5002582 2026 01 16 03 30 21.84
0  -9952.99545 -10674.07854 -20906.80087  -0.1183664  -2.8686190   1.5103204 2026 01 16 03 30 41.84
0  -9955.40922 -10731.40703 -20876.49410  -0.1229996  -2.8642590   1.5203678 2026 01 16 03 31 01.84
0  -9957.91551 -10788.64798 -20845.98652  -0.1276193  -2.8598641   1.5304005 2026 01 16 03 31 21.84
0  -9960.51407 -10845.80068 -20815.27844  -0.1322252  -2.8554345   1.5404182 2026 01 16 03 31 41.84
0  -9963.20460 -10902.86445 -20784.37016  -0.1368173  -2.8509701   1.5504209 2026 01 16 03 32 01.84
0  -9965.98683 -10959.83858 -20753.26197  -0.1413953  -2.8464711   1.5604085 2026 01 16 03 32 21.84
0  -9968.86049 -11016.72238 -20721.95418  -0.1459592  -2.8419376   1.5703809 2026 01 16 03 32 41.84
0  -9971.82528 -11073.51517 -20690.44710  -0.1505089  -2.8373696   1.5803380 2026 01 16 03 33 01.84
0  -9974.88092 -11130.21626 -20658.74104  -0.1550441  -2.8327673   1.5902798 2026 01 16 03 33 21.84
0  -9978.02711 -11186.82496 -20626.83629  -0.1595648  -2.8281306   1.6002060 2026 01 16 03 33 41.84
0  -9981.26358 -11243.34058 -20594.73318  -0.1640708  -2.8234596   1.6101166 2026 01 16 03 34 01.84
0  -9984.59002 -11299.76244 -20562.43201  -0.1685620  -2.8187546   1.6200116 2026 01 16 03 34 21.84
0  -9988.00613 -11356.08986 -20529.93310  -0.1730383  -2.8140154   1.6298908 2026 01 16 03 34 41.84
0  -9991.51162 -11412.32215 -20497.23676  -0.1774995  -2.8092422   1.6397541 2026 01 16 03 35 01.84
0  -9995.10618 -11468.45865 -20464.34332  -0.1819455  -2.8044351   1.6496015 2026 01 16 03 35 21.84
0  -9998.78950 -11524.49866 -20431.25309  -0.1863761  -2.7995942   1.6594328 2026 01 16 03 35 41.84
0 -10002.56129 -11580.44152 -20397.96640  -0.1907913  -2.7947196   1.6692480 2026 01 16 03 36 01.84
0 -10006.42122 -11636.28655 -20364.48357  -0.1951909  -2.7898112   1.6790469 2026 01 16 03 36 21.84
0 -10010.36899 -11692.03307 -20330.80492  -0.1995747  -2.7848693   1.6888295 2026 01 16 03 36 41.84
0 -10014.40427 -11747.68043 -20296.93079  -0.2039427  -2.7798939   1.6985957 2026 01 16 03 37 01.84
0 -10018.52676 -11803.22794 -20262.86150  -0.2082946  -2.7748850   1.7083453 2026 01 16 03 37 21.84
0 -10022.73612 -11858.67494 -20228.59738  -0.2126305  -2.7698428   1.7180783 2026 01 16 03 37 41.84
0 -10027.03204 -11914.02076 -20194.13877  -0.2169501  -2.7647674   1.7277946 2026 01 16 03 38 01.84
0 -10031.41419 -11969.26474 -20159.48600  -0.2212533  -2.7596588   1.7374941 2026 01 16 03 38 21.84
0 -10035.88223 -12024.40623 -20124.63942  -0.2255400  -2.7545172   1.7471768 2026 01 16 03 38 41.84
0 -10040.43585 -12079.44455 -20089.59935  -0.2298101  -2.7493425   1.7568424 2026 01 16 03 39 01.84
0 -10045.07470 -12134.37904 -20054.36614  -0.2340634  -2.7441350   1.7664909 2026 01 16 03 39 21.84
0 -10049.79844 -12189.20906 -20018.94013  -0.2382998  -2.7388946   1.7761223 2026 01 16 03 39 41.84
0 -10054.60675 -12243.93395 -19983.32167  -0.2425192  -2.7336216   1.7857364 2026 01 16 03 40 01.84
0 -10059.49927 -12298.55305 -19947.51109  -0.2467214  -2.7283159   1.7953332 2026 01 16 03 40 21.84
0 -10064.47566 -12353.06571 -19911.50876  -0.2509064  -2.7229776   1.8049125 2026 01 16 03 40 41.84
0 -10069.53558 -12407.47128 -19875.31502  -0.2550739  -2.7176070   1.8144743 2026 01 16 03 41 01.84
0 -10074.67867 -12461.76911 -19838.93022  -0.2592240  -2.7122039   1.8240185 2026 01 16 03 41 21.84
0 -10079.90459 -12515.95856 -19802.35472  -0.2633563  -2.7067687   1.8335449 2026 01 16 03 41 41.84
0 -10085.21298 -12570.03898 -19765.58886  -0.2674709  -2.7013012   1.8430535 2026 01 16 03 42 01.84
0 -10090.60348 -12624.00974 -19728.63301  -0.2715676  -2.6958017   1.8525442 2026 01 16 03 42 21.84
0 -10096.07573 -12677.87018 -19691.48753  -0.2756463  -2.6902702   1.8620169 2026 01 16 03 42 41.84
0 -10101.62938 -12731.61968 -19654.15278  -0.2797068  -2.6847068   1.8714716 2026 01 16 03 43 01.84
0 -10107.26406 -12785.25759 -19616.62911  -0.2837491  -2.6791116   1.8809081 2026 01 16 03 43 21.84
0 -10112.97939 -12838.78328 -19578.91690  -0.2877729  -2.6734848   1.8903263 2026 01 16 03 43 41.84
0 -10118.77502 -12892.19612 -19541.01651  -0.2917783  -2.6678263   1.8997261 2026 01 16 03 44 01.84
0 -10124.65057 -12945.49547 -19502.92831  -0.2957650  -2.6621364   1.9091075 2026 01 16 03 44 21.84
0 -10130.60567 -12998.68071 -19464.65266  -0.2997329  -2.6564150   1.9184704 2026 01 16 03 44 41.84
0 -10136.63994 -13051.75121 -19426.18995  -0.3036820  -2.6506624   1.9278147 2026 01 16 03 45 01.84
0 -10142.75299 -13104.70635 -19387.54053  -0.3076120  -2.6448785   1.9371403 2026 01 16 03 45 21.84
0 -10148.94446 -13157.54550 -19348.70479  -0.3115230  -2.6390636   1.9464470 2026 01 16 03 45 41.84
0 -10155.21396 -13210.26804 -19309.68311  -0.3154146  -2.6332176   1.9557349 2026 01 16 03 46 01.84
0 -10161.56109 -13262.87335 -19270.47586  -0.3192870  -2.6273408   1.9650038 2026 01 16 03 46 21.84
0 -10167.98548 -13315.36082 -19231.08343  -0.3231398  -2.6214331   1.9742536 2026 01 16 03 46 41.84
0 -10174.48673 -13367.72983 -19191.50619  -0.3269731  -2.6154948   1.9834843 2026 01 16 03 47 01.84
0 -10181.06444 -13419.97976 -19151.74453  -0.3307866  -2.6095258   1.9926957 2026 01 16 03 47 21.84
0 -10187.71823 -13472.11002 -19111.79883  -0.3345803  -2.6035264   2.0018878 2026 01 16 03 47 41.84
0 -10194.44770 -13524.11998 -19071.66949  -0.3383541  -2.5974966   2.0110605 2026 01 16 03 48 01.84
0 -10201.25244 -13576.00904 -19031.35689  -0.3421077  -2.5914365   2.0202137 2026 01 16 03 48 21.84
0 -10208.13205 -13627.77660 -18990.86142  -0.3458412  -2.5853462   2.0293473 2026 01 16 03 48 41.84
0 -10215.08612 -13679.42205 -18950.18348  -0.3495544  -2.5792259   2.0384613 2026 01 16 03 49 01.84
0 -10222.11426 -13730.94479 -18909.32345  -0.3532472  -2.5730756   2.0475554 2026 01 16 03 49 21.84
0 -10229.21605 -13782.34424 -18868.28175  -0.3569195  -2.5668954   2.0566297 2026 01 16 03 49 41.84
0 -10236.39108 -13833.61978 -18827.05875  -0.3605711  -2.5606855   2.0656841 2026 01 16 03 50 01.84
0 -10243.63893 -13884.77083 -18785.65487  -0.3642019  -2.5544460   2.0747185 2026 01 16 03 50 21.84
0 -10250.95919 -13935.79679 -18744.07051  -0.3678119  -2.5481769   2.0837327 2026 01 16 03 50 41.84
0 -10258.35144 -13986.69707 -18702.30606  -0.3714009  -2.5418784   2.0927268 2026 01 16 03 51 01.84
0 -10265.81526 -14037.47109 -18660.36193  -0.3749688  -2.5355505   2.1017006 2026 01 16 03 51 21.84
0 -10273.35022 -14088.11827 -18618.23854  -0.3785155  -2.5291935   2.1106540 2026 01 16 03 51 41.84
0 -10280.95591 -14138.63801 -18575.93627  -0.3820408  -2.5228074   2.1195869 2026 01 16 03 52 01.84
0 -10288.63189 -14189.02974 -18533.45556  -0.3855448  -2.5163923   2.1284994 2026 01 16 03 52 21.84
0 -10296.37773 -14239.29288 -18490.79681  -0.3890272  -2.5099483   2.1373912 2026 01 16 03 52 41.84
0 -10304.19301 -14289.42685 -18447.96042  -0.3924879  -2.5034755   2.1462623 2026 01 16 03 53 01.84
0 -10312.07728 -14339.43108 -18404.94683  -0.3959269  -2.4969741   2.1551126 2026 01 16 03 53 21.84
0 -10320.03012 -14389.30500 -18361.75643  -0.3993440  -2.4904442   2.1639420 2026 01 16 03 53 41.84
0 -10328.05107 -14439.04804 -18318.38966  -0.4027392  -2.4838858   2.1727505 2026 01 16 03 54 01.84
0 -10336.13971 -14488.65962 -18274.84693  -0.4061122  -2.4772991   2.1815379 2026 01 16 03 54 21.84
0 -10344.29559 -14538.13919 -18231.12866  -0.4094631  -2.4706843   2.1903043 2026 01 16 03 54 41.84
0 -10352.51826 -14587.48619 -18187.23528  -0.4127916  -2.4640413   2.1990494 2026 01 16 03 55 01.84
0 -10360.80728 -14636.70004 -18143.16721  -0.4160978  -2.4573704   2.2077732 2026 01 16 03 55 21.84
0 -10369.16220 -14685.78020 -18098.92488  -0.4193814  -2.4506717   2.2164756 2026 01 16 03 55 41.84
0 -10377.58256 -14734.72610 -18054.50871  -0.4226424  -2.4439452   2.2251566 2026 01 16 03 56 01.84
0 -10386.06792 -14783.53721 -18009.91914  -0.4258807  -2.4371911   2.2338161 2026 01 16 03 56 21.84
0 -10394.61782 -14832.21295 -17965.15660  -0.4290962  -2.4304095   2.2424539 2026 01 16 03 56 41.84
0 -10403.23179 -14880.75279 -17920.22152  -0.4322887  -2.4236006   2.2510700 2026 01 16 03 57 01.84
0 -10411.90939 -14929.15618 -17875.11433  -0.4354582  -2.4167644   2.2596644 2026 01 16 03 57 21.84
0 -10420.65015 -14977.42257 -17829.83548  -0.4386045  -2.4099010   2.2682368 2026 01 16 03 57 41.84
0 -10429.45360 -15025.55143 -17784.38540  -0.4417277  -2.4030106   2.2767874 2026 01 16 03 58 01.84
0 -10438.31928 -15073.54221 -17738.76453  -0.4448274  -2.3960934   2.2853159 2026 01 16 03 58 21.84
0 -10447.24672 -15121.39437 -17692.97331  -0.4479038  -2.3891493   2.2938223 2026 01 16 03 58 41.84
0 -10456.23545 -15169.10739 -17647.01218  -0.4509565  -2.3821786   2.3023065 2026 01 16 03 59 01.84
0 -10465.28500 -15216.68073 -17600.88159  -0.4539857  -2.3751814   2.3107684 2026 01 16 03 59 21.84
0 -10474.39490 -15264.11386 -17554.58199  -0.4569911  -2.3681577   2.3192080 2026 01 16 03 59 41.84
0 -10483.56466 -15311.40626 -17508.11383  -0.4599726  -2.3611078   2.3276251 2026 01 16 04 00 01.84
0 -10492.79382 -15358.55740 -17461.47754  -0.4629302  -2.3540317   2.3360198 2026 01 16 04 00 21.84
0 -10502.08189 -15405.56675 -17414.67359  -0.4658638  -2.3469295   2.3443918 2026 01 16 04 00 41.84
0 -10511.42839 -15452.43380 -17367.70243  -0.4687732  -2.3398015   2.3527412 2026 01 16 04 01 01.84
0 -10520.83284 -15499.15803 -17320.56450  -0.4716584  -2.3326476   2.3610678 2026 01 16 04 01 21.84
0 -10530.29475 -15545.73893 -17273.26028  -0.4745193  -2.3254681   2.3693716 2026 01 16 04 01 41.84
0 -10539.81363 -15592.17599 -17225.79020  -0.4773557  -2.3182630   2.3776525 2026 01 16 04 02 01.84
0 -10549.38900 -15638.46868 -17178.15474  -0.4801676  -2.3110325   2.3859104 2026 01 16 04 02 21.84
0 -10559.02035 -15684.61652 -17130.35436  -0.4829549  -2.3037767   2.3941452 2026 01 16 04 02 41.84
0 -10568.70721 -15730.61899 -17082.38950  -0.4857175  -2.2964958   2.4023569 2026 01 16 04 03 01.84
0 -10578.44907 -15776.47559 -17034.26065  -0.4884552  -2.2891898   2.4105454 2026 01 16 04 03 21.84
0 -10588.24543 -15822.18582 -16985.96826  -0.4911681  -2.2818589   2.4187105 2026 01 16 04 03 41.84
0 -10598.09581 -15867.74919 -16937.51281  -0.4938560  -2.2745032   2.4268523 2026 01 16 04 04 01.84
0 -10607.99969 -15913.16519 -16888.89475  -0.4965188  -2.2671229   2.4349707 2026 01 16 04 04 21.84
0 -10617.95658 -15958.43335 -16840.11456  -0.4991564  -2.2597181   2.4430655 2026 01 16 04 04 41.84
0 -10627.96596 -16003.55316 -16791.17271  -0.5017687  -2.2522888   2.4511367 2026 01 16 04 05 01.84
0 -10638.02734 -16048.52415 -16742.06967  -0.5043557  -2.2448353   2.4591842 2026 01 16 04 05 21.84
0 -10648.14020 -16093.34583 -16692.80592  -0.5069173  -2.2373577   2.4672080 2026 01 16 04 05 41.84
0 -10658.30405 -16138.01771 -16643.38194  -0.5094533  -2.2298560   2.4752080 2026 01 16 04 06 01.84
0 -10668.51835 -16182.53932 -16593.79819  -0.5119637  -2.2223305   2.4831840 2026 01 16 04 06 21.84
0 -10678.78261 -16226.91019 -16544.05517  -0.5144484  -2.2147813   2.4911360 2026 01 16 04 06 41.84
0 -10689.09630 -16271.12983 -16494.15335  -0.5169072  -2.2072084   2.4990640 2026 01 16 04 07 01.84
0 -10699.45891 -16315.19779 -16444.09321  -0.5193402  -2.1996121   2.5069678 2026 01 16 04 07 21.84
0 -10709.86992 -16359.11358 -16393.87523  -0.5217472  -2.1919925   2.5148475 2026 01 16 04 07 41.84
0 -10720.32881 -16402.87675 -16343.49991  -0.5241282  -2.1843496   2.5227028 2026 01 16 04 08 01.84
0 -10730.83506 -16446.48683 -16292.96772  -0.5264830  -2.1766836   2.5305338 2026 01 16 04 08 21.84
0 -10741.38814 -16489.94337 -16242.27916  -0.5288116  -2.1689948   2.5383403 2026 01 16 04 08 41.84
0 -10751.98753 -16533.24589 -16191.43471  -0.5311138  -2.1612831   2.5461224 2026 01 16 04 09 01.84
0 -10762.63270 -16576.39396 -16140.43487  -0.5333897  -2.1535487   2.5538798 2026 01 16 04 09 21.84
0 -10773.32313 -16619.38712 -16089.28013  -0.5356391  -2.1457918   2.5616126 2026 01 16 04 09 41.84
0 -10784.05828 -16662.22491 -16037.97097  -0.5378619  -2.1380125   2.5693207 2026 01 16 04 10 01.84
0 -10794.83761 -16704.90690 -15986.50791  -0.5400581  -2.1302110   2.5770040 2026 01 16 04 10 21.84
0 -10805.66061 -16747.43263 -15934.89143  -0.5422276  -2.1223873   2.5846624 2026 01 16 04 10 41.84
0 -10816.52673 -16789.80168 -15883.12203  -0.5443702  -2.1145417   2.5922958 2026 01 16 04 11 01.84
0 -10827.43543 -16832.01359 -15831.20021  -0.5464860  -2.1066741   2.5999042 2026 01 16 04 11 21.84
0 -10838.38618 -16874.06793 -15779.12648  -0.5485748  -2.0987849   2.6074876 2026 01 16 04 11 41.84
0 -10849.37843 -16915.96427 -15726.90133  -0.5506366  -2.0908741   2.6150457 2026 01 16 04 12 01.84
0 -10860.41165 -16957.70219 -15674.52527  -0.5526712  -2.0829419   2.6225787 2026 01 16 04 12 21.84
0 -10871.48529 -16999.28124 -15621.99881  -0.5546787  -2.0749884   2.6300863 2026 01 16 04 12 41.84
0 -10882.59880 -17040.70102 -15569.32245  -0.5566588  -2.0670137   2.6375686 2026 01 16 04 13 01.84
0 -10893.75165 -17081.96109 -15516.49669  -0.5586117  -2.0590180   2.6450254 2026 01 16 04 13 21.84
0 -10904.94328 -17123.06104 -15463.52206  -0.5605371  -2.0510014   2.6524567 2026 01 16 04 13 41.84
0 -10916.17314 -17164.00045 -15410.39906  -0.5624350  -2.0429641   2.6598624 2026 01 16 04 14 01.84
0 -10927.44068 -17204.77891 -15357.12820  -0.5643053  -2.0349062   2.6672425 2026 01 16 04 14 21.84
0 -10938.74535 -17245.39600 -15303.71000  -0.5661480  -2.0268278   2.6745968 2026 01 16 04 14 41.84
0 -10950.08661 -17285.85133 -15250.14496  -0.5679629  -2.0187292   2.6819253 2026 01 16 04 15 01.84
0 -10961.46388 -17326.14448 -15196.43362  -0.5697501  -2.0106103   2.6892280 2026 01 16 04 15 21.84
0 -10972.87661 -17366.27506 -15142.57649  -0.5715093  -2.0024715   2.6965047 2026 01 16 04 15 41.84
0 -10984.32426 -17406.24265 -15088.57408  -0.5732407  -1.9943127   2.7037554 2026 01 16 04 16 01.84
0 -10995.80625 -17446.04688 -15034.42691  -0.5749440  -1.9861342   2.7109801 2026 01 16 04 16 21.84
0 -11007.32203 -17485.68734 -14980.13552  -0.5766193  -1.9779361   2.7181786 2026 01 16 04 16 41.84
0 -11018.87103 -17525.16365 -14925.70042  -0.5782664  -1.9697186   2.7253509 2026 01 16 04 17 01.84
0 -11030.45269 -17564.47541 -14871.12214  -0.5798853  -1.9614817   2.7324969 2026 01 16 04 17 21.84
0 -11042.06644 -17603.62224 -14816.40120  -0.5814759  -1.9532257   2.7396166 2026 01 16 04 17 41.84
0 -11053.71173 -17642.60377 -14761.53813  -0.5830382  -1.9449506   2.7467098 2026 01 16 04 18 01.84
0 -11065.38798 -17681.41960 -14706.53346  -0.5845720  -1.9366567   2.7537766 2026 01 16 04 18 21.84
0 -11077.09462 -17720.06937 -14651.38772  -0.5860774  -1.9283441   2.7608169 2026 01 16 04 18 41.84
0 -11088.83108 -17758.55270 -14596.10144  -0.5875542  -1.9200128   2.7678305 2026 01 16 04 19 01.84
0 -11100.59679 -17796.86922 -14540.67516  -0.5890024  -1.9116632   2.7748175 2026 01 16 04 19 21.84
0 -11112.39118 -17835.01856 -14485.10940  -0.5904219  -1.9032952   2.7817777 2026 01 16 04 19 41.84
0 -11124.21367 -17873.00037 -14429.40471  -0.5918127  -1.8949091   2.7887111 2026 01 16 04 20 01.84
0 -11136.06369 -17910.81427 -14373.56163  -0.5931746  -1.8865049   2.7956176 2026 01 16 04 20 21.84
0 -11147.94066 -17948.45991 -14317.58068  -0.5945077  -1.8780830   2.8024972 2026 01 16 04 20 41.84
0 -11159.84401 -17985.93693 -14261.46241  -0.5958119  -1.8696433   2.8093498 2026 01 16 04 21 01.84
0 -11171.77314 -18023.24499 -14205.20735  -0.5970871  -1.8611861   2.8161753 2026 01 16 04 21 21.84
0 -11183.72750 -18060.38373 -14148.81606  -0.5983332  -1.8527114   2.8229737 2026 01 16 04 21 41.84
0 -11195.70648 -18097.35280 -14092.28908  -0.5995502  -1.8442195   2.8297449 2026 01 16 04 22 01.84
0 -11207.70951 -18134.15187 -14035.62694  -0.6007380  -1.8357105   2.8364888 2026 01 16 04 22 21.84
0 -11219.73600 -18170.78058 -13978.83020  -0.6018967  -1.8271846   2.8432054 2026 01 16 04 22 41.84
0 -11231.78538 -18207.23861 -13921.89941  -0.6030260  -1.8186418   2.8498947 2026 01 16 04 23 01.84
0 -11243.85705 -18243.52562 -13864.83510  -0.6041260  -1.8100823   2.8565564 2026 01 16 04 23 21.84
0 -11255.95042 -18279.64127 -13807.63783  -0.6051965  -1.8015064   2.8631907 2026 01 16 04 23 41.84
0 -11268.06491 -18315.58524 -13750.30815  -0.6062377  -1.7929141   2.8697974 2026 01 16 04 24 01.84
0 -11280.19993 -18351.35721 -13692.84662  -0.6072493  -1.7843055   2.8763764 2026 01 16 04 24 21.84
0 -11292.35489 -18386.95684 -13635.25379  -0.6082313  -1.7756810   2.8829277 2026 01 16 04 24 41.84
0 -11304.52919 -18422.38382 -13577.53020  -0.6091837  -1.7670405   2.8894513 2026 01 16 04 25 01.84
0 -11316.72224 -18457.63783 -13519.67642  -0.6101065  -1.7583842   2.8959471 2026 01 16 04 25 21.84
0 -11328.93345 -18492.71857 -13461.69301  -0.6109995  -1.7497123   2.9024149 2026 01 16 04 25 41.84
0 -11341.16223 -18527.62571 -13403.58052  -0.6118627  -1.7410250   2.9088549 2026 01 16 04 26 01.84
0 -11353.40797 -18562.35895 -13345.33951  -0.6126962  -1.7323224   2.9152668 2026 01 16 04 26 21.84
0 -11365.67008 -18596.91799 -13286.97054  -0.6134997  -1.7236046   2.9216506 2026 01 16 04 26 41.84
0 -11377.94796 -18631.30253 -13228.47418  -0.6142733  -1.7148719   2.9280064 2026 01 16 04 27 01.84
0 -11390.24101 -18665.51226 -13169.85099  -0.6150169  -1.7061242   2.9343339 2026 01 16 04 27 21.84
0 -11402.54864 -18699.54689 -13111.10153  -0.6157305  -1.6973619   2.9406332 2026 01 16 04 27 41.84
0 -11414.87024 -18733.40613 -13052.22636  -0.6164141  -1.6885851   2.9469042 2026 01 16 04 28 01.84
0 -11427.20521 -18767.08969 -12993.22607  -0.6170675  -1.6797939   2.9531468 2026 01 16 04 28 21.84
0 -11439.55294 -18800.59728 -12934.10120  -0.6176907  -1.6709884   2.9593610 2026 01 16 04 28 41.84
0 -11451.91284 -18833.92863 -12874.85233  -0.6182837  -1.6621689   2.9655467 2026 01 16 04 29 01.84
0 -11464.28430 -18867.08344 -12815.48004  -0.6188465  -1.6533354   2.9717039 2026 01 16 04 29 21.84
0 -11476.66671 -18900.06145 -12755.98489  -0.6193789  -1.6444882   2.9778325 2026 01 16 04 29 41.84
0 -11489.05946 -18932.86238 -12696.36745  -0.6198810  -1.6356273   2.9839324 2026 01 16 04 30 01.84
0 -11501.46196 -18965.48596 -12636.62830  -0.6203528  -1.6267530   2.9900037 2026 01 16 04 30 21.84
0 -11513.87358 -18997.93191 -12576.76802  -0.6207940  -1.6178654   2.9960461 2026 01 16 04 30 41.84
0 -11526.29372 -19030.19999 -12516.78717  -0.6212048  -1.6089647   3.0020597 2026 01 16 04 31 01.84
0 -11538.72178 -19062.28992 -12456.68635  -0.6215851  -1.6000509   3.0080445 2026 01 16 04 31 21.84
0 -11551.15714 -19094.20145 -12396.46612  -0.6219349  -1.5911244   3.0140003 2026 01 16 04 31 41.84
0 -11563.59918 -19125.93432 -12336.12706  -0.6222540  -1.5821851   3.0199271 2026 01 16 04 32 01.84
0 -11576.04730 -19157.48828 -12275.66975  -0.6225425  -1.5732333   3.0258249 2026 01 16 04 32 21.84
0 -11588.50089 -19188.86308 -12215.09479  -0.6228003  -1.5642692   3.0316935 2026 01 16 04 32 41.84
0 -11600.95932 -19220.05848 -12154.40274  -0.6230274  -1.5552928   3.0375330 2026 01 16 04 33 01.84
0 -11613.42199 -19251.07422 -12093.59420  -0.6232238  -1.5463044   3.0433433 2026 01 16 04 33 21.84
0 -11625.88829 -19281.91009 -12032.66974  -0.6233894  -1.5373041   3.0491243 2026 01 16 04 33 41.84
0 -11638.35758 -19312.56583 -11971.62995  -0.6235242  -1.5282920   3.0548760 2026 01 16 04 34 01.84
0 -11650.82926 -19343.04121 -11910.47543  -0.6236281  -1.5192684   3.0605983 2026 01 16 04 34 21.84
0 -11663.30271 -19373.33601 -11849.20676  -0.6237011  -1.5102334   3.0662912 2026 01 16 04 34 41.84
0 -11675.77731 -19403.44999 -11787.82452  -0.6237432  -1.5011870   3.0719546 2026 01 16 04 35 01.84
0 -11688.25245 -19433.38293 -11726.32931  -0.6237543  -1.4921296   3.0775884 2026 01 16 04 35 21.84
0 -11700.72749 -19463.13462 -11664.72172  -0.6237344  -1.4830612   3.0831927 2026 01 16 04 35 41.84
0 -11713.20183 -19492.70484 -11603.00234  -0.6236836  -1.4739820   3.0887673 2026 01 16 04 36 01.84
0 -11725.67485 -19522.09336 -11541.17177  -0.6236016  -1.4648922   3.0943122 2026 01 16 04 36 21.84
0 -11738.14591 -19551.29998 -11479.23059  -0.6234886  -1.4557920   3.0998274 2026 01 16 04 36 41.84
0 -11750.61440 -19580.32450 -11417.17942  -0.6233445  -1.4466814   3.1053128 2026 01 16 04 37 01.84
0 -11763.07970 -19609.16670 -11355.01883  -0.6231693  -1.4375606   3.1107683 2026 01 16 04 37 21.84
0 -11775.54118 -19637.82639 -11292.74943  -0.6229628  -1.4284298   3.1161939 2026 01 16 04 37 41.84
0 -11787.99823 -19666.30336 -11230.37182  -0.6227252  -1.4192892   3.1215896 2026 01 16 04 38 01.84
0 -11800.45020 -19694.59742 -11167.88660  -0.6224564  -1.4101390   3.1269552 2026 01 16 04 38 21.84
0 -11812.89649 -19722.70839 -11105.29436  -0.6221563  -1.4009792   3.1322909 2026 01 16 04 38 41.84
0 -11825.33647 -19750.63607 -11042.59571  -0.6218249  -1.3918100   3.1375964 2026 01 16 04 39 01.84
0 -11837.76950 -19778.38027 -10979.79126  -0.6214622  -1.3826317   3.1428717 2026 01 16 04 39 21.84
0 -11850.19497 -19805.94081 -10916.88160  -0.6210683  -1.3734443   3.1481169 2026 01 16 04 39 41.84
0 -11862.61225 -19833.31752 -10853.86734  -0.6206429  -1.3642480   3.1533318 2026 01 16 04 40 01.84
0 -11875.02070 -19860.51021 -10790.74909  -0.6201863  -1.3550430   3.1585164 2026 01 16 04 40 21.84
0 -11887.41971 -19887.51872 -10727.52744  -0.6196982  -1.3458294   3.1636706 2026 01 16 04 40 41.84
0 -11899.80864 -19914.34288 -10664.20302  -0.6191787  -1.3366075   3.1687945 2026 01 16 04 41 01.84
0 -11912.18687 -19940.98251 -10600.77642  -0.6186278  -1.3273773   3.1738879 2026 01 16 04 41 21.84
0 -11924.55377 -19967.43746 -10537.24827  -0.6180454  -1.3181390   3.1789508 2026 01 16 04 41 41.84
0 -11936.90871 -19993.70757 -10473.61916  -0.6174316  -1.3088928   3.1839832 2026 01 16 04 42 01.84
0 -11949.25105 -20019.79267 -10409.88970  -0.6167862  -1.2996388   3.1889850 2026 01 16 04 42 21.84
0 -11961.58017 -20045.69262 -10346.06052  -0.6161094  -1.2903773   3.1939561 2026 01 16 04 42 41.84
0 -11973.89544 -20071.40727 -10282.13223  -0.6154010  -1.2811083   3.1988966 2026 01 16 04 43 01.84
0 -11986.19623 -20096.93646 -10218.10543  -0.6146612  -1.2718320   3.2038064 2026 01 16 04 43 21.84
0 -11998.48191 -20122.28006 -10153.98074  -0.6138897  -1.2625486   3.2086853 2026 01 16 04 43 41.84
0 -12010.75184 -20147.43792 -10089.75879  -0.6130867  -1.2532583   3.2135335 2026 01 16 04 44 01.84
0 -12023.00540 -20172.40990 -10025.44018  -0.6122521  -1.2439612   3.2183508 2026 01 16 04 44 21.84
0 -12035.24194 -20197.19588  -9961.02553  -0.6113859  -1.2346574   3.2231372 2026 01 16 04 44 41.84
0 -12047.46085 -20221.79572  -9896.51546  -0.6104881  -1.2253472   3.2278926 2026 01 16 04 45 01.84
0 -12059.66149 -20246.20929  -9831.91060  -0.6095587  -1.2160307   3.2326170 2026 01 16 04 45 21.84
0 -12071.84322 -20270.43647  -9767.21156  -0.6085977  -1.2067080   3.2373104 2026 01 16 04 45 41.84
0 -12084.00542 -20294.47714  -9702.41896  -0.6076050  -1.1973794   3.2419727 2026 01 16 04 46 01.84
0 -12096.14745 -20318.33118  -9637.53343  -0.6065807  -1.1880449   3.2466039 2026 01 16 04 46 21.84
0 -12108.26867 -20341.99847  -9572.55559  -0.6055247  -1.1787048   3.2512039 2026 01 16 04 46 41.84
0 -12120.36846 -20365.47891  -9507.48606  -0.6044370  -1.1693592   3.2557727 2026 01 16 04 47 01.84
0 -12132.44617 -20388.77237  -9442.32546  -0.6033177  -1.1600082   3.2603102 2026 01 16 04 47 21.84
0 -12144.50119 -20411.87877  -9377.07443  -0.6021667  -1.1506521   3.2648165 2026 01 16 04 47 41.84
0 -12156.53286 -20434.79800  -9311.73359  -0.6009839  -1.1412910   3.2692914 2026 01 16 04 48 01.84
0 -12168.54057 -20457.52996  -9246.30357  -0.5997695  -1.1319250   3.2737349 2026 01 16 04 48 21.84
0 -12180.52367 -20480.07455  -9180.78499  -0.5985234  -1.1225543   3.2781470 2026 01 16 04 48 41.84
0 -12192.48153 -20502.43168  -9115.17848  -0.5972456  -1.1131791   3.2825276 2026 01 16 04 49 01.84
0 -12204.41352 -20524.60126  -9049.48467  -0.5959361  -1.1037996   3.2868767 2026 01 16 04 49 21.84
0 -12216.31901 -20546.58322  -8983.70420  -0.5945949  -1.0944158   3.2911943 2026 01 16 04 49 41.84
0 -12228.19735 -20568.37745  -8917.83770  -0.5932219  -1.0850280   3.2954802 2026 01 16 04 50 01.84
0 -12240.04791 -20589.98390  -8851.88579  -0.5918173  -1.0756364   3.2997346 2026 01 16 04 50 21.84
0 -12251.87007 -20611.40247  -8785.84911  -0.5903809  -1.0662410   3.3039573 2026 01 16 04 50 41.84
0 -12263.66318 -20632.63310  -8719.72829  -0.5889128  -1.0568421   3.3081482 2026 01 16 04 51 01.84
0 -12275.42661 -20653.67572  -8653.52398  -0.5874130  -1.0474398   3.3123075 2026 01 16 04 51 21.84
0 -12287.15973 -20674.53026  -8587.23679  -0.5858815  -1.0380343   3.3164349 2026 01 16 04 51 41.84
0 -12298.86190 -20695.19666  -8520.86738  -0.5843183  -1.0286257   3.3205305 2026 01 16 04 52 01.84
0 -12310.53250 -20715.67486  -8454.41637  -0.5827234  -1.0192142   3.3245943 2026 01 16 04 52 21.84
0 -12322.17087 -20735.96481  -8387.88441  -0.5810968  -1.0097999   3.3286262 2026 01 16 04 52 41.84
0 -12333.77640 -20756.06644  -8321.27213  -0.5794384  -1.0003831   3.3326261 2026 01 16 04 53 01.84
0 -12345.34844 -20775.97972  -8254.58017  -0.5777484  -0.9909639   3.3365941 2026 01 16 04 53 21.84
0 -12356.88637 -20795.70459  -8187.80917  -0.5760267  -0.9815425   3.3405300 2026 01 16 04 53 41.84
0 -12368.38955 -20815.24100  -8120.95978  -0.5742733  -0.9721189   3.3444339 2026 01 16 04 54 01.84
0 -12379.85734 -20834.58893  -8054.03262  -0.5724883  -0.9626935   3.3483057 2026 01 16 04 54 21.84
0 -12391.28912 -20853.74834  -7987.02836  -0.5706715  -0.9532662   3.3521454 2026 01 16 04 54 41.84
0 -12402.68424 -20872.71918  -7919.94762  -0.5688231  -0.9438374   3.3559530 2026 01 16 04 55 01.84
0 -12414.04208 -20891.50143  -7852.79105  -0.5669431  -0.9344072   3.3597283 2026 01 16 04 55 21.84
0 -12425.36200 -20910.09506  -7785.55930  -0.5650314  -0.9249756   3.3634714 2026 01 16 04 55 41.84
0 -12436.64338 -20928.50006  -7718.25300  -0.5630881  -0.9155430   3.3671823 2026 01 16 04 56 01.84
0 -12447.88557 -20946.71639  -7650.87282  -0.5611132  -0.9061094   3.3708609 2026 01 16 04 56 21.84
0 -12459.08795 -20964.74404  -7583.41938  -0.5591067  -0.8966750   3.3745071 2026 01 16 04 56 41.84
0 -12470.24988 -20982.58300  -7515.89335  -0.5570686  -0.8872400   3.3781210 2026 01 16 04 57 01.84
0 -12481.37073 -21000.23325  -7448.29536  -0.5549989  -0.8778045   3.3817025 2026 01 16 04 57 21.84
0 -12492.44988 -21017.69480  -7380.62607  -0.5528976  -0.8683688   3.3852516 2026 01 16 04 57 41.84
0 -12503.48669 -21034.96762  -7312.88612  -0.5507648  -0.8589329   3.3887682 2026 01 16 04 58 01.84
0 -12514.48052 -21052.05173  -7245.07616  -0.5486005  -0.8494970   3.3922523 2026 01 16 04 58 21.84
0 -12525.43075 -21068.94713  -7177.19685  -0.5464047  -0.8400613   3.3957039 2026 01 16 04 58 41.84
0 -12536.33675 -21085.65381  -7109.24883  -0.5441773  -0.8306259   3.3991229 2026 01 16 04 59 01.84
0 -12547.19789 -21102.17179  -7041.23275  -0.5419185  -0.8211911   3.4025093 2026 01 16 04 59 21.84
0 -12558.01354 -21118.50109  -6973.14928  -0.5396282  -0.8117570   3.4058631 2026 01 16 04 59 41.84
0 -12568.78307 -21134.64170  -6904.99905  -0.5373065  -0.8023236   3.4091843 2026 01 16 05 00 01.84
0 -12579.50585 -21150.59367  -6836.78273  -0.5349533  -0.7928913   3.4124728 2026 01 16 05 00 21.84
0 -12590.18125 -21166.35700  -6768.50097  -0.5325687  -0.7834601   3.4157285 2026 01 16 05 00 41.84
0 -12600.80865 -21181.93171  -6700.15442  -0.5301528  -0.7740303   3.4189516 2026 01 16 05 01 01.84
0 -12611.38742 -21197.31785  -6631.74373  -0.5277055  -0.7646019   3.4221418 2026 01 16 05 01 21.84
0 -12621.91692 -21212.51544  -6563.26957  -0.5252268  -0.7551752   3.4252993 2026 01 16 05 01 41.84
0 -12632.39654 -21227.52451  -6494.73259  -0.5227169  -0.7457503   3.4284239 2026 01 16 05 02 01.84
0 -12642.82565 -21242.34510  -6426.13345  -0.5201756  -0.7363273   3.4315156 2026 01 16 05 02 21.84
0 -12653.20363 -21256.97726  -6357.47280  -0.5176031  -0.7269065   3.4345745 2026 01 16 05 02 41.84
0 -12663.52984 -21271.42102  -6288.75130  -0.5149993  -0.7174879   3.4376004 2026 01 16 05 03 01.84
0 -12673.80366 -21285.67644  -6219.96961  -0.5123644  -0.7080718   3.4405934 2026 01 16 05 03 21.84
0 -12684.02447 -21299.74356  -6151.12840  -0.5096982  -0.6986584   3.4435535 2026 01 16 05 03 41.84
0 -12694.19165 -21313.62244  -6082.22831  -0.5070009  -0.6892477   3.4464805 2026 01 16 05 04 01.84
0 -12704.30457 -21327.31313  -6013.27001  -0.5042725  -0.6798399   3.4493745 2026 01 16 05 04 21.84
0 -12714.36261 -21340.81570  -5944.25417  -0.5015129  -0.6704352   3.4522355 2026 01 16 05 04 41.84
0 -12724.36515 -21354.13021  -5875.18143  -0.4987223  -0.6610337   3.4550633 2026 01 16 05 05 01.84
0 -12734.31156 -21367.25673  -5806.05247  -0.4959006  -0.6516357   3.4578581 2026 01 16 05 05 21.84
0 -12744.20124 -21380.19532  -5736.86795  -0.4930480  -0.6422413   3.4606197 2026 01 16 05 05 41.84
0 -12754.03355 -21392.94606  -5667.62852  -0.4901643  -0.6328506   3.4633482 2026 01 16 05 06 01.84
0 -12763.80788 -21405.50902  -5598.33486  -0.4872497  -0.6234637   3.4660435 2026 01 16 05 06 21.84
0 -12773.52361 -21417.88430  -5528.98762  -0.4843042  -0.6140810   3.4687056 2026 01 16 05 06 41.84
0 -12783.18012 -21430.07195  -5459.58748  -0.4813278  -0.6047024   3.4713345 2026 01 16 05 07 01.84
0 -12792.77679 -21442.07208  -5390.13508  -0.4783206  -0.5953282   3.4739301 2026 01 16 05 07 21.84
0 -12802.31301 -21453.88477  -5320.63112  -0.4752826  -0.5859585   3.4764924 2026 01 16 05 07 41.84
0 -12811.78816 -21465.51012  -5251.07623  -0.4722138  -0.5765936   3.4790214 2026 01 16 05 08 01.84
0 -12821.20163 -21476.94822  -5181.47110  -0.4691142  -0.5672335   3.4815171 2026 01 16 05 08 21.84
0 -12830.55281 -21488.19916  -5111.81639  -0.4659840  -0.5578783   3.4839795 2026 01 16 05 08 41.84
0 -12839.84107 -21499.26306  -5042.11277  -0.4628231  -0.5485284   3.4864084 2026 01 16 05 09 01.84
0 -12849.06580 -21510.14001  -4972.36090  -0.4596315  -0.5391838   3.4888040 2026 01 16 05 09 21.84
0 -12858.22640 -21520.83012  -4902.56146  -0.4564094  -0.5298447   3.4911662 2026 01 16 05 09 41.84
0 -12867.32226 -21531.33351  -4832.71510  -0.4531567  -0.5205112   3.4934949 2026 01 16 05 10 01.84
0 -12876.35275 -21541.65028  -4762.82251  -0.4498736  -0.5111835   3.4957902 2026 01 16 05 10 21.84
0 -12885.31728 -21551.78056  -4692.88434  -0.4465600  -0.5018618   3.4980520 2026 01 16 05 10 41.84
0 -12894.21523 -21561.72447  -4622.90128  -0.4432159  -0.4925462   3.5002803 2026 01 16 05 11 01.84
0 -12903.04600 -21571.48213  -4552.87398  -0.4398415  -0.4832368   3.5024751 2026 01 16 05 11 21.84
0 -12911.80898 -21581.05367  -4482.80313  -0.4364367  -0.4739339   3.5046363 2026 01 16 05 11 41.84
0 -12920.50355 -21590.43922  -4412.68938  -0.4330017  -0.4646376   3.5067640 2026 01 16 05 12 01.84
0 -12929.12913 -21599.63891  -4342.53342  -0.4295364  -0.4553480   3.5088581 2026 01 16 05 12 21.84
0 -12937.68510 -21608.65287  -4272.33591  -0.4260409  -0.4460654   3.5109186 2026 01 16 05 12 41.84
0 -12946.17085 -21617.48126  -4202.09753  -0.4225153  -0.4367898   3.5129455 2026 01 16 05 13 01.84
0 -12954.58580 -21626.12420  -4131.81895  -0.4189596  -0.4275214   3.5149387 2026 01 16 05 13 21.84
0 -12962.92933 -21634.58186  -4061.50084  -0.4153738  -0.4182604   3.5168983 2026 01 16 05 13 41.84
0 -12971.20084 -21642.85436  -3991.14387  -0.4117580  -0.4090069   3.5188242 2026 01 16 05 14 01.84
0 -12979.39974 -21650.94188  -3920.74872  -0.4081122  -0.3997611   3.5207165 2026 01 16 05 14 21.84
0 -12987.52542 -21658.84456  -3850.31607  -0.4044365  -0.3905231   3.5225750 2026 01 16 05 14 41.84
0 -12995.57729 -21666.56256  -3779.84658  -0.4007310  -0.3812932   3.5243998 2026 01 16 05 15 01.84
0 -13003.55476 -21674.09604  -3709.34093  -0.3969956  -0.3720714   3.5261909 2026 01 16 05 15 21.84
0 -13011.45721 -21681.44517  -3638.79980  -0.3932305  -0.3628579   3.5279482 2026 01 16 05 15 41.84
0 -13019.28407 -21688.61012  -3568.22386  -0.3894357  -0.3536529   3.5296718 2026 01 16 05 16 01.84
0 -13027.03474 -21695.59105  -3497.61379  -0.3856113  -0.3444564   3.5313615 2026 01 16 05 16 21.84
0 -13034.70863 -21702.38814  -3426.97026  -0.3817572  -0.3352688   3.5330175 2026 01 16 05 16 41.84
0 -13042.30513 -21709.00157  -3356.29395  -0.3778736  -0.3260901   3.5346396 2026 01 16 05 17 01.84
0 -13049.82367 -21715.43151  -3285.58554  -0.3739605  -0.3169204   3.5362279 2026 01 16 05 17 21.84
0 -13057.26366 -21721.67816  -3214.84570  -0.3700180  -0.3077600   3.5377824 2026 01 16 05 17 41.84
0 -13064.62450 -21727.74169  -3144.07511  -0.3660461  -0.2986090   3.5393030 2026 01 16 05 18 01.84
0 -13071.90561 -21733.62230  -3073.27444  -0.3620449  -0.2894675   3.5407897 2026 01 16 05 18 21.84
0 -13079.10640 -21739.32017  -3002.44438  -0.3580144  -0.2803357   3.5422426 2026 01 16 05 18 41.84
0 -13086.22629 -21744.83551  -2931.58560  -0.3539547  -0.2712138   3.5436615 2026 01 16 05 19 01.84
0 -13093.26470 -21750.16851  -2860.69878  -0.3498659  -0.2621018   3.5450465 2026 01 16 05 19 21.84
0 -13100.22104 -21755.31937  -2789.78460  -0.3457479  -0.2530001   3.5463976 2026 01 16 05 19 41.84
0 -13107.09473 -21760.28831  -2718.84374  -0.3416010  -0.2439086   3.5477148 2026 01 16 05 20 01.84
0 -13113.88519 -21765.07551  -2647.87688  -0.3374251  -0.2348275   3.5489980 2026 01 16 05 20 21.84
0 -13120.59185 -21769.68120  -2576.88469  -0.3332202  -0.2257571   3.5502473 2026 01 16 05 20 41.84
0 -13127.21412 -21774.10560  -2505.86785  -0.3289866  -0.2166974   3.5514626 2026 01 16 05 21 01.84
0 -13133.75143 -21778.34890  -2434.82705  -0.3247242  -0.2076487   3.5526439 2026 01 16 05 21 21.84
0 -13140.20320 -21782.41135  -2363.76296  -0.3204330  -0.1986110   3.5537913 2026 01 16 05 21 41.84
0 -13146.56887 -21786.29315  -2292.67626  -0.3161132  -0.1895845   3.5549046 2026 01 16 05 22 01.84
0 -13152.84785 -21789.99454  -2221.56764  -0.3117648  -0.1805693   3.5559839 2026 01 16 05 22 21.84
0 -13159.03958 -21793.51574  -2150.43778  -0.3073879  -0.1715657   3.5570292 2026 01 16 05 22 41.84
0 -13165.14349 -21796.85698  -2079.28734  -0.3029825  -0.1625738   3.5580404 2026 01 16 05 23 01.84
0 -13171.15901 -21800.01851  -2008.11703  -0.2985488  -0.1535936   3.5590177 2026 01 16 05 23 21.84
0 -13177.08557 -21803.00055  -1936.92751  -0.2940867  -0.1446254   3.5599608 2026 01 16 05 23 41.84
0 -13182.92261 -21805.80335  -1865.71946  -0.2895964  -0.1356693   3.5608700 2026 01 16 05 24 01.84
0 -13188.66956 -21808.42714  -1794.49358  -0.2850779  -0.1267255   3.5617450 2026 01 16 05 24 21.84
0 -13194.32585 -21810.87219  -1723.25053  -0.2805313  -0.1177940   3.5625860 2026 01 16 05 24 41.84
0 -13199.89094 -21813.13874  -1651.99101  -0.2759566  -0.1088752   3.5633929 2026 01 16 05 25 01.84
0 -13205.36425 -21815.22703  -1580.71568  -0.2713540  -0.0999690   3.5641657 2026 01 16 05 25 21.84
0 -13210.74523 -21817.13733  -1509.42525  -0.2667235  -0.0910756   3.5649045 2026 01 16 05 25 41.84
0 -13216.03333 -21818.86990  -1438.12038  -0.2620651  -0.0821953   3.5656091 2026 01 16 05 26 01.84
0 -13221.22797 -21820.42499  -1366.80175  -0.2573790  -0.0733281   3.5662796 2026 01 16 05 26 21.84
0 -13226.32862 -21821.80287  -1295.47006  -0.2526652  -0.0644742   3.5669161 2026 01 16 05 26 41.84
0 -13231.33472 -21823.00380  -1224.12598  -0.2479237  -0.0556337   3.5675184 2026 01 16 05 27 01.84
0 -13236.24571 -21824.02806  -1152.77020  -0.2431548  -0.0468068   3.5680865 2026 01 16 05 27 21.84
0 -13241.06105 -21824.87592  -1081.40339  -0.2383584  -0.0379936   3.5686206 2026 01 16 05 27 41.84
0 -13245.78019 -21825.54766  -1010.02625  -0.2335346  -0.0291943   3.5691206 2026 01 16 05 28 01.84
0 -13250.40258 -21826.04355   -938.63944  -0.2286834  -0.0204090   3.5695864 2026 01 16 05 28 21.84
0 -13254.92768 -21826.36388   -867.24366  -0.2238051  -0.0116378   3.5700180 2026 01 16 05 28 41.84
0 -13259.35494 -21826.50893   -795.83959  -0.2188996  -0.0028810   3.5704156 2026 01 16 05 29 01.84
0 -13263.68381 -21826.47898   -724.42791  -0.2139670   0.0058615   3.5707789 2026 01 16 05 29 21.84
0 -13267.91377 -21826.27434   -653.00931  -0.2090075   0.0145893   3.5711082 2026 01 16 05 29 41.84
0 -13272.04426 -21825.89528   -581.58446  -0.2040210   0.0233024   3.5714033 2026 01 16 05 30 01.84
0 -13276.07476 -21825.34211   -510.15405  -0.1990076   0.0320006   3.5716642 2026 01 16 05 30 21.84
0 -13280.00473 -21824.61513   -438.71876  -0.1939675   0.0406838   3.5718910 2026 01 16 05 30 41.84
0 -13283.83362 -21823.71464   -367.27928  -0.1889008   0.0493518   3.5720837 2026 01 16 05 31 01.84
0 -13287.56092 -21822.64094   -295.83629  -0.1838074   0.0580046   3.5722422 2026 01 16 05 31 21.84
0 -13291.18608 -21821.39434   -224.39047  -0.1786875   0.0666419   3.5723665 2026 01 16 05 31 41.84
0 -13294.70858 -21819.97515   -152.94250  -0.1735412   0.0752636   3.5724567 2026 01 16 05 32 01.84
0 -13298.12789 -21818.38369    -81.49307  -0.1683686   0.0838696   3.5725127 2026 01 16 05 32 21.84
0 -13301.44349 -21816.62026    -10.04287  -0.1631697   0.0924597   3.5725346 2026 01 16 05 32 41.84
0 -13304.65485 -21814.68519     61.40744  -0.1579446   0.1010338   3.5725223 2026 01 16 05 33 01.84
0 -13307.76144 -21812.57880    132.85715  -0.1526934   0.1095918   3.5724759 2026 01 16 05 33 21.84
0 -13310.76275 -21810.30142    204.30560  -0.1474162   0.1181335   3.5723953 2026 01 16 05 33 41.84
0 -13313.65826 -21807.85336    275.75209  -0.1421131   0.1266588   3.5722806 2026 01 16 05 34 01.84
0 -13316.44745 -21805.23497    347.19595  -0.1367842   0.1351676   3.5721317 2026 01 16 05 34 21.84
0 -13319.12980 -21802.44657    418.63648  -0.1314295   0.1436596   3.5719486 2026 01 16 05 34 41.84
0 -13321.70481 -21799.48850    490.07302  -0.1260492   0.1521348   3.5717315 2026 01 16 05 35 01.84
0 -13324.17195 -21796.36109    561.50487  -0.1206433   0.1605930   3.5714802 2026 01 16 05 35 21.84
0 -13326.53072 -21793.06469    632.93135  -0.1152119   0.1690342   3.5711947 2026 01 16 05 35 41.84
0 -13328.78061 -21789.59964    704.35178  -0.1097552   0.1774580   3.5708751 2026 01 16 05 36 01.84
0 -13330.92111 -21785.96629    775.76548  -0.1042731   0.1858645   3.5705214 2026 01 16 05 36 21.84
0 -13332.95171 -21782.16498    847.17177  -0.0987658   0.1942535   3.5701335 2026 01 16 05 36 41.84
0 -13334.87192 -21778.19607    918.56995  -0.0932335   0.2026249   3.5697116 2026 01 16 05 37 01.84
0 -13336.68124 -21774.05991    989.95935  -0.0876761   0.2109784   3.5692555 2026 01 16 05 37 21.84
0 -13338.37915 -21769.75686   1061.33930  -0.0820938   0.2193141   3.5687653 2026 01 16 05 37 41.84
0 -13339.96518 -21765.28728   1132.70909  -0.0764866   0.2276316   3.5682410 2026 01 16 05 38 01.84
0 -13341.43881 -21760.65153   1204.06806  -0.0708547   0.2359310   3.5676826 2026 01 16 05 38 21.84
0 -13342.79956 -21755.84997   1275.41552  -0.0651982   0.2442121   3.5670901 2026 01 16 05 38 41.84
0 -13344.04693 -21750.88298   1346.75079  -0.0595171   0.2524747   3.5664635 2026 01 16 05 39 01.84
0 -13345.18044 -21745.75093   1418.07319  -0.0538115   0.2607188   3.5658028 2026 01 16 05 39 21.84
0 -13346.19959 -21740.45418   1489.38203  -0.0480816   0.2689441   3.5651081 2026 01 16 05 39 41.84
0 -13347.10390 -21734.99311   1560.67664  -0.0423275   0.2771506   3.5643792 2026 01 16 05 40 01.84
0 -13347.89289 -21729.36810   1631.95633  -0.0365492   0.2853381   3.5636164 2026 01 16 05 40 21.84
0 -13348.56607 -21723.57954   1703.22042  -0.0307468   0.2935064   3.5628194 2026 01 16 05 40 41.84
0 -13349.12297 -21717.62780   1774.46823  -0.0249204   0.3016556   3.5619884 2026 01 16 05 41 01.84
0 -13349.56310 -21711.51327   1845.69909  -0.0190702   0.3097854   3.5611234 2026 01 16 05 41 21.84
0 -13349.88598 -21705.23634   1916.91230  -0.0131963   0.3178956   3.5602244 2026 01 16 05 41 41.84
0 -13350.09115 -21698.79741   1988.10719  -0.0072986   0.3259863   3.5592913 2026 01 16 05 42 01.84
0 -13350.17814 -21692.19686   2059.28308  -0.0013774   0.3340572   3.5583243 2026 01 16 05 42 21.84
0 -13350.14646 -21685.43509   2130.43929   0.0045673   0.3421082   3.5573232 2026 01 16 05 42 41.84
0 -13349.99566 -21678.51250   2201.57514   0.0105353   0.3501392   3.5562881 2026 01 16 05 43 01.84
0 -13349.72527 -21671.42949   2272.68994   0.0165266   0.3581500   3.5552191 2026 01 16 05 43 21.84
0 -13349.33482 -21664.18647   2343.78303   0.0225410   0.3661406   3.5541161 2026 01 16 05 43 41.84
0 -13348.82384 -21656.78384   2414.85372   0.0285785   0.3741108   3.5529791 2026 01 16 05 44 01.84
0 -13348.19189 -21649.22202   2485.90133   0.0346390   0.3820605   3.5518082 2026 01 16 05 44 21.84
0 -13347.43851 -21641.50140   2556.92518   0.0407223   0.3899895   3.5506034 2026 01 16 05 44 41.84
0 -13346.56323 -21633.62242   2627.92459   0.0468283   0.3978978   3.5493646 2026 01 16 05 45 01.84
0 -13345.56560 -21625.58548   2698.89889   0.0529569   0.4057852   3.5480920 2026 01 16 05 45 21.84
0 -13344.44518 -21617.39100   2769.84740   0.0591081   0.4136516   3.5467854 2026 01 16 05 45 41.84
0 -13343.20151 -21609.03940   2840.76944   0.0652817   0.4214968   3.5454450 2026 01 16 05 46 01.84
0 -13341.83414 -21600.53112   2911.66433   0.0714776   0.4293208   3.5440706 2026 01 16 05 46 21.84
0 -13340.34263 -21591.86657   2982.53140   0.0776957   0.4371233   3.5426625 2026 01 16 05 46 41.84
0 -13338.72655 -21583.04618   3053.36996   0.0839360   0.4449044   3.5412205 2026 01 16 05 47 01.84
0 -13336.98543 -21574.07039   3124.17935   0.0901981   0.4526639   3.5397446 2026 01 16 05 47 21.84
0 -13335.11886 -21564.93963   3194.95888   0.0964822   0.4604016   3.5382350 2026 01 16 05 47 41.84
0 -13333.12638 -21555.65433   3265.70788   0.1027881   0.4681174   3.5366915 2026 01 16 05 48 01.84
0 -13331.00758 -21546.21494   3336.42568   0.1091156   0.4758112   3.5351143 2026 01 16 05 48 21.84
0 -13328.76200 -21536.62189   3407.11159   0.1154646   0.4834830   3.5335033 2026 01 16 05 48 41.84
0 -13326.38924 -21526.87564   3477.76494   0.1218351   0.4911325   3.5318585 2026 01 16 05 49 01.84
0 -13323.88885 -21516.97661   3548.38506   0.1282269   0.4987596   3.5301800 2026 01 16 05 49 21.84
0 -13321.26041 -21506.92527   3618.97128   0.1346399   0.5063643   3.5284678 2026 01 16 05 49 41.84
0 -13318.50350 -21496.72206   3689.52291   0.1410740   0.5139464   3.5267219 2026 01 16 05 50 01.84
0 -13315.61770 -21486.36743   3760.03929   0.1475291   0.5215059   3.5249423 2026 01 16 05 50 21.84
0 -13312.60259 -21475.86185   3830.51974   0.1540050   0.5290425   3.5231291 2026 01 16 05 50 41.84
0 -13309.45776 -21465.20576   3900.96359   0.1605017   0.5365561   3.5212822 2026 01 16 05 51 01.84
0 -13306.18278 -21454.39963   3971.37017   0.1670191   0.5440467   3.5194016 2026 01 16 05 51 21.84
0 -13302.77725 -21443.44392   4041.73879   0.1735569   0.5515142   3.5174875 2026 01 16 05 51 41.84
0 -13299.24076 -21432.33910   4112.06880   0.1801152   0.5589584   3.5155397 2026 01 16 05 52 01.84
0 -13295.57291 -21421.08562   4182.35952   0.1866938   0.5663792   3.5135584 2026 01 16 05 52 21.84
0 -13291.77328 -21409.68397   4252.61028   0.1932925   0.5737765   3.5115435 2026 01 16 05 52 41.84
0 -13287.84147 -21398.13460   4322.82040   0.1999113   0.5811501   3.5094951 2026 01 16 05 53 01.84
0 -13283.77709 -21386.43800   4392.98922   0.2065501   0.5885001   3.5074132 2026 01 16 05 53 21.84
0 -13279.57974 -21374.59465   4463.11607   0.2132087   0.5958262   3.5052977 2026 01 16 05 53 41.84
0 -13275.24901 -21362.60501   4533.20027   0.2198869   0.6031283   3.5031488 2026 01 16 05 54 01.84
0 -13270.78453 -21350.46956   4603.24116   0.2265848   0.6104064   3.5009665 2026 01 16 05 54 21.84
0 -13266.18590 -21338.18880   4673.23807   0.2333021   0.6176603   3.4987507 2026 01 16 05 54 41.84
0 -13261.45273 -21325.76321   4743.19034   0.2400387   0.6248899   3.4965015 2026 01 16 05 55 01.84
0 -13256.58463 -21313.19326   4813.09728   0.2467946   0.6320951   3.4942189 2026 01 16 05 55 21.84
0 -13251.58122 -21300.47946   4882.95823   0.2535696   0.6392759   3.4919029 2026 01 16 05 55 41.84
0 -13246.44212 -21287.62229   4952.77254   0.2603636   0.6464320   3.4895536 2026 01 16 05 56 01.84
0 -13241.16696 -21274.62224   5022.53952   0.2671764   0.6535634   3.4871710 2026 01 16 05 56 21.84
0 -13235.75535 -21261.47982   5092.25852   0.2740080   0.6606700   3.4847551 2026 01 16 05 56 41.84
0 -13230.20693 -21248.19551   5161.92887   0.2808581   0.6677516   3.4823059 2026 01 16 05 57 01.84
0 -13224.52132 -21234.76982   5231.54991   0.2877268   0.6748082   3.4798234 2026 01 16 05 57 21.84
0 -13218.69815 -21221.20326   5301.12096   0.2946138   0.6818397   3.4773077 2026 01 16 05 57 41.84
0 -13212.73706 -21207.49631   5370.64136   0.3015191   0.6888459   3.4747588 2026 01 16 05 58 01.84
0 -13206.63768 -21193.64950   5440.11046   0.3084425   0.6958267   3.4721768 2026 01 16 05 58 21.84
