0   7024.77955   -797.65828      0.00141  -0.1940459  -1.5986815   7.4258571 2026 01 14 04 24 54.67
0   7019.27322   -829.44292    148.50724  -0.3565707  -1.5795859   7.4241752 2026 01 14 04 25 14.67
0   7010.51828   -860.83378    296.94580  -0.5188939  -1.5593042   7.4191297 2026 01 14 04 25 34.67
0   6998.51955   -891.80723    445.24983  -0.6809386  -1.5378463   7.4107222 2026 01 14 04 25 54.67
0   6983.28336   -922.33985    593.35213  -0.8426279  -1.5152226   7.3989559 2026 01 14 04 26 14.67
0   6964.81759   -952.40844    741.18555  -1.0038851  -1.4914444   7.3838357 2026 01 14 04 26 34.67
0   6943.13164   -981.99002    888.68309  -1.1646338  -1.4665238   7.3653677 2026 01 14 04 26 54.67
0   6918.23644  -1011.06188   1035.77787  -1.3247976  -1.4404734   7.3435598 2026 01 14 04 27 14.67
0   6890.14445  -1039.60154   1182.40317  -1.4843007  -1.4133068   7.3184214 2026 01 14 04 27 34.67
0   6858.86965  -1067.58684   1328.49250  -1.6430675  -1.3850382   7.2899634 2026 01 14 04 27 54.67
0   6824.42750  -1094.99587   1473.97958  -1.8010227  -1.3556825   7.2581984 2026 01 14 04 28 14.67
0   6786.83499  -1121.80705   1618.79842  -1.9580913  -1.3252555   7.2231403 2026 01 14 04 28 34.67
0   6746.11060  -1147.99912   1762.88331  -2.1141991  -1.2937736   7.1848046 2026 01 14 04 28 54.67
0   6702.27428  -1173.55114   1906.16885  -2.2692721  -1.2612537   7.1432085 2026 01 14 04 29 14.67
0   6655.34745  -1198.44255   2048.59004  -2.4232369  -1.2277137   7.0983704 2026 01 14 04 29 34.67
0   6605.35302  -1222.65310   2190.08221  -2.5760207  -1.1931720   7.0503105 2026 01 14 04 29 54.67
0   6552.31533  -1246.16297   2330.58116  -2.7275510  -1.1576477   6.9990503 2026 01 14 04 30 14.67
0   6496.26016  -1268.95270   2470.02310  -2.8777565  -1.1211607   6.9446129 2026 01 14 04 30 34.67
0   6437.21472  -1291.00323   2608.34474  -3.0265660  -1.0837314   6.8870228 2026 01 14 04 30 54.67
0   6375.20763  -1312.29592   2745.48327  -3.1739092  -1.0453807   6.8263059 2026 01 14 04 31 14.67
0   6310.26891  -1332.81258   2881.37642  -3.3197168  -1.0061304   6.7624897 2026 01 14 04 31 34.67
0   6242.42997  -1352.53542   3015.96251  -3.4639198  -0.9660028   6.6956030 2026 01 14 04 31 54.67
0   6171.72357  -1371.44712   3149.18042  -3.6064504  -0.9250207   6.6256760 2026 01 14 04 32 14.67
0   6098.18384  -1389.53084   3280.96965  -3.7472414  -0.8832077   6.5527405 2026 01 14 04 32 34.67
0   6021.84622  -1406.77020   3411.27037  -3.8862266  -0.8405878   6.4768295 2026 01 14 04 32 54.67
0   5942.74750  -1423.14929   3540.02340  -4.0233406  -0.7971856   6.3979773 2026 01 14 04 33 14.67
0   5860.92574  -1438.65272   3667.17028  -4.1585191  -0.7530262   6.3162197 2026 01 14 04 33 34.67
0   5776.42029  -1453.26561   3792.65327  -4.2916985  -0.7081353   6.2315939 2026 01 14 04 33 54.67
0   5689.27175  -1466.97359   3916.41538  -4.4228165  -0.6625392   6.1441382 2026 01 14 04 34 14.67
0   5599.52197  -1479.76281   4038.40041  -4.5518116  -0.6162644   6.0538923 2026 01 14 04 34 34.67
0   5507.21401  -1491.61997   4158.55296  -4.6786234  -0.5693381   5.9608971 2026 01 14 04 34 54.67
0   5412.39214  -1502.53233   4276.81847  -4.8031928  -0.5217880   5.8651950 2026 01 14 04 35 14.67
0   5315.10177  -1512.48768   4393.14323  -4.9254615  -0.4736422   5.7668293 2026 01 14 04 35 34.67
0   5215.38951  -1521.47439   4507.47441  -5.0453725  -0.4249291   5.6658446 2026 01 14 04 35 54.67
0   5113.30305  -1529.48141   4619.76008  -5.1628700  -0.3756778   5.5622870 2026 01 14 04 36 14.67
0   5008.89123  -1536.49826   4729.94927  -5.2778993  -0.3259174   5.4562032 2026 01 14 04 36 34.67
0   4902.20395  -1542.51507   4837.99191  -5.3904069  -0.2756779   5.3476416 2026 01 14 04 36 54.67
0   4793.29215  -1547.52253   4943.83895  -5.5003408  -0.2249892   5.2366513 2026 01 14 04 37 14.67
0   4682.20783  -1551.51199   5047.44232  -5.6076499  -0.1738818   5.1232827 2026 01 14 04 37 34.67
0   4569.00399  -1554.47537   5148.75495  -5.7122846  -0.1223864   5.0075873 2026 01 14 04 37 54.67
0   4453.73459  -1556.40521   5247.73084  -5.8141965  -0.0705341   4.8896175 2026 01 14 04 38 14.67
0   4336.45456  -1557.29470   5344.32503  -5.9133388  -0.0183564   4.7694269 2026 01 14 04 38 34.67
0   4217.21976  -1557.13764   5438.49365  -6.0096657   0.0341152   4.6470698 2026 01 14 04 38 54.67
0   4096.08694  -1555.92848   5530.19392  -6.1031329   0.0868488   4.5226018 2026 01 14 04 39 14.67
0   3973.11373  -1553.66229   5619.38418  -6.1936976   0.1398121   4.3960793 2026 01 14 04 39 34.67
0   3848.35858  -1550.33481   5706.02392  -6.2813183   0.1929728   4.2675595 2026 01 14 04 39 54.67
0   3721.88079  -1545.94240   5790.07377  -6.3659550   0.2462984   4.1371007 2026 01 14 04 40 14.67
0   3593.74043  -1540.48211   5871.49553  -6.4475691   0.2997560   4.0047620 2026 01 14 04 40 34.67
0   3463.99832  -1533.95161   5950.25222  -6.5261233   0.3533127   3.8706031 2026 01 14 04 40 54.67
0   3332.71602  -1526.34927   6026.30803  -6.6015822   0.4069355   3.7346850 2026 01 14 04 41 14.67
0   3199.95578  -1517.67408   6099.62838  -6.6739114   0.4605912   3.5970689 2026 01 14 04 41 34.67
0   3065.78052  -1507.92572   6170.17995  -6.7430784   0.5142463   3.4578172 2026 01 14 04 41 54.67
0   2930.25380  -1497.10454   6237.93064  -6.8090520   0.5678676   3.3169928 2026 01 14 04 42 14.67
0   2793.43979  -1485.21156   6302.84965  -6.8718025   0.6214215   3.1746594 2026 01 14 04 42 34.67
0   2655.40324  -1472.24844   6364.90743  -6.9313019   0.6748745   3.0308813 2026 01 14 04 42 54.67
0   2516.20944  -1458.21756   6424.07573  -6.9875236   0.7281930   2.8857234 2026 01 14 04 43 14.67
0   2375.92418  -1443.12192   6480.32762  -7.0404428   0.7813435   2.7392514 2026 01 14 04 43 34.67
0   2234.61377  -1426.96523   6533.63747  -7.0900359   0.8342923   2.5915314 2026 01 14 04 43 54.67
0   2092.34493  -1409.75186   6583.98100  -7.1362813   0.8870059   2.4426300 2026 01 14 04 44 14.67
0   1949.18484  -1391.48685   6631.33524  -7.1791586   0.9394508   2.2926145 2026 01 14 04 44 34.67
0   1805.20105  -1372.17590   6675.67858  -7.2186493   0.9915936   2.1415527 2026 01 14 04 44 54.67
0   1660.46145  -1351.82540   6716.99080  -7.2547363   1.0434008   1.9895126 2026 01 14 04 45 14.67
0   1515.03427  -1330.44238   6755.25300  -7.2874043   1.0948393   1.8365630 2026 01 14 04 45 34.67
0   1368.98805  -1308.03455   6790.44769  -7.3166394   1.1458758   1.6827728 2026 01 14 04 45 54.67
0   1222.39156  -1284.61028   6822.55874  -7.3424295   1.1964774   1.5282115 2026 01 14 04 46 14.67
0   1075.31381  -1260.17861   6851.57144  -7.3647640   1.2466111   1.3729488 2026 01 14 04 46 34.67
0    927.82401  -1234.74921   6877.47245  -7.3836340   1.2962444   1.2170548 2026 01 14 04 46 54.67
0    779.99151  -1208.33241   6900.24985  -7.3990323   1.3453447   1.0605998 2026 01 14 04 47 14.67
0    631.88582  -1180.93921   6919.89314  -7.4109531   1.3938798   0.9036544 2026 01 14 04 47 34.67
0    483.57652  -1152.58122   6936.39320  -7.4193925   1.4418177   0.7462895 2026 01 14 04 47 54.67
0    335.13327  -1123.27071   6949.74237  -7.4243480   1.4891265   0.5885761 2026 01 14 04 48 14.67
0    186.62576  -1093.02057   6959.93437  -7.4258190   1.5357747   0.4305854 2026 01 14 04 48 34.67
0     38.12367  -1061.84433   6966.96439  -7.4238063   1.5817312   0.2723888 2026 01 14 04 48 54.67
0   -110.30334  -1029.75614   6970.82902  -7.4183125   1.6269650   0.1140576 2026 01 14 04 49 14.67
0   -258.58570   -996.77074   6971.52627  -7.4093417   1.6714455  -0.0443365 2026 01 14 04 49 34.67
0   -406.65393   -962.90353   6969.05562  -7.3968997   1.7151424  -0.2027220 2026 01 14 04 49 54.67
0   -554.43866   -928.17045   6963.41794  -7.3809939   1.7580260  -0.3610273 2026 01 14 04 50 14.67
0   -701.87071   -892.58808   6954.61555  -7.3616335   1.8000666  -0.5191808 2026 01 14 04 50 34.67
0   -848.88109   -856.17356   6942.65222  -7.3388290   1.8412353  -0.6771110 2026 01 14 04 50 54.67
0   -995.40105   -818.94463   6927.53311  -7.3125928   1.8815032  -0.8347465 2026 01 14 04 51 14.67
0  -1141.36208   -780.91958   6909.26484  -7.2829387   1.9208421  -0.9920158 2026 01 14 04 51 34.67
0  -1286.69598   -742.11728   6887.85545  -7.2498823   1.9592242  -1.1488477 2026 01 14 04 51 54.67
0  -1431.33487   -702.55712   6863.31439  -7.2134407   1.9966223  -1.3051712 2026 01 14 04 52 14.67
0  -1575.21124   -662.25906   6835.65253  -7.1736326   2.0330093  -1.4609155 2026 01 14 04 52 34.67
0  -1718.25795   -621.24358   6804.88218  -7.1304782   2.0683591  -1.6160098 2026 01 14 04 52 54.67
0  -1860.40829   -579.53170   6771.01703  -7.0839996   2.1026456  -1.7703838 2026 01 14 04 53 14.67
0  -2001.59602   -537.14492   6734.07219  -7.0342200   2.1358437  -1.9239675 2026 01 14 04 53 34.67
0  -2141.75536   -494.10527   6694.06417  -6.9811644   2.1679286  -2.0766909 2026 01 14 04 53 54.67
0  -2280.82105   -450.43525   6651.01086  -6.9248595   2.1988761  -2.2284848 2026 01 14 04 54 14.67
0  -2418.72839   -406.15784   6604.93154  -6.8653333   2.2286626  -2.3792800 2026 01 14 04 54 34.67
0  -2555.41325   -361.29650   6555.84689  -6.8026154   2.2572651  -2.5290079 2026 01 14 04 54 54.67
0  -2690.81209   -315.87514   6503.77892  -6.7367369   2.2846613  -2.6776003 2026 01 14 04 55 14.67
0  -2824.86203   -269.91809   6448.75102  -6.6677305   2.3108293  -2.8249895 2026 01 14 04 55 34.67
0  -2957.50086   -223.45013   6390.78793  -6.5956302   2.3357480  -2.9711083 2026 01 14 04 55 54.67
0  -3088.66704   -176.49645   6329.91572  -6.5204716   2.3593971  -3.1158899 2026 01 14 04 56 14.67
0  -3218.29979   -129.08265   6266.16181  -6.4422917   2.3817568  -3.2592682 2026 01 14 04 56 34.67
0  -3346.33905    -81.23471   6199.55490  -6.3611291   2.4028078  -3.4011778 2026 01 14 04 56 54.67
0  -3472.72557    -32.97898   6130.12504  -6.2770237   2.4225320  -3.5415536 2026 01 14 04 57 14.67
0  -3597.40090     15.65783   6057.90352  -6.1900166   2.4409115  -3.6803313 2026 01 14 04 57 34.67
0  -3720.30743     64.64864   5982.92296  -6.1001507   2.4579294  -3.8174475 2026 01 14 04 57 54.67
0  -3841.38843    113.96607   5905.21721  -6.0074700   2.4735696  -3.9528393 2026 01 14 04 58 14.67
0  -3960.58806    163.58240   5824.82138  -5.9120199   2.4878166  -4.0864445 2026 01 14 04 58 34.67
0  -4077.85138    213.46962   5741.77182  -5.8138471   2.5006557  -4.2182017 2026 01 14 04 58 54.67
0  -4193.12442    263.59943   5656.10609  -5.7129998   2.5120729  -4.3480505 2026 01 14 04 59 14.67
0  -4306.35419    313.94326   5567.86296  -5.6095273   2.5220553  -4.4759310 2026 01 14 04 59 34.67
0  -4417.48868    364.47230   5477.08239  -5.5034802   2.5305903  -4.6017846 2026 01 14 04 59 54.67
0  -4526.47692    415.15747   5383.80549  -5.3949103   2.5376666  -4.7255531 2026 01 14 05 00 14.67
0  -4633.26898    465.96949   5288.07454  -5.2838708   2.5432735  -4.8471796 2026 01 14 05 00 34.67
0  -4737.81601    516.87888   5189.93293  -5.1704158   2.5474010  -4.9666079 2026 01 14 05 00 54.67
0  -4840.07025    567.85596   5089.42519  -5.0546010   2.5500401  -5.0837829 2026 01 14 05 01 14.67
0  -4939.98506    618.87087   4986.59693  -4.9364828   2.5511827  -5.1986506 2026 01 14 05 01 34.67
0  -5037.51496    669.89361   4881.49481  -4.8161189   2.5508214  -5.3111578 2026 01 14 05 01 54.67
0  -5132.61561    720.89404   4774.16658  -4.6935682   2.5489498  -5.4212525 2026 01 14 05 02 14.67
0  -5225.24388    771.84189   4664.66099  -4.5688905   2.5455623  -5.5288837 2026 01 14 05 02 34.67
0  -5315.35783    822.70679   4553.02782  -4.4421468   2.5406541  -5.6340017 2026 01 14 05 02 54.67
0  -5402.91676    873.45829   4439.31781  -4.3133988   2.5342214  -5.7365578 2026 01 14 05 03 14.67
0  -5487.88121    924.06588   4323.58268  -4.1827096   2.5262613  -5.8365044 2026 01 14 05 03 34.67
0  -5570.21298    974.49897   4205.87510  -4.0501428   2.5167718  -5.9337951 2026 01 14 05 03 54.67
0  -5649.87519   1024.72696   4086.24861  -3.9157633   2.5057515  -6.0283850 2026 01 14 05 04 14.67
0  -5726.83221   1074.71925   3964.75770  -3.7796366   2.4932004  -6.1202300 2026 01 14 05 04 34.67
0  -5801.04978   1124.44521   3841.45768  -3.6418292   2.4791190  -6.2092876 2026 01 14 05 04 54.67
0  -5872.49494   1173.87425   3716.40471  -3.5024083   2.4635089  -6.2955165 2026 01 14 05 05 14.67
0  -5941.13611   1222.97583   3589.65577  -3.3614420   2.4463726  -6.3788765 2026 01 14 05 05 34.67
0  -6006.94307   1271.71944   3461.26863  -3.2189991   2.4277135  -6.4593291 2026 01 14 05 05 54.67
0  -6069.88697   1320.07468   3331.30182  -3.0751491   2.4075358  -6.5368368 2026 01 14 05 06 14.67
0  -6129.94038   1368.01122   3199.81459  -2.9299621   2.3858447  -6.6113638 2026 01 14 05 06 34.67
0  -6187.07725   1415.49886   3066.86690  -2.7835090   2.3626464  -6.6828753 2026 01 14 05 06 54.67
0  -6241.27299   1462.50751   2932.51941  -2.6358611   2.3379479  -6.7513383 2026 01 14 05 07 14.67
0  -6292.50441   1509.00726   2796.83340  -2.4870904   2.3117571  -6.8167210 2026 01 14 05 07 34.67
0  -6340.74978   1554.96833   2659.87078  -2.3372695   2.2840829  -6.8789930 2026 01 14 05 07 54.67
0  -6385.98882   1600.36117   2521.69406  -2.1864712   2.2549350  -6.9381256 2026 01 14 05 08 14.67
0  -6428.20273   1645.15640   2382.36631  -2.0347691   2.2243241  -6.9940914 2026 01 14 05 08 34.67
0  -6467.37415   1689.32487   2241.95111  -1.8822369   2.1922618  -7.0468646 2026 01 14 05 08 54.67
0  -6503.48724   1732.83769   2100.51258  -1.7289489   2.1587605  -7.0964207 2026 01 14 05 09 14.67
0  -6536.52762   1775.66619   1958.11528  -1.5749796   2.1238335  -7.1427369 2026 01 14 05 09 34.67
0  -6566.48241   1817.78201   1814.82423  -1.4204038   2.0874951  -7.1857920 2026 01 14 05 09 54.67
0  -6593.34023   1859.15707   1670.70485  -1.2652967   2.0497604  -7.2255662 2026 01 14 05 10 14.67
0  -6617.09121   1899.76360   1525.82295  -1.1097335   2.0106454  -7.2620413 2026 01 14 05 10 34.67
0  -6637.72698   1939.57416   1380.24467  -0.9537897   1.9701668  -7.2952006 2026 01 14 05 10 54.67
0  -6655.24069   1978.56166   1234.03649  -0.7975408   1.9283424  -7.3250291 2026 01 14 05 11 14.67
0  -6669.62698   2016.69936   1087.26516  -0.6410626   1.8851907  -7.3515135 2026 01 14 05 11 34.67
0  -6680.88204   2053.96090    939.99769  -0.4844307   1.8407312  -7.3746416 2026 01 14 05 11 54.67
0  -6689.00354   2090.32034    792.30130  -0.3277210   1.7949839  -7.3944034 2026 01 14 05 12 14.67
0  -6693.99069   2125.75213    644.24341  -0.1710091   1.7479700  -7.4107901 2026 01 14 05 12 34.67
0  -6695.84420   2160.23114    495.89161  -0.0143706   1.6997112  -7.4237946 2026 01 14 05 12 54.67
0  -6694.56629   2193.73271    347.31358   0.1421189   1.6502301  -7.4334114 2026 01 14 05 13 14.67
0  -6690.16070   2226.23263    198.57713   0.2983841   1.5995502  -7.4396369 2026 01 14 05 13 34.67
0  -6682.63267   2257.70716     49.75011   0.4543498   1.5476957  -7.4424685 2026 01 14 05 13 54.67
0  -6671.98893   2288.13305    -99.09960   0.6099411   1.4946914  -7.4419059 2026 01 14 05 14 14.67
0  -6658.23773   2317.48756   -247.90411   0.7650834   1.4405631  -7.4379499 2026 01 14 05 14 34.67
0  -6641.38878   2345.74848   -396.59558   0.9197022   1.3853370  -7.4306031 2026 01 14 05 14 54.67
0  -6621.45330   2372.89412   -545.10624   1.0737237   1.3290404  -7.4198698 2026 01 14 05 15 14.67
0  -6598.44396   2398.90335   -693.36841   1.2270743   1.2717010  -7.4057558 2026 01 14 05 15 34.67
0  -6572.37494   2423.75560   -841.31454   1.3796808   1.2133473  -7.3882683 2026 01 14 05 15 54.67
0  -6543.26182   2447.43087   -988.87726   1.5314705   1.1540085  -7.3674166 2026 01 14 05 16 14.67
0  -6511.12167   2469.90975  -1135.98938   1.6823713   1.0937144  -7.3432111 2026 01 14 05 16 34.67
0  -6475.97300   2491.17344  -1282.58395   1.8323116   1.0324954  -7.3156639 2026 01 14 05 16 54.67
0  -6437.83571   2511.20376  -1428.59426   1.9812202   0.9703826  -7.2847890 2026 01 14 05 17 14.67
0  -6396.73115   2529.98314  -1573.95392   2.1290270   0.9074075  -7.2506014 2026 01 14 05 17 34.67
0  -6352.68205   2547.49466  -1718.59683   2.2756620   0.8436025  -7.2131181 2026 01 14 05 17 54.67
0  -6305.71255   2563.72205  -1862.45727   2.4210562   0.7790004  -7.1723574 2026 01 14 05 18 14.67
0  -6255.84814   2578.64970  -2005.46987   2.5651413   0.7136344  -7.1283393 2026 01 14 05 18 34.67
0  -6203.11568   2592.26267  -2147.56972   2.7078498   0.6475384  -7.0810852 2026 01 14 05 18 54.67
0  -6147.54338   2604.54670  -2288.69230   2.8491148   0.5807467  -7.0306180 2026 01 14 05 19 14.67
0  -6089.16076   2615.48823  -2428.77361   2.9888706   0.5132943  -6.9769621 2026 01 14 05 19 34.67
0  -6027.99867   2625.07439  -2567.75012   3.1270518   0.4452165  -6.9201433 2026 01 14 05 19 54.67
0  -5964.08923   2633.29304  -2705.55885   3.2635946   0.3765489  -6.8601891 2026 01 14 05 20 14.67
0  -5897.46586   2640.13274  -2842.13738   3.3984354   0.3073277  -6.7971281 2026 01 14 05 20 34.67
0  -5828.16321   2645.58278  -2977.42386   3.5315122   0.2375896  -6.7309906 2026 01 14 05 20 54.67
0  -5756.21717   2649.63319  -3111.35709   3.6627635   0.1673715  -6.6618081 2026 01 14 05 21 14.67
0  -5681.66488   2652.27475  -3243.87650   3.7921291   0.0967107  -6.5896137 2026 01 14 05 21 34.67
0  -5604.54462   2653.49898  -3374.92218   3.9195497   0.0256450  -6.5144415 2026 01 14 05 21 54.67
0  -5524.89590   2653.29815  -3504.43493   4.0449672  -0.0457879  -6.4363273 2026 01 14 05 22 14.67
0  -5442.75933   2651.66532  -3632.35628   4.1683245  -0.1175494  -6.3553081 2026 01 14 05 22 34.67
0  -5358.17669   2648.59429  -3758.62852   4.2895655  -0.1896011  -6.2714222 2026 01 14 05 22 54.67
0  -5271.19085   2644.07964  -3883.19471   4.4086356  -0.2619042  -6.1847091 2026 01 14 05 23 14.67
0  -5181.84578   2638.11674  -4005.99870   4.5254810  -0.3344196  -6.0952096 2026 01 14 05 23 34.67
0  -5090.18648   2630.70174  -4126.98518   4.6400493  -0.4071081  -6.0029658 2026 01 14 05 23 54.67
0  -4996.25901   2621.83156  -4246.09971   4.7522893  -0.4799301  -5.9080209 2026 01 14 05 24 14.67
0  -4900.11045   2611.50394  -4363.28871   4.8621510  -0.5528461  -5.8104194 2026 01 14 05 24 34.67
0  -4801.78885   2599.71738  -4478.49949   4.9695855  -0.6258163  -5.7102068 2026 01 14 05 24 54.67
0  -4701.34322   2586.47121  -4591.68029   5.0745456  -0.6988008  -5.6074299 2026 01 14 05 25 14.67
0  -4598.82353   2571.76554  -4702.78032   5.1769849  -0.7717596  -5.5021365 2026 01 14 05 25 34.67
0  -4494.28063   2555.60128  -4811.74972   5.2768586  -0.8446526  -5.3943755 2026 01 14 05 25 54.67
0  -4387.76628   2537.98016  -4918.53965   5.3741232  -0.9174396  -5.2841969 2026 01 14 05 26 14.67
0  -4279.33307   2518.90468  -5023.10226   5.4687365  -0.9900806  -5.1716516 2026 01 14 05 26 34.67
0  -4169.03446   2498.37818  -5125.39073   5.5606577  -1.0625352  -5.0567918 2026 01 14 05 26 54.67
0  -4056.92467   2476.40478  -5225.35931   5.6498474  -1.1347633  -4.9396704 2026 01 14 05 27 14.67
0  -3943.05871   2452.98941  -5322.96329   5.7362674  -1.2067247  -4.8203412 2026 01 14 05 27 34.67
0  -3827.49235   2428.13782  -5418.15908   5.8198812  -1.2783793  -4.6988592 2026 01 14 05 27 54.67
0  -3710.28208   2401.85653  -5510.90416   5.9006535  -1.3496870  -4.5752801 2026 01 14 05 28 14.67
0  -3591.48505   2374.15288  -5601.15717   5.9785504  -1.4206079  -4.4496606 2026 01 14 05 28 34.67
0  -3471.15909   2345.03502  -5688.87786   6.0535397  -1.4911020  -4.3220580 2026 01 14 05 28 54.67
0  -3349.36269   2314.51187  -5774.02716   6.1255903  -1.5611297  -4.1925307 2026 01 14 05 29 14.67
0  -3226.15490   2282.59315  -5856.56715   6.1946728  -1.6306513  -4.0611378 2026 01 14 05 29 34.67
0  -3101.59536   2249.28939  -5936.46114   6.2607592  -1.6996275  -3.9279389 2026 01 14 05 29 54.67
0  -2975.74428   2214.61188  -6013.67359   6.3238230  -1.7680190  -3.7929948 2026 01 14 05 30 14.67
0  -2848.66234   2178.57271  -6088.17021   6.3838390  -1.8357868  -3.6563665 2026 01 14 05 30 34.67
0  -2720.41076   2141.18474  -6159.91795   6.4407838  -1.9028921  -3.5181162 2026 01 14 05 30 54.67
0  -2591.05117   2102.46160  -6228.88497   6.4946351  -1.9692965  -3.3783062 2026 01 14 05 31 14.67
0  -2460.64565   2062.41769  -6295.04073   6.5453724  -2.0349615  -3.2369998 2026 01 14 05 31 34.67
0  -2329.25667   2021.06819  -6358.35592   6.5929766  -2.0998494  -3.0942608 2026 01 14 05 31 54.67
0  -2196.94708   1978.42902  -6418.80254   6.6374301  -2.1639223  -2.9501535 2026 01 14 05 32 14.67
0  -2063.78005   1934.51684  -6476.35386   6.6787168  -2.2271431  -2.8047427 2026 01 14 05 32 34.67
0  -1929.81908   1889.34906  -6530.98448   6.7168221  -2.2894746  -2.6580939 2026 01 14 05 32 54.67
0  -1795.12791   1842.94385  -6582.67027   6.7517329  -2.3508803  -2.5102728 2026 01 14 05 33 14.67
0  -1659.77055   1795.32008  -6631.38847   6.7834376  -2.4113239  -2.3613458 2026 01 14 05 33 34.67
0  -1523.81125   1746.49735  -6677.11762   6.8119261  -2.4707697  -2.2113795 2026 01 14 05 33 54.67
0  -1387.31439   1696.49597  -6719.83760   6.8371898  -2.5291822  -2.0604412 2026 01 14 05 34 14.67
0  -1250.34456   1645.33696  -6759.52964   6.8592218  -2.5865265  -1.9085982 2026 01 14 05 34 34.67
0  -1112.96645   1593.04203  -6796.17633   6.8780164  -2.6427680  -1.7559184 2026 01 14 05 34 54.67
0   -975.24485   1539.63358  -6829.76161   6.8935695  -2.6978727  -1.6024698 2026 01 14 05 35 14.67
0   -837.24461   1485.13467  -6860.27080   6.9058787  -2.7518070  -1.4483210 2026 01 14 05 35 34.67
0   -699.03064   1429.56905  -6887.69055   6.9149427  -2.8045380  -1.2935405 2026 01 14 05 35 54.67
0   -560.66783   1372.96111  -6912.00895   6.9207621  -2.8560332  -1.1381972 2026 01 14 05 36 14.67
0   -422.22105   1315.33588  -6933.21540   6.9233388  -2.9062605  -0.9823602 2026 01 14 05 36 34.67
0   -283.75514   1256.71905  -6951.30075   6.9226761  -2.9551886  -0.8260988 2026 01 14 05 36 54.67
0   -145.33483   1197.13689  -6966.25718   6.9187790  -3.0027867  -0.6694823 2026 01 14 05 37 14.67
0     -7.02475   1136.61633  -6978.07829   6.9116537  -3.0490245  -0.5125803 2026 01 14 05 37 34.67
0    131.11060   1075.18485  -6986.75907   6.9013081  -3.0938724  -0.3554624 2026 01 14 05 37 54.67
0    269.00692   1012.87055  -6992.29590   6.8877515  -3.1373014  -0.1981983 2026 01 14 05 38 14.67
0    406.60008    949.70210  -6994.68654   6.8709945  -3.1792832  -0.0408576 2026 01 14 05 38 34.67
0    543.82620    885.70871  -6993.93016   6.8510494  -3.2197900   0.1164900 2026 01 14 05 38 54.67
0    680.62165    820.92016  -6990.02733   6.8279297  -3.2587949   0.2737746 2026 01 14 05 39 14.67
0    816.92307    755.36675  -6982.97999   6.8016505  -3.2962715   0.4309268 2026 01 14 05 39 34.67
0    952.66745    689.07930  -6972.79149   6.7722282  -3.3321942   0.5878768 2026 01 14 05 39 54.67
0   1087.79210    622.08914  -6959.46658   6.7396808  -3.3665380   0.7445553 2026 01 14 05 40 14.67
0   1222.23470    554.42810  -6943.01137   6.7040274  -3.3992787   0.9008928 2026 01 14 05 40 34.67
0   1355.93333    486.12847  -6923.43337   6.6652887  -3.4303930   1.0568202 2026 01 14 05 40 54.67
0   1488.82652    417.22302  -6900.74149   6.6234868  -3.4598581   1.2122685 2026 01 14 05 41 14.67
0   1620.85322    347.74494  -6874.94599   6.5786451  -3.4876520   1.3671687 2026 01 14 05 41 34.67
0   1751.95288    277.72787  -6846.05851   6.5307883  -3.5137537   1.5214524 2026 01 14 05 41 54.67
0   1882.06546    207.20586  -6814.09208   6.4799426  -3.5381429   1.6750512 2026 01 14 05 42 14.67
0   2011.13145    136.21336  -6779.06108   6.4261354  -3.5607999   1.8278970 2026 01 14 05 42 34.67
0   2139.09191     64.78520  -6740.98123   6.3693955  -3.5817061   1.9799222 2026 01 14 05 42 54.67
0   2265.88848     -7.04342  -6699.86964   6.3097529  -3.6008437   2.1310593 2026 01 14 05 43 14.67
0   2391.46341    -79.23696  -6655.74472   6.2472391  -3.6181955   2.2812413 2026 01 14 05 43 34.67
0   2515.75962   -151.75953  -6608.62626   6.1818867  -3.6337455   2.4304016 2026 01 14 05 43 54.67
0   2638.72066   -224.57495  -6558.53535   6.1137296  -3.6474783   2.5784740 2026 01 14 05 44 14.67
0   2760.29078   -297.64673  -6505.49441   6.0428031  -3.6593795   2.7253927 2026 01 14 05 44 34.67
0   2880.41497   -370.93809  -6449.52717   5.9691434  -3.6694357   2.8710924 2026 01 14 05 44 54.67
0   2999.03893   -444.41201  -6390.65865   5.8927884  -3.6776341   3.0155083 2026 01 14 05 45 14.67
0   3116.10913   -518.03122  -6328.91518   5.8137767  -3.6839631   3.1585762 2026 01 14 05 45 34.67
0   3231.57286   -591.75822  -6264.32436   5.7321485  -3.6884119   3.3002322 2026 01 14 05 45 54.67
0   3345.37817   -665.55529  -6196.91505   5.6479449  -3.6909706   3.4404134 2026 01 14 05 46 14.67
0   3457.47400   -739.38456  -6126.71739   5.5612083  -3.6916304   3.5790571 2026 01 14 05 46 34.67
0   3567.81011   -813.20795  -6053.76274   5.4719823  -3.6903832   3.7161015 2026 01 14 05 46 54.67
0   3676.33715   -886.98726  -5978.08371   5.3803113  -3.6872221   3.8514852 2026 01 14 05 47 14.67
0   3783.00669   -960.68415  -5899.71412   5.2862411  -3.6821410   3.9851478 2026 01 14 05 47 34.67
0   3887.77121  -1034.26017  -5818.68898   5.1898186  -3.6751349   4.1170293 2026 01 14 05 47 54.67
0   3990.58413  -1107.67676  -5735.04452   5.0910914  -3.6661996   4.2470707 2026 01 14 05 48 14.67
0   4091.39986  -1180.89532  -5648.81813   4.9901086  -3.6553320   4.3752137 2026 01 14 05 48 34.67
0   4190.17377  -1253.87718  -5560.04834   4.8869201  -3.6425301   4.5014005 2026 01 14 05 48 54.67
0   4286.86226  -1326.58364  -5468.77486   4.7815766  -3.6277928   4.6255745 2026 01 14 05 49 14.67
0   4381.42275  -1398.97598  -5375.03851   4.6741302  -3.6111198   4.7476798 2026 01 14 05 49 34.67
0   4473.81370  -1471.01551  -5278.88120   4.5646336  -3.5925122   4.8676612 2026 01 14 05 49 54.67
0   4563.99466  -1542.66354  -5180.34596   4.4531405  -3.5719718   4.9854648 2026 01 14 05 50 14.67
0   4651.92623  -1613.88145  -5079.47689   4.3397056  -3.5495015   5.1010371 2026 01 14 05 50 34.67
0   4737.57014  -1684.63068  -4976.31913   4.2243845  -3.5251054   5.2143259 2026 01 14 05 50 54.67
0   4820.88922  -1754.87276  -4870.91887   4.1072335  -3.4987883   5.3252798 2026 01 14 05 51 14.67
0   4901.84745  -1824.56933  -4763.32332   3.9883098  -3.4705562   5.4338486 2026 01 14 05 51 34.67
0   4980.40995  -1893.68215  -4653.58066   3.8676715  -3.4404163   5.5399828 2026 01 14 05 51 54.67
0   5056.54303  -1962.17316  -4541.74009   3.7453774  -3.4083765   5.6436342 2026 01 14 05 52 14.67
0   5130.21415  -2030.00445  -4427.85173   3.6214870  -3.3744458   5.7447555 2026 01 14 05 52 34.67
0   5201.39200  -2097.13829  -4311.96664   3.4960605  -3.3386345   5.8433006 2026 01 14 05 52 54.67
0   5270.04646  -2163.53718  -4194.13680   3.3691590  -3.3009536   5.9392245 2026 01 14 05 53 14.67
0   5336.14865  -2229.16385  -4074.41509   3.2408441  -3.2614153   6.0324831 2026 01 14 05 53 34.67
0   5399.67093  -2293.98129  -3952.85523   3.1111781  -3.2200327   6.1230338 2026 01 14 05 53 54.67
0   5460.58689  -2357.95275  -3829.51179   2.9802238  -3.1768201   6.2108350 2026 01 14 05 54 14.67
0   5518.87142  -2421.04178  -3704.44019   2.8480448  -3.1317927   6.2958463 2026 01 14 05 54 34.67
0   5574.50066  -2483.21224  -3577.69660   2.7147050  -3.0849668   6.3780285 2026 01 14 05 54 54.67
0   5627.45203  -2544.42835  -3449.33799   2.5802691  -3.0363595   6.4573437 2026 01 14 05 55 14.67
0   5677.70427  -2604.65464  -3319.42206   2.4448019  -2.9859891   6.5337553 2026 01 14 05 55 34.67
0   5725.23740  -2663.85605  -3188.00726   2.3083691  -2.9338749   6.6072277 2026 01 14 05 55 54.67
0   5770.03277  -2721.99791  -3055.15270   2.1710366  -2.8800371   6.6777271 2026 01 14 05 56 14.67
0   5812.07306  -2779.04596  -2920.91817   2.0328706  -2.8244971   6.7452205 2026 01 14 05 56 34.67
0   5851.34225  -2834.96637  -2785.36411   1.8939379  -2.7672769   6.8096766 2026 01 14 05 56 54.67
0   5887.82569  -2889.72577  -2648.55157   1.7543055  -2.7083998   6.8710652 2026 01 14 05 57 14.67
0   5921.51005  -2943.29127  -2510.54219   1.6140407  -2.6478900   6.9293577 2026 01 14 05 57 34.67
0   5952.38337  -2995.63045  -2371.39815   1.4732110  -2.5857726   6.9845267 2026 01 14 05 57 54.67
0   5980.43501  -3046.71143  -2231.18220   1.3318843  -2.5220736   7.0365463 2026 01 14 05 58 14.67
0   6005.65573  -3096.50285  -2089.95757   1.1901285  -2.4568201   7.0853920 2026 01 14 05 58 34.67
0   6028.03762  -3144.97388  -1947.78797   1.0480119  -2.3900399   7.1310408 2026 01 14 05 58 54.67
0   6047.57416  -3192.09429  -1804.73755   0.9056028  -2.3217620   7.1734709 2026 01 14 05 59 14.67
0   6064.26016  -3237.83442  -1660.87089   0.7629695  -2.2520160   7.2126622 2026 01 14 05 59 34.67
0   6078.09184  -3282.16521  -1516.25296   0.6201804  -2.1808325   7.2485961 2026 01 14 05 59 54.67
0   6089.06676  -3325.05823  -1370.94907   0.4773041  -2.1082432   7.2812553 2026 01 14 06 00 14.67
0   6097.18387  -3366.48567  -1225.02489   0.3344091  -2.0342802   7.3106240 2026 01 14 06 00 34.67
0   6102.44347  -3406.42041  -1078.54636   0.1915637  -1.9589769   7.3366882 2026 01 14 06 00 54.67
0   6104.84724  -3444.83597   -931.57970   0.0488364  -1.8823673   7.3594349 2026 01 14 06 01 14.67
0   6104.39823  -3481.70656   -784.19137  -0.0937048  -1.8044862   7.3788532 2026 01 14 06 01 34.67
0   6101.10083  -3517.00713   -636.44805  -0.2359915  -1.7253692   7.3949332 2026 01 14 06 01 54.67
0   6094.96082  -3550.71331   -488.41658  -0.3779561  -1.6450529   7.4076669 2026 01 14 06 02 14.67
0   6085.98531  -3582.80149   -340.16395  -0.5195308  -1.5635743   7.4170477 2026 01 14 06 02 34.67
0   6074.18278  -3613.24880   -191.75728  -0.6606481  -1.4809714   7.4230705 2026 01 14 06 02 54.67
0   6059.56305  -3642.03314    -43.26375  -0.8012410  -1.3972829   7.4257319 2026 01 14 06 03 14.67
0   6042.13726  -3669.13318    105.24937  -0.9412426  -1.3125482   7.4250299 2026 01 14 06 03 34.67
0   6021.91793  -3694.52841    253.71482  -1.0805864  -1.2268072   7.4209641 2026 01 14 06 03 54.67
0   5998.91885  -3718.19911    402.06533  -1.2192064  -1.1401007   7.4135356 2026 01 14 06 04 14.67
0   5973.15517  -3740.12638    550.23367  -1.3570370  -1.0524702   7.4027473 2026 01 14 06 04 34.67
0   5944.64331  -3760.29215    698.15269  -1.4940129  -0.9639575   7.3886034 2026 01 14 06 04 54.67
0   5913.40103  -3778.67920    845.75533  -1.6300695  -0.8746052   7.3711098 2026 01 14 06 05 14.67
0   5879.44735  -3795.27119    992.97466  -1.7651427  -0.7844566   7.3502737 2026 01 14 06 05 34.67
0   5842.80258  -3810.05260   1139.74394  -1.8991687  -0.6935554   7.3261042 2026 01 14 06 05 54.67
0   5803.48828  -3823.00885   1285.99658  -2.0320847  -0.6019459   7.2986118 2026 01 14 06 06 14.67
0   5761.52729  -3834.12619   1431.66626  -2.1638283  -0.5096728   7.2678084 2026 01 14 06 06 34.67
0   5716.94367  -3843.39182   1576.68688  -2.2943376  -0.4167814   7.2337077 2026 01 14 06 06 54.67
0   5669.76271  -3850.79383   1720.99264  -2.4235517  -0.3233175   7.1963247 2026 01 14 06 07 14.67
0   5620.01093  -3856.32122   1864.51807  -2.5514102  -0.2293272   7.1556760 2026 01 14 06 07 34.67
0   5567.71602  -3859.96394   2007.19803  -2.6778537  -0.1348572   7.1117798 2026 01 14 06 07 54.67
0   5512.90689  -3861.71285   2148.96776  -2.8028232  -0.0399545   7.0646558 2026 01 14 06 08 14.67
0   5455.61359  -3861.55978   2289.76292  -2.9262608   0.0553336   7.0143249 2026 01 14 06 08 34.67
0   5395.86733  -3859.49749   2429.51958  -3.0481093   0.1509594   6.9608099 2026 01 14 06 08 54.67
0   5333.70045  -3855.51971   2568.17432  -3.1683126   0.2468747   6.9041349 2026 01 14 06 09 14.67
0   5269.14642  -3849.62113   2705.66417  -3.2868151   0.3430314   6.8443253 2026 01 14 06 09 34.67
0   5202.23979  -3841.79742   2841.92672  -3.4035624   0.4393808   6.7814082 2026 01 14 06 09 54.67
0   5133.01621  -3832.04519   2976.90010  -3.5185011   0.5358740   6.7154120 2026 01 14 06 10 14.67
0   5061.51238  -3820.36207   3110.52301  -3.6315785   0.6324621   6.6463666 2026 01 14 06 10 34.67
0   4987.76603  -3806.74665   3242.73479  -3.7427431   0.7290957   6.5743032 2026 01 14 06 10 54.67
0   4911.81594  -3791.19851   3373.47540  -3.8519443   0.8257255   6.4992544 2026 01 14 06 11 14.67
0   4833.70186  -3773.71822   3502.68547  -3.9591328   0.9223020   6.4212543 2026 01 14 06 11 34.67
0   4753.46453  -3754.30735   3630.30632  -4.0642601   1.0187754   6.3403382 2026 01 14 06 11 54.67
0   4671.14565  -3732.96846   3756.28000  -4.1672788   1.1150961   6.2565428 2026 01 14 06 12 14.67
0   4586.78787  -3709.70509   3880.54930  -4.2681428   1.2112142   6.1699062 2026 01 14 06 12 34.67
0   4500.43472  -3684.52179   4003.05778  -4.3668071   1.3070799   6.0804677 2026 01 14 06 12 54.67
0   4412.13063  -3657.42412   4123.74982  -4.4632276   1.4026434   5.9882678 2026 01 14 06 13 14.67
0   4321.92093  -3628.41861   4242.57059  -4.5573617   1.4978549   5.8933484 2026 01 14 06 13 34.67
0   4229.85174  -3597.51280   4359.46613  -4.6491679   1.5926645   5.7957526 2026 01 14 06 13 54.67
0   4135.97004  -3564.71523   4474.38337  -4.7386057   1.6870227   5.6955248 2026 01 14 06 14 14.67
0   4040.32358  -3530.03542   4587.27010  -4.8256362   1.7808798   5.5927103 2026 01 14 06 14 34.67
0   3942.96090  -3493.48388   4698.07507  -4.9102214   1.8741863   5.4873560 2026 01 14 06 14 54.67
0   3843.93126  -3455.07213   4806.74795  -4.9923249   1.9668930   5.3795095 2026 01 14 06 15 14.67
0   3743.28466  -3414.81264   4913.23938  -5.0719111   2.0589506   5.2692199 2026 01 14 06 15 34.67
0   3641.07178  -3372.71890   5017.50100  -5.1489463   2.1503102   5.1565373 2026 01 14 06 15 54.67
0   3537.34398  -3328.80535   5119.48546  -5.2233976   2.2409232   5.0415126 2026 01 14 06 16 14.67
0   3432.15324  -3283.08740   5219.14644  -5.2952336   2.3307410   4.9241982 2026 01 14 06 16 34.67
0   3325.55218  -3235.58145   5316.43866  -5.3644244   2.4197155   4.8046471 2026 01 14 06 16 54.67
0   3217.59400  -3186.30484   5411.31795  -5.4309411   2.5077987   4.6829136 2026 01 14 06 17 14.67
0   3108.33244  -3135.27586   5503.74120  -5.4947565   2.5949433   4.5590530 2026 01 14 06 17 34.67
0   2997.82181  -3082.51377   5593.66642  -5.5558444   2.6811019   4.4331212 2026 01 14 06 17 54.67
0   2886.11689  -3028.03875   5681.05276  -5.6141804   2.7662277   4.3051754 2026 01 14 06 18 14.67
0   2773.27296  -2971.87193   5765.86053  -5.6697412   2.8502743   4.1752735 2026 01 14 06 18 34.67
0   2659.34575  -2914.03535   5848.05118  -5.7225048   2.9331958   4.0434743 2026 01 14 06 18 54.67
0   2544.39140  -2854.55196   5927.58736  -5.7724508   3.0149465   3.9098375 2026 01 14 06 19 14.67
0   2428.46647  -2793.44565   6004.43293  -5.8195603   3.0954814   3.7744236 2026 01 14 06 19 34.67
0   2311.62787  -2730.74115   6078.55295  -5.8638154   3.1747560   3.6372938 2026 01 14 06 19 54.67
0   2193.93284  -2666.46414   6149.91373  -5.9052000   3.2527262   3.4985101 2026 01 14 06 20 14.67
0   2075.43894  -2600.64113   6218.48281  -5.9436993   3.3293484   3.3581354 2026 01 14 06 20 34.67
0   1956.20403  -2533.29950   6284.22901  -5.9792999   3.4045798   3.2162330 2026 01 14 06 20 54.67
0   1836.28620  -2464.46751   6347.12241  -6.0119897   3.4783780   3.0728671 2026 01 14 06 21 14.67
0   1715.74376  -2394.17423   6407.13440  -6.0417582   3.5507012   2.9281024 2026 01 14 06 21 34.67
0   1594.63525  -2322.44959   6464.23764  -6.0685963   3.6215083   2.7820044 2026 01 14 06 21 54.67
0   1473.01935  -2249.32429   6518.40613  -6.0924963   3.6907589   2.6346391 2026 01 14 06 22 14.67
0   1350.95488  -2174.82988   6569.61520  -6.1134520   3.7584131   2.4860730 2026 01 14 06 22 34.67
0   1228.50079  -2098.99867   6617.84149  -6.1314584   3.8244319   2.3363732 2026 01 14 06 22 54.67
0   1105.71609  -2021.86376   6663.06300  -6.1465121   3.8887769   2.1856072 2026 01 14 06 23 14.67
0    982.65987  -1943.45901   6705.25910  -6.1586112   3.9514105   2.0338431 2026 01 14 06 23 34.67
0    859.39122  -1863.81900   6744.41050  -6.1677551   4.0122957   1.8811495 2026 01 14 06 23 54.67
0    735.96924  -1782.97907   6780.49931  -6.1739447   4.0713964   1.7275952 2026 01 14 06 24 14.67
0    612.45300  -1700.97527   6813.50900  -6.1771821   4.1286774   1.5732495 2026 01 14 06 24 34.67
0    488.90151  -1617.84433   6843.42445  -6.1774712   4.1841041   1.4181821 2026 01 14 06 24 54.67
0    365.37368  -1533.62368   6870.23191  -6.1748169   4.2376429   1.2624630 2026 01 14 06 25 14.67
0    241.92832  -1448.35141   6893.91905  -6.1692258   4.2892609   1.1061624 2026 01 14 06 25 34.67
0    118.62409  -1362.06625   6914.47496  -6.1607058   4.3389263   0.9493509 2026 01 14 06 25 54.67
0     -4.48053  -1274.80757   6931.89012  -6.1492661   4.3866079   0.7920992 2026 01 14 06 26 14.67
0   -127.32724  -1186.61534   6946.15644  -6.1349175   4.4322755   0.6344784 2026 01 14 06 26 34.67
0   -249.85798  -1097.53015   6957.26725  -6.1176719   4.4759001   0.4765596 2026 01 14 06 26 54.67
0   -372.01495  -1007.59313   6965.21729  -6.0975428   4.5174532   0.3184141 2026 01 14 06 27 14.67
0   -493.74062   -916.84598   6970.00276  -6.0745450   4.5569075   0.1601133 2026 01 14 06 27 34.67
0   -614.97778   -825.33096   6971.62126  -6.0486945   4.5942367   0.0017287 2026 01 14 06 27 54.67
0   -735.66955   -733.09082   6970.07183  -6.0200089   4.6294154  -0.1566680 2026 01 14 06 28 14.67
0   -855.75941   -640.16881   6965.35494  -5.9885070   4.6624192  -0.3150053 2026 01 14 06 28 34.67
0   -975.19123   -546.60866   6957.47250  -5.9542089   4.6932247  -0.4732117 2026 01 14 06 28 54.67
0  -1093.90930   -452.45457   6946.42785  -5.9171361   4.7218097  -0.6312155 2026 01 14 06 29 14.67
0  -1211.85836   -357.75116   6932.22575  -5.8773112   4.7481529  -0.7889452 2026 01 14 06 29 34.67
0  -1328.98360   -262.54347   6914.87239  -5.8347584   4.7722340  -0.9463295 2026 01 14 06 29 54.67
0  -1445.23072   -166.87694   6894.37539  -5.7895030   4.7940339  -1.1032972 2026 01 14 06 30 14.67
0  -1560.54592    -70.79736   6870.74381  -5.7415715   4.8135346  -1.2597770 2026 01 14 06 30 34.67
0  -1674.87596     25.64910   6843.98811  -5.6909917   4.8307191  -1.4156981 2026 01 14 06 30 54.67
0  -1788.16817    122.41595   6814.12016  -5.6377928   4.8455715  -1.5709897 2026 01 14 06 31 14.67
0  -1900.37046    219.45642   6781.15327  -5.5820049   4.8580773  -1.7255814 2026 01 14 06 31 34.67
0  -2011.43136    316.72343   6745.10213  -5.5236597   4.8682227  -1.8794031 2026 01 14 06 31 54.67
0  -2121.30007    414.16965   6705.98284  -5.4627898   4.8759953  -2.0323848 2026 01 14 06 32 14.67
0  -2229.92641    511.74750   6663.81291  -5.3994290   4.8813840  -2.1844569 2026 01 14 06 32 34.67
0  -2337.26092    609.40921   6618.61120  -5.3336125   4.8843785  -2.3355505 2026 01 14 06 32 54.67
0  -2443.25485    707.10679   6570.39799  -5.2653762   4.8849700  -2.4855966 2026 01 14 06 33 14.67
0  -2547.86016    804.79212   6519.19490  -5.1947576   4.8831507  -2.6345269 2026 01 14 06 33 34.67
0  -2651.02961    902.41691   6465.02492  -5.1217950   4.8789140  -2.7822736 2026 01 14 06 33 54.67
0  -2752.71669    999.93275   6407.91241  -5.0465280   4.8722547  -2.9287694 2026 01 14 06 34 14.67
0  -2852.87573   1097.29115   6347.88306  -4.9689970   4.8631686  -3.0739472 2026 01 14 06 34 34.67
0  -2951.46186   1194.44355   6284.96388  -4.8892437   4.8516527  -3.2177409 2026 01 14 06 34 54.67
0  -3048.43107   1291.34132   6219.18321  -4.8073107   4.8377055  -3.3600847 2026 01 14 06 35 14.67
0  -3143.74018   1387.93584   6150.57070  -4.7232417   4.8213263  -3.5009136 2026 01 14 06 35 34.67
0  -3237.34692   1484.17847   6079.15731  -4.6370813   4.8025161  -3.6401629 2026 01 14 06 35 54.67
0  -3329.20993   1580.02060   6004.97524  -4.5488750   4.7812767  -3.7777691 2026 01 14 06 36 14.67
0  -3419.28874   1675.41370   5928.05801  -4.4586695   4.7576115  -3.9136690 2026 01 14 06 36 34.67
0  -3507.54385   1770.30927   5848.44036  -4.3665123   4.7315250  -4.0478002 2026 01 14 06 36 54.67
0  -3593.93670   1864.65896   5766.15828  -4.2724515   4.7030229  -4.1801012 2026 01 14 06 37 14.67
0  -3678.42971   1958.41451   5681.24898  -4.1765366   4.6721122  -4.3105112 2026 01 14 06 37 34.67
0  -3760.98630   2051.52784   5593.75088  -4.0788176   4.6388011  -4.4389702 2026 01 14 06 37 54.67
0  -3841.57090   2143.95103   5503.70360  -3.9793454   4.6030993  -4.5654192 2026 01 14 06 38 14.67
0  -3920.14896   2235.63637   5411.14792  -3.8781718   4.5650174  -4.6897998 2026 01 14 06 38 34.67
0  -3996.68696   2326.53638   5316.12578  -3.7753492   4.5245674  -4.8120548 2026 01 14 06 38 54.67
0  -4071.15247   2416.60382   5218.68025  -3.6709309   4.4817626  -4.9321278 2026 01 14 06 39 14.67
0  -4143.51410   2505.79175   5118.85553  -3.5649708   4.4366176  -5.0499635 2026 01 14 06 39 34.67
0  -4213.74157   2594.05351   5016.69692  -3.4575236   4.3891481  -5.1655073 2026 01 14 06 39 54.67
0  -4281.80569   2681.34278   4912.25079  -3.3486447   4.3393711  -5.2787059 2026 01 14 06 40 14.67
0  -4347.67837   2767.61359   4805.56456  -3.2383900   4.2873048  -5.3895070 2026 01 14 06 40 34.67
0  -4411.33267   2852.82035   4696.68670  -3.1268161   4.2329688  -5.4978593 2026 01 14 06 40 54.67
0  -4472.74278   2936.91786   4585.66669  -3.0139802   4.1763837  -5.6037127 2026 01 14 06 41 14.67
0  -4531.88402   3019.86137   4472.55499  -2.8999399   4.1175715  -5.7070181 2026 01 14 06 41 34.67
0  -4588.73290   3101.60655   4357.40306  -2.7847536   4.0565554  -5.8077277 2026 01 14 06 41 54.67
0  -4643.26707   3182.10958   4240.26327  -2.6684800   3.9933596  -5.9057948 2026 01 14 06 42 14.67
0  -4695.46539   3261.32711   4121.18893  -2.5511782   3.9280097  -6.0011739 2026 01 14 06 42 34.67
0  -4745.30788   3339.21632   4000.23424  -2.4329079   3.8605325  -6.0938208 2026 01 14 06 42 54.67
0  -4792.77578   3415.73494   3877.45428  -2.3137292   3.7909559  -6.1836925 2026 01 14 06 43 14.67
0  -4837.85151   3490.84128   3752.90498  -2.1937025   3.7193090  -6.2707473 2026 01 14 06 43 34.67
0  -4880.51873   3564.49422   3626.64307  -2.0728885   3.6456219  -6.3549447 2026 01 14 06 43 54.67
0  -4920.76230   3636.65329   3498.72611  -1.9513482   3.5699262  -6.4362458 2026 01 14 06 44 14.67
0  -4958.56830   3707.27861   3369.21239  -1.8291430   3.4922543  -6.5146127 2026 01 14 06 44 34.67
0  -4993.92405   3776.33102   3238.16097  -1.7063344   3.4126399  -6.5900091 2026 01 14 06 44 54.67
0  -5026.81810   3843.77199   3105.63160  -1.5829843   3.3311176  -6.6624000 2026 01 14 06 45 14.67
0  -5057.24024   3909.56373   2971.68474  -1.4591545   3.2477233  -6.7317518 2026 01 14 06 45 34.67
0  -5085.18150   3973.66917   2836.38150  -1.3349072   3.1624938  -6.7980324 2026 01 14 06 45 54.67
0  -5110.63415   4036.05197   2699.78361  -1.2103046   3.0754672  -6.8612110 2026 01 14 06 46 14.67
0  -5133.59170   4096.67658   2561.95340  -1.0854089   2.9866823  -6.9212583 2026 01 14 06 46 34.67
0  -5154.04891   4155.50824   2422.95378  -0.9602825   2.8961791  -6.9781467 2026 01 14 06 46 54.67
0  -5172.00180   4212.51299   2282.84819  -0.8349876   2.8039986  -7.0318497 2026 01 14 06 47 14.67
0  -5187.44762   4267.65769   2141.70060  -0.7095867   2.7101827  -7.0823426 2026 01 14 06 47 34.67
0  -5200.38486   4320.91007   1999.57545  -0.5841419   2.6147743  -7.1296021 2026 01 14 06 47 54.67
0  -5210.81328   4372.23871   1856.53761  -0.4587153   2.5178173  -7.1736065 2026 01 14 06 48 14.67
0  -5218.73386   4421.61309   1712.65240  -0.3333690   2.4193564  -7.2143356 2026 01 14 06 48 34.67
0  -5224.14882   4469.00358   1567.98552  -0.2081649   2.3194372  -7.2517707 2026 01 14 06 48 54.67
0  -5227.06162   4514.38149   1422.60301  -0.0831646   2.2181062  -7.2858948 2026 01 14 06 49 14.67
0  -5227.47696   4557.71903   1276.57127   0.0415705   2.1154107  -7.3166923 2026 01 14 06 49 34.67
0  -5225.40075   4598.98942   1129.95695   0.1659791   2.0113988  -7.3441493 2026 01 14 06 49 54.67
0  -5220.84013   4638.16679    982.82700   0.2900005   1.9061195  -7.3682534 2026 01 14 06 50 14.67
0  -5213.80345   4675.22632    835.24860   0.4135740   1.7996225  -7.3889940 2026 01 14 06 50 34.67
0  -5204.30027   4710.14413    687.28909   0.5366395   1.6919581  -7.4063619 2026 01 14 06 50 54.67
0  -5192.34135   4742.89740    539.01602   0.6591372   1.5831776  -7.4203495 2026 01 14 06 51 14.67
0  -5177.93865   4773.46431    390.49705   0.7810077   1.4733326  -7.4309510 2026 01 14 06 51 34.67
0  -5161.10529   4801.82412    241.79995   0.9021921   1.3624758  -7.4381619 2026 01 14 06 51 54.67
0  -5141.85559   4827.95709     92.99257   1.0226320   1.2506601  -7.4419796 2026 01 14 06 52 14.67
0  -5120.20501   4851.84461    -55.85722   1.1422695   1.1379393  -7.4424031 2026 01 14 06 52 34.67
0  -5096.17017   4873.46909   -204.68153   1.2610472   1.0243676  -7.4394328 2026 01 14 06 52 54.67
0  -5069.76885   4892.81409   -353.41251   1.3789084   0.9099998  -7.4330708 2026 01 14 06 53 14.67
0  -5041.01994   4909.86422   -501.98236   1.4957969   0.7948913  -7.4233209 2026 01 14 06 53 34.67
0  -5009.94344   4924.60522   -650.32337   1.6116572   0.6790977  -7.4101885 2026 01 14 06 53 54.67
0  -4976.56048   4937.02397   -798.36796   1.7264344   0.5626754  -7.3936804 2026 01 14 06 54 14.67
0  -4940.89325   4947.10845   -946.04869   1.8400745   0.4456810  -7.3738052 2026 01 14 06 54 34.67
0  -4902.96503   4954.84779  -1093.29833   1.9525240   0.3281715  -7.3505731 2026 01 14 06 54 54.67
0  -4862.80017   4960.23225  -1240.04984   2.0637302   0.2102043  -7.3239957 2026 01 14 06 55 14.67
0  -4820.42405   4963.25328  -1386.23646   2.1736413   0.0918371  -7.2940864 2026 01 14 06 55 34.67
0  -4775.86308   4963.90343  -1531.79168   2.2822062  -0.0268720  -7.2608599 2026 01 14 06 55 54.67
0  -4729.14470   4962.17647  -1676.64933   2.3893746  -0.1458648  -7.2243327 2026 01 14 06 56 14.67
0  -4680.29733   4958.06730  -1820.74358   2.4950972  -0.2650828  -7.1845226 2026 01 14 06 56 34.67
0  -4629.35037   4951.57200  -1964.00895   2.5993254  -0.3844673  -7.1414493 2026 01 14 06 56 54.67
0  -4576.33419   4942.68783  -2106.38039   2.7020117  -0.5039594  -7.0951335 2026 01 14 06 57 14.67
0  -4521.28009   4931.41323  -2247.79327   2.8031094  -0.6235002  -7.0455980 2026 01 14 06 57 34.67
0  -4464.22031   4917.74782  -2388.18343   2.9025728  -0.7430304  -6.9928665 2026 01 14 06 57 54.67
0  -4405.18798   4901.69240  -2527.48721   3.0003572  -0.8624910  -6.9369645 2026 01 14 06 58 14.67
0  -4344.21713   4883.24895  -2665.64147   3.0964188  -0.9818228  -6.8779191 2026 01 14 06 58 34.67
0  -4281.34263   4862.42066  -2802.58361   3.1907148  -1.1009664  -6.8157585 2026 01 14 06 58 54.67
0  -4216.60022   4839.21186  -2938.25164   3.2832035  -1.2198627  -6.7505124 2026 01 14 06 59 14.67
0  -4150.02645   4813.62810  -3072.58414   3.3738444  -1.3384526  -6.6822121 2026 01 14 06 59 34.67
0  -4081.65867   4785.67610  -3205.52037   3.4625978  -1.4566769  -6.6108902 2026 01 14 06 59 54.67
0  -4011.53503   4755.36376  -3337.00022   3.5494252  -1.5744768  -6.5365805 2026 01 14 07 00 14.67
0  -3939.69442   4722.70015  -3466.96429   3.6342892  -1.6917934  -6.4593183 2026 01 14 07 00 34.67
0  -3866.17646   4687.69554  -3595.35389   3.7171535  -1.8085680  -6.3791403 2026 01 14 07 00 54.67
0  -3791.02152   4650.36134  -3722.11110   3.7979830  -1.9247424  -6.2960844 2026 01 14 07 01 14.67
0  -3714.27062   4610.71014  -3847.17873   3.8767436  -2.0402582  -6.2101897 2026 01 14 07 01 34.67
0  -3635.96548   4568.75569  -3970.50041   3.9534026  -2.1550575  -6.1214967 2026 01 14 07 01 54.67
0  -3556.14844   4524.51290  -4092.02060   4.0279282  -2.2690828  -6.0300470 2026 01 14 07 02 14.67
0  -3474.86247   4477.99782  -4211.68459   4.1002900  -2.3822767  -5.9358837 2026 01 14 07 02 34.67
0  -3392.15116   4429.22765  -4329.43855   4.1704585  -2.4945822  -5.8390507 2026 01 14 07 02 54.67
0  -3308.05865   4378.22073  -4445.22953   4.2384058  -2.6059429  -5.7395934 2026 01 14 07 03 14.67
0  -3222.62964   4324.99650  -4559.00550   4.3041049  -2.7163025  -5.6375580 2026 01 14 07 03 34.67
0  -3135.90933   4269.57556  -4670.71539   4.3675302  -2.8256054  -5.5329922 2026 01 14 07 03 54.67
0  -3047.94347   4211.97959  -4780.30907   4.4286571  -2.9337962  -5.4259446 2026 01 14 07 04 14.67
0  -2958.77825   4152.23138  -4887.73739   4.4874625  -3.0408201  -5.3164647 2026 01 14 07 04 34.67
0  -2868.46032   4090.35481  -4992.95222   4.5439244  -3.1466231  -5.2046033 2026 01 14 07 04 54.67
0  -2777.03676   4026.37483  -5095.90643   4.5980220  -3.2511512  -5.0904122 2026 01 14 07 05 14.67
0  -2684.55505   3960.31748  -5196.55398   4.6497359  -3.3543514  -4.9739440 2026 01 14 07 05 34.67
0  -2591.06306   3892.20984  -5294.84983   4.6990478  -3.4561712  -4.8552523 2026 01 14 07 05 54.67
0  -2496.60898   3822.08004  -5390.75008   4.7459408  -3.5565586  -4.7343918 2026 01 14 07 06 14.67
0  -2401.24137   3749.95723  -5484.21189   4.7903990  -3.6554623  -4.6114180 2026 01 14 07 06 34.67
0  -2305.00905   3675.87161  -5575.19357   4.8324082  -3.7528317  -4.4863871 2026 01 14 07 06 54.67
0  -2207.96116   3599.85435  -5663.65454   4.8719550  -3.8486169  -4.3593565 2026 01 14 07 07 14.67
0  -2110.14704   3521.93763  -5749.55539   4.9090275  -3.9427687  -4.2303842 2026 01 14 07 07 34.67
0  -2011.61631   3442.15461  -5832.85786   4.9436150  -4.0352385  -4.0995290 2026 01 14 07 07 54.67
0  -1912.41875   3360.53941  -5913.52490   4.9757081  -4.1259788  -3.9668505 2026 01 14 07 08 14.67
0  -1812.60434   3277.12708  -5991.52064   5.0052986  -4.2149424  -3.8324090 2026 01 14 07 08 34.67
0  -1712.22320   3191.95363  -6066.81043   5.0323797  -4.3020833  -3.6962656 2026 01 14 07 08 54.67
0  -1611.32557   3105.05595  -6139.36084   5.0569456  -4.3873561  -3.5584820 2026 01 14 07 09 14.67
0  -1509.96180   3016.47186  -6209.13970   5.0789920  -4.4707165  -3.4191205 2026 01 14 07 09 34.67
0  -1408.18233   2926.24004  -6276.11607   5.0985157  -4.5521207  -3.2782443 2026 01 14 07 09 54.67
0  -1306.03762   2834.40005  -6340.26030   5.1155148  -4.6315260  -3.1359168 2026 01 14 07 10 14.67
0  -1203.57818   2740.99228  -6401.54400   5.1299885  -4.7088906  -2.9922022 2026 01 14 07 10 34.67
0  -1100.85450   2646.05795  -6459.94007   5.1419375  -4.7841736  -2.8471653 2026 01 14 07 10 54.67
0   -997.91707   2549.63911  -6515.42272   5.1513635  -4.8573350  -2.7008713 2026 01 14 07 11 14.67
0   -894.81633   2451.77857  -6567.96746   5.1582694  -4.9283358  -2.5533859 2026 01 14 07 11 34.67
0   -791.60262   2352.51993  -6617.55111   5.1626596  -4.9971380  -2.4047752 2026 01 14 07 11 54.67
0   -688.32622   2251.90754  -6664.15185   5.1645394  -5.0637043  -2.2551058 2026 01 14 07 12 14.67
0   -585.03727   2149.98646  -6707.74917   5.1639153  -5.1279989  -2.1044448 2026 01 14 07 12 34.67
0   -481.78576   2046.80250  -6748.32390   5.1607953  -5.1899867  -1.9528595 2026 01 14 07 12 54.67
0   -378.62154   1942.40212  -6785.85823   5.1551882  -5.2496337  -1.8004176 2026 01 14 07 13 14.67
0   -275.59425   1836.83248  -6820.33571   5.1471042  -5.3069069  -1.6471871 2026 01 14 07 13 34.67
0   -172.75330   1730.14137  -6851.74126   5.1365546  -5.3617745  -1.4932364 2026 01 14 07 13 54.67
0    -70.14790   1622.37721  -6880.06114   5.1235518  -5.4142056  -1.3386340 2026 01 14 07 14 14.67
0     32.17303   1513.58904  -6905.28302   5.1081094  -5.4641706  -1.1834488 2026 01 14 07 14 34.67
0    134.16085   1403.82646  -6927.39593   5.0902422  -5.5116409  -1.0277497 2026 01 14 07 14 54.67
0    235.76720   1293.13964  -6946.39028   5.0699659  -5.5565891  -0.8716061 2026 01 14 07 15 14.67
0    336.94408   1181.57930  -6962.25787   5.0472976  -5.5989887  -0.7150871 2026 01 14 07 15 34.67
0    437.64382   1069.19665  -6974.99189   5.0222552  -5.6388147  -0.5582624 2026 01 14 07 15 54.67
0    537.81913    956.04342  -6984.58692   4.9948579  -5.6760429  -0.4012015 2026 01 14 07 16 14.67
0    637.42312    842.17178  -6991.03894   4.9651258  -5.7106506  -0.2439741 2026 01 14 07 16 34.67
0    736.40929    727.63438  -6994.34530   4.9330803  -5.7426161  -0.0866498 2026 01 14 07 16 54.67
0    834.73160    612.48426  -6994.50476   4.8987435  -5.7719190   0.0707017 2026 01 14 07 17 14.67
0    932.34445    496.77487  -6991.51749   4.8621389  -5.7985399   0.2280106 2026 01 14 07 17 34.67
0   1029.20273    380.56003  -6985.38503   4.8232907  -5.8224608   0.3852072 2026 01 14 07 17 54.67
0   1125.26181    263.89391  -6976.11032   4.7822243  -5.8436650   0.5422221 2026 01 14 07 18 14.67
0   1220.47760    146.83101  -6963.69769   4.7389661  -5.8621368   0.6989855 2026 01 14 07 18 34.67
0   1314.80653     29.42612  -6948.15286   4.6935433  -5.8778618   0.8554283 2026 01 14 07 18 54.67
0   1408.20559    -88.26569  -6929.48294   4.6459843  -5.8908271   1.0114810 2026 01 14 07 19 14.67
0   1500.63234   -206.18911  -6907.69642   4.5963182  -5.9010208   1.1670748 2026 01 14 07 19 34.67
0   1592.04494   -324.28859  -6882.80318   4.5445751  -5.9084323   1.3221405 2026 01 14 07 19 54.67
0   1682.40216   -442.50839  -6854.81445   4.4907862  -5.9130523   1.4766097 2026 01 14 07 20 14.67
0   1771.66340   -560.79260  -6823.74286   4.4349833  -5.9148729   1.6304139 2026 01 14 07 20 34.67
0   1859.78871   -679.08516  -6789.60238   4.3771994  -5.9138873   1.7834849 2026 01 14 07 20 54.67
0   1946.73879   -797.32990  -6752.40837   4.3174681  -5.9100902   1.9357550 2026 01 14 07 21 14.67
0   2032.47506   -915.47053  -6712.17751   4.2558239  -5.9034775   2.0871567 2026 01 14 07 21 34.67
0   2116.95960  -1033.45072  -6668.92784   4.1923023  -5.8940463   2.2376227 2026 01 14 07 21 54.67
0   2200.15521  -1151.21408  -6622.67876   4.1269394  -5.8817951   2.3870865 2026 01 14 07 22 14.67
0   2282.02546  -1268.70419  -6573.45096   4.0597722  -5.8667239   2.5354816 2026 01 14 07 22 34.67
0   2362.53462  -1385.86468  -6521.26648   3.9908385  -5.8488337   2.6827422 2026 01 14 07 22 54.67
0   2441.64775  -1502.63918  -6466.14867   3.9201767  -5.8281271   2.8288028 2026 01 14 07 23 14.67
0   2519.33067  -1618.97140  -6408.12218   3.8478262  -5.8046078   2.9735985 2026 01 14 07 23 34.67
0   2595.55003  -1734.80513  -6347.21295   3.7738270  -5.7782810   3.1170648 2026 01 14 07 23 54.67
0   2670.27323  -1850.08429  -6283.44822   3.6982196  -5.7491532   3.2591378 2026 01 14 07 24 14.67
0   2743.46854  -1964.75293  -6216.85648   3.6210456  -5.7172321   3.3997543 2026 01 14 07 24 34.67
0   2815.10503  -2078.75528  -6147.46750   3.5423468  -5.6825269   3.5388516 2026 01 14 07 24 54.67
0   2885.15265  -2192.03575  -6075.31228   3.4621660  -5.6450482   3.6763675 2026 01 14 07 25 14.67
0   2953.58218  -2304.53899  -6000.42306   3.3805466  -5.6048076   3.8122406 2026 01 14 07 25 34.67
0   3020.36529  -2416.20990  -5922.83332   3.2975323  -5.5618184   3.9464102 2026 01 14 07 25 54.67
0   3085.47452  -2526.99364  -5842.57772   3.2131677  -5.5160950   4.0788161 2026 01 14 07 26 14.67
0   3148.88333  -2636.83568  -5759.69213   3.1274977  -5.4676533   4.2093991 2026 01 14 07 26 34.67
0   3210.56604  -2745.68183  -5674.21361   3.0405681  -5.4165103   4.3381005 2026 01 14 07 26 54.67
0   3270.49795  -2853.47825  -5586.18037   2.9524249  -5.3626846   4.4648626 2026 01 14 07 27 14.67
0   3328.65523  -2960.17147  -5495.63175   2.8631147  -5.3061960   4.5896283 2026 01 14 07 27 34.67
0   3385.01501  -3065.70845  -5402.60827   2.7726845  -5.2470655   4.7123415 2026 01 14 07 27 54.67
0   3439.55539  -3170.03657  -5307.15151   2.6811819  -5.1853156   4.8329470 2026 01 14 07 28 14.67
0   3492.25537  -3273.10369  -5209.30418   2.5886549  -5.1209701   4.9513902 2026 01 14 07 28 34.67
0   3543.09497  -3374.85813  -5109.11007   2.4951517  -5.0540539   5.0676176 2026 01 14 07 28 54.67
0   3592.05514  -3475.24874  -5006.61402   2.4007211  -4.9845933   5.1815767 2026 01 14 07 29 14.67
0   3639.11783  -3574.22492  -4901.86191   2.3054123  -4.9126161   5.2932159 2026 01 14 07 29 34.67
0   3684.26597  -3671.73661  -4794.90066   2.2092746  -4.8381511   5.4024844 2026 01 14 07 29 54.67
0   3727.48347  -3767.73437  -4685.77817   2.1123578  -4.7612285   5.5093328 2026 01 14 07 30 14.67
0   3768.75526  -3862.16935  -4574.54333   2.0147119  -4.6818796   5.6137122 2026 01 14 07 30 34.67
0   3808.06726  -3954.99335  -4461.24601   1.9163873  -4.6001373   5.7155753 2026 01 14 07 30 54.67
0   3845.40639  -4046.15884  -4345.93699   1.8174343  -4.5160353   5.8148756 2026 01 14 07 31 14.67
0   3880.76060  -4135.61898  -4228.66799   1.7179039  -4.4296089   5.9115676 2026 01 14 07 31 34.67
0   3914.11886  -4223.32765  -4109.49162   1.6178468  -4.3408944   6.0056071 2026 01 14 07 31 54.67
0   3945.47113  -4309.23945  -3988.46136   1.5173143  -4.2499294   6.0969510 2026 01 14 07 32 14.67
0   3974.80842  -4393.30977  -3865.63155   1.4163575  -4.1567527   6.1855575 2026 01 14 07 32 34.67
0   4002.12277  -4475.49476  -3741.05734   1.3150278  -4.0614041   6.2713857 2026 01 14 07 32 54.67
0   4027.40722  -4555.75140  -3614.79469   1.2133766  -3.9639247   6.3543961 2026 01 14 07 33 14.67
0   4050.65587  -4634.03750  -3486.90035   1.1114554  -3.8643568   6.4345505 2026 01 14 07 33 34.67
0   4071.86382  -4710.31172  -3357.43181   1.0093157  -3.7627437   6.5118117 2026 01 14 07 33 54.67
0   4091.02723  -4784.53359  -3226.44729   0.9070091  -3.6591299   6.5861441 2026 01 14 07 34 14.67
0   4108.14327  -4856.66356  -3094.00572   0.8045871  -3.5535609   6.6575132 2026 01 14 07 34 34.67
0   4123.21015  -4926.66299  -2960.16669   0.7021010  -3.4460834   6.7258858 2026 01 14 07 34 54.67
0   4136.22711  -4994.49418  -2824.99045   0.5996025  -3.3367450   6.7912300 2026 01 14 07 35 14.67
0   4147.19440  -5060.12041  -2688.53788   0.4971426  -3.2255944   6.8535155 2026 01 14 07 35 34.67
0   4156.11331  -5123.50593  -2550.87045   0.3947727  -3.1126813   6.9127130 2026 01 14 07 35 54.67
0   4162.98616  -5184.61598  -2412.05019   0.2925438  -2.9980564   6.9687949 2026 01 14 07 36 14.67
0   4167.81627  -5243.41686  -2272.13968   0.1905066  -2.8817713   7.0217347 2026 01 14 07 36 34.67
0   4170.60798  -5299.87588  -2131.20202   0.0887119  -2.7638787   7.0715077 2026 01 14 07 36 54.67
0   4171.36665  -5353.96143  -1989.30077  -0.0127899  -2.6444321   7.1180903 2026 01 14 07 37 14.67
0   4170.09864  -5405.64297  -1846.49997  -0.1139487  -2.5234858   7.1614604 2026 01 14 07 37 34.67
0   4166.81131  -5454.89105  -1702.86407  -0.2147145  -2.4010951   7.2015974 2026 01 14 07 37 54.67
0   4161.51301  -5501.67736  -1558.45793  -0.3150378  -2.2773162   7.2384823 2026 01 14 07 38 14.67
0   4154.21309  -5545.97469  -1413.34677  -0.4148693  -2.1522059   7.2720973 2026 01 14 07 38 34.67
0   4144.92188  -5587.75700  -1267.59615  -0.5141602  -2.0258220   7.3024263 2026 01 14 07 38 54.67
0   4133.65066  -5626.99939  -1121.27193  -0.6128619  -1.8982229   7.3294547 2026 01 14 07 39 14.67
0   4120.41171  -5663.67814   -974.44027  -0.7109264  -1.7694678   7.3531692 2026 01 14 07 39 34.67
0   4105.21824  -5697.77075   -827.16756  -0.8083059  -1.6396166   7.3735582 2026 01 14 07 39 54.67
0   4088.08444  -5729.25589   -679.52040  -0.9049533  -1.5087299   7.3906117 2026 01 14 07 40 14.67
0   4069.02540  -5758.11347   -531.56561  -1.0008219  -1.3768689   7.4043211 2026 01 14 07 40 34.67
0   4048.05718  -5784.32461   -383.37012  -1.0958655  -1.2440954   7.4146793 2026 01 14 07 40 54.67
0   4025.19671  -5807.87168   -235.00103  -1.1900383  -1.1104718   7.4216808 2026 01 14 07 41 14.67
0   4000.46188  -5828.73832    -86.52551  -1.2832954  -0.9760611   7.4253217 2026 01 14 07 41 34.67
0   3973.87145  -5846.90941     61.98920  -1.3755920  -0.8409267   7.4255995 2026 01 14 07 41 54.67
0   3945.44505  -5862.37112    210.47584  -1.4668844  -0.7051326   7.4225135 2026 01 14 07 42 14.67
0   3915.20322  -5875.11090    358.86713  -1.5571292  -0.5687431   7.4160644 2026 01 14 07 42 34.67
0   3883.16732  -5885.11748    507.09583  -1.6462838  -0.4318232   7.4062543 2026 01 14 07 42 54.67
0   3849.35959  -5892.38092    655.09476  -1.7343062  -0.2944380   7.3930873 2026 01 14 07 43 14.67
0   3813.80307  -5896.89255    802.79683  -1.8211550  -0.1566531   7.3765685 2026 01 14 07 43 34.67
0   3776.52166  -5898.64505    950.13507  -1.9067898  -0.0185343   7.3567050 2026 01 14 07 43 54.67
0   3737.54002  -5897.63239   1097.04267  -1.9911707   0.1198521   7.3335053 2026 01 14 07 44 14.67
0   3696.88363  -5893.84989   1243.45301  -2.0742587   0.2584397   7.3069794 2026 01 14 07 44 34.67
0   3654.57873  -5887.29418   1389.29967  -2.1560153   0.3971619   7.2771388 2026 01 14 07 44 54.67
0   3610.65233  -5877.96325   1534.51648  -2.2364032   0.5359519   7.2439967 2026 01 14 07 45 14.67
0   3565.13216  -5865.85640   1679.03758  -2.3153856   0.6747427   7.2075678 2026 01 14 07 45 34.67
0   3518.04669  -5850.97429   1822.79736  -2.3929267   0.8134672   7.1678681 2026 01 14 07 45 54.67
0   3469.42510  -5833.31892   1965.73061  -2.4689914   0.9520582   7.1249155 2026 01 14 07 46 14.67
0   3419.29727  -5812.89362   2107.77243  -2.5435457   1.0904486   7.0787290 2026 01 14 07 46 34.67
0   3367.69372  -5789.70308   2248.85838  -2.6165562   1.2285711   7.0293294 2026 01 14 07 46 54.67
0   3314.64568  -5763.75333   2388.92439  -2.6879906   1.3663586   6.9767388 2026 01 14 07 47 14.67
0   3260.18496  -5735.05175   2527.90688  -2.7578175   1.5037438   6.9209810 2026 01 14 07 47 34.67
0   3204.34403  -5703.60704   2665.74277  -2.8260063   1.6406599   6.8620810 2026 01 14 07 47 54.67
0   3147.15595  -5669.42925   2802.36946  -2.8925275   1.7770397   6.8000655 2026 01 14 07 48 14.67
0   3088.65435  -5632.52979   2937.72492  -2.9573525   1.9128167   6.7349623 2026 01 14 07 48 34.67
0   3028.87344  -5592.92136   3071.74770  -3.0204536   2.0479243   6.6668011 2026 01 14 07 48 54.67
0   2967.84797  -5550.61803   3204.37693  -3.0818041   2.1822962   6.5956125 2026 01 14 07 49 14.67
0   2905.61320  -5505.63516   3335.55239  -3.1413785   2.3158663   6.5214288 2026 01 14 07 49 34.67
0   2842.20490  -5457.98946   3465.21452  -3.1991521   2.4485689   6.4442838 2026 01 14 07 49 54.67
0   2777.65933  -5407.69891   3593.30442  -3.2551012   2.5803385   6.3642122 2026 01 14 07 50 14.67
0   2712.01320  -5354.78284   3719.76393  -3.3092031   2.7111103   6.2812505 2026 01 14 07 50 34.67
0   2645.30368  -5299.26185   3844.53563  -3.3614365   2.8408194   6.1954363 2026 01 14 07 50 54.67
0   2577.56835  -5241.15782   3967.56284  -3.4117806   2.9694017   6.1068086 2026 01 14 07 51 14.67
0   2508.84518  -5180.49395   4088.78970  -3.4602160   3.0967936   6.0154074 2026 01 14 07 51 34.67
0   2439.17254  -5117.29466   4208.16115  -3.5067244   3.2229316   5.9212745 2026 01 14 07 51 54.67
0   2368.58914  -5051.58567   4325.62297  -3.5512883   3.3477532   5.8244524 2026 01 14 07 52 14.67
0   2297.13404  -4983.39392   4441.12183  -3.5938914   3.4711961   5.7249851 2026 01 14 07 52 34.67
0   2224.84660  -4912.74760   4554.60527  -3.6345186   3.5931989   5.6229179 2026 01 14 07 52 54.67
0   2151.76650  -4839.67613   4666.02174  -3.6731558   3.7137007   5.5182970 2026 01 14 07 53 14.67
0   2077.93365  -4764.21013   4775.32066  -3.7097897   3.8326410   5.4111699 2026 01 14 07 53 34.67
0   2003.38825  -4686.38143   4882.45237  -3.7444086   3.9499604   5.3015852 2026 01 14 07 53 54.67
0   1928.17071  -4606.22304   4987.36823  -3.7770016   4.0655999   5.1895927 2026 01 14 07 54 14.67
0   1852.32165  -4523.76912   5090.02057  -3.8075588   4.1795015   5.0752432 2026 01 14 07 54 34.67
0   1775.88188  -4439.05503   5190.36278  -3.8360716   4.2916078   4.9585886 2026 01 14 07 54 54.67
0   1698.89234  -4352.11723   5288.34929  -3.8625325   4.4018621   4.8396817 2026 01 14 07 55 14.67
0   1621.39417  -4262.99333   5383.93558  -3.8869348   4.5102089   4.7185765 2026 01 14 07 55 34.67
0   1543.42857  -4171.72201   5477.07823  -3.9092733   4.6165931   4.5953279 2026 01 14 07 55 54.67
0   1465.03688  -4078.34308   5567.73494  -3.9295435   4.7209609   4.4699917 2026 01 14 07 56 14.67
0   1386.26049  -3982.89740   5655.86451  -3.9477424   4.8232590   4.3426248 2026 01 14 07 56 34.67
0   1307.14086  -3885.42688   5741.42691  -3.9638677   4.9234354   4.2132847 2026 01 14 07 56 54.67
0   1227.71946  -3785.97447   5824.38326  -3.9779185   5.0214389   4.0820302 2026 01 14 07 57 14.67
0   1148.03779  -3684.58414   5904.69587  -3.9898947   5.1172192   3.9489205 2026 01 14 07 57 34.67
0   1068.13734  -3581.30084   5982.32822  -3.9997975   5.2107270   3.8140160 2026 01 14 07 57 54.67
0    988.05954  -3476.17051   6057.24504  -4.0076291   5.3019144   3.6773777 2026 01 14 07 58 14.67
0    907.84580  -3369.24002   6129.41226  -4.0133928   5.3907340   3.5390674 2026 01 14 07 58 34.67
0    827.53743  -3260.55720   6198.79707  -4.0170929   5.4771399   3.3991476 2026 01 14 07 58 54.67
0    747.17565  -3150.17078   6265.36791  -4.0187347   5.5610871   3.2576816 2026 01 14 07 59 14.67
0    666.80157  -3038.13036   6329.09449  -4.0183247   5.6425317   3.1147334 2026 01 14 07 59 34.67
0    586.45614  -2924.48643   6389.94782  -4.0158705   5.7214312   2.9703675 2026 01 14 07 59 54.67
0    506.18017  -2809.29031   6447.90020  -4.0113805   5.7977439   2.8246491 2026 01 14 08 00 14.67
0    426.01428  -2692.59413   6502.92522  -4.0048642   5.8714296   2.6776441 2026 01 14 08 00 34.67
0    345.99890  -2574.45085   6554.99783  -3.9963323   5.9424490   2.5294189 2026 01 14 08 00 54.67
0    266.17422  -2454.91415   6604.09428  -3.9857963   6.0107643   2.3800404 2026 01 14 08 01 14.67
0    186.58020  -2334.03849   6650.19219  -3.9732687   6.0763387   2.2295761 2026 01 14 08 01 34.67
0    107.25653  -2211.87905   6693.27052  -3.9587633   6.1391369   2.0780938 2026 01 14 08 01 54.67
0     28.24264  -2088.49170   6733.30959  -3.9422945   6.1991247   1.9256620 2026 01 14 08 02 14.67
0    -50.42237  -1963.93296   6770.29110  -3.9238779   6.2562693   1.7723494 2026 01 14 08 02 34.67
0   -128.69970  -1838.26004   6804.19812  -3.9035299   6.3105391   1.6182252 2026 01 14 08 02 54.67
0   -206.55090  -1711.53072   6835.01512  -3.8812680   6.3619038   1.4633590 2026 01 14 08 03 14.67
0   -283.93787  -1583.80340   6862.72796  -3.8571105   6.4103346   1.3078207 2026 01 14 08 03 34.67
0   -360.82289  -1455.13703   6887.32390  -3.8310769   6.4558040   1.1516805 2026 01 14 08 03 54.67
0   -437.16864  -1325.59111   6908.79160  -3.8031872   6.4982857   0.9950088 2026 01 14 08 04 14.67
0   -512.93821  -1195.22563   6927.12115  -3.7734626   6.5377551   0.8378763 2026 01 14 08 04 34.67
0   -588.09512  -1064.10109   6942.30403  -3.7419251   6.5741888   0.6803541 2026 01 14 08 04 54.67
0   -662.60334   -932.27842   6954.33316  -3.7085975   6.6075647   0.5225132 2026 01 14 08 05 14.67
0   -736.42729   -799.81898   6963.20288  -3.6735037   6.6378623   0.3644248 2026 01 14 08 05 34.67
0   -809.53191   -666.78453   6968.90896  -3.6366682   6.6650625   0.2061604 2026 01 14 08 05 54.67
0   -881.88261   -533.23720   6971.44859  -3.5981163   6.6891476   0.0477914 2026 01 14 08 06 14.67
0   -953.44533   -399.23945   6970.82040  -3.5578743   6.7101014  -0.1106105 2026 01 14 08 06 34.67
0  -1024.18652   -264.85407   6967.02444  -3.5159693   6.7279092  -0.2689738 2026 01 14 08 06 54.67
0  -1094.07322   -130.14409   6960.06220  -3.4724290   6.7425576  -0.4272269 2026 01 14 08 07 14.67
0  -1163.07299      4.82716   6949.93659  -3.4272820   6.7540349  -0.5852982 2026 01 14 08 07 34.67
0  -1231.15399    139.99616   6936.65198  -3.3805576   6.7623307  -0.7431163 2026 01 14 08 07 54.67
0  -1298.28498    275.29919   6920.21415  -3.3322859   6.7674363  -0.9006096 2026 01 14 08 08 14.67
0  -1364.43532    410.67237   6900.63029  -3.2824977   6.7693443  -1.0577070 2026 01 14 08 08 34.67
0  -1429.57499    546.05169   6877.90904  -3.2312245   6.7680490  -1.2143371 2026 01 14 08 08 54.67
0  -1493.67461    681.37304   6852.06046  -3.1784983   6.7635461  -1.3704291 2026 01 14 08 09 14.67
0  -1556.70545    816.57224   6823.09601  -3.1243521   6.7558329  -1.5259121 2026 01 14 08 09 34.67
0  -1618.63945    951.58507   6791.02859  -3.0688194   6.7449081  -1.6807156 2026 01 14 08 09 54.67
0  -1679.44921   1086.34729   6755.87248  -3.0119342   6.7307721  -1.8347694 2026 01 14 08 10 14.67
0  -1739.10802   1220.79469   6717.64338  -2.9537312   6.7134267  -1.9880034 2026 01 14 08 10 34.67
0  -1797.58990   1354.86314   6676.35837  -2.8942458   6.6928754  -2.1403481 2026 01 14 08 10 54.67
0  -1854.86953   1488.48854   6632.03595  -2.8335138   6.6691230  -2.2917341 2026 01 14 08 11 14.67
0  -1910.92237   1621.60694   6584.69597  -2.7715718   6.6421762  -2.4420927 2026 01 14 08 11 34.67
0  -1965.72458   1754.15454   6534.35967  -2.7084566   6.6120428  -2.5913552 2026 01 14 08 11 54.67
0  -2019.25306   1886.06769   6481.04965  -2.6442059   6.5787326  -2.7394538 2026 01 14 08 12 14.67
0  -2071.48549   2017.28297   6424.78986  -2.5788574   6.5422566  -2.8863208 2026 01 14 08 12 34.67
0  -2122.40029   2147.73719   6365.60560  -2.5124498   6.5026275  -3.0318893 2026 01 14 08 12 54.67
0  -2171.97667   2277.36741   6303.52351  -2.4450219   6.4598596  -3.1760928 2026 01 14 08 13 14.67
0  -2220.19462   2406.11104   6238.57154  -2.3766131   6.4139687  -3.3188654 2026 01 14 08 13 34.67
0  -2267.03491   2533.90576   6170.77898  -2.3072631   6.3649719  -3.4601419 2026 01 14 08 13 54.67
0  -2312.47913   2660.68966   6100.17639  -2.2370122   6.3128883  -3.5998575 2026 01 14 08 14 14.67
0  -2356.50965   2786.40119   6026.79562  -2.1659007   6.2577380  -3.7379483 2026 01 14 08 14 34.67
0  -2399.10968   2910.97924   5950.66981  -2.0939696   6.1995432  -3.8743510 2026 01 14 08 14 54.67
0  -2440.26324   3034.36315   5871.83334  -2.0212601   6.1383270  -4.0090031 2026 01 14 08 15 14.67
0  -2479.95517   3156.49274   5790.32184  -1.9478136   6.0741146  -4.1418427 2026 01 14 08 15 34.67
0  -2518.17114   3277.30835   5706.17218  -1.8736720   6.0069323  -4.2728089 2026 01 14 08 15 54.67
0  -2554.89768   3396.75085   5619.42243  -1.7988773   5.9368081  -4.4018414 2026 01 14 08 16 14.67
0  -2590.12215   3514.76170   5530.11185  -1.7234717   5.8637713  -4.5288808 2026 01 14 08 16 34.67
0  -2623.83274   3631.28295   5438.28089  -1.6474978   5.7878529  -4.6538687 2026 01 14 08 16 54.67
0  -2656.01853   3746.25729   5343.97116  -1.5709981   5.7090853  -4.7767475 2026 01 14 08 17 14.67
0  -2686.66943   3859.62808   5247.22541  -1.4940157   5.6275021  -4.8974605 2026 01 14 08 17 34.67
0  -2715.77620   3971.33934   5148.08752  -1.4165934   5.5431388  -5.0159521 2026 01 14 08 17 54.67
0  -2743.33049   4081.33585   5046.60244  -1.3387743   5.4560320  -5.1321676 2026 01 14 08 18 14.67
0  -2769.32478   4189.56310   4942.81626  -1.2606017   5.3662197  -5.2460532 2026 01 14 08 18 34.67
0  -2793.75245   4295.96739   4836.77609  -1.1821188   5.2737415  -5.3575564 2026 01 14 08 18 54.67
0  -2816.60771   4400.49580   4728.53011  -1.1033690   5.1786383  -5.4666255 2026 01 14 08 19 14.67
0  -2837.88566   4503.09624   4618.12748  -1.0243955   5.0809522  -5.5732101 2026 01 14 08 19 34.67
0  -2857.58227   4603.71750   4505.61842  -0.9452419   4.9807269  -5.6772608 2026 01 14 08 19 54.67
0  -2875.69436   4702.30923   4391.05406  -0.8659513   4.8780073  -5.7787295 2026 01 14 08 20 14.67
0  -2892.21962   4798.82202   4274.48654  -0.7865671   4.7728396  -5.8775690 2026 01 14 08 20 34.67
0  -2907.15662   4893.20736   4155.96888  -0.7071325   4.6652713  -5.9737337 2026 01 14 08 20 54.67
0  -2920.50478   4985.41773   4035.55504  -0.6276906   4.5553513  -6.0671788 2026 01 14 08 21 14.67
0  -2932.26439   5075.40660   3913.29984  -0.5482844   4.4431294  -6.1578610 2026 01 14 08 21 34.67
0  -2942.43657   5163.12844   3789.25897  -0.4689568   4.3286571  -6.2457383 2026 01 14 08 21 54.67
0  -2951.02334   5248.53875   3663.48892  -0.3897505   4.2119867  -6.3307699 2026 01 14 08 22 14.67
0  -2958.02755   5331.59412   3536.04702  -0.3107079   4.0931718  -6.4129162 2026 01 14 08 22 34.67
0  -2963.45289   5412.25219   3406.99136  -0.2318713   3.9722672  -6.4921392 2026 01 14 08 22 54.67
0  -2967.30390   5490.47174   3276.38076  -0.1532828   3.8493289  -6.5684021 2026 01 14 08 23 14.67
0  -2969.58596   5566.21265   3144.27479  -0.0749843   3.7244137  -6.6416695 2026 01 14 08 23 34.67
0  -2970.30530   5639.43595   3010.73370   0.0029829   3.5975798  -6.7119073 2026 01 14 08 23 54.67
0  -2969.46894   5710.10388   2875.81841   0.0805776   3.4688861  -6.7790832 2026 01 14 08 24 14.67
0  -2967.08475   5778.17983   2739.59048   0.1577588   3.3383930  -6.8431658 2026 01 14 08 24 34.67
0  -2963.16140   5843.62841   2602.11207   0.2344860   3.2061613  -6.9041255 2026 01 14 08 24 54.67
0  -2957.70837   5906.41548   2463.44592   0.3107192   3.0722531  -6.9619341 2026 01 14 08 25 14.67
0  -2950.73595   5966.50814   2323.65532   0.3864185   2.9367313  -7.0165649 2026 01 14 08 25 34.67
0  -2942.25520   6023.87474   2182.80409   0.4615448   2.7996599  -7.0679926 2026 01 14 08 25 54.67
0  -2932.27798   6078.48495   2040.95653   0.5360591   2.6611034  -7.1161936 2026 01 14 08 26 14.67
0  -2920.81690   6130.30971   1898.17740   0.6099230   2.5211273  -7.1611455 2026 01 14 08 26 34.67
0  -2907.88536   6179.32129   1754.53189   0.6830986   2.3797980  -7.2028279 2026 01 14 08 26 54.67
0  -2893.49750   6225.49329   1610.08559   0.7555486   2.2371824  -7.2412215 2026 01 14 08 27 14.67
0  -2877.66820   6268.80067   1464.90444   0.8272361   2.0933483  -7.2763089 2026 01 14 08 27 34.67
0  -2860.41307   6309.21975   1319.05474   0.8981247   1.9483640  -7.3080741 2026 01 14 08 27 54.67
0  -2841.74845   6346.72819   1172.60308   0.9681787   1.8022987  -7.3365027 2026 01 14 08 28 14.67
0  -2821.69139   6381.30509   1025.61632   1.0373630   1.6552220  -7.3615819 2026 01 14 08 28 34.67
0  -2800.25962   6412.93091    878.16157   1.1056429   1.5072041  -7.3833005 2026 01 14 08 28 54.67
0  -2777.47158   6441.58754    730.30613   1.1729847   1.3583158  -7.4016489 2026 01 14 08 29 14.67
0  -2753.34636   6467.25828    582.11750   1.2393550   1.2086284  -7.4166191 2026 01 14 08 29 34.67
0  -2727.90371   6489.92786    433.66330   1.3047212   1.0582134  -7.4282046 2026 01 14 08 29 54.67
0  -2701.16405   6509.58246    285.01128   1.3690515   0.9071431  -7.4364008 2026 01 14 08 30 14.67
0  -2673.14840   6526.20969    136.22926   1.4323145   0.7554900  -7.4412045 2026 01 14 08 30 34.67
0  -2643.87842   6539.79863    -12.61489   1.4944799   0.6033268  -7.4426140 2026 01 14 08 30 54.67
0  -2613.37635   6550.33980   -161.45328   1.5555178   0.4507267  -7.4406294 2026 01 14 08 31 14.67
0  -2581.66504   6557.82520   -310.21805   1.6153992   0.2977631  -7.4352525 2026 01 14 08 31 34.67
0  -2548.76791   6562.24830   -458.84137   1.6740958   0.1445096  -7.4264864 2026 01 14 08 31 54.67
0  -2514.70891   6563.60403   -607.25552   1.7315803  -0.0089601  -7.4143361 2026 01 14 08 32 14.67
0  -2479.51258   6561.88882   -755.39286   1.7878259  -0.1625719  -7.3988080 2026 01 14 08 32 34.67
0  -2443.20394   6557.10056   -903.18593   1.8428067  -0.3162520  -7.3799103 2026 01 14 08 32 54.67
0  -2405.80854   6549.23863  -1050.56742   1.8964977  -0.4699261  -7.3576525 2026 01 14 08 33 14.67
0  -2367.35242   6538.30388  -1197.47023   1.9488746  -0.6235202  -7.3320459 2026 01 14 08 33 34.67
0  -2327.86210   6524.29867  -1343.82753   1.9999142  -0.7769602  -7.3031033 2026 01 14 08 33 54.67
0  -2287.36456   6507.22680  -1489.57272   2.0495937  -0.9301720  -7.2708393 2026 01 14 08 34 14.67
0  -2245.88721   6487.09360  -1634.63955   2.0978916  -1.0830818  -7.2352695 2026 01 14 08 34 34.67
0  -2203.45789   6463.90583  -1778.96206   2.1447871  -1.2356158  -7.1964117 2026 01 14 08 34 54.67
0  -2160.10486   6437.67175  -1922.47469   2.1902603  -1.3877003  -7.1542848 2026 01 14 08 35 14.67
0  -2115.85675   6408.40108  -2065.11225   2.2342921  -1.5392619  -7.1089093 2026 01 14 08 35 34.67
0  -2070.74257   6376.10502  -2206.81000   2.2768644  -1.6902274  -7.0603073 2026 01 14 08 35 54.67
0  -2024.79169   6340.79622  -2347.50362   2.3179600  -1.8405241  -7.0085023 2026 01 14 08 36 14.67
0  -1978.03380   6302.48877  -2487.12932   2.3575626  -1.9900793  -6.9535194 2026 01 14 08 36 34.67
0  -1930.49893   6261.19823  -2625.62380   2.3956568  -2.1388209  -6.8953850 2026 01 14 08 36 54.67
0  -1882.21738   6216.94160  -2762.92431   2.4322281  -2.2866772  -6.8341272 2026 01 14 08 37 14.67
0  -1833.21975   6169.73729  -2898.96866   2.4672630  -2.4335768  -6.7697751 2026 01 14 08 37 34.67
0  -1783.53689   6119.60515  -3033.69529   2.5007490  -2.5794489  -6.7023597 2026 01 14 08 37 54.67
0  -1733.19991   6066.56643  -3167.04324   2.5326742  -2.7242230  -6.6319131 2026 01 14 08 38 14.67
0  -1682.24012   6010.64378  -3298.95221   2.5630281  -2.8678295  -6.5584688 2026 01 14 08 38 34.67
0  -1630.68906   5951.86126  -3429.36262   2.5918008  -3.0101992  -6.4820617 2026 01 14 08 38 54.67
0  -1578.57843   5890.24429  -3558.21555   2.6189834  -3.1512633  -6.4027280 2026 01 14 08 39 14.67
0  -1525.94012   5825.81966  -3685.45286   2.6445680  -3.2909540  -6.3205053 2026 01 14 08 39 34.67
0  -1472.80616   5758.61552  -3811.01714   2.6685478  -3.4292041  -6.2354323 2026 01 14 08 39 54.67
0  -1419.20871   5688.66133  -3934.85180   2.6909165  -3.5659469  -6.1475492 2026 01 14 08 40 14.67
0  -1365.18003   5615.98791  -4056.90104   2.7116693  -3.7011166  -6.0568973 2026 01 14 08 40 34.67
0  -1310.75251   5540.62737  -4177.10991   2.7308019  -3.8346483  -5.9635192 2026 01 14 08 40 54.67
0  -1255.95856   5462.61312  -4295.42432   2.7483111  -3.9664777  -5.8674585 2026 01 14 08 41 14.67
0  -1200.83068   5381.97982  -4411.79106   2.7641946  -4.0965414  -5.7687602 2026 01 14 08 41 34.67
0  -1145.40140   5298.76344  -4526.15785   2.7784512  -4.2247769  -5.6674704 2026 01 14 08 41 54.67
0  -1089.70327   5213.00114  -4638.47333   2.7910803  -4.3511226  -5.5636363 2026 01 14 08 42 14.67
0  -1033.76883   5124.73132  -4748.68708   2.8020826  -4.4755178  -5.4573061 2026 01 14 08 42 34.67
0   -977.63060   5033.99361  -4856.74969   2.8114593  -4.5979027  -5.3485292 2026 01 14 08 42 54.67
0   -921.32108   4940.82879  -4962.61271   2.8192130  -4.7182186  -5.2373560 2026 01 14 08 43 14.67
0   -864.87268   4845.27881  -5066.22874   2.8253467  -4.8364078  -5.1238380 2026 01 14 08 43 34.67
0   -808.31778   4747.38680  -5167.55140   2.8298647  -4.9524134  -5.0080274 2026 01 14 08 43 54.67
0   -751.68863   4647.19697  -5266.53537   2.8327720  -5.0661799  -4.8899778 2026 01 14 08 44 14.67
0   -695.01740   4544.75465  -5363.13641   2.8340746  -5.1776526  -4.7697434 2026 01 14 08 44 34.67
0   -638.33611   4440.10626  -5457.31139   2.8337791  -5.2867780  -4.6473795 2026 01 14 08 44 54.67
0   -581.67664   4333.29926  -5549.01826   2.8318934  -5.3935037  -4.5229422 2026 01 14 08 45 14.67
0   -525.07072   4224.38217  -5638.21612   2.8284259  -5.4977786  -4.3964884 2026 01 14 08 45 34.67
0   -468.54989   4113.40450  -5724.86523   2.8233860  -5.5995525  -4.2680760 2026 01 14 08 45 54.67
0   -412.14549   4000.41676  -5808.92700   2.8167840  -5.6987766  -4.1377635 2026 01 14 08 46 14.67
0   -355.88866   3885.47043  -5890.36401   2.8086309  -5.7954032  -4.0056104 2026 01 14 08 46 34.67
0   -299.81031   3768.61792  -5969.14006   2.7989386  -5.8893859  -3.8716767 2026 01 14 08 46 54.67
0   -243.94109   3649.91257  -6045.22013   2.7877198  -5.9806794  -3.7360232 2026 01 14 08 47 14.67
0   -188.31139   3529.40859  -6118.57045   2.7749880  -6.0692399  -3.5987116 2026 01 14 08 47 34.67
0   -132.95134   3407.16108  -6189.15847   2.7607574  -6.1550248  -3.4598040 2026 01 14 08 47 54.67
0    -77.89077   3283.22597  -6256.95290   2.7450432  -6.2379926  -3.3193632 2026 01 14 08 48 14.67
0    -23.15918   3157.65999  -6321.92371   2.7278611  -6.3181033  -3.1774526 2026 01 14 08 48 34.67
0     31.21423   3030.52069  -6384.04214   2.7092278  -6.3953182  -3.0341363 2026 01 14 08 48 54.67
0     85.20060   2901.86634  -6443.28072   2.6891605  -6.4695999  -2.8894788 2026 01 14 08 49 14.67
0    138.77144   2771.75598  -6499.61327   2.6676774  -6.5409125  -2.7435451 2026 01 14 08 49 34.67
0    191.89862   2640.24934  -6553.01493   2.6447971  -6.6092213  -2.5964009 2026 01 14 08 49 54.67
0    244.55438   2507.40683  -6603.46214   2.6205391  -6.6744930  -2.4481121 2026 01 14 08 50 14.67
0    296.71137   2373.28951  -6650.93268   2.5949235  -6.7366959  -2.2987453 2026 01 14 08 50 34.67
0    348.34265   2237.95907  -6695.40565   2.5679713  -6.7957994  -2.1483673 2026 01 14 08 50 54.67
0    399.42170   2101.47778  -6736.86150   2.5397038  -6.8517745  -1.9970453 2026 01 14 08 51 14.67
0    449.92243   1963.90850  -6775.28202   2.5101432  -6.9045936  -1.8448471 2026 01 14 08 51 34.67
0    499.81921   1825.31460  -6810.65037   2.4793123  -6.9542307  -1.6918404 2026 01 14 08 51 54.67
0    549.08686   1685.75997  -6842.95106   2.4472343  -7.0006609  -1.5380936 2026 01 14 08 52 14.67
0    597.70068   1545.30900  -6872.16996   2.4139333  -7.0438610  -1.3836752 2026 01 14 08 52 34.67
0    645.63646   1404.02650  -6898.29434   2.3794339  -7.0838094  -1.2286538 2026 01 14 08 52 54.67
0    692.87047   1261.97771  -6921.31283   2.3437611  -7.1204856  -1.0730986 2026 01 14 08 53 14.67
0    739.37950   1119.22827  -6941.21543   2.3069405  -7.1538708  -0.9170785 2026 01 14 08 53 34.67
0    785.14086    975.84418  -6957.99354   2.2689986  -7.1839478  -0.7606630 2026 01 14 08 53 54.67
0    830.13239    831.89175  -6971.63995   2.2299618  -7.2107007  -0.6039215 2026 01 14 08 54 14.67
0    874.33246    687.43762  -6982.14883   2.1898576  -7.2341153  -0.4469234 2026 01 14 08 54 34.67
0    917.72000    542.54869  -6989.51575   2.1487135  -7.2541786  -0.2897386 2026 01 14 08 54 54.67
0    960.27449    397.29210  -6993.73766   2.1065579  -7.2708795  -0.1324366 2026 01 14 08 55 14.67
0   1001.97599    251.73520  -6994.81292   2.0634194  -7.2842081   0.0249129 2026 01 14 08 55 34.67
0   1042.80514    105.94551  -6992.74129   2.0193271  -7.2941562   0.1822400 2026 01 14 08 55 54.67
0   1082.74314    -40.00927  -6987.52389   1.9743104  -7.3007171   0.3394753 2026 01 14 08 56 14.67
0   1121.77181   -186.06135  -6979.16326   1.9283994  -7.3038855   0.4965490 2026 01 14 08 56 34.67
0   1159.87356   -332.14285  -6967.66334   1.8816243  -7.3036580   0.6533916 2026 01 14 08 56 54.67
0   1197.03142   -478.18580  -6953.02944   1.8340159  -7.3000322   0.8099337 2026 01 14 08 57 14.67
0   1233.22904   -624.12225  -6935.26826   1.7856052  -7.2930077   0.9661060 2026 01 14 08 57 34.67
0   1268.45068   -769.88423  -6914.38788   1.7364235  -7.2825855   1.1218393 2026 01 14 08 57 54.67
0   1302.68123   -915.40379  -6890.39779   1.6865026  -7.2687679   1.2770647 2026 01 14 08 58 14.67
0   1335.90623  -1060.61308  -6863.30882   1.6358746  -7.2515592   1.4317136 2026 01 14 08 58 34.67
0   1368.11187  -1205.44431  -6833.13319   1.5845716  -7.2309648   1.5857173 2026 01 14 08 58 54.67
0   1399.28496  -1349.82984  -6799.88449   1.5326262  -7.2069918   1.7390078 2026 01 14 08 59 14.67
0   1429.41299  -1493.70219  -6763.57766   1.4800714  -7.1796490   1.8915171 2026 01 14 08 59 34.67
0   1458.48410  -1636.99406  -6724.22901   1.4269401  -7.1489466   2.0431776 2026 01 14 08 59 54.67
0   1486.48709  -1779.63836  -6681.85618   1.3732656  -7.1148963   2.1939221 2026 01 14 09 00 14.67
0   1513.41143  -1921.56827  -6636.47816   1.3190813  -7.0775113   2.3436836 2026 01 14 09 00 34.67
0   1539.24727  -2062.71724  -6588.11528   1.2644209  -7.0368065   2.4923959 2026 01 14 09 00 54.67
0   1563.98541  -2203.01904  -6536.78919   1.2093183  -6.9927982   2.6399928 2026 01 14 09 01 14.67
0   1587.61735  -2342.40776  -6482.52285   1.1538073  -6.9455042   2.7864087 2026 01 14 09 01 34.67
0   1610.13527  -2480.81789  -6425.34054   1.0979221  -6.8949439   2.9315786 2026 01 14 09 01 54.67
0   1631.53202  -2618.18431  -6365.26781   1.0416968  -6.8411383   3.0754379 2026 01 14 09 02 14.67
0   1651.80115  -2754.44233  -6302.33154   0.9851657  -6.7841096   3.2179225 2026 01 14 09 02 34.67
0   1670.93688  -2889.52772  -6236.55983   0.9283631  -6.7238817   3.3589691 2026 01 14 09 02 54.67
0   1688.93412  -3023.37675  -6167.98210   0.8713234  -6.6604801   3.4985146 2026 01 14 09 03 14.67
0   1705.78848  -3155.92622  -6096.62899   0.8140811  -6.5939316   3.6364968 2026 01 14 09 03 34.67
0   1721.49625  -3287.11346  -6022.53238   0.7566706  -6.5242646   3.7728541 2026 01 14 09 03 54.67
0   1736.05441  -3416.87641  -5945.72537   0.6991264  -6.4515088   3.9075254 2026 01 14 09 04 14.67
0   1749.46064  -3545.15359  -5866.24231   0.6414829  -6.3756955   4.0404507 2026 01 14 09 04 34.67
0   1761.71328  -3671.88418  -5784.11869   0.5837744  -6.2968574   4.1715702 2026 01 14 09 04 54.67
0   1772.81139  -3797.00802  -5699.39124   0.5260352  -6.2150286   4.3008252 2026 01 14 09 05 14.67
0   1782.75469  -3920.46566  -5612.09783   0.4682997  -6.1302448   4.4281576 2026 01 14 09 05 34.67
0   1791.54360  -4042.19836  -5522.27747   0.4106020  -6.0425430   4.5535103 2026 01 14 09 05 54.67
0   1799.17921  -4162.14814  -5429.97033   0.3529762  -5.9519614   4.6768267 2026 01 14 09 06 14.67
0   1805.66331  -4280.25781  -5335.21770   0.2954560  -5.8585399   4.7980515 2026 01 14 09 06 34.67
0   1810.99834  -4396.47098  -5238.06196   0.2380754  -5.7623196   4.9171297 2026 01 14 09 06 54.67
0   1815.18743  -4510.73209  -5138.54657   0.1808678  -5.6633430   5.0340078 2026 01 14 09 07 14.67
0   1818.23438  -4622.98645  -5036.71608   0.1238667  -5.5616540   5.1486328 2026 01 14 09 07 34.67
0   1820.14365  -4733.18027  -4932.61607   0.0671054  -5.4572978   5.2609528 2026 01 14 09 07 54.67
0   1820.92036  -4841.26067  -4826.29314   0.0106167  -5.3503207   5.3709169 2026 01 14 09 08 14.67
0   1820.57030  -4947.17570  -4717.79492  -0.0455666  -5.2407706   5.4784751 2026 01 14 09 08 34.67
0   1819.09990  -5050.87439  -4607.17001  -0.1014120  -5.1286966   5.5835786 2026 01 14 09 08 54.67
0   1816.51624  -5152.30678  -4494.46800  -0.1568874  -5.0141488   5.6861795 2026 01 14 09 09 14.67
0   1812.82704  -5251.42389  -4379.73941  -0.2119607  -4.8971788   5.7862310 2026 01 14 09 09 34.67
0   1808.04066  -5348.17781  -4263.03567  -0.2666004  -4.7778394   5.8836873 2026 01 14 09 09 54.67
0   1802.16608  -5442.52169  -4144.40915  -0.3207753  -4.6561845   5.9785040 2026 01 14 09 10 14.67
0   1795.21292  -5534.40977  -4023.91308  -0.3744544  -4.5322692   6.0706376 2026 01 14 09 10 34.67
0   1787.19138  -5623.79741  -3901.60153  -0.4276071  -4.4061496   6.1600458 2026 01 14 09 10 54.67
0   1778.11231  -5710.64109  -3777.52943  -0.4802034  -4.2778832   6.2466875 2026 01 14 09 11 14.67
0   1767.98713  -5794.89845  -3651.75251  -0.5322134  -4.1475285   6.3305228 2026 01 14 09 11 34.67
0   1756.82786  -5876.52833  -3524.32729  -0.5836078  -4.0151448   6.4115131 2026 01 14 09 11 54.67
0   1744.64711  -5955.49076  -3395.31104  -0.6343576  -3.8807929   6.4896210 2026 01 14 09 12 14.67
0   1731.45804  -6031.74698  -3264.76178  -0.6844344  -3.7445342   6.5648104 2026 01 14 09 12 34.67
0   1717.27440  -6105.25948  -3132.73822  -0.7338102  -3.6064314   6.6370463 2026 01 14 09 12 54.67
0   1702.11050  -6175.99202  -2999.29978  -0.7824573  -3.4665480   6.7062953 2026 01 14 09 13 14.67
0   1685.98116  -6243.90963  -2864.50651  -0.8303489  -3.3249485   6.7725251 2026 01 14 09 13 34.67
0   1668.90177  -6308.97863  -2728.41911  -0.8774584  -3.1816982   6.8357048 2026 01 14 09 13 54.67
0   1650.88824  -6371.16669  -2591.09887  -0.9237597  -3.0368634   6.8958050 2026 01 14 09 14 14.67
0   1631.95697  -6430.44277  -2452.60768  -0.9692275  -2.8905112   6.9527974 2026 01 14 09 14 34.67
0   1612.12489  -6486.77720  -2313.00795  -1.0138368  -2.7427095   7.0066554 2026 01 14 09 14 54.67
0   1591.40942  -6540.14169  -2172.36262  -1.0575634  -2.5935270   7.0573536 2026 01 14 09 15 14.67
0   1569.82845  -6590.50932  -2030.73515  -1.1003834  -2.4430331   7.1048681 2026 01 14 09 15 34.67
0   1547.40034  -6637.85454  -1888.18941  -1.1422737  -2.2912979   7.1491764 2026 01 14 09 15 54.67
0   1524.14391  -6682.15326  -1744.78976  -1.1832118  -2.1383924   7.1902574 2026 01 14 09 16 14.67
0   1500.07843  -6723.38276  -1600.60093  -1.2231758  -1.9843879   7.2280917 2026 01 14 09 16 34.67
0   1475.22358  -6761.52180  -1455.68805  -1.2621445  -1.8293566   7.2626612 2026 01 14 09 16 54.67
0   1449.59949  -6796.55057  -1310.11656  -1.3000972  -1.6733711   7.2939491 2026 01 14 09 17 14.67
0   1423.22668  -6828.45071  -1163.95226  -1.3370139  -1.5165046   7.3219406 2026 01 14 09 17 34.67
0   1396.12605  -6857.20533  -1017.26122  -1.3728755  -1.3588308   7.3466218 2026 01 14 09 17 54.67
0   1368.31890  -6882.79904   -870.10976  -1.4076632  -1.2004240   7.3679808 2026 01 14 09 18 14.67
0   1339.82689  -6905.21792   -722.56443  -1.4413592  -1.0413586   7.3860070 2026 01 14 09 18 34.67
0   1310.67201  -6924.44954   -574.69198  -1.4739463  -0.8817097   7.4006914 2026 01 14 09 18 54.67
0   1280.87662  -6940.48299   -426.55933  -1.5054081  -0.7215526   7.4120264 2026 01 14 09 19 14.67
0   1250.46338  -6953.30887   -278.23352  -1.5357286  -0.5609631   7.4200063 2026 01 14 09 19 34.67
0   1219.45527  -6962.91927   -129.78169  -1.5648931  -0.4000170   7.4246264 2026 01 14 09 19 54.67
0   1187.87555  -6969.30783     18.72891  -1.5928870  -0.2387906   7.4258840 2026 01 14 09 20 14.67
0   1155.74777  -6972.46971    167.23104  -1.6196970  -0.0773601   7.4237778 2026 01 14 09 20 34.67
0   1123.09573  -6972.40159    315.65741  -1.6453103   0.0841977   7.4183081 2026 01 14 09 20 54.67
0   1089.94350  -6969.10168    463.94077  -1.6697148   0.2458063   7.4094766 2026 01 14 09 21 14.67
0   1056.31535  -6962.56975    612.01392  -1.6928993   0.4073890   7.3972868 2026 01 14 09 21 34.67
0   1022.23580  -6952.80707    759.80973  -1.7148533   0.5688688   7.3817435 2026 01 14 09 21 54.67
0    987.72956  -6939.81648    907.26121  -1.7355672   0.7301690   7.3628533 2026 01 14 09 22 14.67
0    952.82151  -6923.60232   1054.30149  -1.7550320   0.8912129   7.3406242 2026 01 14 09 22 34.67
0    917.53672  -6904.17049   1200.86388  -1.7732397   1.0519237   7.3150657 2026 01 14 09 22 54.67
0    881.90040  -6881.52842   1346.88190  -1.7901829   1.2122249   7.2861890 2026 01 14 09 23 14.67
0    845.93792  -6855.68507   1492.28933  -1.8058551   1.3720401   7.2540068 2026 01 14 09 23 34.67
0    809.67475  -6826.65091   1637.02018  -1.8202507   1.5312929   7.2185332 2026 01 14 09 23 54.67
0    773.13647  -6794.43796   1781.00879  -1.8333647   1.6899074   7.1797841 2026 01 14 09 24 14.67
0    736.34876  -6759.05973   1924.18981  -1.8451930   1.8478079   7.1377765 2026 01 14 09 24 34.67
0    699.33736  -6720.53127   2066.49826  -1.8557323   2.0049190   7.0925294 2026 01 14 09 24 54.67
0    662.12809  -6678.86910   2207.86955  -1.8649802   2.1611656   7.0440629 2026 01 14 09 25 14.67
0    624.74678  -6634.09126   2348.23950  -1.8729349   2.3164729   6.9923987 2026 01 14 09 25 34.67
0    587.21931  -6586.21729   2487.54440  -1.8795956   2.4707668   6.9375603 2026 01 14 09 25 54.67
0    549.57157  -6535.26819   2625.72100  -1.8849622   2.6239735   6.8795721 2026 01 14 09 26 14.67
0    511.82942  -6481.26644   2762.70656  -1.8890355   2.7760196   6.8184604 2026 01 14 09 26 34.67
0    474.01873  -6424.23597   2898.43889  -1.8918169   2.9268324   6.7542528 2026 01 14 09 26 54.67
0    436.16530  -6364.20218   3032.85636  -1.8933090   3.0763397   6.6869782 2026 01 14 09 27 14.67
0    398.29490  -6301.19189   3165.89792  -1.8935146   3.2244699   6.6166672 2026 01 14 09 27 34.67
0    360.43321  -6235.23335   3297.50317  -1.8924380   3.3711521   6.5433515 2026 01 14 09 27 54.67
0    322.60584  -6166.35622   3427.61235  -1.8900836   3.5163161   6.4670645 2026 01 14 09 28 14.67
0    284.83828  -6094.59157   3556.16636  -1.8864571   3.6598923   6.3878405 2026 01 14 09 28 34.67
0    247.15591  -6019.97184   3683.10682  -1.8815648   3.8018120   6.3057157 2026 01 14 09 28 54.67
0    209.58399  -5942.53084   3808.37609  -1.8754137   3.9420072   6.2207272 2026 01 14 09 29 14.67
0    172.14761  -5862.30373   3931.91728  -1.8680117   4.0804107   6.1329136 2026 01 14 09 29 34.67
0    134.87171  -5779.32701   4053.67428  -1.8593673   4.2169561   6.0423147 2026 01 14 09 29 54.67
0     97.78103  -5693.63850   4173.59180  -1.8494900   4.3515781   5.9489718 2026 01 14 09 30 14.67
0     60.90015  -5605.27732   4291.61536  -1.8383898   4.4842122   5.8529271 2026 01 14 09 30 34.67
0     24.25341  -5514.28386   4407.69138  -1.8260776   4.6147947   5.7542242 2026 01 14 09 30 54.67
0    -12.13507  -5420.69977   4521.76713  -1.8125650   4.7432631   5.6529081 2026 01 14 09 31 14.67
0    -48.24140  -5324.56796   4633.79081  -1.7978643   4.8695559   5.5490246 2026 01 14 09 31 34.67
0    -84.04194  -5225.93255   4743.71154  -1.7819885   4.9936123   5.4426209 2026 01 14 09 31 54.67
0   -119.51333  -5124.83886   4851.47939  -1.7649514   5.1153731   5.3337454 2026 01 14 09 32 14.67
0   -154.63249  -5021.33339   4957.04542  -1.7467673   5.2347798   5.2224474 2026 01 14 09 32 34.67
0   -189.37662  -4915.46380   5060.36168  -1.7274515   5.3517751   5.1087774 2026 01 14 09 32 54.67
0   -223.72325  -4807.27887   5161.38124  -1.7070197   5.4663030   4.9927871 2026 01 14 09 33 14.67
0   -257.65022  -4696.82851   5260.05823  -1.6854883   5.5783085   4.8745289 2026 01 14 09 33 34.67
0   -291.13571  -4584.16371   5356.34782  -1.6628745   5.6877378   4.7540566 2026 01 14 09 33 54.67
0   -324.15825  -4469.33651   5450.20627  -1.6391961   5.7945386   4.6314248 2026 01 14 09 34 14.67
0   -356.69673  -4352.40001   5541.59095  -1.6144714   5.8986594   4.5066890 2026 01 14 09 34 34.67
0   -388.73040  -4233.40830   5630.46033  -1.5887194   6.0000503   4.3799058 2026 01 14 09 34 54.67
0   -420.23893  -4112.41647   5716.77405  -1.5619598   6.0986627   4.2511325 2026 01 14 09 35 14.67
0   -451.20236  -3989.48057   5800.49289  -1.5342127   6.1944492   4.1204276 2026 01 14 09 35 34.67
0   -481.60114  -3864.65758   5881.57879  -1.5054990   6.2873636   3.9878502 2026 01 14 09 35 54.67
0   -511.41615  -3738.00539   5959.99491  -1.4758399   6.3773614   3.8534603 2026 01 14 09 36 14.67
0   -540.62871  -3609.58277   6035.70561  -1.4452574   6.4643993   3.7173186 2026 01 14 09 36 34.67
0   -569.22058  -3479.44935   6108.67647  -1.4137740   6.5484352   3.5794869 2026 01 14 09 36 54.67
0   -597.17395  -3347.66555   6178.87431  -1.3814125   6.6294289   3.4400275 2026 01 14 09 37 14.67
0   -624.47151  -3214.29263   6246.26720  -1.3481965   6.7073412   3.2990033 2026 01 14 09 37 34.67
0   -651.09640  -3079.39259   6310.82448  -1.3141499   6.7821345   3.1564782 2026 01 14 09 37 54.67
0   -677.03225  -2943.02818   6372.51678  -1.2792971   6.8537727   3.0125165 2026 01 14 09 38 14.67
0   -702.26319  -2805.26284   6431.31601  -1.2436631   6.9222211   2.8671833 2026 01 14 09 38 34.67
0   -726.77384  -2666.16071   6487.19542  -1.2072732   6.9874467   2.7205443 2026 01 14 09 38 54.67
0   -750.54935  -2525.78657   6540.12953  -1.1701533   7.0494177   2.5726656 2026 01 14 09 39 14.67
0   -773.57538  -2384.20580   6590.09422  -1.1323294   7.1081041   2.4236142 2026 01 14 09 39 34.67
0   -795.83811  -2241.48438   6637.06671  -1.0938282   7.1634773   2.2734572 2026 01 14 09 39 54.67
0   -817.32426  -2097.68887   6681.02557  -1.0546767   7.2155103   2.1222624 2026 01 14 09 40 14.67
0   -838.02111  -1952.88631   6721.95072  -1.0149023   7.2641777   1.9700982 2026 01 14 09 40 34.67
0   -857.91646  -1807.14426   6759.82346  -0.9745326   7.3094555   1.8170331 2026 01 14 09 40 54.67
0   -876.99870  -1660.53074   6794.62647  -0.9335956   7.3513216   1.6631363 2026 01 14 09 41 14.67
0   -895.25676  -1513.11419   6826.34380  -0.8921198   7.3897552   1.5084772 2026 01 14 09 41 34.67
0   -912.68015  -1364.96346   6854.96091  -0.8501338   7.4247372   1.3531257 2026 01 14 09 41 54.67
0   -929.25896  -1216.14775   6880.46464  -0.8076664   7.4562502   1.1971518 2026 01 14 09 42 14.67
0   -944.98385  -1066.73661   6902.84326  -0.7647470   7.4842783   1.0406259 2026 01 14 09 42 34.67
0   -959.84607   -916.79987   6922.08643  -0.7214049   7.5088074   0.8836187 2026 01 14 09 42 54.67
0   -973.83746   -766.40766   6938.18524  -0.6776699   7.5298248   0.7262010 2026 01 14 09 43 14.67
0   -986.95047   -615.63030   6951.13218  -0.6335717   7.5473196   0.5684439 2026 01 14 09 43 34.67
0   -999.17814   -464.53836   6960.92119  -0.5891406   7.5612826   0.4104187 2026 01 14 09 43 54.67
0  -1010.51410   -313.20253   6967.54760  -0.5444067   7.5717060   0.2521968 2026 01 14 09 44 14.67
0  -1020.95260   -161.69369   6971.00821  -0.4994005   7.5785840   0.0938495 2026 01 14 09 44 34.67
0  -1030.48851    -10.08278   6971.30122  -0.4541525   7.5819122  -0.0645516 2026 01 14 09 44 54.67
0  -1039.11730    141.55917   6968.42627  -0.4086935   7.5816879  -0.2229349 2026 01 14 09 45 14.67
0  -1046.83504    293.16111   6962.38443  -0.3630541   7.5779103  -0.3812287 2026 01 14 09 45 34.67
0  -1053.63845    444.65196   6953.17821  -0.3172653   7.5705799  -0.5393616 2026 01 14 09 45 54.67
0  -1059.52485    595.96070   6940.81154  -0.2713580   7.5596991  -0.6972619 2026 01 14 09 46 14.67
0  -1064.49217    747.01635   6925.28980  -0.2253631   7.5452720  -0.8548583 2026 01 14 09 46 34.67
0  -1068.53897    897.74805   6906.61976  -0.1793118   7.5273043  -1.0120793 2026 01 14 09 46 54.67
0  -1071.66444   1048.08504   6884.80966  -0.1332350   7.5058032  -1.1688537 2026 01 14 09 47 14.67
0  -1073.86837   1197.95676   6859.86913  -0.0871638   7.4807779  -1.3251106 2026 01 14 09 47 34.67
0  -1075.15119   1347.29283   6831.80923  -0.0411292   7.4522390  -1.4807790 2026 01 14 09 47 54.67
0  -1075.51393   1496.02308   6800.64244   0.0048379   7.4201990  -1.6357884 2026 01 14 09 48 14.67
0  -1074.95827   1644.07765   6766.38265   0.0507066   7.3846717  -1.7900684 2026 01 14 09 48 34.67
0  -1073.48647   1791.38693   6729.04513   0.0964461   7.3456729  -1.9435489 2026 01 14 09 48 54.67
0  -1071.10142   1937.88167   6688.64659   0.1420255   7.3032200  -2.0961603 2026 01 14 09 49 14.67
0  -1067.80664   2083.49297   6645.20509   0.1874145   7.2573318  -2.2478330 2026 01 14 09 49 34.67
0  -1063.60623   2228.15234   6598.74010   0.2325823   7.2080290  -2.3984982 2026 01 14 09 49 54.67
0  -1058.50493   2371.79169   6549.27245   0.2774988   7.1553338  -2.5480872 2026 01 14 09 50 14.67
0  -1052.50806   2514.34342   6496.82436   0.3221338   7.0992701  -2.6965319 2026 01 14 09 50 34.67
0  -1045.62156   2655.74041   6441.41938   0.3664573   7.0398633  -2.8437646 2026 01 14 09 50 54.67
0  -1037.85194   2795.91606   6383.08243   0.4104396   6.9771406  -2.9897181 2026 01 14 09 51 14.67
0  -1029.20633   2934.80435   6321.83975   0.4540511   6.9111305  -3.1343259 2026 01 14 09 51 34.67
0  -1019.69244   3072.33982   6257.71893   0.4972626   6.8418635  -3.2775218 2026 01 14 09 51 54.67
0  -1009.31855   3208.45766   6190.74885   0.5400450   6.7693713  -3.4192404 2026 01 14 09 52 14.67
0   -998.09355   3343.09368   6120.95971   0.5823697   6.6936872  -3.5594168 2026 01 14 09 52 34.67
0   -986.02686   3476.18440   6048.38299   0.6242080   6.6148464  -3.6979870 2026 01 14 09 52 54.67
0   -973.12850   3607.66705   5973.05146   0.6655320   6.5328851  -3.8348873 2026 01 14 09 53 14.67
0   -959.40903   3737.47960   5894.99914   0.7063138   6.4478416  -3.9700550 2026 01 14 09 53 34.67
0   -944.87958   3865.56078   5814.26131   0.7465260   6.3597552  -4.1034280 2026 01 14 09 53 54.67
0   -929.55179   3991.85016   5730.87446   0.7861415   6.2686669  -4.2349453 2026 01 14 09 54 14.67
0   -913.43789   4116.28811   5644.87633   0.8251335   6.1746193  -4.3645461 2026 01 14 09 54 34.67
0   -896.55059   4238.81589   5556.30583   0.8634757   6.0776563  -4.4921711 2026 01 14 09 54 54.67
0   -878.90316   4359.37564   5465.20307   0.9011424   5.9778232  -4.6177614 2026 01 14 09 55 14.67
0   -860.50936   4477.91041   5371.60933   0.9381080   5.8751668  -4.7412592 2026 01 14 09 55 34.67
0   -841.38346   4594.36424   5275.56702   0.9743474   5.7697353  -4.8626076 2026 01 14 09 55 54.67
0   -821.54024   4708.68210   5177.11970   1.0098363   5.6615783  -4.9817505 2026 01 14 09 56 14.67
0   -800.99494   4820.80999   5076.31202   1.0445504   5.5507466  -5.0986331 2026 01 14 09 56 34.67
0   -779.76330   4930.69493   4973.18973   1.0784663   5.4372926  -5.2132012 2026 01 14 09 56 54.67
0   -757.86151   5038.28503   4867.79966   1.1115609   5.3212697  -5.3254021 2026 01 14 09 57 14.67
0   -735.30623   5143.52943   4760.18966   1.1438117   5.2027329  -5.4351837 2026 01 14 09 57 34.67
0   -712.11454   5246.37842   4650.40863   1.1751966   5.0817381  -5.5424953 2026 01 14 09 57 54.67
0   -688.30400   5346.78342   4538.50647   1.2056943   4.9583428  -5.6472873 2026 01 14 09 58 14.67
0   -663.89254   5444.69699   4424.53406   1.2352838   4.8326054  -5.7495110 2026 01 14 09 58 34.67
0   -638.89854   5540.07289   4308.54325   1.2639450   4.7045857  -5.8491191 2026 01 14 09 58 54.67
0   -613.34076   5632.86607   4190.58680   1.2916580   4.5743446  -5.9460655 2026 01 14 09 59 14.67
0   -587.23836   5723.03273   4070.71840   1.3184039   4.4419440  -6.0403051 2026 01 14 09 59 34.67
0   -560.61086   5810.53030   3948.99263   1.3441642   4.3074470  -6.1317943 2026 01 14 09 59 54.67
0   -533.47816   5895.31750   3825.46492   1.3689211   4.1709178  -6.2204906 2026 01 14 10 00 14.67
0   -505.86049   5977.35433   3700.19155   1.3926574   4.0324214  -6.3063529 2026 01 14 10 00 34.67
0   -477.77844   6056.60210   3573.22959   1.4153566   3.8920242  -6.3893412 2026 01 14 10 00 54.67
0   -449.25291   6133.02347   3444.63691   1.4370029   3.7497931  -6.4694172 2026 01 14 10 01 14.67
0   -420.30510   6206.58244   3314.47214   1.4575811   3.6057963  -6.5465435 2026 01 14 10 01 34.67
0   -390.95653   6277.24438   3182.79463   1.4770767   3.4601028  -6.6206845 2026 01 14 10 01 54.67
0   -361.22899   6344.97605   3049.66443   1.4954760   3.3127822  -6.6918057 2026 01 14 10 02 14.67
0   -331.14453   6409.74562   2915.14226   1.5127658   3.1639054  -6.7598741 2026 01 14 10 02 34.67
0   -300.72547   6471.52267   2779.28952   1.5289340   3.0135436  -6.8248582 2026 01 14 10 02 54.67
0   -269.99436   6530.27823   2642.16817   1.5439688   2.8617692  -6.8867278 2026 01 14 10 03 14.67
0   -238.97398   6585.98477   2503.84081   1.5578594   2.7086549  -6.9454544 2026 01 14 10 03 34.67
0   -207.68732   6638.61622   2364.37057   1.5705957   2.5542745  -7.0010108 2026 01 14 10 03 54.67
0   -176.15755   6688.14801   2223.82111   1.5821682   2.3987020  -7.0533712 2026 01 14 10 04 14.67
0   -144.40804   6734.55704   2082.25659   1.5925683   2.2420123  -7.1025116 2026 01 14 10 04 34.67
0   -112.46231   6777.82171   1939.74166   1.6017883   2.0842807  -7.1484094 2026 01 14 10 04 54.67
0    -80.34405   6817.92196   1796.34136   1.6098209   1.9255833  -7.1910434 2026 01 14 10 05 14.67
0    -48.07706   6854.83922   1652.12119   1.6166599   1.7659962  -7.2303940 2026 01 14 10 05 34.67
0    -15.68528   6888.55646   1507.14698   1.6222997   1.6055965  -7.2664433 2026 01 14 10 05 54.67
0     16.80726   6919.05822   1361.48494   1.6267356   1.4444612  -7.2991749 2026 01 14 10 06 14.67
0     49.37645   6946.33055   1215.20157   1.6299636   1.2826679  -7.3285740 2026 01 14 10 06 34.67
0     81.99809   6970.36107   1068.36365   1.6319804   1.1202946  -7.3546272 2026 01 14 10 06 54.67
0    114.64793   6991.13895    921.03822   1.6327838   0.9574194  -7.3773229 2026 01 14 10 07 14.67
0    147.30169   7008.65496    773.29254   1.6323721   0.7941206  -7.3966511 2026 01 14 10 07 34.67
0    179.93506   7022.90140    625.19404   1.6307445   0.6304769  -7.4126032 2026 01 14 10 07 54.67
0    212.52371   7033.87215    476.81033   1.6279009   0.4665670  -7.4251724 2026 01 14 10 08 14.67
0    245.04333   7041.56270    328.20910   1.6238422   0.3024697  -7.4343536 2026 01 14 10 08 34.67
0    277.46964   7045.97006    179.45817   1.6185699   0.1382639  -7.4401429 2026 01 14 10 08 54.67
0    309.77838   7047.09288     30.62540   1.6120865  -0.0259714  -7.4425384 2026 01 14 10 09 14.67
0    341.94536   7044.93134   -118.22134   1.6043949  -0.1901575  -7.4415397 2026 01 14 10 09 34.67
0    373.94646   7039.48722   -267.01417   1.5954993  -0.3542153  -7.4371480 2026 01 14 10 09 54.67
0    405.75764   7030.76387   -415.68525   1.5854043  -0.5180663  -7.4293661 2026 01 14 10 10 14.67
0    437.35497   7018.76622   -564.16682   1.5741154  -0.6816319  -7.4181984 2026 01 14 10 10 34.67
0    468.71463   7003.50076   -712.39122   1.5616390  -0.8448336  -7.4036509 2026 01 14 10 10 54.67
0    499.81294   6984.97554   -860.29093   1.5479820  -1.0075933  -7.3857312 2026 01 14 10 11 14.67
0    530.62637   6963.20020  -1007.79860   1.5331524  -1.1698331  -7.3644486 2026 01 14 10 11 34.67
0    561.13154   6938.18590  -1154.84706   1.5171588  -1.3314756  -7.3398139 2026 01 14 10 11 54.67
0    591.30528   6909.94536  -1301.36940   1.5000105  -1.4924434  -7.3118393 2026 01 14 10 12 14.67
0    621.12459   6878.49285  -1447.29897   1.4817177  -1.6526598  -7.2805389 2026 01 14 10 12 34.67
0    650.56667   6843.84416  -1592.56938   1.4622911  -1.8120483  -7.2459281 2026 01 14 10 12 54.67
0    679.60899   6806.01660  -1737.11461   1.4417425  -1.9705332  -7.2080239 2026 01 14 10 13 14.67
0    708.22920   6765.02902  -1880.86898   1.4200841  -2.1280390  -7.1668451 2026 01 14 10 13 34.67
0    736.40526   6720.90173  -2023.76718   1.3973291  -2.2844908  -7.1224116 2026 01 14 10 13 54.67
0    764.11536   6673.65656  -2165.74433   1.3734911  -2.4398145  -7.0747451 2026 01 14 10 14 14.67
0    791.33799   6623.31682  -2306.73602   1.3485847  -2.5939365  -7.0238687 2026 01 14 10 14 34.67
0    818.05192   6569.90726  -2446.67827   1.3226250  -2.7467838  -6.9698069 2026 01 14 10 14 54.67
0    844.23626   6513.45410  -2585.50765   1.2956279  -2.8982842  -6.9125860 2026 01 14 10 15 14.67
0    869.87042   6453.98501  -2723.16124   1.2676100  -3.0483662  -6.8522333 2026 01 14 10 15 34.67
0    894.93415   6391.52905  -2859.57670   1.2385884  -3.1969590  -6.7887778 2026 01 14 10 15 54.67
0    919.40756   6326.11671  -2994.69226   1.2085810  -3.3439929  -6.7222499 2026 01 14 10 16 14.67
0    943.27111   6257.77986  -3128.44681   1.1776063  -3.4893986  -6.6526813 2026 01 14 10 16 34.67
0    966.50564   6186.55175  -3260.77985   1.1456834  -3.6331081  -6.5801053 2026 01 14 10 16 54.67
0    989.09240   6112.46697  -3391.63159   1.1128320  -3.7750541  -6.5045562 2026 01 14 10 17 14.67
0   1011.01302   6035.56147  -3520.94290   1.0790725  -3.9151702  -6.4260699 2026 01 14 10 17 34.67
0   1032.24953   5955.87249  -3648.65543   1.0444258  -4.0533911  -6.3446836 2026 01 14 10 17 54.67
0   1052.78441   5873.43859  -3774.71155   1.0089134  -4.1896524  -6.2604357 2026 01 14 10 18 14.67
0   1072.60057   5788.29958  -3899.05443   0.9725575  -4.3238908  -6.1733660 2026 01 14 10 18 34.67
0   1091.68137   5700.49656  -4021.62803   0.9353805  -4.4560440  -6.0835153 2026 01 14 10 18 54.67
0   1110.01060   5610.07184  -4142.37717   0.8974057  -4.5860509  -5.9909260 2026 01 14 10 19 14.67
0   1127.57255   5517.06895  -4261.24750   0.8586567  -4.7138515  -5.8956413 2026 01 14 10 19 34.67
0   1144.35198   5421.53260  -4378.18555   0.8191577  -4.8393868  -5.7977060 2026 01 14 10 19 54.67
0   1160.33413   5323.50868  -4493.13877   0.7789334  -4.9625990  -5.6971656 2026 01 14 10 20 14.67
0   1175.50475   5223.04422  -4606.05553   0.7380090  -5.0834317  -5.5940671 2026 01 14 10 20 34.67
0   1189.85009   5120.18737  -4716.88514   0.6964100  -5.2018295  -5.4884585 2026 01 14 10 20 54.67
0   1203.35692   5014.98735  -4825.57789   0.6541625  -5.3177384  -5.3803888 2026 01 14 10 21 14.67
0   1216.01253   4907.49449  -4932.08505   0.6112929  -5.4311054  -5.2699081 2026 01 14 10 21 34.67
0   1227.80476   4797.76014  -5036.35892   0.5678281  -5.5418791  -5.1570674 2026 01 14 10 21 54.67
0   1238.72196   4685.83666  -5138.35281   0.5237955  -5.6500092  -5.0419191 2026 01 14 10 22 14.67
0   1248.75306   4571.77743  -5238.02111   0.4792227  -5.7554468  -4.9245160 2026 01 14 10 22 34.67
0   1257.88753   4455.63676  -5335.31925   0.4341376  -5.8581444  -4.8049124 2026 01 14 10 22 54.67
0   1266.11541   4337.46992  -5430.20377   0.3885687  -5.9580557  -4.6831631 2026 01 14 10 23 14.67
0   1273.42731   4217.33308  -5522.63233   0.3425447  -6.0551359  -4.5593241 2026 01 14 10 23 34.67
0   1279.81442   4095.28331  -5612.56367   0.2960944  -6.1493416  -4.4334520 2026 01 14 10 23 54.67
0   1285.26851   3971.37852  -5699.95773   0.2492474  -6.2406308  -4.3056043 2026 01 14 10 24 14.67
0   1289.78192   3845.67744  -5784.77557   0.2020330  -6.3289628  -4.1758396 2026 01 14 10 24 34.67
0   1293.34763   3718.23961  -5866.97943   0.1544812  -6.4142986  -4.0442168 2026 01 14 10 24 54.67
0   1295.95917   3589.12533  -5946.53276   0.1066220  -6.4966004  -3.9107960 2026 01 14 10 25 14.67
0   1297.61071   3458.39565  -6023.40020   0.0584857  -6.5758320  -3.7756377 2026 01 14 10 25 34.67
0   1298.29700   3326.11233  -6097.54761   0.0101029  -6.6519587  -3.6388033 2026 01 14 10 25 54.67
0   1298.01342   3192.33779  -6168.94209  -0.0384959  -6.7249471  -3.5003548 2026 01 14 10 26 14.67
0   1296.75595   3057.13511  -6237.55198  -0.0872797  -6.7947656  -3.3603547 2026 01 14 10 26 34.67
0   1294.52122   2920.56802  -6303.34687  -0.1362175  -6.8613838  -3.2188665 2026 01 14 10 26 54.67
0   1291.30645   2782.70079  -6366.29765  -0.1852782  -6.9247730  -3.0759538 2026 01 14 10 27 14.67
0   1287.10950   2643.59828  -6426.37646  -0.2344305  -6.9849061  -2.9316811 2026 01 14 10 27 34.67
0   1281.92884   2503.32588  -6483.55675  -0.2836429  -7.0417573  -2.7861133 2026 01 14 10 27 54.67
0   1275.76358   2361.94946  -6537.81327  -0.3328842  -7.0953025  -2.6393158 2026 01 14 10 28 14.67
0   1268.61348   2219.53538  -6589.12210  -0.3821227  -7.1455192  -2.4913546 2026 01 14 10 28 34.67
0   1260.47889   2076.15041  -6637.46060  -0.4313268  -7.1923863  -2.3422959 2026 01 14 10 28 54.67
0   1251.36082   1931.86175  -6682.80751  -0.4804651  -7.2358844  -2.1922066 2026 01 14 10 29 14.67
0   1241.26091   1786.73696  -6725.14287  -0.5295058  -7.2759955  -2.0411537 2026 01 14 10 29 34.67
0   1230.18142   1640.84395  -6764.44809  -0.5784173  -7.3127033  -1.8892048 2026 01 14 10 29 54.67
0   1218.12524   1494.25092  -6800.70592  -0.6271682  -7.3459931  -1.7364278 2026 01 14 10 30 14.67
0   1205.09592   1347.02639  -6833.90049  -0.6757267  -7.3758517  -1.5828907 2026 01 14 10 30 34.67
0   1191.09761   1199.23908  -6864.01728  -0.7240615  -7.4022674  -1.4286620 2026 01 14 10 30 54.67
0   1176.13509   1050.95796  -6891.04313  -0.7721412  -7.4252302  -1.2738104 2026 01 14 10 31 14.67
0   1160.21380    902.25218  -6914.96628  -0.8199344  -7.4447317  -1.1184047 2026 01 14 10 31 34.67
0   1143.33976    753.19104  -6935.77633  -0.8674098  -7.4607650  -0.9625142 2026 01 14 10 31 54.67
0   1125.51964    603.84395  -6953.46429  -0.9145365  -7.4733248  -0.8062079 2026 01 14 10 32 14.67
0   1106.76073    454.28043  -6968.02253  -0.9612835  -7.4824074  -0.6495554 2026 01 14 10 32 34.67
0   1087.07093    304.57004  -6979.44481  -1.0076200  -7.4880106  -0.4926262 2026 01 14 10 32 54.67
0   1066.45876    154.78239  -6987.72631  -1.0535154  -7.4901340  -0.3354899 2026 01 14 10 33 14.67
0   1044.93335      4.98706  -6992.86357  -1.0989394  -7.4887784  -0.1782161 2026 01 14 10 33 34.67
0   1022.50441   -144.74640  -6994.85455  -1.1438617  -7.4839466  -0.0208746 2026 01 14 10 33 54.67
0    999.18230   -294.34848  -6993.69857  -1.1882523  -7.4756426   0.1364650 2026 01 14 10 34 14.67
0    974.97793   -443.74981  -6989.39639  -1.2320816  -7.4638723   0.2937330 2026 01 14 10 34 34.67
0    949.90283   -592.88113  -6981.95012  -1.2753202  -7.4486428   0.4508596 2026 01 14 10 34 54.67
0    923.96912   -741.67334  -6971.36329  -1.3179387  -7.4299631   0.6077755 2026 01 14 10 35 14.67
0    897.18947   -890.05752  -6957.64082  -1.3599085  -7.4078435   0.7644110 2026 01 14 10 35 34.67
0    869.57715  -1037.96501  -6940.78899  -1.4012008  -7.3822960   0.9206969 2026 01 14 10 35 54.67
0    841.14599  -1185.32738  -6920.81550  -1.4417875  -7.3533341   1.0765640 2026 01 14 10 36 14.67
0    811.91038  -1332.07648  -6897.72942  -1.4816407  -7.3209728   1.2319433 2026 01 14 10 36 34.67
0    781.88528  -1478.14449  -6871.54118  -1.5207328  -7.2852287   1.3867659 2026 01 14 10 36 54.67
0    751.08617  -1623.46392  -6842.26260  -1.5590367  -7.2461199   1.5409635 2026 01 14 10 37 14.67
0    719.52909  -1767.96768  -6809.90688  -1.5965257  -7.2036659   1.6944676 2026 01 14 10 37 34.67
0    687.23059  -1911.58908  -6774.48856  -1.6331734  -7.1578879   1.8472103 2026 01 14 10 37 54.67
0    654.20778  -2054.26184  -6736.02354  -1.6689538  -7.1088085   1.9991239 2026 01 14 10 38 14.67
0    620.47824  -2195.92019  -6694.52910  -1.7038415  -7.0564518   2.1501411 2026 01 14 10 38 34.67
0    586.06008  -2336.49883  -6650.02381  -1.7378115  -7.0008432   2.3001948 2026 01 14 10 38 54.67
0    550.97191  -2475.93299  -6602.52763  -1.7708391  -6.9420100   2.4492185 2026 01 14 10 39 14.67
0    515.23282  -2614.15845  -6552.06182  -1.8029003  -6.8799805   2.5971461 2026 01 14 10 39 34.67
0    478.86236  -2751.11159  -6498.64895  -1.8339715  -6.8147847   2.7439118 2026 01 14 10 39 54.67
0    441.88058  -2886.72940  -6442.31291  -1.8640297  -6.7464541   2.8894505 2026 01 14 10 40 14.67
0    404.30795  -3020.94950  -6383.07891  -1.8930522  -6.6750213   3.0336973 2026 01 14 10 40 34.67
0    366.16542  -3153.71018  -6320.97342  -1.9210172  -6.6005206   3.1765881 2026 01 14 10 40 54.67
0    327.47434  -3284.95045  -6256.02419  -1.9479030  -6.5229876   3.3180592 2026 01 14 10 41 14.67
0    288.25652  -3414.61003  -6188.26026  -1.9736890  -6.4424594   3.4580477 2026 01 14 10 41 34.67
0    248.53415  -3542.62938  -6117.71190  -1.9983548  -6.3589742   3.5964909 2026 01 14 10 41 54.67
0    208.32983  -3668.94977  -6044.41065  -2.0218806  -6.2725717   3.7333271 2026 01 14 10 42 14.67
0    167.66657  -3793.51327  -5968.38925  -2.0442475  -6.1832932   3.8684952 2026 01 14 10 42 34.67
0    126.56771  -3916.26276  -5889.68167  -2.0654369  -6.0911808   4.0019346 2026 01 14 10 42 54.67
0     85.05700  -4037.14201  -5808.32309  -2.0854310  -5.9962783   4.1335856 2026 01 14 10 43 14.67
0     43.15850  -4156.09566  -5724.34987  -2.1042126  -5.8986306   4.2633892 2026 01 14 10 43 34.67
0      0.89664  -4273.06927  -5637.79955  -2.1217652  -5.7982840   4.3912871 2026 01 14 10 43 54.67
0    -41.70384  -4388.00934  -5548.71081  -2.1380730  -5.6952860   4.5172218 2026 01 14 10 44 14.67
0    -84.61790  -4500.86332  -5457.12348  -2.1531208  -5.5896852   4.6411368 2026 01 14 10 44 34.67
0   -127.82019  -4611.57966  -5363.07852  -2.1668941  -5.4815316   4.7629761 2026 01 14 10 44 54.67
0   -171.28508  -4720.10781  -5266.61801  -2.1793791  -5.3708764   4.8826849 2026 01 14 10 45 14.67
0   -214.98667  -4826.39825  -5167.78508  -2.1905628  -5.2577718   5.0002090 2026 01 14 10 45 34.67
0   -258.89881  -4930.40254  -5066.62397  -2.2004329  -5.1422712   5.1154954 2026 01 14 10 45 54.67
0   -302.99511  -5032.07330  -4963.17996  -2.2089777  -5.0244293   5.2284919 2026 01 14 10 46 14.67
0   -347.24897  -5131.36426  -4857.49936  -2.2161864  -4.9043016   5.3391472 2026 01 14 10 46 34.67
0   -391.63354  -5228.23027  -4749.62950  -2.2220490  -4.7819450   5.4474112 2026 01 14 10 46 54.67
0   -436.12182  -5322.62732  -4639.61869  -2.2265560  -4.6574172   5.5532346 2026 01 14 10 47 14.67
0   -480.68661  -5414.51259  -4527.51624  -2.2296988  -4.5307771   5.6565692 2026 01 14 10 47 34.67
0   -525.30055  -5503.84442  -4413.37240  -2.2314699  -4.4020844   5.7573679 2026 01 14 10 47 54.67
0   -569.93612  -5590.58238  -4297.23834  -2.2318620  -4.2714001   5.8555848 2026 01 14 10 48 14.67
0   -614.56569  -5674.68724  -4179.16615  -2.2308690  -4.1387859   5.9511749 2026 01 14 10 48 34.67
0   -659.16150  -5756.12104  -4059.20881  -2.2284856  -4.0043045   6.0440945 2026 01 14 10 48 54.67
0   -703.69569  -5834.84706  -3937.42016  -2.2247070  -3.8680195   6.1343009 2026 01 14 10 49 14.67
0   -748.14033  -5910.82988  -3813.85487  -2.2195296  -3.7299953   6.2217526 2026 01 14 10 49 34.67
0   -792.46740  -5984.03537  -3688.56845  -2.2129502  -3.5902972   6.3064095 2026 01 14 10 49 54.67
0   -836.64885  -6054.43071  -3561.61718  -2.2049669  -3.4489914   6.3882326 2026 01 14 10 50 14.67
0   -880.65657  -6121.98442  -3433.05812  -2.1955783  -3.3061448   6.4671840 2026 01 14 10 50 34.67
0   -924.46246  -6186.66635  -3302.94907  -2.1847838  -3.1618249   6.5432273 2026 01 14 10 50 54.67
0   -968.03841  -6248.44773  -3171.34855  -2.1725839  -3.0161001   6.6163272 2026 01 14 10 51 14.67
0  -1011.35631  -6307.30114  -3038.31576  -2.1589796  -2.8690395   6.6864498 2026 01 14 10 51 34.67
0  -1054.38809  -6363.20057  -2903.91058  -2.1439731  -2.7207128   6.7535624 2026 01 14 10 51 54.67
0  -1097.10575  -6416.12139  -2768.19353  -2.1275671  -2.5711903   6.8176339 2026 01 14 10 52 14.67
0  -1139.48133  -6466.04041  -2631.22572  -2.1097655  -2.4205427   6.8786343 2026 01 14 10 52 34.67
0  -1181.48695  -6512.93583  -2493.06886  -2.0905727  -2.2688417   6.9365350 2026 01 14 10 52 54.67
0  -1223.09485  -6556.78730  -2353.78523  -2.0699940  -2.1161592   6.9913088 2026 01 14 10 53 14.67
0  -1264.27737  -6597.57592  -2213.43762  -2.0480359  -1.9625676   7.0429302 2026 01 14 10 53 34.67
0  -1305.00700  -6635.28424  -2072.08932  -2.0247053  -1.8081397   7.0913746 2026 01 14 10 53 54.67
0  -1345.25635  -6669.89626  -1929.80410  -2.0000102  -1.6529490   7.1366192 2026 01 14 10 54 14.67
0  -1384.99824  -6701.39746  -1786.64618  -1.9739593  -1.4970690   7.1786426 2026 01 14 10 54 34.67
0  -1424.20563  -6729.77480  -1642.68017  -1.9465622  -1.3405739   7.2174248 2026 01 14 10 54 54.67
0  -1462.85171  -6755.01672  -1497.97110  -1.9178294  -1.1835378   7.2529472 2026 01 14 10 55 14.67
0  -1500.90987  -6777.11314  -1352.58432  -1.8877721  -1.0260354   7.2851928 2026 01 14 10 55 34.67
0  -1538.35374  -6796.05549  -1206.58554  -1.8564025  -0.8681414   7.3141460 2026 01 14 10 55 54.67
0  -1575.15721  -6811.83668  -1060.04074  -1.8237334  -0.7099310   7.3397929 2026 01 14 10 56 14.67
0  -1611.29443  -6824.45114   -913.01617  -1.7897786  -0.5514792   7.3621209 2026 01 14 10 56 34.67
0  -1646.73981  -6833.89478   -765.57832  -1.7545527  -0.3928612   7.3811190 2026 01 14 10 56 54.67
0  -1681.46810  -6840.16505   -617.79389  -1.7180709  -0.2341524   7.3967777 2026 01 14 10 57 14.67
0  -1715.45433  -6843.26088   -469.72975  -1.6803495  -0.0754282   7.4090891 2026 01 14 10 57 34.67
0  -1748.67389  -6843.18270   -321.45291  -1.6414054   0.0832360   7.4180468 2026 01 14 10 57 54.67
0  -1781.10249  -6839.93248   -173.03048  -1.6012563   0.2417650   7.4236459 2026 01 14 10 58 14.67
0  -1812.71621  -6833.51367    -24.52969  -1.5599208   0.4000835   7.4258832 2026 01 14 10 58 34.67
0  -1843.49153  -6823.93124    123.98222  -1.5174181   0.5581163   7.4247568 2026 01 14 10 58 54.67
0  -1873.40530  -6811.19164    272.43796  -1.4737683   0.7157886   7.4202666 2026 01 14 10 59 14.67
0  -1902.43477  -6795.30283    420.77028  -1.4289922   0.8730255   7.4124139 2026 01 14 10 59 34.67
0  -1930.55765  -6776.27426    568.91195  -1.3831112   1.0297524   7.4012017 2026 01 14 10 59 54.67
0  -1957.75205  -6754.11689    716.79583  -1.3361477   1.1858952   7.3866345 2026 01 14 11 00 14.67
0  -1983.99654  -6728.84312    864.35486  -1.2881246   1.3413798   7.3687182 2026 01 14 11 00 34.67
0  -2009.27018  -6700.46687   1011.52215  -1.2390655   1.4961327   7.3474604 2026 01 14 11 00 54.67
0  -2033.55249  -6669.00349   1158.23095  -1.1889949   1.6500806   7.3228703 2026 01 14 11 01 14.67
0  -2056.82349  -6634.46981   1304.41473  -1.1379378   1.8031507   7.2949585 2026 01 14 11 01 34.67
0  -2079.06369  -6596.88412   1450.00716  -1.0859198   1.9552706   7.2637373 2026 01 14 11 01 54.67
0  -2100.25415  -6556.26613   1594.94219  -1.0329674   2.1063686   7.2292205 2026 01 14 11 02 14.67
0  -2120.37645  -6512.63699   1739.15407  -0.9791076   2.2563734   7.1914232 2026 01 14 11 02 34.67
0  -2139.41271  -6466.01928   1882.57735  -0.9243680   2.4052141   7.1503623 2026 01 14 11 02 54.67
0  -2157.34562  -6416.43699   2025.14693  -0.8687767   2.5528207   7.1060562 2026 01 14 11 03 14.67
0  -2174.15844  -6363.91548   2166.79811  -0.8123628   2.6991236   7.0585246 2026 01 14 11 03 34.67
0  -2189.83499  -6308.48152   2307.46659  -0.7551554   2.8440542   7.0077888 2026 01 14 11 03 54.67
0  -2204.35972  -6250.16324   2447.08852  -0.6971847   2.9875442   6.9538717 2026 01 14 11 04 14.67
0  -2217.71765  -6188.99012   2585.60049  -0.6384811   3.1295263   6.8967976 2026 01 14 11 04 34.67
0  -2229.89444  -6124.99300   2722.93964  -0.5790757   3.2699339   6.8365921 2026 01 14 11 04 54.67
0  -2240.87638  -6058.20400   2859.04359  -0.5190000   3.4087014   6.7732824 2026 01 14 11 05 14.67
0  -2250.65036  -5988.65660   2993.85056  -0.4582860   3.5457637   6.7068971 2026 01 14 11 05 34.67
0  -2259.20395  -5916.38552   3127.29932  -0.3969663   3.6810570   6.6374664 2026 01 14 11 05 54.67
0  -2266.52537  -5841.42679   3259.32927  -0.3350739   3.8145179   6.5650215 2026 01 14 11 06 14.67
0  -2272.60350  -5763.81768   3389.88047  -0.2726422   3.9460844   6.4895953 2026 01 14 11 06 34.67
0  -2277.42787  -5683.59669   3518.89362  -0.2097050   4.0756953   6.4112220 2026 01 14 11 06 54.67
0  -2280.98874  -5600.80352   3646.31013  -0.1462966   4.2032903   6.3299371 2026 01 14 11 07 14.67
0  -2283.27701  -5515.47910   3772.07214  -0.0824516   4.3288102   6.2457775 2026 01 14 11 07 34.67
0  -2284.28431  -5427.66551   3896.12253  -0.0182050   4.4521970   6.1587815 2026 01 14 11 07 54.67
0  -2284.00295  -5337.40598   4018.40496   0.0464078   4.5733937   6.0689884 2026 01 14 11 08 14.67
0  -2282.42597  -5244.74488   4138.86391   0.1113513   4.6923442   5.9764390 2026 01 14 11 08 34.67
0  -2279.54711  -5149.72768   4257.44465   0.1765894   4.8089938   5.8811753 2026 01 14 11 08 54.67
0  -2275.36084  -5052.40093   4374.09334   0.2420859   4.9232888   5.7832407 2026 01 14 11 09 14.67
0  -2269.86237  -4952.81226   4488.75699   0.3078042   5.0351769   5.6826795 2026 01 14 11 09 34.67
0  -2263.04761  -4851.01031   4601.38353   0.3737076   5.1446069   5.5795374 2026 01 14 11 09 54.67
0  -2254.91324  -4747.04475   4711.92182   0.4397590   5.2515286   5.4738613 2026 01 14 11 10 14.67
0  -2245.45667  -4640.96624   4820.32163   0.5059214   5.3558935   5.3656990 2026 01 14 11 10 34.67
0  -2234.67605  -4532.82638   4926.53374   0.5721573   5.4576540   5.2550998 2026 01 14 11 10 54.67
0  -2222.57029  -4422.67774   5030.50992   0.6384292   5.5567641   5.1421137 2026 01 14 11 11 14.67
0  -2209.13904  -4310.57377   5132.20292   0.7046993   5.6531788   5.0267921 2026 01 14 11 11 34.67
0  -2194.38272  -4196.56881   5231.56657   0.7709299   5.7468547   4.9091872 2026 01 14 11 11 54.67
0  -2178.30250  -4080.71806   5328.55573   0.8370831   5.8377497   4.7893524 2026 01 14 11 12 14.67
0  -2160.90030  -3963.07756   5423.12634   0.9031208   5.9258230   4.6673420 2026 01 14 11 12 34.67
0  -2142.17881  -3843.70413   5515.23544   0.9690051   6.0110353   4.5432114 2026 01 14 11 12 54.67
0  -2122.14149  -3722.65538   5604.84119   1.0346978   6.0933486   4.4170167 2026 01 14 11 13 14.67
0  -2100.79255  -3599.98966   5691.90288   1.1001608   6.1727263   4.2888152 2026 01 14 11 13 34.67
0  -2078.13695  -3475.76602   5776.38094   1.1653560   6.2491335   4.1586649 2026 01 14 11 13 54.67
0  -2054.18045  -3350.04423   5858.23699   1.2302455   6.3225364   4.0266248 2026 01 14 11 14 14.67
0  -2028.92952  -3222.88468   5937.43384   1.2947910   6.3929029   3.8927546 2026 01 14 11 14 34.67
0  -2002.39144  -3094.34843   6013.93547   1.3589547   6.4602024   3.7571149 2026 01 14 11 14 54.67
0  -1974.57422  -2964.49709   6087.70713   1.4226987   6.5244056   3.6197671 2026 01 14 11 15 14.67
0  -1945.48662  -2833.39289   6158.71525   1.4859852   6.5854849   3.4807732 2026 01 14 11 15 34.67
0  -1915.13819  -2701.09855   6226.92756   1.5487766   6.6434140   3.3401962 2026 01 14 11 15 54.67
0  -1883.53918  -2567.67734   6292.31302   1.6110354   6.6981684   3.1980997 2026 01 14 11 16 14.67
0  -1850.70064  -2433.19299   6354.84188   1.6727242   6.7497249   3.0545477 2026 01 14 11 16 34.67
0  -1816.63432  -2297.70967   6414.48568   1.7338060   6.7980619   2.9096053 2026 01 14 11 16 54.67
0  -1781.35275  -2161.29197   6471.21727   1.7942438   6.8431594   2.7633378 2026 01 14 11 17 14.67
0  -1744.86916  -2024.00487   6525.01081   1.8540010   6.8849989   2.6158114 2026 01 14 11 17 34.67
0  -1707.19753  -1885.91370   6575.84177   1.9130410   6.9235636   2.4670926 2026 01 14 11 17 54.67
0  -1668.35258  -1747.08412   6623.68700   1.9713278   6.9588380   2.3172487 2026 01 14 11 18 14.67
0  -1628.34972  -1607.58208   6668.52465   2.0288255   6.9908084   2.1663472 2026 01 14 11 18 34.67
0  -1587.20510  -1467.47377   6710.33427   2.0854985   7.0194626   2.0144564 2026 01 14 11 18 54.67
0  -1544.93555  -1326.82563   6749.09674   2.1413116   7.0447899   1.8616447 2026 01 14 11 19 14.67
0  -1501.55863  -1185.70430   6784.79434   2.1962299   7.0667813   1.7079811 2026 01 14 11 19 34.67
0  -1457.09257  -1044.17656   6817.41074   2.2502189   7.0854294   1.5535350 2026 01 14 11 19 54.67
0  -1411.55631   -902.30934   6846.93096   2.3032445   7.1007283   1.3983762 2026 01 14 11 20 14.67
0  -1364.96946   -760.16969   6873.34146   2.3552731   7.1126736   1.2425745 2026 01 14 11 20 34.67
0  -1317.35228   -617.82469   6896.63009   2.4062712   7.1212626   1.0862004 2026 01 14 11 20 54.67
0  -1268.72571   -475.34148   6916.78609   2.4562062   7.1264943   0.9293243 2026 01 14 11 21 14.67
0  -1219.11134   -332.78721   6933.80015   2.5050456   7.1283692   0.7720173 2026 01 14 11 21 34.67
0  -1168.53140   -190.22900   6947.66435   2.5527576   7.1268891   0.6143501 2026 01 14 11 21 54.67
0  -1117.00876    -47.73392   6958.37221   2.5993108   7.1220579   0.4563941 2026 01 14 11 22 14.67
0  -1064.56689     94.63107   6965.91865   2.6446744   7.1138806   0.2982206 2026 01 14 11 22 34.67
0  -1011.22990    236.79910   6970.30004   2.6888181   7.1023641   0.1399009 2026 01 14 11 22 54.67
0   -957.02248    378.70348   6971.51418   2.7317121   7.0875167  -0.0184932 2026 01 14 11 23 14.67
0   -901.96992    520.27768   6969.56029   2.7733272   7.0693483  -0.1768904 2026 01 14 11 23 34.67
0   -846.09808    661.45540   6964.43903   2.8136349   7.0478703  -0.3352190 2026 01 14 11 23 54.67
0   -789.43340    802.17057   6956.15249   2.8526073   7.0230960  -0.4934073 2026 01 14 11 24 14.67
0   -732.00284    942.35741   6944.70418   2.8902169   6.9950397  -0.6513839 2026 01 14 11 24 34.67
0   -673.83394   1081.95044   6930.09906   2.9264371   6.9637176  -0.8090772 2026 01 14 11 24 54.67
0   -614.95474   1220.88451   6912.34350   2.9612419   6.9291474  -0.9664159 2026 01 14 11 25 14.67
0   -555.39380   1359.09486   6891.44531   2.9946060   6.8913482  -1.1233286 2026 01 14 11 25 34.67
0   -495.18020   1496.51711   6867.41373   3.0265046   6.8503408  -1.2797444 2026 01 14 11 25 54.67
0   -434.34347   1633.08732   6840.25939   3.0569138   6.8061473  -1.4355923 2026 01 14 11 26 14.67
0   -372.91364   1768.74199   6809.99437   3.0858104   6.7587914  -1.5908016 2026 01 14 11 26 34.67
0   -310.92119   1903.41813   6776.63214   3.1131720   6.7082983  -1.7453019 2026 01 14 11 26 54.67
0   -248.39704   2037.05327   6740.18758   3.1389768   6.6546947  -1.8990230 2026 01 14 11 27 14.67
0   -185.37252   2169.58546   6700.67698   3.1632038   6.5980087  -2.0518952 2026 01 14 11 27 34.67
0   -121.87941   2300.95336   6658.11801   3.1858330   6.5382698  -2.2038488 2026 01 14 11 27 54.67
0    -57.94985   2431.09621   6612.52973   3.2068449   6.4755091  -2.3548148 2026 01 14 11 28 14.67
0      6.38363   2559.95391   6563.93257   3.2262211   6.4097590  -2.5047245 2026 01 14 11 28 34.67
0     71.08813   2687.46700   6512.34836   3.2439437   6.3410533  -2.6535096 2026 01 14 11 28 54.67
0    136.13042   2813.57671   6457.80026   3.2599959   6.2694273  -2.8011023 2026 01 14 11 29 14.67
0    201.47691   2938.22502   6400.31279   3.2743617   6.1949176  -2.9474352 2026 01 14 11 29 34.67
0    267.09374   3061.35461   6339.91182   3.2870259   6.1175621  -3.0924417 2026 01 14 11 29 54.67
0    332.94673   3182.90897   6276.62453   3.2979743   6.0374003  -3.2360553 2026 01 14 11 30 14.67
0    399.00141   3302.83237   6210.47945   3.3071934   5.9544727  -3.3782106 2026 01 14 11 30 34.67
0    465.22309   3421.06991   6141.50638   3.3146708   5.8688212  -3.5188425 2026 01 14 11 30 54.67
0    531.57681   3537.56756   6069.73645   3.3203948   5.7804893  -3.6578865 2026 01 14 11 31 14.67
0    598.02739   3652.27213   5995.20203   3.3243549   5.6895213  -3.7952791 2026 01 14 11 31 34.67
0    664.53946   3765.13137   5917.93681   3.3265413   5.5959630  -3.9309572 2026 01 14 11 31 54.67
0    731.07746   3876.09394   5837.97568   3.3269452   5.4998615  -4.0648585 2026 01 14 11 32 14.67
0    797.60565   3985.10946   5755.35479   3.3255588   5.4012649  -4.1969217 2026 01 14 11 32 34.67
0    864.08815   4092.12850   5670.11153   3.3223752   5.3002227  -4.3270860 2026 01 14 11 32 54.67
0    930.48897   4197.10268   5582.28446   3.3173885   5.1967855  -4.4552915 2026 01 14 11 33 14.67
0    996.77199   4299.98458   5491.91335   3.3105938   5.0910048  -4.5814793 2026 01 14 11 33 34.67
0   1062.90101   4400.72789   5399.03914   3.3019870   4.9829336  -4.7055912 2026 01 14 11 33 54.67
0   1128.83975   4499.28732   5303.70392   3.2915654   4.8726258  -4.8275702 2026 01 14 11 34 14.67
0   1194.55190   4595.61868   5205.95090   3.2793268   4.7601362  -4.9473598 2026 01 14 11 34 34.67
0   1260.00110   4689.67890   5105.82444   3.2652704   4.6455210  -5.0649049 2026 01 14 11 34 54.67
0   1325.15100   4781.42604   5003.36997   3.2493961   4.5288372  -5.1801511 2026 01 14 11 35 14.67
0   1389.96525   4870.81930   4898.63399   3.2317050   4.4101427  -5.2930452 2026 01 14 11 35 34.67
0   1454.40753   4957.81906   4791.66407   3.2121991   4.2894966  -5.4035350 2026 01 14 11 35 54.67
0   1518.44158   5042.38687   4682.50882   3.1908816   4.1669587  -5.5115695 2026 01 14 11 36 14.67
0   1582.03119   5124.48551   4571.21783   3.1677565   4.0425898  -5.6170985 2026 01 14 11 36 34.67
0   1645.14028   5204.07897   4457.84172   3.1428290   3.9164516  -5.7200733 2026 01 14 11 36 54.67
0   1707.73284   5281.13250   4342.43204   3.1161051   3.7886066  -5.8204460 2026 01 14 11 37 14.67
0   1769.77302   5355.61258   4225.04130   3.0875920   3.6591181  -5.9181703 2026 01 14 11 37 34.67
0   1831.22511   5427.48698   4105.72292   3.0572978   3.5280502  -6.0132007 2026 01 14 11 37 54.67
0   1892.05359   5496.72477   3984.53123   3.0252319   3.3954677  -6.1054933 2026 01 14 11 38 14.67
0   1952.22312   5563.29630   3861.52141   2.9914043   3.2614361  -6.1950051 2026 01 14 11 38 34.67
0   2011.69857   5627.17325   3736.74949   2.9558264   3.1260216  -6.2816947 2026 01 14 11 38 54.67
0   2070.44506   5688.32863   3610.27234   2.9185103   2.9892911  -6.3655218 2026 01 14 11 39 14.67
0   2128.42796   5746.73680   3482.14757   2.8794693   2.8513121  -6.4464474 2026 01 14 11 39 34.67
0   2185.61291   5802.37346   3352.43361   2.8387177   2.7121526  -6.5244342 2026 01 14 11 39 54.67
0   2241.96584   5855.21568   3221.18960   2.7962708   2.5718811  -6.5994458 2026 01 14 11 40 14.67
0   2297.45301   5905.24192   3088.47539   2.7521448   2.4305667  -6.6714474 2026 01 14 11 40 34.67
0   2352.04101   5952.43202   2954.35151   2.7063569   2.2882790  -6.7404057 2026 01 14 11 40 54.67
0   2405.69679   5996.76719   2818.87916   2.6589254   2.1450879  -6.8062887 2026 01 14 11 41 14.67
0   2458.38765   6038.23009   2682.12015   2.6098696   2.0010638  -6.8690658 2026 01 14 11 41 34.67
0   2510.08132   6076.80475   2544.13688   2.5592096   1.8562774  -6.9287080 2026 01 14 11 41 54.67
0   2560.74592   6112.47664   2404.99235   2.5069665   1.7107997  -6.9851877 2026 01 14 11 42 14.67
0   2610.35000   6145.23265   2264.75006   2.4531624   1.5647020  -7.0384789 2026 01 14 11 42 34.67
0   2658.86258   6175.06109   2123.47403   2.3978205   1.4180559  -7.0885568 2026 01 14 11 42 54.67
0   2706.25313   6201.95171   1981.22876   2.3409646   1.2709332  -7.1353985 2026 01 14 11 43 14.67
0   2752.49162   6225.89569   1838.07920   2.2826196   1.1234057  -7.1789823 2026 01 14 11 43 34.67
0   2797.54854   6246.88567   1694.09070   2.2228114   0.9755455  -7.2192884 2026 01 14 11 43 54.67
0   2841.39487   6264.91570   1549.32901   2.1615665   0.8274247  -7.2562982 2026 01 14 11 44 14.67
0   2884.00216   6279.98130   1403.86023   2.0989127   0.6791155  -7.2899949 2026 01 14 11 44 34.67
0   2925.34252   6292.07942   1257.75077   2.0348783   0.5306901  -7.3203633 2026 01 14 11 44 54.67
0   2965.38861   6301.20846   1111.06734   1.9694926   0.3822207  -7.3473894 2026 01 14 11 45 14.67
0   3004.11373   6307.36826    963.87691   1.9027857   0.2337792  -7.3710614 2026 01 14 11 45 34.67
0   3041.49174   6310.56010    816.24668   1.8347886   0.0854378  -7.3913685 2026 01 14 11 45 54.67
0   3077.49717   6310.78671    668.24402   1.7655331  -0.0627318  -7.4083020 2026 01 14 11 46 14.67
0   3112.10516   6308.05222    519.93650   1.6950516  -0.2106579  -7.4218543 2026 01 14 11 46 34.67
0   3145.29153   6302.36223    371.39180   1.6233774  -0.3582691  -7.4320200 2026 01 14 11 46 54.67
0   3177.03278   6293.72376    222.67768   1.5505448  -0.5054943  -7.4387948 2026 01 14 11 47 14.67
0   3207.30606   6282.14522     73.86201   1.4765883  -0.6522625  -7.4421762 2026 01 14 11 47 34.67
0   3236.08927   6267.63647    -74.98735   1.4015436  -0.7985033  -7.4421634 2026 01 14 11 47 54.67
0   3263.36099   6250.20875   -223.80250   1.3254469  -0.9441465  -7.4387571 2026 01 14 11 48 14.67
0   3289.10056   6229.87472   -372.51561   1.2483350  -1.0891223  -7.4319596 2026 01 14 11 48 34.67
0   3313.28804   6206.64842   -521.05889   1.1702456  -1.2333616  -7.4217749 2026 01 14 11 48 54.67
0   3335.90427   6180.54527   -669.36464   1.0912167  -1.3767955  -7.4082086 2026 01 14 11 49 14.67
0   3356.93085   6151.58205   -817.36529   1.0112871  -1.5193558  -7.3912678 2026 01 14 11 49 34.67
0   3376.35015   6119.77693   -964.99346   0.9304963  -1.6609746  -7.3709612 2026 01 14 11 49 54.67
0   3394.14535   6085.14940  -1112.18191   0.8488843  -1.8015851  -7.3472992 2026 01 14 11 50 14.67
0   3410.30042   6047.72031  -1258.86366   0.7664914  -1.9411205  -7.3202937 2026 01 14 11 50 34.67
0   3424.80017   6007.51179  -1404.97196   0.6833588  -2.0795152  -7.2899582 2026 01 14 11 50 54.67
0   3437.63021   5964.54734  -1550.44038   0.5995280  -2.2167040  -7.2563076 2026 01 14 11 51 14.67
0   3448.77699   5918.85170  -1695.20276   0.5150409  -2.3526225  -7.2193587 2026 01 14 11 51 34.67
0   3458.22782   5870.45093  -1839.19333   0.4299402  -2.4872071  -7.1791296 2026 01 14 11 51 54.67
0   3465.97085   5819.37233  -1982.34667   0.3442686  -2.6203949  -7.1356398 2026 01 14 11 52 14.67
0   3471.99510   5765.64446  -2124.59778   0.2580695  -2.7521240  -7.0889107 2026 01 14 11 52 34.67
0   3476.29045   5709.29710  -2265.88209   0.1713866  -2.8823333  -7.0389648 2026 01 14 11 52 54.67
0   3478.84767   5650.36127  -2406.13551   0.0842640  -3.0109624  -6.9858264 2026 01 14 11 53 14.67
0   3479.65841   5588.86915  -2545.29445  -0.0032540  -3.1379520  -6.9295211 2026 01 14 11 53 34.67
0   3478.71520   5524.85412  -2683.29583  -0.0911226  -3.2632438  -6.8700759 2026 01 14 11 53 54.67
0   3476.01149   5458.35072  -2820.07715  -0.1792968  -3.3867803  -6.8075194 2026 01 14 11 54 14.67
0   3471.54162   5389.39461  -2955.57647  -0.2677314  -3.5085050  -6.7418817 2026 01 14 11 54 34.67
0   3465.30082   5318.02260  -3089.73247  -0.3563808  -3.6283627  -6.6731939 2026 01 14 11 54 54.67
0   3457.28527   5244.27255  -3222.48450  -0.4451994  -3.7462990  -6.6014889 2026 01 14 11 55 14.67
0   3447.49203   5168.18345  -3353.77253  -0.5341412  -3.8622605  -6.5268008 2026 01 14 11 55 34.67
0   3435.91910   5089.79530  -3483.53726  -0.6231603  -3.9761953  -6.4491650 2026 01 14 11 55 54.67
0   3422.56541   5009.14915  -3611.72010  -0.7122102  -4.0880521  -6.3686183 2026 01 14 11 56 14.67
0   3407.43080   4926.28707  -3738.26322  -0.8012449  -4.1977811  -6.2851988 2026 01 14 11 56 34.67
0   3390.51602   4841.25209  -3863.10955  -0.8902178  -4.3053337  -6.1989458 2026 01 14 11 56 54.67
0   3371.82280   4754.08823  -3986.20281  -0.9790824  -4.4106622  -6.1098999 2026 01 14 11 57 14.67
0   3351.35375   4664.84042  -4107.48759  -1.0677923  -4.5137204  -6.0181029 2026 01 14 11 57 34.67
0   3329.11243   4573.55454  -4226.90927  -1.1563010  -4.6144631  -5.9235980 2026 01 14 11 57 54.67
0   3305.10335   4480.27732  -4344.41415  -1.2445619  -4.7128465  -5.8264294 2026 01 14 11 58 14.67
0   3279.33190   4385.05639  -4459.94939  -1.3325285  -4.8088280  -5.7266424 2026 01 14 11 58 34.67
0   3251.80446   4287.94020  -4573.46310  -1.4201544  -4.9023662  -5.6242836 2026 01 14 11 58 54.67
0   3222.52829   4188.97800  -4684.90432  -1.5073932  -4.9934213  -5.5194006 2026 01 14 11 59 14.67
0   3191.51159   4088.21986  -4794.22305  -1.5941988  -5.0819544  -5.4120422 2026 01 14 11 59 34.67
0   3158.76350   3985.71660  -4901.37027  -1.6805251  -5.1679281  -5.3022582 2026 01 14 11 59 54.67
0   3124.29405   3881.51975  -5006.29798  -1.7663260  -5.2513065  -5.1900994 2026 01 14 12 00 14.67
0   3088.11422   3775.68157  -5108.95920  -1.8515558  -5.3320547  -5.0756176 2026 01 14 12 00 34.67
0   3050.23588   3668.25501  -5209.30800  -1.9361689  -5.4101395  -4.9588656 2026 01 14 12 00 54.67
0   3010.67182   3559.29366  -5307.29952  -2.0201201  -5.4855289  -4.8398973 2026 01 14 12 01 14.67
0   2969.43574   3448.85172  -5402.88996  -2.1033641  -5.5581922  -4.7187674 2026 01 14 12 01 34.67
0   2926.54221   3336.98402  -5496.03665  -2.1858562  -5.6281003  -4.5955313 2026 01 14 12 01 54.67
0   2882.00672   3223.74594  -5586.69804  -2.2675518  -5.6952254  -4.4702457 2026 01 14 12 02 14.67
0   2835.84566   3109.19340  -5674.83369  -2.3484067  -5.7595409  -4.3429677 2026 01 14 12 02 34.67
0   2788.07626   2993.38285  -5760.40435  -2.4283769  -5.8210220  -4.2137556 2026 01 14 12 02 54.67
0   2738.71666   2876.37122  -5843.37192  -2.5074191  -5.8796450  -4.0826683 2026 01 14 12 03 14.67
0   2687.78586   2758.21588  -5923.69949  -2.5854900  -5.9353878  -3.9497655 2026 01 14 12 03 34.67
0   2635.30370   2638.97466  -6001.35135  -2.6625469  -5.9882296  -3.8151075 2026 01 14 12 03 54.67
0   2581.29089   2518.70577  -6076.29301  -2.7385474  -6.0381511  -3.6787555 2026 01 14 12 04 14.67
0   2525.76897   2397.46779  -6148.49121  -2.8134497  -6.0851345  -3.5407713 2026 01 14 12 04 34.67
0   2468.76033   2275.31966  -6217.91391  -2.8872123  -6.1291632  -3.4012174 2026 01 14 12 04 54.67
0   2410.28818   2152.32062  -6284.53037  -2.9597943  -6.1702224  -3.2601568 2026 01 14 12 05 14.67
0   2350.37651   2028.53020  -6348.31107  -3.0311553  -6.2082983  -3.1176531 2026 01 14 12 05 34.67
0   2289.05017   1904.00818  -6409.22781  -3.1012554  -6.2433789  -2.9737707 2026 01 14 12 05 54.67
0   2226.33475   1778.81459  -6467.25364  -3.1700551  -6.2754535  -2.8285743 2026 01 14 12 06 14.67
0   2162.25666   1653.00964  -6522.36294  -3.2375157  -6.3045128  -2.6821292 2026 01 14 12 06 34.67
0   2096.84306   1526.65371  -6574.53140  -3.3035989  -6.3305490  -2.5345011 2026 01 14 12 06 54.67
0   2030.12187   1399.80733  -6623.73600  -3.3682671  -6.3535557  -2.3857562 2026 01 14 12 07 14.67
0   1962.12177   1272.53115  -6669.95509  -3.4314833  -6.3735279  -2.2359612 2026 01 14 12 07 34.67
0   1892.87217   1144.88589  -6713.16833  -3.4932111  -6.3904622  -2.0851831 2026 01 14 12 07 54.67
0   1822.40318   1016.93234  -6753.35673  -3.5534148  -6.4043564  -1.9334893 2026 01 14 12 08 14.67
0   1750.74564    888.73130  -6790.50264  -3.6120593  -6.4152098  -1.7809476 2026 01 14 12 08 34.67
0   1677.93109    760.34359  -6824.58980  -3.6691103  -6.4230232  -1.6276260 2026 01 14 12 08 54.67
0   1603.99173    631.82999  -6855.60328  -3.7245340  -6.4277987  -1.4735929 2026 01 14 12 09 14.67
0   1528.96043    503.25122  -6883.52954  -3.7782976  -6.4295399  -1.3189168 2026 01 14 12 09 34.67
0   1452.87073    374.66793  -6908.35642  -3.8303687  -6.4282516  -1.1636666 2026 01 14 12 09 54.67
0   1375.75678    246.14064  -6930.07310  -3.8807160  -6.4239403  -1.0079114 2026 01 14 12 10 14.67
0   1297.65338    117.72974  -6948.67019  -3.9293088  -6.4166137  -0.8517203 2026 01 14 12 10 34.67
0   1218.59591    -10.50455  -6964.13967  -3.9761172  -6.4062808  -0.6951628 2026 01 14 12 10 54.67
0   1138.62036   -138.50221  -6976.47489  -4.0211120  -6.3929522  -0.5383083 2026 01 14 12 11 14.67
0   1057.76327   -266.20344  -6985.67061  -4.0642650  -6.3766396  -0.3812264 2026 01 14 12 11 34.67
0    976.06177   -393.54869  -6991.72298  -4.1055487  -6.3573564  -0.2239867 2026 01 14 12 11 54.67
0    893.55351   -520.47868  -6994.62954  -4.1449365  -6.3351169  -0.0666590 2026 01 14 12 12 14.67
0    810.27667   -646.93446  -6994.38923  -4.1824027  -6.3099372   0.0906870 2026 01 14 12 12 34.67
0    726.26992   -772.85738  -6991.00238  -4.2179222  -6.2818343   0.2479818 2026 01 14 12 12 54.67
0    641.57245   -898.18915  -6984.47071  -4.2514713  -6.2508267   0.4051555 2026 01 14 12 13 14.67
0    556.22390  -1022.87190  -6974.79733  -4.2830267  -6.2169344   0.5621386 2026 01 14 12 13 34.67
0    470.26436  -1146.84811  -6961.98675  -4.3125662  -6.1801784   0.7188617 2026 01 14 12 13 54.67
0    383.73436  -1270.06075  -6946.04487  -4.3400687  -6.1405811   0.8752554 2026 01 14 12 14 14.67
0    296.67486  -1392.45322  -6926.97897  -4.3655137  -6.0981661   1.0312503 2026 01 14 12 14 34.67
0    209.12720  -1513.96941  -6904.79772  -4.3888819  -6.0529584   1.1867776 2026 01 14 12 14 54.67
0    121.13310  -1634.55373  -6879.51115  -4.4101549  -6.0049840   1.3417683 2026 01 14 12 15 14.67
0     32.73465  -1754.15111  -6851.13069  -4.4293152  -5.9542705   1.4961538 2026 01 14 12 15 34.67
0    -56.02575  -1872.70706  -6819.66912  -4.4463464  -5.9008464   1.6498658 2026 01 14 12 15 54.67
0   -145.10534  -1990.16766  -6785.14059  -4.4612331  -5.8447416   1.8028362 2026 01 14 12 16 14.67
0   -234.46109  -2106.47959  -6747.56063  -4.4739606  -5.7859869   1.9549971 2026 01 14 12 16 34.67
0   -324.04969  -2221.59019  -6706.94608  -4.4845157  -5.7246146   2.1062813 2026 01 14 12 16 54.67
0   -413.82755  -2335.44743  -6663.31517  -4.4928859  -5.6606581   2.2566214 2026 01 14 12 17 14.67
0   -503.75086  -2447.99998  -6616.68743  -4.4990598  -5.5941518   2.4059510 2026 01 14 12 17 34.67
0   -593.77558  -2559.19717  -6567.08375  -4.5030271  -5.5251313   2.5542037 2026 01 14 12 17 54.67
0   -683.85750  -2668.98911  -6514.52632  -4.5047784  -5.4536334   2.7013136 2026 01 14 12 18 14.67
0   -773.95221  -2777.32661  -6459.03865  -4.5043057  -5.3796958   2.8472155 2026 01 14 12 18 34.67
0   -864.01516  -2884.16128  -6400.64556  -4.5016016  -5.3033574   2.9918443 2026 01 14 12 18 54.67
0   -954.00164  -2989.44548  -6339.37315  -4.4966603  -5.2246583   3.1351358 2026 01 14 12 19 14.67
0  -1043.86687  -3093.13242  -6275.24881  -4.4894765  -5.1436394   3.2770262 2026 01 14 12 19 34.67
0  -1133.56596  -3195.17611  -6208.30120  -4.4800466  -5.0603427   3.4174522 2026 01 14 12 19 54.67
0  -1223.05395  -3295.53144  -6138.56023  -4.4683676  -4.9748113   3.5563511 2026 01 14 12 20 14.67
0  -1312.28584  -3394.15414  -6066.05706  -4.4544378  -4.8870892   3.6936611 2026 01 14 12 20 34.67
0  -1401.21662  -3491.00085  -5990.82409  -4.4382568  -4.7972214   3.8293206 2026 01 14 12 20 54.67
0  -1489.80125  -3586.02911  -5912.89495  -4.4198249  -4.7052538   3.9632691 2026 01 14 12 21 14.67
0  -1577.99473  -3679.19739  -5832.30444  -4.3991439  -4.6112333   4.0954466 2026 01 14 12 21 34.67
0  -1665.75211  -3770.46512  -5749.08859  -4.3762166  -4.5152076   4.2257938 2026 01 14 12 21 54.67
0  -1753.02851  -3859.79268  -5663.28460  -4.3510467  -4.4172255   4.3542522 2026 01 14 12 22 14.67
0  -1839.77910  -3947.14142  -5574.93081  -4.3236395  -4.3173364   4.4807642 2026 01 14 12 22 34.67
0  -1925.95922  -4032.47372  -5484.06672  -4.2940009  -4.2155907   4.6052728 2026 01 14 12 22 54.67
0  -2011.52430  -4115.75295  -5390.73297  -4.2621383  -4.1120397   4.7277220 2026 01 14 12 23 14.67
0  -2096.42994  -4196.94353  -5294.97130  -4.2280602  -4.0067352   4.8480566 2026 01 14 12 23 34.67
0  -2180.63194  -4276.01091  -5196.82455  -4.1917761  -3.8997300   4.9662223 2026 01 14 12 23 54.67
0  -2264.08627  -4352.92162  -5096.33663  -4.1532967  -3.7910777   5.0821656 2026 01 14 12 24 14.67
0  -2346.74915  -4427.64324  -4993.55251  -4.1126338  -3.6808324   5.1958341 2026 01 14 12 24 34.67
0  -2428.57703  -4500.14449  -4888.51822  -4.0698005  -3.5690492   5.3071764 2026 01 14 12 24 54.67
0  -2509.52665  -4570.39514  -4781.28078  -4.0248109  -3.4557835   5.4161418 2026 01 14 12 25 14.67
0  -2589.55503  -4638.36611  -4671.88822  -3.9776801  -3.3410917   5.5226810 2026 01 14 12 25 34.67
0  -2668.61951  -4704.02946  -4560.38957  -3.9284246  -3.2250307   5.6267453 2026 01 14 12 25 54.67
0  -2746.67777  -4767.35836  -4446.83478  -3.8770619  -3.1076578   5.7282874 2026 01 14 12 26 14.67
0  -2823.68785  -4828.32717  -4331.27479  -3.8236106  -2.9890313   5.8272609 2026 01 14 12 26 34.67
0  -2899.60818  -4886.91140  -4213.76140  -3.7680905  -2.8692095   5.9236207 2026 01 14 12 26 54.67
0  -2974.39758  -4943.08773  -4094.34733  -3.7105224  -2.7482518   6.0173225 2026 01 14 12 27 14.67
0  -3048.01532  -4996.83404  -3973.08619  -3.6509283  -2.6262176   6.1083235 2026 01 14 12 27 34.67
0  -3120.42111  -5048.12940  -3850.03240  -3.5893313  -2.5031670   6.1965819 2026 01 14 12 27 54.67
0  -3191.57513  -5096.95409  -3725.24122  -3.5257555  -2.3791605   6.2820570 2026 01 14 12 28 14.67
0  -3261.43805  -5143.28960  -3598.76872  -3.4602262  -2.2542590   6.3647096 2026 01 14 12 28 34.67
0  -3329.97106  -5187.11864  -3470.67173  -3.3927698  -2.1285238   6.4445013 2026 01 14 12 28 54.67
0  -3397.13590  -5228.42516  -3341.00784  -3.3234135  -2.0020164   6.5213955 2026 01 14 12 29 14.67
0  -3462.89486  -5267.19433  -3209.83536  -3.2521860  -1.8747988   6.5953564 2026 01 14 12 29 34.67
0  -3527.21080  -5303.41256  -3077.21329  -3.1791167  -1.7469332   6.6663498 2026 01 14 12 29 54.67
0  -3590.04719  -5337.06753  -2943.20132  -3.1042361  -1.6184820   6.7343426 2026 01 14 12 30 14.67
0  -3651.36812  -5368.14815  -2807.85978  -3.0275759  -1.4895079   6.7993032 2026 01 14 12 30 34.67
0  -3711.13833  -5396.64459  -2671.24962  -2.9491686  -1.3600737   6.8612013 2026 01 14 12 30 54.67
0  -3769.32320  -5422.54828  -2533.43237  -2.8690478  -1.2302426   6.9200079 2026 01 14 12 31 14.67
0  -3825.88882  -5445.85192  -2394.47015  -2.7872482  -1.1000775   6.9756954 2026 01 14 12 31 34.67
0  -3880.80195  -5466.54944  -2254.42561  -2.7038052  -0.9696419   7.0282378 2026 01 14 12 31 54.67
0  -3934.03010  -5484.63609  -2113.36188  -2.6187553  -0.8389990   7.0776102 2026 01 14 12 32 14.67
0  -3985.54151  -5500.10834  -1971.34262  -2.5321361  -0.7082121   7.1237893 2026 01 14 12 32 34.67
0  -4035.30516  -5512.96395  -1828.43189  -2.4439859  -0.5773445   7.1667533 2026 01 14 12 32 54.67
0  -4083.29084  -5523.20195  -1684.69422  -2.3543439  -0.4464597   7.2064816 2026 01 14 12 33 14.67
0  -4129.46910  -5530.82261  -1540.19450  -2.2632505  -0.3156208   7.2429555 2026 01 14 12 33 34.67
0  -4173.81132  -5535.82749  -1394.99800  -2.1707465  -0.1848910   7.2761574 2026 01 14 12 33 54.67
0  -4216.28972  -5538.21940  -1249.17033  -2.0768739  -0.0543333   7.3060713 2026 01 14 12 34 14.67
0  -4256.87735  -5538.00241  -1102.77738  -1.9816754   0.0759895   7.3326827 2026 01 14 12 34 34.67
0  -4295.54811  -5535.18185   -955.88534  -1.8851946   0.2060146   7.3559787 2026 01 14 12 34 54.67
0  -4332.27682  -5529.76429   -808.56063  -1.7874758   0.3356797   7.3759478 2026 01 14 12 35 14.67
0  -4367.03916  -5521.75756   -660.86989  -1.6885641   0.4649225   7.3925802 2026 01 14 12 35 34.67
0  -4399.81173  -5511.17072   -512.87995  -1.5885054   0.5936812   7.4058673 2026 01 14 12 35 54.67
0  -4430.57205  -5498.01407   -364.65777  -1.4873463   0.7218941   7.4158025 2026 01 14 12 36 14.67
0  -4459.29859  -5482.29914   -216.27045  -1.3851340   0.8495002   7.4223802 2026 01 14 12 36 34.67
0  -4485.97076  -5464.03867    -67.78518  -1.2819165   0.9764386   7.4255969 2026 01 14 12 36 54.67
0  -4510.56894  -5443.24662     80.73080  -1.1777425   1.1026488   7.4254503 2026 01 14 12 37 14.67
0  -4533.07450  -5419.93816    229.21021  -1.0726612   1.2280709   7.4219397 2026 01 14 12 37 34.67
0  -4553.46978  -5394.12963    377.58578  -0.9667224   1.3526455   7.4150660 2026 01 14 12 37 54.67
0  -4571.73814  -5365.83859    525.79027  -0.8599766   1.4763135   7.4048318 2026 01 14 12 38 14.67
0  -4587.86394  -5335.08375    673.75652  -0.7524748   1.5990166   7.3912410 2026 01 14 12 38 34.67
0  -4601.83259  -5301.88498    821.41743  -0.6442685   1.7206968   7.3742992 2026 01 14 12 38 54.67
0  -4613.63051  -5266.26332    968.70606  -0.5354098   1.8412970   7.3540136 2026 01 14 12 39 14.67
0  -4623.24518  -5228.24092   1115.55562  -0.4259512   1.9607604   7.3303927 2026 01 14 12 39 34.67
0  -4630.66511  -5187.84110   1261.89951  -0.3159456   2.0790313   7.3034469 2026 01 14 12 39 54.67
0  -4635.87992  -5145.08824   1407.67133  -0.2054463   2.1960542   7.2731879 2026 01 14 12 40 14.67
0  -4638.88026  -5100.00787   1552.80496  -0.0945073   2.3117746   7.2396289 2026 01 14 12 40 34.67
0  -4639.65788  -5052.62656   1697.23455   0.0168175   2.4261387   7.2027850 2026 01 14 12 40 54.67
0  -4638.20560  -5002.97197   1840.89455   0.1284734   2.5390934   7.1626723 2026 01 14 12 41 14.67
0  -4634.51736  -4951.07281   1983.71977   0.2404058   2.6505866   7.1193088 2026 01 14 12 41 34.67
0  -4628.58816  -4896.95884   2125.64538   0.3525595   2.7605668   7.0727139 2026 01 14 12 41 54.67
0  -4620.41414  -4840.66081   2266.60696   0.4648793   2.8689834   7.0229085 2026 01 14 12 42 14.67
0  -4609.99252  -4782.21049   2406.54052   0.5773095   2.9757867   6.9699148 2026 01 14 12 42 34.67
0  -4597.32167  -4721.64064   2545.38253   0.6897946   3.0809279   6.9137568 2026 01 14 12 42 54.67
0  -4582.40102  -4658.98499   2683.06996   0.8022785   3.1843592   6.8544598 2026 01 14 12 43 14.67
0  -4565.23118  -4594.27819   2819.54028   0.9147052   3.2860336   6.7920504 2026 01 14 12 43 34.67
0  -4545.81385  -4527.55585   2954.73154   1.0270187   3.3859052   6.7265570 2026 01 14 12 43 54.67
0  -4524.15184  -4458.85448   3088.58234   1.1391626   3.4839290   6.6580091 2026 01 14 12 44 14.67
0  -4500.24912  -4388.21147   3221.03190   1.2510808   3.5800610   6.5864378 2026 01 14 12 44 34.67
0  -4474.11076  -4315.66509   3352.02007   1.3627168   3.6742583   6.5118754 2026 01 14 12 44 54.67
0  -4445.74296  -4241.25446   3481.48737   1.4740146   3.7664790   6.4343557 2026 01 14 12 45 14.67
0  -4415.15306  -4165.01950   3609.37501   1.5849178   3.8566824   6.3539139 2026 01 14 12 45 34.67
0  -4382.34950  -4087.00098   3735.62489   1.6953704   3.9448287   6.2705865 2026 01 14 12 45 54.67
0  -4347.34187  -4007.24042   3860.17969   1.8053161   4.0308794   6.1844113 2026 01 14 12 46 14.67
0  -4310.14084  -3925.78010   3982.98283   1.9146992   4.1147969   6.0954274 2026 01 14 12 46 34.67
0  -4270.75824  -3842.66306   4103.97854   2.0234639   4.1965449   6.0036751 2026 01 14 12 46 54.67
0  -4229.20699  -3757.93304   4223.11188   2.1315545   4.2760883   5.9091962 2026 01 14 12 47 14.67
0  -4185.50113  -3671.63448   4340.32872   2.2389158   4.3533930   5.8120335 2026 01 14 12 47 34.67
0  -4139.65578  -3583.81247   4455.57584   2.3454926   4.4284262   5.7122311 2026 01 14 12 47 54.67
0  -4091.68720  -3494.51277   4568.80090   2.4512300   4.5011564   5.6098344 2026 01 14 12 48 14.67
0  -4041.61271  -3403.78175   4679.95246   2.5560736   4.5715530   5.5048898 2026 01 14 12 48 34.67
0  -3989.45074  -3311.66637   4788.98004   2.6599691   4.6395870   5.3974450 2026 01 14 12 48 54.67
0  -3935.22078  -3218.21415   4895.83413   2.7628626   4.7052304   5.2875488 2026 01 14 12 49 14.67
0  -3878.94340  -3123.47320   5000.46619   2.8647008   4.7684565   5.1752509 2026 01 14 12 49 34.67
0  -3820.64026  -3027.49210   5102.82870   2.9654305   4.8292399   5.0606024 2026 01 14 12 49 54.67
0  -3760.33404  -2930.31996   5202.87516   3.0649990   4.8875563   4.9436553 2026 01 14 12 50 14.67
0  -3698.04849  -2832.00634   5300.56013   3.1633544   4.9433830   4.8244626 2026 01 14 12 50 34.67
0  -3633.80839  -2732.60127   5395.83923   3.2604449   4.9966982   4.7030784 2026 01 14 12 50 54.67
0  -3567.63955  -2632.15517   5488.66919   3.3562193   5.0474818   4.5795577 2026 01 14 12 51 14.67
0  -3499.56880  -2530.71887   5579.00783   3.4506271   5.0957146   4.4539564 2026 01 14 12 51 34.67
0  -3429.62397  -2428.34357   5666.81410   3.5436183   5.1413789   4.3263316 2026 01 14 12 51 54.67
0  -3357.83390  -2325.08080   5752.04812   3.6351434   5.1844583   4.1967409 2026 01 14 12 52 14.67
0  -3284.22838  -2220.98242   5834.67114   3.7251536   5.2249378   4.0652431 2026 01 14 12 52 34.67
0  -3208.83821  -2116.10056   5914.64563   3.8136008   5.2628034   3.9318977 2026 01 14 12 52 54.67
0  -3131.69512  -2010.48763   5991.93524   3.9004374   5.2980428   3.7967651 2026 01 14 12 53 14.67
0  -3052.83178  -1904.19627   6066.50482   3.9856167   5.3306449   3.6599064 2026 01 14 12 53 34.67
0  -2972.28182  -1797.27932   6138.32047   4.0690926   5.3605996   3.5213835 2026 01 14 12 53 54.67
0  -2890.07975  -1689.78982   6207.34954   4.1508197   5.3878986   3.3812591 2026 01 14 12 54 14.67
0  -2806.26099  -1581.78096   6273.56063   4.2307535   5.4125347   3.2395965 2026 01 14 12 54 34.67
0  -2720.86186  -1473.30606   6336.92361   4.3088501   5.4345020   3.0964598 2026 01 14 12 54 54.67
0  -2633.91952  -1364.41855   6397.40965   4.3850667   5.4537959   2.9519136 2026 01 14 12 55 14.67
0  -2545.47199  -1255.17191   6454.99121   4.4593610   5.4704133   2.8060232 2026 01 14 12 55 34.67
0  -2455.55815  -1145.61972   6509.64207   4.5316918   5.4843522   2.6588547 2026 01 14 12 55 54.67
0  -2364.21767  -1035.81554   6561.33732   4.6020185   5.4956120   2.5104743 2026 01 14 12 56 14.67
0  -2271.49102   -925.81295   6610.05340   4.6703018   5.5041935   2.3609492 2026 01 14 12 56 34.67
0  -2177.41946   -815.66550   6655.76809   4.7365029   5.5100986   2.2103468 2026 01 14 12 56 54.67
0  -2082.04502   -705.42669   6698.46052   4.8005842   5.5133307   2.0587351 2026 01 14 12 57 14.67
0  -1985.41045   -595.14994   6738.11119   4.8625089   5.5138945   1.9061826 2026 01 14 12 57 34.67
0  -1887.55925   -484.88854   6774.70198   4.9222413   5.5117959   1.7527582 2026 01 14 12 57 54.67
0  -1788.53562   -374.69569   6808.21613   4.9797467   5.5070420   1.5985310 2026 01 14 12 58 14.67
0  -1688.38443   -264.62440   6838.63829   5.0349912   5.4996414   1.4435707 2026 01 14 12 58 34.67
0  -1587.15124   -154.72752   6865.95450   5.0879421   5.4896037   1.2879472 2026 01 14 12 58 54.67
0  -1484.88223    -45.05767   6890.15219   5.1385677   5.4769402   1.1317308 2026 01 14 12 59 14.67
0  -1381.62421     64.33275   6911.22021   5.1868375   5.4616629   0.9749920 2026 01 14 12 59 34.67
0  -1277.42460    173.39159   6929.14883   5.2327219   5.4437855   0.8178014 2026 01 14 12 59 54.67
0  -1172.33140    282.06700   6943.92970   5.2761923   5.4233227   0.6602302 2026 01 14 13 00 14.67
0  -1066.39315    390.30743   6955.55594   5.3172216   5.4002906   0.5023494 2026 01 14 13 00 34.67
0   -959.65895    498.06167   6964.02207   5.3557835   5.3747063   0.3442304 2026 01 14 13 00 54.67
0   -852.17840    605.27885   6969.32403   5.3918529   5.3465883   0.1859445 2026 01 14 13 01 14.67
0   -744.00158    711.90849   6971.45921   5.4254058   5.3159562   0.0275632 2026 01 14 13 01 34.67
0   -635.17905    817.90051   6970.42640   5.4564197   5.2828309  -0.1308418 2026 01 14 13 01 54.67
0   -525.76181    923.20528   6966.22586   5.4848729   5.2472342  -0.2891990 2026 01 14 13 02 14.67
0   -415.80129   1027.77360   6958.85925   5.5107451   5.2091894  -0.4474367 2026 01 14 13 02 34.67
0   -305.34929   1131.55673   6948.32969   5.5340171   5.1687209  -0.6054835 2026 01 14 13 02 54.67
0   -194.45800   1234.50647   6934.64170   5.5546711   5.1258539  -0.7632678 2026 01 14 13 03 14.67
0    -83.17994   1336.57510   6917.80124   5.5726903   5.0806151  -0.9207181 2026 01 14 13 03 34.67
0     28.43202   1437.71547   6897.81572   5.5880594   5.0330321  -1.0777632 2026 01 14 13 03 54.67
0    140.32475   1537.88098   6874.69395   5.6007641   4.9831338  -1.2343319 2026 01 14 13 04 14.67
0    252.44483   1637.02561   6848.44616   5.6107916   4.9309499  -1.3903533 2026 01 14 13 04 34.67
0    364.73859   1735.10397   6819.08402   5.6181302   4.8765114  -1.5457566 2026 01 14 13 04 54.67
0    477.15216   1832.07127   6786.62058   5.6227696   4.8198502  -1.7004712 2026 01 14 13 05 14.67
0    589.63145   1927.88341   6751.07032   5.6247009   4.7609993  -1.8544271 2026 01 14 13 05 34.67
0    702.12223   2022.49691   6712.44912   5.6239163   4.6999926  -2.0075541 2026 01 14 13 05 54.67
0    814.57011   2115.86901   6670.77425   5.6204093   4.6368653  -2.1597828 2026 01 14 13 06 14.67
0    926.92059   2207.95766   6626.06437   5.6141749   4.5716533  -2.3110439 2026 01 14 13 06 34.67
0   1039.11908   2298.72153   6578.33952   5.6052094   4.5043934  -2.4612685 2026 01 14 13 06 54.67
0   1151.11094   2388.12005   6527.62112   5.5935104   4.4351237  -2.6103883 2026 01 14 13 07 14.67
0   1262.84148   2476.11339   6473.93193   5.5790768   4.3638828  -2.7583352 2026 01 14 13 07 34.67
0   1374.25601   2562.66254   6417.29610   5.5619088   4.2907105  -2.9050419 2026 01 14 13 07 54.67
0   1485.29986   2647.72927   6357.73909   5.5420081   4.2156474  -3.0504414 2026 01 14 13 08 14.67
0   1595.91840   2731.27617   6295.28772   5.5193778   4.1387349  -3.1944673 2026 01 14 13 08 34.67
0   1706.05708   2813.26669   6229.97012   5.4940221   4.0600153  -3.3370537 2026 01 14 13 08 54.67
0   1815.66145   2893.66510   6161.81572   5.4659468   3.9795317  -3.4781355 2026 01 14 13 09 14.67
0   1924.67718   2972.43658   6090.85527   5.4351589   3.8973282  -3.6176481 2026 01 14 13 09 34.67
0   2033.05011   3049.54715   6017.12079   5.4016670   3.8134492  -3.7555276 2026 01 14 13 09 54.67
0   2140.72625   3124.96377   5940.64557   5.3654808   3.7279404  -3.8917108 2026 01 14 13 10 14.67
0   2247.65182   3198.65431   5861.46417   5.3266115   3.6408479  -4.0261353 2026 01 14 13 10 34.67
0   2353.77329   3270.58755   5779.61238   5.2850718   3.5522186  -4.1587393 2026 01 14 13 10 54.67
0   2459.03738   3340.73323   5695.12721   5.2408754   3.4621000  -4.2894618 2026 01 14 13 11 14.67
0   2563.39111   3409.06205   5608.04689   5.1940377   3.3705405  -4.4182429 2026 01 14 13 11 34.67
0   2666.78183   3475.54568   5518.41086   5.1445754   3.2775888  -4.5450233 2026 01 14 13 11 54.67
0   2769.15720   3540.15677   5426.25971   5.0925064   3.1832946  -4.6697446 2026 01 14 13 12 14.67
0   2870.46530   3602.86896   5331.63519   5.0378502   3.0877078  -4.7923493 2026 01 14 13 12 34.67
0   2970.65457   3663.65692   5234.58020   4.9806273   2.9908791  -4.9127809 2026 01 14 13 12 54.67
0   3069.67392   3722.49630   5135.13877   4.9208600   2.8928597  -5.0309839 2026 01 14 13 13 14.67
0   3167.47267   3779.36383   5033.35601   4.8585715   2.7937013  -5.1469037 2026 01 14 13 13 34.67
0   3264.00064   3834.23723   4929.27812   4.7937866   2.6934561  -5.2604867 2026 01 14 13 13 54.67
0   3359.20818   3887.09529   4822.95236   4.7265314   2.5921767  -5.3716804 2026 01 14 13 14 14.67
0   3453.04614   3937.91786   4714.42704   4.6568331   2.4899161  -5.4804334 2026 01 14 13 14 34.67
0   3545.46594   3986.68585   4603.75148   4.5847204   2.3867279  -5.5866953 2026 01 14 13 14 54.67
0   3636.41960   4033.38124   4490.97598   4.5102234   2.2826658  -5.6904171 2026 01 14 13 15 14.67
0   3725.85973   4077.98710   4376.15185   4.4333732   2.1777840  -5.7915505 2026 01 14 13 15 34.67
0   3813.73960   4120.48758   4259.33130   4.3542022   2.0721370  -5.8900488 2026 01 14 13 15 54.67
0   3900.01312   4160.86792   4140.56751   4.2727444   1.9657796  -5.9858663 2026 01 14 13 16 14.67
0   3984.63491   4199.11445   4019.91453   4.1890345   1.8587669  -6.0789586 2026 01 14 13 16 34.67
0   4067.56028   4235.21464   3897.42731   4.1031090   1.7511541  -6.1692824 2026 01 14 13 16 54.67
0   4148.74529   4269.15702   3773.16163   4.0150051   1.6429966  -6.2567958 2026 01 14 13 17 14.67
0   4228.14676   4300.93127   3647.17412   3.9247616   1.5343502  -6.3414583 2026 01 14 13 17 34.67
0   4305.72228   4330.52816   3519.52218   3.8324183   1.4252706  -6.4232306 2026 01 14 13 17 54.67
0   4381.43028   4357.93958   3390.26401   3.7380160   1.3158137  -6.5020746 2026 01 14 13 18 14.67
0   4455.22999   4383.15855   3259.45853   3.6415969   1.2060354  -6.5779538 2026 01 14 13 18 34.67
0   4527.08150   4406.17919   3127.16540   3.5432042   1.0959918  -6.6508331 2026 01 14 13 18 54.67
0   4596.94578   4426.99678   2993.44496   3.4428823   0.9857389  -6.7206785 2026 01 14 13 19 14.67
0   4664.78471   4445.60766   2858.35820   3.3406765   0.8753328  -6.7874577 2026 01 14 13 19 34.67
0   4730.56105   4462.00936   2721.96678   3.2366333   0.7648294  -6.8511398 2026 01 14 13 19 54.67
0   4794.23855   4476.20047   2584.33292   3.1308003   0.6542846  -6.9116953 2026 01 14 13 20 14.67
0   4855.78188   4488.18072   2445.51944   3.0232258   0.5437543  -6.9690962 2026 01 14 13 20 34.67
0   4915.15672   4497.95098   2305.58971   2.9139595   0.4332941  -7.0233158 2026 01 14 13 20 54.67
0   4972.32971   4505.51318   2164.60760   2.8030518   0.3229596  -7.0743293 2026 01 14 13 21 14.67
0   5027.26856   4510.87040   2022.63748   2.6905541   0.2128060  -7.1221130 2026 01 14 13 21 34.67
0   5079.94198   4514.02681   1879.74415   2.5765186   0.1028885  -7.1666450 2026 01 14 13 21 54.67
0   5130.31974   4514.98768   1735.99287   2.4609987  -0.0067381  -7.2079049 2026 01 14 13 22 14.67
0   5178.37270   4513.75937   1591.44927   2.3440483  -0.1160192  -7.2458738 2026 01 14 13 22 34.67
0   5224.07279   4510.34934   1446.17935   2.2257223  -0.2249007  -7.2805342 2026 01 14 13 22 54.67
0   5267.39306   4504.76612   1300.24943   2.1060764  -0.3333285  -7.3118706 2026 01 14 13 23 14.67
0   5308.30766   4497.01931   1153.72614   1.9851671  -0.4412492  -7.3398687 2026 01 14 13 23 34.67
0   5346.79192   4487.11960   1006.67638   1.8630515  -0.5486097  -7.3645159 2026 01 14 13 23 54.67
0   5382.82227   4475.07871    859.16728   1.7397876  -0.6553573  -7.3858012 2026 01 14 13 24 14.67
0   5416.37633   4460.90943    711.26617   1.6154339  -0.7614397  -7.4037153 2026 01 14 13 24 34.67
0   5447.43291   4444.62558    563.04056   1.4900497  -0.8668053  -7.4182503 2026 01 14 13 24 54.67
0   5475.97198   4426.24201    414.55809   1.3636948  -0.9714027  -7.4294000 2026 01 14 13 25 14.67
0   5501.97474   4405.77459    265.88653   1.2364297  -1.0751813  -7.4371600 2026 01 14 13 25 34.67
0   5525.42360   4383.24019    117.09369   1.1083153  -1.1780911  -7.4415272 2026 01 14 13 25 54.67
0   5546.30217   4358.65670    -31.75254   0.9794132  -1.2800824  -7.4425003 2026 01 14 13 26 14.67
0   5564.59534   4332.04298   -180.58430   0.8497853  -1.3811064  -7.4400795 2026 01 14 13 26 34.67
0   5580.28919   4303.41884   -329.33371   0.7194941  -1.4811149  -7.4342668 2026 01 14 13 26 54.67
0   5593.37111   4272.80508   -477.93296   0.5886024  -1.5800604  -7.4250655 2026 01 14 13 27 14.67
0   5603.82971   4240.22343   -626.31434   0.4571735  -1.6778959  -7.4124809 2026 01 14 13 27 34.67
0   5611.65487   4205.69656   -774.41025   0.3252710  -1.7745753  -7.3965196 2026 01 14 13 27 54.67
0   5616.83778   4169.24803   -922.15322   0.1929589  -1.8700534  -7.3771899 2026 01 14 13 28 14.67
0   5619.37088   4130.90233  -1069.47599   0.0603012  -1.9642853  -7.3545016 2026 01 14 13 28 34.67
0   5619.24790   4090.68482  -1216.31149  -0.0726375  -2.0572274  -7.3284662 2026 01 14 13 28 54.67
0   5616.46386   4048.62172  -1362.59292  -0.2057926  -2.1488366  -7.2990967 2026 01 14 13 29 14.67
0   5611.01510   4004.74012  -1508.25373  -0.3390993  -2.2390709  -7.2664078 2026 01 14 13 29 34.67
0   5602.89922   3959.06793  -1653.22770  -0.4724926  -2.3278887  -7.2304156 2026 01 14 13 29 54.67
0   5592.11515   3911.63389  -1797.44893  -0.6059074  -2.4152499  -7.1911377 2026 01 14 13 30 14.67
0   5578.66311   3862.46752  -1940.85189  -0.7392785  -2.5011148  -7.1485935 2026 01 14 13 30 34.67
0   5562.54462   3811.59914  -2083.37148  -0.8725408  -2.5854448  -7.1028035 2026 01 14 13 30 54.67
0   5543.76251   3759.05983  -2224.94298  -1.0056291  -2.6682023  -7.0537902 2026 01 14 13 31 14.67
0   5522.32092   3704.88140  -2365.50218  -1.1384782  -2.7493505  -7.0015772 2026 01 14 13 31 34.67
0   5498.22528   3649.09640  -2504.98533  -1.2710230  -2.8288538  -6.9461897 2026 01 14 13 31 54.67
0   5471.48233   3591.73809  -2643.32920  -1.4031985  -2.9066772  -6.8876544 2026 01 14 13 32 14.67
0   5442.10010   3532.84038  -2780.47111  -1.5349399  -2.9827872  -6.8259995 2026 01 14 13 32 34.67
0   5410.08792   3472.43789  -2916.34897  -1.6661824  -3.0571509  -6.7612544 2026 01 14 13 32 54.67
0   5375.45642   3410.56586  -3050.90129  -1.7968616  -3.1297366  -6.6934501 2026 01 14 13 33 14.67
0   5338.21750   3347.26015  -3184.06719  -1.9269131  -3.2005137  -6.6226191 2026 01 14 13 33 34.67
0   5298.38436   3282.55724  -3315.78648  -2.0562731  -3.2694524  -6.5487948 2026 01 14 13 33 54.67
0   5255.97147   3216.49418  -3445.99964  -2.1848778  -3.3365244  -6.4720126 2026 01 14 13 34 14.67
0   5210.99457   3149.10859  -3574.64788  -2.3126638  -3.4017020  -6.3923086 2026 01 14 13 34 34.67
0   5163.47066   3080.43860  -3701.67314  -2.4395682  -3.4649590  -6.3097207 2026 01 14 13 34 54.67
0   5113.41800   3010.52290  -3827.01813  -2.5655283  -3.5262700  -6.2242878 2026 01 14 13 35 14.67
0   5060.85610   2939.40065  -3950.62634  -2.6904820  -3.5856108  -6.1360501 2026 01 14 13 35 34.67
0   5005.80570   2867.11148  -4072.44209  -2.8143676  -3.6429583  -6.0450492 2026 01 14 13 35 54.67
0   4948.28878   2793.69548  -4192.41056  -2.9371238  -3.6982907  -5.9513277 2026 01 14 13 36 14.67
0   4888.32854   2719.19316  -4310.47775  -3.0586900  -3.7515870  -5.8549295 2026 01 14 13 36 34.67
0   4825.94938   2643.64544  -4426.59059  -3.1790060  -3.8028275  -5.7558997 2026 01 14 13 36 54.67
0   4761.17690   2567.09362  -4540.69691  -3.2980121  -3.8519938  -5.6542845 2026 01 14 13 37 14.67
0   4694.03788   2489.57937  -4652.74547  -3.4156495  -3.8990683  -5.5501313 2026 01 14 13 37 34.67
0   4624.56029   2411.14469  -4762.68598  -3.5318597  -3.9440348  -5.4434884 2026 01 14 13 37 54.67
0   4552.77324   2331.83188  -4870.46916  -3.6465852  -3.9868782  -5.3344053 2026 01 14 13 38 14.67
0   4478.70700   2251.68356  -4976.04670  -3.7597688  -4.0275845  -5.2229327 2026 01 14 13 38 34.67
0   4402.39298   2170.74258  -5079.37133  -3.8713544  -4.0661408  -5.1091219 2026 01 14 13 38 54.67
0   4323.86369   2089.05208  -5180.39679  -3.9812864  -4.1025355  -4.9930255 2026 01 14 13 39 14.67
0   4243.15274   2006.65539  -5279.07793  -4.0895099  -4.1367580  -4.8746971 2026 01 14 13 39 34.67
0   4160.29486   1923.59605  -5375.37063  -4.1959712  -4.1687990  -4.7541911 2026 01 14 13 39 54.67
0   4075.32581   1839.91777  -5469.23191  -4.3006169  -4.1986502  -4.6315628 2026 01 14 13 40 14.67
0   3988.28243   1755.66443  -5560.61986  -4.4033948  -4.2263046  -4.5068684 2026 01 14 13 40 34.67
0   3899.20260   1670.88001  -5649.49374  -4.5042533  -4.2517562  -4.3801651 2026 01 14 13 40 54.67
0   3808.12521   1585.60862  -5735.81396  -4.6031420  -4.2750003  -4.2515106 2026 01 14 13 41 14.67
0   3715.09015   1499.89446  -5819.54206  -4.7000112  -4.2960331  -4.1209637 2026 01 14 13 41 34.67
0   3620.13830   1413.78177  -5900.64080  -4.7948120  -4.3148522  -3.9885839 2026 01 14 13 41 54.67
0   3523.31151   1327.31485  -5979.07411  -4.8874969  -4.3314561  -3.8544314 2026 01 14 13 42 14.67
0   3424.65256   1240.53800  -6054.80715  -4.9780188  -4.3458447  -3.7185670 2026 01 14 13 42 34.67
0   3324.20518   1153.49552  -6127.80631  -5.0663321  -4.3580188  -3.5810524 2026 01 14 13 42 54.67
0   3222.01398   1066.23168  -6198.03918  -5.1523918  -4.3679803  -3.4419499 2026 01 14 13 43 14.67
0   3118.12448    978.79071  -6265.47465  -5.2361543  -4.3757323  -3.3013223 2026 01 14 13 43 34.67
0   3012.58305    891.21676  -6330.08284  -5.3175769  -4.3812790  -3.1592332 2026 01 14 13 43 54.67
0   2905.43691    803.55388  -6391.83517  -5.3966177  -4.3846257  -3.0157465 2026 01 14 13 44 14.67
0   2796.73410    715.84600  -6450.70432  -5.4732364  -4.3857787  -2.8709270 2026 01 14 13 44 34.67
0   2686.52345    628.13694  -6506.66428  -5.5473934  -4.3847455  -2.7248397 2026 01 14 13 44 54.67
0   2574.85459    540.47033  -6559.69037  -5.6190504  -4.3815346  -2.5775503 2026 01 14 13 45 14.67
0   2461.77789    452.88963  -6609.75919  -5.6881701  -4.3761555  -2.4291249 2026 01 14 13 45 34.67
0   2347.34446    365.43810  -6656.84869  -5.7547165  -4.3686187  -2.2796299 2026 01 14 13 45 54.67
0   2231.60612    278.15879  -6700.93814  -5.8186548  -4.3589361  -2.1291323 2026 01 14 13 46 14.67
0   2114.61536    191.09447  -6742.00816  -5.8799512  -4.3471201  -1.9776993 2026 01 14 13 46 34.67
0   1996.42536    104.28770  -6780.04073  -5.9385732  -4.3331846  -1.8253987 2026 01 14 13 46 54.67
0   1877.08991     17.78070  -6815.01915  -5.9944895  -4.3171441  -1.6722984 2026 01 14 13 47 14.67
0   1756.66343    -68.38457  -6846.92814  -6.0476700  -4.2990144  -1.5184666 2026 01 14 13 47 34.67
0   1635.20094   -154.16649  -6875.75372  -6.0980860  -4.2788122  -1.3639719 2026 01 14 13 47 54.67
0   1512.75799   -239.52379  -6901.48335  -6.1457097  -4.2565549  -1.2088830 2026 01 14 13 48 14.67
0   1389.39071   -324.41556  -6924.10581  -6.1905149  -4.2322614  -1.0532690 2026 01 14 13 48 34.67
0   1265.15571   -408.80125  -6943.61131  -6.2324765  -4.2059510  -0.8971990 2026 01 14 13 48 54.67
0   1140.11011   -492.64074  -6959.99140  -6.2715707  -4.1776442  -0.7407423 2026 01 14 13 49 14.67
0   1014.31148   -575.89430  -6973.23906  -6.3077751  -4.1473624  -0.5839684 2026 01 14 13 49 34.67
0    887.81783   -658.52267  -6983.34862  -6.3410684  -4.1151279  -0.4269469 2026 01 14 13 49 54.67
0    760.68759   -740.48701  -6990.31584  -6.3714309  -4.0809639  -0.2697472 2026 01 14 13 50 14.67
0    632.97956   -821.74897  -6994.13785  -6.3988440  -4.0448944  -0.1124393 2026 01 14 13 50 34.67
0    504.75290   -902.27069  -6994.81318  -6.4232904  -4.0069443   0.0449074 2026 01 14 13 50 54.67
0    376.06712   -982.01481  -6992.34175  -6.4447544  -3.9671393   0.2022229 2026 01 14 13 51 14.67
0    246.98200  -1060.94451  -6986.72488  -6.4632214  -3.9255060   0.3594378 2026 01 14 13 51 34.67
0    117.55762  -1139.02348  -6977.96529  -6.4786783  -3.8820719   0.5164824 2026 01 14 13 51 54.67
0    -12.14569  -1216.21599  -6966.06706  -6.4911132  -3.8368652   0.6732871 2026 01 14 13 52 14.67
0   -142.06740  -1292.48687  -6951.03569  -6.5005158  -3.7899147   0.8297826 2026 01 14 13 52 34.67
0   -272.14675  -1367.80155  -6932.87807  -6.5068771  -3.7412503   0.9858996 2026 01 14 13 52 54.67
0   -402.32284  -1442.12605  -6911.60245  -6.5101893  -3.6909024   1.1415690 2026 01 14 13 53 14.67
0   -532.53462  -1515.42701  -6887.21847  -6.5104463  -3.6389024   1.2967218 2026 01 14 13 53 34.67
0   -662.72094  -1587.67171  -6859.73715  -6.5076431  -3.5852821   1.4512895 2026 01 14 13 53 54.67
0   -792.82056  -1658.82806  -6829.17088  -6.5017763  -3.5300742   1.6052035 2026 01 14 13 54 14.67
0   -922.77218  -1728.86465  -6795.53343  -6.4928438  -3.4733121   1.7583958 2026 01 14 13 54 34.67
0  -1052.51448  -1797.75073  -6758.83989  -6.4808450  -3.4150297   1.9107983 2026 01 14 13 54 54.67
0  -1181.98613  -1865.45624  -6719.10674  -6.4657807  -3.3552618   2.0623437 2026 01 14 13 55 14.67
0  -1311.12585  -1931.95182  -6676.35181  -6.4476530  -3.2940436   2.2129646 2026 01 14 13 55 34.67
0  -1439.87239  -1997.20882  -6630.59424  -6.4264655  -3.2314111   2.3625944 2026 01 14 13 55 54.67
0  -1568.16461  -2061.19932  -6581.85453  -6.4022232  -3.1674007   2.5111665 2026 01 14 13 56 14.67
0  -1695.94148  -2123.89614  -6530.15450  -6.3749326  -3.1020495   2.6586151 2026 01 14 13 56 34.67
0  -1823.14210  -2185.27282  -6475.51726  -6.3446016  -3.0353953   2.8048746 2026 01 14 13 56 54.67
0  -1949.70576  -2245.30370  -6417.96726  -6.3112393  -2.9674760   2.9498800 2026 01 14 13 57 14.67
0  -2075.57193  -2303.96386  -6357.53021  -6.2748565  -2.8983306   3.0935668 2026 01 14 13 57 34.67
0  -2200.68032  -2361.22916  -6294.23315  -6.2354654  -2.8279981   3.2358709 2026 01 14 13 57 54.67
0  -2324.97090  -2417.07627  -6228.10435  -6.1930794  -2.7565184   3.3767291 2026 01 14 13 58 14.67
0  -2448.38392  -2471.48262  -6159.17336  -6.1477135  -2.6839314   3.5160785 2026 01 14 13 58 34.67
0  -2570.85994  -2524.42650  -6087.47099  -6.0993841  -2.6102779   3.6538570 2026 01 14 13 58 54.67
0  -2692.33986  -2575.88698  -6013.02928  -6.0481090  -2.5355989   3.7900028 2026 01 14 13 59 14.67
0  -2812.76497  -2625.84395  -5935.88148  -5.9939074  -2.4599358   3.9244553 2026 01 14 13 59 34.67
0  -2932.07693  -2674.27816  -5856.06206  -5.9367998  -2.3833304   4.0571541 2026 01 14 13 59 54.67
0  -3050.21784  -2721.17118  -5773.60671  -5.8768083  -2.3058249   4.1880399 2026 01 14 14 00 14.67
0  -3167.13027  -2766.50544  -5688.55226  -5.8139563  -2.2274618   4.3170539 2026 01 14 14 00 34.67
0  -3282.75723  -2810.26420  -5600.93674  -5.7482685  -2.1482839   4.4441382 2026 01 14 14 00 54.67
0  -3397.04228  -2852.43162  -5510.79931  -5.6797712  -2.0683345   4.5692357 2026 01 14 14 01 14.67
0  -3509.92950  -2892.99268  -5418.18028  -5.6084918  -1.9876569   4.6922900 2026 01 14 14 01 34.67
0  -3621.36354  -2931.93327  -5323.12106  -5.5344593  -1.9062948   4.8132458 2026 01 14 14 01 54.67
0  -3731.28963  -2969.24013  -5225.66418  -5.4577040  -1.8242921   4.9320484 2026 01 14 14 02 14.67
0  -3839.65363  -3004.90089  -5125.85323  -5.3782574  -1.7416930   5.0486441 2026 01 14 14 02 34.67
0  -3946.40205  -3038.90407  -5023.73289  -5.2961526  -1.6585417   5.1629803 2026 01 14 14 02 54.67
0  -4051.48207  -3071.23908  -4919.34887  -5.2114237  -1.5748828   5.2750052 2026 01 14 14 03 14.67
0  -4154.84154  -3101.89619  -4812.74790  -5.1241065  -1.4907609   5.3846679 2026 01 14 14 03 34.67
0  -4256.42909  -3130.86661  -4703.97773  -5.0342378  -1.4062208   5.4919186 2026 01 14 14 03 54.67
0  -4356.19405  -3158.14241  -4593.08708  -4.9418558  -1.3213073   5.5967085 2026 01 14 14 04 14.67
0  -4454.08656  -3183.71658  -4480.12566  -4.8470000  -1.2360654   5.6989900 2026 01 14 14 04 34.67
0  -4550.05754  -3207.58300  -4365.14410  -4.7497112  -1.1505400   5.7987163 2026 01 14 14 04 54.67
0  -4644.05876  -3229.73646  -4248.19396  -4.6500312  -1.0647764   5.8958419 2026 01 14 14 05 14.67
0  -4736.04283  -3250.17264  -4129.32770  -4.5480034  -0.9788194   5.9903223 2026 01 14 14 05 34.67
0  -4825.96322  -3268.88811  -4008.59867  -4.4436722  -0.8927141   6.0821144 2026 01 14 14 05 54.67
0  -4913.77433  -3285.88038  -3886.06104  -4.3370833  -0.8065056   6.1711758 2026 01 14 14 06 14.67
0  -4999.43147  -3301.14782  -3761.76986  -4.2282833  -0.7202388   6.2574658 2026 01 14 14 06 34.67
0  -5082.89090  -3314.68972  -3635.78093  -4.1173204  -0.6339585   6.3409445 2026 01 14 14 06 54.67
0  -5164.10984  -3326.50625  -3508.15089  -4.0042436  -0.5477096   6.4215735 2026 01 14 14 07 14.67
0  -5243.04654  -3336.59849  -3378.93709  -3.8891032  -0.4615366   6.4993154 2026 01 14 14 07 34.67
0  -5319.66021  -3344.96841  -3248.19763  -3.7719505  -0.3754841   6.5741344 2026 01 14 14 07 54.67
0  -5393.91115  -3351.61886  -3115.99134  -3.6528379  -0.2895964   6.6459957 2026 01 14 14 08 14.67
0  -5465.76069  -3356.55357  -2982.37768  -3.5318190  -0.2039176   6.7148660 2026 01 14 14 08 34.67
0  -5535.17124  -3359.77717  -2847.41682  -3.4089481  -0.1184916   6.7807131 2026 01 14 14 08 54.67
0  -5602.10633  -3361.29514  -2711.16952  -3.2842810  -0.0333621   6.8435064 2026 01 14 14 09 14.67
0  -5666.53059  -3361.11386  -2573.69715  -3.1578739   0.0514275   6.9032165 2026 01 14 14 09 34.67
0  -5728.40979  -3359.24055  -2435.06165  -3.0297845   0.1358342   6.9598155 2026 01 14 14 09 54.67
0  -5787.71087  -3355.68329  -2295.32552  -2.9000710   0.2198151   7.0132767 2026 01 14 14 10 14.67
0  -5844.40195  -3350.45104  -2154.55177  -2.7687929   0.3033278   7.0635751 2026 01 14 14 10 34.67
0  -5898.45234  -3343.55357  -2012.80389  -2.6360102   0.3863301   7.1106868 2026 01 14 14 10 54.67
0  -5949.83254  -3335.00151  -1870.14583  -2.5017840   0.4687804   7.1545895 2026 01 14 14 11 14.67
0  -5998.51430  -3324.80632  -1726.64200  -2.3661761   0.5506373   7.1952625 2026 01 14 14 11 34.67
0  -6044.47063  -3312.98027  -1582.35717  -2.2292492   0.6318599   7.2326863 2026 01 14 14 11 54.67
0  -6087.67577  -3299.53646  -1437.35651  -2.0910666   0.7124077   7.2668431 2026 01 14 14 12 14.67
0  -6128.10524  -3284.48877  -1291.70553  -1.9516925   0.7922408   7.2977163 2026 01 14 14 12 34.67
0  -6165.73588  -3267.85191  -1145.47005  -1.8111918   0.8713196   7.3252912 2026 01 14 14 12 54.67
0  -6200.54578  -3249.64134   -998.71618  -1.6696298   0.9496052   7.3495542 2026 01 14 14 13 14.67
0  -6232.51441  -3229.87332   -851.51026  -1.5270728   1.0270591   7.3704935 2026 01 14 14 13 34.67
0  -6261.62250  -3208.56486   -703.91889  -1.3835874   1.1036433   7.3880987 2026 01 14 14 13 54.67
0  -6287.85219  -3185.73373   -556.00882  -1.2392410   1.1793206   7.4023610 2026 01 14 14 14 14.67
0  -6311.18691  -3161.39843   -407.84700  -1.0941015   1.2540542   7.4132731 2026 01 14 14 14 34.67
0  -6331.61149  -3135.57821   -259.50049  -0.9482370   1.3278078   7.4208292 2026 01 14 14 14 54.67
0  -6349.11212  -3108.29301   -111.03645  -0.8017165   1.4005461   7.4250251 2026 01 14 14 15 14.67
0  -6363.67637  -3079.56349     37.47789  -0.6546093   1.4722341   7.4258581 2026 01 14 14 15 34.67
0  -6375.29319  -3049.41101    185.97525  -0.5069848   1.5428377   7.4233272 2026 01 14 14 15 54.67
0  -6383.95295  -3017.85757    334.38836  -0.3589132   1.6123232   7.4174328 2026 01 14 14 16 14.67
0  -6389.64740  -2984.92589    482.64997  -0.2104648   1.6806580   7.4081768 2026 01 14 14 16 34.67
0  -6392.36971  -2950.63928    630.69289  -0.0617101   1.7478098   7.3955630 2026 01 14 14 16 54.67
0  -6392.11447  -2915.02173    778.44999   0.0872799   1.8137474   7.3795963 2026 01 14 14 17 14.67
0  -6388.87768  -2878.09783    925.85430   0.2364342   1.8784401   7.3602834 2026 01 14 14 17 34.67
0  -6382.65675  -2839.89277   1072.83896   0.3856814   1.9418581   7.3376327 2026 01 14 14 17 54.67
0  -6373.45056  -2800.43234   1219.33731   0.5349503   2.0039723   7.3116538 2026 01 14 14 18 14.67
0  -6361.25937  -2759.74290   1365.28291   0.6841691   2.0647545   7.2823580 2026 01 14 14 18 34.67
0  -6346.08491  -2717.85136   1510.60955   0.8332664   2.1241771   7.2497583 2026 01 14 14 18 54.67
0  -6327.93032  -2674.78519   1655.25127   0.9821706   2.1822136   7.2138690 2026 01 14 14 19 14.67
0  -6306.80018  -2630.57236   1799.14246   1.1308099   2.2388382   7.1747061 2026 01 14 14 19 34.67
0  -6282.70050  -2585.24136   1942.21780   1.2791129   2.2940259   7.1322869 2026 01 14 14 19 54.67
0  -6255.63873  -2538.82118   2084.41236   1.4270079   2.3477526   7.0866305 2026 01 14 14 20 14.67
0  -6225.62372  -2491.34126   2225.66161   1.5744237   2.3999952   7.0377572 2026 01 14 14 20 34.67
0  -6192.66579  -2442.83151   2365.90140   1.7212889   2.4507313   6.9856890 2026 01 14 14 20 54.67
0  -6156.77665  -2393.32228   2505.06809   1.8675326   2.4999396   6.9304493 2026 01 14 14 21 14.67
0  -6117.96945  -2342.84433   2643.09848   2.0130838   2.5475994   6.8720630 2026 01 14 14 21 34.67
0  -6076.25872  -2291.42883   2779.92991   2.1578721   2.5936911   6.8105564 2026 01 14 14 21 54.67
0  -6031.66045  -2239.10733   2915.50024   2.3018271   2.6381962   6.7459573 2026 01 14 14 22 14.67
0  -5984.19199  -2185.91173   3049.74791   2.4448789   2.6810968   6.6782949 2026 01 14 14 22 34.67
0  -5933.87210  -2131.87430   3182.61197   2.5869579   2.7223762   6.6075998 2026 01 14 14 22 54.67
0  -5880.72093  -2077.02763   3314.03206   2.7279950   2.7620184   6.5339040 2026 01 14 14 23 14.67
0  -5824.76000  -2021.40460   3443.94852   2.8679215   2.8000085   6.4572410 2026 01 14 14 23 34.67
0  -5766.01221  -1965.03840   3572.30234   3.0066690   2.8363326   6.3776454 2026 01 14 14 23 54.67
0  -5704.50182  -1907.96249   3699.03522   3.1441699   2.8709776   6.2951533 2026 01 14 14 24 14.67
0  -5640.25444  -1850.21056   3824.08961   3.2803569   2.9039316   6.2098023 2026 01 14 14 24 34.67
0  -5573.29700  -1791.81655   3947.40872   3.4151634   2.9351834   6.1216310 2026 01 14 14 24 54.67
0  -5503.65778  -1732.81460   4068.93653   3.5485234   2.9647229   6.0306794 2026 01 14 14 25 14.67
0  -5431.36636  -1673.23906   4188.61786   3.6803715   2.9925411   5.9369888 2026 01 14 14 25 34.67
0  -5356.45362  -1613.12443   4306.39833   3.8106431   3.0186297   5.8406018 2026 01 14 14 25 54.67
0  -5278.95175  -1552.50537   4422.22447   3.9392741   3.0429817   5.7415621 2026 01 14 14 26 14.67
0  -5198.89418  -1491.41670   4536.04366   4.0662013   3.0655907   5.6399147 2026 01 14 14 26 34.67
0  -5116.31562  -1429.89331   4647.80420   4.1913623   3.0864517   5.5357057 2026 01 14 14 26 54.67
0  -5031.25201  -1367.97021   4757.45535   4.3146952   3.1055603   5.4289825 2026 01 14 14 27 14.67
0  -4943.74052  -1305.68249   4864.94728   4.4361394   3.1229132   5.3197934 2026 01 14 14 27 34.67
0  -4853.81953  -1243.06529   4970.23119   4.5556347   3.1385083   5.2081881 2026 01 14 14 27 54.67
0  -4761.52861  -1180.15377   5073.25924   4.6731221   3.1523441   5.0942172 2026 01 14 14 28 14.67
0  -4666.90849  -1116.98312   5173.98465   4.7885435   3.1644204   4.9779324 2026 01 14 14 28 34.67
0  -4570.00107  -1053.58854   5272.36165   4.9018416   3.1747377   4.8593864 2026 01 14 14 28 54.67
0  -4470.84939   -990.00519   5368.34557   5.0129601   3.1832977   4.7386330 2026 01 14 14 29 14.67
0  -4369.49759   -926.26819   5461.89279   5.1218439   3.1901028   4.6157269 2026 01 14 14 29 34.67
0  -4265.99091   -862.41260   5552.96082   5.2284385   3.1951566   4.4907239 2026 01 14 14 29 54.67
0  -4160.37567   -798.47342   5641.50829   5.3326910   3.1984634   4.3636805 2026 01 14 14 30 14.67
0  -4052.69922   -734.48552   5727.49496   5.4345492   3.2000288   4.2346545 2026 01 14 14 30 34.67
0  -3943.00998   -670.48368   5810.88176   5.5339621   3.1998590   4.1037041 2026 01 14 14 30 54.67
0  -3831.35734   -606.50252   5891.63080   5.6308798   3.1979612   3.9708886 2026 01 14 14 31 14.67
0  -3717.79171   -542.57654   5969.70538   5.7252536   3.1943436   3.8362683 2026 01 14 14 31 34.67
0  -3602.36443   -478.74003   6045.07000   5.8170360   3.1890153   3.6999040 2026 01 14 14 31 54.67
0  -3485.12780   -415.02711   6117.69040   5.9061807   3.1819863   3.5618573 2026 01 14 14 32 14.67
0  -3366.13503   -351.47169   6187.53355   5.9926425   3.1732674   3.4221909 2026 01 14 14 32 34.67
0  -3245.44022   -288.10745   6254.56770   6.0763775   3.1628705   3.2809677 2026 01 14 14 32 54.67
0  -3123.09832   -224.96782   6318.76235   6.1573431   3.1508082   3.1382516 2026 01 14 14 33 14.67
0  -2999.16516   -162.08599   6380.08828   6.2354979   3.1370939   2.9941072 2026 01 14 14 33 34.67
0  -2873.69734    -99.49484   6438.51757   6.3108020   3.1217422   2.8485996 2026 01 14 14 33 54.67
0  -2746.75227    -37.22698   6494.02362   6.3832165   3.1047681   2.7017945 2026 01 14 14 34 14.67
0  -2618.38812     24.68530   6546.58114   6.4527041   3.0861877   2.5537582 2026 01 14 14 34 34.67
0  -2488.66378     86.21006   6596.16618   6.5192288   3.0660179   2.4045576 2026 01 14 14 34 54.67
0  -2357.63888    147.31566   6642.75611   6.5827558   3.0442765   2.2542600 2026 01 14 14 35 14.67
0  -2225.37369    207.97088   6686.32969   6.6432518   3.0209819   2.1029333 2026 01 14 14 35 34.67
0  -2091.92915    268.14482   6726.86702   6.7006851   2.9961533   1.9506458 2026 01 14 14 35 54.67
0  -1957.36683    327.80701   6764.34955   6.7550251   2.9698108   1.7974663 2026 01 14 14 36 14.67
0  -1821.74889    386.92739   6798.76015   6.8062428   2.9419753   1.6434639 2026 01 14 14 36 34.67
0  -1685.13805    445.47630   6830.08305   6.8543106   2.9126682   1.4887081 2026 01 14 14 36 54.67
0  -1547.59758    503.42454   6858.30388   6.8992025   2.8819120   1.3332688 2026 01 14 14 37 14.67
0  -1409.19123    560.74335   6883.40967   6.9408936   2.8497295   1.1772161 2026 01 14 14 37 34.67
0  -1269.98327    617.40444   6905.38887   6.9793610   2.8161446   1.0206204 2026 01 14 14 37 54.67
0  -1130.03837    673.38001   6924.23131   7.0145829   2.7811816   0.8635525 2026 01 14 14 38 14.67
0   -989.42167    728.64274   6939.92826   7.0465391   2.7448656   0.7060832 2026 01 14 14 38 34.67
0   -848.19865    783.16583   6952.47241   7.0752111   2.7072223   0.5482837 2026 01 14 14 38 54.67
0   -706.43518    836.92300   6961.85786   7.1005818   2.6682782   0.3902252 2026 01 14 14 39 14.67
0   -564.19744    889.88850   6968.08015   7.1226354   2.6280602   0.2319790 2026 01 14 14 39 34.67
0   -421.55191    942.03713   6971.13623   7.1413582   2.5865960   0.0736168 2026 01 14 14 39 54.67
0   -278.56535    993.34424   6971.02452   7.1567375   2.5439137  -0.0847901 2026 01 14 14 40 14.67
0   -135.30472   1043.78576   6967.74482   7.1687626   2.5000423  -0.2431698 2026 01 14 14 40 34.67
0      8.16279   1093.33821   6961.29839   7.1774240   2.4550111  -0.4014510 2026 01 14 14 40 54.67
0    151.76983   1141.97868   6951.68793   7.1827141   2.4088499  -0.5595619 2026 01 14 14 41 14.67
0    295.44891   1189.68488   6938.91756   7.1846267   2.3615892  -0.7174311 2026 01 14 14 41 34.67
0    439.13242   1236.43512   6922.99281   7.1831572   2.3132600  -0.8749870 2026 01 14 14 41 54.67
0    582.75271   1282.20836   6903.92069   7.1783027   2.2638937  -1.0321584 2026 01 14 14 42 14.67
0    726.24204   1326.98416   6881.70957   7.1700618   2.2135222  -1.1888741 2026 01 14 14 42 34.67
0    869.53270   1370.74274   6856.36930   7.1584347   2.1621779  -1.3450630 2026 01 14 14 42 54.67
0   1012.55697   1413.46498   6827.91111   7.1434233   2.1098936  -1.5006543 2026 01 14 14 43 14.67
0   1155.24720   1455.13242   6796.34766   7.1250310   2.0567025  -1.6555774 2026 01 14 14 43 34.67
0   1297.53583   1495.72724   6761.69303   7.1032629   2.0026383  -1.8097620 2026 01 14 14 43 54.67
0   1439.35539   1535.23233   6723.96267   7.0781256   1.9477351  -1.9631381 2026 01 14 14 44 14.67
0   1580.63860   1573.63125   6683.17346   7.0496275   1.8920270  -2.1156360 2026 01 14 14 44 34.67
0   1721.31832   1610.90824   6639.34366   7.0177784   1.8355490  -2.2671863 2026 01 14 14 44 54.67
0   1861.32765   1647.04827   6592.49291   6.9825899   1.7783361  -2.4177200 2026 01 14 14 45 14.67
0   2000.59993   1682.03699   6542.64221   6.9440750   1.7204235  -2.5671688 2026 01 14 14 45 34.67
0   2139.06878   1715.86075   6489.81397   6.9022485   1.6618470  -2.7154643 2026 01 14 14 45 54.67
0   2276.66813   1748.50664   6434.03190   6.8571267   1.6026425  -2.8625391 2026 01 14 14 46 14.67
0   2413.33225   1779.96246   6375.32111   6.8087276   1.5428461  -3.0083261 2026 01 14 14 46 34.67
0   2548.99578   1810.21673   6313.70802   6.7570706   1.4824941  -3.1527586 2026 01 14 14 46 54.67
0   2683.59377   1839.25871   6249.22036   6.7021769   1.4216233  -3.2957707 2026 01 14 14 47 14.67
0   2817.06172   1867.07840   6181.88721   6.6440692   1.3602703  -3.4372970 2026 01 14 14 47 34.67
0   2949.33559   1893.66650   6111.73893   6.5827717   1.2984721  -3.5772727 2026 01 14 14 47 54.67
0   3080.35183   1919.01450   6038.80718   6.5183102   1.2362657  -3.7156338 2026 01 14 14 48 14.67
0   3210.04744   1943.11460   5963.12487   6.4507123   1.1736885  -3.8523169 2026 01 14 14 48 34.67
0   3338.35998   1965.95976   5884.72620   6.3800068   1.1107776  -3.9872592 2026 01 14 14 48 54.67
0   3465.22759   1987.54367   5803.64660   6.3062243   1.0475705  -4.1203988 2026 01 14 14 49 14.67
0   3590.58905   2007.86078   5719.92274   6.2293967   0.9841047  -4.2516746 2026 01 14 14 49 34.67
0   3714.38380   2026.90631   5633.59250   6.1495577   0.9204175  -4.3810263 2026 01 14 14 49 54.67
0   3836.55196   2044.67618   5544.69495   6.0667422   0.8565466  -4.5083943 2026 01 14 14 50 14.67
0   3957.03434   2061.16711   5453.27036   5.9809869   0.7925294  -4.6337200 2026 01 14 14 50 34.67
0   4075.77255   2076.37655   5359.36016   5.8923297   0.7284034  -4.7569458 2026 01 14 14 50 54.67
0   4192.70893   2090.30268   5263.00690   5.8008101   0.6642061  -4.8780147 2026 01 14 14 51 14.67
0   4307.78664   2102.94447   5164.25429   5.7064692   0.5999749  -4.9968710 2026 01 14 14 51 34.67
0   4420.94967   2114.30160   5063.14712   5.6093493   0.5357469  -5.1134597 2026 01 14 14 51 54.67
0   4532.14288   2124.37451   4959.73130   5.5094941   0.4715595  -5.2277271 2026 01 14 14 52 14.67
0   4641.31202   2133.16438   4854.05377   5.4069489   0.4074496  -5.3396203 2026 01 14 14 52 34.67
0   4748.40374   2140.67313   4746.16253   5.3017602   0.3434541  -5.4490876 2026 01 14 14 52 54.67
0   4853.36565   2146.90342   4636.10662   5.1939760   0.2796099  -5.5560784 2026 01 14 14 53 14.67
0   4956.14633   2151.85864   4523.93606   5.0836455   0.2159533  -5.6605430 2026 01 14 14 53 34.67
0   5056.69536   2155.54290   4409.70187   4.9708193   0.1525208  -5.7624332 2026 01 14 14 53 54.67
0   5154.96334   2157.96105   4293.45599   4.8555492   0.0893484  -5.8617017 2026 01 14 14 54 14.67
0   5250.90192   2159.11865   4175.25133   4.7378885   0.0264720  -5.9583025 2026 01 14 14 54 34.67
0   5344.46383   2159.02197   4055.14170   4.6178913  -0.0360729  -6.0521907 2026 01 14 14 54 54.67
0   5435.60289   2157.67800   3933.18177   4.4956135  -0.0982510  -6.1433230 2026 01 14 14 55 14.67
0   5524.27405   2155.09442   3809.42711   4.3711117  -0.1600274  -6.2316568 2026 01 14 14 55 34.67
0   5610.43342   2151.27962   3683.93407   4.2444439  -0.2213674  -6.3171514 2026 01 14 14 55 54.67
0   5694.03825   2146.24266   3556.75986   4.1156692  -0.2822369  -6.3997670 2026 01 14 14 56 14.67
0   5775.04702   2139.99329   3427.96244   3.9848478  -0.3426019  -6.4794652 2026 01 14 14 56 34.67
0   5853.41939   2132.54194   3297.60052   3.8520409  -0.4024290  -6.5562091 2026 01 14 14 56 54.67
0   5929.11628   2123.89970   3165.73356   3.7173109  -0.4616851  -6.6299631 2026 01 14 14 57 14.67
0   6002.09986   2114.07832   3032.42169   3.5807212  -0.5203376  -6.7006929 2026 01 14 14 57 34.67
0   6072.33357   2103.09018   2897.72573   3.4423360  -0.5783543  -6.7683657 2026 01 14 14 57 54.67
0   6139.78216   2090.94833   2761.70714   3.3022207  -0.6357036  -6.8329503 2026 01 14 14 58 14.67
0   6204.41168   2077.66642   2624.42798   3.1604415  -0.6923541  -6.8944166 2026 01 14 14 58 34.67
0   6266.18952   2063.25875   2485.95090   3.0170654  -0.7482753  -6.9527363 2026 01 14 14 58 54.67
0   6325.08443   2047.74019   2346.33912   2.8721604  -0.8034369  -7.0078823 2026 01 14 14 59 14.67
0   6381.06650   2031.12624   2205.65636   2.7257952  -0.8578093  -7.0598293 2026 01 14 14 59 34.67
0   6434.10724   2013.43297   2063.96684   2.5780395  -0.9113635  -7.1085532 2026 01 14 14 59 54.67
0   6484.17953   1994.67703   1921.33526   2.4289634  -0.9640710  -7.1540316 2026 01 14 15 00 14.67
0   6531.25767   1974.87564   1777.82674   2.2786381  -1.0159039  -7.1962437 2026 01 14 15 00 34.67
0   6575.31740   1954.04656   1633.50680   2.1271351  -1.0668349  -7.2351701 2026 01 14 15 00 54.67
0   6616.33588   1932.20810   1488.44133   1.9745268  -1.1168374  -7.2707930 2026 01 14 15 01 14.67
0   6654.29173   1909.37909   1342.69658   1.8208861  -1.1658853  -7.3030962 2026 01 14 15 01 34.67
0   6689.16505   1885.57888   1196.33908   1.6662863  -1.2139533  -7.3320650 2026 01 14 15 01 54.67
0   6720.93738   1860.82731   1049.43565   1.5108016  -1.2610168  -7.3576865 2026 01 14 15 02 14.67
0   6749.59177   1835.14471    902.05337   1.3545064  -1.3070517  -7.3799492 2026 01 14 15 02 34.67
0   6775.11277   1808.55190    754.25950   1.1974755  -1.3520348  -7.3988432 2026 01 14 15 02 54.67
0   6797.48640   1781.07013    606.12152   1.0397842  -1.3959434  -7.4143602 2026 01 14 15 03 14.67
0   6816.70023   1752.72111    457.70702   0.8815082  -1.4387557  -7.4264937 2026 01 14 15 03 34.67
0   6832.74330   1723.52699    309.08373   0.7227235  -1.4804505  -7.4352385 2026 01 14 15 03 54.67
0   6845.60622   1693.51032    160.31947   0.5635062  -1.5210075  -7.4405913 2026 01 14 15 04 14.67
0   6855.28110   1662.69405     11.48209   0.4039329  -1.5604071  -7.4425503 2026 01 14 15 04 34.67
0   6861.76157   1631.10152   -137.36052   0.2440801  -1.5986304  -7.4411152 2026 01 14 15 04 54.67
0   6865.04283   1598.75643   -286.14049   0.0840249  -1.6356593  -7.4362874 2026 01 14 15 05 14.67
0   6865.12158   1565.68287   -434.79000  -0.0761560  -1.6714765  -7.4280700 2026 01 14 15 05 34.67
0   6861.99610   1531.90521   -583.24130  -0.2363856  -1.7060656  -7.4164676 2026 01 14 15 05 54.67
0   6855.66617   1497.44818   -731.42675  -0.3965867  -1.7394107  -7.4014864 2026 01 14 15 06 14.67
0   6846.13314   1462.33682   -879.27884  -0.5566825  -1.7714972  -7.3831343 2026 01 14 15 06 34.67
0   6833.39988   1426.59644  -1026.73025  -0.7165959  -1.8023108  -7.3614206 2026 01 14 15 06 54.67
0   6817.47082   1390.25263  -1173.71385  -0.8762500  -1.8318383  -7.3363564 2026 01 14 15 07 14.67
0   6798.35189   1353.33123  -1320.16276  -1.0355682  -1.8600674  -7.3079543 2026 01 14 15 07 34.67
0   6776.05060   1315.85834  -1466.01036  -1.1944738  -1.8869864  -7.2762283 2026 01 14 15 07 54.67
0   6750.57595   1277.86026  -1611.19033  -1.3528906  -1.9125846  -7.2411942 2026 01 14 15 08 14.67
0   6721.93849   1239.36351  -1755.63667  -1.5107425  -1.9368521  -7.2028692 2026 01 14 15 08 34.67
0   6690.15026   1200.39479  -1899.28375  -1.6679536  -1.9597798  -7.1612721 2026 01 14 15 08 54.67
0   6655.22485   1160.98100  -2042.06633  -1.8244485  -1.9813597  -7.1164232 2026 01 14 15 09 14.67
0   6617.17733   1121.14915  -2183.91959  -1.9801522  -2.0015842  -7.0683443 2026 01 14 15 09 34.67
0   6576.02427   1080.92642  -2324.77916  -2.1349900  -2.0204469  -7.0170588 2026 01 14 15 09 54.67
0   6531.78372   1040.34010  -2464.58115  -2.2888877  -2.0379422  -6.9625914 2026 01 14 15 10 14.67
0   6484.47525    999.41760  -2603.26219  -2.4417715  -2.0540652  -6.9049683 2026 01 14 15 10 34.67
0   6434.11984    958.18640  -2740.75943  -2.5935684  -2.0688121  -6.8442173 2026 01 14 15 10 54.67
0   6380.73997    916.67405  -2877.01062  -2.7442055  -2.0821797  -6.7803675 2026 01 14 15 11 14.67
0   6324.35956    874.90817  -3011.95407  -2.8936110  -2.0941659  -6.7134494 2026 01 14 15 11 34.67
0   6265.00395    832.91639  -3145.52874  -3.0417135  -2.1047692  -6.6434951 2026 01 14 15 11 54.67
0   6202.69992    790.72639  -3277.67424  -3.1884422  -2.1139891  -6.5705377 2026 01 14 15 12 14.67
0   6137.47563    748.36582  -3408.33084  -3.3337271  -2.1218259  -6.4946119 2026 01 14 15 12 34.67
0   6069.36066    705.86234  -3537.43955  -3.4774990  -2.1282809  -6.4157539 2026 01 14 15 12 54.67
0   5998.38596    663.24356  -3664.94208  -3.6196893  -2.1333559  -6.3340008 2026 01 14 15 13 14.67
0   5924.58384    620.53707  -3790.78092  -3.7602304  -2.1370538  -6.2493914 2026 01 14 15 13 34.67
0   5847.98794    577.77036  -3914.89934  -3.8990555  -2.1393783  -6.1619654 2026 01 14 15 13 54.67
0   5768.63325    534.97087  -4037.24141  -4.0360985  -2.1403338  -6.0717640 2026 01 14 15 14 14.67
0   5686.55607    492.16591  -4157.75206  -4.1712945  -2.1399256  -5.9788296 2026 01 14 15 14 34.67
0   5601.79398    449.38270  -4276.37706  -4.3045791  -2.1381599  -5.8832057 2026 01 14 15 14 54.67
0   5514.38583    406.64833  -4393.06306  -4.4358894  -2.1350435  -5.7849370 2026 01 14 15 15 14.67
0   5424.37175    363.98974  -4507.75762  -4.5651630  -2.1305841  -5.6840694 2026 01 14 15 15 34.67
0   5331.79306    321.43369  -4620.40923  -4.6923388  -2.1247903  -5.5806499 2026 01 14 15 15 54.67
0   5236.69234    279.00679  -4730.96734  -4.8173567  -2.1176712  -5.4747267 2026 01 14 15 16 14.67
0   5139.11333    236.73544  -4839.38236  -4.9401576  -2.1092370  -5.3663488 2026 01 14 15 16 34.67
0   5039.10096    194.64584  -4945.60570  -5.0606836  -2.0994984  -5.2555666 2026 01 14 15 16 54.67
0   4936.70129    152.76396  -5049.58978  -5.1788778  -2.0884670  -5.1424312 2026 01 14 15 17 14.67
0   4831.96151    111.11553  -5151.28806  -5.2946845  -2.0761551  -5.0269949 2026 01 14 15 17 34.67
0   4724.92993     69.72605  -5250.65505  -5.4080493  -2.0625756  -4.9093110 2026 01 14 15 17 54.67
0   4615.65591     28.62071  -5347.64634  -5.5189187  -2.0477424  -4.7894336 2026 01 14 15 18 14.67
0   4504.18989    -12.17554  -5442.21862  -5.6272406  -2.0316698  -4.6674178 2026 01 14 15 18 34.67
0   4390.58332    -52.63808  -5534.32966  -5.7329643  -2.0143731  -4.5433195 2026 01 14 15 18 54.67
0   4274.88867    -92.74257  -5623.93838  -5.8360400  -1.9958680  -4.4171955 2026 01 14 15 19 14.67
0   4157.15939   -132.46501  -5711.00486  -5.9364193  -1.9761711  -4.2891036 2026 01 14 15 19 34.67
0   4037.44986   -171.78173  -5795.49030  -6.0340554  -1.9552996  -4.1591022 2026 01 14 15 19 54.67
0   3915.81542   -210.66943  -5877.35712  -6.1289023  -1.9332712  -4.0272505 2026 01 14 15 20 14.67
0   3792.31230   -249.10514  -5956.56890  -6.2209158  -1.9101044  -3.8936085 2026 01 14 15 20 34.67
0   3666.99759   -287.06630  -6033.09045  -6.3100527  -1.8858182  -3.7582370 2026 01 14 15 20 54.67
0   3539.92925   -324.53070  -6106.88778  -6.3962713  -1.8604324  -3.6211972 2026 01 14 15 21 14.67
0   3411.16605   -361.47655  -6177.92815  -6.4795314  -1.8339673  -3.4825514 2026 01 14 15 21 34.67
0   3280.76755   -397.88249  -6246.18006  -6.5597939  -1.8064437  -3.3423622 2026 01 14 15 21 54.67
0   3148.79407   -433.72754  -6311.61328  -6.6370215  -1.7778830  -3.2006930 2026 01 14 15 22 14.67
0   3015.30668   -468.99119  -6374.19885  -6.7111779  -1.7483071  -3.0576075 2026 01 14 15 22 34.67
0   2880.36716   -503.65336  -6433.90908  -6.7822286  -1.7177387  -2.9131704 2026 01 14 15 22 54.67
0   2744.03794   -537.69443  -6490.71758  -6.8501402  -1.6862008  -2.7674466 2026 01 14 15 23 14.67
0   2606.38214   -571.09524  -6544.59928  -6.9148812  -1.6537168  -2.6205014 2026 01 14 15 23 34.67
0   2467.46347   -603.83712  -6595.53041  -6.9764212  -1.6203109  -2.4724010 2026 01 14 15 23 54.67
0   2327.34623   -635.90185  -6643.48852  -7.0347313  -1.5860076  -2.3232117 2026 01 14 15 24 14.67
0   2186.09532   -667.27176  -6688.45250  -7.0897843  -1.5508317  -2.1730002 2026 01 14 15 24 34.67
0   2043.77611   -697.92963  -6730.40259  -7.1415544  -1.5148089  -2.0218339 2026 01 14 15 24 54.67
0   1900.45453   -727.85879  -6769.32035  -7.1900173  -1.4779648  -1.8697801 2026 01 14 15 25 14.67
0   1756.19694   -757.04307  -6805.18871  -7.2351501  -1.4403258  -1.7169068 2026 01 14 15 25 34.67
0   1611.07017   -785.46685  -6837.99197  -7.2769317  -1.4019185  -1.5632822 2026 01 14 15 25 54.67
0   1465.14143   -813.11502  -6867.71578  -7.3153422  -1.3627700  -1.4089747 2026 01 14 15 26 14.67
0   1318.47833   -839.97303  -6894.34717  -7.3503636  -1.3229077  -1.2540531 2026 01 14 15 26 34.67
0   1171.14884   -866.02689  -6917.87455  -7.3819791  -1.2823594  -1.0985861 2026 01 14 15 26 54.67
0   1023.22121   -891.26316  -6938.28769  -7.4101736  -1.2411531  -0.9426430 2026 01 14 15 27 14.67
0    874.76401   -915.66895  -6955.57777  -7.4349336  -1.1993172  -0.7862931 2026 01 14 15 27 34.67
0    725.84604   -939.23197  -6969.73735  -7.4562471  -1.1568806  -0.6296057 2026 01 14 15 27 54.67
0    576.53636   -961.94049  -6980.76036  -7.4741037  -1.1138721  -0.4726504 2026 01 14 15 28 14.67
0    426.90419   -983.78336  -6988.64215  -7.4884945  -1.0703210  -0.3154967 2026 01 14 15 28 34.67
0    277.01891  -1004.75003  -6993.37944  -7.4994122  -1.0262569  -0.1582144 2026 01 14 15 28 54.67
0    126.95007  -1024.83053  -6994.97037  -7.5068511  -0.9817094  -0.0008732 2026 01 14 15 29 14.67
0    -23.23274  -1044.01549  -6993.41444  -7.5108070  -0.9367086   0.1564574 2026 01 14 15 29 34.67
0   -173.45980  -1062.29615  -6988.71257  -7.5112773  -0.8912845   0.3137075 2026 01 14 15 29 54.67
0   -323.66141  -1079.66435  -6980.86706  -7.5082610  -0.8454676   0.4708075 2026 01 14 15 30 14.67
0   -473.76782  -1096.11253  -6969.88161  -7.5017588  -0.7992883   0.6276880 2026 01 14 15 30 34.67
0   -623.70934  -1111.63375  -6955.76131  -7.4917727  -0.7527772   0.7842794 2026 01 14 15 30 54.67
0   -773.41633  -1126.22169  -6938.51263  -7.4783064  -0.7059652   0.9405125 2026 01 14 15 31 14.67
0   -922.81922  -1139.87063  -6918.14342  -7.4613652  -0.6588830   1.0963182 2026 01 14 15 31 34.67
0  -1071.84859  -1152.57548  -6894.66293  -7.4409560  -0.6115618   1.2516274 2026 01 14 15 31 54.67
0  -1220.43515  -1164.33178  -6868.08178  -7.4170873  -0.5640326   1.4063714 2026 01 14 15 32 14.67
0  -1368.50982  -1175.13566  -6838.41195  -7.3897689  -0.5163264   1.5604816 2026 01 14 15 32 34.67
0  -1516.00371  -1184.98391  -6805.66681  -7.3590125  -0.4684745   1.7138900 2026 01 14 15 32 54.67
0  -1662.84818  -1193.87391  -6769.86107  -7.3248312  -0.4205080   1.8665284 2026 01 14 15 33 14.67
0  -1808.97488  -1201.80370  -6731.01081  -7.2872396  -0.3724582   2.0183292 2026 01 14 15 33 34.67
0  -1954.31578  -1208.77192  -6689.13345  -7.2462540  -0.3243561   2.1692253 2026 01 14 15 33 54.67
0  -2098.80315  -1214.77783  -6644.24776  -7.2018922  -0.2762331   2.3191495 2026 01 14 15 34 14.67
0  -2242.36966  -1219.82132  -6596.37384  -7.1541734  -0.2281202   2.4680355 2026 01 14 15 34 34.67
0  -2384.94838  -1223.90292  -6545.53313  -7.1031184  -0.1800484   2.6158171 2026 01 14 15 34 54.67
0  -2526.47281  -1227.02374  -6491.74837  -7.0487498  -0.1320488   2.7624287 2026 01 14 15 35 14.67
0  -2666.87691  -1229.18555  -6435.04360  -6.9910912  -0.0841522   2.9078051 2026 01 14 15 35 34.67
0  -2806.09514  -1230.39072  -6375.44419  -6.9301683  -0.0363895   3.0518817 2026 01 14 15 35 54.67
0  -2944.06246  -1230.64222  -6312.97678  -6.8660078   0.0112089   3.1945943 2026 01 14 15 36 14.67
0  -3080.71441  -1229.94365  -6247.66928  -6.7986381   0.0586122   3.3358793 2026 01 14 15 36 34.67
0  -3215.98711  -1228.29921  -6179.55087  -6.7280893   0.1057903   3.4756739 2026 01 14 15 36 54.67
0  -3349.81727  -1225.71372  -6108.65199  -6.6543925   0.1527129   3.6139155 2026 01 14 15 37 14.67
0  -3482.14228  -1222.19257  -6035.00432  -6.5775807   0.1993501   3.7505424 2026 01 14 15 37 34.67
0  -3612.90016  -1217.74178  -5958.64077  -6.4976881   0.2456722   3.8854937 2026 01 14 15 37 54.67
0  -3742.02966  -1212.36795  -5879.59546  -6.4147504   0.2916496   4.0187088 2026 01 14 15 38 14.67
0  -3869.47024  -1206.07826  -5797.90370  -6.3288049   0.3372531   4.1501281 2026 01 14 15 38 34.67
0  -3995.16214  -1198.88048  -5713.60201  -6.2398900   0.3824537   4.2796928 2026 01 14 15 38 54.67
0  -4119.04635  -1190.78296  -5626.72806  -6.1480457   0.4272227   4.4073445 2026 01 14 15 39 14.67
0  -4241.06471  -1181.79461  -5537.32069  -6.0533134   0.4715316   4.5330261 2026 01 14 15 39 34.67
0  -4361.15988  -1171.92492  -5445.41987  -5.9557358   0.5153524   4.6566808 2026 01 14 15 39 54.67
0  -4479.27540  -1161.18393  -5351.06669  -5.8553570   0.5586572   4.7782531 2026 01 14 15 40 14.67
0  -4595.35569  -1149.58223  -5254.30336  -5.7522224   0.6014187   4.8976880 2026 01 14 15 40 34.67
0  -4709.34609  -1137.13096  -5155.17317  -5.6463787   0.6436097   5.0149317 2026 01 14 15 40 54.67
0  -4821.19292  -1123.84179  -5053.72047  -5.5378740   0.6852036   5.1299311 2026 01 14 15 41 14.67
0  -4930.84344  -1109.72695  -4949.99067  -5.4267576   0.7261741   5.2426342 2026 01 14 15 41 34.67
0  -5038.24593  -1094.79914  -4844.03021  -5.3130800   0.7664954   5.3529898 2026 01 14 15 41 54.67
0  -5143.34967  -1079.07162  -4735.88654  -5.1968932   0.8061418   5.4609479 2026 01 14 15 42 14.67
0  -5246.10501  -1062.55812  -4625.60811  -5.0782502   0.8450885   5.5664594 2026 01 14 15 42 34.67
0  -5346.46337  -1045.27290  -4513.24434  -4.9572053   0.8833109   5.6694762 2026 01 14 15 42 54.67
0  -5444.37727  -1027.23068  -4398.84558  -4.8338138   0.9207848   5.7699514 2026 01 14 15 43 14.67
0  -5539.80033  -1008.44666  -4282.46313  -4.7081323   0.9574867   5.8678391 2026 01 14 15 43 34.67
0  -5632.68734   -988.93652  -4164.14920  -4.5802187   0.9933934   5.9630944 2026 01 14 15 43 54.67
0  -5722.99424   -968.71639  -4043.95686  -4.4501317   1.0284823   6.0556739 2026 01 14 15 44 14.67
0  -5810.67816   -947.80285  -3921.94007  -4.3179313   1.0627314   6.1455349 2026 01 14 15 44 34.67
0  -5895.69745   -926.21290  -3798.15360  -4.1836785   1.0961191   6.2326363 2026 01 14 15 44 54.67
0  -5978.01167   -903.96399  -3672.65305  -4.0474351   1.1286245   6.3169379 2026 01 14 15 45 14.67
0  -6057.58164   -881.07398  -3545.49481  -3.9092644   1.1602270   6.3984009 2026 01 14 15 45 34.67
0  -6134.36946   -857.56110  -3416.73603  -3.7692302   1.1909069   6.4769876 2026 01 14 15 45 54.67
0  -6208.33850   -833.44402  -3286.43459  -3.6273975   1.2206450   6.5526616 2026 01 14 15 46 14.67
0  -6279.45345   -808.74176  -3154.64911  -3.4838321   1.2494225   6.6253880 2026 01 14 15 46 34.67
0  -6347.68034   -783.47370  -3021.43888  -3.3386007   1.2772215   6.6951330 2026 01 14 15 46 54.67
0  -6412.98650   -757.65960  -2886.86385  -3.1917711   1.3040245   6.7618640 2026 01 14 15 47 14.67
0  -6475.34066   -731.31954  -2750.98461  -3.0434115   1.3298148   6.8255500 2026 01 14 15 47 34.67
0  -6534.71292   -704.47393  -2613.86237  -2.8935912   1.3545763   6.8861612 2026 01 14 15 47 54.67
0  -6591.07476   -677.14352  -2475.55890  -2.7423802   1.3782934   6.9436693 2026 01 14 15 48 14.67
0  -6644.39907   -649.34933  -2336.13654  -2.5898492   1.4009514   6.9980472 2026 01 14 15 48 34.67
0  -6694.66016   -621.11269  -2195.65814  -2.4360695   1.4225362   7.0492695 2026 01 14 15 48 54.67
0  -6741.83379   -592.45521  -2054.18707  -2.2811132   1.4430344   7.0973119 2026 01 14 15 49 14.67
0  -6785.89714   -563.39873  -1911.78715  -2.1250531   1.4624331   7.1421516 2026 01 14 15 49 34.67
0  -6826.82888   -533.96538  -1768.52265  -1.9679623   1.4807204   7.1837676 2026 01 14 15 49 54.67
0  -6864.60912   -504.17748  -1624.45824  -1.8099148   1.4978850   7.2221398 2026 01 14 15 50 14.67
0  -6899.21947   -474.05762  -1479.65899  -1.6509847   1.5139163   7.2572500 2026 01 14 15 50 34.67
0  -6930.64304   -443.62854  -1334.19030  -1.4912471   1.5288043   7.2890813 2026 01 14 15 50 54.67
0  -6958.86441   -412.91321  -1188.11790  -1.3307770   1.5425400   7.3176184 2026 01 14 15 51 14.67
0  -6983.86971   -381.93476  -1041.50783  -1.1696503   1.5551149   7.3428474 2026 01 14 15 51 34.67
0  -7005.64655   -350.71649   -894.42636  -1.0079429   1.5665214   7.3647560 2026 01 14 15 51 54.67
0  -7024.18409   -319.28182   -746.94001  -0.8457312   1.5767526   7.3833334 2026 01 14 15 52 14.67
0  -7039.47300   -287.65434   -599.11551  -0.6830919   1.5858023   7.3985702 2026 01 14 15 52 34.67
0  -7051.50551   -255.85772   -451.01975  -0.5201019   1.5936651   7.4104587 2026 01 14 15 52 54.67
0  -7060.27536   -223.91574   -302.71975  -0.3568383   1.6003365   7.4189928 2026 01 14 15 53 14.67
0  -7065.77787   -191.85229   -154.28265  -0.1933784   1.6058124   7.4241677 2026 01 14 15 53 34.67
0  -7068.00987   -159.69130     -5.77566  -0.0297997   1.6100899   7.4259803 2026 01 14 15 53 54.67
0  -7066.96977   -127.45676    142.73394   0.1338202   1.6131666   7.4244290 2026 01 14 15 54 14.67
0  -7062.65751    -95.17270    291.17888   0.2974039   1.6150409   7.4195140 2026 01 14 15 54 34.67
0  -7055.07460    -62.86319    439.49190   0.4608737   1.6157121   7.4112367 2026 01 14 15 54 54.67
0  -7044.22409    -30.55228    587.60579   0.6241520   1.6151802   7.3996001 2026 01 14 15 55 14.67
0  -7030.11058      1.73597    735.45339   0.7871612   1.6134458   7.3846091 2026 01 14 15 55 34.67
0  -7012.74023     33.97752    882.96769   0.9498240   1.6105107   7.3662698 2026 01 14 15 55 54.67
0  -6992.12074     66.14838   1030.08180   1.1120631   1.6063770   7.3445900 2026 01 14 15 56 14.67
0  -6968.26136     98.22462   1176.72898   1.2738014   1.6010479   7.3195789 2026 01 14 15 56 34.67
0  -6941.17286    130.18235   1322.84273   1.4349620   1.5945272   7.2912476 2026 01 14 15 56 54.67
0  -6910.86758    161.99780   1468.35676   1.5954682   1.5868196   7.2596083 2026 01 14 15 57 14.67
0  -6877.35935    193.64727   1613.20506   1.7552439   1.5779303   7.2246751 2026 01 14 15 57 34.67
0  -6840.66355    225.10719   1757.32188   1.9142130   1.5678657   7.1864633 2026 01 14 15 57 54.67
0  -6800.79706    256.35413   1900.64183   2.0723000   1.5566326   7.1449901 2026 01 14 15 58 14.67
0  -6757.77829    287.36479   2043.09987   2.2294296   1.5442386   7.1002738 2026 01 14 15 58 34.67
0  -6711.62711    318.11604   2184.63133   2.3855271   1.5306922   7.0523346 2026 01 14 15 58 54.67
0  -6662.36493    348.58491   2325.17196   2.5405184   1.5160026   7.0011938 2026 01 14 15 59 14.67
0  -6610.01459    378.74864   2464.65795   2.6943298   1.5001795   6.9468745 2026 01 14 15 59 34.67
0  -6554.60044    408.58467   2603.02599   2.8468880   1.4832337   6.8894012 2026 01 14 15 59 54.67
0  -6496.14825    438.07065   2740.21325   2.9981207   1.4651765   6.8287997 2026 01 14 16 00 14.67
0  -6434.68525    467.18448   2876.15743   3.1479559   1.4460199   6.7650974 2026 01 14 16 00 34.67
0  -6370.24012    495.90429   3010.79680   3.2963225   1.4257767   6.6983232 2026 01 14 16 00 54.67
0  -6302.84292    524.20849   3144.07022   3.4431500   1.4044605   6.6285071 2026 01 14 16 01 14.67
0  -6232.52514    552.07575   3275.91717   3.5883686   1.3820853   6.5556808 2026 01 14 16 01 34.67
0  -6159.31965    579.48505   3406.27778   3.7319094   1.3586660   6.4798773 2026 01 14 16 01 54.67
0  -6083.26067    606.41565   3535.09283   3.8737044   1.3342182   6.4011310 2026 01 14 16 02 14.67
0  -6004.38381    632.84715   3662.30383   4.0136862   1.3087580   6.3194775 2026 01 14 16 02 34.67
0  -5922.72599    658.75946   3787.85300   4.1517885   1.2823023   6.2349539 2026 01 14 16 02 54.67
0  -5838.32545    684.13285   3911.68332   4.2879457   1.2548686   6.1475986 2026 01 14 16 03 14.67
0  -5751.22175    708.94793   4033.73854   4.4220935   1.2264750   6.0574512 2026 01 14 16 03 34.67
0  -5661.45571    733.18570   4153.96324   4.5541682   1.1971402   5.9645526 2026 01 14 16 03 54.67
0  -5569.06942    756.82753   4272.30281   4.6841074   1.1668836   5.8689450 2026 01 14 16 04 14.67
0  -5474.10621    779.85518   4388.70350   4.8118495   1.1357251   5.7706718 2026 01 14 16 04 34.67
0  -5376.61061    802.25080   4503.11243   4.9373342   1.1036853   5.6697777 2026 01 14 16 04 54.67
0  -5276.62839    823.99700   4615.47766   5.0605021   1.0707853   5.5663083 2026 01 14 16 05 14.67
0  -5174.20644    845.07677   4725.74813   5.1812952   1.0370468   5.4603108 2026 01 14 16 05 34.67
0  -5069.39286    865.47357   4833.87377   5.2996563   1.0024919   5.3518332 2026 01 14 16 05 54.67
0  -4962.23683    885.17130   4939.80547   5.4155296   0.9671434   5.2409247 2026 01 14 16 06 14.67
0  -4852.78865    904.15432   5043.49510   5.5288604   0.9310246   5.1276357 2026 01 14 16 06 34.67
0  -4741.09973    922.40746   5144.89557   5.6395955   0.8941592   5.0120177 2026 01 14 16 06 54.67
0  -4627.22248    939.91602   5243.96082   5.7476825   0.8565714   4.8941229 2026 01 14 16 07 14.67
0  -4511.21040    956.66581   5340.64585   5.8530707   0.8182861   4.7740050 2026 01 14 16 07 34.67
0  -4393.11794    972.64313   5434.90673   5.9557106   0.7793284   4.6517183 2026 01 14 16 07 54.67
0  -4273.00057    987.83477   5526.70065   6.0555537   0.7397239   4.5273183 2026 01 14 16 08 14.67
0  -4150.91469   1002.22808   5615.98590   6.1525533   0.6994986   4.4008614 2026 01 14 16 08 34.67
0  -4026.91763   1015.81090   5702.72192   6.2466639   0.6586791   4.2724049 2026 01 14 16 08 54.67
0  -3901.06761   1028.57160   5786.86928   6.3378412   0.6172922   4.1420069 2026 01 14 16 09 14.67
0  -3773.42373   1040.49912   5868.38976   6.4260426   0.5753652   4.0097265 2026 01 14 16 09 34.67
0  -3644.04592   1051.58292   5947.24630   6.5112267   0.5329256   3.8756236 2026 01 14 16 09 54.67
0  -3512.99493   1061.81303   6023.40305   6.5933538   0.4900014   3.7397589 2026 01 14 16 10 14.67
0  -3380.33229   1071.18005   6096.82540   6.6723852   0.4466209   3.6021939 2026 01 14 16 10 34.67
0  -3246.12028   1079.67514   6167.47995   6.7482843   0.4028127   3.4629907 2026 01 14 16 10 54.67
0  -3110.42192   1087.29002   6235.33458   6.8210154   0.3586057   3.3222123 2026 01 14 16 11 14.67
0  -2973.30089   1094.01701   6300.35841   6.8905447   0.3140290   3.1799225 2026 01 14 16 11 34.67
0  -2834.82157   1099.84901   6362.52186   6.9568397   0.2691121   3.0361854 2026 01 14 16 11 54.67
0  -2695.04894   1104.77952   6421.79663   7.0198697   0.2238847   2.8910660 2026 01 14 16 12 14.67
0  -2554.04862   1108.80263   6478.15574   7.0796051   0.1783766   2.7446300 2026 01 14 16 12 34.67
0  -2411.88676   1111.91301   6531.57350   7.1360184   0.1326180   2.5969434 2026 01 14 16 12 54.67
0  -2268.63008   1114.10596   6582.02557   7.1890832   0.0866391   2.4480730 2026 01 14 16 13 14.67
0  -2124.34580   1115.37739   6629.48896   7.2387750   0.0404705   2.2980860 2026 01 14 16 13 34.67
0  -1979.10161   1115.72380   6673.94200   7.2850707  -0.0058572   2.1470501 2026 01 14 16 13 54.67
0  -1832.96565   1115.14231   6715.36440   7.3279489  -0.0523133   1.9950335 2026 01 14 16 14 14.67
0  -1686.00646   1113.63068   6753.73723   7.3673897  -0.0988669   1.8421048 2026 01 14 16 14 34.67
0  -1538.29299   1111.18725   6789.04294   7.4033751  -0.1454870   1.6883331 2026 01 14 16 14 54.67
0  -1389.89451   1107.81102   6821.26536   7.4358883  -0.1921425   1.5337877 2026 01 14 16 15 14.67
0  -1240.88061   1103.50157   6850.38972   7.4649145  -0.2388024   1.3785385 2026 01 14 16 15 34.67
0  -1091.32118   1098.25914   6876.40264   7.4904403  -0.2854353   1.2226554 2026 01 14 16 15 54.67
0   -941.28633   1092.08459   6899.29214   7.5124542  -0.3320102   1.0662089 2026 01 14 16 16 14.67
0   -790.84641   1084.97937   6919.04767   7.5309460  -0.3784958   0.9092695 2026 01 14 16 16 34.67
0   -640.07195   1076.94559   6935.66008   7.5459074  -0.4248608   0.7519082 2026 01 14 16 16 54.67
0   -489.03363   1067.98597   6949.12163   7.5573318  -0.4710743   0.5941960 2026 01 14 16 17 14.67
0   -337.80223   1058.10385   6959.42602   7.5652140  -0.5171049   0.4362040 2026 01 14 16 17 34.67
0   -186.44864   1047.30321   6966.56838   7.5695507  -0.5629216   0.2780037 2026 01 14 16 17 54.67
0    -35.04379   1035.58862   6970.54525   7.5703401  -0.6084936   0.1196665 2026 01 14 16 18 14.67
0    116.34137   1022.96530   6971.35460   7.5675822  -0.6537898  -0.0387361 2026 01 14 16 18 34.67
0    267.63592   1009.43907   6968.99584   7.5612787  -0.6987795  -0.1971324 2026 01 14 16 18 54.67
0    418.76896    995.01636   6963.46983   7.5514327  -0.7434321  -0.3554509 2026 01 14 16 19 14.67
0    569.66970    979.70422   6954.77882   7.5380492  -0.7877171  -0.5136200 2026 01 14 16 19 34.67
0    720.26745    963.51030   6942.92653   7.5211349  -0.8316042  -0.6715680 2026 01 14 16 19 54.67
0    870.49168    946.44287   6927.91809   7.5006979  -0.8750634  -0.8292235 2026 01 14 16 20 14.67
0   1020.27202    928.51078   6909.76006   7.4767482  -0.9180648  -0.9865152 2026 01 14 16 20 34.67
0   1169.53833    909.72349   6888.46043   7.4492973  -0.9605786  -1.1433718 2026 01 14 16 20 54.67
0   1318.22073    890.09103   6864.02862   7.4183586  -1.0025755  -1.2997222 2026 01 14 16 21 14.67
0   1466.24961    869.62405   6836.47546   7.3839467  -1.0440264  -1.4554956 2026 01 14 16 21 34.67
0   1613.55565    848.33374   6805.81320   7.3460783  -1.0849023  -1.6106212 2026 01 14 16 21 54.67
0   1760.06991    826.23191   6772.05549   7.3047714  -1.1251747  -1.7650287 2026 01 14 16 22 14.67
0   1905.72382    803.33089   6735.21740   7.2600458  -1.1648154  -1.9186479 2026 01 14 16 22 34.67
0   2050.44922    779.64360   6695.31540   7.2119230  -1.2037964  -2.0714091 2026 01 14 16 22 54.67
0   2194.17838    755.18352   6652.36733   7.1604258  -1.2420902  -2.2232429 2026 01 14 16 23 14.67
0   2336.84406    729.96465   6606.39244   7.1055790  -1.2796696  -2.3740800 2026 01 14 16 23 34.67
0   2478.37954    704.00156   6557.41135   7.0474086  -1.3165078  -2.5238519 2026 01 14 16 23 54.67
0   2618.71861    677.30934   6505.44605   6.9859424  -1.3525783  -2.6724903 2026 01 14 16 24 14.67
0   2757.79564    649.90359   6450.51987   6.9212099  -1.3878554  -2.8199276 2026 01 14 16 24 34.67
0   2895.54563    621.80045   6392.65753   6.8532418  -1.4223133  -2.9660964 2026 01 14 16 24 54.67
0   3031.90418    593.01654   6331.88505   6.7820707  -1.4559269  -3.1109300 2026 01 14 16 25 14.67
0   3166.80756    563.56900   6268.22979   6.7077306  -1.4886718  -3.2543622 2026 01 14 16 25 34.67
0   3300.19276    533.47545   6201.72046   6.6302568  -1.5205238  -3.3963275 2026 01 14 16 25 54.67
0   3431.99745    502.75398   6132.38702   6.5496866  -1.5514592  -3.5367610 2026 01 14 16 26 14.67
0   3562.16011    471.42316   6060.26077   6.4660583  -1.5814549  -3.6755984 2026 01 14 16 26 34.67
0   3690.61996    439.50201   5985.37426   6.3794119  -1.6104883  -3.8127759 2026 01 14 16 26 54.67
0   3817.31705    407.00998   5907.76131   6.2897889  -1.6385375  -3.9482309 2026 01 14 16 27 14.67
0   3942.19228    373.96699   5827.45700   6.1972323  -1.6655810  -4.0819010 2026 01 14 16 27 34.67
0   4065.18741    340.39336   5744.49765   6.1017862  -1.6915978  -4.2137250 2026 01 14 16 27 54.67
0   4186.24512    306.30982   5658.92077   6.0034963  -1.7165677  -4.3436422 2026 01 14 16 28 14.67
0   4305.30898    271.73751   5570.76511   5.9024099  -1.7404710  -4.4715929 2026 01 14 16 28 34.67
0   4422.32357    236.69796   5480.07059   5.7985754  -1.7632887  -4.5975182 2026 01 14 16 28 54.67
0   4537.23439    201.21306   5386.87829   5.6920424  -1.7850023  -4.7213602 2026 01 14 16 29 14.67
0   4649.98801    165.30507   5291.23044   5.5828623  -1.8055939  -4.8430617 2026 01 14 16 29 34.67
0   4760.53199    128.99660   5193.17044   5.4710873  -1.8250466  -4.9625666 2026 01 14 16 29 54.67
0   4868.81497     92.31061   5092.74274   5.3567713  -1.8433438  -5.0798198 2026 01 14 16 30 14.67
0   4974.78668     55.27035   4989.99294   5.2399690  -1.8604698  -5.1947672 2026 01 14 16 30 34.67
0   5078.39796     17.89941   4884.96769   5.1207368  -1.8764095  -5.3073556 2026 01 14 16 30 54.67
0   5179.60076    -19.77835   4777.71468   4.9991319  -1.8911485  -5.4175329 2026 01 14 16 31 14.67
0   5278.34823    -57.73877   4668.28265   4.8752128  -1.9046731  -5.5252482 2026 01 14 16 31 34.67
0   5374.59467    -95.95744   4556.72133   4.7490394  -1.9169706  -5.6304517 2026 01 14 16 31 54.67
0   5468.29560   -134.40968   4443.08146   4.6206722  -1.9280286  -5.7330946 2026 01 14 16 32 14.67
0   5559.40777   -173.07060   4327.41472   4.4901733  -1.9378357  -5.8331294 2026 01 14 16 32 34.67
0   5647.88916   -211.91506   4209.77374   4.3576056  -1.9463813  -5.9305096 2026 01 14 16 32 54.67
0   5733.69903   -250.91774   4090.21206   4.2230329  -1.9536554  -6.0251903 2026 01 14 16 33 14.67
0   5816.79794   -290.05312   3968.78412   4.0865204  -1.9596490  -6.1171273 2026 01 14 16 33 34.67
0   5897.14774   -329.29549   3845.54522   3.9481337  -1.9643536  -6.2062782 2026 01 14 16 33 54.67
0   5974.71162   -368.61901   3720.55150   3.8079399  -1.9677617  -6.2926015 2026 01 14 16 34 14.67
0   6049.45411   -407.99766   3593.85991   3.6660066  -1.9698665  -6.3760571 2026 01 14 16 34 34.67
0   6121.34109   -447.40533   3465.52819   3.5224024  -1.9706621  -6.4566064 2026 01 14 16 34 54.67
0   6190.33986   -486.81578   3335.61486   3.3771968  -1.9701432  -6.5342119 2026 01 14 16 35 14.67
0   6256.41907   -526.20267   3204.17914   3.2304599  -1.9683057  -6.6088377 2026 01 14 16 35 34.67
0   6319.54881   -565.53959   3071.28098   3.0822627  -1.9651458  -6.6804491 2026 01 14 16 35 54.67
0   6379.70060   -604.80007   2936.98100   2.9326769  -1.9606610  -6.7490130 2026 01 14 16 36 14.67
0   6436.84737   -643.95759   2801.34048   2.7817749  -1.9548493  -6.8144975 2026 01 14 16 36 34.67
0   6490.96354   -682.98559   2664.42131   2.6296297  -1.9477098  -6.8768722 2026 01 14 16 36 54.67
0   6542.02497   -721.85752   2526.28597   2.4763149  -1.9392421  -6.9361085 2026 01 14 16 37 14.67
0   6590.00901   -760.54682   2386.99752   2.3219046  -1.9294469  -6.9921787 2026 01 14 16 37 34.67
0   6634.89450   -799.02695   2246.61953   2.1664736  -1.9183257  -7.0450572 2026 01 14 16 37 54.67
0   6676.66178   -837.27142   2105.21608   2.0100970  -1.9058807  -7.0947193 2026 01 14 16 38 14.67
0   6715.29269   -875.25377   1962.85175   1.8528506  -1.8921151  -7.1411424 2026 01 14 16 38 34.67
0   6750.77059   -912.94763   1819.59151   1.6948103  -1.8770329  -7.1843050 2026 01 14 16 38 54.67
0   6783.08037   -950.32672   1675.50080   1.5360527  -1.8606388  -7.2241874 2026 01 14 16 39 14.67
0   6812.20845   -987.36485   1530.64538   1.3766543  -1.8429385  -7.2607713 2026 01 14 16 39 34.67
0   6838.14279  -1024.03596   1385.09142   1.2166924  -1.8239384  -7.2940400 2026 01 14 16 39 54.67
0   6860.87288  -1060.31413   1238.90535   1.0562440  -1.8036459  -7.3239786 2026 01 14 16 40 14.67
0   6880.38977  -1096.17359   1092.15393   0.8953868  -1.7820691  -7.3505734 2026 01 14 16 40 34.67
0   6896.68606  -1131.58874    944.90415   0.7341984  -1.7592168  -7.3738125 2026 01 14 16 40 54.67
0   6909.75591  -1166.53416    797.22323   0.5727565  -1.7350989  -7.3936857 2026 01 14 16 41 14.67
0   6919.59502  -1200.98466    649.17858   0.4111390  -1.7097260  -7.4101842 2026 01 14 16 41 34.67
0   6926.20067  -1234.91524    500.83777   0.2494238  -1.6831094  -7.4233009 2026 01 14 16 41 54.67
0   6929.57167  -1268.30114    352.26850   0.0876886  -1.6552613  -7.4330303 2026 01 14 16 42 14.67
0   6929.70840  -1301.11787    203.53854  -0.0739886  -1.6261947  -7.4393686 2026 01 14 16 42 34.67
0   6926.61281  -1333.34119     54.71576  -0.2355301  -1.5959234  -7.4423133 2026 01 14 16 42 54.67
0   6920.28838  -1364.94716    -94.13197  -0.3968584  -1.5644619  -7.4418640 2026 01 14 16 43 14.67
0   6910.74016  -1395.91212   -242.93677  -0.5578959  -1.5318256  -7.4380214 2026 01 14 16 43 34.67
0   6897.97472  -1426.21273   -391.63081  -0.7185655  -1.4980305  -7.4307882 2026 01 14 16 43 54.67
0   6882.00021  -1455.82598   -540.14630  -0.8787903  -1.4630935  -7.4201685 2026 01 14 16 44 14.67
0   6862.82629  -1484.72922   -688.41558  -1.0384935  -1.4270321  -7.4061681 2026 01 14 16 44 34.67
0   6840.46414  -1512.90013   -836.37109  -1.1975989  -1.3898648  -7.3887944 2026 01 14 16 44 54.67
0   6814.92649  -1540.31679   -983.94547  -1.3560305  -1.3516105  -7.3680563 2026 01 14 16 45 14.67
0   6786.22758  -1566.95766  -1131.07151  -1.5137127  -1.3122889  -7.3439643 2026 01 14 16 45 34.67
0   6754.38314  -1592.80158  -1277.68227  -1.6705706  -1.2719206  -7.3165305 2026 01 14 16 45 54.67
0   6719.41040  -1617.82785  -1423.71105  -1.8265295  -1.2305267  -7.2857688 2026 01 14 16 46 14.67
0   6681.32809  -1642.01615  -1569.09143  -1.9815153  -1.1881291  -7.2516942 2026 01 14 16 46 34.67
0   6640.15640  -1665.34665  -1713.75733  -2.1354547  -1.1447501  -7.2143237 2026 01 14 16 46 54.67
0   6595.91700  -1687.79995  -1857.64299  -2.2882747  -1.1004131  -7.1736754 2026 01 14 16 47 14.67
0   6548.63299  -1709.35711  -2000.68308  -2.4399032  -1.0551416  -7.1297694 2026 01 14 16 47 34.67
0   6498.32892  -1729.99971  -2142.81264  -2.5902687  -1.0089602  -7.0826270 2026 01 14 16 47 54.67
0   6445.03077  -1749.70977  -2283.96717  -2.7393003  -0.9618937  -7.0322710 2026 01 14 16 48 14.67
0   6388.76590  -1768.46987  -2424.08264  -2.8869279  -0.9139680  -6.9787258 2026 01 14 16 48 34.67
0   6329.56311  -1786.26307  -2563.09552  -3.0330825  -0.8652090  -6.9220172 2026 01 14 16 48 54.67
0   6267.45252  -1803.07299  -2700.94283  -3.1776954  -0.8156435  -6.8621726 2026 01 14 16 49 14.67
0   6202.46566  -1818.88375  -2837.56211  -3.3206992  -0.7652989  -6.7992206 2026 01 14 16 49 34.67
0   6134.63538  -1833.68005  -2972.89153  -3.4620272  -0.7142028  -6.7331914 2026 01 14 16 49 54.67
0   6063.99584  -1847.44715  -3106.86985  -3.6016137  -0.6623837  -6.6641165 2026 01 14 16 50 14.67
0   5990.58253  -1860.17088  -3239.43649  -3.7393937  -0.6098704  -6.5920288 2026 01 14 16 50 34.67
0   5914.43223  -1871.83764  -3370.53153  -3.8753036  -0.5566922  -6.5169627 2026 01 14 16 50 54.67
0   5835.58295  -1882.43443  -3500.09576  -4.0092805  -0.5028787  -6.4389536 2026 01 14 16 51 14.67
0   5754.07398  -1891.94885  -3628.07068  -4.1412628  -0.4484603  -6.3580387 2026 01 14 16 51 34.67
0   5669.94583  -1900.36911  -3754.39857  -4.2711896  -0.3934676  -6.2742560 2026 01 14 16 51 54.67
0   5583.24019  -1907.68402  -3879.02245  -4.3990014  -0.3379315  -6.1876452 2026 01 14 16 52 14.67
0   5493.99995  -1913.88304  -4001.88617  -4.5246399  -0.2818836  -6.0982469 2026 01 14 16 52 34.67
0   5402.26917  -1918.95624  -4122.93441  -4.6480476  -0.2253555  -6.0061032 2026 01 14 16 52 54.67
0   5308.09300  -1922.89435  -4242.11268  -4.7691685  -0.1683796  -5.9112573 2026 01 14 16 53 14.67
0   5211.51775  -1925.68872  -4359.36738  -4.8879477  -0.1109882  -5.8137535 2026 01 14 16 53 34.67
0   5112.59077  -1927.33139  -4474.64581  -5.0043314  -0.0532142  -5.7136375 2026 01 14 16 53 54.67
0   5011.36052  -1927.81502  -4587.89618  -5.1182672   0.0049093  -5.6109558 2026 01 14 16 54 14.67
0   4907.87646  -1927.13297  -4699.06767  -5.2297039   0.0633490  -5.5057564 2026 01 14 16 54 34.67
0   4802.18907  -1925.27924  -4808.11040  -5.3385917   0.1220712  -5.3980879 2026 01 14 16 54 54.67
0   4694.34982  -1922.24851  -4914.97549  -5.4448819   0.1810419  -5.2880004 2026 01 14 16 55 14.67
0   4584.41114  -1918.03617  -5019.61507  -5.5485273   0.2402272  -5.1755449 2026 01 14 16 55 34.67
0   4472.42638  -1912.63827  -5121.98230  -5.6494820   0.2995928  -5.0607732 2026 01 14 16 55 54.67
0   4358.44980  -1906.05153  -5222.03137  -5.7477014   0.3591040  -4.9437383 2026 01 14 16 56 14.67
0   4242.53654  -1898.27340  -5319.71757  -5.8431424   0.4187263  -4.8244942 2026 01 14 16 56 34.67
0   4124.74259  -1889.30200  -5414.99725  -5.9357631   0.4784248  -4.7030955 2026 01 14 16 56 54.67
0   4005.12477  -1879.13615  -5507.82788  -6.0255233   0.5381647  -4.5795981 2026 01 14 16 57 14.67
0   3883.74066  -1867.77539  -5598.16805  -6.1123840   0.5979109  -4.4540585 2026 01 14 16 57 34.67
0   3760.64864  -1855.21992  -5685.97749  -6.1963077   0.6576283  -4.3265340 2026 01 14 16 57 54.67
0   3635.90782  -1841.47069  -5771.21707  -6.2772583   0.7172817  -4.1970830 2026 01 14 16 58 14.67
0   3509.57799  -1826.52931  -5853.84887  -6.3552012   0.7768359  -4.0657645 2026 01 14 16 58 34.67
0   3381.71966  -1810.39814  -5933.83611  -6.4301033   0.8362556  -3.9326382 2026 01 14 16 58 54.67
0   3252.39394  -1793.08020  -6011.14326  -6.5019331   0.8955056  -3.7977647 2026 01 14 16 59 14.67
0   3121.66260  -1774.57926  -6085.73598  -6.5706602   0.9545505  -3.6612050 2026 01 14 16 59 34.67
0   2989.58798  -1754.89976  -6157.58116  -6.6362561   1.0133552  -3.5230212 2026 01 14 16 59 54.67
0   2856.23296  -1734.04685  -6226.64694  -6.6986936   1.0718845  -3.3832758 2026 01 14 17 00 14.67
0   2721.66099  -1712.02640  -6292.90271  -6.7579471   1.1301032  -3.2420318 2026 01 14 17 00 34.67
0   2585.93597  -1688.84497  -6356.31915  -6.8139925   1.1879763  -3.0993531 2026 01 14 17 00 54.67
0   2449.12231  -1664.50982  -6416.86820  -6.8668072   1.2454688  -2.9553038 2026 01 14 17 01 14.67
0   2311.28483  -1639.02891  -6474.52310  -6.9163702   1.3025461  -2.8099489 2026 01 14 17 01 34.67
0   2172.48876  -1612.41090  -6529.25838  -6.9626619   1.3591733  -2.6633537 2026 01 14 17 01 54.67
0   2032.79971  -1584.66512  -6581.04989  -7.0056644   1.4153160  -2.5155839 2026 01 14 17 02 14.67
0   1892.28362  -1555.80161  -6629.87481  -7.0453612   1.4709398  -2.3667059 2026 01 14 17 02 34.67
0   1751.00678  -1525.83110  -6675.71163  -7.0817376   1.5260107  -2.2167863 2026 01 14 17 02 54.67
0   1609.03571  -1494.76497  -6718.54020  -7.1147800   1.5804946  -2.0658922 2026 01 14 17 03 14.67
0   1466.43722  -1462.61532  -6758.34169  -7.1444768   1.6343579  -1.9140911 2026 01 14 17 03 34.67
0   1323.27834  -1429.39488  -6795.09863  -7.1708177   1.6875672  -1.7614506 2026 01 14 17 03 54.67
0   1179.62625  -1395.11706  -6828.79494  -7.1937941   1.7400892  -1.6080390 2026 01 14 17 04 14.67
0   1035.54834  -1359.79595  -6859.41585  -7.2133988   1.7918911  -1.4539245 2026 01 14 17 04 34.67
0    891.11209  -1323.44626  -6886.94800  -7.2296262   1.8429402  -1.2991759 2026 01 14 17 04 54.67
0    746.38509  -1286.08339  -6911.37940  -7.2424723   1.8932044  -1.1438619 2026 01 14 17 05 14.67
0    601.43500  -1247.72334  -6932.69943  -7.2519347   1.9426516  -0.9880516 2026 01 14 17 05 34.67
0    456.32950  -1208.38278  -6950.89885  -7.2580123   1.9912504  -0.8318143 2026 01 14 17 05 54.67
0    311.13629  -1168.07898  -6965.96981  -7.2607058   2.0389694  -0.6752193 2026 01 14 17 06 14.67
0    165.92303  -1126.82985  -6977.90586  -7.2600173   2.0857780  -0.5183361 2026 01 14 17 06 34.67
0     20.75733  -1084.65391  -6986.70192  -7.2559505   2.1316455  -0.3612344 2026 01 14 17 06 54.67
0   -124.29329  -1041.57027  -6992.35432  -7.2485106   2.1765422  -0.2039837 2026 01 14 17 07 14.67
0   -269.16145   -997.59865  -6994.86078  -7.2377044   2.2204384  -0.0466537 2026 01 14 17 07 34.67
0   -413.77988   -952.75936  -6994.22042  -7.2235400   2.2633049   0.1106858 2026 01 14 17 07 54.67
0   -558.08152   -907.07326  -6990.43372  -7.2060273   2.3051133   0.2679652 2026 01 14 17 08 14.67
0   -701.99951   -860.56181  -6983.50260  -7.1851775   2.3458353   0.4251149 2026 01 14 17 08 34.67
0   -845.46724   -813.24702  -6973.43035  -7.1610033   2.3854433   0.5820652 2026 01 14 17 08 54.67
0   -988.41835   -765.15143  -6960.22164  -7.1335192   2.4239101   0.7387467 2026 01 14 17 09 14.67
0  -1130.78681   -716.29814  -6943.88255  -7.1027408   2.4612093   0.8950900 2026 01 14 17 09 34.67
0  -1272.50689   -666.71075  -6924.42053  -7.0686853   2.4973147   1.0510260 2026 01 14 17 09 54.67
0  -1413.51323   -616.41342  -6901.84442  -7.0313715   2.5322008   1.2064857 2026 01 14 17 10 14.67
0  -1553.74088   -565.43076  -6876.16443  -6.9908195   2.5658427   1.3614002 2026 01 14 17 10 34.67
0  -1693.12527   -513.78790  -6847.39216  -6.9470510   2.5982163   1.5157009 2026 01 14 17 10 54.67
0  -1831.60230   -461.51046  -6815.54057  -6.9000890   2.6292976   1.6693195 2026 01 14 17 11 14.67
0  -1969.10835   -408.62451  -6780.62397  -6.8499580   2.6590637   1.8221880 2026 01 14 17 11 34.67
0  -2105.58029   -355.15658  -6742.65806  -6.7966839   2.6874921   1.9742387 2026 01 14 17 11 54.67
0  -2240.95553   -301.13364  -6701.65985  -6.7402940   2.7145611   2.1254040 2026 01 14 17 12 14.67
0  -2375.17204   -246.58310  -6657.64774  -6.6808172   2.7402494   2.2756172 2026 01 14 17 12 34.67
0  -2508.16838   -191.53278  -6610.64142  -6.6182834   2.7645367   2.4248114 2026 01 14 17 12 54.67
0  -2639.88372   -136.01089  -6560.66196  -6.5527242   2.7874031   2.5729204 2026 01 14 17 13 14.67
0  -2770.25787    -80.04604  -6507.73169  -6.4841723   2.8088296   2.7198786 2026 01 14 17 13 34.67
0  -2899.23133    -23.66722  -6451.87431  -6.4126621   2.8287979   2.8656205 2026 01 14 17 13 54.67
0  -3026.74527     33.09623  -6393.11479  -6.3382290   2.8472904   3.0100814 2026 01 14 17 14 14.67
0  -3152.74162     90.21462  -6331.47938  -6.2609099   2.8642901   3.1531969 2026 01 14 17 14 34.67
0  -3277.16301    147.65794  -6266.99564  -6.1807429   2.8797809   3.2949035 2026 01 14 17 14 54.67
0  -3399.95290    205.39585  -6199.69239  -6.0977674   2.8937476   3.4351378 2026 01 14 17 15 14.67
0  -3521.05551    263.39773  -6129.59968  -6.0120241   2.9061754   3.5738373 2026 01 14 17 15 34.67
0  -3640.41591    321.63264  -6056.74885  -5.9235550   2.9170506   3.7109402 2026 01 14 17 15 54.67
0  -3757.98001    380.06942  -5981.17244  -5.8324034   2.9263602   3.8463850 2026 01 14 17 16 14.67
0  -3873.69460    438.67663  -5902.90421  -5.7386135   2.9340920   3.9801114 2026 01 14 17 16 34.67
0  -3987.50737    497.42259  -5821.97914  -5.6422310   2.9402346   4.1120593 2026 01 14 17 16 54.67
0  -4099.36693    556.27541  -5738.43340  -5.5433027   2.9447774   4.2421696 2026 01 14 17 17 14.67
0  -4209.22285    615.20300  -5652.30432  -5.4418766   2.9477109   4.3703839 2026 01 14 17 17 34.67
0  -4317.02567    674.17309  -5563.63039  -5.3380017   2.9490260   4.4966446 2026 01 14 17 17 54.67
0  -4422.72689    733.15322  -5472.45127  -5.2317283   2.9487147   4.6208950 2026 01 14 17 18 14.67
0  -4526.27908    792.11079  -5378.80771  -5.1231077   2.9467700   4.7430791 2026 01 14 17 18 34.67
0  -4627.63581    851.01307  -5282.74161  -5.0121923   2.9431855   4.8631418 2026 01 14 17 18 54.67
0  -4726.75171    909.82721  -5184.29593  -4.8990356   2.9379558   4.9810289 2026 01 14 17 19 14.67
0  -4823.58250    968.52026  -5083.51472  -4.7836920   2.9310764   5.0966871 2026 01 14 17 19 34.67
0  -4918.08500   1027.05919  -4980.44308  -4.6662171   2.9225437   5.2100640 2026 01 14 17 19 54.67
0  -5010.21714   1085.41090  -4875.12716  -4.5466673   2.9123549   5.3211084 2026 01 14 17 20 14.67
0  -5099.93801   1143.54225  -4767.61411  -4.4251001   2.9005083   5.4297697 2026 01 14 17 20 34.67
0  -5187.20784   1201.42007  -4657.95209  -4.3015739   2.8870028   5.5359986 2026 01 14 17 20 54.67
0  -5271.98804   1259.01118  -4546.19024  -4.1761480   2.8718384   5.6397467 2026 01 14 17 21 14.67
0  -5354.24122   1316.28243  -4432.37864  -4.0488826   2.8550162   5.7409669 2026 01 14 17 21 34.67
0  -5433.93120   1373.20065  -4316.56832  -3.9198386   2.8365378   5.8396127 2026 01 14 17 21 54.67
0  -5511.02302   1429.73277  -4198.81122  -3.7890780   2.8164061   5.9356393 2026 01 14 17 22 14.67
0  -5585.48298   1485.84574  -4079.16016  -3.6566635   2.7946247   6.0290025 2026 01 14 17 22 34.67
0  -5657.27864   1541.50663  -3957.66885  -3.5226585   2.7711983   6.1196597 2026 01 14 17 22 54.67
0  -5726.37883   1596.68257  -3834.39182  -3.3871272   2.7461323   6.2075690 2026 01 14 17 23 14.67
0  -5792.75367   1651.34085  -3709.38444  -3.2501345   2.7194332   6.2926902 2026 01 14 17 23 34.67
0  -5856.37458   1705.44888  -3582.70286  -3.1117460   2.6911085   6.3749839 2026 01 14 17 23 54.67
0  -5917.21433   1758.97422  -3454.40401  -2.9720280   2.6611664   6.4544123 2026 01 14 17 24 14.67
0  -5975.24698   1811.88463  -3324.54557  -2.8310473   2.6296163   6.5309385 2026 01 14 17 24 34.67
0  -6030.44795   1864.14803  -3193.18595  -2.6888714   2.5964683   6.6045270 2026 01 14 17 24 54.67
0  -6082.79403   1915.73259  -3060.38423  -2.5455684   2.5617335   6.6751439 2026 01 14 17 25 14.67
0  -6132.26335   1966.60668  -2926.20017  -2.4012067   2.5254240   6.7427561 2026 01 14 17 25 34.67
0  -6178.83544   2016.73895  -2790.69420  -2.2558555   2.4875528   6.8073323 2026 01 14 17 25 54.67
0  -6222.49119   2066.09829  -2653.92733  -2.1095842   2.4481337   6.8688422 2026 01 14 17 26 14.67
0  -6263.21291   2114.65390  -2515.96118  -1.9624629   2.4071816   6.9272572 2026 01 14 17 26 34.67
0  -6300.98430   2162.37526  -2376.85793  -1.8145617   2.3647122   6.9825497 2026 01 14 17 26 54.67
0  -6335.79046   2209.23221  -2236.68027  -1.6659515   2.3207421   7.0346938 2026 01 14 17 27 14.67
0  -6367.61793   2255.19489  -2095.49144  -1.5167032   2.2752888   7.0836649 2026 01 14 17 27 34.67
0  -6396.45466   2300.23384  -1953.35512  -1.3668881   2.2283708   7.1294399 2026 01 14 17 27 54.67
0  -6422.29003   2344.31994  -1810.33545  -1.2165779   2.1800074   7.1719970 2026 01 14 17 28 14.67
0  -6445.11485   2387.42449  -1666.49699  -1.0658442   2.1302187   7.2113161 2026 01 14 17 28 34.67
0  -6464.92138   2429.51920  -1521.90469  -0.9147590   2.0790259   7.2473784 2026 01 14 17 28 54.67
0  -6481.70330   2470.57620  -1376.62387  -0.7633945   2.0264508   7.2801665 2026 01 14 17 29 14.67
0  -6495.45576   2510.56806  -1230.72017  -0.6118229   1.9725162   7.3096647 2026 01 14 17 29 34.67
0  -6506.17532   2549.46785  -1084.25952  -0.4601163   1.9172458   7.3358586 2026 01 14 17 29 54.67
0  -6513.86002   2587.24908   -937.30815  -0.3083473   1.8606641   7.3587356 2026 01 14 17 30 14.67
0  -6518.50932   2623.88577   -789.93251  -0.1565880   1.8027962   7.3782843 2026 01 14 17 30 34.67
0  -6520.12416   2659.35247   -642.19925  -0.0049108   1.7436683   7.3944950 2026 01 14 17 30 54.67
0  -6518.70688   2693.62425   -494.17524   0.1466121   1.6833073   7.4073594 2026 01 14 17 31 14.67
0  -6514.26131   2726.67670   -345.92745   0.2979087   1.6217408   7.4168710 2026 01 14 17 31 34.67
0  -6506.79267   2758.48602   -197.52300   0.4489069   1.5589974   7.4230247 2026 01 14 17 31 54.67
0  -6496.30766   2789.02895    -49.02908   0.5995351   1.4951061   7.4258167 2026 01 14 17 32 14.67
0  -6482.81440   2818.28284     99.48705   0.7497216   1.4300970   7.4252452 2026 01 14 17 32 34.67
0  -6466.32242   2846.22562    247.95811   0.8993953   1.3640008   7.4213097 2026 01 14 17 32 54.67
0  -6446.84270   2872.83588    396.31684   1.0484850   1.2968488   7.4140112 2026 01 14 17 33 14.67
0  -6424.38762   2898.09281    544.49599   1.1969203   1.2286732   7.4033525 2026 01 14 17 33 34.67
0  -6398.97097   2921.97628    692.42841   1.3446307   1.1595066   7.3893377 2026 01 14 17 33 54.67
0  -6370.60796   2944.46678    840.04702   1.4915464   1.0893827   7.3719726 2026 01 14 17 34 14.67
0  -6339.31516   2965.54553    987.28490   1.6375980   1.0183354   7.3512645 2026 01 14 17 34 34.67
0  -6305.11054   2985.19439   1134.07527   1.7827165   0.9463995   7.3272223 2026 01 14 17 34 54.67
0  -6268.01347   3003.39595   1280.35154   1.9268335   0.8736103   7.2998564 2026 01 14 17 35 14.67
0  -6228.04463   3020.13350   1426.04737   2.0698811   0.8000038   7.2691788 2026 01 14 17 35 34.67
0  -6185.22611   3035.39105   1571.09665   2.2117919   0.7256165   7.2352029 2026 01 14 17 35 54.67
0  -6139.58129   3049.15336   1715.43357   2.3524994   0.6504854   7.1979439 2026 01 14 17 36 14.67
0  -6091.13490   3061.40593   1858.99262   2.4919373   0.5746482   7.1574181 2026 01 14 17 36 34.67
0  -6039.91300   3072.13501   2001.70864   2.6300404   0.4981429   7.1136438 2026 01 14 17 36 54.67
0  -5985.94292   3081.32763   2143.51686   2.7667440   0.4210082   7.0666404 2026 01 14 17 37 14.67
0  -5929.25330   3088.97159   2284.35291   2.9019842   0.3432831   7.0164291 2026 01 14 17 37 34.67
0  -5869.87403   3095.05548   2424.15285   3.0356980   0.2650073   6.9630323 2026 01 14 17 37 54.67
0  -5807.83626   3099.56868   2562.85321   3.1678229   0.1862206   6.9064742 2026 01 14 17 38 14.67
0  -5743.17239   3102.50137   2700.39101   3.2982976   0.1069636   6.8467802 2026 01 14 17 38 34.67
0  -5675.91603   3103.84457   2836.70380   3.4270614   0.0272769   6.7839772 2026 01 14 17 38 54.67
0  -5606.10199   3103.59007   2971.72969   3.5540548  -0.0527983   6.7180936 2026 01 14 17 39 14.67
0  -5533.76628   3101.73054   3105.40735   3.6792188  -0.1332204   6.6491593 2026 01 14 17 39 34.67
0  -5458.94605   3098.25944   3237.67608   3.8024959  -0.2139477   6.5772053 2026 01 14 17 39 54.67
0  -5381.67962   3093.17109   3368.47582   3.9238291  -0.2949380   6.5022643 2026 01 14 17 40 14.67
0  -5302.00641   3086.46066   3497.74715   4.0431628  -0.3761489   6.4243703 2026 01 14 17 40 34.67
0  -5219.96698   3078.12416   3625.43137   4.1604421  -0.4575378   6.3435586 2026 01 14 17 40 54.67
0  -5135.60295   3068.15845   3751.47049   4.2756134  -0.5390618   6.2598658 2026 01 14 17 41 14.67
0  -5048.95700   3056.56128   3875.80725   4.3886242  -0.6206778   6.1733299 2026 01 14 17 41 34.67
0  -4960.07286   3043.33122   3998.38520   4.4994230  -0.7023424   6.0839901 2026 01 14 17 41 54.67
0  -4868.99527   3028.46774   4119.14866   4.6079596  -0.7840123   5.9918871 2026 01 14 17 42 14.67
0  -4775.76998   3011.97118   4238.04277   4.7141847  -0.8656438   5.8970626 2026 01 14 17 42 34.67
0  -4680.44369   2993.84273   4355.01353   4.8180505  -0.9471933   5.7995598 2026 01 14 17 42 54.67
0  -4583.06405   2974.08447   4470.00782   4.9195102  -1.0286169   5.6994227 2026 01 14 17 43 14.67
0  -4483.67966   2952.69936   4582.97341   5.0185183  -1.1098707   5.5966971 2026 01 14 17 43 34.67
0  -4382.33998   2929.69123   4693.85898   5.1150307  -1.1909109   5.4914293 2026 01 14 17 43 54.67
0  -4279.09536   2905.06480   4802.61417   5.2090042  -1.2716936   5.3836674 2026 01 14 17 44 14.67
0  -4173.99700   2878.82566   4909.18958   5.3003973  -1.3521747   5.2734601 2026 01 14 17 44 34.67
0  -4067.09691   2850.98026   5013.53681   5.3891695  -1.4323104   5.1608574 2026 01 14 17 44 54.67
0  -3958.44790   2821.53598   5115.60845   5.4752818  -1.5120568   5.0459106 2026 01 14 17 45 14.67
0  -3848.10356   2790.50101   5215.35815   5.5586965  -1.5913701   4.9286716 2026 01 14 17 45 34.67
0  -3736.11819   2757.88448   5312.74058   5.6393773  -1.6702066   4.8091938 2026 01 14 17 45 54.67
0  -3622.54684   2723.69634   5407.71151   5.7172891  -1.7485228   4.6875312 2026 01 14 17 46 14.67
0  -3507.44521   2687.94743   5500.22780   5.7923983  -1.8262753   4.5637391 2026 01 14 17 46 34.67
0  -3390.86969   2650.64948   5590.24740   5.8646728  -1.9034206   4.4378735 2026 01 14 17 46 54.67
0  -3272.87728   2611.81504   5677.72944   5.9340818  -1.9799158   4.3099915 2026 01 14 17 47 14.67
0  -3153.52559   2571.45755   5762.63414   6.0005959  -2.0557181   4.1801510 2026 01 14 17 47 34.67
0  -3032.87279   2529.59130   5844.92293   6.0641872  -2.1307847   4.0484108 2026 01 14 17 47 54.67
0  -2910.97762   2486.23143   5924.55841   6.1248292  -2.2050732   3.9148305 2026 01 14 17 48 14.67
0  -2787.89930   2441.39391   6001.50438   6.1824969  -2.2785417   3.7794706 2026 01 14 17 48 34.67
0  -2663.69758   2395.09557   6075.72586   6.2371666  -2.3511482   3.6423924 2026 01 14 17 48 54.67
0  -2538.43262   2347.35406   6147.18910   6.2888163  -2.4228514   3.5036579 2026 01 14 17 49 14.67
0  -2412.16504   2298.18787   6215.86161   6.3374254  -2.4936100   3.3633298 2026 01 14 17 49 34.67
0  -2284.95584   2247.61628   6281.71214   6.3829747  -2.5633833   3.2214715 2026 01 14 17 49 54.67
0  -2156.86641   2195.65941   6344.71073   6.4254465  -2.6321310   3.0781473 2026 01 14 17 50 14.67
0  -2027.95845   2142.33818   6404.82871   6.4648248  -2.6998131   2.9334218 2026 01 14 17 50 34.67
0  -1898.29398   2087.67429   6462.03871   6.5010949  -2.7663900   2.7873605 2026 01 14 17 50 54.67
0  -1767.93531   2031.69024   6516.31467   6.5342435  -2.8318227   2.6400293 2026 01 14 17 51 14.67
0  -1636.94498   1974.40930   6567.63185   6.5642592  -2.8960725   2.4914948 2026 01 14 17 51 34.67
0  -1505.38576   1915.85550   6615.96687   6.5911316  -2.9591014   2.3418241 2026 01 14 17 51 54.67
0  -1373.32059   1856.05365   6661.29767   6.6148523  -3.0208718   2.1910848 2026 01 14 17 52 14.67
0  -1240.81259   1795.02928   6703.60357   6.6354140  -3.0813467   2.0393448 2026 01 14 17 52 34.67
0  -1107.92500   1732.80868   6742.86522   6.6528113  -3.1404894   1.8866728 2026 01 14 17 52 54.67
0   -974.72115   1669.41884   6779.06469   6.6670399  -3.1982642   1.7331376 2026 01 14 17 53 14.67
0   -841.26443   1604.88748   6812.18540   6.6780974  -3.2546356   1.5788086 2026 01 14 17 53 34.67
0   -707.61829   1539.24301   6842.21217   6.6859826  -3.3095690   1.4237554 2026 01 14 17 53 54.67
0   -573.84617   1472.51454   6869.13121   6.6906961  -3.3630303   1.2680479 2026 01 14 17 54 14.67
0   -440.01149   1404.73184   6892.93015   6.6922397  -3.4149861   1.1117565 2026 01 14 17 54 34.67
0   -306.17760   1335.92535   6913.59802   6.6906170  -3.4654036   0.9549518 2026 01 14 17 54 54.67
0   -172.40780   1266.12616   6931.12524   6.6858328  -3.5142507   0.7977044 2026 01 14 17 55 14.67
0    -38.76525   1195.36599   6945.50368   6.6778937  -3.5614962   0.6400855 2026 01 14 17 55 34.67
0     94.68703   1123.67718   6956.72663   6.6668075  -3.6071094   0.4821661 2026 01 14 17 55 54.67
0    227.88620   1051.09268   6964.78878   6.6525837  -3.6510605   0.3240176 2026 01 14 17 56 14.67
0    360.76960    977.64602   6969.68627   6.6352332  -3.6933202   0.1657115 2026 01 14 17 56 34.67
0    493.27482    903.37131   6971.41666   6.6147684  -3.7338604   0.0073193 2026 01 14 17 56 54.67
0    625.33971    828.30322   6969.97894   6.5912032  -3.7726534  -0.1510876 2026 01 14 17 57 14.67
0    756.90242    752.47696   6965.37354   6.5645527  -3.8096726  -0.3094373 2026 01 14 17 57 34.67
0    887.90141    675.92828   6957.60232   6.5348339  -3.8448920  -0.4676584 2026 01 14 17 57 54.67
0   1018.27549    598.69340   6946.66857   6.5020648  -3.8782866  -0.6256793 2026 01 14 17 58 14.67
0   1147.96385    520.80909   6932.57700   6.4662651  -3.9098323  -0.7834284 2026 01 14 17 58 34.67
0   1276.90608    442.31254   6915.33376   6.4274559  -3.9395057  -0.9408344 2026 01 14 17 58 54.67
0   1405.04222    363.24142   6894.94644   6.3856596  -3.9672844  -1.0978259 2026 01 14 17 59 14.67
0   1532.31276    283.63386   6871.42402   6.3409001  -3.9931469  -1.2543319 2026 01 14 17 59 34.67
0   1658.65868    203.52838   6844.77694   6.2932026  -4.0170726  -1.4102813 2026 01 14 17 59 54.67
0   1784.02151    122.96391   6815.01703   6.2425938  -4.0390419  -1.5656035 2026 01 14 18 00 14.67
0   1908.34327     41.97976   6782.15754   6.1891015  -4.0590361  -1.7202279 2026 01 14 18 00 34.67
0   2031.56661    -39.38437   6746.21313   6.1327553  -4.0770374  -1.8740844 2026 01 14 18 00 54.67
0   2153.63473   -121.08846   6707.19985   6.0735857  -4.0930291  -2.0271031 2026 01 14 18 01 14.67
0   2274.49150   -203.09217   6665.13516   6.0116248  -4.1069954  -2.1792144 2026 01 14 18 01 34.67
0   2394.08142   -285.35483   6620.03790   5.9469058  -4.1189216  -2.3303491 2026 01 14 18 01 54.67
0   2512.34967   -367.83550   6571.92829   5.8794634  -4.1287938  -2.4804384 2026 01 14 18 02 14.67
0   2629.24214   -450.49298   6520.82791   5.8093334  -4.1365994  -2.6294141 2026 01 14 18 02 34.67
0   2744.70545   -533.28582   6466.75973   5.7365530  -4.1423267  -2.7772081 2026 01 14 18 02 54.67
0   2858.68697   -616.17233   6409.74804   5.6611605  -4.1459649  -2.9237531 2026 01 14 18 03 14.67
0   2971.13485   -699.11064   6349.81850   5.5831955  -4.1475045  -3.0689822 2026 01 14 18 03 34.67
0   3081.99805   -782.05870   6286.99809   5.5026989  -4.1469370  -3.2128290 2026 01 14 18 03 54.67
0   3191.22636   -864.97428   6221.31512   5.4197127  -4.1442549  -3.3552279 2026 01 14 18 04 14.67
0   3298.77041   -947.81502   6152.79918   5.3342799  -4.1394517  -3.4961138 2026 01 14 18 04 34.67
0   3404.58171  -1030.53845   6081.48120   5.2464449  -4.1325223  -3.6354220 2026 01 14 18 04 54.67
0   3508.61268  -1113.10201   6007.39335   5.1562532  -4.1234624  -3.7730888 2026 01 14 18 05 14.67
0   3610.81663  -1195.46304   5930.56910   5.0637512  -4.1122689  -3.9090512 2026 01 14 18 05 34.67
0   3711.14784  -1277.57885   5851.04317   4.9689866  -4.0989398  -4.0432466 2026 01 14 18 05 54.67
0   3809.56154  -1359.40673   5768.85151   4.8720080  -4.0834743  -4.1756136 2026 01 14 18 06 14.67
0   3906.01395  -1440.90394   5684.03129   4.7728653  -4.0658727  -4.3060913 2026 01 14 18 06 34.67
0   4000.46229  -1522.02778   5596.62090   4.6716090  -4.0461363  -4.4346198 2026 01 14 18 06 54.67
0   4092.86479  -1602.73557   5506.65992   4.5682910  -4.0242676  -4.5611398 2026 01 14 18 07 14.67
0   4183.18077  -1682.98469   5414.18910   4.4629638  -4.0002703  -4.6855932 2026 01 14 18 07 34.67
0   4271.37055  -1762.73263   5319.25035   4.3556812  -3.9741491  -4.8079226 2026 01 14 18 07 54.67
0   4357.39559  -1841.93697   5221.88671   4.2464976  -3.9459101  -4.9280715 2026 01 14 18 08 14.67
0   4441.21840  -1920.55540   5122.14235   4.1354685  -3.9155601  -5.0459846 2026 01 14 18 08 34.67
0   4522.80265  -1998.54580   5020.06253   4.0226502  -3.8831076  -5.1616075 2026 01 14 18 08 54.67
0   4602.11311  -2075.86621   4915.69359   3.9080997  -3.8485618  -5.2748866 2026 01 14 18 09 14.67
0   4679.11572  -2152.47486   4809.08293   3.7918749  -3.8119331  -5.3857697 2026 01 14 18 09 34.67
0   4753.77759  -2228.33021   4700.27898   3.6740346  -3.7732333  -5.4942054 2026 01 14 18 09 54.67
0   4826.06698  -2303.39096   4589.33120   3.5546382  -3.7324751  -5.6001436 2026 01 14 18 10 14.67
0   4895.95338  -2377.61608   4476.29003   3.4337458  -3.6896724  -5.7035353 2026 01 14 18 10 34.67
0   4963.40748  -2450.96482   4361.20688   3.3114182  -3.6448403  -5.8043324 2026 01 14 18 10 54.67
0   5028.40118  -2523.39677   4244.13410   3.1877169  -3.5979949  -5.9024884 2026 01 14 18 11 14.67
0   5090.90763  -2594.87182   4125.12499   3.0627041  -3.5491534  -5.9979577 2026 01 14 18 11 34.67
0   5150.90122  -2665.35023   4004.23372   2.9364423  -3.4983344  -6.0906960 2026 01 14 18 11 54.67
0   5208.35762  -2734.79265   3881.51533   2.8089949  -3.4455573  -6.1806604 2026 01 14 18 12 14.67
0   5263.25373  -2803.16012   3757.02573   2.6804257  -3.3908428  -6.2678090 2026 01 14 18 12 34.67
0   5315.56777  -2870.41410   3630.82165   2.5507988  -3.3342126  -6.3521014 2026 01 14 18 12 54.67
0   5365.27922  -2936.51651   3502.96059   2.4201791  -3.2756896  -6.4334986 2026 01 14 18 13 14.67
0   5412.36889  -3001.42972   3373.50084   2.2886316  -3.2152975  -6.5119628 2026 01 14 18 13 34.67
0   5456.81886  -3065.11661   3242.50144   2.1562219  -3.1530615  -6.5874575 2026 01 14 18 13 54.67
0   5498.61256  -3127.54055   3110.02211   2.0230159  -3.0890075  -6.6599477 2026 01 14 18 14 14.67
0   5537.73472  -3188.66546   2976.12330   1.8890798  -3.0231626  -6.7293998 2026 01 14 18 14 34.67
0   5574.17140  -3248.45578   2840.86609   1.7544801  -2.9555550  -6.7957817 2026 01 14 18 14 54.67
0   5607.90999  -3306.87656   2704.31219   1.6192836  -2.8862138  -6.8590625 2026 01 14 18 15 14.67
0   5638.93923  -3363.89343   2566.52392   1.4835571  -2.8151691  -6.9192130 2026 01 14 18 15 34.67
0   5667.24920  -3419.47262   2427.56417   1.3473680  -2.7424522  -6.9762053 2026 01 14 18 15 54.67
0   5692.83130  -3473.58101   2287.49637   1.2107833  -2.6680952  -7.0300131 2026 01 14 18 16 14.67
0   5715.67831  -3526.18613   2146.38445   1.0738706  -2.5921311  -7.0806116 2026 01 14 18 16 34.67
0   5735.78433  -3577.25617   2004.29286   0.9366973  -2.5145941  -7.1279775 2026 01 14 18 16 54.67
0   5753.14483  -3626.76003   1861.28644   0.7993309  -2.4355192  -7.1720890 2026 01 14 18 17 14.67
0   5767.75662  -3674.66729   1717.43051   0.6618389  -2.3549422  -7.2129258 2026 01 14 18 17 34.67
0   5779.61787  -3720.94830   1572.79074   0.5242887  -2.2729000  -7.2504693 2026 01 14 18 17 54.67
0   5788.72808  -3765.57412   1427.43318   0.3867476  -2.1894304  -7.2847024 2026 01 14 18 18 14.67
0   5795.08812  -3808.51658   1281.42419   0.2492831  -2.1045718  -7.3156094 2026 01 14 18 18 34.67
0   5798.70017  -3849.74830   1134.83043   0.1119621  -2.0183636  -7.3431766 2026 01 14 18 18 54.67
0   5799.56779  -3889.24268    987.71883  -0.0251484  -1.9308462  -7.3673913 2026 01 14 18 19 14.67
0   5797.69585  -3926.97396    840.15656  -0.1619816  -1.8420605  -7.3882430 2026 01 14 18 19 34.67
0   5793.09057  -3962.91718    692.21096  -0.2984712  -1.7520483  -7.4057224 2026 01 14 18 19 54.67
0   5785.75947  -3997.04823    543.94956  -0.4345510  -1.6608522  -7.4198219 2026 01 14 18 20 14.67
0   5775.71141  -4029.34388    395.44003  -0.5701552  -1.5685155  -7.4305355 2026 01 14 18 20 34.67
0   5762.95657  -4059.78174    246.75012  -0.7052182  -1.4750821  -7.4378590 2026 01 14 18 20 54.67
0   5747.50641  -4088.34033     97.94767  -0.8396751  -1.3805968  -7.4417895 2026 01 14 18 21 14.67
0   5729.37370  -4114.99907    -50.89944  -0.9734612  -1.2851050  -7.4423259 2026 01 14 18 21 34.67
0   5708.57251  -4139.73828   -199.72334  -1.1065124  -1.1886525  -7.4394688 2026 01 14 18 21 54.67
0   5685.11818  -4162.53921   -348.45617  -1.2387649  -1.0912861  -7.4332201 2026 01 14 18 22 14.67
0   5659.02730  -4183.38406   -497.03014  -1.3701557  -0.9930529  -7.4235836 2026 01 14 18 22 34.67
0   5630.31773  -4202.25597   -645.37754  -1.5006223  -0.8940006  -7.4105646 2026 01 14 18 22 54.67
0   5599.00859  -4219.13904   -793.43078  -1.6301026  -0.7941776  -7.3941700 2026 01 14 18 23 14.67
0   5565.12022  -4234.01834   -941.12243  -1.7585355  -0.6936326  -7.3744083 2026 01 14 18 23 34.67
0   5528.67417  -4246.87992  -1088.38526  -1.8858601  -0.5924149  -7.3512896 2026 01 14 18 23 54.67
0   5489.69320  -4257.71083  -1235.15223  -2.0120167  -0.4905743  -7.3248254 2026 01 14 18 24 14.67
0   5448.20128  -4266.49911  -1381.35657  -2.1369459  -0.3881608  -7.2950292 2026 01 14 18 24 34.67
0   5404.22353  -4273.23381  -1526.93178  -2.2605894  -0.2852251  -7.2619156 2026 01 14 18 24 54.67
0   5357.78625  -4277.90499  -1671.81167  -2.3828895  -0.1818181  -7.2255010 2026 01 14 18 25 14.67
0   5308.91689  -4280.50375  -1815.93040  -2.5037892  -0.0779911  -7.1858033 2026 01 14 18 25 34.67
0   5257.64399  -4281.02218  -1959.22250  -2.6232327   0.0262044  -7.1428419 2026 01 14 18 25 54.67
0   5203.99725  -4279.45346  -2101.62290  -2.7411648   0.1307164  -7.0966378 2026 01 14 18 26 14.67
0   5148.00744  -4275.79175  -2243.06698  -2.8575312   0.2354929  -7.0472134 2026 01 14 18 26 34.67
0   5089.70640  -4270.03231  -2383.49055  -2.9722788   0.3404814  -6.9945926 2026 01 14 18 26 54.67
0   5029.12705  -4262.17141  -2522.82996  -3.0853550   0.4456294  -6.9388009 2026 01 14 18 27 14.67
0   4966.30331  -4252.20640  -2661.02203  -3.1967086   0.5508841  -6.8798650 2026 01 14 18 27 34.67
0   4901.27015  -4240.13566  -2798.00419  -3.3062892   0.6561926  -6.8178134 2026 01 14 18 27 54.67
0   4834.06352  -4225.95865  -2933.71439  -3.4140475   0.7615020  -6.7526757 2026 01 14 18 28 14.67
0   4764.72036  -4209.67589  -3068.09124  -3.5199351   0.8667591  -6.6844830 2026 01 14 18 28 34.67
0   4693.27854  -4191.28895  -3201.07395  -3.6239049   0.9719107  -6.6132680 2026 01 14 18 28 54.67
0   4619.77691  -4170.80048  -3332.60241  -3.7259107   1.0769036  -6.5390644 2026 01 14 18 29 14.67
0   4544.25517  -4148.21417  -3462.61721  -3.8259074   1.1816848  -6.4619075 2026 01 14 18 29 34.67
0   4466.75396  -4123.53481  -3591.05965  -3.9238513   1.2862008  -6.3818338 2026 01 14 18 29 54.67
0   4387.31477  -4096.76821  -3717.87175  -4.0196994   1.3903987  -6.2988813 2026 01 14 18 30 14.67
0   4305.97992  -4067.92128  -3842.99635  -4.1134104   1.4942254  -6.2130890 2026 01 14 18 30 34.67
0   4222.79256  -4037.00197  -3966.37703  -4.2049436   1.5976279  -6.1244974 2026 01 14 18 30 54.67
0   4137.79665  -4004.01929  -4087.95824  -4.2942601   1.7005534  -6.0331481 2026 01 14 18 31 14.67
0   4051.03689  -3968.98331  -4207.68525  -4.3813216   1.8029493  -5.9390839 2026 01 14 18 31 34.67
0   3962.55876  -3931.90515  -4325.50419  -4.4660916   1.9047631  -5.8423489 2026 01 14 18 31 54.67
0   3872.40845  -3892.79696  -4441.36210  -4.5485345   2.0059426  -5.7429884 2026 01 14 18 32 14.67
0   3780.63284  -3851.67196  -4555.20693  -4.6286159   2.1064357  -5.6410486 2026 01 14 18 32 34.67
0   3687.27950  -3808.54439  -4666.98758  -4.7063030   2.2061907  -5.5365770 2026 01 14 18 32 54.67
0   3592.39662  -3763.42953  -4776.65388  -4.7815639   2.3051562  -5.4296222 2026 01 14 18 33 14.67
0   3496.03304  -3716.34367  -4884.15667  -4.8543683   2.4032810  -5.3202337 2026 01 14 18 33 34.67
0   3398.23818  -3667.30415  -4989.44778  -4.9246869   2.5005143  -5.2084624 2026 01 14 18 33 54.67
0   3299.06203  -3616.32930  -5092.48007  -4.9924921   2.5968057  -5.0943597 2026 01 14 18 34 14.67
0   3198.55514  -3563.43845  -5193.20743  -5.0577571   2.6921053  -4.9779785 2026 01 14 18 34 34.67
0   3096.76856  -3508.65194  -5291.58484  -5.1204569   2.7863634  -4.8593722 2026 01 14 18 34 54.67
0   2993.75383  -3451.99108  -5387.56832  -5.1805676   2.8795307  -4.7385954 2026 01 14 18 35 14.67
0   2889.56297  -3393.47819  -5481.11504  -5.2380665   2.9715588  -4.6157036 2026 01 14 18 35 34.67
0   2784.24842  -3333.13653  -5572.18323  -5.2929326   3.0623992  -4.4907531 2026 01 14 18 35 54.67
0   2677.86304  -3270.99033  -5660.73232  -5.3451459   3.1520044  -4.3638011 2026 01 14 18 36 14.67
0   2570.46007  -3207.06477  -5746.72283  -5.3946879   3.2403271  -4.2349056 2026 01 14 18 36 34.67
0   2462.09311  -3141.38596  -5830.11648  -5.4415415   3.3273209  -4.1041253 2026 01 14 18 36 54.67
0   2352.81610  -3073.98094  -5910.87618  -5.4856907   3.4129395  -3.9715198 2026 01 14 18 37 14.67
0   2242.68326  -3004.87767  -5988.96602  -5.5271212   3.4971377  -3.8371494 2026 01 14 18 37 34.67
0   2131.74910  -2934.10501  -6064.35132  -5.5658198   3.5798707  -3.7010751 2026 01 14 18 37 54.67
0   2020.06838  -2861.69270  -6136.99860  -5.6017748   3.6610942  -3.5633586 2026 01 14 18 38 14.67
0   1907.69608  -2787.67138  -6206.87565  -5.6349756   3.7407648  -3.4240623 2026 01 14 18 38 34.67
0   1794.68737  -2712.07252  -6273.95150  -5.6654133   3.8188397  -3.2832490 2026 01 14 18 38 54.67
0   1681.09759  -2634.92846  -6338.19643  -5.6930802   3.8952767  -3.1409823 2026 01 14 18 39 14.67
0   1566.98224  -2556.27237  -6399.58203  -5.7179698   3.9700346  -2.9973265 2026 01 14 18 39 34.67
0   1452.39690  -2476.13826  -6458.08116  -5.7400771   4.0430726  -2.8523460 2026 01 14 18 39 54.67
0   1337.39726  -2394.56090  -6513.66797  -5.7593985   4.1143510  -2.7061063 2026 01 14 18 40 14.67
0   1222.03907  -2311.57589  -6566.31793  -5.7759315   4.1838306  -2.5586728 2026 01 14 18 40 34.67
0   1106.37810  -2227.21959  -6616.00783  -5.7896752   4.2514731  -2.4101117 2026 01 14 18 40 54.67
0    990.47015  -2141.52911  -6662.71578  -5.8006298   4.3172410  -2.2604897 2026 01 14 18 41 14.67
0    874.37097  -2054.54232  -6706.42123  -5.8087970   4.3810977  -2.1098736 2026 01 14 18 41 34.67
0    758.13629  -1966.29779  -6747.10497  -5.8141797   4.4430075  -1.9583308 2026 01 14 18 41 54.67
0    641.82176  -1876.83482  -6784.74913  -5.8167822   4.5029353  -1.8059290 2026 01 14 18 42 14.67
0    525.48294  -1786.19339  -6819.33723  -5.8166099   4.5608473  -1.6527361 2026 01 14 18 42 34.67
0    409.17524  -1694.41415  -6850.85411  -5.8136698   4.6167101  -1.4988205 2026 01 14 18 42 54.67
0    292.95396  -1601.53841  -6879.28601  -5.8079699   4.6704916  -1.3442507 2026 01 14 18 43 14.67
0    176.87419  -1507.60811  -6904.62053  -5.7995196   4.7221605  -1.1890956 2026 01 14 18 43 34.67
0     60.99084  -1412.66579  -6926.84666  -5.7883297   4.7716865  -1.0334240 2026 01 14 18 43 54.67
0    -54.64142  -1316.75463  -6945.95474  -5.7744120   4.8190401  -0.8773052 2026 01 14 18 44 14.67
0   -169.96816  -1219.91835  -6961.93655  -5.7577797   4.8641931  -0.7208085 2026 01 14 18 44 34.67
0   -284.93523  -1122.20124  -6974.78520  -5.7384473   4.9071178  -0.5640034 2026 01 14 18 44 54.67
0   -399.48878  -1023.64814  -6984.49522  -5.7164304   4.9477880  -0.4069594 2026 01 14 18 45 14.67
0   -513.57529   -924.30438  -6991.06254  -5.6917458   4.9861782  -0.2497462 2026 01 14 18 45 34.67
0   -627.14158   -824.21582  -6994.48447  -5.6644117   5.0222641  -0.0924335 2026 01 14 18 45 54.67
0   -740.13484   -723.42878  -6994.75970  -5.6344472   5.0560223   0.0649091 2026 01 14 18 46 14.67
0   -852.50269   -621.99004  -6991.88835  -5.6018730   5.0874306   0.2222119 2026 01 14 18 46 34.67
0   -964.19312   -519.94681  -6985.87190  -5.5667105   5.1164677   0.3794052 2026 01 14 18 46 54.67
0  -1075.15461   -417.34672  -6976.71324  -5.5289825   5.1431135   0.5364195 2026 01 14 18 47 14.67
0  -1185.33608   -314.23778  -6964.41664  -5.4887131   5.1673490   0.6931851 2026 01 14 18 47 34.67
0  -1294.68695   -210.66839  -6948.98777  -5.4459273   5.1891562   0.8496328 2026 01 14 18 47 54.67
0  -1403.15715   -106.68728  -6930.43369  -5.4006512   5.2085183   1.0056934 2026 01 14 18 48 14.67
0  -1510.69714     -2.34351  -6908.76283  -5.3529122   5.2254197   1.1612976 2026 01 14 18 48 34.67
0  -1617.25795    102.31354  -6883.98499  -5.3027387   5.2398456   1.3163768 2026 01 14 18 48 54.67
0  -1722.79118    207.23425  -6856.11139  -5.2501600   5.2517828   1.4708621 2026 01 14 18 49 14.67
0  -1827.24904    312.36870  -6825.15456  -5.1952068   5.2612188   1.6246852 2026 01 14 18 49 34.67
0  -1930.58433    417.66676  -6791.12844  -5.1379107   5.2681427   1.7777781 2026 01 14 18 49 54.67
0  -2032.75053    523.07809  -6754.04832  -5.0783041   5.2725443   1.9300727 2026 01 14 18 50 14.67
0  -2133.70177    628.55214  -6713.93084  -5.0164208   5.2744150   2.0815018 2026 01 14 18 50 34.67
0  -2233.39284    734.03822  -6670.79397  -4.9522954   5.2737471   2.2319981 2026 01 14 18 50 54.67
0  -2331.77927    839.48549  -6624.65705  -4.8859635   5.2705343   2.3814949 2026 01 14 18 51 14.67
0  -2428.81729    944.84301  -6575.54073  -4.8174616   5.2647712   2.5299258 2026 01 14 18 51 34.67
0  -2524.46387   1050.05971  -6523.46699  -4.7468273   5.2564540   2.6772249 2026 01 14 18 51 54.67
0  -2618.67675   1155.08449  -6468.45911  -4.6740991   5.2455797   2.8233268 2026 01 14 18 52 14.67
0  -2711.41443   1259.86619  -6410.54171  -4.5993162   5.2321469   2.9681665 2026 01 14 18 52 34.67
0  -2802.63623   1364.35363  -6349.74065  -4.5225191   5.2161552   3.1116797 2026 01 14 18 52 54.67
0  -2892.30228   1468.49564  -6286.08313  -4.4437487   5.1976053   3.2538023 2026 01 14 18 53 14.67
0  -2980.37352   1572.24108  -6219.59759  -4.3630471   5.1764995   3.3944711 2026 01 14 18 53 34.67
0  -3066.81176   1675.53885  -6150.31372  -4.2804572   5.1528410   3.5336233 2026 01 14 18 53 54.67
0  -3151.57966   1778.33794  -6078.26249  -4.1960226   5.1266344   3.6711968 2026 01 14 18 54 14.67
0  -3234.64078   1880.58746  -6003.47609  -4.1097877   5.0978855   3.8071302 2026 01 14 18 54 34.67
0  -3315.95957   1982.23662  -5925.98793  -4.0217979   5.0666014   3.9413626 2026 01 14 18 54 54.67
0  -3395.50137   2083.23479  -5845.83263  -3.9320989   5.0327902   4.0738340 2026 01 14 18 55 14.67
0  -3473.23248   2183.53154  -5763.04601  -3.8407377   4.9964616   4.2044850 2026 01 14 18 55 34.67
0  -3549.12013   2283.07661  -5677.66507  -3.7477617   4.9576263   4.3332570 2026 01 14 18 55 54.67
0  -3623.13250   2381.82000  -5589.72797  -3.6532189   4.9162964   4.4600921 2026 01 14 18 56 14.67
0  -3695.23873   2479.71193  -5499.27401  -3.5571582   4.8724850   4.5849334 2026 01 14 18 56 34.67
0  -3765.40898   2576.70293  -5406.34364  -3.4596290   4.8262067   4.7077246 2026 01 14 18 56 54.67
0  -3833.61436   2672.74381  -5310.97842  -3.3606814   4.7774772   4.8284104 2026 01 14 18 57 14.67
0  -3899.82702   2767.78572  -5213.22100  -3.2603662   4.7263136   4.9469364 2026 01 14 18 57 34.67
0  -3964.02011   2861.78015  -5113.11512  -3.1587345   4.6727340   5.0632489 2026 01 14 18 57 54.67
0  -4026.16783   2954.67898  -5010.70558  -3.0558382   4.6167578   5.1772953 2026 01 14 18 58 14.67
0  -4086.24541   3046.43448  -4906.03821  -2.9517296   4.5584059   5.2890240 2026 01 14 18 58 34.67
0  -4144.22912   3136.99935  -4799.15987  -2.8464615   4.4976999   5.3983844 2026 01 14 18 58 54.67
0  -4200.09631   3226.32675  -4690.11845  -2.7400874   4.4346632   5.5053266 2026 01 14 18 59 14.67
0  -4253.82541   3314.37030  -4578.96278  -2.6326610   4.3693199   5.6098021 2026 01 14 18 59 34.67
0  -4305.39590   3401.08411  -4465.74268  -2.5242365   4.3016956   5.7117632 2026 01 14 18 59 54.67
0  -4354.78837   3486.42285  -4350.50891  -2.4148685   4.2318172   5.8111635 2026 01 14 19 00 14.67
0  -4401.98451   3570.34170  -4233.31313  -2.3046121   4.1597123   5.9079575 2026 01 14 19 00 34.67
0  -4446.96709   3652.79643  -4114.20793  -2.1935226   4.0854103   6.0021009 2026 01 14 19 00 54.67
0  -4489.72001   3733.74339  -3993.24674  -2.0816557   4.0089413   6.0935506 2026 01 14 19 01 14.67
0  -4530.22829   3813.13956  -3870.48386  -1.9690673   3.9303367   6.1822645 2026 01 14 19 01 34.67
0  -4568.47805   3890.94254  -3745.97442  -1.8558138   3.8496292   6.2682019 2026 01 14 19 01 54.67
0  -4604.45657   3967.11063  -3619.77434  -1.7419516   3.7668524   6.3513232 2026 01 14 19 02 14.67
0  -4638.15223   4041.60278  -3491.94033  -1.6275374   3.6820411   6.4315901 2026 01 14 19 02 34.67
0  -4669.55456   4114.37865  -3362.52986  -1.5126281   3.5952314   6.5089654 2026 01 14 19 02 54.67
0  -4698.65423   4185.39866  -3231.60112  -1.3972807   3.5064603   6.5834133 2026 01 14 19 03 14.67
0  -4725.44306   4254.62394  -3099.21299  -1.2815526   3.4157658   6.6548992 2026 01 14 19 03 34.67
0  -4749.91400   4322.01644  -2965.42506  -1.1655008   3.3231872   6.7233901 2026 01 14 19 03 54.67
0  -4772.06116   4387.53886  -2830.29754  -1.0491829   3.2287647   6.7888539 2026 01 14 19 04 14.67
0  -4791.87977   4451.15473  -2693.89129  -0.9326562   3.1325396   6.8512601 2026 01 14 19 04 34.67
0  -4809.36626   4512.82844  -2556.26775  -0.8159781   3.0345542   6.9105795 2026 01 14 19 04 54.67
0  -4824.51815   4572.52520  -2417.48893  -0.6992061   2.9348517   6.9667843 2026 01 14 19 05 14.67
0  -4837.33415   4630.21112  -2277.61740  -0.5823975   2.8334765   7.0198482 2026 01 14 19 05 34.67
0  -4847.81410   4685.85319  -2136.71621  -0.4656097   2.7304738   7.0697461 2026 01 14 19 05 54.67
0  -4855.95898   4739.41932  -1994.84894  -0.3488997   2.6258897   7.1164545 2026 01 14 19 06 14.67
0  -4861.77093   4790.87835  -1852.07959  -0.2323247   2.5197713   7.1599512 2026 01 14 19 06 34.67
0  -4865.25321   4840.20009  -1708.47260  -0.1159416   2.4121666   7.2002156 2026 01 14 19 06 54.67
0  -4866.41023   4887.35528  -1564.09281   0.0001929   2.3031245   7.2372284 2026 01 14 19 07 14.67
0  -4865.24753   4932.31568  -1419.00544   0.1160223   2.1926947   7.2709720 2026 01 14 19 07 34.67
0  -4861.77177   4975.05404  -1273.27603   0.2314904   2.0809277   7.3014301 2026 01 14 19 07 54.67
0  -4855.99073   5015.54413  -1126.97045   0.3465411   1.9678749   7.3285880 2026 01 14 19 08 14.67
0  -4847.91333   5053.76074   -980.15482   0.4611189   1.8535883   7.3524324 2026 01 14 19 08 34.67
0  -4837.54957   5089.67974   -832.89554   0.5751683   1.7381210   7.3729516 2026 01 14 19 08 54.67
0  -4824.91057   5123.27805   -685.25921   0.6886344   1.6215264   7.3901355 2026 01 14 19 09 14.67
0  -4810.00854   5154.53365   -537.31263   0.8014627   1.5038590   7.4039754 2026 01 14 19 09 34.67
0  -4792.85679   5183.42564   -389.12275   0.9135990   1.3851736   7.4144641 2026 01 14 19 09 54.67
0  -4773.46968   5209.93423   -240.75666   1.0249895   1.2655260   7.4215962 2026 01 14 19 10 14.67
0  -4751.86268   5234.04071    -92.28152   1.1355811   1.1449724   7.4253676 2026 01 14 19 10 34.67
0  -4728.05227   5255.72755     56.23542   1.2453210   1.0235696   7.4257758 2026 01 14 19 10 54.67
0  -4702.05603   5274.97833    204.72689   1.3541571   0.9013751   7.4228200 2026 01 14 19 11 14.67
0  -4673.89254   5291.77780    353.12561   1.4620376   0.7784469   7.4165007 2026 01 14 19 11 34.67
0  -4643.58142   5306.11186    501.36434   1.5689116   0.6548433   7.4068201 2026 01 14 19 11 54.67
0  -4611.14332   5317.96759    649.37588   1.6747286   0.5306233   7.3937820 2026 01 14 19 12 14.67
0  -4576.59986   5327.33326    797.09313   1.7794388   0.4058463   7.3773918 2026 01 14 19 12 34.67
0  -4539.97368   5334.19833    944.44912   1.8829930   0.2805721   7.3576562 2026 01 14 19 12 54.67
0  -4501.28838   5338.55345   1091.37702   1.9853430   0.1548609   7.3345838 2026 01 14 19 13 14.67
0  -4460.56852   5340.39049   1237.81020   2.0864408   0.0287731   7.3081844 2026 01 14 19 13 34.67
0  -4417.83962   5339.70252   1383.68222   2.1862395  -0.0976302   7.2784696 2026 01 14 19 13 54.67
0  -4373.12812   5336.48385   1528.92691   2.2846930  -0.2242881   7.2454525 2026 01 14 19 14 14.67
0  -4326.46139   5330.72998   1673.47836   2.3817556  -0.3511391   7.2091475 2026 01 14 19 14 34.67
0  -4277.86768   5322.43768   1817.27098   2.4773829  -0.4781216   7.1695708 2026 01 14 19 14 54.67
0  -4227.37614   5311.60494   1960.23950   2.5715310  -0.6051737   7.1267401 2026 01 14 19 15 14.67
0  -4175.01679   5298.23098   2102.31903   2.6641570  -0.7322334   7.0806745 2026 01 14 19 15 34.67
0  -4120.82048   5282.31627   2243.44509   2.7552187  -0.8592387   7.0313945 2026 01 14 19 15 54.67
0  -4064.81893   5263.86251   2383.55359   2.8446750  -0.9861274   6.9789224 2026 01 14 19 16 14.67
0  -4007.04463   5242.87267   2522.58093   2.9324857  -1.1128371   6.9232817 2026 01 14 19 16 34.67
0  -3947.53090   5219.35094   2660.46399   3.0186113  -1.2393055   6.8644975 2026 01 14 19 16 54.67
0  -3886.31183   5193.30277   2797.14016   3.1030136  -1.3654703   6.8025962 2026 01 14 19 17 14.67
0  -3823.42225   5164.73486   2932.54737   3.1856551  -1.4912693   6.7376059 2026 01 14 19 17 34.67
0  -3758.89774   5133.65515   3066.62414   3.2664993  -1.6166403   6.6695560 2026 01 14 19 17 54.67
0  -3692.77461   5100.07281   3199.30957   3.3455109  -1.7415210   6.5984772 2026 01 14 19 18 14.67
0  -3625.08986   5063.99828   3330.54341   3.4226555  -1.8658496   6.5244016 2026 01 14 19 18 34.67
0  -3555.88116   5025.44320   3460.26606   3.4978997  -1.9895641   6.4473630 2026 01 14 19 18 54.67
0  -3485.18684   4984.42048   3588.41860   3.5712111  -2.1126030   6.3673961 2026 01 14 19 19 14.67
0  -3413.04587   4940.94425   3714.94283   3.6425587  -2.2349049   6.2845374 2026 01 14 19 19 34.67
0  -3339.49784   4895.02986   3839.78127   3.7119121  -2.3564085   6.1988242 2026 01 14 19 19 54.67
0  -3264.58291   4846.69388   3962.87724   3.7792424  -2.4770531   6.1102957 2026 01 14 19 20 14.67
0  -3188.34184   4795.95410   4084.17481   3.8445215  -2.5967780   6.0189918 2026 01 14 19 20 34.67
0  -3110.81591   4742.82951   4203.61891   3.9077227  -2.7155232   5.9249542 2026 01 14 19 20 54.67
0  -3032.04695   4687.34030   4321.15526   3.9688201  -2.8332286   5.8282254 2026 01 14 19 21 14.67
0  -2952.07727   4629.50788   4436.73050   4.0277893  -2.9498351   5.7288494 2026 01 14 19 21 34.67
0  -2870.94969   4569.35480   4550.29212   4.0846067  -3.0652835   5.6268714 2026 01 14 19 21 54.67
0  -2788.70745   4506.90481   4661.78854   4.1392502  -3.1795154   5.5223376 2026 01 14 19 22 14.67
0  -2705.39425   4442.18283   4771.16912   4.1916985  -3.2924728   5.4152954 2026 01 14 19 22 34.67
0  -2621.05420   4375.21492   4878.38417   4.2419318  -3.4040982   5.3057936 2026 01 14 19 22 54.67
0  -2535.73178   4306.02829   4983.38500   4.2899312  -3.5143348   5.1938816 2026 01 14 19 23 14.67
0  -2449.47186   4234.65127   5086.12392   4.3356792  -3.6231262   5.0796105 2026 01 14 19 23 34.67
0  -2362.31962   4161.11334   5186.55424   4.3791594  -3.7304167   4.9630319 2026 01 14 19 23 54.67
0  -2274.32058   4085.44506   5284.63035   4.4203566  -3.8361512   4.8441988 2026 01 14 19 24 14.67
0  -2185.52054   4007.67810   5380.30770   4.4592566  -3.9402755   4.7231651 2026 01 14 19 24 34.67
0  -2095.96558   3927.84520   5473.54281   4.4958469  -4.0427357   4.5999856 2026 01 14 19 24 54.67
0  -2005.70200   3845.98017   5564.29334   4.5301156  -4.1434789   4.4747162 2026 01 14 19 25 14.67
0  -1914.77635   3762.11788   5652.51805   4.5620525  -4.2424530   4.3474136 2026 01 14 19 25 34.67
0  -1823.23535   3676.29422   5738.17685   4.5916483  -4.3396064   4.2181356 2026 01 14 19 25 54.67
0  -1731.12592   3588.54612   5821.23082   4.6188951  -4.4348885   4.0869406 2026 01 14 19 26 14.67
0  -1638.49509   3498.91150   5901.64220   4.6437860  -4.5282496   3.9538881 2026 01 14 19 26 34.67
0  -1545.39006   3407.42927   5979.37445   4.6663154  -4.6196407   3.8190383 2026 01 14 19 26 54.67
0  -1451.85808   3314.13932   6054.39224   4.6864791  -4.7090136   3.6824522 2026 01 14 19 27 14.67
0  -1357.94652   3219.08248   6126.66145   4.7042737  -4.7963213   3.5441917 2026 01 14 19 27 34.67
0  -1263.70278   3122.30053   6196.14922   4.7196974  -4.8815174   3.4043192 2026 01 14 19 27 54.67
0  -1169.17427   3023.83614   6262.82394   4.7327493  -4.9645567   3.2628980 2026 01 14 19 28 14.67
0  -1074.40845   2923.73291   6326.65528   4.7434299  -5.0453948   3.1199921 2026 01 14 19 28 34.67
0   -979.45272   2822.03529   6387.61418   4.7517408  -5.1239883   2.9756660 2026 01 14 19 28 54.67
0   -884.35444   2718.78859   6445.67290   4.7576848  -5.2002949   2.8299850 2026 01 14 19 29 14.67
0   -789.16093   2614.03898   6500.80500   4.7612657  -5.2742734   2.6830149 2026 01 14 19 29 34.67
0   -693.91938   2507.83341   6552.98535   4.7624889  -5.3458834   2.5348221 2026 01 14 19 29 54.67
0   -598.67690   2400.21965   6602.19016   4.7613606  -5.4150858   2.3854734 2026 01 14 19 30 14.67
0   -503.48045   2291.24624   6648.39701   4.7578882  -5.4818424   2.2350364 2026 01 14 19 30 34.67
0   -408.37681   2180.96247   6691.58479   4.7520805  -5.5461163   2.0835790 2026 01 14 19 30 54.67
0   -313.41261   2069.41834   6731.73379   4.7439471  -5.6078717   1.9311695 2026 01 14 19 31 14.67
0   -218.63425   1956.66458   6768.82565   4.7334990  -5.6670739   1.7778767 2026 01 14 19 31 34.67
0   -124.08789   1842.75259   6802.84340   4.7207482  -5.7236892   1.6237699 2026 01 14 19 31 54.67
0    -29.81948   1727.73443   6833.77144   4.7057079  -5.7776854   1.4689186 2026 01 14 19 32 14.67
0     64.12535   1611.66280   6861.59560   4.6883924  -5.8290314   1.3133927 2026 01 14 19 32 34.67
0    157.70124   1494.59101   6886.30309   4.6688169  -5.8776971   1.1572625 2026 01 14 19 32 54.67
0    250.86315   1376.57294   6907.88251   4.6469981  -5.9236539   1.0005983 2026 01 14 19 33 14.67
0    343.56640   1257.66306   6926.32389   4.6229535  -5.9668744   0.8434709 2026 01 14 19 33 34.67
0    435.76664   1137.91634   6941.61870   4.5967015  -6.0073323   0.6859513 2026 01 14 19 33 54.67
0    527.41993   1017.38831   6953.75978   4.5682620  -6.0450028   0.5281106 2026 01 14 19 34 14.67
0    618.48273    896.13493   6962.74143   4.5376556  -6.0798623   0.3700200 2026 01 14 19 34 34.67
0    708.91190    774.21266   6968.55937   4.5049040  -6.1118884   0.2117510 2026 01 14 19 34 54.67
0    798.66478    651.67838   6971.21075   4.4700301  -6.1410601   0.0533751 2026 01 14 19 35 14.67
0    887.69915    528.58937   6970.69414   4.4330576  -6.1673578  -0.1050361 2026 01 14 19 35 34.67
0    975.97329    405.00330   6967.00955   4.3940111  -6.1907632  -0.2634111 2026 01 14 19 35 54.67
0   1063.44597    280.97819   6960.15842   4.3529166  -6.2112593  -0.4216782 2026 01 14 19 36 14.67
0   1150.07650    156.57237   6950.14364   4.3098006  -6.2288305  -0.5797659 2026 01 14 19 36 34.67
0   1235.82472     31.84450   6936.96949   4.2646909  -6.2434627  -0.7376026 2026 01 14 19 36 54.67
0   1320.65105    -93.14653   6920.64173   4.2176159  -6.2551429  -0.8951168 2026 01 14 19 37 14.67
0   1404.51647   -218.34154   6901.16750   4.1686051  -6.2638598  -1.0522372 2026 01 14 19 37 34.67
0   1487.38256   -343.68118   6878.55539   4.1176891  -6.2696033  -1.2088928 2026 01 14 19 37 54.67
0   1569.21155   -469.10589   6852.81543   4.0648989  -6.2723648  -1.3650123 2026 01 14 19 38 14.67
0   1649.96625   -594.55595   6823.95902   4.0102668  -6.2721372  -1.5205251 2026 01 14 19 38 34.67
0   1729.61017   -719.97153   6791.99902   3.9538258  -6.2689146  -1.6753606 2026 01 14 19 38 54.67
0   1808.10746   -845.29267   6756.94968   3.8956097  -6.2626927  -1.8294485 2026 01 14 19 39 14.67
0   1885.42297   -970.45936   6718.82664   3.8356531  -6.2534687  -1.9827188 2026 01 14 19 39 34.67
0   1961.52223  -1095.41155   6677.64695   3.7739915  -6.2412411  -2.1351018 2026 01 14 19 39 54.67
0   2036.37152  -1220.08915   6633.42905   3.7106610  -6.2260099  -2.2865283 2026 01 14 19 40 14.67
0   2109.93781  -1344.43212   6586.19277   3.6456986  -6.2077767  -2.4369293 2026 01 14 19 40 34.67
0   2182.18885  -1468.38042   6535.95929   3.5791422  -6.1865442  -2.5862364 2026 01 14 19 40 54.67
0   2253.09314  -1591.87414   6482.75118   3.5110299  -6.1623170  -2.7343815 2026 01 14 19 41 14.67
0   2322.61996  -1714.85341   6426.59236   3.4414011  -6.1351009  -2.8812971 2026 01 14 19 41 34.67
0   2390.73937  -1837.25855   6367.50807   3.3702955  -6.1049033  -3.0269161 2026 01 14 19 41 54.67
0   2457.42224  -1959.02999   6305.52492   3.2977536  -6.0717328  -3.1711721 2026 01 14 19 42 14.67
0   2522.64025  -2080.10840   6240.67084   3.2238165  -6.0355999  -3.3139991 2026 01 14 19 42 34.67
0   2586.36591  -2200.43462   6172.97504   3.1485259  -5.9965162  -3.4553318 2026 01 14 19 42 54.67
0   2648.57258  -2319.94978   6102.46807   3.0719242  -5.9544950  -3.5951056 2026 01 14 19 43 14.67
0   2709.23446  -2438.59528   6029.18175   2.9940541  -5.9095509  -3.7332563 2026 01 14 19 43 34.67
0   2768.32662  -2556.31280   5953.14916   2.9149593  -5.8617001  -3.8697208 2026 01 14 19 43 54.67
0   2825.82501  -2673.04439   5874.40466   2.8346835  -5.8109601  -4.0044365 2026 01 14 19 44 14.67
0   2881.70644  -2788.73247   5792.98385   2.7532714  -5.7573501  -4.1373414 2026 01 14 19 44 34.67
0   2935.94863  -2903.31982   5708.92355   2.6707679  -5.7008906  -4.2683746 2026 01 14 19 44 54.67
0   2988.53023  -3016.74967   5622.26180   2.5872183  -5.6416035  -4.3974758 2026 01 14 19 45 14.67
0   3039.43075  -3128.96570   5533.03783   2.5026686  -5.5795122  -4.5245857 2026 01 14 19 45 34.67
0   3088.63066  -3239.91209   5441.29206   2.4171650  -5.5146415  -4.6496457 2026 01 14 19 45 54.67
0   3136.11135  -3349.53349   5347.06606   2.3307542  -5.4470178  -4.7725982 2026 01 14 19 46 14.67
0   3181.85514  -3457.77512   5250.40255   2.2434831  -5.3766687  -4.8933865 2026 01 14 19 46 34.67
0   3225.84530  -3564.58276   5151.34537   2.1553992  -5.3036233  -5.0119549 2026 01 14 19 46 54.67
0   3268.06605  -3669.90279   5049.93946   2.0665501  -5.2279120  -5.1282488 2026 01 14 19 47 14.67
0   3308.50256  -3773.68220   4946.23086   1.9769837  -5.1495669  -5.2422143 2026 01 14 19 47 34.67
0   3347.14097  -3875.86865   4840.26666   1.8867483  -5.0686210  -5.3537988 2026 01 14 19 47 54.67
0   3383.96838  -3976.41047   4732.09499   1.7958922  -4.9851091  -5.4629508 2026 01 14 19 48 14.67
0   3418.97287  -4075.25669   4621.76503   1.7044643  -4.8990671  -5.5696196 2026 01 14 19 48 34.67
0   3452.14348  -4172.35709   4509.32692   1.6125132  -4.8105323  -5.6737559 2026 01 14 19 48 54.67
0   3483.47024  -4267.66218   4394.83179   1.5200880  -4.7195433  -5.7753116 2026 01 14 19 49 14.67
0   3512.94417  -4361.12328   4278.33175   1.4272379  -4.6261401  -5.8742394 2026 01 14 19 49 34.67
0   3540.55724  -4452.69251   4159.87979   1.3340121  -4.5303638  -5.9704936 2026 01 14 19 49 54.67
0   3566.30245  -4542.32284   4039.52984   1.2404598  -4.4322570  -6.0640296 2026 01 14 19 50 14.67
0   3590.17376  -4629.96809   3917.33671   1.1466305  -4.3318633  -6.1548040 2026 01 14 19 50 34.67
0   3612.16612  -4715.58297   3793.35604   1.0525736  -4.2292277  -6.2427746 2026 01 14 19 50 54.67
0   3632.27546  -4799.12310   3667.64433   0.9583384  -4.1243965  -6.3279006 2026 01 14 19 51 14.67
0   3650.49873  -4880.54503   3540.25886   0.8639742  -4.0174168  -6.4101425 2026 01 14 19 51 34.67
0   3666.83383  -4959.80629   3411.25771   0.7695305  -3.9083374  -6.4894622 2026 01 14 19 51 54.67
0   3681.27966  -5036.86537   3280.69967   0.6750564  -3.7972078  -6.5658229 2026 01 14 19 52 14.67
0   3693.83611  -5111.68177   3148.64430   0.5806010  -3.6840788  -6.6391891 2026 01 14 19 52 34.67
0   3704.50403  -5184.21602   3015.15182   0.4862133  -3.5690024  -6.7095269 2026 01 14 19 52 54.67
0   3713.28528  -5254.42970   2880.28314   0.3919420  -3.4520314  -6.7768035 2026 01 14 19 53 14.67
0   3720.18267  -5322.28545   2744.09978   0.2978359  -3.3332198  -6.8409879 2026 01 14 19 53 34.67
0   3725.19998  -5387.74701   2606.66390   0.2039432  -3.2126228  -6.9020503 2026 01 14 19 53 54.67
0   3728.34197  -5450.77924   2468.03822   0.1103122  -3.0902962  -6.9599625 2026 01 14 19 54 14.67
0   3729.61435  -5511.34810   2328.28602   0.0169907  -2.9662971  -7.0146976 2026 01 14 19 54 34.67
0   3729.02378  -5569.42073   2187.47108  -0.0759737  -2.8406833  -7.0662305 2026 01 14 19 54 54.67
0   3726.57788  -5624.96541   2045.65771  -0.1685338  -2.7135137  -7.1145374 2026 01 14 19 55 14.67
0   3722.28520  -5677.95162   1902.91064  -0.2606426  -2.5848480  -7.1595961 2026 01 14 19 55 34.67
0   3716.15525  -5728.35006   1759.29505  -0.3522537  -2.4547466  -7.2013858 2026 01 14 19 55 54.67
0   3708.19842  -5776.13260   1614.87650  -0.4433209  -2.3232709  -7.2398875 2026 01 14 19 56 14.67
0   3698.42607  -5821.27240   1469.72096  -0.5337986  -2.1904830  -7.2750836 2026 01 14 19 56 34.67
0   3686.85043  -5863.74382   1323.89467  -0.6236415  -2.0564458  -7.3069580 2026 01 14 19 56 54.67
0   3673.48464  -5903.52253   1177.46424  -0.7128048  -1.9212227  -7.3354964 2026 01 14 19 57 14.67
0   3658.34275  -5940.58543   1030.49651  -0.8012443  -1.7848782  -7.3606859 2026 01 14 19 57 34.67
0   3641.43967  -5974.91077    883.05857  -0.8889163  -1.6474770  -7.3825152 2026 01 14 19 57 54.67
0   3622.79117  -6006.47804    735.21773  -0.9757776  -1.5090848  -7.4009748 2026 01 14 19 58 14.67
0   3602.41391  -6035.26810    587.04146  -1.0617857  -1.3697674  -7.4160566 2026 01 14 19 58 34.67
0   3580.32537  -6061.26310    438.59739  -1.1468984  -1.2295917  -7.4277542 2026 01 14 19 58 54.67
0   3556.54386  -6084.44655    289.95326  -1.2310744  -1.0886246  -7.4360626 2026 01 14 19 59 14.67
0   3531.08854  -6104.80330    141.17688  -1.3142731  -0.9469338  -7.4409788 2026 01 14 19 59 34.67
0   3503.97936  -6122.31955     -7.66388  -1.3964542  -0.8045874  -7.4425011 2026 01 14 19 59 54.67
0   3475.23705  -6136.98288   -156.50114  -1.4775785  -0.6616536  -7.4406296 2026 01 14 20 00 14.67
0   3444.88314  -6148.78222   -305.26704  -1.5576072  -0.5182014  -7.4353658 2026 01 14 20 00 34.67
0   3412.93993  -6157.70789   -453.89376  -1.6365025  -0.3742998  -7.4267129 2026 01 14 20 00 54.67
0   3379.43046  -6163.75162   -602.31356  -1.7142270  -0.2300181  -7.4146759 2026 01 14 20 01 14.67
0   3344.37851  -6166.90648   -750.45884  -1.7907444  -0.0854261  -7.3992612 2026 01 14 20 01 34.67
0   3307.80859  -6167.16697   -898.26209  -1.8660190   0.0594065  -7.3804768 2026 01 14 20 01 54.67
0   3269.74589  -6164.52897  -1045.65604  -1.9400159   0.2044097  -7.3583322 2026 01 14 20 02 14.67
0   3230.21631  -6158.98979  -1192.57358  -2.0127012   0.3495132  -7.3328388 2026 01 14 20 02 34.67
0   3189.24642  -6150.54812  -1338.94786  -2.0840416   0.4946470  -7.3040093 2026 01 14 20 02 54.67
0   3146.86345  -6139.20404  -1484.71230  -2.1540047   0.6397406  -7.2718580 2026 01 14 20 03 14.67
0   3103.09525  -6124.95908  -1629.80063  -2.2225592   0.7847238  -7.2364009 2026 01 14 20 03 34.67
0   3057.97030  -6107.81614  -1774.14689  -2.2896743   0.9295262  -7.1976554 2026 01 14 20 03 54.67
0   3011.51770  -6087.77954  -1917.68551  -2.3553205   1.0740777  -7.1556404 2026 01 14 20 04 14.67
0   2963.76711  -6064.85500  -2060.35129  -2.4194689   1.2183080  -7.1103766 2026 01 14 20 04 34.67
0   2914.74876  -6039.04965  -2202.07949  -2.4820916   1.3621472  -7.0618858 2026 01 14 20 04 54.67
0   2864.49344  -6010.37201  -2342.80580  -2.5431618   1.5055254  -7.0101916 2026 01 14 20 05 14.67
0   2813.03247  -5978.83199  -2482.46638  -2.6026534   1.6483729  -6.9553189 2026 01 14 20 05 34.67
0   2760.39766  -5944.44091  -2620.99795  -2.6605415   1.7906203  -6.8972942 2026 01 14 20 05 54.67
0   2706.62133  -5907.21146  -2758.33773  -2.7168020   1.9321985  -6.8361455 2026 01 14 20 06 14.67
0   2651.73626  -5867.15771  -2894.42353  -2.7714118   2.0730386  -6.7719019 2026 01 14 20 06 34.67
0   2595.77569  -5824.29511  -3029.19377  -2.8243489   2.2130721  -6.7045943 2026 01 14 20 06 54.67
0   2538.77329  -5778.64047  -3162.58748  -2.8755921   2.3522309  -6.6342547 2026 01 14 20 07 14.67
0   2480.76314  -5730.21197  -3294.54435  -2.9251213   2.4904473  -6.5609166 2026 01 14 20 07 34.67
0   2421.77970  -5679.02913  -3425.00476  -2.9729175   2.6276541  -6.4846149 2026 01 14 20 07 54.67
0   2361.85783  -5625.11280  -3553.90981  -3.0189627   2.7637845  -6.4053858 2026 01 14 20 08 14.67
0   2301.03271  -5568.48519  -3681.20131  -3.0632397   2.8987722  -6.3232667 2026 01 14 20 08 34.67
0   2239.33986  -5509.16979  -3806.82185  -3.1057326   3.0325515  -6.2382964 2026 01 14 20 08 54.67
0   2176.81513  -5447.19144  -3930.71480  -3.1464264   3.1650573  -6.1505149 2026 01 14 20 09 14.67
0   2113.49464  -5382.57625  -4052.82436  -3.1853071   3.2962250  -6.0599636 2026 01 14 20 09 34.67
0   2049.41477  -5315.35161  -4173.09555  -3.2223618   3.4259909  -5.9666849 2026 01 14 20 09 54.67
0   1984.61217  -5245.54621  -4291.47426  -3.2575787   3.5542916  -5.8707226 2026 01 14 20 10 14.67
0   1919.12371  -5173.18996  -4407.90726  -3.2909468   3.6810646  -5.7721214 2026 01 14 20 10 34.67
0   1852.98646  -5098.31405  -4522.34223  -3.3224564   3.8062483  -5.6709274 2026 01 14 20 10 54.67
0   1786.23767  -5020.95086  -4634.72780  -3.3520987   3.9297816  -5.5671879 2026 01 14 20 11 14.67
0   1718.91478  -4941.13401  -4745.01352  -3.3798660   4.0516043  -5.4609509 2026 01 14 20 11 34.67
0   1651.05535  -4858.89831  -4853.14994  -3.4057516   4.1716569  -5.3522658 2026 01 14 20 11 54.67
0   1582.69708  -4774.27974  -4959.08860  -3.4297498   4.2898809  -5.2411830 2026 01 14 20 12 14.67
0   1513.87775  -4687.31546  -5062.78206  -3.4518561   4.4062187  -5.1277538 2026 01 14 20 12 34.67
0   1444.63525  -4598.04375  -5164.18392  -3.4720669   4.5206134  -5.0120307 2026 01 14 20 12 54.67
0   1375.00751  -4506.50405  -5263.24882  -3.4903795   4.6330092  -4.8940669 2026 01 14 20 13 14.67
0   1305.03251  -4412.73687  -5359.93249  -3.5067925   4.7433512  -4.7739167 2026 01 14 20 13 34.67
0   1234.74825  -4316.78383  -5454.19176  -3.5213054   4.8515854  -4.6516354 2026 01 14 20 13 54.67
0   1164.19273  -4218.68762  -5545.98456  -3.5339185   4.9576588  -4.5272789 2026 01 14 20 14 14.67
0   1093.40394  -4118.49199  -5635.26995  -3.5446335   5.0615196  -4.4009042 2026 01 14 20 14 34.67
0   1022.41980  -4016.24168  -5722.00816  -3.5534529   5.1631168  -4.2725690 2026 01 14 20 14 54.67
0    951.27820  -3911.98247  -5806.16054  -3.5603801   5.2624006  -4.1423320 2026 01 14 20 15 14.67
0    880.01694  -3805.76112  -5887.68966  -3.5654196   5.3593222  -4.0102524 2026 01 14 20 15 34.67
0    808.67372  -3697.62534  -5966.55927  -3.5685769   5.4538341  -3.8763904 2026 01 14 20 15 54.67
0    737.28611  -3587.62381  -6042.73432  -3.5698585   5.5458896  -3.7408067 2026 01 14 20 16 14.67
0    665.89157  -3475.80610  -6116.18099  -3.5692717   5.6354435  -3.6035628 2026 01 14 20 16 34.67
0    594.52738  -3362.22269  -6186.86670  -3.5668249   5.7224514  -3.4647208 2026 01 14 20 16 54.67
0    523.23064  -3246.92493  -6254.76011  -3.5625275   5.8068703  -3.3243436 2026 01 14 20 17 14.67
0    452.03828  -3129.96502  -6319.83114  -3.5563895   5.8886585  -3.1824945 2026 01 14 20 17 34.67
0    380.98698  -3011.39598  -6382.05101  -3.5484223   5.9677753  -3.0392375 2026 01 14 20 17 54.67
0    310.11321  -2891.27164  -6441.39219  -3.5386379   6.0441812  -2.8946371 2026 01 14 20 18 14.67
0    239.45320  -2769.64660  -6497.82847  -3.5270492   6.1178381  -2.7487583 2026 01 14 20 18 34.67
0    169.04288  -2646.57621  -6551.33492  -3.5136701   6.1887092  -2.6016667 2026 01 14 20 18 54.67
0     98.91792  -2522.11654  -6601.88796  -3.4985155   6.2567588  -2.4534283 2026 01 14 20 19 14.67
0     29.11368  -2396.32437  -6649.46531  -3.4816009   6.3219526  -2.3041095 2026 01 14 20 19 34.67
0    -40.33481  -2269.25714  -6694.04602  -3.4629428   6.3842576  -2.1537771 2026 01 14 20 19 54.67
0   -109.39285  -2140.97296  -6735.61051  -3.4425585   6.4436420  -2.0024984 2026 01 14 20 20 14.67
0   -178.02609  -2011.53054  -6774.14051  -3.4204662   6.5000755  -1.8503409 2026 01 14 20 20 34.67
0   -246.20057  -1880.98919  -6809.61912  -3.3966849   6.5535291  -1.6973726 2026 01 14 20 20 54.67
0   -313.88270  -1749.40880  -6842.03082  -3.3712343   6.6039751  -1.5436617 2026 01 14 20 21 14.67
0   -381.03929  -1616.84976  -6871.36143  -3.3441350   6.6513871  -1.3892766 2026 01 14 20 21 34.67
0   -447.63759  -1483.37303  -6897.59815  -3.3154084   6.6957403  -1.2342861 2026 01 14 20 21 54.67
0   -513.64527  -1349.04001  -6920.72957  -3.2850766   6.7370111  -1.0787591 2026 01 14 20 22 14.67
0   -579.03046  -1213.91258  -6940.74564  -3.2531625   6.7751773  -0.9227647 2026 01 14 20 22 34.67
0   -643.76173  -1078.05304  -6957.63772  -3.2196896   6.8102181  -0.7663722 2026 01 14 20 22 54.67
0   -707.80816   -941.52409  -6971.39852  -3.1846822   6.8421143  -0.6096511 2026 01 14 20 23 14.67
0   -771.13930   -804.38881  -6982.02218  -3.1481655   6.8708479  -0.4526709 2026 01 14 20 23 34.67
0   -833.72523   -666.71062  -6989.50420  -3.1101650   6.8964025  -0.2955011 2026 01 14 20 23 54.67
0   -895.53653   -528.55325  -6993.84149  -3.0707072   6.9187629  -0.1382115 2026 01 14 20 24 14.67
0   -956.54432   -389.98073  -6995.03235  -3.0298192   6.9379155   0.0191283 2026 01 14 20 24 34.67
0  -1016.72028   -251.05733  -6993.07648  -2.9875286   6.9538483   0.1764486 2026 01 14 20 24 54.67
0  -1076.03663   -111.84757  -6987.97496  -2.9438637   6.9665505   0.3336796 2026 01 14 20 25 14.67
0  -1134.46618     27.58385  -6979.73027  -2.8988535   6.9760128   0.4907519 2026 01 14 20 25 34.67
0  -1191.98231    167.17205  -6968.34628  -2.8525274   6.9822275   0.6475958 2026 01 14 20 25 54.67
0  -1248.55901    306.85201  -6953.82826  -2.8049156   6.9851883   0.8041420 2026 01 14 20 26 14.67
0  -1304.17086    446.55861  -6936.18284  -2.7560488   6.9848904   0.9603212 2026 01 14 20 26 34.67
0  -1358.79309    586.22662  -6915.41807  -2.7059580   6.9813304   1.1160642 2026 01 14 20 26 54.67
0  -1412.40152    725.79078  -6891.54336  -2.6546752   6.9745064   1.2713021 2026 01 14 20 27 14.67
0  -1464.97263    865.18582  -6864.56949  -2.6022324   6.9644180   1.4259663 2026 01 14 20 27 34.67
0  -1516.48355   1004.34644  -6834.50864  -2.5486625   6.9510664   1.5799881 2026 01 14 20 27 54.67
0  -1566.91207   1143.20741  -6801.37431  -2.4939986   6.9344542   1.7332995 2026 01 14 20 28 14.67
0  -1616.23665   1281.70355  -6765.18142  -2.4382743   6.9145855   1.8858325 2026 01 14 20 28 34.67
0  -1664.43642   1419.76978  -6725.94619  -2.3815239   6.8914657   2.0375195 2026 01 14 20 28 54.67
0  -1711.49120   1557.34116  -6683.68623  -2.3237818   6.8651021   2.1882933 2026 01 14 20 29 14.67
0  -1757.38150   1694.35287  -6638.42048  -2.2650830   6.8355031   2.3380870 2026 01 14 20 29 34.67
0  -1802.08855   1830.74032  -6590.16918  -2.2054627   6.8026789   2.4868342 2026 01 14 20 29 54.67
0  -1845.59426   1966.43912  -6538.95395  -2.1449566   6.7666409   2.6344687 2026 01 14 20 30 14.67
0  -1887.88129   2101.38510  -6484.79769  -2.0836008   6.7274021   2.7809251 2026 01 14 20 30 34.67
0  -1928.93300   2235.51441  -6427.72462  -2.0214317   6.6849772   2.9261382 2026 01 14 20 30 54.67
0  -1968.73349   2368.76347  -6367.76025  -1.9584858   6.6393821   3.0700435 2026 01 14 20 31 14.67
0  -2007.26760   2501.06906  -6304.93137  -1.8948003   6.5906343   3.2125768 2026 01 14 20 31 34.67
0  -2044.52090   2632.36829  -6239.26608  -1.8304122   6.5387527   3.3536747 2026 01 14 20 31 54.67
0  -2080.47972   2762.59871  -6170.79369  -1.7653591   6.4837578   3.4932743 2026 01 14 20 32 14.67
0  -2115.13114   2891.69826  -6099.54482  -1.6996787   6.4256715   3.6313133 2026 01 14 20 32 34.67
0  -2148.46298   3019.60535  -6025.55129  -1.6334090   6.3645170   3.7677300 2026 01 14 20 32 54.67
0  -2180.46385   3146.25885  -5948.84615  -1.5665881   6.3003193   3.9024634 2026 01 14 20 33 14.67
0  -2211.12310   3271.59816  -5869.46368  -1.4992543   6.2331046   4.0354533 2026 01 14 20 33 34.67
0  -2240.43086   3395.56322  -5787.43934  -1.4314461   6.1629006   4.1666400 2026 01 14 20 33 54.67
0  -2268.37803   3518.09453  -5702.80980  -1.3632021   6.0897364   4.2959647 2026 01 14 20 34 14.67
0  -2294.95628   3639.13319  -5615.61287  -1.2945611   6.0136426   4.4233694 2026 01 14 20 34 34.67
0  -2320.15805   3758.62092  -5525.88754  -1.2255618   5.9346511   4.5487968 2026 01 14 20 34 54.67
0  -2343.97658   3876.50010  -5433.67390  -1.1562431   5.8527952   4.6721905 2026 01 14 20 35 14.67
0  -2366.40586   3992.71380  -5339.01320  -1.0866441   5.7681099   4.7934948 2026 01 14 20 35 34.67
0  -2387.44068   4107.20578  -5241.94778  -1.0168037   5.6806311   4.9126550 2026 01 14 20 35 54.67
0  -2407.07659   4219.92054  -5142.52105  -0.9467610   5.5903964   5.0296174 2026 01 14 20 36 14.67
0  -2425.30996   4330.80336  -5040.77750  -0.8765550   5.4974447   5.1443289 2026 01 14 20 36 34.67
0  -2442.13789   4439.80029  -4936.76268  -0.8062246   5.4018161   5.2567378 2026 01 14 20 36 54.67
0  -2457.55829   4546.85822  -4830.52314  -0.7358088   5.3035523   5.3667929 2026 01 14 20 37 14.67
0  -2471.56985   4651.92486  -4722.10647  -0.6653465   5.2026960   5.4744443 2026 01 14 20 37 34.67
0  -2484.17201   4754.94881  -4611.56123  -0.5948765   5.0992914   5.5796431 2026 01 14 20 37 54.67
0  -2495.36503   4855.87955  -4498.93696  -0.5244376   4.9933838   5.6823413 2026 01 14 20 38 14.67
0  -2505.14990   4954.66748  -4384.28414  -0.4540682   4.8850201   5.7824922 2026 01 14 20 38 34.67
0  -2513.52839   5051.26398  -4267.65417  -0.3838069   4.7742480   5.8800499 2026 01 14 20 38 54.67
0  -2520.50306   5145.62135  -4149.09937  -0.3136918   4.6611168   5.9749698 2026 01 14 20 39 14.67
0  -2526.07721   5237.69291  -4028.67293  -0.2437611   4.5456768   6.0672084 2026 01 14 20 39 34.67
0  -2530.25490   5327.43302  -3906.42890  -0.1740526   4.4279795   6.1567235 2026 01 14 20 39 54.67
0  -2533.04097   5414.79704  -3782.42216  -0.1046040   4.3080777   6.2434738 2026 01 14 20 40 14.67
0  -2534.44098   5499.74143  -3656.70842  -0.0354528   4.1860251   6.3274194 2026 01 14 20 40 34.67
0  -2534.46124   5582.22371  -3529.34415   0.0333641   4.0618768   6.4085216 2026 01 14 20 40 54.67
0  -2533.10883   5662.20254  -3400.38660   0.1018097   3.9356887   6.4867430 2026 01 14 20 41 14.67
0  -2530.39152   5739.63769  -3269.89375   0.1698474   3.8075181   6.5620473 2026 01 14 20 41 34.67
0  -2526.31784   5814.49009  -3137.92429   0.2374411   3.6774231   6.6343996 2026 01 14 20 41 54.67
0  -2520.89703   5886.72184  -3004.53760   0.3045549   3.5454628   6.7037663 2026 01 14 20 42 14.67
0  -2514.13905   5956.29624  -2869.79372   0.3711532   3.4116975   6.7701152 2026 01 14 20 42 34.67
0  -2506.05455   6023.17780  -2733.75331   0.4372010   3.2761883   6.8334152 2026 01 14 20 42 54.67
0  -2496.65489   6087.33226  -2596.47765   0.5026635   3.1389973   6.8936368 2026 01 14 20 43 14.67
0  -2485.95213   6148.72661  -2458.02860   0.5675065   3.0001876   6.9507518 2026 01 14 20 43 34.67
0  -2473.95899   6207.32912  -2318.46854   0.6316959   2.8598229   7.0047334 2026 01 14 20 43 54.67
0  -2460.68888   6263.10934  -2177.86042   0.6951986   2.7179681   7.0555561 2026 01 14 20 44 14.67
0  -2446.15587   6316.03812  -2036.26764   0.7579815   2.5746886   7.1031960 2026 01 14 20 44 34.67
0  -2430.37466   6366.08763  -1893.75408   0.8200122   2.4300509   7.1476306 2026 01 14 20 44 54.67
0  -2413.36064   6413.23137  -1750.38408   0.8812588   2.2841220   7.1888386 2026 01 14 20 45 14.67
0  -2395.12979   6457.44420  -1606.22235   0.9416900   2.1369699   7.2268006 2026 01 14 20 45 34.67
0  -2375.69873   6498.70234  -1461.33400   1.0012748   1.9886629   7.2614983 2026 01 14 20 45 54.67
0  -2355.08470   6536.98338  -1315.78448   1.0599830   1.8392703   7.2929151 2026 01 14 20 46 14.67
0  -2333.30552   6572.26630  -1169.63957   1.1177850   1.6888619   7.3210358 2026 01 14 20 46 34.67
0  -2310.37961   6604.53150  -1022.96533   1.1746516   1.5375081   7.3458467 2026 01 14 20 46 54.67
0  -2286.32596   6633.76078   -875.82807   1.2305545   1.3852799   7.3673356 2026 01 14 20 47 14.67
0  -2261.16413   6659.93735   -728.29434   1.2854656   1.2322487   7.3854920 2026 01 14 20 47 34.67
0  -2234.91422   6683.04589   -580.43088   1.3393579   1.0784866   7.4003068 2026 01 14 20 47 54.67
0  -2207.59687   6703.07249   -432.30461   1.3922048   0.9240659   7.4117723 2026 01 14 20 48 14.67
0  -2179.23326   6720.00471   -283.98258   1.4439804   0.7690596   7.4198825 2026 01 14 20 48 34.67
0  -2149.84507   6733.83157   -135.53192   1.4946596   0.6135407   7.4246331 2026 01 14 20 48 54.67
0  -2119.45445   6744.54355     12.98013   1.5442179   0.4575829   7.4260210 2026 01 14 20 49 14.67
0  -2088.08408   6752.13261    161.48630   1.5926316   0.3012600   7.4240449 2026 01 14 20 49 34.67
0  -2055.75708   6756.59220    309.91931   1.6398775   0.1446461   7.4187049 2026 01 14 20 49 54.67
0  -2022.49703   6757.91722    458.21191   1.6859334  -0.0121844   7.4100029 2026 01 14 20 50 14.67
0  -1988.32793   6756.10410    606.29687   1.7307778  -0.1691570   7.3979421 2026 01 14 20 50 34.67
0  -1953.27423   6751.15074    754.10708   1.7743899  -0.3261970   7.3825274 2026 01 14 20 50 54.67
0  -1917.36078   6743.05654    901.57552   1.8167497  -0.4832296   7.3637651 2026 01 14 20 51 14.67
0  -1880.61282   6731.82239   1048.63531   1.8578380  -0.6401799   7.3416633 2026 01 14 20 51 34.67
0  -1843.05596   6717.45069   1195.21975   1.8976363  -0.7969730   7.3162315 2026 01 14 20 51 54.67
0  -1804.71618   6699.94533   1341.26236   1.9361271  -0.9535340   7.2874807 2026 01 14 20 52 14.67
0  -1765.61979   6679.31170   1486.69688   1.9732934  -1.1097881   7.2554235 2026 01 14 20 52 34.67
0  -1725.79346   6655.55668   1631.45731   2.0091194  -1.2656605   7.2200741 2026 01 14 20 52 54.67
0  -1685.26413   6628.68866   1775.47797   2.0435898  -1.4210765   7.1814481 2026 01 14 20 53 14.67
0  -1644.05907   6598.71751   1918.69350   2.0766904  -1.5759616   7.1395627 2026 01 14 20 53 34.67
0  -1602.20580   6565.65458   2061.03889   2.1084076  -1.7302415   7.0944366 2026 01 14 20 53 54.67
0  -1559.73212   6529.51273   2202.44953   2.1387288  -1.8838421   7.0460900 2026 01 14 20 54 14.67
0  -1516.66608   6490.30627   2342.86121   2.1676422  -2.0366897   6.9945445 2026 01 14 20 54 34.67
0  -1473.03593   6448.05100   2482.21020   2.1951369  -2.1887107   6.9398234 2026 01 14 20 54 54.67
0  -1428.87016   6402.76419   2620.43323   2.2212028  -2.3398320   6.8819513 2026 01 14 20 55 14.67
0  -1384.19743   6354.46455   2757.46753   2.2458307  -2.4899808   6.8209542 2026 01 14 20 55 34.67
0  -1339.04658   6303.17225   2893.25087   2.2690122  -2.6390848   6.7568597 2026 01 14 20 55 54.67
0  -1293.44663   6248.90893   3027.72159   2.2907400  -2.7870722   6.6896969 2026 01 14 20 56 14.67
0  -1247.42671   6191.69761   3160.81864   2.3110073  -2.9338715   6.6194960 2026 01 14 20 56 34.67
0  -1201.01609   6131.56277   3292.48156   2.3298086  -3.0794119   6.5462888 2026 01 14 20 56 54.67
0  -1154.24415   6068.53029   3422.65055   2.3471389  -3.2236231   6.4701085 2026 01 14 20 57 14.67
0  -1107.14034   6002.62745   3551.26649   2.3629942  -3.3664355   6.3909897 2026 01 14 20 57 34.67
0  -1059.73419   5933.88292   3678.27098   2.3773716  -3.5077800   6.3089682 2026 01 14 20 57 54.67
0  -1012.05528   5862.32674   3803.60632   2.3902687  -3.6475882   6.2240812 2026 01 14 20 58 14.67
0   -964.13325   5787.99032   3927.21559   2.4016843  -3.7857926   6.1363672 2026 01 14 20 58 34.67
0   -915.99772   5710.90640   4049.04265   2.4116179  -3.9223261   6.0458662 2026 01 14 20 58 54.67
0   -867.67833   5631.10906   4169.03215   2.4200698  -4.0571226   5.9526190 2026 01 14 20 59 14.67
0   -819.20470   5548.63370   4287.12960   2.4270413  -4.1901168   5.8566681 2026 01 14 20 59 34.67
0   -770.60643   5463.51700   4403.28137   2.4325347  -4.3212442   5.7580571 2026 01 14 20 59 54.67
0   -721.91305   5375.79695   4517.43468   2.4365528  -4.4504412   5.6568307 2026 01 14 21 00 14.67
0   -673.15402   5285.51278   4629.53769   2.4390995  -4.5776450   5.5530348 2026 01 14 21 00 34.67
0   -624.35872   5192.70496   4739.53948   2.4401795  -4.7027938   5.4467167 2026 01 14 21 00 54.67
0   -575.55645   5097.41523   4847.39008   2.4397984  -4.8258268   5.3379245 2026 01 14 21 01 14.67
0   -526.77635   4999.68648   4953.04050   2.4379626  -4.9466842   5.2267076 2026 01 14 21 01 34.67
0   -478.04746   4899.56282   5056.44276   2.4346791  -5.0653070   5.1131166 2026 01 14 21 01 54.67
0   -429.39864   4797.08952   5157.54988   2.4299562  -5.1816376   4.9972029 2026 01 14 21 02 14.67
0   -380.85861   4692.31300   5256.31593   2.4238027  -5.2956192   4.8790192 2026 01 14 21 02 34.67
0   -332.45586   4585.28080   5352.69605   2.4162281  -5.4071963   4.7586190 2026 01 14 21 02 54.67
0   -284.21873   4476.04155   5446.64645   2.4072431  -5.5163142   4.6360569 2026 01 14 21 03 14.67
0   -236.17532   4364.64497   5538.12444   2.3968589  -5.6229198   4.5113885 2026 01 14 21 03 34.67
0   -188.35347   4251.14183   5627.08847   2.3850874  -5.7269607   4.3846703 2026 01 14 21 03 54.67
0   -140.78083   4135.58394   5713.49811   2.3719416  -5.8283862   4.2559597 2026 01 14 21 04 14.67
0    -93.48473   4018.02411   5797.31409   2.3574351  -5.9271465   4.1253151 2026 01 14 21 04 34.67
0    -46.49225   3898.51612   5878.49833   2.3415821  -6.0231930   3.9927955 2026 01 14 21 04 54.67
0      0.16983   3777.11473   5957.01391   2.3243979  -6.1164786   3.8584609 2026 01 14 21 05 14.67
0     46.47505   3653.87561   6032.82516   2.3058981  -6.2069573   3.7223723 2026 01 14 21 05 34.67
0     92.39725   3528.85537   6105.89759   2.2860994  -6.2945847   3.5845911 2026 01 14 21 05 54.67
0    137.91063   3402.11144   6176.19799   2.2650191  -6.3793173   3.4451796 2026 01 14 21 06 14.67
0    182.98973   3273.70216   6243.69438   2.2426750  -6.4611132   3.3042010 2026 01 14 21 06 34.67
0    227.60947   3143.68667   6308.35605   2.2190859  -6.5399320   3.1617189 2026 01 14 21 06 54.67
0    271.74513   3012.12490   6370.15357   2.1942709  -6.6157344   3.0177978 2026 01 14 21 07 14.67
0    315.37239   2879.07756   6429.05882   2.1682503  -6.6884828   2.8725027 2026 01 14 21 07 34.67
0    358.46736   2744.60610   6485.04496   2.1410444  -6.7581407   2.7258993 2026 01 14 21 07 54.67
0    401.00653   2608.77267   6538.08651   2.1126747  -6.8246734   2.5780537 2026 01 14 21 08 14.67
0    442.96685   2471.64012   6588.15927   2.0831629  -6.8880473   2.4290329 2026 01 14 21 08 34.67
0    484.32569   2333.27196   6635.24042   2.0525316  -6.9482305   2.2789039 2026 01 14 21 08 54.67
0    525.06091   2193.73229   6679.30847   2.0208039  -7.0051927   2.1277348 2026 01 14 21 09 14.67
0    565.15079   2053.08583   6720.34330   1.9880033  -7.0589047   1.9755936 2026 01 14 21 09 34.67
0    604.57414   1911.39786   6758.32616   1.9541541  -7.1093392   1.8225492 2026 01 14 21 09 54.67
0    643.31022   1768.73420   6793.23967   1.9192811  -7.1564702   1.6686705 2026 01 14 21 10 14.67
0    681.33880   1625.16116   6825.06784   1.8834095  -7.2002734   1.5140271 2026 01 14 21 10 34.67
0    718.64018   1480.74553   6853.79608   1.8465651  -7.2407259   1.3586887 2026 01 14 21 10 54.67
0    755.19516   1335.55453   6879.41119   1.8087742  -7.2778064   1.2027255 2026 01 14 21 11 14.67
0    790.98508   1189.65582   6901.90137   1.7700637  -7.3114953   1.0462079 2026 01 14 21 11 34.67
0    825.99181   1043.11739   6921.25624   1.7304607  -7.3417745   0.8892065 2026 01 14 21 11 54.67
0    860.19779    896.00762   6937.46685   1.6899930  -7.3686274   0.7317923 2026 01 14 21 12 14.67
0    893.58600    748.39517   6950.52563   1.6486886  -7.3920390   0.5740362 2026 01 14 21 12 34.67
0    926.13998    600.34902   6960.42647   1.6065762  -7.4119962   0.4160096 2026 01 14 21 12 54.67
0    957.84388    451.93838   6967.16466   1.5636846  -7.4284872   0.2577838 2026 01 14 21 13 14.67
0    988.68239    303.23266   6970.73695   1.5200432  -7.4415019   0.0994303 2026 01 14 21 13 34.67
0   1018.64082    154.30148   6971.14150   1.4756817  -7.4510318  -0.0589794 2026 01 14 21 13 54.67
0   1047.70507      5.21460   6968.37789   1.4306301  -7.4570702  -0.2173735 2026 01 14 21 14 14.67
0   1075.86163   -143.95808   6962.44715   1.3849188  -7.4596118  -0.3756806 2026 01 14 21 14 34.67
0   1103.09762   -293.14660   6953.35174   1.3385784  -7.4586532  -0.5338290 2026 01 14 21 14 54.67
0   1129.40077   -442.28092   6941.09555   1.2916400  -7.4541924  -0.6917472 2026 01 14 21 15 14.67
0   1154.75943   -591.29101   6925.68390   1.2441347  -7.4462292  -0.8493637 2026 01 14 21 15 34.67
0   1179.16257   -740.10683   6907.12354   1.1960941  -7.4347649  -1.0066071 2026 01 14 21 15 54.67
0   1202.59981   -888.65837   6885.42263   1.1475499  -7.4198028  -1.1634062 2026 01 14 21 16 14.67
0   1225.06140  -1036.87574   6860.59079   1.0985340  -7.4013473  -1.3196899 2026 01 14 21 16 34.67
0   1246.53821  -1184.68912   6832.63902   1.0490787  -7.3794050  -1.4753873 2026 01 14 21 16 54.67
0   1267.02180  -1332.02885   6801.57976   0.9992163  -7.3539839  -1.6304280 2026 01 14 21 17 14.67
0   1286.50433  -1478.82546   6767.42684   0.9489793  -7.3250935  -1.7847413 2026 01 14 21 17 34.67
0   1304.97864  -1625.00967   6730.19552   0.8984003  -7.2927453  -1.9382574 2026 01 14 21 17 54.67
0   1322.43822  -1770.51245   6689.90243   0.8475121  -7.2569523  -2.0909064 2026 01 14 21 18 14.67
0   1338.87723  -1915.26505   6646.56562   0.7963476  -7.2177289  -2.2426188 2026 01 14 21 18 34.67
0   1354.29045  -2059.19902   6600.20450   0.7449398  -7.1750915  -2.3933258 2026 01 14 21 18 54.67
0   1368.67335  -2202.24626   6550.83987   0.6933218  -7.1290580  -2.5429586 2026 01 14 21 19 14.67
0   1382.02207  -2344.33903   6498.49390   0.6415266  -7.0796479  -2.6914492 2026 01 14 21 19 34.67
0   1394.33338  -2485.41002   6443.19010   0.5895874  -7.0268824  -2.8387297 2026 01 14 21 19 54.67
0   1405.60474  -2625.39234   6384.95335   0.5375372  -6.9707842  -2.9847330 2026 01 14 21 20 14.67
0   1415.83427  -2764.21959   6323.80986   0.4854094  -6.9113777  -3.1293926 2026 01 14 21 20 34.67
0   1425.02073  -2901.82584   6259.78717   0.4332368  -6.8486890  -3.2726422 2026 01 14 21 20 54.67
0   1433.16357  -3038.14573   6192.91413   0.3810527  -6.7827455  -3.4144163 2026 01 14 21 21 14.67
0   1440.26289  -3173.11446   6123.22090   0.3288900  -6.7135766  -3.5546502 2026 01 14 21 21 34.67
0   1446.31943  -3306.66782   6050.73893   0.2767817  -6.6412128  -3.6932797 2026 01 14 21 21 54.67
0   1451.33462  -3438.74223   5975.50094   0.2247605  -6.5656867  -3.8302411 2026 01 14 21 22 14.67
0   1455.31053  -3569.27479   5897.54092   0.1728591  -6.4870319  -3.9654717 2026 01 14 21 22 34.67
0   1458.24988  -3698.20326   5816.89411   0.1211101  -6.4052839  -4.0989095 2026 01 14 21 22 54.67
0   1460.15604  -3825.46616   5733.59698   0.0695458  -6.3204797  -4.2304931 2026 01 14 21 23 14.67
0   1461.03303  -3951.00273   5647.68721   0.0181985  -6.2326576  -4.3601621 2026 01 14 21 23 34.67
0   1460.88550  -4074.75303   5559.20370  -0.0328998  -6.1418578  -4.4878569 2026 01 14 21 23 54.67
0   1459.71876  -4196.65790   5468.18651  -0.0837173  -6.0481214  -4.6135186 2026 01 14 21 24 14.67
0   1457.53874  -4316.65904   5374.67690  -0.1342225  -5.9514915  -4.7370895 2026 01 14 21 24 34.67
0   1454.35200  -4434.69903   5278.71724  -0.1843841  -5.8520124  -4.8585126 2026 01 14 21 24 54.67
0   1450.16571  -4550.72132   5180.35106  -0.2341711  -5.7497298  -4.9777318 2026 01 14 21 25 14.67
0   1444.98768  -4664.67032   5079.62298  -0.2835527  -5.6446908  -5.0946921 2026 01 14 21 25 34.67
0   1438.82633  -4776.49139   4976.57872  -0.3324985  -5.5369442  -5.2093396 2026 01 14 21 25 54.67
0   1431.69066  -4886.13086   4871.26507  -0.3809784  -5.4265397  -5.3216213 2026 01 14 21 26 14.67
0   1423.59030  -4993.53610   4763.72987  -0.4289627  -5.3135286  -5.4314852 2026 01 14 21 26 34.67
0   1414.53545  -5098.65548   4654.02198  -0.4764221  -5.1979635  -5.5388805 2026 01 14 21 26 54.67
0   1404.53690  -5201.43847   4542.19127  -0.5233274  -5.0798983  -5.6437575 2026 01 14 21 27 14.67
0   1393.60602  -5301.83562   4428.28860  -0.5696502  -4.9593881  -5.7460677 2026 01 14 21 27 34.67
0   1381.75473  -5399.79858   4312.36577  -0.6153622  -4.8364894  -5.8457636 2026 01 14 21 27 54.67
0   1368.99555  -5495.28015   4194.47554  -0.6604358  -4.7112597  -5.9427990 2026 01 14 21 28 14.67
0   1355.34150  -5588.23431   4074.67157  -0.7048435  -4.5837579  -6.0371291 2026 01 14 21 28 34.67
0   1340.80617  -5678.61621   3953.00841  -0.7485587  -4.4540439  -6.1287099 2026 01 14 21 28 54.67
0   1325.40368  -5766.38221   3829.54147  -0.7915550  -4.3221789  -6.2174990 2026 01 14 21 29 14.67
0   1309.14867  -5851.48991   3704.32699  -0.8338066  -4.1882251  -6.3034553 2026 01 14 21 29 34.67
0   1292.05628  -5933.89817   3577.42203  -0.8752881  -4.0522458  -6.3865388 2026 01 14 21 29 54.67
0   1274.14216  -6013.56711   3448.88444  -0.9159747  -3.9143054  -6.4667110 2026 01 14 21 30 14.67
0   1255.42246  -6090.45817   3318.77282  -0.9558423  -3.7744691  -6.5439347 2026 01 14 21 30 34.67
0   1235.91379  -6164.53409   3187.14650  -0.9948672  -3.6328034  -6.6181741 2026 01 14 21 30 54.67
0   1215.63324  -6235.75895   3054.06551  -1.0330263  -3.4893755  -6.6893948 2026 01 14 21 31 14.67
0   1194.59835  -6304.09819   2919.59057  -1.0702970  -3.3442537  -6.7575636 2026 01 14 21 31 34.67
0   1172.82711  -6369.51862   2783.78302  -1.1066575  -3.1975071  -6.8226491 2026 01 14 21 31 54.67
0   1150.33794  -6431.98844   2646.70483  -1.1420866  -3.0492055  -6.8846210 2026 01 14 21 32 14.67
0   1127.14967  -6491.47725   2508.41858  -1.1765635  -2.8994197  -6.9434508 2026 01 14 21 32 34.67
0   1103.28155  -6547.95609   2368.98737  -1.2100683  -2.7482212  -6.9991112 2026 01 14 21 32 54.67
0   1078.75321  -6601.39742   2228.47485  -1.2425817  -2.5956823  -7.0515765 2026 01 14 21 33 14.67
0   1053.58467  -6651.77517   2086.94518  -1.2740850  -2.4418759  -7.1008226 2026 01 14 21 33 34.67
0   1027.79632  -6699.06471   1944.46296  -1.3045601  -2.2868757  -7.1468267 2026 01 14 21 33 54.67
0   1001.40889  -6743.24291   1801.09325  -1.3339898  -2.1307557  -7.1895678 2026 01 14 21 34 14.67
0    974.44346  -6784.28812   1656.90151  -1.3623575  -1.9735909  -7.2290262 2026 01 14 21 34 34.67
0    946.92143  -6822.18021   1511.95358  -1.3896473  -1.8154566  -7.2651839 2026 01 14 21 34 54.67
0    918.86450  -6856.90053   1366.31564  -1.4158440  -1.6564286  -7.2980246 2026 01 14 21 35 14.67
0    890.29470  -6888.43197   1220.05418  -1.4409332  -1.4965833  -7.3275332 2026 01 14 21 35 34.67
0    861.23429  -6916.75896   1073.23598  -1.4649013  -1.3359973  -7.3536965 2026 01 14 21 35 54.67
0    831.70585  -6941.86745    925.92806  -1.4877351  -1.1747477  -7.3765028 2026 01 14 21 36 14.67
0    801.73218  -6963.74495    778.19768  -1.5094227  -1.0129121  -7.3959419 2026 01 14 21 36 34.67
0    771.33631  -6982.38051    630.11226  -1.5299524  -0.8505680  -7.4120055 2026 01 14 21 36 54.67
0    740.54152  -6997.76474    481.73938  -1.5493137  -0.6877937  -7.4246866 2026 01 14 21 37 14.67
0    709.37127  -7009.88982    333.14675  -1.5674966  -0.5246671  -7.4339798 2026 01 14 21 37 34.67
0    677.84922  -7018.74949    184.40218  -1.5844920  -0.3612668  -7.4398815 2026 01 14 21 37 54.67
0    645.99922  -7024.33906     35.57350  -1.6002916  -0.1976711  -7.4423897 2026 01 14 21 38 14.67
0    613.84524  -7026.65541   -113.27139  -1.6148878  -0.0339587  -7.4415039 2026 01 14 21 38 34.67
0    581.41144  -7025.69699   -262.06463  -1.6282739   0.1297917  -7.4372253 2026 01 14 21 38 54.67
0    548.72206  -7021.46382   -410.73838  -1.6404439   0.2935016  -7.4295565 2026 01 14 21 39 14.67
0    515.80150  -7013.95751   -559.22489  -1.6513926   0.4570923  -7.4185021 2026 01 14 21 39 34.67
0    482.67421  -7003.18122   -707.45650  -1.6611157   0.6204855  -7.4040679 2026 01 14 21 39 54.67
0    449.36475  -6989.13969   -855.36568  -1.6696096   0.7836026  -7.3862615 2026 01 14 21 40 14.67
0    415.89773  -6971.83923  -1002.88507  -1.6768715   0.9463654  -7.3650922 2026 01 14 21 40 34.67
0    382.29781  -6951.28770  -1149.94754  -1.6828994   1.1086960  -7.3405706 2026 01 14 21 40 54.67
0    348.58969  -6927.49452  -1296.48614  -1.6876922   1.2705166  -7.3127090 2026 01 14 21 41 14.67
0    314.79807  -6900.47067  -1442.43423  -1.6912495   1.4317497  -7.2815215 2026 01 14 21 41 34.67
0    280.94766  -6870.22867  -1587.72542  -1.6935717   1.5923182  -7.2470233 2026 01 14 21 41 54.67
0    247.06315  -6836.78259  -1732.29368  -1.6946601   1.7521453  -7.2092316 2026 01 14 21 42 14.67
0    213.16920  -6800.14801  -1876.07331  -1.6945166   1.9111547  -7.1681648 2026 01 14 21 42 34.67
0    179.29042  -6760.34205  -2018.99902  -1.6931441   2.0692705  -7.1238430 2026 01 14 21 42 54.67
0    145.45136  -6717.38335  -2161.00592  -1.6905462   2.2264172  -7.0762879 2026 01 14 21 43 14.67
0    111.67647  -6671.29202  -2302.02956  -1.6867273   2.3825200  -7.0255223 2026 01 14 21 43 34.67
0     77.99013  -6622.08970  -2442.00599  -1.6816924   2.5375045  -6.9715710 2026 01 14 21 43 54.67
0     44.41661  -6569.79948  -2580.87175  -1.6754476   2.6912970  -6.9144599 2026 01 14 21 44 14.67
0     10.98002  -6514.44595  -2718.56391  -1.6679996   2.8438245  -6.8542165 2026 01 14 21 44 34.67
0    -22.29562  -6456.05512  -2855.02012  -1.6593558   2.9950146  -6.7908697 2026 01 14 21 44 54.67
0    -55.38650  -6394.65446  -2990.17860  -1.6495244   3.1447955  -6.7244497 2026 01 14 21 45 14.67
0    -88.26894  -6330.27287  -3123.97822  -1.6385145   3.2930964  -6.6549885 2026 01 14 21 45 34.67
0   -120.91948  -6262.94064  -3256.35846  -1.6263356   3.4398471  -6.5825189 2026 01 14 21 45 54.67
0   -153.31484  -6192.68949  -3387.25952  -1.6129983   3.5849783  -6.5070755 2026 01 14 21 46 14.67
0   -185.43195  -6119.55248  -3516.62227  -1.5985138   3.7284215  -6.4286940 2026 01 14 21 46 34.67
0   -217.24800  -6043.56406  -3644.38832  -1.5828939   3.8701090  -6.3474116 2026 01 14 21 46 54.67
0   -248.74039  -5964.76000  -3770.50004  -1.5661512   4.0099743  -6.2632667 2026 01 14 21 47 14.67
0   -279.88681  -5883.17741  -3894.90055  -1.5482990   4.1479515  -6.1762989 2026 01 14 21 47 34.67
0   -310.66521  -5798.85469  -4017.53383  -1.5293513   4.2839759  -6.0865492 2026 01 14 21 47 54.67
0   -341.05382  -5711.83155  -4138.34464  -1.5093228   4.4179838  -5.9940597 2026 01 14 21 48 14.67
0   -371.03117  -5622.14895  -4257.27863  -1.4882287   4.5499125  -5.8988737 2026 01 14 21 48 34.67
0   -400.57611  -5529.84907  -4374.28231  -1.4660851   4.6797002  -5.8010358 2026 01 14 21 48 54.67
0   -429.66783  -5434.97536  -4489.30309  -1.4429085   4.8072865  -5.7005917 2026 01 14 21 49 14.67
0   -458.28582  -5337.57243  -4602.28932  -1.4187163   4.9326118  -5.5975882 2026 01 14 21 49 34.67
0   -486.40996  -5237.68610  -4713.19029  -1.3935263   5.0556179  -5.4920733 2026 01 14 21 49 54.67
0   -514.02047  -5135.36330  -4821.95626  -1.3673569   5.1762477  -5.3840958 2026 01 14 21 50 14.67
0   -541.09796  -5030.65214  -4928.53848  -1.3402273   5.2944452  -5.2737059 2026 01 14 21 50 34.67
0   -567.62342  -4923.60181  -5032.88920  -1.3121570   5.4101557  -5.1609547 2026 01 14 21 50 54.67
0   -593.57823  -4814.26259  -5134.96172  -1.2831664   5.5233256  -5.0458942 2026 01 14 21 51 14.67
0   -618.94420  -4702.68580  -5234.71038  -1.2532762   5.6339029  -4.9285775 2026 01 14 21 51 34.67
0   -643.70354  -4588.92382  -5332.09061  -1.2225077   5.7418364  -4.8090585 2026 01 14 21 51 54.67
0   -667.83891  -4473.03001  -5427.05889  -1.1908828   5.8470766  -4.6873923 2026 01 14 21 52 14.67
0   -691.33340  -4355.05873  -5519.57284  -1.1584237   5.9495752  -4.5636346 2026 01 14 21 52 34.67
0   -714.17056  -4235.06528  -5609.59120  -1.1251535   6.0492852  -4.4378421 2026 01 14 21 52 54.67
0   -736.33439  -4113.10590  -5697.07385  -1.0910953   6.1461609  -4.3100724 2026 01 14 21 53 14.67
0   -757.80938  -3989.23770  -5781.98181  -1.0562729   6.2401581  -4.1803837 2026 01 14 21 53 34.67
0   -778.58048  -3863.51869  -5864.27731  -1.0207107   6.3312340  -4.0488351 2026 01 14 21 53 54.67
0   -798.63314  -3736.00772  -5943.92373  -0.9844334   6.4193470  -3.9154865 2026 01 14 21 54 14.67
0   -817.95331  -3606.76445  -6020.88569  -0.9474659   6.5044572  -3.7803986 2026 01 14 21 54 34.67
0   -836.52744  -3475.84931  -6095.12901  -0.9098339   6.5865259  -3.6436325 2026 01 14 21 54 54.67
0   -854.34250  -3343.32351  -6166.62074  -0.8715632   6.6655160  -3.5052503 2026 01 14 21 55 14.67
0   -871.38597  -3209.24898  -6235.32918  -0.8326801   6.7413919  -3.3653145 2026 01 14 21 55 34.67
0   -887.64588  -3073.68835  -6301.22390  -0.7932112   6.8141193  -3.2238884 2026 01 14 21 55 54.67
0   -903.11078  -2936.70493  -6364.27572  -0.7531836   6.8836655  -3.0810357 2026 01 14 21 56 14.67
0   -917.76976  -2798.36264  -6424.45675  -0.7126244   6.9499992  -2.9368208 2026 01 14 21 56 34.67
0   -931.61247  -2658.72604  -6481.74040  -0.6715613   7.0130908  -2.7913086 2026 01 14 21 56 54.67
0   -944.62911  -2517.86025  -6536.10137  -0.6300222   7.0729120  -2.6445645 2026 01 14 21 57 14.67
0   -956.81045  -2375.83096  -6587.51568  -0.5880353   7.1294362  -2.4966543 2026 01 14 21 57 34.67
0   -968.14780  -2232.70435  -6635.96068  -0.5456290   7.1826382  -2.3476444 2026 01 14 21 57 54.67
0   -978.63306  -2088.54711  -6681.41502  -0.5028319   7.2324943  -2.1976014 2026 01 14 21 58 14.67
0   -988.25872  -1943.42638  -6723.85872  -0.4596729   7.2789826  -2.0465926 2026 01 14 21 58 34.67
0   -997.01782  -1797.40972  -6763.27314  -0.4161812   7.3220826  -1.8946853 2026 01 14 21 58 54.67
0  -1004.90399  -1650.56510  -6799.64099  -0.3723860   7.3617752  -1.7419473 2026 01 14 21 59 14.67
0  -1011.91147  -1502.96084  -6832.94632  -0.3283168   7.3980431  -1.5884469 2026 01 14 21 59 34.67
0  -1018.03507  -1354.66559  -6863.17457  -0.2840032   7.4308705  -1.4342523 2026 01 14 21 59 54.67
0  -1023.27020  -1205.74830  -6890.31255  -0.2394749   7.4602431  -1.2794323 2026 01 14 22 00 14.67
0  -1027.61287  -1056.27821  -6914.34844  -0.1947619   7.4861483  -1.1240557 2026 01 14 22 00 34.67
0  -1031.05967   -906.32478  -6935.27179  -0.1498941   7.5085750  -0.9681916 2026 01 14 22 00 54.67
0  -1033.60782   -755.95768  -6953.07354  -0.1049017   7.5275136  -0.8119092 2026 01 14 22 01 14.67
0  -1035.25512   -605.24674  -6967.74602  -0.0598146   7.5429563  -0.6552780 2026 01 14 22 01 34.67
0  -1035.99999   -454.26196  -6979.28295  -0.0146632   7.5548967  -0.4983673 2026 01 14 22 01 54.67
0  -1035.84143   -303.07343  -6987.67943   0.0305223   7.5633301  -0.3412469 2026 01 14 22 02 14.67
0  -1034.77907   -151.75133  -6992.93197   0.0757117   7.5682534  -0.1839863 2026 01 14 22 02 34.67
0  -1032.81313     -0.36588  -6995.03846   0.1208747   7.5696648  -0.0266553 2026 01 14 22 02 54.67
0  -1029.94445    151.01269  -6993.99818   0.1659811   7.5675645   0.1306765 2026 01 14 22 03 14.67
0  -1026.17445    302.31413  -6989.81182   0.2110006   7.5619541   0.2879394 2026 01 14 22 03 34.67
0  -1021.50518    453.46830  -6982.48145   0.2559031   7.5528366   0.4450638 2026 01 14 22 03 54.67
0  -1015.93928    604.40508  -6972.01054   0.3006585   7.5402170   0.6019801 2026 01 14 22 04 14.67
0  -1009.47998    755.05449  -6958.40395   0.3452368   7.5241014   0.7586189 2026 01 14 22 04 34.67
0  -1002.13114    905.34669  -6941.66791   0.3896081   7.5044980   0.9149108 2026 01 14 22 04 54.67
0   -993.89719   1055.21201  -6921.81005   0.4337425   7.4814160   1.0707868 2026 01 14 22 05 14.67
0   -984.78317   1204.58099  -6898.83940   0.4776105   7.4548666   1.2261777 2026 01 14 22 05 34.67
0   -974.79470   1353.38440  -6872.76633   0.5211824   7.4248625   1.3810148 2026 01 14 22 05 54.67
0   -963.93799   1501.55329  -6843.60261   0.5644290   7.3914177   1.5352296 2026 01 14 22 06 14.67
0   -952.21984   1649.01899  -6811.36137   0.6073211   7.3545480   1.6887538 2026 01 14 22 06 34.67
0   -939.64764   1795.71318  -6776.05710   0.6498296   7.3142707   1.8415194 2026 01 14 22 06 54.67
0   -926.22934   1941.56790  -6737.70565   0.6919260   7.2706047   1.9934586 2026 01 14 22 07 14.67
0   -911.97347   2086.51555  -6696.32423   0.7335815   7.2235702   2.1445042 2026 01 14 22 07 34.67
0   -896.88913   2230.48900  -6651.93138   0.7747681   7.1731892   2.2945892 2026 01 14 22 07 54.67
0   -880.98599   2373.42154  -6604.54697   0.8154576   7.1194850   2.4436470 2026 01 14 22 08 14.67
0   -864.27426   2515.24696  -6554.19222   0.8556224   7.0624826   2.5916114 2026 01 14 22 08 34.67
0   -846.76470   2655.89954  -6500.88965   0.8952350   7.0022084   2.7384168 2026 01 14 22 08 54.67
0   -828.46865   2795.31414  -6444.66310   0.9342684   6.9386902   2.8839978 2026 01 14 22 09 14.67
0   -809.39794   2933.42616  -6385.53770   0.9726957   6.8719576   3.0282897 2026 01 14 22 09 34.67
0   -789.56497   3070.17161  -6323.53988   1.0104905   6.8020412   3.1712284 2026 01 14 22 09 54.67
0   -768.98264   3205.48715  -6258.69735   1.0476268   6.7289735   3.3127501 2026 01 14 22 10 14.67
0   -747.66439   3339.31009  -6191.03907   1.0840788   6.6527882   3.4527918 2026 01 14 22 10 34.67
0   -725.62416   3471.57841  -6120.59528   1.1198213   6.5735205   3.5912910 2026 01 14 22 10 54.67
0   -702.87638   3602.23084  -6047.39744   1.1548293   6.4912070   3.7281858 2026 01 14 22 11 14.67
0   -679.43599   3731.20684  -5971.47826   1.1890784   6.4058857   3.8634151 2026 01 14 22 11 34.67
0   -655.31841   3858.44664  -5892.87165   1.2225446   6.3175962   3.9969184 2026 01 14 22 11 54.67
0   -630.53953   3983.89128  -5811.61273   1.2552043   6.2263790   4.1286358 2026 01 14 22 12 14.67
0   -605.11572   4107.48264  -5727.73782   1.2870343   6.1322765   4.2585084 2026 01 14 22 12 34.67
0   -579.06381   4229.16343  -5641.28440   1.3180120   6.0353322   4.3864778 2026 01 14 22 12 54.67
0   -552.40104   4348.87728  -5552.29111   1.3481153   5.9355908   4.5124865 2026 01 14 22 13 14.67
0   -525.14514   4466.56869  -5460.79773   1.3773225   5.8330985   4.6364779 2026 01 14 22 13 34.67
0   -497.31424   4582.18313  -5366.84516   1.4056126   5.7279028   4.7583960 2026 01 14 22 13 54.67
0   -468.92688   4695.66700  -5270.47544   1.4329650   5.6200525   4.8781860 2026 01 14 22 14 14.67
0   -440.00202   4806.96772  -5171.73166   1.4593595   5.5095974   4.9957938 2026 01 14 22 14 34.67
0   -410.55901   4916.03371  -5070.65800   1.4847769   5.3965889   5.1111661 2026 01 14 22 14 54.67
0   -380.61759   5022.81441  -4967.29969   1.5091982   5.2810793   5.2242507 2026 01 14 22 15 14.67
0   -350.19786   5127.26034  -4861.70302   1.5326050   5.1631223   5.3349964 2026 01 14 22 15 34.67
0   -319.32029   5229.32310  -4753.91525   1.5549798   5.0427726   5.4433529 2026 01 14 22 15 54.67
0   -288.00569   5328.95540  -4643.98466   1.5763054   4.9200864   5.5492709 2026 01 14 22 16 14.67
0   -256.27522   5426.11107  -4531.96052   1.5965654   4.7951205   5.6527023 2026 01 14 22 16 34.67
0   -224.15033   5520.74511  -4417.89303   1.6157439   4.6679333   5.7535998 2026 01 14 22 16 54.67
0   -191.65282   5612.81367  -4301.83333   1.6338257   4.5385839   5.8519174 2026 01 14 22 17 14.67
0   -158.80477   5702.27412  -4183.83347   1.6507964   4.4071327   5.9476101 2026 01 14 22 17 34.67
0   -125.62853   5789.08503  -4063.94638   1.6666420   4.2736411   6.0406342 2026 01 14 22 17 54.67
0    -92.14675   5873.20622  -3942.22587   1.6813495   4.1381713   6.1309469 2026 01 14 22 18 14.67
0    -58.38230   5954.59876  -3818.72659   1.6949063   4.0007867   6.2185067 2026 01 14 22 18 34.67
0    -24.35833   6033.22500  -3693.50399   1.7073006   3.8615515   6.3032734 2026 01 14 22 18 54.67
0      9.90181   6109.04857  -3566.61433   1.7185213   3.7205310   6.3852079 2026 01 14 22 19 14.67
0     44.37454   6182.03442  -3438.11464   1.7285580   3.5777910   6.4642723 2026 01 14 22 19 34.67
0     79.03608   6252.14884  -3308.06268   1.7374012   3.4333987   6.5404300 2026 01 14 22 19 54.67
0    113.86247   6319.35946  -3176.51694   1.7450418   3.2874217   6.6136459 2026 01 14 22 20 14.67
0    148.82958   6383.63527  -3043.53661   1.7514717   3.1399284   6.6838858 2026 01 14 22 20 34.67
0    183.91311   6444.94664  -2909.18153   1.7566835   2.9909884   6.7511171 2026 01 14 22 20 54.67
0    219.08864   6503.26532  -2773.51218   1.7606704   2.8406714   6.8153084 2026 01 14 22 21 14.67
0    254.33161   6558.56450  -2636.58967   1.7634265   2.6890483   6.8764299 2026 01 14 22 21 34.67
0    289.61735   6610.81876  -2498.47568   1.7649466   2.5361904   6.9344528 2026 01 14 22 21 54.67
0    324.92109   6660.00412  -2359.23246   1.7652264   2.3821698   6.9893499 2026 01 14 22 22 14.67
0    360.21800   6706.09805  -2218.92278   1.7642621   2.2270590   7.0410955 2026 01 14 22 22 34.67
0    395.48315   6749.07949  -2077.60993   1.7620509   2.0709312   7.0896651 2026 01 14 22 22 54.67
0    430.69160   6788.92883  -1935.35764   1.7585908   1.9138600   7.1350357 2026 01 14 22 23 14.67
0    465.81834   6825.62794  -1792.23012   1.7538804   1.7559197   7.1771858 2026 01 14 22 23 34.67
0    500.83838   6859.16019  -1648.29197   1.7479193   1.5971848   7.2160954 2026 01 14 22 23 54.67
0    535.72668   6889.51043  -1503.60821   1.7407076   1.4377304   7.2517459 2026 01 14 22 24 14.67
0    570.45825   6916.66503  -1358.24417   1.7322464   1.2776319   7.2841201 2026 01 14 22 24 34.67
0    605.00812   6940.61187  -1212.26555   1.7225376   1.1169650   7.3132025 2026 01 14 22 24 54.67
0    639.35137   6961.34033  -1065.73832   1.7115839   0.9558057   7.3389789 2026 01 14 22 25 14.67
0    673.46312   6978.84133   -918.72873   1.6993886   0.7942305   7.3614367 2026 01 14 22 25 34.67
0    707.31859   6993.10732   -771.30327   1.6859560   0.6323157   7.3805649 2026 01 14 22 25 54.67
0    740.89308   7004.13227   -623.52862   1.6712911   0.4701382   7.3963539 2026 01 14 22 26 14.67
0    774.16200   7011.91169   -475.47164   1.6553997   0.3077747   7.4087957 2026 01 14 22 26 34.67
0    807.10088   7016.44265   -327.19936   1.6382883   0.1453023   7.4178838 2026 01 14 22 26 54.67
0    839.68540   7017.72371   -178.77889   1.6199643  -0.0172020   7.4236133 2026 01 14 22 27 14.67
0    871.89138   7015.75503    -30.27745   1.6004360  -0.1796612   7.4259808 2026 01 14 22 27 34.67
0    903.69484   7010.53827    118.23772   1.5797121  -0.3419981   7.4249846 2026 01 14 22 27 54.67
0    935.07194   7002.07664    266.69932   1.5578025  -0.5041359   7.4206242 2026 01 14 22 28 14.67
0    965.99909   6990.37490    415.04009   1.5347175  -0.6659975   7.4129011 2026 01 14 22 28 34.67
0    996.45288   6975.43934    563.19280   1.5104684  -0.8275063   7.4018180 2026 01 14 22 28 54.67
0   1026.41015   6957.27778    711.09029   1.4850671  -0.9885855   7.3873794 2026 01 14 22 29 14.67
0   1055.84798   6935.89958    858.66550   1.4585266  -1.1491588   7.3695912 2026 01 14 22 29 34.67
0   1084.74373   6911.31560   1005.85153   1.4308601  -1.3091501   7.3484609 2026 01 14 22 29 54.67
0   1113.07501   6883.53827   1152.58162   1.4020819  -1.4684833   7.3239976 2026 01 14 22 30 14.67
0   1140.81974   6852.58148   1298.78920   1.3722070  -1.6270831   7.2962119 2026 01 14 22 30 34.67
0   1167.95614   6818.46066   1444.40796   1.3412511  -1.7848743   7.2651160 2026 01 14 22 30 54.67
0   1194.46275   6781.19273   1589.37182   1.3092305  -1.9417819   7.2307235 2026 01 14 22 31 14.67
0   1220.31844   6740.79611   1733.61499   1.2761624  -2.0977318   7.1930497 2026 01 14 22 31 34.67
0   1245.50245   6697.29068   1877.07203   1.2420645  -2.2526501   7.1521112 2026 01 14 22 31 54.67
0   1269.99437   6650.69781   2019.67781   1.2069553  -2.4064634   7.1079264 2026 01 14 22 32 14.67
0   1293.77415   6601.04034   2161.36760   1.1708540  -2.5590989   7.0605150 2026 01 14 22 32 34.67
0   1316.82215   6548.34253   2302.07708   1.1337804  -2.7104845   7.0098982 2026 01 14 22 32 54.67
0   1339.11913   6492.63010   2441.74238   1.0957549  -2.8605486   6.9560989 2026 01 14 22 33 14.67
0   1360.64625   6433.93020   2580.30007   1.0567987  -3.0092203   6.8991411 2026 01 14 22 33 34.67
0   1381.38514   6372.27136   2717.68724   1.0169335  -3.1564293   6.8390506 2026 01 14 22 33 54.67
0   1401.31781   6307.68355   2853.84150   0.9761817  -3.3021064   6.7758545 2026 01 14 22 34 14.67
0   1420.42678   6240.19808   2988.70104   0.9345662  -3.4461826   6.7095814 2026 01 14 22 34 34.67
0   1438.69500   6169.84765   3122.20459   0.8921106  -3.5885903   6.6402611 2026 01 14 22 34 54.67
0   1456.10591   6096.66631   3254.29154   0.8488391  -3.7292622   6.5679252 2026 01 14 22 35 14.67
0   1472.64343   6020.68944   3384.90189   0.8047763  -3.8681323   6.4926063 2026 01 14 22 35 34.67
0   1488.29200   5941.95371   3513.97632   0.7599474  -4.0051353   6.4143386 2026 01 14 22 35 54.67
0   1503.03655   5860.49713   3641.45620   0.7143783  -4.1402068   6.3331576 2026 01 14 22 36 14.67
0   1516.86253   5776.35895   3767.28364   0.6680953  -4.2732835   6.2491000 2026 01 14 22 36 34.67
0   1529.75594   5689.57969   3891.40149   0.6211252  -4.4043030   6.1622041 2026 01 14 22 36 54.67
0   1541.70330   5600.20112   4013.75337   0.5734952  -4.5332039   6.0725093 2026 01 14 22 37 14.67
0   1552.69169   5508.26622   4134.28370   0.5252332  -4.6599260   5.9800563 2026 01 14 22 37 34.67
0   1562.70876   5413.81914   4252.93773   0.4763674  -4.7844101   5.8848871 2026 01 14 22 37 54.67
0   1571.74271   5316.90523   4369.66158   0.4269264  -4.9065980   5.7870448 2026 01 14 22 38 14.67
0   1579.78234   5217.57100   4484.40223   0.3769393  -5.0264329   5.6865740 2026 01 14 22 38 34.67
0   1586.81700   5115.86405   4597.10755   0.3264357  -5.1438590   5.5835202 2026 01 14 22 38 54.67
0   1592.83668   5011.83312   4707.72635   0.2754454  -5.2588216   5.4779302 2026 01 14 22 39 14.67
0   1597.83193   4905.52801   4816.20838   0.2239987  -5.3712674   5.3698519 2026 01 14 22 39 34.67
0   1601.79394   4796.99957   4922.50438   0.1721262  -5.4811443   5.2593344 2026 01 14 22 39 54.67
0   1604.71450   4686.29971   5026.56604   0.1198590  -5.5884014   5.1464280 2026 01 14 22 40 14.67
0   1606.58602   4573.48130   5128.34611   0.0672281  -5.6929891   5.0311837 2026 01 14 22 40 34.67
0   1607.40156   4458.59823   5227.79834   0.0142654  -5.7948592   4.9136539 2026 01 14 22 40 54.67
0   1607.15478   4341.70532   5324.87756  -0.0389974  -5.8939648   4.7938918 2026 01 14 22 41 14.67
0   1605.84001   4222.85831   5419.53967  -0.0925282  -5.9902603   4.6719519 2026 01 14 22 41 34.67
0   1603.45221   4102.11386   5511.74165  -0.1462946  -6.0837015   4.5478894 2026 01 14 22 41 54.67
0   1599.98700   3979.52949   5601.44162  -0.2002639  -6.1742455   4.4217605 2026 01 14 22 42 14.67
0   1595.44065   3855.16354   5688.59882  -0.2544033  -6.2618511   4.2936224 2026 01 14 22 42 34.67
0   1589.81008   3729.07520   5773.17363  -0.3086799  -6.3464781   4.1635331 2026 01 14 22 42 54.67
0   1583.09288   3601.32441   5855.12764  -0.3630604  -6.4280881   4.0315515 2026 01 14 22 43 14.67
0   1575.28730   3471.97191   5934.42358  -0.4175114  -6.5066440   3.8977374 2026 01 14 22 43 34.67
0   1566.39228   3341.07912   6011.02541  -0.4719997  -6.5821103   3.7621514 2026 01 14 22 43 54.67
0   1556.40740   3208.70819   6084.89831  -0.5264914  -6.6544528   3.6248548 2026 01 14 22 44 14.67
0   1545.33292   3074.92192   6156.00868  -0.5809530  -6.7236388   3.4859097 2026 01 14 22 44 34.67
0   1533.16980   2939.78375   6224.32418  -0.6353506  -6.7896375   3.3453790 2026 01 14 22 44 54.67
0   1519.91964   2803.35773   6289.81373  -0.6896506  -6.8524191   3.2033263 2026 01 14 22 45 14.67
0   1505.58474   2665.70848   6352.44754  -0.7438189  -6.9119557   3.0598157 2026 01 14 22 45 34.67
0   1490.16807   2526.90117   6412.19710  -0.7978218  -6.9682208   2.9149121 2026 01 14 22 45 54.67
0   1473.67327   2387.00148   6469.03519  -0.8516252  -7.0211896   2.7686810 2026 01 14 22 46 14.67
0   1456.10468   2246.07558   6522.93593  -0.9051955  -7.0708387   2.6211884 2026 01 14 22 46 34.67
0   1437.46730   2104.19007   6573.87475  -0.9584987  -7.1171463   2.4725010 2026 01 14 22 46 54.67
0   1417.76680   1961.41200   6621.82843  -1.0115012  -7.1600924   2.3226860 2026 01 14 22 47 14.67
0   1397.00954   1817.80878   6666.77510  -1.0641691  -7.1996583   2.1718109 2026 01 14 22 47 34.67
0   1375.20254   1673.44820   6708.69423  -1.1164689  -7.2358271   2.0199439 2026 01 14 22 47 54.67
0   1352.35351   1528.39833   6747.56667  -1.1683672  -7.2685834   1.8671536 2026 01 14 22 48 14.67
0   1328.47080   1382.72759   6783.37464  -1.2198305  -7.2979136   1.7135090 2026 01 14 22 48 34.67
0   1303.56345   1236.50460   6816.10176  -1.2708258  -7.3238055   1.5590793 2026 01 14 22 48 54.67
0   1277.64115   1089.79826   6845.73301  -1.3213199  -7.3462487   1.4039344 2026 01 14 22 49 14.67
0   1250.71424    942.67761   6872.25479  -1.3712801  -7.3652342   1.2481443 2026 01 14 22 49 34.67
0   1222.79374    795.21190   6895.65491  -1.4206738  -7.3807548   1.0917792 2026 01 14 22 49 54.67
0   1193.89131    647.47047   6915.92256  -1.4694685  -7.3928050   0.9349098 2026 01 14 22 50 14.67
0   1164.01923    499.52278   6933.04837  -1.5176321  -7.4013808   0.7776069 2026 01 14 22 50 34.67
0   1133.19045    351.43835   6947.02439  -1.5651328  -7.4064798   0.6199415 2026 01 14 22 50 54.67
0   1101.41855    203.28671   6957.84406  -1.6119390  -7.4081013   0.4619848 2026 01 14 22 51 14.67
0   1068.71773     55.13741   6965.50229  -1.6580193  -7.4062463   0.3038082 2026 01 14 22 51 34.67
0   1035.10282    -92.94005   6969.99539  -1.7033429  -7.4009174   0.1454832 2026 01 14 22 51 54.67
0   1000.58926   -240.87622   6971.32110  -1.7478792  -7.3921188  -0.0129188 2026 01 14 22 52 14.67
0    965.19309   -388.60176   6969.47860  -1.7915978  -7.3798562  -0.1713261 2026 01 14 22 52 34.67
0    928.93098   -536.04748   6964.46851  -1.8344689  -7.3641373  -0.3296671 2026 01 14 22 52 54.67
0    891.82016   -683.14433   6956.29285  -1.8764629  -7.3449709  -0.4878703 2026 01 14 22 53 14.67
0    853.87847   -829.82346   6944.95512  -1.9175510  -7.3223680  -0.6458640 2026 01 14 22 53 34.67
0    815.12431   -976.01627   6930.46020  -1.9577043  -7.2963406  -0.8035767 2026 01 14 22 53 54.67
0    775.57667  -1121.65441   6912.81445  -1.9968948  -7.2669029  -0.9609370 2026 01 14 22 54 14.67
0    735.25507  -1266.66982   6892.02560  -2.0350946  -7.2340704  -1.1178736 2026 01 14 22 54 34.67
0    694.17961  -1410.99478   6868.10286  -2.0722766  -7.1978601  -1.2743156 2026 01 14 22 54 54.67
0    652.37091  -1554.56190   6841.05682  -2.1084140  -7.1582907  -1.4301918 2026 01 14 22 55 14.67
0    609.85011  -1697.30423   6810.89951  -2.1434806  -7.1153827  -1.5854316 2026 01 14 22 55 34.67
0    566.63891  -1839.15519   6777.64436  -2.1774506  -7.0691578  -1.7399645 2026 01 14 22 55 54.67
0    522.75947  -1980.04868   6741.30621  -2.2102991  -7.0196395  -1.8937205 2026 01 14 22 56 14.67
0    478.23448  -2119.91908   6701.90129  -2.2420013  -6.9668528  -2.0466296 2026 01 14 22 56 34.67
0    433.08711  -2258.70130   6659.44725  -2.2725333  -6.9108243  -2.1986222 2026 01 14 22 56 54.67
0    387.34099  -2396.33076   6613.96309  -2.3018717  -6.8515819  -2.3496293 2026 01 14 22 57 14.67
0    341.02022  -2532.74348   6565.46922  -2.3299938  -6.7891554  -2.4995822 2026 01 14 22 57 34.67
0    294.14935  -2667.87610   6513.98741  -2.3568773  -6.7235757  -2.6484125 2026 01 14 22 57 54.67
0    246.75337  -2801.66587   6459.54079  -2.3825008  -6.6548756  -2.7960523 2026 01 14 22 58 14.67
0    198.85769  -2934.05073   6402.15383  -2.4068434  -6.5830890  -2.9424344 2026 01 14 22 58 34.67
0    150.48813  -3064.96929   6341.85237  -2.4298850  -6.5082516  -3.0874920 2026 01 14 22 58 54.67
0    101.67091  -3194.36090   6278.66355  -2.4516061  -6.4304003  -3.2311587 2026 01 14 22 59 14.67
0     52.43262  -3322.16568   6212.61585  -2.4719878  -6.3495735  -3.3733689 2026 01 14 22 59 34.67
0      2.80023  -3448.32450   6143.73906  -2.4910122  -6.2658112  -3.5140576 2026 01 14 22 59 54.67
0    -47.19893  -3572.77908   6072.06424  -2.5086619  -6.1791546  -3.6531603 2026 01 14 23 00 14.67
0    -97.53721  -3695.47194   5997.62375  -2.5249203  -6.0896463  -3.7906134 2026 01 14 23 00 34.67
0   -148.18661  -3816.34648   5920.45122  -2.5397715  -5.9973303  -3.9263538 2026 01 14 23 00 54.67
0   -199.11885  -3935.34702   5840.58152  -2.5532006  -5.9022520  -4.0603192 2026 01 14 23 01 14.67
0   -250.30533  -4052.41876   5758.05077  -2.5651931  -5.8044582  -4.1924482 2026 01 14 23 01 34.67
0   -301.71719  -4167.50787   5672.89630  -2.5757356  -5.7039966  -4.3226800 2026 01 14 23 01 54.67
0   -353.32530  -4280.56149   5585.15666  -2.5848154  -5.6009168  -4.4509548 2026 01 14 23 02 14.67
0   -405.10029  -4391.52776   5494.87158  -2.5924206  -5.4952691  -4.5772135 2026 01 14 23 02 34.67
0   -457.01254  -4500.35582   5402.08197  -2.5985401  -5.3871053  -4.7013980 2026 01 14 23 02 54.67
0   -509.03225  -4606.99590   5306.82987  -2.6031636  -5.2764785  -4.8234511 2026 01 14 23 03 14.67
0   -561.12940  -4711.39926   5209.15849  -2.6062819  -5.1634429  -4.9433164 2026 01 14 23 03 34.67
0   -613.27379  -4813.51829   5109.11212  -2.6078862  -5.0480537  -5.0609388 2026 01 14 23 03 54.67
0   -665.43507  -4913.30646   5006.73618  -2.6079690  -4.9303674  -5.1762638 2026 01 14 23 04 14.67
0   -717.58273  -5010.71842   4902.07715  -2.6065234  -4.8104417  -5.2892383 2026 01 14 23 04 34.67
0   -769.68616  -5105.70997   4795.18256  -2.6035435  -4.6883353  -5.3998099 2026 01 14 23 04 54.67
0   -821.71460  -5198.23807   4686.10098  -2.5990242  -4.5641078  -5.5079275 2026 01 14 23 05 14.67
0   -873.63724  -5288.26091   4574.88199  -2.5929612  -4.4378200  -5.6135412 2026 01 14 23 05 34.67
0   -925.42315  -5375.73791   4461.57616  -2.5853514  -4.3095337  -5.7166020 2026 01 14 23 05 54.67
0   -977.04138  -5460.62972   4346.23503  -2.5761923  -4.1793117  -5.8170621 2026 01 14 23 06 14.67
0  -1028.46092  -5542.89826   4228.91109  -2.5654824  -4.0472176  -5.9148750 2026 01 14 23 06 34.67
0  -1079.65076  -5622.50673   4109.65772  -2.5532212  -3.9133160  -6.0099954 2026 01 14 23 06 54.67
0  -1130.57986  -5699.41963   3988.52922  -2.5394090  -3.7776723  -6.1023792 2026 01 14 23 07 14.67
0  -1181.21722  -5773.60278   3865.58076  -2.5240470  -3.6403529  -6.1919834 2026 01 14 23 07 34.67
0  -1231.53186  -5845.02334   3740.86835  -2.5071373  -3.5014248  -6.2787667 2026 01 14 23 07 54.67
0  -1281.49286  -5913.64981   3614.44881  -2.4886831  -3.3609559  -6.3626885 2026 01 14 23 08 14.67
0  -1331.06936  -5979.45205   3486.37975  -2.4686884  -3.2190149  -6.4437102 2026 01 14 23 08 34.67
0  -1380.23060  -6042.40133   3356.71957  -2.4471580  -3.0756710  -6.5217939 2026 01 14 23 08 54.67
0  -1428.94592  -6102.47026   3225.52738  -2.4240979  -2.9309942  -6.5969036 2026 01 14 23 09 14.67
0  -1477.18480  -6159.63291   3092.86302  -2.3995147  -2.7850552  -6.6690044 2026 01 14 23 09 34.67
0  -1524.91685  -6213.86475   2958.78701  -2.3734162  -2.6379251  -6.7380628 2026 01 14 23 09 54.67
0  -1572.11184  -6265.14265   2823.36050  -2.3458109  -2.4896758  -6.8040469 2026 01 14 23 10 14.67
0  -1618.73973  -6313.44497   2686.64531  -2.3167084  -2.3403796  -6.8669260 2026 01 14 23 10 34.67
0  -1664.77069  -6358.75149   2548.70382  -2.2861191  -2.1901091  -6.9266712 2026 01 14 23 10 54.67
0  -1710.17508  -6401.04346   2409.59898  -2.2540543  -2.0389377  -6.9832547 2026 01 14 23 11 14.67
0  -1754.92352  -6440.30358   2269.39431  -2.2205262  -1.8869390  -7.0366504 2026 01 14 23 11 34.67
0  -1798.98687  -6476.51607   2128.15380  -2.1855480  -1.7341869  -7.0868338 2026 01 14 23 11 54.67
0  -1842.33627  -6509.66658   1985.94193  -2.1491337  -1.5807558  -7.1337816 2026 01 14 23 12 14.67
0  -1884.94314  -6539.74230   1842.82364  -2.1112983  -1.4267203  -7.1774724 2026 01 14 23 12 34.67
0  -1926.77921  -6566.73186   1698.86427  -2.0720575  -1.2721553  -7.2178860 2026 01 14 23 12 54.67
0  -1967.81655  -6590.62545   1554.12955  -2.0314280  -1.1171357  -7.2550041 2026 01 14 23 13 14.67
0  -2008.02755  -6611.41471   1408.68556  -1.9894273  -0.9617369  -7.2888097 2026 01 14 23 13 34.67
0  -2047.38498  -6629.09282   1262.59871  -1.9460739  -0.8060342  -7.3192874 2026 01 14 23 13 54.67
0  -2085.86197  -6643.65446   1115.93570  -1.9013870  -0.6501031  -7.3464235 2026 01 14 23 14 14.67
0  -2123.43204  -6655.09580    968.76349  -1.8553867  -0.4940190  -7.3702059 2026 01 14 23 14 34.67
0  -2160.06914  -6663.41455    821.14926  -1.8080939  -0.3378574  -7.3906240 2026 01 14 23 14 54.67
0  -2195.74763  -6668.60991    673.16039  -1.7595302  -0.1816938  -7.4076688 2026 01 14 23 15 14.67
0  -2230.44232  -6670.68260    524.86442  -1.7097184  -0.0256036  -7.4213329 2026 01 14 23 15 34.67
0  -2264.12848  -6669.63483    376.32902  -1.6586816   0.1303380  -7.4316106 2026 01 14 23 15 54.67
0  -2296.78186  -6665.47033    227.62197  -1.6064441   0.2860559  -7.4384978 2026 01 14 23 16 14.67
0  -2328.37867  -6658.19433     78.81112  -1.5530306   0.4414751  -7.4419919 2026 01 14 23 16 34.67
0  -2358.89566  -6647.81354    -70.03568  -1.4984669   0.5965210  -7.4420919 2026 01 14 23 16 54.67
0  -2388.31009  -6634.33618   -218.85054  -1.4427793   0.7511192  -7.4387987 2026 01 14 23 17 14.67
0  -2416.59975  -6617.77195   -367.56561  -1.3859949   0.9051956  -7.4321144 2026 01 14 23 17 34.67
0  -2443.74298  -6598.13201   -516.11311  -1.3281416   1.0586766  -7.4220430 2026 01 14 23 17 54.67
0  -2469.71868  -6575.42901   -664.42535  -1.2692477   1.2114887  -7.4085901 2026 01 14 23 18 14.67
0  -2494.50633  -6549.67706   -812.43476  -1.2093427   1.3635591  -7.3917626 2026 01 14 23 18 34.67
0  -2518.08602  -6520.89172   -960.07395  -1.1484562   1.5148154  -7.3715694 2026 01 14 23 18 54.67
0  -2540.43841  -6489.08999  -1107.27570  -1.0866188   1.6651857  -7.3480206 2026 01 14 23 19 14.67
0  -2561.54480  -6454.29030  -1253.97300  -1.0238616   1.8145987  -7.3211283 2026 01 14 23 19 34.67
0  -2581.38710  -6416.51252  -1400.09913  -0.9602164   1.9629835  -7.2909057 2026 01 14 23 19 54.67
0  -2599.94789  -6375.77791  -1545.58762  -0.8957155   2.1102701  -7.2573680 2026 01 14 23 20 14.67
0  -2617.21037  -6332.10912  -1690.37233  -0.8303918   2.2563890  -7.2205316 2026 01 14 23 20 34.67
0  -2633.15842  -6285.53021  -1834.38748  -0.7642788   2.4012713  -7.1804147 2026 01 14 23 20 54.67
0  -2647.77660  -6236.06658  -1977.56763  -0.6974105   2.5448490  -7.1370369 2026 01 14 23 21 14.67
0  -2661.05014  -6183.74501  -2119.84779  -0.6298214   2.6870549  -7.0904193 2026 01 14 23 21 34.67
0  -2672.96498  -6128.59360  -2261.16339  -0.5615466   2.8278223  -7.0405845 2026 01 14 23 21 54.67
0  -2683.50776  -6070.64177  -2401.45031  -0.4926215   2.9670858  -6.9875567 2026 01 14 23 22 14.67
0  -2692.66583  -6009.92025  -2540.64495  -0.4230820   3.1047803  -6.9313615 2026 01 14 23 22 34.67
0  -2700.42727  -5946.46107  -2678.68424  -0.3529647   3.2408422  -6.8720258 2026 01 14 23 22 54.67
0  -2706.78088  -5880.29750  -2815.50564  -0.2823062   3.3752083  -6.8095783 2026 01 14 23 23 14.67
0  -2711.71623  -5811.46410  -2951.04722  -0.2111439   3.5078166  -6.7440488 2026 01 14 23 23 34.67
0  -2715.22359  -5739.99661  -3085.24764  -0.1395152   3.6386061  -6.6754687 2026 01 14 23 23 54.67
0  -2717.29404  -5665.93203  -3218.04622  -0.0674582   3.7675167  -6.6038705 2026 01 14 23 24 14.67
0  -2717.91938  -5589.30853  -3349.38295   0.0049889   3.8944895  -6.5292884 2026 01 14 23 24 34.67
0  -2717.09219  -5510.16543  -3479.19848   0.0777876   4.0194665  -6.4517578 2026 01 14 23 24 54.67
0  -2714.80583  -5428.54322  -3607.43422   0.1508989   4.1423910  -6.3713154 2026 01 14 23 25 14.67
0  -2711.05445  -5344.48352  -3734.03231   0.2242837   4.2632071  -6.2879992 2026 01 14 23 25 34.67
0  -2705.83297  -5258.02904  -3858.93567   0.2979026   4.3818603  -6.2018485 2026 01 14 23 25 54.67
0  -2699.13709  -5169.22358  -3982.08801   0.3717161   4.4982973  -6.1129039 2026 01 14 23 26 14.67
0  -2690.96333  -5078.11198  -4103.43387   0.4456842   4.6124658  -6.0212072 2026 01 14 23 26 34.67
0  -2681.30899  -4984.74011  -4222.91863   0.5197671   4.7243148  -5.9268014 2026 01 14 23 26 54.67
0  -2670.17217  -4889.15489  -4340.48855   0.5939245   4.8337945  -5.8297307 2026 01 14 23 27 14.67
0  -2657.55180  -4791.40416  -4456.09079   0.6681161   4.9408565  -5.7300404 2026 01 14 23 27 34.67
0  -2643.44759  -4691.53677  -4569.67342   0.7423016   5.0454535  -5.6277771 2026 01 14 23 27 54.67
0  -2627.86007  -4589.60248  -4681.18545   0.8164405   5.1475396  -5.5229882 2026 01 14 23 28 14.67
0  -2610.79057  -4485.65194  -4790.57686   0.8904921   5.2470701  -5.4157226 2026 01 14 23 28 34.67
0  -2592.24125  -4379.73671  -4897.79861   0.9644159   5.3440018  -5.3060300 2026 01 14 23 28 54.67
0  -2572.21506  -4271.90919  -5002.80266   1.0381712   5.4382926  -5.1939610 2026 01 14 23 29 14.67
0  -2550.71579  -4162.22259  -5105.54200   1.1117174   5.5299020  -5.0795677 2026 01 14 23 29 34.67
0  -2527.74803  -4050.73095  -5205.97068   1.1850137   5.6187907  -4.9629026 2026 01 14 23 29 54.67
0  -2503.31717  -3937.48906  -5304.04379   1.2580197   5.7049208  -4.8440196 2026 01 14 23 30 14.67
0  -2477.42943  -3822.55245  -5399.71752   1.3306948   5.7882560  -4.7229733 2026 01 14 23 30 34.67
0  -2450.09183  -3705.97737  -5492.94915   1.4029984   5.8687612  -4.5998192 2026 01 14 23 30 54.67
0  -2421.31221  -3587.82076  -5583.69710   1.4748903   5.9464028  -4.4746138 2026 01 14 23 31 14.67
0  -2391.09920  -3468.14023  -5671.92091   1.5463301   6.0211485  -4.3474143 2026 01 14 23 31 34.67
0  -2359.46224  -3346.99399  -5757.58127   1.6172778   6.0929677  -4.2182789 2026 01 14 23 31 54.67
0  -2326.41158  -3224.44087  -5840.64006   1.6876934   6.1618310  -4.0872664 2026 01 14 23 32 14.67
0  -2291.95826  -3100.54026  -5921.06033   1.7575372   6.2277107  -3.9544364 2026 01 14 23 32 34.67
0  -2256.11410  -2975.35212  -5998.80633   1.8267696   6.2905803  -3.8198494 2026 01 14 23 32 54.67
0  -2218.89173  -2848.93688  -6073.84352   1.8953514   6.3504149  -3.6835665 2026 01 14 23 33 14.67
0  -2180.30455  -2721.35549  -6146.13861   1.9632432   6.4071911  -3.5456493 2026 01 14 23 33 34.67
0  -2140.36675  -2592.66934  -6215.65953   2.0304065   6.4608871  -3.4061603 2026 01 14 23 33 54.67
0  -2099.09329  -2462.94023  -6282.37548   2.0968026   6.5114823  -3.2651625 2026 01 14 23 34 14.67
0  -2056.49989  -2332.23037  -6346.25692   2.1623933   6.5589577  -3.1227196 2026 01 14 23 34 34.67
0  -2012.60305  -2200.60234  -6407.27557   2.2271407   6.6032960  -2.9788957 2026 01 14 23 34 54.67
0  -1967.41999  -2068.11904  -6465.40447   2.2910072   6.6444811  -2.8337557 2026 01 14 23 35 14.67
0  -1920.96872  -1934.84368  -6520.61795   2.3539556   6.6824986  -2.6873646 2026 01 14 23 35 34.67
0  -1873.26796  -1800.83975  -6572.89164   2.4159490   6.7173356  -2.5397883 2026 01 14 23 35 54.67
0  -1824.33718  -1666.17097  -6622.20249   2.4769511   6.7489804  -2.3910929 2026 01 14 23 36 14.67
0  -1774.19657  -1530.90129  -6668.52879   2.5369258   6.7774233  -2.2413451 2026 01 14 23 36 34.67
0  -1722.86702  -1395.09483  -6711.85016   2.5958375   6.8026557  -2.0906117 2026 01 14 23 36 54.67
0  -1670.37016  -1258.81589  -6752.14756   2.6536511   6.8246706  -1.9389603 2026 01 14 23 37 14.67
0  -1616.72829  -1122.12885  -6789.40330   2.7103320   6.8434627  -1.7864585 2026 01 14 23 37 34.67
0  -1561.96441   -985.09823  -6823.60105   2.7658459   6.8590278  -1.6331743 2026 01 14 23 37 54.67
0  -1506.10219   -847.78859  -6854.72586   2.8201593   6.8713636  -1.4791761 2026 01 14 23 38 14.67
0  -1449.16599   -710.26454  -6882.76411   2.8732389   6.8804690  -1.3245324 2026 01 14 23 38 34.67
0  -1391.18079   -572.59067  -6907.70360   2.9250522   6.8863445  -1.1693121 2026 01 14 23 38 54.67
0  -1332.17226   -434.83156  -6929.53348   2.9755672   6.8889921  -1.0135842 2026 01 14 23 39 14.67
0  -1272.16666   -297.05175  -6948.24428   3.0247522   6.8884153  -0.8574178 2026 01 14 23 39 34.67
0  -1211.19092   -159.31568  -6963.82793   3.0725766   6.8846190  -0.7008823 2026 01 14 23 39 54.67
0  -1149.27254    -21.68767  -6976.27774   3.1190100   6.8776095  -0.5440472 2026 01 14 23 40 14.67
0  -1086.43965    115.76808  -6985.58841   3.1640227   6.8673947  -0.3869820 2026 01 14 23 40 34.67
0  -1022.72096    252.98756  -6991.75604   3.2075858   6.8539840  -0.2297564 2026 01 14 23 40 54.67
0   -958.14573    389.90696  -6994.77811   3.2496708   6.8373880  -0.0724400 2026 01 14 23 41 14.67
0   -892.74380    526.46268  -6994.65351   3.2902502   6.8176189   0.0848975 2026 01 14 23 41 34.67
0   -826.54557    662.59140  -6991.38251   3.3292968   6.7946904   0.2421863 2026 01 14 23 41 54.67
0   -759.58196    798.23008  -6984.96678   3.3667845   6.7686175   0.3993569 2026 01 14 23 42 14.67
0   -691.88439    933.31599  -6975.40939   3.4026875   6.7394166   0.5563397 2026 01 14 23 42 34.67
0   -623.48482   1067.78674  -6962.71477   3.4369810   6.7071057   0.7130652 2026 01 14 23 42 54.67
0   -554.41567   1201.58033  -6946.88877   3.4696410   6.6717038   0.8694641 2026 01 14 23 43 14.67
0   -484.70985   1334.63513  -6927.93862   3.5006440   6.6332317   1.0254671 2026 01 14 23 43 34.67
0   -414.40074   1466.88997  -6905.87293   3.5299674   6.5917114   1.1810051 2026 01 14 23 43 54.67
0   -343.52213   1598.28410  -6880.70168   3.5575895   6.5471662   1.3360094 2026 01 14 23 44 14.67
0   -272.10828   1728.75727  -6852.43623   3.5834892   6.4996209   1.4904114 2026 01 14 23 44 34.67
0   -200.19383   1858.24974  -6821.08932   3.6076463   6.4491015   1.6441426 2026 01 14 23 44 54.67
0   -127.81383   1986.70230  -6786.67505   3.6300414   6.3956354   1.7971350 2026 01 14 23 45 14.67
0    -55.00370   2114.05629  -6749.20886   3.6506560   6.3392513   1.9493208 2026 01 14 23 45 34.67
0     18.20076   2240.25366  -6708.70757   3.6694725   6.2799792   2.1006325 2026 01 14 23 45 54.67
0     91.76342   2365.23695  -6665.18933   3.6864738   6.2178504   2.2510032 2026 01 14 23 46 14.67
0    165.64781   2488.94935  -6618.67363   3.7016441   6.1528975   2.4003660 2026 01 14 23 46 34.67
0    239.81717   2611.33472  -6569.18129   3.7149683   6.0851542   2.5486547 2026 01 14 23 46 54.67
0    314.23442   2732.33760  -6516.73446   3.7264322   6.0146557   2.6958034 2026 01 14 23 47 14.67
0    388.86223   2851.90323  -6461.35659   3.7360225   5.9414383   2.8417468 2026 01 14 23 47 34.67
0    463.66300   2969.97763  -6403.07243   3.7437267   5.8655394   2.9864200 2026 01 14 23 47 54.67
0    538.59888   3086.50753  -6341.90804   3.7495336   5.7869978   3.1297586 2026 01 14 23 48 14.67
0    613.63184   3201.44049  -6277.89075   3.7534324   5.7058533   3.2716988 2026 01 14 23 48 34.67
0    688.72359   3314.72486  -6211.04916   3.7554137   5.6221471   3.4121773 2026 01 14 23 48 54.67
0    763.83572   3426.30982  -6141.41314   3.7554689   5.5359213   3.5511314 2026 01 14 23 49 14.67
0    838.92962   3536.14540  -6069.01379   3.7535902   5.4472193   3.6884992 2026 01 14 23 49 34.67
0    913.96653   3644.18254  -5993.88346   3.7497709   5.3560854   3.8242193 2026 01 14 23 49 54.67
0    988.90759   3750.37304  -5916.05571   3.7440054   5.2625653   3.9582309 2026 01 14 23 50 14.67
0   1063.71383   3854.66965  -5835.56531   3.7362888   5.1667056   4.0904741 2026 01 14 23 50 34.67
0   1138.34619   3957.02605  -5752.44824   3.7266175   5.0685538   4.2208895 2026 01 14 23 50 54.67
0   1212.76554   4057.39688  -5666.74162   3.7149886   4.9681587   4.3494187 2026 01 14 23 51 14.67
0   1286.93271   4155.73777  -5578.48377   3.7014005   4.8655700   4.4760040 2026 01 14 23 51 34.67
0   1360.80850   4252.00535  -5487.71413   3.6858523   4.7608383   4.6005884 2026 01 14 23 51 54.67
0   1434.35373   4346.15729  -5394.47330   3.6683444   4.6540154   4.7231157 2026 01 14 23 52 14.67
0   1507.52920   4438.15228  -5298.80295   3.6488780   4.5451537   4.8435309 2026 01 14 23 52 34.67
0   1580.29576   4527.95009  -5200.74588   3.6274554   4.4343069   4.9617795 2026 01 14 23 52 54.67
0   1652.61433   4615.51154  -5100.34597   3.6040800   4.3215293   5.0778081 2026 01 14 23 53 14.67
0   1724.44589   4700.79859  -4997.64813   3.5787562   4.2068762   5.1915642 2026 01 14 23 53 34.67
0   1795.75152   4783.77427  -4892.69834   3.5514892   4.0904038   5.3029962 2026 01 14 23 53 54.67
0   1866.49243   4864.40278  -4785.54358   3.5222857   3.9721690   5.4120536 2026 01 14 23 54 14.67
0   1936.62995   4942.64944  -4676.23186   3.4911529   3.8522296   5.5186868 2026 01 14 23 54 34.67
0   2006.12559   5018.48075  -4564.81213   3.4580994   3.7306441   5.6228473 2026 01 14 23 54 54.67
0   2074.94102   5091.86437  -4451.33432   3.4231348   3.6074718   5.7244876 2026 01 14 23 55 14.67
0   2143.03813   5162.76917  -4335.84932   3.3862696   3.4827726   5.8235613 2026 01 14 23 55 34.67
0   2210.37903   5231.16522  -4218.40890   3.3475154   3.3566074   5.9200232 2026 01 14 23 55 54.67
0   2276.92604   5297.02382  -4099.06575   3.3068849   3.2290373   6.0138291 2026 01 14 23 56 14.67
0   2342.64180   5360.31748  -3977.87342   3.2643918   3.1001244   6.1049359 2026 01 14 23 56 34.67
0   2407.48918   5421.01997  -3854.88631   3.2200506   2.9699314   6.1933019 2026 01 14 23 56 54.67
0   2471.43139   5479.10633  -3730.15964   3.1738773   2.8385213   6.2788864 2026 01 14 23 57 14.67
0   2534.43194   5534.55284  -3603.74945   3.1258884   2.7059578   6.3616499 2026 01 14 23 57 34.67
0   2596.45471   5587.33710  -3475.71253   3.0761019   2.5723053   6.4415542 2026 01 14 23 57 54.67
0   2657.46392   5637.43795  -3346.10644   3.0245365   2.4376284   6.5185625 2026 01 14 23 58 14.67
0   2717.42421   5684.83557  -3214.98946   2.9712119   2.3019923   6.5926390 2026 01 14 23 58 34.67
0   2776.30058   5729.51143  -3082.42057   2.9161490   2.1654626   6.6637493 2026 01 14 23 58 54.67
0   2834.05849   5771.44831  -2948.45943   2.8593696   2.0281053   6.7318605 2026 01 14 23 59 14.67
0   2890.66384   5810.63033  -2813.16633   2.8008964   1.8899867   6.7969407 2026 01 14 23 59 34.67
0   2946.08299   5847.04292  -2676.60222   2.7407532   1.7511735   6.8589595 2026 01 14 23 59 54.67
0   3000.28279   5880.67288  -2538.82859   2.6789648   1.6117327   6.9178881 2026 01 15 00 00 14.67
0   3053.23058   5911.50831  -2399.90754   2.6155568   1.4717315   6.9736986 2026 01 15 00 00 34.67
0   3104.89424   5939.53869  -2259.90169   2.5505558   1.3312374   7.0263650 2026 01 15 00 00 54.67
0   3155.24219   5964.75482  -2118.87417   2.4839896   1.1903180   7.0758623 2026 01 15 00 01 14.67
0   3204.24340   5987.14890  -1976.88860   2.4158864   1.0490411   7.1221672 2026 01 15 00 01 34.67
0   3251.86743   6006.71443  -1834.00905   2.3462759   0.9074747   7.1652578 2026 01 15 00 01 54.67
0   3298.08444   6023.44633  -1690.30002   2.2751884   0.7656869   7.2051135 2026 01 15 00 02 14.67
0   3342.86519   6037.34083  -1545.82638   2.2026550   0.6237456   7.2417153 2026 01 15 00 02 34.67
0   3386.18109   6048.39555  -1400.65340   2.1287078   0.4817191   7.2750457 2026 01 15 00 02 54.67
0   3428.00419   6056.60947  -1254.84667   2.0533799   0.3396755   7.3050886 2026 01 15 00 03 14.67
0   3468.30721   6061.98292  -1108.47208   1.9767050   0.1976827   7.3318295 2026 01 15 00 03 34.67
0   3507.06356   6064.51760   -961.59580   1.8987179   0.0558088   7.3552553 2026 01 15 00 03 54.67
0   3544.24735   6064.21657   -814.28426   1.8194539  -0.0858783   7.3753545 2026 01 15 00 04 14.67
0   3579.83341   6061.08424   -666.60408   1.7389494  -0.2273110   7.3921171 2026 01 15 00 04 34.67
0   3613.79728   6055.12638   -518.62209   1.6572413  -0.3684217   7.4055347 2026 01 15 00 04 54.67
0   3646.11528   6046.35009   -370.40526   1.5743675  -0.5091431   7.4156003 2026 01 15 00 05 14.67
0   3676.76448   6034.76384   -222.02068   1.4903666  -0.6494081   7.4223085 2026 01 15 00 05 34.67
0   3705.72272   6020.37741    -73.53553   1.4052778  -0.7891500   7.4256556 2026 01 15 00 05 54.67
0   3732.96865   6003.20194     74.98292   1.3191412  -0.9283024   7.4256392 2026 01 15 00 06 14.67
0   3758.48172   5983.24988    223.46742   1.2319974  -1.0667991   7.4222586 2026 01 15 00 06 34.67
0   3782.24219   5960.53500    371.85066   1.1438877  -1.2045744   7.4155146 2026 01 15 00 06 54.67
0   3804.23117   5935.07237    520.06542   1.0548542  -1.3415632   7.4054097 2026 01 15 00 07 14.67
0   3824.43060   5906.87838    668.04452   0.9649395  -1.4777005   7.3919477 2026 01 15 00 07 34.67
0   3842.82329   5875.97070    815.72085   0.8741868  -1.6129221   7.3751342 2026 01 15 00 07 54.67
0   3859.39292   5842.36829    963.02747   0.7826399  -1.7471641   7.3549763 2026 01 15 00 08 14.67
0   3874.12404   5806.09135   1109.89756   0.6903432  -1.8803634   7.3314825 2026 01 15 00 08 34.67
0   3887.00211   5767.16139   1256.26451   0.5973416  -2.0124574   7.3046631 2026 01 15 00 08 54.67
0   3898.01349   5725.60112   1402.06191   0.5036804  -2.1433839   7.2745296 2026 01 15 00 09 14.67
0   3907.14543   5681.43450   1547.22363   0.4094057  -2.2730816   7.2410954 2026 01 15 00 09 34.67
0   3914.38613   5634.68672   1691.68379   0.3145637  -2.4014899   7.2043752 2026 01 15 00 09 54.67
0   3919.72472   5585.38418   1835.37683   0.2192012  -2.5285488   7.1643853 2026 01 15 00 10 14.67
0   3923.15125   5533.55444   1978.23753   0.1233655  -2.6541991   7.1211435 2026 01 15 00 10 34.67
0   3924.65673   5479.22626   2120.20104   0.0271042  -2.7783824   7.0746692 2026 01 15 00 10 54.67
0   3924.23313   5422.42957   2261.20293  -0.0695347  -2.9010410   7.0249831 2026 01 15 00 11 14.67
0   3921.87338   5363.19543   2401.17916  -0.1665030  -3.0221181   6.9721076 2026 01 15 00 11 34.67
0   3917.57138   5301.55601   2540.06620  -0.2637520  -3.1415579   6.9160665 2026 01 15 00 11 54.67
0   3911.32200   5237.54463   2677.80098  -0.3612327  -3.2593052   6.8568849 2026 01 15 00 12 14.67
0   3903.12110   5171.19568   2814.32096  -0.4588960  -3.3753060   6.7945897 2026 01 15 00 12 34.67
0   3892.96552   5102.54461   2949.56413  -0.5566925  -3.4895071   6.7292088 2026 01 15 00 12 54.67
0   3880.85309   5031.62795   3083.46908  -0.6545726  -3.6018563   6.6607720 2026 01 15 00 13 14.67
0   3866.78263   4958.48324   3215.97500  -0.7524864  -3.7123024   6.5893101 2026 01 15 00 13 34.67
0   3850.75398   4883.14905   3347.02170  -0.8503840  -3.8207952   6.5148555 2026 01 15 00 13 54.67
0   3832.76795   4805.66494   3476.54967  -0.9482152  -3.9272855   6.4374420 2026 01 15 00 14 14.67
0   3812.82638   4726.07145   3604.50008  -1.0459299  -4.0317253   6.3571046 2026 01 15 00 14 34.67
0   3790.93210   4644.41004   3730.81481  -1.1434778  -4.1340676   6.2738799 2026 01 15 00 14 54.67
0   3767.08894   4560.72314   3855.43649  -1.2408085  -4.2342665   6.1878054 2026 01 15 00 15 14.67
0   3741.30176   4475.05407   3978.30850  -1.3378717  -4.3322773   6.0989204 2026 01 15 00 15 34.67
0   3713.57641   4387.44701   4099.37505  -1.4346170  -4.4280564   6.0072651 2026 01 15 00 15 54.67
0   3683.91974   4297.94703   4218.58114  -1.5309941  -4.5215613   5.9128813 2026 01 15 00 16 14.67
0   3652.33963   4206.60003   4335.87262  -1.6269527  -4.6127509   5.8158116 2026 01 15 00 16 34.67
0   3618.84494   4113.45272   4451.19622  -1.7224427  -4.7015851   5.7161002 2026 01 15 00 16 54.67
0   3583.44556   4018.55260   4564.49955  -1.8174139  -4.7880251   5.6137925 2026 01 15 00 17 14.67
0   3546.15235   3921.94792   4675.73114  -1.9118164  -4.8720334   5.5089347 2026 01 15 00 17 34.67
0   3506.97719   3823.68769   4784.84047  -2.0056003  -4.9535737   5.4015746 2026 01 15 00 17 54.67
0   3465.93294   3723.82162   4891.77798  -2.0987162  -5.0326110   5.2917608 2026 01 15 00 18 14.67
0   3423.03346   3622.40010   4996.49508  -2.1911145  -5.1091115   5.1795432 2026 01 15 00 18 34.67
0   3378.29360   3519.47421   5098.94422  -2.2827462  -5.1830429   5.0649728 2026 01 15 00 18 54.67
0   3331.72917   3415.09564   5199.07885  -2.3735624  -5.2543739   4.9481015 2026 01 15 00 19 14.67
0   3283.35698   3309.31669   5296.85348  -2.4635143  -5.3230749   4.8289823 2026 01 15 00 19 34.67
0   3233.19478   3202.19026   5392.22369  -2.5525539  -5.3891173   4.7076693 2026 01 15 00 19 54.67
0   3181.26132   3093.76978   5485.14616  -2.6406330  -5.4524741   4.5842174 2026 01 15 00 20 14.67
0   3127.57627   2984.10924   5575.57866  -2.7277041  -5.5131196   4.4586827 2026 01 15 00 20 34.67
0   3072.16027   2873.26310   5663.48010  -2.8137201  -5.5710292   4.3311219 2026 01 15 00 20 54.67
0   3015.03488   2761.28632   5748.81054  -2.8986341  -5.6261802   4.2015930 2026 01 15 00 21 14.67
0   2956.22262   2648.23428   5831.53121  -2.9823998  -5.6785508   4.0701545 2026 01 15 00 21 34.67
0   2895.74691   2534.16280   5911.60450  -3.0649713  -5.7281207   3.9368661 2026 01 15 00 21 54.67
0   2833.63208   2419.12809   5988.99401  -3.1463031  -5.7748713   3.8017879 2026 01 15 00 22 14.67
0   2769.90338   2303.18670   6063.66457  -3.2263505  -5.8187850   3.6649812 2026 01 15 00 22 34.67
0   2704.58695   2186.39554   6135.58222  -3.3050691  -5.8598459   3.5265079 2026 01 15 00 22 54.67
0   2637.70980   2068.81181   6204.71425  -3.3824150  -5.8980392   3.3864306 2026 01 15 00 23 14.67
0   2569.29982   1950.49301   6271.02921  -3.4583450  -5.9333519   3.2448126 2026 01 15 00 23 34.67
0   2499.38575   1831.49685   6334.49694  -3.5328164  -5.9657721   3.1017180 2026 01 15 00 23 54.67
0   2427.99718   1711.88131   6395.08854  -3.6057874  -5.9952895   2.9572114 2026 01 15 00 24 14.67
0   2355.16454   1591.70452   6452.77643  -3.6772165  -6.0218952   2.8113583 2026 01 15 00 24 34.67
0   2280.91908   1471.02481   6507.53434  -3.7470630  -6.0455815   2.6642243 2026 01 15 00 24 54.67
0   2205.29284   1349.90061   6559.33730  -3.8152870  -6.0663425   2.5158761 2026 01 15 00 25 14.67
0   2128.31868   1228.39049   6608.16172  -3.8818490  -6.0841734   2.3663806 2026 01 15 00 25 34.67
0   2050.03022   1106.55309   6653.98531  -3.9467106  -6.0990710   2.2158054 2026 01 15 00 25 54.67
0   1970.46184    984.44709   6696.78716  -4.0098339  -6.1110334   2.0642184 2026 01 15 00 26 14.67
0   1889.64869    862.13119   6736.54773  -4.0711819  -6.1200603   1.9116881 2026 01 15 00 26 34.67
0   1807.62664    739.66412   6773.24883  -4.1307182  -6.1261526   1.7582834 2026 01 15 00 26 54.67
0   1724.43227    617.10452   6806.87366  -4.1884076  -6.1293126   1.6040734 2026 01 15 00 27 14.67
0   1640.10287    494.51102   6837.40682  -4.2442152  -6.1295443   1.4491279 2026 01 15 00 27 34.67
0   1554.67642    371.94214   6864.83430  -4.2981073  -6.1268528   1.2935167 2026 01 15 00 27 54.67
0   1468.19155    249.45626   6889.14348  -4.3500511  -6.1212448   1.1373101 2026 01 15 00 28 14.67
0   1380.68757    127.11165   6910.32316  -4.4000144  -6.1127281   0.9805787 2026 01 15 00 28 34.67
0   1292.20437      4.96638   6928.36356  -4.4479662  -6.1013122   0.8233931 2026 01 15 00 28 54.67
0   1202.78251   -116.92166   6943.25630  -4.4938762  -6.0870079   0.6658244 2026 01 15 00 29 14.67
0   1112.46311   -238.49482   6954.99443  -4.5377151  -6.0698272   0.5079438 2026 01 15 00 29 34.67
0   1021.28788   -359.69572   6963.57243  -4.5794547  -6.0497837   0.3498224 2026 01 15 00 29 54.67
0    929.29908   -480.46724   6968.98619  -4.6190675  -6.0268921   0.1915319 2026 01 15 00 30 14.67
0    836.53950   -600.75258   6971.23304  -4.6565272  -6.0011687   0.0331436 2026 01 15 00 30 34.67
0    743.05248   -720.49527   6970.31175  -4.6918084  -5.9726310  -0.1252709 2026 01 15 00 30 54.67
0    648.88181   -839.63922   6966.22251  -4.7248867  -5.9412978  -0.2836398 2026 01 15 00 31 14.67
0    554.07181   -958.12872   6958.96696  -4.7557389  -5.9071893  -0.4418916 2026 01 15 00 31 34.67
0    458.66720  -1075.90847   6948.54813  -4.7843427  -5.8703269  -0.5999548 2026 01 15 00 31 54.67
0    362.71317  -1192.92363   6934.97053  -4.8106767  -5.8307335  -0.7577577 2026 01 15 00 32 14.67
0    266.25533  -1309.11980   6918.24008  -4.8347210  -5.7884329  -0.9152289 2026 01 15 00 32 34.67
0    169.33965  -1424.44310   6898.36411  -4.8564564  -5.7434506  -1.0722972 2026 01 15 00 32 54.67
0     72.01250  -1538.84016   6875.35141  -4.8758650  -5.6958131  -1.2288914 2026 01 15 00 33 14.67
0    -25.67941  -1652.25815   6849.21216  -4.8929299  -5.6455481  -1.3849404 2026 01 15 00 33 34.67
0   -123.68906  -1764.64480   6819.95798  -4.9076354  -5.5926848  -1.5403735 2026 01 15 00 33 54.67
0   -221.96911  -1875.94846   6787.60189  -4.9199669  -5.5372533  -1.6951201 2026 01 15 00 34 14.67
0   -320.47195  -1986.11807   6752.15832  -4.9299111  -5.4792850  -1.8491101 2026 01 15 00 34 34.67
0   -419.14969  -2095.10322   6713.64310  -4.9374556  -5.4188127  -2.0022734 2026 01 15 00 34 54.67
0   -517.95424  -2202.85416   6672.07347  -4.9425893  -5.3558701  -2.1545404 2026 01 15 00 35 14.67
0   -616.83728  -2309.32185   6627.46803  -4.9453023  -5.2904920  -2.3058420 2026 01 15 00 35 34.67
0   -715.75031  -2414.45792   6579.84680  -4.9455859  -5.2227147  -2.4561091 2026 01 15 00 35 54.67
0   -814.64466  -2518.21476   6529.23115  -4.9434325  -5.1525752  -2.6052734 2026 01 15 00 36 14.67
0   -913.47153  -2620.54552   6475.64380  -4.9388358  -5.0801118  -2.7532669 2026 01 15 00 36 34.67
0  -1012.18199  -2721.40410   6419.10885  -4.9317908  -5.0053640  -2.9000222 2026 01 15 00 36 54.67
0  -1110.72705  -2820.74521   6359.65174  -4.9222934  -4.9283720  -3.0454722 2026 01 15 00 37 14.67
0  -1209.05761  -2918.52440   6297.29924  -4.9103410  -4.8491774  -3.1895505 2026 01 15 00 37 34.67
0  -1307.12458  -3014.69802   6232.07943  -4.8959323  -4.7678227  -3.3321913 2026 01 15 00 37 54.67
0  -1404.87881  -3109.22332   6164.02172  -4.8790670  -4.6843513  -3.4733293 2026 01 15 00 38 14.67
0  -1502.27119  -3202.05839   6093.15682  -4.8597461  -4.5988076  -3.6129001 2026 01 15 00 38 34.67
0  -1599.25262  -3293.16224   6019.51671  -4.8379720  -4.5112372  -3.7508395 2026 01 15 00 38 54.67
0  -1695.77408  -3382.49481   5943.13464  -4.8137483  -4.4216862  -3.8870845 2026 01 15 00 39 14.67
0  -1791.78661  -3470.01696   5864.04513  -4.7870797  -4.3302021  -4.0215725 2026 01 15 00 39 34.67
0  -1887.24138  -3555.69049   5782.28394  -4.7579723  -4.2368329  -4.1542417 2026 01 15 00 39 54.67
0  -1982.08968  -3639.47819   5697.88806  -4.7264335  -4.1416276  -4.2850313 2026 01 15 00 40 14.67
0  -2076.28296  -3721.34385   5610.89567  -4.6924719  -4.0446361  -4.4138812 2026 01 15 00 40 34.67
0  -2169.77288  -3801.25224   5521.34618  -4.6560973  -3.9459091  -4.5407320 2026 01 15 00 40 54.67
0  -2262.51127  -3879.16916   5429.28013  -4.6173208  -3.8454979  -4.6655253 2026 01 15 00 41 14.67
0  -2354.45023  -3955.06146   5334.73927  -4.5761549  -3.7434550  -4.7882037 2026 01 15 00 41 34.67
0  -2445.54209  -4028.89702   5237.76644  -4.5326131  -3.6398331  -4.9087106 2026 01 15 00 41 54.67
0  -2535.73948  -4100.64480   5138.40565  -4.4867105  -3.5346861  -5.0269904 2026 01 15 00 42 14.67
0  -2624.99536  -4170.27483   5036.70198  -4.4384631  -3.4280681  -5.1429886 2026 01 15 00 42 34.67
0  -2713.26298  -4237.75826   4932.70159  -4.3878883  -3.3200344  -5.2566514 2026 01 15 00 42 54.67
0  -2800.49600  -4303.06732   4826.45173  -4.3350049  -3.2106405  -5.3679265 2026 01 15 00 43 14.67
0  -2886.64843  -4366.17537   4718.00067  -4.2798328  -3.0999427  -5.4767623 2026 01 15 00 43 34.67
0  -2971.67471  -4427.05689   4607.39768  -4.2223930  -2.9879978  -5.5831085 2026 01 15 00 43 54.67
0  -3055.52971  -4485.68752   4494.69307  -4.1627080  -2.8748632  -5.6869159 2026 01 15 00 44 14.67
0  -3138.16875  -4542.04403   4379.93809  -4.1008013  -2.7605968  -5.7881363 2026 01 15 00 44 34.67
0  -3219.54765  -4596.10438   4263.18495  -4.0366978  -2.6452569  -5.8867229 2026 01 15 00 44 54.67
0  -3299.62272  -4647.84769   4144.48678  -3.9704234  -2.5289025  -5.9826301 2026 01 15 00 45 14.67
0  -3378.35082  -4697.25425   4023.89762  -3.9020054  -2.4115927  -6.0758132 2026 01 15 00 45 34.67
0  -3455.68937  -4744.30555   3901.47239  -3.8314721  -2.2933872  -6.1662291 2026 01 15 00 45 54.67
0  -3531.59634  -4788.98428   3777.26685  -3.7588532  -2.1743460  -6.2538359 2026 01 15 00 46 14.67
0  -3606.03032  -4831.27432   3651.33759  -3.6841793  -2.0545295  -6.3385929 2026 01 15 00 46 34.67
0  -3678.95055  -4871.16077   3523.74201  -3.6074824  -1.9339982  -6.4204608 2026 01 15 00 46 54.67
0  -3750.31687  -4908.62996   3394.53827  -3.5287954  -1.8128132  -6.4994016 2026 01 15 00 47 14.67
0  -3820.08983  -4943.66940   3263.78527  -3.4481524  -1.6910355  -6.5753786 2026 01 15 00 47 34.67
0  -3888.23066  -4976.26787   3131.54266  -3.3655888  -1.5687265  -6.6483568 2026 01 15 00 47 54.67
0  -3954.70131  -5006.41535   2997.87074  -3.2811407  -1.4459476  -6.7183021 2026 01 15 00 48 14.67
0  -4019.46446  -5034.10306   2862.83051  -3.1948457  -1.3227607  -6.7851822 2026 01 15 00 48 34.67
0  -4082.48355  -5059.32345   2726.48358  -3.1067421  -1.1992273  -6.8489662 2026 01 15 00 48 54.67
0  -4143.72280  -5082.07021   2588.89217  -3.0168694  -1.0754093  -6.9096244 2026 01 15 00 49 14.67
0  -4203.14724  -5102.33828   2450.11908  -2.9252682  -0.9513685  -6.9671288 2026 01 15 00 49 34.67
0  -4260.72271  -5120.12381   2310.22765  -2.8319799  -0.8271669  -7.0214529 2026 01 15 00 49 54.67
0  -4316.41588  -5135.42420   2169.28175  -2.7370470  -0.7028661  -7.0725717 2026 01 15 00 50 14.67
0  -4370.19430  -5148.23809   2027.34572  -2.6405130  -0.5785281  -7.1204614 2026 01 15 00 50 34.67
0  -4422.02639  -5158.56535   1884.48436  -2.5424221  -0.4542144  -7.1651002 2026 01 15 00 50 54.67
0  -4471.88146  -5166.40708   1740.76290  -2.4428197  -0.3299865  -7.2064676 2026 01 15 00 51 14.67
0  -4519.72975  -5171.76562   1596.24697  -2.3417519  -0.2059059  -7.2445446 2026 01 15 00 51 34.67
0  -4565.54240  -5174.64451   1451.00254  -2.2392658  -0.0820337  -7.2793138 2026 01 15 00 51 54.67
0  -4609.29154  -5175.04855   1305.09594  -2.1354092   0.0415692  -7.3107596 2026 01 15 00 52 14.67
0  -4650.95023  -5172.98372   1158.59378  -2.0302308   0.1648422  -7.3388676 2026 01 15 00 52 34.67
0  -4690.49254  -5168.45722   1011.56294  -1.9237801   0.2877248  -7.3636252 2026 01 15 00 52 54.67
0  -4727.89352  -5161.47746    864.07054  -1.8161072   0.4101570  -7.3850214 2026 01 15 00 53 14.67
0  -4763.12924  -5152.05405    716.18392  -1.7072632   0.5320792  -7.4030468 2026 01 15 00 53 34.67
0  -4796.17678  -5140.19779    567.97056  -1.5972998   0.6534321  -7.4176936 2026 01 15 00 53 54.67
0  -4827.01429  -5125.92065    419.49811  -1.4862692   0.7741569  -7.4289554 2026 01 15 00 54 14.67
0  -4855.62094  -5109.23577    270.83432  -1.3742246   0.8941951  -7.4368278 2026 01 15 00 54 34.67
0  -4881.97700  -5090.15747    122.04700  -1.2612195   1.0134889  -7.4413077 2026 01 15 00 54 54.67
0  -4906.06380  -5068.70121    -26.79597  -1.1473082   1.1319808  -7.4423937 2026 01 15 00 55 14.67
0  -4927.86375  -5044.88360   -175.62672  -1.0325454   1.2496142  -7.4400861 2026 01 15 00 55 34.67
0  -4947.36039  -5018.72237   -324.37739  -0.9169866   1.3663327  -7.4343866 2026 01 15 00 55 54.67
0  -4964.53835  -4990.23638   -472.98017  -0.8006875   1.4820807  -7.4252988 2026 01 15 00 56 14.67
0  -4979.38338  -4959.44559   -621.36735  -0.6837044   1.5968033  -7.4128277 2026 01 15 00 56 34.67
0  -4991.88238  -4926.37106   -769.47132  -0.5660942   1.7104461  -7.3969798 2026 01 15 00 56 54.67
0  -5002.02337  -4891.03491   -917.22463  -0.4479141   1.8229556  -7.3777636 2026 01 15 00 57 14.67
0  -5009.79553  -4853.46034  -1064.56000  -0.3292214   1.9342788  -7.3551887 2026 01 15 00 57 34.67
0  -5015.18919  -4813.67161  -1211.41038  -0.2100743   2.0443636  -7.3292667 2026 01 15 00 57 54.67
0  -5018.19584  -4771.69400  -1357.70895  -0.0905309   2.1531586  -7.3000104 2026 01 15 00 58 14.67
0  -5018.80814  -4727.55380  -1503.38916   0.0293503   2.2606134  -7.2674345 2026 01 15 00 58 34.67
0  -5017.01993  -4681.27833  -1648.38478   0.1495104   2.3666781  -7.2315550 2026 01 15 00 58 54.67
0  -5012.82621  -4632.89587  -1792.62992   0.2698905   2.4713040  -7.1923897 2026 01 15 00 59 14.67
0  -5006.22318  -4582.43569  -1936.05905   0.3904314   2.5744431  -7.1499576 2026 01 15 00 59 34.67
0  -4997.20822  -4529.92798  -2078.60703   0.5110737   2.6760482  -7.1042794 2026 01 15 00 59 54.67
0  -4985.77989  -4475.40390  -2220.20916   0.6317578   2.7760733  -7.0553775 2026 01 15 01 00 14.67
0  -4971.93795  -4418.89550  -2360.80122   0.7524243   2.8744732  -7.0032754 2026 01 15 01 00 34.67
0  -4955.68336  -4360.43573  -2500.31943   0.8730135   2.9712035  -6.9479983 2026 01 15 01 00 54.67
0  -4937.01825  -4300.05841  -2638.70057   0.9934656   3.0662211  -6.8895729 2026 01 15 01 01 14.67
0  -4915.94596  -4237.79822  -2775.88194   1.1137209   3.1594838  -6.8280272 2026 01 15 01 01 34.67
0  -4892.47103  -4173.69068  -2911.80144   1.2337199   3.2509502  -6.7633908 2026 01 15 01 01 54.67
0  -4866.59918  -4107.77211  -3046.39756   1.3534028   3.3405803  -6.6956945 2026 01 15 01 02 14.67
0  -4838.33733  -4040.07963  -3179.60942   1.4727102   3.4283350  -6.6249706 2026 01 15 01 02 34.67
0  -4807.69359  -3970.65113  -3311.37680   1.5915826   3.5141763  -6.5512528 2026 01 15 01 02 54.67
0  -4774.67723  -3899.52525  -3441.64018   1.7099609   3.5980672  -6.4745761 2026 01 15 01 03 14.67
0  -4739.29875  -3826.74137  -3570.34074   1.8277859   3.6799719  -6.3949768 2026 01 15 01 03 34.67
0  -4701.56979  -3752.33954  -3697.42040   1.9449988   3.7598557  -6.3124927 2026 01 15 01 03 54.67
0  -4661.50317  -3676.36053  -3822.82185   2.0615411   3.8376852  -6.2271626 2026 01 15 01 04 14.67
0  -4619.11291  -3598.84575  -3946.48858   2.1773543   3.9134278  -6.1390267 2026 01 15 01 04 34.67
0  -4574.41415  -3519.83725  -4068.36487   2.2923805   3.9870524  -6.0481265 2026 01 15 01 04 54.67
0  -4527.42323  -3439.37769  -4188.39588   2.4065619   4.0585289  -5.9545046 2026 01 15 01 05 14.67
0  -4478.15760  -3357.51033  -4306.52760   2.5198412   4.1278285  -5.8582048 2026 01 15 01 05 34.67
0  -4426.63587  -3274.27898  -4422.70692   2.6321616   4.1949235  -5.7592723 2026 01 15 01 05 54.67
0  -4372.87781  -3189.72799  -4536.88165   2.7434663   4.2597873  -5.6577531 2026 01 15 01 06 14.67
0  -4316.90426  -3103.90226  -4649.00053   2.8536994   4.3223948  -5.5536945 2026 01 15 01 06 34.67
0  -4258.73724  -3016.84714  -4759.01324   2.9628053   4.3827219  -5.4471449 2026 01 15 01 06 54.67
0  -4198.39983  -2928.60848  -4866.87047   3.0707288   4.4407458  -5.3381538 2026 01 15 01 07 14.67
0  -4135.91622  -2839.23255  -4972.52389   3.1774153   4.4964448  -5.2267716 2026 01 15 01 07 34.67
0  -4071.31170  -2748.76606  -5075.92619   3.2828108   4.5497987  -5.1130498 2026 01 15 01 07 54.67
0  -4004.61263  -2657.25610  -5177.03109   3.3868619   4.6007883  -4.9970409 2026 01 15 01 08 14.67
0  -3935.84641  -2564.75014  -5275.79340   3.4895158   4.6493958  -4.8787984 2026 01 15 01 08 34.67
0  -3865.04152  -2471.29599  -5372.16897   3.5907200   4.6956046  -4.7583766 2026 01 15 01 08 54.67
0  -3792.22747  -2376.94177  -5466.11479   3.6904232   4.7393992  -4.6358309 2026 01 15 01 09 14.67
0  -3717.43478  -2281.73593  -5557.58891   3.7885744   4.7807656  -4.5112174 2026 01 15 01 09 34.67
0  -3640.69501  -2185.72714  -5646.55057   3.8851233   4.8196909  -4.3845932 2026 01 15 01 09 54.67
0  -3562.04068  -2088.96435  -5732.96013   3.9800206   4.8561634  -4.2560160 2026 01 15 01 10 14.67
0  -3481.50533  -1991.49672  -5816.77910   4.0732175   4.8901728  -4.1255446 2026 01 15 01 10 34.67
0  -3399.12343  -1893.37361  -5897.97020   4.1646660   4.9217101  -3.9932384 2026 01 15 01 10 54.67
0  -3314.93044  -1794.64453  -5976.49732   4.2543190   4.9507672  -3.8591575 2026 01 15 01 11 14.67
0  -3228.96272  -1695.35917  -6052.32559   4.3421300   4.9773377  -3.7233629 2026 01 15 01 11 34.67
0  -3141.25757  -1595.56730  -6125.42134   4.4280536   5.0014161  -3.5859160 2026 01 15 01 11 54.67
0  -3051.85318  -1495.31882  -6195.75215   4.5120451   5.0229982  -3.4468791 2026 01 15 01 12 14.67
0  -2960.78865  -1394.66367  -6263.28685   4.5940607   5.0420812  -3.3063151 2026 01 15 01 12 34.67
0  -2868.10391  -1293.65186  -6327.99552   4.6740573   5.0586635  -3.1642874 2026 01 15 01 12 54.67
0  -2773.83977  -1192.33342  -6389.84952   4.7519931   5.0727445  -3.0208600 2026 01 15 01 13 14.67
0  -2678.03786  -1090.75836  -6448.82152   4.8278270   5.0843250  -2.8760975 2026 01 15 01 13 34.67
0  -2580.74061   -988.97666  -6504.88545   4.9015188   5.0934070  -2.7300651 2026 01 15 01 13 54.67
0  -2481.99127   -887.03828  -6558.01658   4.9730293   5.0999938  -2.5828282 2026 01 15 01 14 14.67
0  -2381.83383   -784.99308  -6608.19147   5.0423204   5.1040897  -2.4344530 2026 01 15 01 14 34.67
0  -2280.31308   -682.89082  -6655.38801   5.1093548   5.1057003  -2.2850059 2026 01 15 01 14 54.67
0  -2177.47449   -580.78113  -6699.58545   5.1740964   5.1048323  -2.1345539 2026 01 15 01 15 14.67
0  -2073.36428   -478.71352  -6740.76434   5.2365101   5.1014938  -1.9831640 2026 01 15 01 15 34.67
0  -1968.02935   -376.73731  -6778.90661   5.2965618   5.0956938  -1.8309041 2026 01 15 01 15 54.67
0  -1861.51728   -274.90162  -6813.99554   5.3542184   5.0874427  -1.6778420 2026 01 15 01 16 14.67
0  -1753.87628   -173.25537  -6846.01575   5.4094479   5.0767518  -1.5240459 2026 01 15 01 16 34.67
0  -1645.15521    -71.84722  -6874.95327   5.4622196   5.0636337  -1.3695844 2026 01 15 01 16 54.67
0  -1535.40353     29.27441  -6900.79546   5.5125036   5.0481021  -1.2145263 2026 01 15 01 17 14.67
0  -1424.67128    130.06140  -6923.53107   5.5602713   5.0301719  -1.0589403 2026 01 15 01 17 34.67
0  -1313.00906    230.46593  -6943.15025   5.6054952   5.0098589  -0.9028958 2026 01 15 01 17 54.67
0  -1200.46801    330.44051  -6959.64452   5.6481489   4.9871801  -0.7464619 2026 01 15 01 18 14.67
0  -1087.09980    429.93802  -6973.00677   5.6882073   4.9621537  -0.5897082 2026 01 15 01 18 34.67
0   -972.95657    528.91168  -6983.23132   5.7256463   4.9347989  -0.4327042 2026 01 15 01 18 54.67
0   -858.09094    627.31513  -6990.31384   5.7604431   4.9051358  -0.2755194 2026 01 15 01 19 14.67
0   -742.55598    725.10240  -6994.25142   5.7925759   4.8731857  -0.1182236 2026 01 15 01 19 34.67
0   -626.40516    822.22799  -6995.04253   5.8220243   4.8389710   0.0391136 2026 01 15 01 19 54.67
0   -509.69238    918.64683  -6992.68705   5.8487692   4.8025149   0.1964225 2026 01 15 01 20 14.67
0   -392.47190   1014.31434  -6987.18624   5.8727924   4.7638418   0.3536334 2026 01 15 01 20 34.67
0   -274.79830   1109.18642  -6978.54274   5.8940772   4.7229771   0.5106768 2026 01 15 01 20 54.67
0   -156.72652   1203.21950  -6966.76061   5.9126081   4.6799469   0.6674832 2026 01 15 01 21 14.67
0    -38.31179   1296.37054  -6951.84529   5.9283708   4.6347787   0.8239831 2026 01 15 01 21 34.67
0     80.39040   1388.59707  -6933.80358   5.9413522   4.5875005   0.9801072 2026 01 15 01 21 54.67
0    199.32430   1479.85717  -6912.64371   5.9515406   4.5381416   1.1357866 2026 01 15 01 22 14.67
0    318.43395   1570.10952  -6888.37526   5.9589255   4.4867319   1.2909523 2026 01 15 01 22 34.67
0    437.66318   1659.31343  -6861.00918   5.9634978   4.4333026   1.4455356 2026 01 15 01 22 54.67
0    556.95565   1747.42881  -6830.55781   5.9652495   4.3778853   1.5994680 2026 01 15 01 23 14.67
0    676.25488   1834.41622  -6797.03485   5.9641740   4.3205129   1.7526815 2026 01 15 01 23 34.67
0    795.50428   1920.23691  -6760.45537   5.9602660   4.2612188   1.9051081 2026 01 15 01 23 54.67
0    914.64715   2004.85278  -6720.83576   5.9535216   4.2000376   2.0566803 2026 01 15 01 24 14.67
0   1033.62674   2088.22643  -6678.19380   5.9439381   4.1370044   2.2073310 2026 01 15 01 24 34.67
0   1152.38624   2170.32118  -6632.54859   5.9315141   4.0721553   2.3569932 2026 01 15 01 24 54.67
0   1270.86884   2251.10109  -6583.92056   5.9162496   4.0055270   2.5056006 2026 01 15 01 25 14.67
0   1389.01774   2330.53094  -6532.33146   5.8981459   3.9371572   2.6530872 2026 01 15 01 25 34.67
0   1506.77619   2408.57629  -6477.80438   5.8772057   3.8670841   2.7993875 2026 01 15 01 25 54.67
0   1624.08748   2485.20346  -6420.36368   5.8534329   3.7953468   2.9444365 2026 01 15 01 26 14.67
0   1740.89502   2560.37955  -6360.03505   5.8268328   3.7219851   3.0881696 2026 01 15 01 26 34.67
0   1857.14232   2634.07250  -6296.84544   5.7974121   3.6470395   3.2305228 2026 01 15 01 26 54.67
0   1972.77305   2706.25102  -6230.82309   5.7651788   3.5705510   3.3714328 2026 01 15 01 27 14.67
0   2087.73105   2776.88468  -6161.99749   5.7301422   3.4925614   3.5108367 2026 01 15 01 27 34.67
0   2201.96036   2845.94387  -6090.39939   5.6923129   3.4131131   3.6486723 2026 01 15 01 27 54.67
0   2315.40524   2913.39986  -6016.06077   5.6517031   3.3322493   3.7848779 2026 01 15 01 28 14.67
0   2428.01020   2979.22477  -5939.01485   5.6083260   3.2500133   3.9193928 2026 01 15 01 28 34.67
0   2539.72006   3043.39160  -5859.29603   5.5621964   3.1664495   4.0521566 2026 01 15 01 28 54.67
0   2650.47992   3105.87423  -5776.93995   5.5133303   3.0816027   4.1831100 2026 01 15 01 29 14.67
0   2760.23522   3166.64746  -5691.98341   5.4617450   2.9955179   4.3121942 2026 01 15 01 29 34.67
0   2868.93176   3225.68699  -5604.46435   5.4074593   2.9082411   4.4393511 2026 01 15 01 29 54.67
0   2976.51573   3282.96943  -5514.42192   5.3504933   2.8198184   4.5645237 2026 01 15 01 30 14.67
0   3082.93374   3338.47234  -5421.89635   5.2908682   2.7302966   4.6876557 2026 01 15 01 30 34.67
0   3188.13283   3392.17421  -5326.92902   5.2286068   2.6397229   4.8086914 2026 01 15 01 30 54.67
0   3292.06051   3444.05448  -5229.56241   5.1637331   2.5481448   4.9275764 2026 01 15 01 31 14.67
0   3394.66480   3494.09353  -5129.84006   5.0962723   2.4556103   5.0442568 2026 01 15 01 31 34.67
0   3495.89420   3542.27272  -5027.80660   5.0262512   2.3621677   5.1586800 2026 01 15 01 31 54.67
0   3595.69779   3588.57438  -4923.50769   4.9536974   2.2678657   5.2707940 2026 01 15 01 32 14.67
0   3694.02522   3632.98181  -4816.99003   4.8786404   2.1727534   5.3805481 2026 01 15 01 32 34.67
0   3790.82671   3675.47930  -4708.30132   4.8011104   2.0768801   5.4878924 2026 01 15 01 32 54.67
0   3886.05313   3716.05212  -4597.49025   4.7211394   1.9802954   5.5927780 2026 01 15 01 33 14.67
0   3979.65598   3754.68654  -4484.60646   4.6387601   1.8830491   5.6951572 2026 01 15 01 33 34.67
0   4071.58744   3791.36983  -4369.70056   4.5540069   1.7851913   5.7949832 2026 01 15 01 33 54.67
0   4161.80038   3826.09028  -4252.82407   4.4669152   1.6867723   5.8922105 2026 01 15 01 34 14.67
0   4250.24841   3858.83715  -4134.02941   4.3775218   1.5878426   5.9867946 2026 01 15 01 34 34.67
0   4336.88586   3889.60074  -4013.36988   4.2858644   1.4884528   6.0786920 2026 01 15 01 34 54.67
0   4421.66784   3918.37235  -3890.89963   4.1919822   1.3886536   6.1678607 2026 01 15 01 35 14.67
0   4504.55026   3945.14432  -3766.67366   4.0959155   1.2884959   6.2542596 2026 01 15 01 35 34.67
0   4585.48984   3969.90997  -3640.74775   3.9977056   1.1880306   6.3378490 2026 01 15 01 35 54.67
0   4664.44415   3992.66367  -3513.17850   3.8973951   1.0873088   6.4185902 2026 01 15 01 36 14.67
0   4741.37161   4013.40079  -3384.02323   3.7950278   0.9863814   6.4964459 2026 01 15 01 36 34.67
0   4816.23152   4032.11774  -3253.34001   3.6906485   0.8852995   6.5713802 2026 01 15 01 36 54.67
0   4888.98412   4048.81194  -3121.18764   3.5843029   0.7841141   6.6433582 2026 01 15 01 37 14.67
0   4959.59053   4063.48182  -2987.62556   3.4760383   0.6828760   6.7123465 2026 01 15 01 37 34.67
0   5028.01287   4076.12685  -2852.71389   3.3659024   0.5816362   6.7783129 2026 01 15 01 37 54.67
0   5094.21419   4086.74748  -2716.51339   3.2539446   0.4804454   6.8412268 2026 01 15 01 38 14.67
0   5158.15855   4095.34523  -2579.08539   3.1402147   0.3793542   6.9010586 2026 01 15 01 38 34.67
0   5219.81103   4101.92257  -2440.49183   3.0247639   0.2784132   6.9577804 2026 01 15 01 38 54.67
0   5279.13773   4106.48302  -2300.79516   2.9076442   0.1776727   7.0113655 2026 01 15 01 39 14.67
0   5336.10579   4109.03109  -2160.05838   2.7889086   0.0771827   7.0617886 2026 01 15 01 39 34.67
0   5390.68344   4109.57228  -2018.34497   2.6686109  -0.0230070   7.1090260 2026 01 15 01 39 54.67
0   5442.83998   4108.11311  -1875.71887   2.5468061  -0.1228466   7.1530553 2026 01 15 01 40 14.67
0   5492.54582   4104.66107  -1732.24445   2.4235497  -0.2222870   7.1938555 2026 01 15 01 40 34.67
0   5539.77251   4099.22462  -1587.98648   2.2988982  -0.3212790   7.2314072 2026 01 15 01 40 54.67
0   5584.49270   4091.81324  -1443.01012   2.1729090  -0.4197740   7.2656924 2026 01 15 01 41 14.67
0   5626.68023   4082.43733  -1297.38086   2.0456401  -0.5177238   7.2966947 2026 01 15 01 41 34.67
0   5666.31008   4071.10828  -1151.16452   1.9171505  -0.6150803   7.3243989 2026 01 15 01 41 54.67
0   5703.35844   4057.83844  -1004.42719   1.7874997  -0.7117962   7.3487918 2026 01 15 01 42 14.67
0   5737.80269   4042.64109   -857.23522   1.6567480  -0.8078242   7.3698612 2026 01 15 01 42 34.67
0   5769.62142   4025.53045   -709.65518   1.5249565  -0.9031179   7.3875968 2026 01 15 01 42 54.67
0   5798.79444   4006.52168   -561.75385   1.3921867  -0.9976311   7.4019896 2026 01 15 01 43 14.67
0   5825.30282   3985.63083   -413.59815   1.2585009  -1.0913181   7.4130323 2026 01 15 01 43 34.67
0   5849.12885   3962.87488   -265.25515   1.1239618  -1.1841340   7.4207190 2026 01 15 01 43 54.67
0   5870.25611   3938.27170   -116.79200   0.9886329  -1.2760342   7.4250454 2026 01 15 01 44 14.67
0   5888.66944   3911.84005     31.72405   0.8525780  -1.3669747   7.4260088 2026 01 15 01 44 34.67
0   5904.35495   3883.59954    180.22573   0.7158616  -1.4569123   7.4236081 2026 01 15 01 44 54.67
0   5917.30007   3853.57068    328.64576   0.5785483  -1.5458042   7.4178435 2026 01 15 01 45 14.67
0   5927.49352   3821.77479    476.91689   0.4407035  -1.6336084   7.4087171 2026 01 15 01 45 34.67
0   5934.92530   3788.23404    624.97190   0.3023928  -1.7202835   7.3962323 2026 01 15 01 45 54.67
0   5939.58678   3752.97142    772.74369   0.1636822  -1.8057888   7.3803943 2026 01 15 01 46 14.67
0   5941.47060   3716.01072    920.16524   0.0246380  -1.8900844   7.3612095 2026 01 15 01 46 34.67
0   5940.57076   3677.37654   1067.16970  -0.1146733  -1.9731310   7.3386861 2026 01 15 01 46 54.67
0   5936.88259   3637.09424   1213.69039  -0.2541847  -2.0548901   7.3128339 2026 01 15 01 47 14.67
0   5930.40276   3595.18995   1359.66086  -0.3938294  -2.1353241   7.2836640 2026 01 15 01 47 34.67
0   5921.12927   3551.69053   1505.01487  -0.5335399  -2.2143959   7.2511894 2026 01 15 01 47 54.67
0   5909.06147   3506.62360   1649.68646  -0.6732489  -2.2920696   7.2154243 2026 01 15 01 48 14.67
0   5894.20008   3460.01747   1793.60999  -0.8128890  -2.3683099   7.1763845 2026 01 15 01 48 34.67
0   5876.54713   3411.90115   1936.72012  -0.9523925  -2.4430822   7.1340875 2026 01 15 01 48 54.67
0   5856.10605   3362.30434   2078.95191  -1.0916919  -2.5163531   7.0885520 2026 01 15 01 49 14.67
0   5832.88159   3311.25740   2220.24079  -1.2307195  -2.5880899   7.0397986 2026 01 15 01 49 34.67
0   5806.87986   3258.79132   2360.52261  -1.3694077  -2.6582608   6.9878490 2026 01 15 01 49 54.67
0   5778.10832   3204.93774   2499.73367  -1.5076891  -2.7268350   6.9327267 2026 01 15 01 50 14.67
0   5746.57578   3149.72889   2637.81078  -1.6454961  -2.7937824   6.8744563 2026 01 15 01 50 34.67
0   5712.29241   3093.19760   2774.69122  -1.7827615  -2.8590741   6.8130643 2026 01 15 01 50 54.67
0   5675.26969   3035.37725   2910.31285  -1.9194182  -2.9226820   6.7485784 2026 01 15 01 51 14.67
0   5635.52049   2976.30181   3044.61407  -2.0553992  -2.9845791   6.6810276 2026 01 15 01 51 34.67
0   5593.05898   2916.00575   3177.53388  -2.1906379  -3.0447392   6.6104425 2026 01 15 01 51 54.67
0   5547.90067   2854.52405   3309.01192  -2.3250678  -3.1031372   6.5368552 2026 01 15 01 52 14.67
0   5500.06239   2791.89222   3438.98847  -2.4586228  -3.1597491   6.4602989 2026 01 15 01 52 34.67
0   5449.56230   2728.14619   3567.40450  -2.5912371  -3.2145516   6.3808083 2026 01 15 01 52 54.67
0   5396.41988   2663.32239   3694.20168  -2.7228454  -3.2675228   6.2984195 2026 01 15 01 53 14.67
0   5340.65588   2597.45764   3819.32242  -2.8533827  -3.3186416   6.2131699 2026 01 15 01 53 34.67
0   5282.29238   2530.58920   3942.70987  -2.9827844  -3.3678879   6.1250981 2026 01 15 01 53 54.67
0   5221.35273   2462.75472   4064.30801  -3.1109863  -3.4152428   6.0342442 2026 01 15 01 54 14.67
0   5157.86156   2393.99219   4184.06159  -3.2379251  -3.4606884   5.9406493 2026 01 15 01 54 34.67
0   5091.84477   2324.33999   4301.91622  -3.3635375  -3.5042077   5.8443560 2026 01 15 01 54 54.67
0   5023.32950   2253.83678   4417.81836  -3.4877612  -3.5457851   5.7454080 2026 01 15 01 55 14.67
0   4952.34416   2182.52156   4531.71537  -3.6105342  -3.5854058   5.6438502 2026 01 15 01 55 34.67
0   4878.91837   2110.43361   4643.55550  -3.7317954  -3.6230561   5.5397288 2026 01 15 01 55 54.67
0   4803.08296   2037.61245   4753.28796  -3.8514841  -3.6587234   5.4330910 2026 01 15 01 56 14.67
0   4724.87001   1964.09787   4860.86290  -3.9695404  -3.6923963   5.3239851 2026 01 15 01 56 34.67
0   4644.31273   1889.92986   4966.23145  -4.0859052  -3.7240643   5.2124609 2026 01 15 01 56 54.67
0   4561.44556   1815.14861   5069.34575  -4.2005201  -3.7537181   5.0985687 2026 01 15 01 57 14.67
0   4476.30406   1739.79449   5170.15896  -4.3133274  -3.7813495   4.9823604 2026 01 15 01 57 34.67
0   4388.92496   1663.90802   5268.62527  -4.4242703  -3.8069512   4.8638887 2026 01 15 01 57 54.67
0   4299.34610   1587.52987   5364.69995  -4.5332927  -3.8305173   4.7432072 2026 01 15 01 58 14.67
0   4207.60646   1510.70079   5458.33936  -4.6403396  -3.8520427   4.6203708 2026 01 15 01 58 34.67
0   4113.74607   1433.46164   5549.50094  -4.7453567  -3.8715235   4.4954350 2026 01 15 01 58 54.67
0   4017.80609   1355.85334   5638.14329  -4.8482907  -3.8889569   4.3684566 2026 01 15 01 59 14.67
0   3919.82869   1277.91686   5724.22611  -4.9490891  -3.9043412   4.2394930 2026 01 15 01 59 34.67
0   3819.85710   1199.69320   5807.71028  -5.0477006  -3.9176756   4.1086027 2026 01 15 01 59 54.67
0   3717.93556   1121.22334   5888.55788  -5.1440747  -3.9289606   3.9758450 2026 01 15 02 00 14.67
0   3614.10933   1042.54826   5966.73213  -5.2381620  -3.9381977   3.8412799 2026 01 15 02 00 34.67
0   3508.42462    963.70890   6042.19751  -5.3299140  -3.9453894   3.7049684 2026 01 15 02 00 54.67
0   3400.92862    884.74613   6114.91971  -5.4192836  -3.9505392   3.5669722 2026 01 15 02 01 14.67
0   3291.66943    805.70075   6184.86564  -5.5062244  -3.9536519   3.4273536 2026 01 15 02 01 34.67
0   3180.69609    726.61344   6252.00350  -5.5906914  -3.9547331   3.2861758 2026 01 15 02 01 54.67
0   3068.05851    647.52476   6316.30274  -5.6726404  -3.9537896   3.1435027 2026 01 15 02 02 14.67
0   2953.80748    568.47515   6377.73409  -5.7520288  -3.9508291   2.9993987 2026 01 15 02 02 34.67
0   2837.99465    489.50484   6436.26960  -5.8288148  -3.9458605   2.8539290 2026 01 15 02 02 54.67
0   2720.67245    410.65390   6491.88259  -5.9029579  -3.9388935   2.7071594 2026 01 15 02 03 14.67
0   2601.89415    331.96220   6544.54774  -5.9744189  -3.9299389   2.5591560 2026 01 15 02 03 34.67
0   2481.71377    253.46938   6594.24104  -6.0431597  -3.9190087   2.4099858 2026 01 15 02 03 54.67
0   2360.18608    175.21481   6640.93983  -6.1091435  -3.9061156   2.2597162 2026 01 15 02 04 14.67
0   2237.36659     97.23763   6684.62279  -6.1723349  -3.8912733   2.1084150 2026 01 15 02 04 34.67
0   2113.31147     19.57666   6725.26997  -6.2326994  -3.8744968   1.9561505 2026 01 15 02 04 54.67
0   1988.07762    -57.72957   6762.86281  -6.2902043  -3.8558016   1.8029915 2026 01 15 02 05 14.67
0   1861.72252   -134.64283   6797.38410  -6.3448179  -3.8352044   1.6490071 2026 01 15 02 05 34.67
0   1734.30432   -211.12528   6828.81802  -6.3965099  -3.8127230   1.4942669 2026 01 15 02 05 54.67
0   1605.88174   -287.13940   6857.15016  -6.4452513  -3.7883757   1.3388406 2026 01 15 02 06 14.67
0   1476.51407   -362.64808   6882.36749  -6.4910146  -3.7621820   1.1827985 2026 01 15 02 06 34.67
0   1346.26114   -437.61458   6904.45842  -6.5337735  -3.7341624   1.0262110 2026 01 15 02 06 54.67
0   1215.18328   -512.00261   6923.41273  -6.5735033  -3.7043380   0.8691488 2026 01 15 02 07 14.67
0   1083.34131   -585.77628   6939.22165  -6.6101806  -3.6727309   0.7116828 2026 01 15 02 07 34.67
0    950.79651   -658.90017   6951.87780  -6.6437833  -3.6393641   0.5538841 2026 01 15 02 07 54.67
0    817.61056   -731.33932   6961.37524  -6.6742909  -3.6042614   0.3958240 2026 01 15 02 08 14.67
0    683.84558   -803.05926   6967.70947  -6.7016843  -3.5674474   0.2375740 2026 01 15 02 08 34.67
0    549.56402   -874.02601   6970.87740  -6.7259459  -3.5289477   0.0792054 2026 01 15 02 08 54.67
0    414.82869   -944.20613   6970.87737  -6.7470593  -3.4887884  -0.0792101 2026 01 15 02 09 14.67
0    279.70268  -1013.56669   6967.70916  -6.7650100  -3.4469967  -0.2376009 2026 01 15 02 09 34.67
0    144.24940  -1082.07532   6961.37399  -6.7797845  -3.4036003  -0.3958954 2026 01 15 02 09 54.67
0      8.53249  -1149.70021   6951.87449  -6.7913713  -3.3586278  -0.5540220 2026 01 15 02 10 14.67
0   -127.38419  -1216.41013   6939.21474  -6.7997600  -3.3121085  -0.7119091 2026 01 15 02 10 34.67
0   -263.43660  -1282.17444   6923.40024  -6.8049419  -3.2640725  -0.8694853 2026 01 15 02 10 54.67
0   -399.56052  -1346.96312   6904.43792  -6.8069098  -3.2145504  -1.0266792 2026 01 15 02 11 14.67
0   -535.69161  -1410.74676   6882.33615  -6.8056579  -3.1635738  -1.1834196 2026 01 15 02 11 34.67
0   -671.76544  -1473.49659   6857.10470  -6.8011820  -3.1111747  -1.3396354 2026 01 15 02 11 54.67
0   -807.71749  -1535.18448   6828.75478  -6.7934796  -3.0573859  -1.4952559 2026 01 15 02 12 14.67
0   -943.48322  -1595.78298   6797.29899  -6.7825495  -3.0022407  -1.6502103 2026 01 15 02 12 34.67
0  -1078.99808  -1655.26529   6762.75137  -6.7683921  -2.9457732  -1.8044285 2026 01 15 02 12 54.67
0  -1214.19754  -1713.60531   6725.12733  -6.7510094  -2.8880179  -1.9578402 2026 01 15 02 13 14.67
0  -1349.01713  -1770.77764   6684.44371  -6.7304049  -2.8290100  -2.1103758 2026 01 15 02 13 34.67
0  -1483.39246  -1826.75759   6640.71871  -6.7065837  -2.7687852  -2.2619659 2026 01 15 02 13 54.67
0  -1617.25926  -1881.52117   6593.97195  -6.6795525  -2.7073799  -2.4125416 2026 01 15 02 14 14.67
0  -1750.55341  -1935.04515   6544.22439  -6.6493193  -2.6448308  -2.5620343 2026 01 15 02 14 34.67
0  -1883.21097  -1987.30702   6491.49838  -6.6158940  -2.5811753  -2.7103758 2026 01 15 02 14 54.67
0  -2015.16820  -2038.28502   6435.81762  -6.5792878  -2.5164510  -2.8574986 2026 01 15 02 15 14.67
0  -2146.36161  -2087.95818   6377.20714  -6.5395136  -2.4506963  -3.0033354 2026 01 15 02 15 34.67
0  -2276.72798  -2136.30625   6315.69334  -6.4965858  -2.3839498  -3.1478198 2026 01 15 02 15 54.67
0  -2406.20441  -2183.30981   6251.30393  -6.4505202  -2.3162506  -3.2908858 2026 01 15 02 16 14.67
0  -2534.72830  -2228.95018   6184.06793  -6.4013344  -2.2476382  -3.4324678 2026 01 15 02 16 34.67
0  -2662.23743  -2273.20950   6114.01566  -6.3490474  -2.1781525  -3.5725011 2026 01 15 02 16 54.67
0  -2788.67000  -2316.07071   6041.17875  -6.2936798  -2.1078337  -3.7109216 2026 01 15 02 17 14.67
0  -2913.96459  -2357.51756   5965.59007  -6.2352536  -2.0367223  -3.8476659 2026 01 15 02 17 34.67
0  -3038.06029  -2397.53459   5887.28380  -6.1737925  -1.9648594  -3.9826713 2026 01 15 02 17 54.67
0  -3160.89662  -2436.10718   5806.29531  -6.1093216  -1.8922859  -4.1158757 2026 01 15 02 18 14.67
0  -3282.41367  -2473.22155   5722.66125  -6.0418675  -1.8190434  -4.2472181 2026 01 15 02 18 34.67
0  -3402.55205  -2508.86472   5636.41946  -5.9714584  -1.7451735  -4.3766380 2026 01 15 02 18 54.67
0  -3521.25296  -2543.02457   5547.60899  -5.8981240  -1.6707182  -4.5040760 2026 01 15 02 19 14.67
0  -3638.45818  -2575.68981   5456.27005  -5.8218952  -1.5957194  -4.6294734 2026 01 15 02 19 34.67
0  -3754.11016  -2606.84999   5362.44405  -5.7428048  -1.5202196  -4.7527724 2026 01 15 02 19 54.67
0  -3868.15201  -2636.49551   5266.17351  -5.6608867  -1.4442611  -4.8739162 2026 01 15 02 20 14.67
0  -3980.52752  -2664.61763   5167.50211  -5.5761765  -1.3678865  -4.9928489 2026 01 15 02 20 34.67
0  -4091.18121  -2691.20845   5066.47461  -5.4887111  -1.2911385  -5.1095156 2026 01 15 02 20 54.67
0  -4200.05837  -2716.26093   4963.13688  -5.3985288  -1.2140599  -5.2238625 2026 01 15 02 21 14.67
0  -4307.10505  -2739.76888   4857.53583  -5.3056693  -1.1366934  -5.3358367 2026 01 15 02 21 34.67
0  -4412.26810  -2761.72698   4749.71945  -5.2101737  -1.0590819  -5.4453865 2026 01 15 02 21 54.67
0  -4515.49525  -2782.13075   4639.73672  -5.1120847  -0.9812683  -5.5524611 2026 01 15 02 22 14.67
0  -4616.73504  -2800.97659   4527.63766  -5.0114459  -0.9032954  -5.6570111 2026 01 15 02 22 34.67
0  -4715.93693  -2818.26172   4413.47324  -4.9083026  -0.8252061  -5.7589879 2026 01 15 02 22 54.67
0  -4813.05130  -2833.98426   4297.29539  -4.8027013  -0.7470431  -5.8583444 2026 01 15 02 23 14.67
0  -4908.02946  -2848.14315   4179.15699  -4.6946897  -0.6688491  -5.9550345 2026 01 15 02 23 34.67
0  -5000.82369  -2860.73820   4059.11181  -4.5843169  -0.5906667  -6.0490134 2026 01 15 02 23 54.67
0  -5091.38727  -2871.77007   3937.21451  -4.4716331  -0.5125384  -6.1402375 2026 01 15 02 24 14.67
0  -5179.67449  -2881.24026   3813.52063  -4.3566900  -0.4345065  -6.2286644 2026 01 15 02 24 34.67
0  -5265.64068  -2889.15113   3688.08650  -4.2395401  -0.3566130  -6.3142533 2026 01 15 02 24 54.67
0  -5349.24226  -2895.50585   3560.96930  -4.1202375  -0.2789000  -6.3969642 2026 01 15 02 25 14.67
0  -5430.43670  -2900.30846   3432.22697  -3.9988371  -0.2014090  -6.4767590 2026 01 15 02 25 34.67
0  -5509.18262  -2903.56381   3301.91821  -3.8753951  -0.1241816  -6.5536005 2026 01 15 02 25 54.67
0  -5585.43975  -2905.27758   3170.10243  -3.7499687  -0.0472590  -6.6274532 2026 01 15 02 26 14.67
0  -5659.16899  -2905.45629   3036.83976  -3.6226164   0.0293180  -6.6982827 2026 01 15 02 26 34.67
0  -5730.33240  -2904.10724   2902.19100  -3.4933974   0.1055088  -6.7660563 2026 01 15 02 26 54.67
0  -5798.89327  -2901.23857   2766.21758  -3.3623722   0.1812731  -6.8307425 2026 01 15 02 27 14.67
0  -5864.81606  -2896.85921   2628.98155  -3.2296021   0.2565711  -6.8923115 2026 01 15 02 27 34.67
0  -5928.06651  -2890.97887   2490.54555  -3.0951494   0.3313633  -6.9507347 2026 01 15 02 27 54.67
0  -5988.61160  -2883.60807   2350.97275  -2.9590773   0.4056106  -7.0059850 2026 01 15 02 28 14.67
0  -6046.41958  -2874.75808   2210.32689  -2.8214500   0.4792744  -7.0580372 2026 01 15 02 28 34.67
0  -6101.45998  -2864.44097   2068.67216  -2.6823323   0.5523164  -7.1068670 2026 01 15 02 28 54.67
0  -6153.70366  -2852.66955   1926.07324  -2.5417902   0.6246989  -7.1524522 2026 01 15 02 29 14.67
0  -6203.12280  -2839.45738   1782.59523  -2.3998900   0.6963847  -7.1947717 2026 01 15 02 29 34.67
0  -6249.69090  -2824.81876   1638.30365  -2.2566992   0.7673371  -7.2338061 2026 01 15 02 29 54.67
0  -6293.38283  -2808.76872   1493.26438  -2.1122857   0.8375199  -7.2695378 2026 01 15 02 30 14.67
0  -6334.17482  -2791.32302   1347.54364  -1.9667183   0.9068974  -7.3019503 2026 01 15 02 30 34.67
0  -6372.04449  -2772.49810   1201.20796  -1.8200663   0.9754347  -7.3310291 2026 01 15 02 30 54.67
0  -6406.97085  -2752.31113   1054.32415  -1.6723996   1.0430971  -7.3567610 2026 01 15 02 31 14.67
0  -6438.93429  -2730.77994    906.95927  -1.5237887   1.1098510  -7.3791346 2026 01 15 02 31 34.67
0  -6467.91666  -2707.92303    759.18059  -1.3743048   1.1756630  -7.3981400 2026 01 15 02 31 54.67
0  -6493.90120  -2683.75956    611.05555  -1.2240192   1.2405007  -7.4137688 2026 01 15 02 32 14.67
0  -6516.87260  -2658.30935    462.65176  -1.0730039   1.3043320  -7.4260144 2026 01 15 02 32 34.67
0  -6536.81699  -2631.59284    314.03694  -0.9213315   1.3671259  -7.4348718 2026 01 15 02 32 54.67
0  -6553.72195  -2603.63108    165.27889  -0.7690746   1.4288517  -7.4403374 2026 01 15 02 33 14.67
0  -6567.57653  -2574.44572     16.44546  -0.6163063   1.4894798  -7.4424094 2026 01 15 02 33 34.67
0  -6578.37123  -2544.05903   -132.39546  -0.4631001   1.5489810  -7.4410875 2026 01 15 02 33 54.67
0  -6586.09803  -2512.49382   -281.17601  -0.3095295   1.6073270  -7.4363732 2026 01 15 02 34 14.67
0  -6590.75038  -2479.77347   -429.82837  -0.1556685   1.6644903  -7.4282693 2026 01 15 02 34 34.67
0  -6592.32322  -2445.92190   -578.28479  -0.0015912   1.7204441  -7.4167806 2026 01 15 02 34 54.67
0  -6590.81295  -2410.96357   -726.47762   0.1526284   1.7751625  -7.4019131 2026 01 15 02 35 14.67
0  -6586.21749  -2374.92344   -874.33938   0.3069158   1.8286203  -7.3836746 2026 01 15 02 35 34.67
0  -6578.53620  -2337.82696  -1021.80273   0.4611969   1.8807930  -7.3620746 2026 01 15 02 35 54.67
0  -6567.76998  -2299.70008  -1168.80055   0.6153971   1.9316573  -7.3371239 2026 01 15 02 36 14.67
0  -6553.92118  -2260.56919  -1315.26594   0.7694422   1.9811904  -7.3088352 2026 01 15 02 36 34.67
0  -6536.99363  -2220.46113  -1461.13229   0.9232578   2.0293704  -7.2772225 2026 01 15 02 36 54.67
0  -6516.99269  -2179.40318  -1606.33327   1.0767699   2.0761765  -7.2423014 2026 01 15 02 37 14.67
0  -6493.92515  -2137.42302  -1750.80287   1.2299044   2.1215884  -7.2040892 2026 01 15 02 37 34.67
0  -6467.79931  -2094.54873  -1894.47548   1.3825873   2.1655870  -7.1626045 2026 01 15 02 37 54.67
0  -6438.62494  -2050.80875  -2037.28582   1.5347452   2.2081539  -7.1178677 2026 01 15 02 38 14.67
0  -6406.41327  -2006.23191  -2179.16909   1.6863045   2.2492717  -7.0699006 2026 01 15 02 38 34.67
0  -6371.17701  -1960.84734  -2320.06089   1.8371922   2.2889239  -7.0187263 2026 01 15 02 38 54.67
0  -6332.93032  -1914.68452  -2459.89734   1.9873355   2.3270947  -6.9643696 2026 01 15 02 39 14.67
0  -6291.68881  -1867.77322  -2598.61504   2.1366620   2.3637695  -6.9068568 2026 01 15 02 39 34.67
0  -6247.46954  -1820.14351  -2736.15115   2.2850998   2.3989344  -6.8462154 2026 01 15 02 39 54.67
0  -6200.29099  -1771.82571  -2872.44339   2.4325773   2.4325766  -6.7824746 2026 01 15 02 40 14.67
0  -6150.17310  -1722.85039  -3007.43006   2.5790235   2.4646842  -6.7156649 2026 01 15 02 40 34.67
0  -6097.13718  -1673.24837  -3141.05012   2.7243678   2.4952459  -6.6458181 2026 01 15 02 40 54.67
0  -6041.20598  -1623.05066  -3273.24314   2.8685402   2.5242519  -6.5729675 2026 01 15 02 41 14.67
0  -5982.40363  -1572.28847  -3403.94940   3.0114712   2.5516929  -6.4971478 2026 01 15 02 41 34.67
0  -5920.75564  -1520.99318  -3533.10988   3.1530922   2.5775606  -6.4183949 2026 01 15 02 41 54.67
0  -5856.28891  -1469.19634  -3660.66627   3.2933349   2.6018478  -6.3367461 2026 01 15 02 42 14.67
0  -5789.03168  -1416.92961  -3786.56105   3.4321320   2.6245480  -6.2522399 2026 01 15 02 42 34.67
0  -5719.01351  -1364.22480  -3910.73746   3.5694166   2.6456559  -6.1649162 2026 01 15 02 42 54.67
0  -5646.26533  -1311.11380  -4033.13957   3.7051228   2.6651670  -6.0748160 2026 01 15 02 43 14.67
0  -5570.81935  -1257.62857  -4153.71226   3.8391854   2.6830777  -5.9819817 2026 01 15 02 43 34.67
0  -5492.70910  -1203.80116  -4272.40129   3.9715401   2.6993852  -5.8864567 2026 01 15 02 43 54.67
0  -5411.96936  -1149.66365  -4389.15329   4.1021231   2.7140880  -5.7882858 2026 01 15 02 44 14.67
0  -5328.63620  -1095.24814  -4503.91579   4.2308720   2.7271852  -5.6875147 2026 01 15 02 44 34.67
0  -5242.74692  -1040.58675  -4616.63726   4.3577249   2.7386770  -5.5841904 2026 01 15 02 44 54.67
0  -5154.34005   -985.71156  -4727.26712   4.4826209   2.7485643  -5.4783611 2026 01 15 02 45 14.67
0  -5063.45532   -930.65466  -4835.75576   4.6055002   2.7568491  -5.3700757 2026 01 15 02 45 34.67
0  -4970.13367   -875.44807  -4942.05455   4.7263039   2.7635343  -5.2593845 2026 01 15 02 45 54.67
0  -4874.41717   -820.12374  -5046.11589   4.8449741   2.7686235  -5.1463387 2026 01 15 02 46 14.67
0  -4776.34909   -764.71355  -5147.89320   4.9614538   2.7721215  -5.0309906 2026 01 15 02 46 34.67
0  -4675.97377   -709.24927  -5247.34098   5.0756874   2.7740336  -4.9133931 2026 01 15 02 46 54.67
0  -4573.33670   -653.76255  -5344.41477   5.1876200   2.7743664  -4.7936006 2026 01 15 02 47 14.67
0  -4468.48442   -598.28491  -5439.07122   5.2971981   2.7731270  -4.6716680 2026 01 15 02 47 34.67
0  -4361.46456   -542.84771  -5531.26808   5.4043692   2.7703236  -4.5476512 2026 01 15 02 47 54.67
0  -4252.32577   -487.48214  -5620.96425   5.5090820   2.7659651  -4.4216071 2026 01 15 02 48 14.67
0  -4141.11773   -432.21922  -5708.11973   5.6112862   2.7600612  -4.2935931 2026 01 15 02 48 34.67
0  -4027.89108   -377.08973  -5792.69574   5.7109329   2.7526228  -4.1636678 2026 01 15 02 48 54.67
0  -3912.69747   -322.12427  -5874.65461   5.8079744   2.7436611  -4.0318904 2026 01 15 02 49 14.67
0  -3795.58946   -267.35317  -5953.95992   5.9023641   2.7331884  -3.8983208 2026 01 15 02 49 34.67
0  -3676.62054   -212.80652  -6030.57642   5.9940567   2.7212178  -3.7630196 2026 01 15 02 49 54.67
0  -3555.84510   -158.51415  -6104.47010   6.0830083   2.7077632  -3.6260483 2026 01 15 02 50 14.67
0  -3433.31838   -104.50558  -6175.60816   6.1691761   2.6928391  -3.4874688 2026 01 15 02 50 34.67
0  -3309.09648    -50.81007  -6243.95907   6.2525187   2.6764609  -3.3473439 2026 01 15 02 50 54.67
0  -3183.23631      2.54348  -6309.49255   6.3329960   2.6586448  -3.2057368 2026 01 15 02 51 14.67
0  -3055.79556     55.52647  -6372.17960   6.4105691   2.6394076  -3.0627114 2026 01 15 02 51 34.67
0  -2926.83269    108.11065  -6431.99249   6.4852008   2.6187669  -2.9183320 2026 01 15 02 51 54.67
0  -2796.40688    160.26813  -6488.90479   6.5568549   2.5967411  -2.7726637 2026 01 15 02 52 14.67
0  -2664.57806    211.97141  -6542.89137   6.6254968   2.5733492  -2.6257719 2026 01 15 02 52 34.67
0  -2531.40678    263.19335  -6593.92842   6.6910931   2.5486108  -2.4777225 2026 01 15 02 52 54.67
0  -2396.95429    313.90723  -6641.99346   6.7536119   2.5225463  -2.3285818 2026 01 15 02 53 14.67
0  -2261.28243    364.08674  -6687.06531   6.8130229   2.4951768  -2.1784167 2026 01 15 02 53 34.67
0  -2124.45368    413.70598  -6729.12417   6.8692969   2.4665239  -2.0272942 2026 01 15 02 53 54.67
0  -1986.53103    462.73953  -6768.15156   6.9224062   2.4366100  -1.8752819 2026 01 15 02 54 14.67
0  -1847.57805    511.16237  -6804.13035   6.9723248   2.4054579  -1.7224476 2026 01 15 02 54 34.67
0  -1707.65880    558.94999  -6837.04480   7.0190279   2.3730912  -1.5688595 2026 01 15 02 54 54.67
0  -1566.83783    606.07832  -6866.88050   7.0624922   2.3395340  -1.4145860 2026 01 15 02 55 14.67
0  -1425.18014    652.52382  -6893.62444   7.1026960   2.3048110  -1.2596957 2026 01 15 02 55 34.67
0  -1282.75114    698.26340  -6917.26496   7.1396190   2.2689473  -1.1042576 2026 01 15 02 55 54.67
0  -1139.61663    743.27452  -6937.79180   7.1732423   2.2319689  -0.9483408 2026 01 15 02 56 14.67
0   -995.84280    787.53514  -6955.19608   7.2035486   2.1939019  -0.7920145 2026 01 15 02 56 34.67
0   -851.49614    831.02375  -6969.47030   7.2305221   2.1547732  -0.6353481 2026 01 15 02 56 54.67
0   -706.64345    873.71940  -6980.60835   7.2541486   2.1146101  -0.4784111 2026 01 15 02 57 14.67
0   -561.35180    915.60168  -6988.60552   7.2744151   2.0734403  -0.3212731 2026 01 15 02 57 34.67
0   -415.68852    956.65072  -6993.45847   7.2913104   2.0312920  -0.1640037 2026 01 15 02 57 54.67
0   -269.72113    996.84725  -6995.16529   7.3048248   1.9881940  -0.0066727 2026 01 15 02 58 14.67
0   -123.51732   1036.17256  -6993.72543   7.3149500   1.9441754   0.1506504 2026 01 15 02 58 34.67
0     22.85504   1074.60854  -6989.13975   7.3216794   1.8992656   0.3078958 2026 01 15 02 58 54.67
0    169.32798   1112.13765  -6981.41051   7.3250077   1.8534945   0.4649939 2026 01 15 02 59 14.67
0    315.83345   1148.74298  -6970.54133   7.3249314   1.8068924   0.6218752 2026 01 15 02 59 34.67
0    462.30332   1184.40820  -6956.53725   7.3214483   1.7594900   0.7784702 2026 01 15 02 59 54.67
0    608.66945   1219.11763  -6939.40469   7.3145580   1.7113182   0.9347097 2026 01 15 03 00 14.67
0    754.86370   1252.85619  -6919.15145   7.3042614   1.6624084   1.0905246 2026 01 15 03 00 34.67
0    900.81797   1285.60943  -6895.78672   7.2905610   1.6127921   1.2458458 2026 01 15 03 00 54.67
0   1046.46422   1317.36354  -6869.32106   7.2734610   1.5625012   1.4006046 2026 01 15 03 01 14.67
0   1191.73451   1348.10534  -6839.76639   7.2529670   1.5115679   1.5547326 2026 01 15 03 01 34.67
0   1336.56102   1377.82233  -6807.13603   7.2290861   1.4600246   1.7081614 2026 01 15 03 01 54.67
0   1480.87611   1406.50261  -6771.44463   7.2018270   1.4079040   1.8608231 2026 01 15 03 02 14.67
0   1624.61231   1434.13498  -6732.70821   7.1712001   1.3552390   2.0126500 2026 01 15 03 02 34.67
0   1767.70237   1460.70887  -6690.94415   7.1372170   1.3020626   2.1635750 2026 01 15 03 02 54.67
0   1910.07930   1486.21440  -6646.17116   7.0998912   1.2484081   2.3135310 2026 01 15 03 03 14.67
0   2051.67640   1510.64232  -6598.40927   7.0592374   1.1943090   2.4624515 2026 01 15 03 03 34.67
0   2192.42726   1533.98410  -6547.67987   7.0152722   1.1397987   2.6102704 2026 01 15 03 03 54.67
0   2332.26583   1556.23183  -6494.00564   6.9680132   1.0849112   2.7569221 2026 01 15 03 04 14.67
0   2471.12643   1577.37831  -6437.41059   6.9174801   1.0296800   2.9023414 2026 01 15 03 04 34.67
0   2608.94378   1597.41702  -6377.92000   6.8636938   0.9741392   3.0464636 2026 01 15 03 04 54.67
0   2745.65303   1616.34209  -6315.56047   6.8066766   0.9183228   3.1892246 2026 01 15 03 05 14.67
0   2881.18982   1634.14835  -6250.35985   6.7464525   0.8622648   3.3305607 2026 01 15 03 05 34.67
0   3015.49024   1650.83132  -6182.34728   6.6830471   0.8059992   3.4704090 2026 01 15 03 05 54.67
0   3148.49095   1666.38718  -6111.55314   6.6164871   0.7495603   3.6087071 2026 01 15 03 06 14.67
0   3280.12913   1680.81281  -6038.00905   6.5468011   0.6929821   3.7453932 2026 01 15 03 06 34.67
0   3410.34255   1694.10576  -5961.74787   6.4740189   0.6362987   3.8804062 2026 01 15 03 06 54.67
0   3539.06961   1706.26427  -5882.80366   6.3981718   0.5795441   4.0136857 2026 01 15 03 07 14.67
0   3666.24933   1717.28726  -5801.21170   6.3192926   0.5227524   4.1451720 2026 01 15 03 07 34.67
0   3791.82141   1727.17433  -5717.00844   6.2374156   0.4659576   4.2748062 2026 01 15 03 07 54.67
0   3915.72624   1735.92575  -5630.23150   6.1525764   0.4091934   4.4025300 2026 01 15 03 08 14.67
0   4037.90497   1743.54247  -5540.91968   6.0648121   0.3524937   4.5282861 2026 01 15 03 08 34.67
0   4158.29945   1750.02611  -5449.11289   5.9741611   0.2958920   4.6520178 2026 01 15 03 08 54.67
0   4276.85236   1755.37898  -5354.85218   5.8806632   0.2394218   4.7736695 2026 01 15 03 09 14.67
0   4393.50717   1759.60404  -5258.17971   5.7843598   0.1831164   4.8931863 2026 01 15 03 09 34.67
0   4508.20820   1762.70492  -5159.13871   5.6852934   0.1270090   5.0105141 2026 01 15 03 09 54.67
0   4620.90061   1764.68590  -5057.77350   5.5835079   0.0711326   5.1255999 2026 01 15 03 10 14.67
0   4731.53049   1765.55193  -4954.12944   5.4790486   0.0155197   5.2383917 2026 01 15 03 10 34.67
0   4840.04482   1765.30861  -4848.25293   5.3719620  -0.0397970   5.3488383 2026 01 15 03 10 54.67
0   4946.39153   1763.96219  -4740.19136   5.2622961  -0.0947854   5.4568895 2026 01 15 03 11 14.67
0   5050.51952   1761.51955  -4629.99315   5.1500998  -0.1494135   5.5624962 2026 01 15 03 11 34.67
0   5152.37870   1757.98822  -4517.70767   5.0354237  -0.2036495   5.6656102 2026 01 15 03 11 54.67
0   5251.91998   1753.37635  -4403.38525   4.9183194  -0.2574622   5.7661847 2026 01 15 03 12 14.67
0   5349.09532   1747.69272  -4287.07712   4.7988396  -0.3108204   5.8641737 2026 01 15 03 12 34.67
0   5443.85775   1740.94673  -4168.83547   4.6770384  -0.3636935   5.9595322 2026 01 15 03 12 54.67
0   5536.16139   1733.14839  -4048.71333   4.5529710  -0.4160511   6.0522167 2026 01 15 03 13 14.67
0   5625.96149   1724.30830  -3926.76461   4.4266936  -0.4678632   6.1421846 2026 01 15 03 13 34.67
0   5713.21443   1714.43767  -3803.04407   4.2982639  -0.5191002   6.2293946 2026 01 15 03 13 54.67
0   5797.87773   1703.54830  -3677.60725   4.1677403  -0.5697330   6.3138065 2026 01 15 03 14 14.67
0   5879.91011   1691.65255  -3550.51052   4.0351824  -0.6197328   6.3953814 2026 01 15 03 14 34.67
0   5959.27150   1678.76338  -3421.81099   3.9006509  -0.6690712   6.4740816 2026 01 15 03 14 54.67
0   6035.92304   1664.89430  -3291.56653   3.7642076  -0.7177203   6.5498707 2026 01 15 03 15 14.67
0   6109.82712   1650.05935  -3159.83571   3.6259150  -0.7656529   6.6227135 2026 01 15 03 15 34.67
0   6180.94739   1634.27315  -3026.67779   3.4858369  -0.8128420   6.6925762 2026 01 15 03 15 54.67
0   6249.24879   1617.55082  -2892.15270   3.3440378  -0.8592612   6.7594264 2026 01 15 03 16 14.67
0   6314.69755   1599.90802  -2756.32101   3.2005833  -0.9048847   6.8232328 2026 01 15 03 16 34.67
0   6377.26122   1581.36093  -2619.24390   3.0555396  -0.9496870   6.8839656 2026 01 15 03 16 54.67
0   6436.90870   1561.92621  -2480.98312   2.9089740  -0.9936434   6.9415963 2026 01 15 03 17 14.67
0   6493.61022   1541.62103  -2341.60098   2.7609545  -1.0367296   6.9960980 2026 01 15 03 17 34.67
0   6547.33740   1520.46303  -2201.16032   2.6115499  -1.0789220   7.0474449 2026 01 15 03 17 54.67
0   6598.06322   1498.47032  -2059.72448   2.4608297  -1.1201976   7.0956129 2026 01 15 03 18 14.67
0   6645.76209   1475.66145  -1917.35728   2.3088643  -1.1605338   7.1405791 2026 01 15 03 18 34.67
0   6690.40979   1452.05543  -1774.12296   2.1557246  -1.1999088   7.1823221 2026 01 15 03 18 54.67
0   6731.98357   1427.67171  -1630.08618   2.0014821  -1.2383014   7.2208222 2026 01 15 03 19 14.67
0   6770.46209   1402.53013  -1485.31199   1.8462092  -1.2756911   7.2560609 2026 01 15 03 19 34.67
0   6805.82546   1376.65095  -1339.86579   1.6899784  -1.3120579   7.2880213 2026 01 15 03 19 54.67
0   6838.05526   1350.05484  -1193.81330   1.5328633  -1.3473825   7.3166879 2026 01 15 03 20 14.67
0   6867.13454   1322.76280  -1047.22054   1.3749375  -1.3816464   7.3420468 2026 01 15 03 20 34.67
0   6893.04784   1294.79625   -900.15378   1.2162755  -1.4148317   7.3640855 2026 01 15 03 20 54.67
0   6915.78117   1266.17692   -752.67954   1.0569519  -1.4469212   7.3827933 2026 01 15 03 21 14.67
0   6935.32205   1236.92690   -604.86453   0.8970419  -1.4778984   7.3981608 2026 01 15 03 21 34.67
0   6951.65951   1207.06859   -456.77564   0.7366209  -1.5077476   7.4101800 2026 01 15 03 21 54.67
0   6964.78408   1176.62470   -308.47990   0.5757647  -1.5364536   7.4188448 2026 01 15 03 22 14.67
0   6974.68783   1145.61824   -160.04445   0.4145494  -1.5640023   7.4241504 2026 01 15 03 22 34.67
0   6981.36432   1114.07250    -11.53651   0.2530514  -1.5903800   7.4260936 2026 01 15 03 22 54.67
0   6984.80868   1082.01101    136.97667   0.0913470  -1.6155739   7.4246728 2026 01 15 03 23 14.67
0   6985.01754   1049.45759    285.42779  -0.0704869  -1.6395720   7.4198878 2026 01 15 03 23 34.67
0   6981.98907   1016.43625    433.74959  -0.2323736  -1.6623630   7.4117403 2026 01 15 03 23 54.67
0   6975.72299    982.97125    581.87485  -0.3942363  -1.6839364   7.4002332 2026 01 15 03 24 14.67
0   6966.22055    949.08705    729.73641  -0.5559979  -1.7042823   7.3853710 2026 01 15 03 24 34.67
0   6953.48454    914.80827    877.26723  -0.7175816  -1.7233919   7.3671601 2026 01 15 03 24 54.67
0   6937.51928    880.15972   1024.40042  -0.8789104  -1.7412570   7.3456080 2026 01 15 03 25 14.67
0   6918.33064    845.16638   1171.06924  -1.0399075  -1.7578702   7.3207240 2026 01 15 03 25 34.67
0   6895.92602    809.85335   1317.20716  -1.2004963  -1.7732248   7.2925189 2026 01 15 03 25 54.67
0   6870.31435    774.24585   1462.74788  -1.3606002  -1.7873152   7.2610051 2026 01 15 03 26 14.67
0   6841.50609    738.36924   1607.62535  -1.5201428  -1.8001362   7.2261964 2026 01 15 03 26 34.67
0   6809.51323    702.24892   1751.77385  -1.6790479  -1.8116837   7.1881082 2026 01 15 03 26 54.67
0   6774.34928    665.91042   1895.12793  -1.8372398  -1.8219543   7.1467575 2026 01 15 03 27 14.67
0   6736.02925    629.37929   2037.62254  -1.9946429  -1.8309454   7.1021628 2026 01 15 03 27 34.67
0   6694.56968    592.68115   2179.19298  -2.1511819  -1.8386551   7.0543438 2026 01 15 03 27 54.67
0   6649.98858    555.84163   2319.77499  -2.3067821  -1.8450826   7.0033222 2026 01 15 03 28 14.67
0   6602.30549    518.88638   2459.30474  -2.4613692  -1.8502276   6.9491208 2026 01 15 03 28 34.67
0   6551.54141    481.84104   2597.71887  -2.6148690  -1.8540908   6.8917640 2026 01 15 03 28 54.67
0   6497.71881    444.73125   2734.95454  -2.7672084  -1.8566735   6.8312776 2026 01 15 03 29 14.67
0   6440.86163    407.58259   2870.94942  -2.9183143  -1.8579780   6.7676890 2026 01 15 03 29 34.67
0   6380.99526    370.42058   3005.64174  -3.0681145  -1.8580073   6.7010269 2026 01 15 03 29 54.67
0   6318.14654    333.27071   3138.97035  -3.2165373  -1.8567652   6.6313214 2026 01 15 03 30 14.67
0   6252.34372    296.15836   3270.87469  -3.3635116  -1.8542562   6.5586042 2026 01 15 03 30 34.67
0   6183.61648    259.10880   3401.29484  -3.5089671  -1.8504858   6.4829080 2026 01 15 03 30 54.67
0   6111.99590    222.14722   3530.17156  -3.6528342  -1.8454601   6.4042673 2026 01 15 03 31 14.67
0   6037.51442    185.29864   3657.44633  -3.7950440  -1.8391860   6.3227177 2026 01 15 03 31 34.67
0   5960.20588    148.58796   3783.06133  -3.9355283  -1.8316712   6.2382962 2026 01 15 03 31 54.67
0   5880.10546    112.03990   3906.95950  -4.0742199  -1.8229242   6.1510411 2026 01 15 03 32 14.67
0   5797.24968     75.67903   4029.08457  -4.2110524  -1.8129543   6.0609920 2026 01 15 03 32 34.67
0   5711.67638     39.52971   4149.38105  -4.3459603  -1.8017712   5.9681898 2026 01 15 03 32 54.67
0   5623.42470      3.61608   4267.79431  -4.4788789  -1.7893859   5.8726766 2026 01 15 03 33 14.67
0   5532.53506    -32.03791   4384.27055  -4.6097445  -1.7758096   5.7744958 2026 01 15 03 33 34.67
0   5439.04915    -67.40858   4498.75688  -4.7384946  -1.7610546   5.6736919 2026 01 15 03 33 54.67
0   5343.00990   -102.47246   4611.20127  -4.8650674  -1.7451338   5.5703108 2026 01 15 03 34 14.67
0   5244.46147   -137.20638   4721.55266  -4.9894023  -1.7280607   5.4643994 2026 01 15 03 34 34.67
0   5143.44920   -171.58744   4829.76092  -5.1114397  -1.7098495   5.3560057 2026 01 15 03 34 54.67
0   5040.01964   -205.59302   4935.77688  -5.2311212  -1.6905154   5.2451790 2026 01 15 03 35 14.67
0   4934.22048   -239.20082   5039.55240  -5.3483895  -1.6700739   5.1319696 2026 01 15 03 35 34.67
0   4826.10055   -272.38885   5141.04032  -5.4631883  -1.6485412   5.0164288 2026 01 15 03 35 54.67
0   4715.70979   -305.13546   5240.19455  -5.5754627  -1.6259345   4.8986091 2026 01 15 03 36 14.67
0   4603.09922   -337.41934   5336.97003  -5.6851588  -1.6022713   4.7785638 2026 01 15 03 36 34.67
0   4488.32095   -369.21954   5431.32280  -5.7922241  -1.5775698   4.6563475 2026 01 15 03 36 54.67
0   4371.42810   -400.51548   5523.20998  -5.8966073  -1.5518490   4.5320156 2026 01 15 03 37 14.67
0   4252.47482   -431.28698   5612.58984  -5.9982582  -1.5251282   4.4056244 2026 01 15 03 37 34.67
0   4131.51625   -461.51423   5699.42175  -6.0971283  -1.4974275   4.2772311 2026 01 15 03 37 54.67
0   4008.60848   -491.17783   5783.66625  -6.1931700  -1.4687675   4.1468940 2026 01 15 03 38 14.67
0   3883.80854   -520.25882   5865.28505  -6.2863372  -1.4391695   4.0146721 2026 01 15 03 38 34.67
0   3757.17436   -548.73865   5944.24107  -6.3765853  -1.4086553   3.8806253 2026 01 15 03 38 54.67
0   3628.76478   -576.59921   6020.49839  -6.4638709  -1.3772470   3.7448142 2026 01 15 03 39 14.67
0   3498.63946   -603.82286   6094.02235  -6.5481520  -1.3449676   3.6073002 2026 01 15 03 39 34.67
0   3366.85889   -630.39240   6164.77952  -6.6293882  -1.3118404   3.4681457 2026 01 15 03 39 54.67
0   3233.48438   -656.29111   6232.73771  -6.7075403  -1.2778892   3.3274136 2026 01 15 03 40 14.67
0   3098.57798   -681.50276   6297.86601  -6.7825708  -1.2431382   3.1851674 2026 01 15 03 40 34.67
0   2962.20248   -706.01159   6360.13477  -6.8544435  -1.2076124   3.0414715 2026 01 15 03 40 54.67
0   2824.42140   -729.80237   6419.51566  -6.9231237  -1.1713368   2.8963909 2026 01 15 03 41 14.67
0   2685.29892   -752.86035   6475.98162  -6.9885783  -1.1343372   2.7499911 2026 01 15 03 41 34.67
0   2544.89987   -775.17131   6529.50694  -7.0507756  -1.0966396   2.6023383 2026 01 15 03 41 54.67
0   2403.28970   -796.72156   6580.06723  -7.1096855  -1.0582706   2.4534991 2026 01 15 03 42 14.67
0   2260.53445   -817.49793   6627.63943  -7.1652795  -1.0192568   2.3035408 2026 01 15 03 42 34.67
0   2116.70070   -837.48781   6672.20183  -7.2175304  -0.9796257   2.1525312 2026 01 15 03 42 54.67
0   1971.85558   -856.67912   6713.73409  -7.2664130  -0.9394048   2.0005383 2026 01 15 03 43 14.67
0   1826.06670   -875.06033   6752.21723  -7.3119032  -0.8986219   1.8476309 2026 01 15 03 43 34.67
0   1679.40212   -892.62051   6787.63365  -7.3539789  -0.8573054   1.6938779 2026 01 15 03 43 54.67
0   1531.93035   -909.34925   6819.96713  -7.3926193  -0.8154837   1.5393488 2026 01 15 03 44 14.67
0   1383.72029   -925.23674   6849.20286  -7.4278055  -0.7731857   1.3841134 2026 01 15 03 44 34.67
0   1234.84120   -940.27375   6875.32739  -7.4595198  -0.7304405   1.2282417 2026 01 15 03 44 54.67
0   1085.36267   -954.45163   6898.32871  -7.4877466  -0.6872774   1.0718041 2026 01 15 03 45 14.67
0    935.35460   -967.76230   6918.19621  -7.5124716  -0.6437260   0.9148712 2026 01 15 03 45 34.67
0    784.88716   -980.19832   6934.92069  -7.5336823  -0.5998161   0.7575139 2026 01 15 03 45 54.67
0    634.03075   -991.75279   6948.49438  -7.5513677  -0.5555777   0.5998032 2026 01 15 03 46 14.67
0    482.85595  -1002.41946   6958.91092  -7.5655186  -0.5110408   0.4418104 2026 01 15 03 46 34.67
0    331.43355  -1012.19266   6966.16537  -7.5761275  -0.4662359   0.2836069 2026 01 15 03 46 54.67
0    179.83445  -1021.06733   6970.25425  -7.5831882  -0.4211934   0.1252641 2026 01 15 03 47 14.67
0     28.12965  -1029.03902   6971.17548  -7.5866967  -0.3759440  -0.0331464 2026 01 15 03 47 34.67
0   -123.60978  -1036.10391   6968.92842  -7.5866502  -0.3305182  -0.1915531 2026 01 15 03 47 54.67
0   -275.31271  -1042.25877   6963.51387  -7.5830478  -0.2849469  -0.3498842 2026 01 15 03 48 14.67
0   -426.90805  -1047.50101   6954.93405  -7.5758903  -0.2392609  -0.5080682 2026 01 15 03 48 34.67
0   -578.32470  -1051.82864   6943.19262  -7.5651801  -0.1934912  -0.6660336 2026 01 15 03 48 54.67
0   -729.49166  -1055.24029   6928.29468  -7.5509211  -0.1476687  -0.8237087 2026 01 15 03 49 14.67
0   -880.33800  -1057.73521   6910.24673  -7.5331192  -0.1018243  -0.9810222 2026 01 15 03 49 34.67
0  -1030.79293  -1059.31328   6889.05673  -7.5117817  -0.0559890  -1.1379029 2026 01 15 03 49 54.67
0  -1180.78584  -1059.97500   6864.73404  -7.4869178  -0.0101938  -1.2942796 2026 01 15 03 50 14.67
0  -1330.24630  -1059.72146   6837.28945  -7.4585381   0.0355305  -1.4500815 2026 01 15 03 50 34.67
0  -1479.10411  -1058.55441   6806.73517  -7.4266551   0.0811530  -1.6052378 2026 01 15 03 50 54.67
0  -1627.28935  -1056.47617   6773.08481  -7.3912829   0.1266430  -1.7596782 2026 01 15 03 51 14.67
0  -1774.73239  -1053.48971   6736.35338  -7.3524371   0.1719698  -1.9133325 2026 01 15 03 51 34.67
0  -1921.36393  -1049.59860   6696.55732  -7.3101352   0.2171029  -2.0661308 2026 01 15 03 51 54.67
0  -2067.11503  -1044.80701   6653.71443  -7.2643962   0.2620118  -2.2180037 2026 01 15 03 52 14.67
0  -2211.91715  -1039.11974   6607.84392  -7.2152406   0.3066663  -2.3688822 2026 01 15 03 52 34.67
0  -2355.70220  -1032.54217   6558.96635  -7.1626909   0.3510362  -2.5186975 2026 01 15 03 52 54.67
0  -2498.40251  -1025.08029   6507.10369  -7.1067709   0.3950917  -2.6673813 2026 01 15 03 53 14.67
0  -2639.95094  -1016.74069   6452.27922  -7.0475061   0.4388030  -2.8148660 2026 01 15 03 53 34.67
0  -2780.28086  -1007.53055   6394.51762  -6.9849237   0.4821407  -2.9610842 2026 01 15 03 53 54.67
0  -2919.32620   -997.45763   6333.84487  -6.9190524   0.5250755  -3.1059691 2026 01 15 03 54 14.67
0  -3057.02148   -986.53028   6270.28831  -6.8499225   0.5675784  -3.2494547 2026 01 15 03 54 34.67
0  -3193.30186   -974.75743   6203.87658  -6.7775660   0.6096207  -3.3914752 2026 01 15 03 54 54.67
0  -3328.10312   -962.14857   6134.63962  -6.7020161   0.6511740  -3.5319658 2026 01 15 03 55 14.67
0  -3461.36175   -948.71377   6062.60869  -6.6233080   0.6922101  -3.6708621 2026 01 15 03 55 34.67
0  -3593.01495   -934.46364   5987.81630  -6.5414782   0.7327013  -3.8081004 2026 01 15 03 55 54.67
0  -3723.00065   -919.40937   5910.29624  -6.4565648   0.7726202  -3.9436180 2026 01 15 03 56 14.67
0  -3851.25759   -903.56266   5830.08355  -6.3686072   0.8119397  -4.0773525 2026 01 15 03 56 34.67
0  -3977.72529   -886.93577   5747.21451  -6.2776466   0.8506330  -4.2092425 2026 01 15 03 56 54.67
0  -4102.34410   -869.54150   5661.72661  -6.1837254   0.8886739  -4.3392276 2026 01 15 03 57 14.67
0  -4225.05526   -851.39314   5573.65855  -6.0868877   0.9260366  -4.4672478 2026 01 15 03 57 34.67
0  -4345.80088   -832.50452   5483.05022  -5.9871788   0.9626955  -4.5932444 2026 01 15 03 57 54.67
0  -4464.52400   -812.88996   5389.94267  -5.8846456   0.9986257  -4.7171592 2026 01 15 03 58 14.67
0  -4581.16862   -792.56429   5294.37811  -5.7793362   1.0338026  -4.8389351 2026 01 15 03 58 34.67
0  -4695.67972   -771.54281   5196.39987  -5.6713004   1.0682021  -4.9585161 2026 01 15 03 58 54.67
0  -4808.00325   -749.84130   5096.05242  -5.5605889   1.1018007  -5.0758470 2026 01 15 03 59 14.67
0  -4918.08624   -727.47602   4993.38129  -5.4472542   1.1345753  -5.1908735 2026 01 15 03 59 34.67
0  -5025.87675   -704.46368   4888.43310  -5.3313498   1.1665034  -5.3035425 2026 01 15 03 59 54.67
0  -5131.32393   -680.82141   4781.25554  -5.2129305   1.1975630  -5.4138020 2026 01 15 04 00 14.67
0  -5234.37805   -656.56681   4671.89729  -5.0920525   1.2277326  -5.5216009 2026 01 15 04 00 34.67
0  -5334.99049   -631.71790   4560.40807  -4.9687732   1.2569913  -5.6268894 2026 01 15 04 00 54.67
0  -5433.11382   -606.29308   4446.83858  -4.8431510   1.2853189  -5.7296186 2026 01 15 04 01 14.67
0  -5528.70178   -580.31118   4331.24049  -4.7152458   1.3126957  -5.8297411 2026 01 15 04 01 34.67
0  -5621.70930   -553.79141   4213.66639  -4.5851184   1.3391024  -5.9272104 2026 01 15 04 01 54.67
0  -5712.09257   -526.75336   4094.16979  -4.4528308   1.3645208  -6.0219814 2026 01 15 04 02 14.67
0  -5799.80900   -499.21697   3972.80512  -4.3184461   1.3889328  -6.1140101 2026 01 15 04 02 34.67
0  -5884.81730   -471.20254   3849.62763  -4.1820285   1.4123214  -6.2032538 2026 01 15 04 02 54.67
0  -5967.07745   -442.73072   3724.69346  -4.0436432   1.4346700  -6.2896711 2026 01 15 04 03 14.67
0  -6046.55077   -413.82245   3598.05953  -3.9033563   1.4559626  -6.3732220 2026 01 15 04 03 34.67
0  -6123.19987   -384.49901   3469.78355  -3.7612349   1.4761842  -6.4538676 2026 01 15 04 03 54.67
0  -6196.98877   -354.78197   3339.92402  -3.6173472   1.4953201  -6.5315706 2026 01 15 04 04 14.67
0  -6267.88281   -324.69318   3208.54015  -3.4717620   1.5133567  -6.6062949 2026 01 15 04 04 34.67
0  -6335.84875   -294.25476   3075.69185  -3.3245492   1.5302808  -6.6780059 2026 01 15 04 04 54.67
0  -6400.85473   -263.48909   2941.43974  -3.1757795   1.5460799  -6.7466703 2026 01 15 04 05 14.67
0  -6462.87033   -232.41878   2805.84506  -3.0255242   1.5607426  -6.8122563 2026 01 15 04 05 34.67
0  -6521.86656   -201.06667   2668.96968  -2.8738556   1.5742577  -6.8747336 2026 01 15 04 05 54.67
0  -6577.81587   -169.45582   2530.87609  -2.7208465   1.5866152  -6.9340732 2026 01 15 04 06 14.67
0  -6630.69220   -137.60947   2391.62730  -2.5665705   1.5978057  -6.9902477 2026 01 15 04 06 34.67
0  -6680.47095   -105.55106   2251.28688  -2.4111017   1.6078204  -7.0432312 2026 01 15 04 06 54.67
0  -6727.12900    -73.30417   2109.91890  -2.2545151   1.6166515  -7.0929993 2026 01 15 04 07 14.67
0  -6770.64476    -40.89257   1967.58790  -2.0968859   1.6242918  -7.1395290 2026 01 15 04 07 34.67
0  -6810.99813     -8.34011   1824.35887  -1.9382901   1.6307349  -7.1827990 2026 01 15 04 07 54.67
0  -6848.17053     24.32918   1680.29719  -1.7788039   1.6359754  -7.2227894 2026 01 15 04 08 14.67
0  -6882.14494     57.09122   1535.46865  -1.6185042   1.6400082  -7.2594820 2026 01 15 04 08 34.67
0  -6912.90584     89.92180   1389.93938  -1.4574682   1.6428295  -7.2928601 2026 01 15 04 08 54.67
0  -6940.43929    122.79666   1243.77581  -1.2957733   1.6444360  -7.3229086 2026 01 15 04 09 14.67
0  -6964.73289    155.69148   1097.04469  -1.1334975   1.6448252  -7.3496139 2026 01 15 04 09 34.67
0  -6985.77581    188.58189    949.81299  -0.9707189   1.6439956  -7.3729640 2026 01 15 04 09 54.67
0  -7003.55876    221.44352    802.14793  -0.8075158   1.6419462  -7.3929486 2026 01 15 04 10 14.67
0  -7018.07405    254.25195    654.11691  -0.6439668   1.6386771  -7.4095590 2026 01 15 04 10 34.67
0  -7029.31554    286.98281    505.78749  -0.4801505   1.6341888  -7.4227879 2026 01 15 04 10 54.67
0  -7037.27868    319.61172    357.22735  -0.3161458   1.6284831  -7.4326299 2026 01 15 04 11 14.67
0  -7041.96049    352.11436    208.50428  -0.1520315   1.6215621  -7.4390810 2026 01 15 04 11 34.67
0  -7043.35956    384.46645     59.68612   0.0121135   1.6134291  -7.4421390 2026 01 15 04 11 54.67
0  -7041.47607    416.64378    -89.15925   0.1762104   1.6040879  -7.4418030 2026 01 15 04 12 14.67
0  -7036.31177    448.62225   -237.96397   0.3401804   1.5935432  -7.4380740 2026 01 15 04 12 34.67
0  -7027.86999    480.37782   -386.66019   0.5039448   1.5818006  -7.4309545 2026 01 15 04 12 54.67
0  -7016.15563    511.88662   -535.18014   0.6674251   1.5688663  -7.4204486 2026 01 15 04 13 14.67
0  -7001.17514    543.12486   -683.45616   0.8305430   1.5547473  -7.4065621 2026 01 15 04 13 34.67
0  -6982.93656    574.06894   -831.42068   0.9932204   1.5394514  -7.3893022 2026 01 15 04 13 54.67
0  -6961.44949    604.69540   -979.00635   1.1553794   1.5229873  -7.3686779 2026 01 15 04 14 14.67
0  -6936.72506    634.98097  -1126.14596   1.3169426   1.5053644  -7.3446997 2026 01 15 04 14 34.67
0  -6908.77596    664.90257  -1272.77257   1.4778328   1.4865926  -7.3173796 2026 01 15 04 14 54.67
0  -6877.61642    694.43733  -1418.81946   1.6379733   1.4666829  -7.2867314 2026 01 15 04 15 14.67
0  -6843.26221    723.56261  -1564.22022   1.7972877   1.4456469  -7.2527701 2026 01 15 04 15 34.67
0  -6805.73060    752.25601  -1708.90876   1.9557003   1.4234969  -7.2155125 2026 01 15 04 15 54.67
0  -6765.04038    780.49537  -1852.81933   2.1131357   1.4002459  -7.1749771 2026 01 15 04 16 14.67
0  -6721.21185    808.25881  -1995.88657   2.2695191   1.3759078  -7.1311834 2026 01 15 04 16 34.67
0  -6674.26679    835.52473  -2138.04553   2.4247764   1.3504971  -7.0841530 2026 01 15 04 16 54.67
0  -6624.22845    862.27184  -2279.23169   2.5788341   1.3240288  -7.0339086 2026 01 15 04 17 14.67
0  -6571.12157    888.47913  -2419.38102   2.7316193   1.2965190  -6.9804745 2026 01 15 04 17 34.67
0  -6514.97231    914.12595  -2558.42999   2.8830598   1.2679841  -6.9238765 2026 01 15 04 17 54.67
0  -6455.80829    939.19195  -2696.31557   3.0330842   1.2384414  -6.8641419 2026 01 15 04 18 14.67
0  -6393.65853    963.65717  -2832.97534   3.1816219   1.2079088  -6.8012993 2026 01 15 04 18 34.67
0  -6328.55347    987.50199  -2968.34741   3.3286031   1.1764047  -6.7353788 2026 01 15 04 18 54.67
0  -6260.52493   1010.70717  -3102.37056   3.4739587   1.1439484  -6.6664119 2026 01 15 04 19 14.67
0  -6189.60610   1033.25386  -3234.98418   3.6176207   1.1105596  -6.5944314 2026 01 15 04 19 34.67
0  -6115.83153   1055.12362  -3366.12833   3.7595219   1.0762588  -6.5194717 2026 01 15 04 19 54.67
0  -6039.23711   1076.29841  -3495.74380   3.8995959   1.0410668  -6.4415683 2026 01 15 04 20 14.67
0  -5959.86002   1096.76063  -3623.77206   4.0377776   1.0050053  -6.3607580 2026 01 15 04 20 34.67
0  -5877.73876   1116.49310  -3750.15537   4.1740027   0.9680964  -6.2770790 2026 01 15 04 20 54.67
0  -5792.91309   1135.47911  -3874.83674   4.3082078   0.9303628  -6.1905709 2026 01 15 04 21 14.67
0  -5705.42404   1153.70239  -3997.76000   4.4403310   0.8918277  -6.1012743 2026 01 15 04 21 34.67
0  -5615.31386   1171.14715  -4118.86979   4.5703109   0.8525148  -6.0092312 2026 01 15 04 21 54.67
0  -5522.62602   1187.79807  -4238.11161   4.6980878   0.8124484  -5.9144848 2026 01 15 04 22 14.67
0  -5427.40516   1203.64034  -4355.43185   4.8236027   0.7716533  -5.8170793 2026 01 15 04 22 34.67
0  -5329.69711   1218.65962  -4470.77776   4.9467980   0.7301547  -5.7170603 2026 01 15 04 22 54.67
0  -5229.54882   1232.84211  -4584.09755   5.0676172   0.6879783  -5.6144744 2026 01 15 04 23 14.67
0  -5127.00837   1246.17450  -4695.34036   5.1860052   0.6451503  -5.5093693 2026 01 15 04 23 34.67
0  -5022.12492   1258.64404  -4804.45628   5.3019078   0.6016971  -5.4017939 2026 01 15 04 23 54.67
0  -4914.94871   1270.23849  -4911.39641   5.4152723   0.5576459  -5.2917981 2026 01 15 04 24 14.67
0  -4805.53102   1280.94615  -5016.11285   5.5260473   0.5130239  -5.1794327 2026 01 15 04 24 34.67
0  -4693.92414   1290.75590  -5118.55872   5.6341827   0.4678590  -5.0647496 2026 01 15 04 24 54.67
