0 ZY 1
1 38038U 11079A   26073.68464373  .00000658  00000-0  23118-3 0  9996
2 38038  98.4164 142.9392 0005529 222.6982 299.6086 14.38129965745620
0 SOAP
1 63263U 25052BF  26073.68297315  .00003681  00000-0  33096-3 0  9995
2 63263  97.6973 327.6133 0001315 334.1520  25.9635 14.96270261 54553
0 WEINA 1B
1 43279U 18034E   26073.68061552  .00000138  00000-0  31147-3 0  9993
2 43279  63.3988 334.9967 0266806   7.5538 352.9385 13.45364915389490
0 IMECE
1 56178U 23054A   26073.68054315  .00000470  00000-0  94927-4 0  9997
2 56178  98.1298 339.5149 0010851 105.3324 254.9079 14.65839571156561
0 PLEIADES 1
1 38012U 11076F   26073.67998799  .00000510  00000-0  11964-3 0  9991
2 38012  98.2035 150.0303 0001713  85.7617  75.4847 14.58545201758214
0 CHUANG XIN 20B (CX-20B)
1 58426U 23181B   26073.67984370 -.00000047  00000-0  14566-3 0  9999
2 58426  49.9596 313.3357 0011726 345.3655  14.6881 13.41480846113059
0 BRO-9
1 56185U 23054H   26073.67961809  .00056885  00000-0  53521-3 0  9994
2 56185  97.3055 346.7397 0004298  55.2874 304.8791 15.66938995164171
0 COSMOS 2499
1 39765U 14028E   26073.67911297  .00000020  00000-0  36092-4 0  9991
2 39765  82.4511 316.2178 0230727 223.3744 134.9001 12.82900909552906
0 GHGSAT-C7
1 56209U 23054AH  26073.67847674  .00016020  00000-0  30995-3 0  9991
2 56209  97.3076 340.9639 0008944  33.1897 326.9913 15.47783803163768
0 GHGSAT-C8
1 56186U 23054J   26073.67799022  .00020730  00000-0  36932-3 0  9998
2 56186  97.3084 341.4437 0007142  61.6147 298.5824 15.50112593163789
0 CHUANG XIN 20C (CX-20C)
1 58427U 23181C   26073.67670873 -.00000054  00000-0  13278-3 0  9997
2 58427  49.9596 313.3205 0011708 332.9029  27.1236 13.41475253113069
0 COSMOS 2575
1 58929U 24026A   26073.67590333  .00041421  00000-0  27419-3 0  9999
2 58929  96.6337 321.9660 0001661  83.0593 277.0863 15.75438978120753
0 TBA - TO BE ASSIGNED
1 87245U          26073.67429141 +.00004574 +00000+0 +95418-3 0  9997
2 87245  65.6395 161.7549 0425113  75.0290  69.6107 14.16783383627226
0 YAOGAN-31 C
1 43277U 18034C   26073.67393943  .00000236  00000-0  44337-3 0  9996
2 43277  63.3992 333.8146 0267152   6.8367 353.6188 13.45434611389521
0 COSMOS 1229
1 12108U 80102B   26073.67242404 -.00000017  00000-0 -47035-5 0  9994
2 12108  73.9949 159.2882 0032592 254.4778 274.3057 12.56121607 73546
0 YAOGAN-31 B
1 43276U 18034B   26073.67235637  .00000209  00000-0  40663-3 0  9998
2 43276  63.3983 334.4677 0267195   7.0961 353.3730 13.45450357389509
0 CHUANG XIN 20A (CX-20A)
1 58425U 23181A   26073.67233212 -.00000080  00000-0  86687-4 0  9991
2 58425  49.9597 313.3078 0013642 341.7547  18.2839 13.41487757113060
0 YAOGAN-31 A
1 43275U 18034A   26073.67145975  .00000222  00000-0  42520-3 0  9991
2 43275  63.3981 334.4673 0267182   7.1387 353.3325 13.45454411389382
0 TBA - TO BE ASSIGNED
1 81865U          26073.67125245 +.00001194 +00000+0 +96982-3 0  9999
2 81865  82.8055 317.7016 0062660 101.6408 289.8018 13.88288082621309
0 COSMOS 1823 DEB
1 18754U 87020AF  26073.67090072  .00000108  00000-0  67590-3 0  9990
2 18754  73.6332 154.0884 0074150  29.0803 124.7450 12.64612682762949
0 THORAD DELTA 1 DEB
1 08564U 74089DB  26073.67073075  .00000741  00000-0  39810-2 0  9999
2 08564 101.2484 335.0070 0042276 204.9659 183.8630 12.69253002361750
0 DELTA 1 R/B
1 02661U 67006B   26073.67070446 -.00000033  00000-0  76256-4 0  9993
2 02661 101.9287 150.1327 0064750 240.6656 276.2144 12.68022798736170
0 COSMOS 991
1 10692U 78022A   26073.67063780  .00000068  00000-0  53569-4 0  9998
2 10692  82.9894 316.4427 0036066 191.1780 197.3795 13.76563193412377
0 THORAD AGENA D R/B
1 04367U 70025C   26073.67051065  .00000001  00000-0  72418-4 0  9999
2 04367  99.9818 157.2726 0034961 272.3888 255.5237 13.51520536770157
0 NINGXIA-1 10
1 49022U 21064E   26073.67037313  .00000263  00000-0  22833-3 0  9990
2 49022  45.0003 293.4604 0007586 170.8818 189.2158 14.08539866240907
0 CZ-4 DEB
1 26227U 99057DR  26073.67033745  .00002263  00000-0  50749-3 0  9993
2 26227  98.4812 132.9856 0069776  21.1697 131.8512 14.56120112369752
0 COSMOS 2251 DEB
1 34671U 93036XR  26073.67019289  .00009741  00000-0  16708-2 0  9997
2 34671  74.0274 316.5608 0009498  11.2939  20.0242 14.68800930896463
0 TRITON 1
1 39427U 13066M   26073.67015506  .00002804  00000-0  34228-3 0  9995
2 39427  97.8289 345.6452 0090507 181.4252 178.6717 14.81227409660099
0 COSMOS 1823 DEB
1 18756U 87020AH  26073.67005043  .00000106  00000-0  87559-3 0  9991
2 18756  73.6318 152.1507 0031455 275.0483 239.3099 12.44164714734604
0 DELTA 1 DEB
1 21275U 75052L   26073.66996716  .00000069  00000-0  17364-3 0  9993
2 21275  99.8799 341.8876 0034433  52.6667 337.2767 13.51887907719502
0 DELTA 1 DEB
1 12534U 76077DP  26073.66996543  .00000176  00000-0  17016-2 0  9999
2 12534 102.0143 143.1956 0062147 245.9126 283.8006 12.37160483157562
0 STARLINK-1726
1 46362U 20062AP  26073.66990410  .01023606  54991-3  16768-2 0  9993
2 46362  53.0321 234.4739 0006194 274.2542  85.7780 16.02705832306744
0 SL-8 DEB
1 21171U 91009AJ  26073.66982516 -.00000030  00000-0 -14804-3 0  9997
2 21171  73.9529 160.6915 0193201 102.3225  47.7660 12.21757415562084
0 NUSAT-37 (JOAN CLARKE)
1 56203U 23054AB  26073.66961553  .00052168  00000-0  93567-3 0  9994
2 56203  97.2749 339.4747 0004803 264.1491  95.9213 15.49748380163979
0 TBA - TO BE ASSIGNED
1 82223U          26073.66959297 +.00002706 +00000+0 +14604-2 0  9999
2 82223  99.3162 328.2110 0068937  87.2132 273.6926 14.12366127461764
0 COSMOS 970 DEB
1 10570U 77121M   26073.66945464  .00002905  00000-0  26071-2 0  9997
2 10570  65.3620 317.6427 0009192 318.0133  71.2478 13.85742843394670
0 THORAD AGENA D DEB
1 04715U 70025BZ  26073.66936490  .00000211  00000-0  23326-3 0  9995
2 04715  99.1305 137.4929 0034639   4.3930 147.0531 13.82484177800379
0 COSMOS 1275 DEB
1 12696U 81053AQ  26073.66927713  .00000596  00000-0  80911-3 0  9992
2 12696  83.0759 333.6624 0147952 111.5546 277.3570 13.53249193194887
0 FENGYUN 1C DEB
1 30849U 99025AWK 26073.66925433  .00003004  00000-0  14300-2 0  9992
2 30849  99.0368 140.5378 0050605 105.9474  45.2388 14.19452305976764
0 COSMOS 2251 DEB
1 34346U 93036PU  26073.66922090  .00001449  00000-0  82849-3 0  9995
2 34346  73.9943 152.6790 0209614 310.2331 203.0676 14.00047438866962
0 COSMOS 507
1 06120U 72057D   26073.66908016 -.00000008  00000-0  49496-4 0  9999
2 06120  74.0311 334.0260 0053637  29.0609 354.9904 12.52654685453128
0 OBJECT B
1 62186U 24226B   26073.66896365 -.00000038  00000-0  16102-3 0  9991
2 62186  50.0049 315.1103 0011886 145.4887 214.6764 13.41490279 63029
0 SSOT
1 38011U 11076E   26073.66870012  .00001053  00000-0  13826-3 0  9998
2 38011  97.8181 136.2878 0001664  89.1503  71.9837 14.82286489770378
0 GLOBALSTAR M066
1 32265U 07048C   26073.66860194 -.00000088  00000-0  54965-4 0  9995
2 32265  51.9613 329.2514 0004299 196.2857 179.6616 12.30386792848594
0 STARLINK-34255
1 65417U 25192P   26073.66834670  .00035929  00000-0  12183-2 0  9995
2 65417  53.1564 209.4231 0001061  92.8582 267.2541 15.30228060 30144
0 COSMOS 533
1 06268U 72087F   26073.66827428 -.00000001  00000-0  76349-4 0  9992
2 06268  74.0383 332.6834 0096859  59.5094 325.2689 12.67610983469329
0 GAOFEN 12 (03)
1 52912U 22069A   26073.66826330  .00001276  00000-0  17591-3 0  9992
2 52912  97.8403 323.8693 0002366  86.3434 273.8049 14.79865579200636
0 DELTA 1 DEB
1 21326U 75052AU  26073.66802464  .00000128  00000-0  30583-3 0  9990
2 21326  99.8389 324.4930 0030165 284.5502 101.7933 13.41825679703301
0 COSMOS 2251 DEB
1 33922U 93036EB  26073.66795123  .00001579  00000-0  41469-3 0  9996
2 33922  74.0492 335.3448 0021155  62.8936 319.8178 14.49876525899100
0 COSMOS 1275 DEB
1 12695U 81053AP  26073.66773132  .00001004  00000-0  10036-2 0  9990
2 12695  83.0130 331.0636 0106878 299.0068  87.3965 13.74514597216098
0 COSMOS 1275 DEB
1 12675U 81053AF  26073.66751784  .00000670  00000-0  61182-3 0  9994
2 12675  82.9390 333.0600 0062860 190.0111 197.1057 13.80898697235508
0 SL-16 DEB
1 16391U 85097E   26073.66737262  .00000068  00000-0  99161-4 0  9990
2 16391  70.9957 320.5543 0190019 335.0354  54.1031 13.77192034 28803
0 FENGYUN 1C DEB
1 30928U 99025AZS 26073.66727040  .00000918  00000-0  13151-2 0  9998
2 30928  98.8740 154.4818 0455936 167.6940 353.1854 13.22466196915639
0 COSMOS 878
1 09595U 76118H   26073.66699647 -.00000006  00000-0  62776-4 0  9991
2 09595  74.0305 142.8586 0007676 289.0086 239.2390 12.48945181246173
0 COSMOS 2251 DEB
1 33757U 93036E   26073.66696640  .00000090  00000-0  42536-4 0  9990
2 33757  74.0375 155.7949 0014224 155.3327   6.4849 14.32607754893125
0 KUIPER-00121
1 65950U 25228D   26073.66691576  .00005641  00000-0  76812-3 0  9991
2 65950  51.9016 331.0849 0000818 118.7398 241.3646 14.79942854 24073
0 ONEWEB-0490
1 54113U 22138A   26073.66685864  .00000003  00000-0 -24732-4 0  9993
2 54113  87.9229 323.7989 0001787  85.4967 274.6369 13.19724656164367
0 SL-14 DEB
1 25225U 87068BC  26073.66677553  .00014008  00000-0  42851-2 0  9993
2 25225  82.4931 147.5991 0052368 157.4384 355.7403 14.40923258430986
0 STARLINK-5369
1 54837U 22177T   26073.66668981  .00047629  00000-0  32574-2 0  9995
2 54837  43.0006 106.0744 0001470 297.2469 164.8441 15.05411256  5840
0 STARLINK-5384
1 54836U 22177S   26073.66668981  .00143326  00000-0  43725-2 0  9995
2 54836  43.0005 101.8872 0001453 284.3298 150.1299 15.32667484  5846
0 STARLINK-5389
1 54835U 22177R   26073.66668981  .00047963  00000-0  31337-2 0  9990
2 54835  42.9997 106.1122 0001840 291.1973 154.7215 15.07101748  5649
0 STARLINK-5395
1 54831U 22177M   26073.66668981  .00072167  00000-0  49619-2 0  9992
2 54831  43.0001 106.3722 0002217 247.8478  86.1837 15.05026488  5786
0 STARLINK-5107
1 54826U 22177G   26073.66668981  .00071960  00000-0  49232-2 0  9997
2 54826  43.0010 106.3439 0002171 253.3591  93.5014 15.05213532  5734
0 STARLINK-4643
1 54824U 22177E   26073.66668981  .00858924  00000-0  54160-1 0  9993
2 54824  43.0007 106.4506 0001385 278.4461  27.0507 15.05724828  5839
0 STARLINK-5106
1 54823U 22177D   26073.66668981  .01357072  00000-0  82840-1 0  9997
2 54823  43.0008 106.4771 0001933 255.9895  38.1690 15.06531623  5839
0 STARLINK-5101
1 54822U 22177C   26073.66668981  .00070743  00000-0  44013-2 0  9993
2 54822  43.0003 106.2089 0001697 290.8386 116.3381 15.08728593  5789
0 STARLINK-5382
1 54820U 22177A   26073.66668981  .00040318  00000-0  23612-2 0  9998
2 54820  43.0004 106.2617 0001744 270.6370 113.6260 15.11165248  5835
0 STARLINK-5228
1 54180U 22141Z   26073.66668981  .01809795  00000-0  58405-1 0  9998
2 54180  53.2171 340.3054 0001161  71.8324 159.2625 15.28663623  5818
0 STARLINK-4578
1 53965U 22125B   26073.66668981  .00988295  00000-0  71670-2 0  9992
2 53965  53.2177 192.8315 0002354  23.3476 221.4220 15.70383754  5868
0 STARLINK-5000
1 53935U 22119BB  26073.66668981  .00052158  00000-0  29350-2 0  9990
2 53935  53.2167 266.6092 0001632  96.2723 107.7135 15.12769852  5851
0 STARLINK-5024
1 53901U 22119R   26073.66668981  .00299891  44624-4  92891-3 0  9995
2 53901  53.1993 217.4513 0006027 336.5131 248.5697 15.91192487  6071
0 STARLINK-5034
1 53888U 22119C   26073.66668981  .01146155  00000-0  58831-1 0  9994
2 53888  53.2168 301.8907 0001220  85.9719 300.3765 15.13115980  5857
0 STARLINK-4679
1 53782U 22111K   26073.66668981  .00052919  00000-0  30875-2 0  9991
2 53782  53.2167 251.8383 0001616  49.4786  59.9902 15.11461133  5806
0 STARLINK-4570
1 53690U 22105AU  26073.66668981  .00052019  00000-0  36979-2 0  9994
2 53690  97.6032 315.0390 0001098  87.6428 250.4494 15.04468665  5723
0 STARLINK-4625
1 53683U 22105AM  26073.66668981  .00532766  00000-0  37094-1 0  9996
2 53683  97.6027 315.0796 0002077  82.3642 295.4792 15.03058499  5838
0 STARLINK-4424
1 53681U 22105AK  26073.66668981  .00034832  00000-0  25619-2 0  9996
2 53681  97.6022 315.0889 0001594  95.6263 316.8720 15.03296759  5688
0 STARLINK-4406
1 53667U 22105V   26073.66668981  .00057943  00000-0  37530-2 0  9993
2 53667  97.6032 316.2096 0001552  89.1175 322.9053 15.07897799  5840
0 STARLINK-4469
1 53657U 22105K   26073.66668981  .00689150  19582-3  20477-2 0  9993
2 53657  97.6257 339.9513 0002046 111.1515  52.0850 15.92490825  6061
0 STARLINK-4390
1 53653U 22105F   26073.66668981  .00035473  00000-0  26441-2 0  9991
2 53653  97.6014 315.0268 0002596  96.2382 335.6344 15.02786977  5834
0 STARLINK-4622
1 53648U 22105A   26073.66668981  .00531866  00000-0  37105-1 0  9990
2 53648  97.6028 315.0760 0001696  95.9451  32.7455 15.02986452  5820
0 STARLINK-4693
1 53605U 22104T   26073.66668981  .00070474  00000-0  39711-2 0  9991
2 53605  53.2167 221.5161 0001675  89.4492 137.4487 15.12576289  5856
0 STARLINK-4681
1 53594U 22104G   26073.66668981  .00052879  00000-0  30345-2 0  9991
2 53594  53.2163 221.7179 0001947  78.6572  44.9367 15.12059216  5856
0 STARLINK-4446
1 53505U 22099AS  26073.66668981  .00700827  00000-0  14748-1 0  9997
2 53505  97.6034 196.8817 0001524  85.9878 157.2931 15.42971070  5881
0 STARLINK-4461
1 53503U 22099AQ  26073.66668981  .00615088  16005-3  15742-2 0  9990
2 53503  97.6309 221.6704 0000794  83.4367 115.1528 15.95327001  6063
0 STARLINK-4435
1 53502U 22099AP  26073.66668981  .00114969  00000-0  74131-2 0  9993
2 53502  97.6039 196.1178 0001826 102.8683 125.2458 15.07749566  5832
0 STARLINK-4434
1 53501U 22099AN  26073.66668981  .00107474  00000-0  77516-2 0  9995
2 53501  97.6028 195.0981 0002166  94.3066 260.5777 15.03604811  5776
0 STARLINK-4465
1 53496U 22099AH  26073.66668981  .00311112  38232-4  99236-3 0  9990
2 53496  97.6371 221.0059 0001720  34.3681 207.7014 15.91092277  6051
0 STARLINK-4361
1 53493U 22099AE  26073.66668981  .00760787  25467-3  18683-2 0  9994
2 53493  97.6443 214.2093 0001926 128.2231 188.8713 15.96115045  6051
0 STARLINK-4451
1 53492U 22099AD  26073.66668981  .00077600  00000-0  54503-2 0  9992
2 53492  97.6041 195.1067 0001855  84.8045 191.7994 15.04771171  5828
0 STARLINK-4431
1 53486U 22099X   26073.66668981  .00103839  00000-0  75016-2 0  9991
2 53486  97.6037 195.0798 0002305 102.0356  93.0205 15.03563564  5772
0 STARLINK-4378
1 53476U 22099M   26073.66668981  .00082248  00000-0  57701-2 0  9991
2 53476  97.6024 195.0990 0001378  91.2633  48.4698 15.04787865  5826
0 STARLINK-4398
1 53466U 22099B   26073.66668981  .00114841  00000-0  81751-2 0  9997
2 53466  97.6024 195.0925 0002542  77.7999 336.1504 15.04057555  5785
0 STARLINK-4498
1 53434U 22097AY  26073.66668981  .00044469  00000-0  24748-2 0  9991
2 53434  53.2169  81.4429 0001932  87.0377 138.5591 15.13239852  5851
0 STARLINK-4057
1 53269U 22086AD  26073.66668981  .01336240  95657-3  26766-2 0  9994
2 53269  53.2155 148.3825 0002051  10.7040 234.7750 15.99372238  5933
0 STARLINK-4365
1 53228U 22084AR  26073.66668981  .00051282  00000-0  36353-2 0  9994
2 53228  97.6045 135.0808 0000993 106.0819 309.9145 15.04578780  5689
0 STARLINK-4423
1 53209U 22084W   26073.66668981  .00011792  00000-0  83825-3 0  9992
2 53209  97.6028 135.0852 0001355  86.7499 205.8155 15.04829450  5823
0 STARLINK-4385
1 53198U 22084K   26073.66668981  .00051000  00000-0  36907-2 0  9993
2 53198  97.6030 135.0895 0002320  78.4801  88.4302 15.03802089  5779
0 STARLINK-4407
1 53196U 22084H   26073.66668981  .00707606  21704-3  17621-2 0  9990
2 53196  97.6117 160.7548 0003703 309.8143  15.8576 15.95837737  6068
0 STARLINK-4404
1 53195U 22084G   26073.66668981  .00687494  20143-3  17991-2 0  9997
2 53195  97.6103 160.2271 0000585  48.5704  86.9262 15.94919019  6069
0 STARLINK-4038
1 53150U 22083U   26073.66668981  .00488812  11389-3  95945-3 0  9998
2 53150  53.2004  94.6411 0010623  29.9542 118.0700 15.99472875  6075
0 STARLINK-4318
1 53086U 22077AV  26073.66668981 -.00039397  00000-0 -28007-2 0  9990
2 53086  97.6029 255.1070 0001875  77.8688  53.1846 15.04848373  5827
0 STARLINK-4348
1 53075U 22077AJ  26073.66668981 -.00043041  00000-0 -30612-2 0  9994
2 53075  97.6031 255.0876 0001555  82.3638 339.6044 15.04854950  5787
0 STARLINK-4349
1 53044U 22077B   26073.66668981  .00166590  00000-0  71707-3 0  9994
2 53044  97.5997 264.3274 0001949 254.0986 338.9658 15.84572262  6032
0 STARLINK-3952
1 52534U 22051B   26073.66668981  .01245458  00000-0  15437-1 0  9997
2 52534  53.2169 101.9320 0001294  75.5426 169.2464 15.56916801  5850
0 STARLINK-3870
1 52451U 22049A   26073.66668981  .00297924  00000-0  16521-1 0  9991
2 52451  53.2177  46.7357 0001397  88.2571 220.7026 15.11885016  5805
0 STARLINK-3696
1 51965U 22025K   26073.66668981  .00124553  00000-0  65797-2 0  9991
2 51965  53.0868  13.3093 0001751 109.5060 149.6217 15.14541438  5845
0 STARLINK-3691
1 51960U 22025E   26073.66668981  .00888043  00000-0  40140-1 0  9991
2 51960  53.1039  13.1007 0001128  89.1255 266.9694 15.17887966  5845
0 STARLINK-3704
1 51959U 22025D   26073.66668981  .01744118  00000-0  80328-1 0  9996
2 51959  53.0994  13.2885 0001592  96.3096 113.8343 15.16671576  5809
0 STARLINK-3694
1 51957U 22025B   26073.66668981  .00955287  00000-0  42840-1 0  9991
2 51957  53.1042  13.1421 0000849  92.4516 233.2987 15.17958291  5742
0 STARLINK-3603
1 51816U 22017BA  26073.66668981  .00485511  00000-0  24748-2 0  9992
2 51816  53.2164 285.0663 0000725 131.9639 157.0285 15.79527905  5991
0 STARLINK-3633
1 51793U 22017AB  26073.66668981  .00286104  00000-0  60395-2 0  9991
2 51793  53.2192 320.1615 0001552  50.6388  32.1139 15.43618543  5699
0 STARLINK-3325
1 50843U 22001AS  26073.66668981  .00445206  00000-0  67836-2 0  9996
2 50843  53.2176 148.2791 0001136  67.2093 338.9162 15.52388338  5717
0 IXPE
1 49954U 21121A   26073.66668981  .00014511  00000-0  82652-3 0  9994
2 49954   0.2303 312.2369 0007266  85.3852 218.3044 15.09286628  5036
0 STARLINK-3149
1 49423U 21104R   26073.66668981  .01270105  76044-3  36791-2 0  9996
2 49423  53.2148 194.5508 0000676  62.1372 133.6315 15.92541166  5770
0 STARLINK-3151
1 49408U 21104A   26073.66668981  .00188845  00000-0  50665-2 0  9999
2 49408  53.2166 204.4448 0001097  70.1289 353.2953 15.36749882  5851
0 STARLINK-3096
1 49131U 21082B   26073.66668981  .00161076  00000-0  42103-2 0  9992
2 49131  69.9997 239.8053 0003346 275.3546 357.8232 15.37995598  5766
0 STARLINK-2727
1 48652U 21044Q   26073.66668981  .00990481  00000-0  20255-1 0  9990
2 48652  53.0524  89.1164 0001402  73.6144 139.0956 15.43270294  5901
0 STARLINK-2238
1 48584U 21041AH  26073.66668981  .01852114  00000-0  69378-1 0  9991
2 48584  53.0530 118.3592 0001432  74.5771 150.3162 15.23613760  5699
0 STARLINK-2187
1 48562U 21041K   26073.66668981  .01629693  00000-0  42259-1 0  9990
2 48562  53.1605 103.5081 0001589  69.8192 271.6974 15.35521139  5919
0 STARLINK-2151
1 48556U 21041D   26073.66668981  .01790368  00000-0  78568-1 0  9993
2 48556  53.1054 119.0070 0001609  74.2827   6.1286 15.18281466  5798
0 STARLINK-2697
1 48474U 21040AY  26073.66668981  .00070357  00000-0  24309-2 0  9994
2 48474  53.1571 167.8889 0001159  92.8213 287.7229 15.29310315  5843
0 STARLINK-2658
1 48473U 21040AX  26073.66668981  .00068251  00000-0  23592-2 0  9996
2 48473  53.1552 167.8884 0001163  86.6859 114.3949 15.29309498  5842
0 STARLINK-2684
1 48471U 21040AV  26073.66668981  .00070173  00000-0  24244-2 0  9995
2 48471  53.1567 167.8470 0001060  73.1676 250.9652 15.29312830  5696
0 STARLINK-2661
1 48469U 21040AT  26073.66668981  .00066589  00000-0  22992-2 0  9996
2 48469  53.1551 167.9255 0001088  68.2237 152.6101 15.29356761  5841
0 STARLINK-2685
1 48468U 21040AS  26073.66668981  .00065383  00000-0  22609-2 0  9991
2 48468  53.1553 168.1442 0001552  76.2767 104.1081 15.29317130  5796
0 STARLINK-2659
1 48467U 21040AR  26073.66668981  .00067931  00000-0  22865-2 0  9995
2 48467  53.1589 167.8929 0001528  99.4163 119.3449 15.30175425  5843
0 STARLINK-2687
1 48466U 21040AQ  26073.66668981  .00066975  00000-0  23135-2 0  9992
2 48466  53.1565 167.9764 0000801  93.0898 219.6184 15.29340638  5794
0 STARLINK-2681
1 48465U 21040AP  26073.66668981  .00062849  00000-0  21175-2 0  9999
2 48465  53.1429 168.1355 0001446  68.8715  74.2535 15.30179965  5694
0 STARLINK-2642
1 48437U 21040K   26073.66668981  .00067476  00000-0  23321-2 0  9994
2 48437  53.1561 167.8492 0001335  83.5202  58.6005 15.29319846  5791
0 STARLINK-2699
1 48433U 21040F   26073.66668981  .01809899  00000-0  70138-1 0  9991
2 48433  53.1241 129.0766 0001148  75.5711 325.2539 15.22535897  5798
0 STARLINK-2700
1 48431U 21040D   26073.66668981  .01840203  00000-0  76337-1 0  9990
2 48431  53.1141 128.9210 0000897  71.3299 226.5607 15.20141904  5791
0 STARLINK-2563
1 48410U 21038BK  26073.66668981 -.00003455  00000-0 -10744-3 0  9997
2 48410  53.1549 273.0242 0001264  91.9174 295.9907 15.29362618  5852
0 STARLINK-2504
1 48328U 21036BE  26073.66668981 -.00006227  00000-0 -19838-3 0  9996
2 48328  53.1585  77.8781 0001568  81.0073 339.6124 15.30184895  5851
0 STARLINK-2498
1 48326U 21036BC  26073.66668981 -.00007914  00000-0 -26211-3 0  9991
2 48326  53.1559  77.9550 0001903  84.5757 254.1467 15.29365435  5844
0 STARLINK-2495
1 48325U 21036BB  26073.66668981 -.00007039  00000-0 -22569-3 0  9990
2 48325  53.1594  77.8958 0001679  82.2941 268.6018 15.30204589  5849
0 STARLINK-2515
1 48323U 21036AZ  26073.66668981 -.00009031  00000-0 -29290-3 0  9990
2 48323  53.1599  77.8867 0001208  81.3605 234.6645 15.30228949  5795
0 STARLINK-2457
1 48321U 21036AX  26073.66668981 -.00010098  00000-0 -32914-3 0  9990
2 48321  53.1593  77.8924 0001116  68.0616 207.3441 15.30212638  5747
0 STARLINK-2029
1 48320U 21036AW  26073.66668981  .00064213  00000-0  22218-2 0  9990
2 48320  53.1533  78.2609 0001752  97.0736 313.7695 15.29305393  5793
0 STARLINK-2512
1 48319U 21036AV  26073.66668981 -.00016034  00000-0 -53019-3 0  9992
2 48319  53.1589  77.8795 0001117  78.4253 162.1663 15.30212732  5747
0 STARLINK-2509
1 48318U 21036AU  26073.66668981  .01351645  00000-0  47409-1 0  9994
2 48318  53.1420  78.3729 0001403  76.8854 232.1721 15.26286561  5794
0 STARLINK-2536
1 48310U 21036AL  26073.66668981 -.00003955  00000-0 -12478-3 0  9995
2 48310  53.1596  67.9071 0000987  80.3732 302.1538 15.29360670  5842
0 STARLINK-2503
1 48151U 21027BM  26073.66668981  .01048803  00000-0  48047-1 0  9997
2 48151  53.1012 128.9623 0001873  72.3973  57.5198 15.17409352  5797
0 STARLINK-2493
1 48150U 21027BL  26073.66668981  .00880256  00000-0  36916-1 0  9993
2 48150  53.1151 128.8787 0001276  77.5761 118.6198 15.20512747  5795
0 STARLINK-2492
1 48149U 21027BK  26073.66668981  .01848281  00000-0  75878-1 0  9994
2 48149  53.1157 128.9081 0001498  85.4245 113.9444 15.20489246  5797
0 STARLINK-2488
1 48145U 21027BF  26073.66668981  .00602560  17029-3  12088-2 0  9994
2 48145  53.0351  82.4882 0004072  92.6018 301.7365 15.99173638  6049
0 STARLINK-2487
1 48144U 21027BE  26073.66668981  .01859839  00000-0  79870-1 0  9996
2 48144  53.1083 128.9859 0001545  71.3246 345.7040 15.18907070  5841
0 STARLINK-2485
1 48142U 21027BC  26073.66668981  .01517352  00000-0  73987-1 0  9998
2 48142  53.0885 129.1589 0001255  51.5622 310.2180 15.14568509  5845
0 STARLINK-2482
1 48139U 21027AZ  26073.66668981  .00935551  00000-0  41600-1 0  9995
2 48139  53.1047 129.0088 0001139  77.1931 347.1759 15.18315794  5697
0 STARLINK-2480
1 48137U 21027AX  26073.66668981  .01259853  00000-0  60807-1 0  9998
2 48137  53.0920 129.0750 0001565  70.4618  42.3057 15.15511075  5503
0 STARLINK-2473
1 48131U 21027AR  26073.66668981  .00981669  00000-0  44946-1 0  9994
2 48131  53.0998 129.0679 0001358  77.9016 113.7634 15.17152642  5851
0 STARLINK-2467
1 48126U 21027AL  26073.66668981  .01867252  00000-0  82746-1 0  9990
2 48126  53.1040 129.0337 0001606  82.6692  87.6027 15.17796436  5797
0 STARLINK-2464
1 48123U 21027AH  26073.66668981  .00969786  00000-0  44866-1 0  9992
2 48123  53.0982 129.0787 0001298  76.6264 248.7943 15.16823106  5849
0 STARLINK-2459
1 48119U 21027AD  26073.66668981  .01881601  00000-0  84544-1 0  9994
2 48119  53.1016 129.0449 0000995  89.9568 173.9243 15.17281042  5744
0 STARLINK-2455
1 48117U 21027AB  26073.66668981  .01252856  00000-0  55715-1 0  9994
2 48117  53.1027 129.0178 0001276  60.6362 258.2488 15.17920356  5841
0 STARLINK-2443
1 48107U 21027R   26073.66668981  .01399978  00000-0  65788-1 0  9991
2 48107  53.0949 129.1083 0001702  94.7065  94.4699 15.16145001  5793
0 STARLINK-2442
1 48106U 21027Q   26073.66668981  .01770634  00000-0  72381-1 0  9999
2 48106  53.1162 128.8875 0001478  68.9486 327.7910 15.20778143  5843
0 STARLINK-2430
1 48100U 21027J   26073.66668981  .01321252  00000-0  60305-1 0  9994
2 48100  53.1010 129.0354 0001053  60.2968 269.6093 15.17343903  5847
0 STARLINK-2418
1 48097U 21027F   26073.66668981  .01411652  00000-0  73719-1 0  9996
2 48097  53.0789 129.2089 0001909  79.6674 113.8073 15.12350025  5845
0 STARLINK-2299
1 48029U 21024BE  26073.66668981  .00102676  00000-0  48069-2 0  9991
2 48029  53.1073 308.6561 0001534 122.5744 165.1313 15.18903370  5845
0 STARLINK-2292
1 48023U 21024AY  26073.66668981  .00877968  00000-0  39258-1 0  9997
2 48023  53.1059 308.8480 0001603  85.3426 336.3629 15.18297014  5747
0 STARLINK-2298
1 48022U 21024AX  26073.66668981  .00102252  00000-0  46055-2 0  9997
2 48022  53.1131 308.9242 0001911  86.5135  27.8419 15.20240084  5743
0 STARLINK-2270
1 48000U 21024Z   26073.66668981  .00847856  00000-0  36044-1 0  9995
2 48000  53.1136 218.9100 0001088  72.4055   2.4788 15.20139300  5844
0 STARLINK-2273
1 47993U 21024S   26073.66668981  .00831308  00000-0  29393-1 0  9999
2 47993  53.1390 273.1850 0000994  84.0005 317.1396 15.26013134  5843
0 STARLINK-1647
1 47978U 21024B   26073.66668981  .00025591  00000-0  87279-3 0  9990
2 47978  53.1676 309.2866 0001466  83.1559  43.3747 15.30213871  5898
0 STARLINK-2405
1 47919U 21021BM  26073.66668981 -.00002778  00000-0 -84020-4 0  9998
2 47919  53.1561 257.8337 0001236  98.0404  37.8009 15.29342815  5793
0 STARLINK-2367
1 47907U 21021AZ  26073.66668981 -.00002269  00000-0 -66330-4 0  9994
2 47907  53.1562 257.6721 0000639 109.2112  15.6549 15.29358263  5745
0 STARLINK-2346
1 47887U 21021AD  26073.66668981  .00100733  00000-0  34777-2 0  9992
2 47887  53.1521 257.8503 0000882 120.9683 246.8745 15.29152650  5849
0 STARLINK-2343
1 47884U 21021AA  26073.66668981 -.00001657  00000-0 -45141-4 0  9995
2 47884  53.1564 257.7820 0001099  95.0377  48.9195 15.29335077  5797
0 STARLINK-2342
1 47883U 21021Z   26073.66668981  .00057756  00000-0  12036-2 0  9998
2 47883  53.1596 244.3224 0000848  71.2986 296.4132 15.45049146  5668
0 STARLINK-2330
1 47874U 21021Q   26073.66668981  .00636261  00000-0  24201-1 0  9998
2 47874  53.1322 193.4684 0001390  87.7647 342.0117 15.23842925  5841
0 STARLINK-2413
1 47827U 21018AS  26073.66668981  .01329432  00000-0  53134-1 0  9999
2 47827  53.1226 218.9357 0001397  98.1789  63.1622 15.21926850  5842
0 STARLINK-2380
1 47799U 21018N   26073.66668981  .01365671  00000-0  56993-1 0  9998
2 47799  53.1155 208.8165 0001651  87.9315 300.9825 15.20365524  5841
0 STARLINK-2211
1 47778U 21017BJ  26073.66668981  .00110038  00000-0  28461-2 0  9998
2 47778  53.1624 181.0640 0001527  56.0713 129.6079 15.38248083  5925
0 STARLINK-2180
1 47762U 21017AS  26073.66668981  .00066618  00000-0  13152-2 0  9996
2 47762  53.1605 195.4604 0001208  85.4794 188.0016 15.46567007  5915
0 STARLINK-2162
1 47748U 21017AC  26073.66668981  .00984067  00000-0  15829-1 0  9999
2 47748  53.1601 169.4356 0001063  76.3269  61.7909 15.49875337  5925
0 STARLINK-2141
1 47731U 21017K   26073.66668981  .00131196  00000-0  23536-2 0  9993
2 47731  53.1595 180.1311 0001262  31.5059  43.4002 15.48991805  5919
0 STARLINK-2140
1 47730U 21017J   26073.66668981  .00959532  00000-0  38062-1 0  9993
2 47730  53.1230 193.6204 0001287  88.7350  77.8535 15.22186253  5848
0 STARLINK-2116
1 47724U 21017C   26073.66668981  .00355282  00000-0  13576-2 0  9992
2 47724  53.0374  59.0665 0001757 334.7046  97.0473 15.86016586  5940
0 STARLINK-2095
1 47679U 21012BM  26073.66668981  .00234622  00000-0  14155-2 0  9994
2 47679  53.0254 322.4410 0006076 171.2268 293.2577 15.76431787  6028
0 STARLINK-2065
1 47672U 21012BE  26073.66668981  .00164748  00000-0  13171-2 0  9995
2 47672  53.1521 344.4587 0006023  70.1196 301.6304 15.70069762  6012
0 STARLINK-2058
1 47667U 21012AZ  26073.66668981  .00413523  00000-0  17064-2 0  9992
2 47667  53.0397 358.8724 0006723  87.3047 311.5602 15.84250761  5948
0 STARLINK-1983
1 47630U 21012L   26073.66668981  .00069396  00000-0  23346-2 0  9997
2 47630  53.1586  26.4364 0001435  99.9308 118.2652 15.30183042  5744
0 STARLINK-1669
1 47624U 21012E   26073.66668981  .00224607  00000-0  12903-2 0  9995
2 47624  53.0343 327.0661 0008227 113.8209 341.7959 15.77547050  6017
0 STARLINK-1645
1 47622U 21012C   26073.66668981  .00394719  00000-0  16420-2 0  9993
2 47622  53.0411 358.5847 0008690 102.8657 233.7122 15.84108736  6031
0 STARLINK-1975
1 47573U 21009AB  26073.66668981  .00220261  00000-0  11701-2 0  9991
2 47573  53.0506 284.1543 0003721 153.1768 202.1232 15.79336855  6031
0 STARLINK-1971
1 47572U 21009AA  26073.66668981  .00453041  90628-4  13195-2 0  9992
2 47572  53.0370 296.6562 0002320 275.2248 141.5344 15.92341814  5991
0 STARLINK-1967
1 47568U 21009W   26073.66668981  .00222729  00000-0  22802-2 0  9990
2 47568  53.0454 340.5640 0004326 106.1966 190.4137 15.63758877  5994
0 STARLINK-1965
1 47566U 21009U   26073.66668981  .00253321  00000-0  10605-2 0  9998
2 47566  53.0124 257.4810 0006332 177.8042  55.5630 15.84357082  5670
0 STARLINK-1962
1 47563U 21009R   26073.66668981  .00214458  00000-0  22199-2 0  9994
2 47563  53.0451 332.2142 0007658 106.6898 286.0814 15.63484627  5994
0 STARLINK-2130
1 47405U 21005BJ  26073.66668981  .00832007  00000-0  37836-1 0  9994
2 47405  53.1036  38.8634 0001225  87.2145 250.9812 15.17846277  5841
0 STARLINK-2128
1 47404U 21005BH  26073.66668981  .00205996  00000-0  23062-2 0  9991
2 47404  53.0529 351.8027 0004775 147.6863 111.5904 15.61518426  5936
0 STARLINK-2119
1 47397U 21005BA  26073.66668981  .00953736  00000-0  42595-1 0  9995
2 47397  53.1045  38.8950 0001354  93.8681 186.8234 15.18108591  5850
0 STARLINK-2101
1 47381U 21005AJ  26073.66668981  .00762124  00000-0  30112-1 0  9999
2 47381  53.1252  13.7388 0001655  93.9765 278.4350 15.22507830  5859
0 STARLINK-2100
1 47380U 21005AH  26073.66668981  .00128328  00000-0  58770-2 0  9991
2 47380  53.0535   8.8760 0001086 114.5917 207.1990 15.19519398  5843
0 STARLINK-2096
1 47376U 21005AD  26073.66668981  .00981341  00000-0  44956-1 0  9998
2 47376  53.1021  38.9378 0001155  73.1554 303.6177 15.17582790  5799
0 STARLINK-2094
1 47375U 21005AC  26073.66668981  .01681462  00000-0  73947-1 0  9991
2 47375  53.1067  38.9853 0001360  83.8628 286.0936 15.18407955  5791
0 STARLINK-2092
1 47373U 21005AA  26073.66668981  .01006335  00000-0  46191-1 0  9990
2 47373  53.1025  38.9599 0002233  84.0524  80.5537 15.17452832  5841
0 STARLINK-2084
1 47368U 21005V   26073.66668981  .00997878  00000-0  45949-1 0  9994
2 47368  53.1016  38.9582 0001383  93.6146 131.9275 15.17360164  5798
0 STARLINK-2082
1 47367U 21005U   26073.66668981  .01009858  00000-0  48216-1 0  9996
2 47367  53.0962  39.0337 0001957  82.7271  60.9661 15.16055469  5856
0 STARLINK-2081
1 47366U 21005T   26073.66668981  .00998425  00000-0  46918-1 0  9998
2 47366  53.0982  38.9967 0001063  99.3135 204.9607 15.16643397  5847
0 STARLINK-2076
1 47362U 21005P   26073.66668981  .00992675  00000-0  43589-1 0  9996
2 47362  53.1093  38.8750 0001881 101.9819  69.9298 15.19032974  5798
0 STARLINK-2050
1 47357U 21005J   26073.66668981  .01799501  00000-0  69542-1 0  9991
2 47357  53.1258  39.2125 0001454  78.3353 221.2313 15.22650709  5856
0 STARLINK-2047
1 47355U 21005G   26073.66668981  .00120668  00000-0  41319-2 0  9993
2 47355  53.1548 347.8615 0000575 347.8727 256.6010 15.29313120  5799
0 STARLINK-1876
1 47161U 20088AR  26073.66668981  .00089422  00000-0  89518-3 0  9994
2 47161  53.0540 247.3479 0001362  30.3040 229.8147 15.64839885  5999
0 STARLINK-1856
1 47143U 20088X   26073.66668981  .00081359  00000-0  14148-2 0  9991
2 47143  53.0501 249.3623 0005668 172.5446 321.8413 15.50102484  5960
0 YAOGAN 8
1 36121U 09072A   26073.66665760  .00000146  00000-0  57902-3 0  9998
2 36121 100.2318 323.1263 0020933 175.2262 184.9049 13.05078038776349
0 TIROS 2 DEB *
1 05922U 60016E   26073.66662015 -.00000058  00000-0  81380-4 0  9999
2 05922  47.0307 179.3565 0040308 345.9289 156.1586 13.70055666738483
0 FENGYUN 1C DEB
1 30140U 99025SV  26073.66661072  .00003067  00000-0  14131-2 0  9993
2 30140  98.8157 141.4127 0040718  50.3190 101.1454 14.21367910984490
0 STARLINK-34273
1 64905U 25157B   26073.66652564  .00061253  00000-0  20608-2 0  9997
2 64905  53.1589 322.7051 0001806  97.3633 262.7573 15.30237252 36891
0 QIANFAN-73
1 63159U 25046A   26073.66647807  .00000139  00000-0  19704-3 0  9990
2 63159  88.9744 310.5268 0013568 213.3916 146.6381 13.51000837 59820
0 FENGYUN 1C DEB
1 30640U 99025ANX 26073.66614216  .00003353  00000-0  16939-2 0  9992
2 30640  99.0459 151.1904 0081510 198.7607 325.3997 14.15188371977454
0 OKEAN 3
1 21397U 91039A   26073.66610946  .00004258  00000-0  29890-3 0  9990
2 21397  82.5202 332.0231 0013489 318.7791  41.2416 15.04847916865785
0 ESSA 3 (TOS-A)
1 02435U 66087A   26073.66609382 -.00000046  00000-0 -23642-4 0  9992
2 02435 101.0848 342.1341 0063562 226.5891 162.5651 12.56878990727132
0 DELTA 1 DEB
1 21345U 75052BP  26073.66606060  .00000212  00000-0  65030-3 0  9994
2 21345  99.4235 335.6303 0188057 261.9580 125.3931 13.11168324662235
0 STARLINK-36583
1 67545U 26014P   26073.66584266  .00163509  00000-0  10723-2 0  9990
2 67545  97.2846 318.7940 0002746  79.7347 280.4228 15.75272790  9351
0 SL-19 R/B
1 32957U 08025E   26073.66581389  .00000019  00000-0  38998-4 0  9996
2 32957  82.5038 142.9595 0198458 251.4901 265.3853 12.77759618830529
0 COSMOS 2148
1 21304U 91033F   26073.66581093  .00000025  00000-0  75378-4 0  9993
2 21304  82.5772 330.8150 0023284 166.9319 219.7542 12.65990390609141
0 COSMOS 1408 DEB
1 50058U 82092SW  26073.66576124  .00060650  00000-0  46323-3 0  9992
2 50058  82.6128 332.6079 0015043 108.6271 251.6628 15.71802870242440
0 STARLINK-34695
1 64916U 25157N   26073.66552760  .00054784  00000-0  13600-2 0  9991
2 64916  53.1585 319.8549 0002522  80.2043 279.9247 15.39837406 36928
0 IRIDIUM 33 DEB
1 34926U 97051NF  26073.66551859  .00030910  00000-0  62363-2 0  9994
2 34926  86.1332 325.4891 0077702 345.4676  43.5609 14.59379540877959
0 COSMOS 1244
1 12297U 81013A   26073.66545517  .00000056  00000-0  42555-4 0  9997
2 12297  82.9553 155.6174 0031826  95.0954  57.2810 13.75239088906279
0 ONEWEB-0646
1 55810U 23029Q   26073.66526872 -.00000042  00000-0 -13790-3 0  9996
2 55810  87.9221 323.8138 0001973  84.7483 275.3875 13.19723973146421
0 COSMOS 1275 DEB
1 18640U 81053MA  26073.66526383  .00001810  00000-0  14746-2 0  9997
2 18640  83.2072 149.1591 0087853 161.6046 350.7770 13.87484221 48661
0 STARLINK-5989
1 56781U 23078Q   26073.66520592  .00001293  00000-0  11614-3 0  9991
2 56781  70.0006 331.9922 0002148 259.1816 100.9101 14.98333999153423
0 COSMOS 409
1 05180U 71038A   26073.66520404 -.00000212  00000-0 -49411-3 0  9997
2 05180  74.0026 155.8431 0022066  62.1850  91.2364 13.17841943639790
0 YAOGAN-30 V
1 46808U 20076B   26073.66508090  .00004041  00000-0  30331-3 0  9995
2 46808  34.9951 306.8805 0002168 262.8451  97.2011 15.02119555294003
0 TIANQI 28
1 59912U 24102D   26073.66506662  .00000185  00000-0  21463-3 0  9993
2 59912  44.9799 322.2553 0010489 165.0471 195.0673 13.99132816 91664
0 TERRA
1 25994U 99068A   26073.66505179  .00000525  00000-0  11608-3 0  9999
2 25994  97.9583 126.9095 0002996 140.3198  19.5937 14.61020819395807
0 STARLINK-6067
1 56816U 23078BB  26073.66497645  .00000439  00000-0  44578-4 0  9999
2 56816  69.9995 311.7151 0002988 267.7833  92.2984 14.98322683153927
0 SL-8 R/B
1 23432U 94083B   26073.66496417  .00000206  00000-0  82486-4 0  9999
2 23432  74.0317 217.6593 0005271   3.0927   8.4648 14.34425796633600
0 SPRITE-SAT (RISING)
1 33494U 09002C   26073.66494213  .00000834  00000-0  13106-3 0  9996
2 33494  98.1590 337.9330 0002525 324.0202  36.0837 14.75236006919877
0 STARLINK-4470
1 53655U 22105H   26073.66490558 -.00001937  00000-0 -13004-3 0  9998
2 53655  97.6022 316.0708 0002539  91.3669 268.7849 15.05654908194045
0 STARLINK-31719
1 59495U 24071M   26073.66484904  .00009283  00000-0  34682-3 0  9993
2 59495  43.0028 311.8990 0001387 256.8470 103.2227 15.27543526108964
0 COSMOS 397
1 04964U 71015A   26073.66477057  .00000033  00000-0  51470-4 0  9994
2 04964  65.7257 315.4670 1033848 273.8563  74.5060 12.74937104656203
0 COSMOS 1694
1 16142U 85094E   26073.66476599  .00000015  00000-0  21912-4 0  9995
2 16142  82.6110 322.4830 0010462 284.1718 103.7413 12.63684109864726
0 SL-14 R/B
1 16409U 85119B   26073.66469479  .00000038  00000-0  20209-4 0  9991
2 16409  82.5411 337.6340 0016113  61.5667 298.7115 13.84923737 32388
0 ONEWEB-0660
1 55820U 23029AA  26073.66448242 -.00000119  00000-0 -35460-3 0  9994
2 55820  87.8981 308.5584 0001579  94.3905 265.7405 13.14503472146985
0 FENGYUN 1C DEB
1 30562U 99025ALC 26073.66443953  .00003068  00000-0  13395-2 0  9999
2 30562  98.7523 145.9909 0056880   1.9486 151.5972 14.23744714983078
0 STARLINK-34414
1 64620U 25137AC  26073.66442939  .00029325  00000-0  99770-3 0  9993
2 64620  53.1592 312.3296 0001281  78.9721 281.1424 15.30220019 41490
0 STARLINK-31574
1 59543U 24074K   26073.66439048 -.00000514  00000-0 -91534-5 0  9990
2 59543  43.0009 315.5582 0002093 256.5479 103.5140 15.27588464106770
0 FENGYUN 1C DEB
1 30507U 99025AHV 26073.66423922  .00002191  00000-0  11013-2 0  9993
2 30507  99.0018 143.7984 0125364 275.7681 238.4708 14.13570274977961
0 FENGYUN 1C DEB
1 30136U 99025SR  26073.66422951  .00000207  00000-0  16961-3 0  9996
2 30136  98.5494 324.9585 0128022 173.6834 215.1765 13.95449238973731
0 FENGYUN 1C DEB
1 30178U 99025UK  26073.66418943  .00001494  00000-0  16318-2 0  9992
2 30178 102.2579 334.8844 0282782 278.2982 108.5270 13.59072028944207
0 SL-8 DEB
1 21160U 91009X   26073.66414689 -.00000014  00000-0  86451-5 0  9996
2 21160  74.0421 161.3162 0131812 243.1595 272.9081 12.24769278565952
0 FENGYUN 1C DEB
1 31566U 99025BZH 26073.66412891  .00006569  00000-0  21479-2 0  9992
2 31566  98.9402 141.3472 0025316  89.8991  63.4383 14.38677707977121
0 STARLINK-32909
1 62894U 25024R   26073.66412620  .00034654  00000-0  12618-2 0  9999
2 62894  42.9992 297.5366 0000300  20.7090 339.3774 15.27609404 63020
0 CZ-4C R/B
1 39014U 12066D   26073.66410795  .00000781  00000-0  24943-3 0  9999
2 39014  63.3877 335.6699 0616306  10.9086 350.4637 13.71963202665571
0 STARLINK-30508
1 57979U 23151R   26073.66403586  .00004713  00000-0  18531-3 0  9991
2 57979  42.9999 322.6246 0000636 289.6875  70.3908 15.26730802136355
0 COSMOS 1275 DEB
1 14407U 81053JC  26073.66401440  .00002997  00000-0  13277-2 0  9995
2 14407  82.7684 326.4248 0038957 178.8374 181.2906 14.22445078208488
0 STARLINK-30396
1 57964U 23151A   26073.66401136  .00000804  00000-0  38742-4 0  9998
2 57964  42.9979 308.2215 0001508 284.4927  75.5758 15.27575297136528
0 FENGYUN 1C DEB
1 30124U 99025SD  26073.66394559  .00001938  00000-0  93613-3 0  9996
2 30124  99.1192 134.5500 0142876 205.6237 318.0715 14.14613759982144
0 STARLINK-35746
1 66582U 25268AB  26073.66385303  .00046814  00000-0  16971-2 0  9991
2 66582  43.0015 318.6945 0002127 290.9808  69.0816 15.27633840 18723
0 STARLINK-5259
1 54209U 22141BE  26073.66380025  .00009351  00000-0  60558-3 0  9993
2 54209  53.2187 321.4508 0001774  95.2157 264.9038 15.08794062186895
0 CZ-6A R/B
1 63922U 25096E   26073.66378493  .00000774  00000-0  13728-3 0  9990
2 63922  86.0181 219.3094 0071275 102.4189 258.5012 14.64092161 44873
0 DELTA 1 DEB
1 21934U 75052JU  26073.66370196 -.00000058  00000-0 -58767-4 0  9996
2 21934  99.6848 332.7735 0292145 224.1786 163.6689 12.93093032631324
0 ONEWEB-0675
1 55834U 23029AQ  26073.66370011  .00000031  00000-0  45689-4 0  9993
2 55834  87.9218 323.8154 0001966  73.7475 286.3874 13.19724678146459
0 STARLINK-11720
1 64131U 25111J   26073.66365654  .00293281  00000-0  22012-2 0  9998
2 64131  42.9987 303.6633 0001935 260.1797  99.8852 15.70928380 47375
0 DELTA 1 DEB
1 07061U 73086BD  26073.66358582 -.00000132  00000-0 -48064-3 0  9992
2 07061 102.4757 320.2717 0139764 162.9729 222.7796 12.56207348395886
0 SL-8 R/B
1 14451U 83108B   26073.66349834  .00000138  00000-0  12083-3 0  9995
2 14451  82.9287 309.0568 0033087 132.8073 227.5875 13.78352700130656
0 STARLINK-31704
1 59586U 24076Y   26073.66348335  .00132644  00000-0  41581-2 0  9999
2 59586  42.9961 296.3270 0009548 265.2803  94.6960 15.31815055107766
0 SL-14 R/B
1 14552U 83122B   26073.66348143  .00000530  00000-0  57941-4 0  9994
2 14552  82.5251 324.9859 0017973  65.1515 295.1568 14.85867187261574
0 SL-16 DEB
1 28354U 04021C   26073.66341651  .00000048  00000-0  87288-4 0  9998
2 28354  70.9564 329.5505 0219575 127.4118 234.7190 13.69032687 86338
0 FENGYUN 1C DEB
1 30213U 99025VW  26073.66341431  .00002581  00000-0  14006-2 0  9999
2 30213  99.1132 156.6277 0067591 347.5490 174.6718 14.12157792978120
0 STARLINK-34517
1 64595U 25137B   26073.66338661  .00037442  00000-0  12699-2 0  9993
2 64595  53.1585 312.3329 0001342  74.7244 285.3905 15.30200802 41490
0 STARLINK-3599
1 51814U 22017AY  26073.66337427  .00000501  00000-0  49578-4 0  9990
2 51814  53.2185 306.7964 0001289  90.5379 269.5761 15.08837850224833
0 CZ-6A R/B
1 66958U 25287F   26073.66322062  .00000077  00000-0  41675-4 0  9994
2 66958  86.5058 311.1812 0105171 179.8802 180.2416 13.94933534 13353
0 STARLINK-36092
1 66869U 25281X   26073.66311804  .00030783  00000-0  11220-2 0  9999
2 66869  43.0023 315.5997 0002205 256.6848 103.3758 15.27622610 16934
0 ONEWEB-0163
1 48061U 21025V   26073.66302069  .00000059  00000-0  12726-3 0  9994
2 48061  87.9035 339.0268 0002017  74.6859 285.4493 13.13470258241278
0 FENGYUN 1C DEB
1 30706U 99025ARQ 26073.66300708  .00001934  00000-0  81389-3 0  9998
2 30706  99.0611 336.5103 0025109 225.8522 134.0593 14.26865571989385
0 COSMOS 2266
1 22888U 93070A   26073.66299243  .00000060  00000-0  45551-4 0  9996
2 22888  82.9535 151.1721 0049544  91.3733  60.6354 13.75168707621033
0 STARLINK-35957
1 66823U 25280C   26073.66298357  .00009213  00000-0  77836-3 0  9995
2 66823  70.0023 321.8061 0001687 281.4904  78.6066 14.98360409 16824
0 DELTA 1 DEB
1 21442U 75052EA  26073.66280354  .00007386  00000-0  15884-1 0  9995
2 21442  99.4393 338.5019 0319541  94.3592 301.5101 13.12740374626979
0 STARLINK-35108
1 65738U 25216E   26073.66279775  .00043798  00000-0  14809-2 0  9997
2 65738  53.1595 309.8918 0001255  89.9882 270.1263 15.30227443 27353
0 FENGYUN 1C DEB
1 31194U 99025BJY 26073.66276444  .00003362  00000-0  11226-2 0  9998
2 31194  98.9590 331.4993 0058367   8.9447 351.2764 14.37221573984478
0 SL-14 DEB
1 45331U 91056BV  26073.66266802  .00006851  00000-0  22849-1 0  9997
2 45331  82.6707 318.8233 0234402  64.6694 297.8492 12.90942702283208
0 CZ-4 DEB
1 37610U 90081CW  26073.66259801  .00000404  00000-0  40650-3 0  9996
2 37610  99.1191 333.4624 0151164 106.7812 254.9985 13.78078221694502
0 FENGYUN 1C DEB
1 32356U 99025CYZ 26073.66257249  .00003633  00000-0  21922-2 0  9996
2 32356 102.4962 334.9226 0119989 153.0297 207.7160 14.04120207696777
0 IRIDIUM 143
1 43258U 18030K   26073.66253983  .00000009  00000-0 -37873-5 0  9997
2 43258  86.4002 330.0913 0001977  91.2852 268.8570 14.34217525416544
0 DELTA 1 DEB
1 21437U 75052DV  26073.66245115  .00000196  00000-0  45761-3 0  9996
2 21437 100.1974 334.9553 0056075 317.2018  71.8850 13.37466892699785
0 STARLINK-4428
1 53672U 22105AA  26073.66241660 -.00000619  00000-0 -43629-4 0  9998
2 53672  97.6013 315.0968 0002886  58.5832 301.5674 15.01268269193984
0 QIANFAN-87
1 63173U 25046Q   26073.66237726  .00000149  00000-0  21284-3 0  9998
2 63173  88.9743 310.3975 0010309 215.5948 144.4516 13.51012684 59893
0 SL-14 R/B
1 16194U 85100B   26073.66233134 -.00000834  00000-0 -25433-2 0  9997
2 16194  82.6440 326.8245 0017546  33.6241 353.9539 13.07048836925833
0 GRUS-1D
1 47936U 21022E   26073.66230279  .00000784  00000-0  69694-4 0  9996
2 47936  97.5523 320.1156 0012484 271.6441  88.3353 14.98834994271744
0 STARLINK-35204
1 65694U 25212U   26073.66229671  .00029945  00000-0  10184-2 0  9994
2 65694  53.1565 322.6657 0002040  54.9733 305.1459 15.30220371 28017
0 IRIDIUM 82
1 25467U 98051A   26073.66214618  .00098006  00000-0  11884-2 0  9996
2 25467  86.3595 334.4542 0044936 337.9824  21.9508 15.59048241465659
0 METEOR 1-23
1 08519U 75124A   26073.66213484  .00000096  00000-0  46408-4 0  9995
2 08519  81.2437 216.6516 0012900 228.7332 131.2730 14.11371733583550
0 ONEWEB-0520
1 54138U 22138AB  26073.66212112  .00000258  00000-0  61216-3 0  9990
2 54138  87.9239 323.7995 0001611  86.2000 273.9317 13.19723783164359
0 DELTA 1 DEB
1 10757U 76077BE  26073.66204795 -.00000450  00000-0 -46722-2 0  9998
2 10757 101.9041 128.7741 0233338 207.3867 307.0071 12.00508464172348
0 STARLINK-5029
1 53887U 22119B   26073.66201263 -.00001232  00000-0 -59326-4 0  9999
2 53887  53.2182 301.9124 0001534  90.0295 270.0873 15.08830438192438
0 STARLINK-11099
1 59716U 24088J   26073.66195631  .00002242  00000-0  23346-4 0  9997
2 59716  53.1582 301.7250 0000910  65.4123 294.6990 15.69718089107059
0 STARLINK-33702
1 63591U 25076Y   26073.66189931  .00040598  00000-0  14733-2 0  9991
2 63591  43.0017 293.3668 0002506 255.6721 104.3852 15.27654927 52591
0 STARLINK-31956
1 59930U 24106J   26073.66187065  .00006911  00000-0  26063-3 0  9993
2 59930  43.0030 304.4090 0001291 260.0583 100.0123 15.27554112101287
0 THOR BURNER 2 R/B
1 04332U 70012B   26073.66179162  .00000216  00000-0  95551-4 0  9996
2 04332  98.8552 342.3675 0060473  98.0398 262.7652 14.31985898921309
0 STARLINK-2022
1 47643U 21012Z   26073.66156758  .00746575  27024-3  13569-2 0  9990
2 47643  53.0087 311.9598 0004922 223.9957 136.0681 16.00894809282090
0 STARLINK-3573
1 51794U 22017AC  26073.66153411  .00000568  00000-0  53790-4 0  9990
2 51794  53.2185 326.8011 0001554  94.8198 265.2972 15.08837812224674
0 STARLINK-11537
1 62911U 25027E   26073.66143768  .00300483  00000-0  22398-2 0  9998
2 62911  42.9995 317.7327 0003625 279.5792  80.4666 15.71068252 63978
0 STARLINK-36485
1 67312U 26002H   26073.66143295  .00030319  00000-0  11054-2 0  9992
2 67312  43.0021 296.8111 0001416 260.8967  99.1725 15.27621824 11844
0 FENGYUN 1C DEB
1 30751U 99025ATM 26073.66141970  .00002560  00000-0  13083-2 0  9993
2 30751  98.8442 137.1987 0052875 190.9953 320.0173 14.15751817975762
0 STARLINK-30461
1 57933U 23147W   26073.66137109  .00004133  00000-0  16363-3 0  9998
2 57933  42.9979 296.6735 0001276 266.8420  93.2286 15.26750661137360
0 STARLINK-35046
1 65701U 25212AB  26073.66124031  .00031761  00000-0  10793-2 0  9992
2 65701  53.1606 322.6568 0001388  74.7614 285.3541 15.30217633 28002
0 COSMOS 642
1 07266U 74024B   26073.66122950 -.00000006  00000-0  57204-4 0  9996
2 07266  74.0186  40.7477 0103923 313.0033 220.5946 12.65839165397743
0 STARLINK-32674
1 62434U 24251C   26073.66120453  .00043339  00000-0  14657-2 0  9995
2 62434  53.1598 311.9271 0001257  81.2530 278.8613 15.30224732 68716
0 HULIANWANG DIGUI-36
1 64957U 25159B   26073.66120448  .00000045  00000-0  69834-4 0  9995
2 64957  86.4987 314.4270 0001291  79.5100 280.6179 13.24420567 30618
0 STARLINK-31370
1 59520U 24073K   26073.66115796  .00001485  00000-0  63487-4 0  9996
2 59520  43.0029 290.1422 0001295 250.1940 109.8772 15.27584087106939
0 STARLINK-5178
1 54083U 22136AJ  26073.66107895  .00002460  00000-0  17262-3 0  9997
2 54083  53.2177 311.8729 0001115  90.0372 270.0747 15.08837640187732
0 STARLINK-6036
1 56800U 23078AK  26073.66103761  .00000007  00000-0  83723-5 0  9992
2 56800  70.0000 331.9741 0002820 271.7823  88.3013 14.98334328153421
0 COSMOS 2251 DEB
1 33816U 93036BH  26073.66101301  .00000642  00000-0  47565-3 0  9990
2 33816  73.8959 309.5749 0265329 305.0445  52.6042 13.81958789859436
0 GLOBALSTAR M055
1 25910U 99049D   26073.66070824 -.00000060  00000-0  29095-3 0  9994
2 25910  52.0028 305.1291 0006735 340.8839  19.1759 12.29441816201556
0 STARLINK-33814
1 63582U 25076P   26073.66063700  .00044211  00000-0  16063-2 0  9990
2 63582  43.0033 293.3625 0001325 265.4874  94.5826 15.27584074 52594
0 ONEWEB-0504
1 54122U 22138K   26073.66054362  .00000019  00000-0  14110-4 0  9991
2 54122  87.9223 323.7998 0001626  88.6493 271.4826 13.19725002164361
0 STARLINK-31539
1 59539U 24074F   26073.66053904 -.00000109  00000-0  55558-5 0  9993
2 59539  43.0046 315.5308 0001273 271.8324  88.2382 15.27582471106779
0 IRIDIUM 33 DEB
1 34350U 97051ES  26073.66051040  .00001251  00000-0  34717-3 0  9991
2 34350  86.3294 322.9367 0020243 188.5979 200.9366 14.45705643896210
0 HULIANWANG DIGUI-49
1 65106U 25168A   26073.66047404 -.00000047  00000-0  16519-3 0  9996
2 65106  50.0034 304.9966 0007493 179.1757 180.9129 13.29340140 30111
0 LILIUM-1
1 58467U 23185F   26073.66045424  .00162760  00000-0  14301-2 0  9991
2 58467  97.3313 152.6671 0005495 173.9749 186.1579 15.68278585127652
0 STARLINK-5664
1 55360U 23013AF  26073.66041632  .00000521  00000-0  53607-4 0  9997
2 55360  43.0033 285.7514 0001180 266.7888  93.2820 15.02540865172315
0 DIAMANT B-P4 R/B
1 07647U 75010B   26073.66039754 -.00000048  00000-0  71870-4 0  9995
2 07647  49.8277 321.0139 0217240 294.6094  63.2307 13.82333948577961
0 CHUBUSAT 3
1 41339U 16012C   26073.66029557  .00006551  00000-0  31138-3 0  9994
2 41339  31.0033 228.6560 0009294 182.1667 177.8934 15.17693173553821
0 ISIS 2 DEB
1 27658U 71024D   26073.66024900  .00000651  00000-0  29029-2 0  9993
2 27658  88.1661 321.3052 0047656 167.2357 220.6489 12.77380884 78098
0 COSMOS 825
1 08889U 76054A   26073.66018394 -.00000011  00000-0  34550-4 0  9994
2 08889  74.0011 149.7181 0059421 285.7373 227.7070 12.55741481280312
0 COSMOS 2251 DEB
1 34006U 93036GR  26073.66011051  .00053232  00000-0  38104-2 0  9995
2 34006  74.0514 316.8835 0010992 213.2510 177.2975 15.04099178900466
0 STARLINK-32926
1 63025U 25032W   26073.66006685  .00032547  00000-0  11861-2 0  9993
2 63025  43.0004 307.6776 0002247 276.2934  83.7662 15.27604999 61385
0 SL-8 R/B
1 12983U 81116J   26073.65997780  .00000013  00000-0  24615-3 0  9994
2 12983  73.9854 308.9183 0114961 186.1330 202.1489 12.24801281714868
0 FENGYUN 1C DEB
1 30453U 99025AFQ 26073.65997448  .00002947  00000-0  11868-2 0  9998
2 30453  98.8015 150.7416 0112007 320.3876 196.8607 14.25437338985438
0 FENGYUN 1C DEB
1 29770U 99025BL  26073.65985689  .00002792  00000-0  12895-2 0  9991
2 29770  98.8361 154.2297 0060867  10.5248 148.2014 14.20774833983918
0 DELTA 1 DEB
1 21360U 75052CE  26073.65982190 -.00000008  00000-0  74124-4 0  9990
2 21360  99.8059 143.2788 0076491 286.2082 228.9110 13.29434947689138
0 ONEWEB-0344
1 49210U 21083AA  26073.65963127  .00000126  00000-0  30881-3 0  9999
2 49210  87.9023 339.0589 0001988  70.3427 289.7916 13.13470491218481
0 HULIANWANG DIGUI-11
1 62971U 25030A   26073.65947732 -.00000098  00000-0  55117-4 0  9997
2 62971  49.9997 214.8702 0000847 201.4405 158.6431 13.29338534 53280
0 TITAN 3C TRANSTAGE DEB
1 01964U 65082GZ  26073.65939904  .00001745  00000-0  60043-3 0  9997
2 01964  32.1994 313.3381 0174975 130.7958 230.8001 14.26200261104146
0 STARLINK-31524
1 59506U 24071Y   26073.65936479  .00012225  00000-0  45372-3 0  9992
2 59506  43.0028 304.7370 0000880 251.6301 108.4455 15.27528867109044
0 SL-14 DEB
1 25199U 87068AA  26073.65936412  .00001182  00000-0  10823-2 0  9997
2 25199  82.3657 331.0647 0096218  31.9099 328.7836 13.80243853405597
0 STARLINK-36114
1 66870U 25281Y   26073.65926451  .00035133  00000-0  12781-2 0  9997
2 66870  43.0037 315.5715 0002000 257.4299 102.6329 15.27631751 16933
0 OBJECT Z
1 57189U 23091Z   26073.65926225  .00023796  00000-0  74775-3 0  9990
2 57189  97.5193 141.4297 0008442  57.6256 302.5802 15.32956915150195
0 STARLINK-34294
1 64599U 25137F   26073.65915586  .00050455  00000-0  17015-2 0  9999
2 64599  53.1593 312.3064 0001232  73.2713 286.8423 15.30248678 41496
0 YAOGAN-30 P
1 44450U 19045B   26073.65912044  .00004009  00000-0  30060-3 0  9990
2 44450  34.9919 185.5790 0009164 322.6636  37.3435 15.02129643362433
0 STARLINK-36552
1 67503U 26012L   26073.65899021  .00030054  00000-0  10964-2 0  9994
2 67503  42.9991 286.1729 0001604 255.1942 104.8732 15.27603946  8524
0 ONEWEB-0517
1 54135U 22138Y   26073.65895593 -.00000026  00000-0 -96633-4 0  9993
2 54135  87.9225 323.8017 0001431  77.7566 282.3727 13.19724119164363
0 STARLINK-36430
1 67326U 26002X   26073.65886253  .00028896  00000-0  10547-2 0  9997
2 67326  43.0011 296.7882 0001286 254.5153 105.5556 15.27605205 12002
0 CZ-6A DEB
1 61814U 24140ACE 26073.65885561  .00011927  00000-0  26639-2 0  9991
2 61814  89.4931 317.8104 0045261 203.9927 155.9175 14.56084486 78598
0 SL-18 R/B
1 22562U 93014B   26073.65878242  .00000317  00000-0  10985-3 0  9991
2 22562  75.7630 321.2438 0161695  95.9931 265.9682 14.30580387718311
0 SKYKRAFT-1
1 55041U 23001AJ  26073.65878124  .00053809  00000-0  70320-3 0  9990
2 55041  97.3275 147.6154 0005257  72.3231 287.8599 15.58473672178298
0 STARLINK-34574
1 64714U 25142U   26073.65876970  .00004177  00000-0  35758-3 0  9992
2 64714  69.9991 301.9810 0002296 274.8008  85.2889 14.98339735 40238
0 STARLINK-3609
1 51808U 22017AS  26073.65876630  .00003951  00000-0  26612-3 0  9991
2 51808  53.2181 316.8167 0001627 109.5845 250.5323 15.08848840224716
0 LONGJIANG 3
1 56874U 23082A   26073.65863525  .00041934  00000-0  10921-2 0  9999
2 56874  49.1084 172.0695 0007053 325.7566  34.2927 15.38367843154798
0 SL-14 R/B
1 12988U 81117B   26073.65863514  .00000551  00000-0  58168-4 0  9995
2 12988  82.5245 315.7590 0018756  89.8122 270.5244 14.87273262372652
0 STARLINK-31260
1 58881U 24020F   26073.65856234  .00005644  00000-0  20275-3 0  9993
2 58881  53.1617 299.2122 0000562  68.0745 292.0315 15.30165688118831
0 STARLINK-2587
1 48399U 21038AY  26073.65852798  .00004727  00000-0  17159-3 0  9991
2 48399  53.1601 309.5195 0001298  88.3642 271.7508 15.30203254269411
0 ICEYE-X50
1 63255U 25052AX  26073.65843205  .00003143  00000-0  29304-3 0  9998
2 63255  97.7011 327.3369 0002751 126.8362 233.3111 14.94937803 54522
0 STARLINK-11679
1 64129U 25111G   26073.65836744  .00206401  00000-0  15719-2 0  9991
2 64129  42.9996 303.6218 0003288 276.8635  83.1859 15.70844146 47425
0 YAOGAN-39 03C
1 57990U 23152E   26073.65808378  .00009105  00000-0  44988-3 0  9997
2 57990  34.9904 165.6295 0009914  12.4382 347.6574 15.17082867135794
0 STARLINK-36567
1 67552U 26014W   26073.65807723  .00161959  00000-0  10646-2 0  9994
2 67552  97.2856 318.8041 0001635  21.6568 338.4766 15.75225337  9345
0 COSMOS 252 DEB
1 03900U 68097BM  26073.65806123  .00014814  00000-0  12863-2 0  9991
2 03900  62.1988 306.4078 0189750 221.6044 137.0474 14.84380337875495
0 STARLINK-31876
1 59938U 24106S   26073.65801237  .00000994  00000-0  45637-4 0  9998
2 59938  43.0023 304.3802 0001375 264.7738  95.2956 15.27574259101297
0 ONEWEB-0156
1 48052U 21025L   26073.65794289  .00000237  00000-0  61430-3 0  9996
2 48052  87.9043 339.0203 0001785  74.3233 285.8094 13.13469912241164
0 MOZHAYETS
1 27560U 02054B   26073.65790148  .00000551  00000-0  11984-3 0  9996
2 27560  98.4536 288.4032 0037426 311.9712 138.4270 14.61697839238462
0 CHOLLIMA-1 R/B
1 58401U 23179B   26073.65786792  .00042251  00000-0  56902-3 0  9997
2 58401  97.3186 337.8543 0017945 137.9322 222.3316 15.57540833129765
0 STARLINK-32892
1 62893U 25024Q   26073.65769865  .00036368  00000-0  13246-2 0  9995
2 62893  43.0012 297.4873 0001359 273.7288  86.3408 15.27579922 63024
0 ONEWEB-0513
1 54131U 22138U   26073.65745308 -.00000004  00000-0 -41124-4 0  9998
2 54131  87.9234 323.7670 0001420 114.9108 245.2173 13.20262430164242
0 STARLINK-35803
1 66568U 25268M   26073.65743063  .00029271  00000-0  10671-2 0  9994
2 66568  43.0026 318.6465 0001632 225.3002 134.7717 15.27637825 18721
0 ONEWEB-0505
1 54123U 22138L   26073.65738380  .00000100  00000-0  21707-3 0  9990
2 54123  87.9234 323.7968 0001775  98.1992 261.9342 13.19725021164342
0 STARLINK-31476
1 59523U 24073N   26073.65730193  .00001184  00000-0  52541-4 0  9997
2 59523  43.0028 290.1099 0001699 260.0975  99.9685 15.27583431106931
0 COSMOS 990
1 10676U 78019A   26073.65728244  .00000170  00000-0  65764-4 0  9991
2 10676  74.0403 324.8944 0016991 317.6238  42.3602 14.37215724516443
0 TIANQI-6
1 46810U 20076D   26073.65713619  .00005819  00000-0  38742-3 0  9990
2 46810  34.9984 268.3327 0009973  52.6299 307.5317 15.06467518294318
0 STARLINK-4626
1 53685U 22105AP  26073.65710824  .00000116  00000-0  13585-4 0  9992
2 53685  97.6018 315.0710 0002319  65.8741 294.2726 15.01261074193982
0 SL-8 R/B
1 21938U 92020B   26073.65698146  .00000053  00000-0  39103-4 0  9997
2 21938  82.9329 150.0739 0027563 284.3106 228.3330 13.75549949701814
0 FENGYUN 1C DEB
1 30169U 99025UA  26073.65697912  .00013976  00000-0  21344-2 0  9999
2 30169  98.3222 148.5791 0203280 301.4951 216.2017 14.60907186990649
0 COSMOS 1056
1 11133U 78109F   26073.65692638  .00000002  00000-0  12312-3 0  9991
2 11133  74.0177 312.1427 0019453  97.1423 292.4162 12.44515072147587
0 STARLINK-30453
1 57910U 23146V   26073.65691855  .00000564  00000-0  30696-4 0  9994
2 57910  43.0007 282.9317 0001769 271.8012  88.2636 15.26746854136791
0 SJ-16
1 39358U 13057A   26073.65691259  .00002007  00000-0  19850-3 0  9990
2 39358  74.9735 175.6855 0015354  99.7692 260.5231 14.92370901672248
0 SL-8 R/B
1 18130U 87054B   26073.65686569  .00000055  00000-0  40231-4 0  9990
2 18130  82.9275 331.6124 0018188  79.0055 281.3147 13.76971655945116
0 STARLINK-5953
1 56799U 23078AJ  26073.65686536  .00001146  00000-0  10383-3 0  9999
2 56799  70.0003 331.9546 0002573 267.0937  92.9928 14.98331607153426
0 XINGCHI-1 02B
1 58498U 23187C   26073.65686025  .00002425  00000-0  28685-3 0  9996
2 58498  97.9314 158.0853 0012062  90.9844 269.2753 14.85507561123141
0 COSMOS 252 DEB
1 03561U 68097P   26073.65673377  .00006317  00000-0  10129-2 0  9999
2 03561  62.2711 325.9506 0355775 289.9301  66.3767 14.38152898827629
0 STARLINK-31750
1 59552U 24074U   26073.65667380 -.00011359  00000-0 -40318-3 0  9992
2 59552  43.0023 315.5007 0000958 289.8698  70.2050 15.27635857106777
0 STARLINK-6304
1 56778U 23078M   26073.65664298  .00000539  00000-0  52977-4 0  9998
2 56778  69.9993 312.0902 0002880 269.2351  90.8478 14.98328446153917
0 STARLINK-4420
1 53654U 22105G   26073.65659822 -.00000271  00000-0 -14592-4 0  9991
2 53654  97.6022 316.0725 0002434  84.8271 275.3233 15.05646017194046
0 COSMOS 1478
1 14176U 83069F   26073.65658879 -.00000022  00000-0 -44328-4 0  9998
2 14176  74.0268 164.9525 0012637 306.8157 205.7578 12.48262142945340
0 SPIRIT
1 58468U 23185G   26073.65647479  .00098768  00000-0  10636-2 0  9992
2 58468  97.3385 153.7829 0005649 168.7302 191.4085 15.63369136127724
0 AAC-AIS-SAT-1
1 55107U 23001DC  26073.65643206  .00007154  00000-0  72493-3 0  9999
2 55107  97.9249 149.9833 0008918 224.7654 135.2846 14.91197288164193
0 THORAD AGENA D DEB
1 04778U 70025DY  26073.65631505  .00000189  00000-0  33682-3 0  9992
2 04778  99.9724 137.1054 0034116 294.5858 218.0449 13.55628949758612
0 STARLINK-32956
1 63570U 25076B   26073.65630823  .00033164  00000-0  12091-2 0  9994
2 63570  42.9997 296.8605 0001172 273.1189  86.9528 15.27585487 52547
0 KORSAT 7
1 58463U 23185B   26073.65626806  .00002889  00000-0  23037-3 0  9997
2 58463  97.6247 139.6687 0021938 291.4604  68.4281 15.00925629125109
0 COSMOS 761
1 08285U 75086A   26073.65620257 -.00000018  00000-0 -10425-4 0  9997
2 08285  74.0103 153.4102 0052965 212.7386 299.6212 12.55815307314637
0 NOAA 16 DEB
1 41258U 00055FJ  26073.65619624  .00017143  00000-0  34647-2 0  9999
2 41258  98.9865 330.8165 0039643 342.6387  17.3453 14.60936138532757
0 IRIDIUM 145
1 43253U 18030E   26073.65619233  .00000266  00000-0  88101-4 0  9998
2 43253  86.4003 329.9454 0002085  95.0759 265.0675 14.34216754416577
0 STARLINK-5688
1 55479U 23015AG  26073.65610330  .00000621  00000-0  61037-4 0  9993
2 55479  43.0028 286.6330 0001219 265.1648  94.9056 15.02537456171642
0 SL-8 R/B
1 12092U 80099B   26073.65602232  .00000032  00000-0  17078-4 0  9996
2 12092  82.9425  30.2450 0030159 164.6816   8.6298 13.77360947273394
0 STARLINK-34636
1 64915U 25157M   26073.65596480  .00033848  00000-0  11488-2 0  9996
2 64915  53.1579 322.6414 0001798  70.3333 289.7861 15.30225199 36886
0 STARLINK-36564
1 67549U 26014T   26073.65595756  .00147952  00000-0  97419-3 0  9991
2 67549  97.2851 318.8085 0001598  57.7529 302.3891 15.75225867  9290
0 STARLINK-11270
1 60999U 24158K   26073.65586011  .00232427  00000-0  18570-2 0  9996
2 60999  53.1562 256.8549 0000906 328.5193  31.5771 15.69879583 88362
0 PEGASUS DEB
1 39307U 94029AES 26073.65583528  .00069345  00000-0  22860-2 0  9993
2 39307  81.9416 327.5474 0076949  75.7620 285.2149 15.28289619769135
0 THOR ABLESTAR DEB
1 00543U 61015GC  26073.65582318  .00000156  00000-0  25643-3 0  9996
2 00543  67.0318 164.8288 0074672 270.1304 239.2769 13.69199215223752
0 STARLINK-11251
1 60930U 24155G   26073.65582196 -.00000777  00000-0 -15624-5 0  9991
2 60930  53.1583 316.6767 0000767  88.4147 271.6959 15.69716070 89180
0 ONEWEB-0720
1 55835U 23029AR  26073.65580935  .00000006  00000-0 -17465-4 0  9995
2 55835  87.9223 323.8174 0001870  90.2598 269.8749 13.19724997146374
0 COSMOS 2531
1 43752U 18097B   26073.65572863  .00000034  00000-0  17581-3 0  9998
2 43752  82.5157 281.9952 0015938 261.2408  98.6867 12.42909447330569
0 POEM 2
1 56308U 23057A   26073.65572219  .00003014  00000-0  20692-3 0  9994
2 56308   9.8870 228.8151 0020505  28.2085 331.9235 14.94681049158095
0 TAURUS DEB
1 26035U 99070D   26073.65567503  .00000680  00000-0  13602-3 0  9995
2 26035  98.3646 221.6166 0026440  76.9564 294.3482 14.64905830398609
0 THORAD DELTA 1 DEB
1 09986U 74089ED  26073.65566049  .00017087  00000-0  16522-1 0  9999
2 09986 103.2754 337.0387 0393888 333.7360  24.4254 13.50289474418952
0 TIANMU-1 18
1 58703U 24004D   26073.65545412  .00009233  00000-0  36251-3 0  9990
2 58703  97.4664 259.8751 0003430 343.4704  16.6421 15.25932865121351
0 STARLINK-35137
1 65686U 25212L   26073.65541193  .00035153  00000-0  11619-2 0  9992
2 65686  53.1602 312.6319 0001338 291.3953  68.6906 15.31066153 28097
0 STARLINK-35316
1 65742U 25216J   26073.65541154  .00060499  00000-0  20357-2 0  9996
2 65742  53.1610 309.8452 0000822  62.8356 297.2729 15.30240437 26224
0 FFLY-1
1 65320U 25188F   26073.65533277  .00001889  00000-0  18759-3 0  9995
2 65320  97.7439 150.4588 0011412 124.7261 235.5035 14.92870736 29809
0 FENGYUN 1C DEB
1 30327U 99025AAN 26073.65531289  .00004133  00000-0  18770-2 0  9993
2 30327  98.4411 328.5666 0115057 237.7866 151.2865 14.18865790977468
0 STARLINK-36500
1 67320U 26002R   26073.65515793  .00033123  00000-0  12072-2 0  9993
2 67320  42.9930 297.6288 0000607 274.1852  85.8930 15.27595953 11894
0 CZ-2C R/B
1 52794U 22058K   26073.65507533  .00044821  00000-0  64244-3 0  9998
2 52794  50.1888 292.7408 0042010 221.9674 137.8076 15.54619601210901
0 PRISMA
1 44072U 19015A   26073.65496477  .00001226  00000-0  15494-3 0  9996
2 44072  97.8706 149.8111 0001536  85.7672 274.3718 14.83649215378037
0 OBJECT A
1 64048U 25103A   26073.65495177  .00002222  00000-0  10885-3 0  9998
2 64048  97.4117 147.9751 0001695  89.9572 270.1857 15.19176900 45725
0 THORAD AGENA D DEB
1 17658U 69082KU  26073.65494354  .00000497  00000-0  38047-3 0  9995
2 17658  70.3578 308.6259 0053885  66.3111 325.6769 13.98017555557918
0 NINGXIA-1 6
1 49018U 21064A   26073.65490038  .00000080  00000-0  12262-3 0  9992
2 49018  45.0006 294.1672 0007391 138.2880 221.8521 14.08519494240888
0 STARLINK-31724
1 59554U 24074W   26073.65485897  .00001015  00000-0  46412-4 0  9993
2 59554  42.9993 279.4458 0001030 269.0360  91.0374 15.27573452107187
0 COSMOS 2040
1 20234U 89074C   26073.65484274  .00000037  00000-0  14589-3 0  9997
2 20234  82.5860 307.6995 0005017 166.6057 219.4577 12.62624719681702
0 OBJECT B
1 59806U 24094B   26073.65483172  .00009996  00000-0  51795-3 0  9994
2 59806  97.3972 147.0496 0004818  67.1908 292.9834 15.16368762100834
0 STARLINK-30088
1 57462U 23107F   26073.65475247  .00001492  00000-0  65307-4 0  9996
2 57462  43.0019 308.3035 0002106 265.1977  94.8634 15.26747814145909
0 GHGSAT-C1
1 46278U 20061G   26073.65472812  .00046728  00000-0  47730-3 0  9990
2 46278  97.2158 156.1256 0001797  67.8680 292.2771 15.64925528308666
0 COSMOS 1716
1 16449U 86002A   26073.65466899 -.00000015  00000-0  43046-5 0  9990
2 16449  73.9901 165.1162 0018493 268.5548 244.4681 12.46917640828849
0 DELTA 1 DEB
1 21516U 75052GM  26073.65465443  .00000216  00000-0  52026-3 0  9996
2 21516  99.7982 211.5487 0070876 177.4423 200.0117 13.32958051681660
0 DELTA 1 DEB
1 21276U 75052M   26073.65464091  .00000008  00000-0  10295-3 0  9998
2 21276 100.0168 334.8370 0046007 335.1376  54.0041 13.35568946699119
0 STARLINK-5043
1 53894U 22119J   26073.65463655 -.00000929  00000-0 -40270-4 0  9991
2 53894  53.2175 301.8681 0001422  88.9247 271.1908 15.08841075192434
0 METEOR 1-5 DEB
1 58396U 70047C   26073.65452341  .00001867  00000-0  80507-3 0  9992
2 58396  81.2150 322.3433 0031459 297.6577  62.1410 14.23959220123495
0 SL-14 R/B
1 16720U 86034B   26073.65431931  .00000477  00000-0  52097-4 0  9992
2 16720  82.5546 142.3874 0019238   4.6575 147.2834 14.85673649131600
0 COSMOS 570
1 06681U 73037G   26073.65430326 -.00000006  00000-0  58249-4 0  9997
2 06681  74.0189 147.7672 0092718 309.3028 204.0303 12.63531691433704
0 CZ-4 DEB
1 20973U 90081CF  26073.65429807  .00004334  00000-0  78672-3 0  9995
2 20973  98.1669 129.8632 0035514 119.9845  31.6534 14.66319172856683
0 RISAT-2BR1
1 44857U 19089F   26073.65428568  .00004977  00000-0  38096-3 0  9993
2 44857  36.9618 312.4055 0013160 129.6971 230.4933 15.01680016342987
0 OBJECT C
1 59679U 24085C   26073.65428019  .00014192  00000-0  45586-3 0  9996
2 59679  97.3357 150.3555 0027865  20.8258 339.4112 15.32011182103167
0 GRUS-1E
1 47935U 21022D   26073.65422747  .00000802  00000-0  69793-4 0  9998
2 47935  97.5565 320.9811 0012907 296.0383  63.9512 14.99590158271783
0 ONEWEB-0529
1 54145U 22138AJ  26073.65422300  .00000019  00000-0  14971-4 0  9991
2 54145  87.9225 323.8137 0001816  87.3690 272.7651 13.19724526164359
0 STARLINK-33817
1 63583U 25076Q   26073.65420989  .00040212  00000-0  14599-2 0  9995
2 63583  42.9996 293.3128 0001319 252.8490 107.2217 15.27645383 52582
0 COSMOS 1198
1 11881U 80058G   26073.65415462 -.00000013  00000-0  18894-4 0  9990
2 11881  74.0220 338.8570 0022171 337.4776  39.8843 12.43791962 74088
0 COSMOS 1641
1 15623U 85023G   26073.65415226 -.00000002  00000-0  87135-4 0  9995
2 15623  74.0579 322.7921 0043076  61.6173 314.3812 12.54561344876874
0 COSMOS 2147
1 21303U 91033E   26073.65404009  .00000018  00000-0  38827-4 0  9992
2 21303  82.5715 335.9784 0018175 215.7645 153.9040 12.65162916608195
0 FREGAT DEB
1 45820U 11037BE  26073.65403867  .00011005  00000-0  66935-2 0  9996
2 45820  51.5310 300.7886 1502194 191.3853 164.9055 11.75175861242381
0 SUPERVIEW NEO 3-02
1 63208U 25051A   26073.65396902  .00015327  00000-0  64888-3 0  9995
2 63208  97.4564 153.4986 0002429 121.1169 239.0307 15.23265709 55442
0 FENGYUN 1C DEB
1 30944U 99025BAJ 26073.65391403  .00000827  00000-0  18750-3 0  9995
2 30944  98.8333 139.2942 0148106 182.1511 331.0600 14.52602241  3862
0 DEIMOS 2
1 40013U 14033D   26073.65388543  .00002529  00000-0  24590-3 0  9990
2 40013  97.5972 311.4053 0000671  65.1490 294.9800 14.93429426623619
0 STARLINK-32878
1 62892U 25024P   26073.65385281  .00032760  00000-0  11930-2 0  9990
2 62892  43.0022 297.4618 0003919 299.0483  60.9976 15.27624117 63028
0 STARLINK-36559
1 67555U 26014Z   26073.65384262  .00176224  00000-0  11545-2 0  9995
2 67555  97.2856 318.8095 0001302  55.2155 304.9233 15.75263665  9346
0 OBJECT A
1 63982U 25100A   26073.65369444  .00014725  00000-0  66143-3 0  9997
2 63982  97.3742 148.4820 0023593 317.9317  42.0107 15.21002249 46271
0 COURIER 1B
1 00058U 60013A   26073.65360637  .00000126  00000-0  60297-4 0  9994
2 00058  28.3266 259.4135 0164803 145.0329 216.1162 13.46426172221311
0 PICO-01A003
1 58326U 23174BY  26073.65360174  .00028927  00000-0  67359-3 0  9992
2 58326  97.3833 157.5804 0007257 138.4430 221.7370 15.42215625130822
0 FENGYUN 1C DEB
1 30937U 99025BAB 26073.65355779 -.00000106  00000-0 -44806-4 0  9997
2 30937  99.0715 129.6708 0075582 160.6576 351.1471 13.95612826969982
0 SL-8 DEB
1 21420U 91041C   26073.65354616  .00001238  00000-0  34544-3 0  9995
2 21420  74.0641 139.8845 0002638 104.9156  50.2648 14.47295293821918
0 STARLINK-34052
1 63874U 25094L   26073.65350700  .00006856  00000-0  58158-3 0  9997
2 63874  70.0009 222.0603 0003265 272.1059  87.9726 14.98346062 47949
0 UHETSAT
1 58466U 23185E   26073.65346970  .00009620  00000-0  33439-3 0  9998
2 58466  97.3583 142.0213 0011666 288.8121  71.1854 15.29879795126837
0 STARLINK-33574
1 62774U 25015S   26073.65328115  .00034512  00000-0  11713-2 0  9998
2 62774  53.1590 299.2167 0000662  67.0331 293.0740 15.30217329 64964
0 STARLINK-3523
1 51729U 22016R   26073.65325308  .00000538  00000-0  51908-4 0  9998
2 51729  53.2172 296.8402 0001272  89.5052 270.6086 15.08840311224310
0 COSMOS 1011
1 10917U 78053A   26073.65306760  .00000048  00000-0  34637-4 0  9991
2 10917  82.9200 148.5569 0035718 222.8764 301.9085 13.75518162398931
0 STARLINK-35723
1 66211U 25244F   26073.65295163  .00038465  00000-0  13031-2 0  9994
2 66211  53.1575 206.5591 0000970  89.5321 270.5791 15.30225329 22418
0 ONEWEB-0152
1 48043U 21025B   26073.65286369  .00000341  00000-0  89806-3 0  9994
2 48043  87.9033 339.0287 0001666  81.8110 278.3208 13.13469884241140
0 YAOGAN 25B
1 40339U 14080B   26073.65285681 -.00000109  00000-0 -21173-4 0  9991
2 40339  63.3884 194.4627 0358653   8.4996 352.1889 13.45425847552913
0 OBJECT V
1 51843U 22019V   26073.65280686  .00034664  00000-0  62460-3 0  9998
2 51843  97.3595 158.7221 0007647 136.8331 223.3521 15.49685914224723
0 DELTA 1 DEB
1 12175U 78026Q   26073.65250795  .00000275  00000-0  22475-3 0  9993
2 12175  99.2257 328.0334 0062323 308.2637  80.8051 13.97354371294066
0 COSMOS 1275 DEB
1 17614U 81053KH  26073.65249586  .00002212  00000-0  12341-2 0  9999
2 17614  82.7847 143.5170 0040127 312.9622 199.4814 14.10108860 74384
0 COSMOS 508
1 06121U 72057E   26073.65249293 -.00000012  00000-0  25337-4 0  9997
2 06121  74.0283 156.7069 0034547 238.0525 273.9494 12.48900717445895
0 STARLINK-36395
1 67554U 26014Y   26073.65242894  .00156043  00000-0  10267-2 0  9995
2 67554  97.2855 318.8126 0001574  21.4998 338.6333 15.75219999  9346
0 ELEKTRON 1 DEB
1 00750U 64006C   26073.65236512  .00020707  00000-0  20306-2 0  9995
2 00750  60.7453 214.8261 1396403  18.8982 345.8864 12.47667855834841
0 OBJECT L
1 58927U 24024L   26073.65234243  .00012215  00000-0  42871-3 0  9996
2 58927  97.3170 142.3399 0007708 152.9567 207.2077 15.29531749 93900
0 FENGYUN 1C DEB
1 30971U 99025BBM 26073.65228909  .00004056  00000-0  53013-3 0  9994
2 30971  99.1939 134.5604 0160671 267.4232 247.6008 14.72521595 10685
0 YAOGAN-30 S
1 45461U 20021B   26073.65224706  .00004199  00000-0  31427-3 0  9998
2 45461  34.9943  66.4867 0001583 121.7374 238.3489 15.02215427326268
0 STARLINK-31753
1 59484U 24071A   26073.65199453  .00001528  00000-0  65016-4 0  9992
2 59484  43.0043 311.7968 0001588 261.6196  98.4476 15.27586477108968
0 STARLINK-35747
1 66207U 25244B   26073.65198296  .00048338  00000-0  16343-2 0  9997
2 66207  53.1578 207.2112 0001145  75.6885 284.4242 15.30186619 22412
0 SL-14 R/B
1 18340U 87074G   26073.65193259  .00000015  00000-0  24857-4 0  9996
2 18340  82.5699 136.2039 0040565  60.0582  94.1430 12.55577905765142
0 STARLINK-35306
1 67361U 26003AD  26073.65192049  .00035176  00000-0  12808-2 0  9991
2 67361  43.0004 198.9599 0000742 275.8019  84.2748 15.27602933  9584
0 STARLINK-36515
1 67430U 26005AC  26073.65188851  .00041604  00000-0  15171-2 0  9995
2 67430  42.9955 210.1035 0000996 248.5136 111.5610 15.27488595  9447
0 DELTA 1 DEB
1 10714U 76077AK  26073.65188521  .00001819  00000-0  26415-1 0  9992
2 10714 103.3661 338.0455 0580163 115.6195 281.1239 11.54338744 82134
0 OBJECT D
1 59680U 24085D   26073.65184904  .00018085  00000-0  55731-3 0  9998
2 59680  97.3313 150.0567 0014816  39.0188 321.2121 15.33559491103167
0 IRIDIUM 33 DEB
1 34375U 97051FT  26073.65180316  .00001056  00000-0  47980-3 0  9995
2 34375  86.4338 145.6792 0101956 193.7657 320.4624 14.18191554880141
0 NEXSAT-1
1 58921U 24024E   26073.65172962  .00010734  00000-0  34651-3 0  9990
2 58921  97.3125 148.8362 0009992  94.5397 265.6986 15.32254994117412
0 COSMOS 1323
1 12978U 81116D   26073.65163883 -.00000010  00000-0  39682-4 0  9996
2 12978  73.9815 135.9332 0089884   3.1730 166.3829 12.29206427987430
0 COSMOS 1156
1 11691U 80012A   26073.65145705 -.00000027  00000-0 -63016-4 0  9991
2 11691  74.0220 157.7252 0048099  56.7564  94.3352 12.56897615114504
0 MOS 1A (MOMO 1)
1 17527U 87018A   26073.65143001 -.00000039  00000-0  26908-5 0  9997
2 17527  98.8546 125.7087 0009751  94.4463  75.6970 14.03191353996802
0 STARLINK-33662
1 63285U 25053W   26073.65140989  .00045303  00000-0  16439-2 0  9999
2 63285  43.0019 213.6365 0001668 272.2104  87.8556 15.27615517 56952
0 COSMOS 1823 DEB
1 18731U 87020J   26073.65139921  .00000102  00000-0  84698-3 0  9992
2 18731  73.6279 154.0657 0018919 284.1166 227.7849 12.44088471734642
0 LEAP-1
1 65321U 25188G   26073.65134838  .00003337  00000-0  34257-3 0  9997
2 65321  97.7429 149.8307 0003924 143.3335 216.8153 14.91063295 29769
0 COSMOS 1275 DEB
1 13816U 81053HL  26073.65128494  .00001338  00000-0  99375-3 0  9994
2 13816  82.9855 143.1692 0160230  95.9839  54.5949 13.88448369147168
0 FENGYUN 1C DEB
1 29975U 99025KZ  26073.65119646  .00000427  00000-0  31427-3 0  9996
2 29975  99.3235 121.2559 0114772 122.7047  35.8053 13.98068800977218
0 STARLINK-30165
1 57457U 23107A   26073.65118003  .00002995  00000-0  11829-3 0  9992
2 57457  43.0004 308.2801 0002157 259.0101 101.0508 15.27588014145899
0 DELTA 1 DEB
1 07153U 73086DT  26073.65114084  .00000058  00000-0  81444-3 0  9994
2 07153 102.1478  41.1014 0034816 316.6281 218.3199 12.36006257359058
0 SJ-11-03
1 37730U 11030A   26073.65114082  .00000687  00000-0  13907-3 0  9994
2 37730  97.9233  41.1585 0007916 342.7949 190.2700 14.64227659783272
0 COSMOS 2251 DEB
1 33839U 93036CG  26073.65106472  .00001559  00000-0  28403-3 0  9996
2 33839  74.0401  29.8211 0082770 119.7626  54.1741 14.64739017909252
0 COSMOS 1388
1 13375U 82073A   26073.65103179 -.00000011  00000-0  33601-4 0  9999
2 13375  74.0150 145.9096 0052784 304.1977 210.5487 12.57507366  3674
0 SL-8 R/B
1 16799U 86047B   26073.65092903  .00000072  00000-0  56685-4 0  9992
2 16799  82.9196 216.9931 0065716 337.3591  22.4670 13.77601889930515
0 THORAD DELTA 1 DEB
1 08142U 74089L   26073.65089861 -.00014416  00000-0 -71126-1 0  9990
2 08142 101.1820 333.8812 0423509 140.9939 253.1708 12.47225552270680
0 COSMOS 2251 DEB
1 34396U 93036QM  26073.65087105  .00016306  00000-0  22979-2 0  9993
2 34396  74.0290 304.0981 0004817 310.4372  79.2445 14.77257859897026
0 EPSILON R/B
1 39255U 13049C   26073.65081006  .00000202  00000-0  81274-4 0  9995
2 39255  29.7498 276.6573 0113048  10.6631 349.6320 14.01625424640494
0 STARLINK-1063
1 44768U 19074BH  26073.65079077 -.00900224  00000-0 -33484-1 0  9991
2 44768  53.1601 196.3496 0005931  53.2246 306.9298 15.29811238349075
0 COSMOS 1693
1 16141U 85094D   26073.65073329  .00000015  00000-0  22089-4 0  9993
2 16141  82.6114 312.7429 0013826 249.3367 138.0154 12.64358504865592
0 THOR ABLESTAR DEB
1 00404U 61015ED  26073.65067884  .00000185  00000-0  45408-3 0  9991
2 00404  66.4706 302.0858 0557032 222.7401 132.9020 12.92421033 31025
0 COSMOS 1720
1 16453U 86002E   26073.65067067 -.00000014  00000-0  15624-4 0  9998
2 16453  73.9909  29.7275 0027145  70.8094 102.5023 12.50634102834302
0 CZ-4B DEB
1 29539U 06015F   26073.65064667  .00020530  00000-0  15816-2 0  9991
2 29539  97.7659 142.9414 0069146  16.7807 137.0565 14.99749890 55404
0 THORAD AGENA D DEB
1 04986U 70025HG  26073.65055404  .00000054  00000-0  17016-3 0  9995
2 04986  99.7641 323.3987 0053497 301.4470  86.6415 13.42922054737938
0 FENGYUN 1C DEB
1 29821U 99025DP  26073.65042037  .00002649  00000-0  76937-3 0  9998
2 29821  98.8569 132.7581 0373330 220.0200 295.3931 14.11574165978079
0 STARLINK-35008
1 65408U 25192E   26073.65039909  .00035418  00000-0  12021-2 0  9990
2 65408  53.1586 209.3160 0001119  92.7720 267.3409 15.30203424 30146
0 GLOBALSTAR M033
1 25909U 99049C   26073.65036683 -.00000115  00000-0 -22155-3 0  9998
2 25909  51.9926 307.5831 0015207  99.6662 260.5903 12.20303650568768
0 TIANHUI 4B
1 50573U 21134B   26073.65027610  .00011705  00000-0  24522-3 0  9998
2 50573  88.9794 336.1384 0011360  87.7751 272.4809 15.45232089235237
0 ONEWEB-0648
1 55811U 23029R   26073.65021788  .00000155  00000-0  38296-3 0  9993
2 55811  87.8978 308.5693 0002172 107.2068 252.9300 13.14502397146972
0 THOR ABLESTAR DEB
1 15783U 61015LG  26073.65015601  .00010006  00000-0  12373-2 0  9994
2 15783  67.0377 311.7376 0041427 301.7366  88.1551 14.82500810168808
0 STARLINK-33593
1 62780U 25015Y   26073.65012925  .00053627  00000-0  18091-2 0  9998
2 62780  53.1576 299.1963 0003772  77.9951 282.1472 15.30206293 65242
0 NINGXIA-1 4
1 44782U 19076D   26073.65012249 -.00000107  00000-0  15235-4 0  9994
2 44782  45.0073 242.2954 0012420  36.1395 324.0277 14.02017916324555
0 YAOGAN-30 Y
1 48424U 21039B   26073.65006793  .00004163  00000-0  31168-3 0  9997
2 48424  34.9944 247.0662 0003371  68.7389 291.3679 15.02205926265315
0 QIANFAN-74
1 63160U 25046B   26073.65006775  .00000167  00000-0  23955-3 0  9998
2 63160  88.9744 310.4174 0001971  79.3662 280.7711 13.51001168 59881
0 DELTA 1 DEB
1 07193U 73086FB  26073.65005345 -.00000277  00000-0 -23008-2 0  9993
2 07193 101.8381 142.8843 0290777   0.2949 156.1490 12.09174974303365
0 STARLINK-36445
1 67313U 26002J   26073.65001736  .00019955  00000-0  73249-3 0  9993
2 67313  42.9970 297.5917 0000973 280.3600  79.7142 15.27589510 11994
0 TIANQI 29
1 61195U 24170A   26073.65000358  .00000118  00000-0  16863-3 0  9998
2 61195  44.8562 198.2484 0005157   3.4346 356.6519 13.99111378 75625
0 DELTA 2 R/B(1)
1 22109U 92058B   26073.64997040  .00002147  00000-0  22451-3 0  9996
2 22109  19.7799 188.3744 0031686 168.8434 191.2686 14.80054678781441
0 TIANHUI 4A
1 50572U 21134A   26073.64996969  .00011500  00000-0  24088-3 0  9998
2 50572  88.9797 336.1539 0011780  84.4147 275.8455 15.45232403235267
0 MALLIGYONG-1
1 58400U 23179A   26073.64988834  .00004550  00000-0  20181-3 0  9996
2 58400  97.3161 317.8290 0008863  12.8420 347.3041 15.22045479128370
0 COSMOS 2129
1 21104U 91009E   26073.64987139 -.00000005  00000-0  65791-4 0  9990
2 21104  74.0327 325.8331 0024853 154.6244 229.7738 12.53742339605677
0 TUBSAT B
1 22971U 94003C   26073.64980734 -.00000073  00000-0 -22279-3 0  9993
2 22971  82.5654 152.6237 0017408  78.9470  74.3867 13.17152773544627
0 COSMOS 883
1 09610U 76122A   26073.64967145  .00000062  00000-0  47760-4 0  9990
2 09610  82.9567 334.7854 0035523 117.8373 242.6391 13.76351147471969
0 THOR ABLESTAR DEB
1 00403U 61015EC  26073.64967120  .00000036  00000-0  10406-3 0  9996
2 00403  66.8412 152.9715 0027421 250.4327 261.9331 13.81219106258096
0 COSMOS 2407
1 28380U 04028A   26073.64965846  .00000073  00000-0  58505-4 0  9998
2 28380  82.9625 144.8546 0039959 155.0458 357.1575 13.76325693 86877
0 STARLINK-34475
1 64603U 25137K   26073.64965682  .00027744  00000-0  94480-3 0  9993
2 64603  53.1594 312.2429 0001368  92.6912 267.4246 15.30219024 41494
0 YAOGAN-30 B
1 42946U 17058B   26073.64964306  .00004613  00000-0  34426-3 0  9998
2 42946  34.9962 246.2345 0002461 226.7689 133.2814 15.02294692461631
0 SL-14 R/B
1 22188U 92068G   26073.64962553  .00000002  00000-0 -50146-4 0  9997
2 22188  82.6020 154.4988 0044686 332.6908 196.5699 12.54918559529740
0 THOR BURNER 2 R/B
1 03522U 68092B   26073.64961451  .00000280  00000-0  12311-3 0  9992
2 03522  98.8015 224.1623 0029862  84.4948 275.9639 14.30994914986759
0 STARLINK-36566
1 67551U 26014V   26073.64960712  .00176454  00000-0  11575-2 0  9998
2 67551  97.2852 318.8168 0000988  43.0946 317.0396 15.75232327  9347
0 OBJECT H
1 54689U 22167H   26073.64955742  .00016873  00000-0  54077-3 0  9991
2 54689  97.6847 239.9763 0006208  93.5795 266.6156 15.32419354180871
0 OBJECT D
1 67677U 26023D   26073.64944118  .00014816  00000-0  62722-3 0  9993
2 67677  96.6415 146.0400 0020909 111.1369 249.2108 15.23050733  5609
0 RISAT 2B
1 44233U 19028A   26073.64940146  .00005383  00000-0  41181-3 0  9995
2 44233  36.9961 194.5910 0007490 329.2694  30.7609 15.01699448373618
0 SL-8 R/B
1 05555U 71086J   26073.64936046  .00000014  00000-0  25032-3 0  9998
2 05555  74.0185 137.5077 0074898 107.1400  47.9784 12.27032066437312
0 COSMOS 2538
1 44424U 19039D   26073.64925175  .00008436  00000-0  38960-3 0  9997
2 44424  97.5929 152.4538 0043264  15.7866 344.4706 15.19609372365545
0 KUIPER-00157
1 65970U 25228Z   26073.64920805 -.00018219  00000-0 -23666-2 0  9996
2 65970  51.9006 316.2861 0002197  85.0965 275.0248 14.79943432 24278
0 STARLINK-2433
1 47841U 21018BG  26073.64917243  .00003537  00000-0  25610-3 0  9995
2 47841  53.0539 209.3532 0001228  96.6888 263.4241 15.06413799277624
0 OBJECT M
1 61905U 24205M   26073.64914796  .00011981  00000-0  44417-3 0  9991
2 61905  97.3915 148.8691 0003514 286.3309  73.7544 15.27763340 74063
0 COSMOS 1232
1 12111U 80102E   26073.64913580 -.00000010  00000-0  37951-4 0  9992
2 12111  73.9945 150.7239 0033621 237.4809 277.2087 12.56330144 73923
0 STARLINK-4593
1 53633U 22104AX  26073.64909736  .00001315  00000-0  10064-3 0  9995
2 53633  53.2165 201.8807 0000883  76.8097 283.2993 15.08847184196644
0 OBJECT AV
1 57217U 23091AV  26073.64898598  .00018288  00000-0  67741-3 0  9997
2 57217  97.5178 137.2772 0012715  74.5147 285.7495 15.27627730149930
0 STARLINK-31737
1 59537U 24074D   26073.64897315  .00002559  00000-0  10248-3 0  9996
2 59537  42.9992 315.4442 0000419 259.2006 100.8798 15.27573626106775
0 TIANYAN 23
1 63209U 25051B   26073.64896285  .00046562  00000-0  10785-2 0  9995
2 63209  97.4558 158.3409 0006812  85.6640 274.5385 15.42275805 55762
0 STARLINK-30092
1 57467U 23107L   26073.64889440  .00006402  00000-0  24812-3 0  9995
2 57467  43.0014 308.2570 0000747 227.7872 132.2916 15.26743651145904
0 DELTA 1 DEB
1 21269U 75052E   26073.64887996  .00000038  00000-0  18018-3 0  9996
2 21269  99.7332 310.9093 0117582 240.7018 143.3312 13.23716648683012
0 THORAD AGENA D DEB
1 04950U 70025GL  26073.64884046  .00000069  00000-0  27977-3 0  9990
2 04950  99.8422 333.6969 0219301 238.0657 150.6983 13.10173674671122
0 YUNHAI 2-2C
1 59282U 24052C   26073.64883328  .00000025  00000-0  74774-4 0  9999
2 59282  50.0082 183.0417 0006682 190.2256 169.8524 14.27927254101295
0 NOAA 16 DEB
1 42341U 00055QH  26073.64882563  .00039047  00000-0  57708-2 0  9996
2 42341  98.7196 218.6900 0025549 285.2480  74.5903 14.74855950526869
0 THOR ABLESTAR R/B
1 00047U 60007C   26073.64882345  .00000470  00000-0  12283-3 0  9992
2 00047  66.6648 300.6486 0222310 209.0564 149.8022 14.45197664437144
0 STARLINK-6218
1 57368U 23099AS  26073.64881579  .00000724  00000-0  68650-4 0  9990
2 57368  43.0037 208.8958 0001444 271.1208  88.9469 15.02535796147012
0 LEMUR 2 MARACHE-FRAN
1 63262U 25052BE  26073.64875261  .00010202  00000-0  84638-3 0  9997
2 63262  97.6998 328.4122 0002404  46.0296 314.1124 14.98983883 54598
0 SL-16 DEB
1 22609U 93016T   26073.64869059  .00000355  00000-0  30479-3 0  9992
2 22609  70.9925 304.6463 0136768 308.1512  81.9474 13.89263659666968
0 ONEWEB-0673
1 55832U 23029AN  26073.64868394  .00000074  00000-0  15363-3 0  9997
2 55832  87.9225 323.8022 0001642  86.0017 274.1303 13.19724197146435
0 STARLINK-32944
1 63022U 25032T   26073.64865559  .00034221  00000-0  12467-2 0  9995
2 63022  42.9996 308.4630 0001260 289.6778  70.3937 15.27595875 61374
0 COSMOS 1559
1 14998U 84052A   26073.64860339  .00000000  00000-0  11095-3 0  9996
2 14998  74.0131 307.5632 0026115 261.1090 128.2136 12.43978695897785
0 CZ-4 DEB
1 26323U 99057HG  26073.64859697  .00002635  00000-0  56237-3 0  9990
2 26323  98.4411 139.6280 0066152 346.0405 167.0504 14.58402569369506
0 COSMOS 1275 DEB
1 12780U 81053DW  26073.64859067  .00000817  00000-0  63215-3 0  9994
2 12780  82.9484 146.4616 0022899  60.6658  92.9387 13.91468209251979
0 COSMOS 84
1 01574U 65070E   26073.64857911 -.00000066  00000-0  20060-3 0  9998
2 01574  56.0549 315.5829 0065869 111.1397 274.2902 12.37036863734737
0 COSMOS 82
1 01572U 65070C   26073.64851911 -.00000095  00000-0 -35603-5 0  9994
2 01572  56.0583 150.4112 0075996 132.6017  19.5276 12.45122476752428
0 COSMOS 1697
1 16181U 85097A   26073.64851759 -.00000168  00000-0 -63823-4 0  9992
2 16181  70.9614 210.3841 0016920 165.5844 194.5764 14.13651679950313
0 YAOGAN-40 01B
1 57832U 23139C   26073.64843456  .00000199  00000-0  97816-4 0  9995
2 57832  85.9896 302.3863 0002244  89.7137 270.4303 14.12431814129363
0 ASTRID 2
1 25568U 98072B   26073.64842835  .00000131  00000-0  12486-3 0  9999
2 25568  82.9519 153.6070 0024226 351.6059 162.4506 13.73124412364992
0 TIANQI 24
1 57795U 23135D   26073.64842772  .00000346  00000-0  22224-3 0  9993
2 57795  49.9728 190.5497 0013435 289.4063  70.5396 14.23093719131168
0 DELTA 1 DEB
1 21320U 75052AN  26073.64842352  .00000196  00000-0  24315-3 0  9993
2 21320  99.5205 313.1701 0128208 351.6536  33.1594 13.73711207742589
0 YAOGAN-40 01C
1 57833U 23139D   26073.64833671  .00000201  00000-0  98659-4 0  9994
2 57833  85.9899 301.6672 0002415  71.2108 288.9337 14.12431800129468
0 STARLINK-35817
1 66357U 25254K   26073.64832114  .00040151  00000-0  13603-2 0  9998
2 66357  53.1579 209.5069 0001206  91.4591 268.6548 15.30203176 19735
0 STARLINK-4617
1 53675U 22105AD  26073.64829982  .00000179  00000-0  16591-4 0  9995
2 53675  97.6018 316.1702 0002194  83.6479 276.4997 15.05645088194057
0 STARLINK-6354
1 56784U 23078T   26073.64829413  .00000053  00000-0  12236-4 0  9991
2 56784  69.9990 312.0626 0002519 260.2256  99.8619 14.98342910153916
0 YAOGAN-40 01A
1 57830U 23139A   26073.64827212  .00000174  00000-0  83981-4 0  9996
2 57830  85.9898 302.4065 0002140  89.3011 270.8417 14.12426461129351
0 CZ-2C DEB
1 40264U 14059D   26073.64825886  .00028336  00000-0  26211-2 0  9996
2 40264  97.8296 335.0899 0054360  80.4863 280.2494 14.93359327609036
0 ICEYE-X4
1 44390U 19038D   26073.64825300  .00016513  00000-0  62190-3 0  9994
2 44390  97.8882 101.1085 0012192 275.3455  84.6391 15.27117963367364
0 STARLINK-32346
1 61849U 24202E   26073.64806185  .00001924  00000-0  79405-4 0  9999
2 61849  43.0016 198.9379 0001359 267.0744  92.9952 15.27583116 76219
0 STARLINK-30401
1 57818U 23138L   26073.64805044  .00002915  00000-0  11827-3 0  9994
2 57818  42.9994 206.4241 0001119 268.6481  91.4242 15.26749001139396
0 STARLINK-34086
1 65734U 25216A   26073.64802640  .00037331  00000-0  12650-2 0  9992
2 65734  53.1584 309.8003 0002508  92.9427 267.1860 15.30230402 27328
0 STARLINK-36374
1 67417U 26005P   26073.64802636  .00044746  00000-0  16240-2 0  9991
2 67417  42.9977 210.0774 0001300 254.0617 106.0091 15.27615178  9453
0 STARLINK-31306
1 58876U 24020A   26073.64800273 -.00000003  00000-0  12030-4 0  9994
2 58876  53.1606 299.1501 0001114  89.0447 271.0681 15.30197539120015
0 ALSAT 2B
1 41786U 16059D   26073.64799809  .00000815  00000-0  14170-3 0  9997
2 41786  98.0005 137.7033 0001838 111.5970 248.5433 14.70738173506874
0 SL-8 R/B
1 18161U 87057B   26073.64799188  .00000133  00000-0  11799-3 0  9991
2 18161  82.9338 215.4445 0031312  19.9050 351.5181 13.77430353923364
0 DELTA 1 DEB
1 07194U 73086FC  26073.64798913  .00000273  00000-0  50082-2 0  9999
2 07194 102.6863 129.9211 0532797 300.8204 216.6946 11.49911073192994
0 SL-16 DEB
1 23282U 92093JG  26073.64797502  .00019880  00000-0  36826-2 0  9991
2 23282  71.1718 308.5844 0044140 107.8901 286.4474 14.64656697660680
0 STARLINK-36593
1 67564U 26016D   26073.64796516  .00394734  00000-0  25082-2 0  9994
2 67564  97.2842 134.3776 0001766  30.4683 329.6685 15.75362258  7580
0 ONEWEB-0645
1 55809U 23029P   26073.64790257  .00000033  00000-0  49910-4 0  9994
2 55809  87.9223 323.8169 0001804  96.9603 263.1735 13.19725117146430
0 STARLINK-36580
1 67546U 26014Q   26073.64784652  .00229254  00000-0  14934-2 0  9998
2 67546  97.2842 318.8181 0001420  38.4936 321.6430 15.75246098  9355
0 STELLA
1 22824U 93061B   26073.64779091 -.00000029  00000-0  67356-5 0  9992
2 22824  98.7831 137.5178 0006973 144.3661 340.1166 14.27467718691282
0 STARLINK-33813
1 63585U 25076S   26073.64778662  .00015217  00000-0  56130-3 0  9995
2 63585  42.9971 293.2614 0000867 258.4543 101.6212 15.27582126 52593
0 COSMOS 2251 DEB
1 34572U 93036VJ  26073.64776076  .00007770  00000-0  18865-2 0  9994
2 34572  74.0099 302.3527 0060566 354.0964  37.8719 14.51908406887116
0 OBJECT B
1 67675U 26023B   26073.64774866  .00014936  00000-0  63113-3 0  9990
2 67675  96.6352 146.0211 0019759 116.1038 244.2237 15.23133877  5616
0 STARLINK-3621
1 51769U 22017B   26073.64773453  .00000661  00000-0  59601-4 0  9995
2 51769  53.2191 316.8634 0001519  89.9895 270.1271 15.08836352223352
0 STARLINK-11714
1 64134U 25111M   26073.64773355  .00298606  00000-0  22257-2 0  9997
2 64134  42.9986 303.5360 0008372 292.5073  67.4908 15.71045458 47427
0 METEOR 2-5
1 11605U 79095A   26073.64771807  .00000187  00000-0  10363-3 0  9993
2 11605  81.2115 323.3656 0010337 179.0022 181.1170 14.07459363380008
0 COSMOS 1327
1 12982U 81116H   26073.64756615 -.00000005  00000-0  86448-4 0  9997
2 12982  73.9831  40.6087 0077671 255.9865 278.8423 12.31646239991367
0 STARLINK-34494
1 64611U 25137T   26073.64754628  .00034432  00000-0  11685-2 0  9995
2 64611  53.1605 312.2309 0001708  82.8755 277.2440 15.30222136 41490
0 OPS 4682 DEB
1 01389U 65027D   26073.64754333  .00000678  00000-0  17977-2 0  9998
2 01389  89.8636 220.8858 0020838  46.1675 326.4899 13.14643457898268
0 STARLINK-36434
1 67322U 26002T   26073.64744775  .00030309  00000-0  11059-2 0  9995
2 67322  42.9978 297.5689 0000751 266.4855  93.5911 15.27595675 11839
0 COSMOS 1823 DEB
1 18751U 87020AC  26073.64743008  .00000011  00000-0  23093-3 0  9991
2 18751  73.6298 143.6125 0078052 290.3941 223.9903 12.33019786720570
0 STARLINK-36545
1 67505U 26012N   26073.64742537  .00033984  00000-0  12381-2 0  9994
2 67505  42.9986 286.0857 0001558 241.7694 118.3000 15.27598524  8527
0 SL-16 DEB
1 22291U 92093F   26073.64741735  .00000026  00000-0  63747-4 0  9993
2 22291  71.0096 309.1826 0208364 180.2246 210.6842 13.72533522662770
0 STARLINK-1094
1 44941U 20001AD  26073.64740212  .00004068  00000-0  14944-3 0  9992
2 44941  53.1600 296.5357 0001239 101.3904 258.7236 15.30191255340999
0 COSMOS 413
1 05212U 71041C   26073.64731475 -.00000012  00000-0  26194-4 0  9998
2 05212  74.0170  31.8403 0021675 335.3893 197.8103 12.43852237490712
0 COSMOS 1275 DEB
1 12728U 81053BV  26073.64719670  .00000496  00000-0  47284-3 0  9992
2 12728  82.8094 151.9128 0058606 110.2475  42.8148 13.78002577225270
0 YAOGAN 16C
1 39013U 12066C   26073.64718605 -.00000219  00000-0 -12408-3 0  9998
2 39013  63.3550 173.6677 0428210  25.6456 336.5143 13.45493157653418
0 COSMOS 1910
1 18789U 88002B   26073.64715944  .00000036  00000-0  14101-3 0  9998
2 18789  82.6037 313.8740 0005109  61.1140 313.6849 12.63631106759931
0 METEOR 2-13
1 16408U 85119A   26073.64712425  .00000125  00000-0  96224-4 0  9997
2 16408  82.5398 329.4951 0016637  30.1586 330.0530 13.85583048 32908
0 CZ-4 DEB
1 26126U 99057N   26073.64711657  .00001551  00000-0  43186-3 0  9999
2 26126  98.6409 126.4606 0095548 102.0158  49.1359 14.45171903362106
0 ONEWEB-0199
1 48234U 21031AA  26073.64702097  .00002103  00000-0  56357-2 0  9995
2 48234  87.8980 308.5579 0001495  85.4126 274.7175 13.14517975235843
0 CZ-4B R/B
1 32959U 08026B   26073.64701838  .00000238  00000-0  83448-4 0  9993
2 32959  98.8629 141.5246 0068744 191.5955 323.3758 14.42992325936447
0 OBJECT K
1 61903U 24205K   26073.64697819  .00020592  00000-0  75187-3 0  9999
2 61903  97.4171 150.9106 0010247  21.2762 338.8901 15.28100930 74198
0 THORAD AGENA D DEB
1 05025U 70025HZ  26073.64696080  .00000270  00000-0  48813-3 0  9999
2 05025 100.0753 140.2584 0043656 244.8738 270.3712 13.50787742746636
0 SCOUT A DEB
1 02386U 66024D   26073.64695453  .00000323  00000-0  27772-3 0  9993
2 02386  90.0464 330.9075 0126055 265.3985  93.2777 13.81571810308896
0 STARLINK-33569
1 62769U 25015M   26073.64695332  .00034782  00000-0  11799-2 0  9992
2 62769  53.1598 299.1819 0002606  79.9858 280.1437 15.30229515 65247
0 GONETS D1 6
1 24730U 97006F   26073.64694294  .00000032  00000-0  11750-3 0  9992
2 24730  82.6094 317.2008 0002692 148.1564 211.9690 12.62495474339744
0 COSMOS 1275 DEB
1 12735U 81053CC  26073.64685337  .00001085  00000-0  11654-2 0  9998
2 12735  83.1417 132.0732 0097404 264.9518 251.2973 13.70765157221355
0 COSMOS 342
1 04389U 70036G   26073.64681773 -.00000013  00000-0  19592-4 0  9995
2 04389  74.0285 140.8697 0100819  39.3774 113.5313 12.68337783587138
0 FENGYUN 1C DEB
1 31248U 99025BME 26073.64672226  .00000727  00000-0  56451-3 0  9996
2 31248  99.2494 136.1016 0110844  63.2355  91.8416 13.92946629961036
0 FENGYUN 1C DEB
1 29796U 99025CN  26073.64670785  .00001175  00000-0  65055-3 0  9997
2 29796  98.8521 129.4824 0051073   9.7270 154.2783 14.12583066983588
0 ALOS DEB
1 35418U 06002Z   26073.64669870  .00007194  00000-0  84355-3 0  9992
2 35418  98.1890  58.8794 0001913 103.3339 345.3262 14.85296025 20004
0 STRELA 3
1 37153U 10043B   26073.64665892 -.00000052  00000-0 -45681-3 0  9997
2 37153  82.4587 137.3212 0006330 290.3437  69.6961 12.40789620702649
0 COSMOS 1275 DEB
1 13488U 81053GJ  26073.64665750  .00000690  00000-0  97200-3 0  9994
2 13488  83.0873 152.3890 0187319   4.1210 151.7334 13.48849564139582
0 COSMOS 1564
1 15003U 84052F   26073.64659697  .00000009  00000-0  15339-3 0  9991
2 15003  74.0125 304.4681 0032381  90.2342 284.9797 12.53583932912428
0 STARLINK-30995
1 58474U 23186B   26073.64658392  .01492641  14461-2  17605-2 0  9995
2 58474  42.9739 187.4901 0020896   2.0845 358.0120 16.07536474129215
0 COSMOS 2463
1 36519U 10017A   26073.64657600  .00000068  00000-0  58630-4 0  9995
2 36519  82.9623 319.1905 0036963  34.1504 354.8993 13.71658520794973
0 SHIYAN 28B-01(SY-28B 01)
1 64753U 25145A   26073.64657323  .00000724  00000-0  11291-3 0  9996
2 64753  10.9977 222.6488 0002917  17.1002 342.9324 14.29360096 36367
0 STARLINK-33820
1 63584U 25076R   26073.64649984  .00041916  00000-0  15228-2 0  9995
2 63584  42.9939 293.2483 0001483 285.4361  74.6327 15.27607446 52592
0 GRUS-1B
1 47934U 21022C   26073.64645461  .00001289  00000-0  11170-3 0  9991
2 47934  97.5544 319.8932 0014466 283.3413  76.6197 14.98750499271735
0 STARLINK-31960
1 59931U 24106K   26073.64645262  .00009812  00000-0  36598-3 0  9997
2 59931  43.0020 304.2952 0001201 265.3362  94.7353 15.27545293101280
0 YAOGAN-37
1 55244U 23006C   26073.64642552  .00006993  00000-0  36623-3 0  9993
2 55244  43.1965 286.1046 0016948 139.4754 220.7362 15.16193020175528
0 STARLINK-32131
1 60153U 24120U   26073.64641582 -.00000063  00000-0  99814-5 0  9994
2 60153  53.1593 296.9990 0001099  86.8160 273.2966 15.30195970 97219
0 GLOBAL-32
1 64231U 25118B   26073.64638785  .00023007  00000-0  60094-3 0  9992
2 64231  58.9935 154.5401 0002968 324.3366  35.7512 15.38781283 43690
0 STARLINK-5177
1 54090U 22136AR  26073.64633668  .00000029  00000-0  19921-4 0  9999
2 54090  53.2165 311.7809 0001293  90.4965 269.6176 15.08841071187737
0 ONEWEB-0371
1 49297U 21090U   26073.64632671  .00000065  00000-0  12884-3 0  9993
2 49297  87.9224 323.8052 0001818  81.2060 278.9279 13.19724458213984
0 STARLINK-35966
1 66821U 25280A   26073.64632383 -.00001432  00000-0 -11222-3 0  9996
2 66821  70.0020 322.1473 0002491 274.0993  85.9881 14.98345588 16816
0 YUNHAI 2-1B
1 43910U 18112B   26073.64617414  .00000131  00000-0  11487-3 0  9990
2 43910  50.0105 149.1452 0005040 248.6415 111.3963 14.28972025376724
0 STARLINK-36488
1 67306U 26002B   26073.64616394  .00034672  00000-0  12625-2 0  9999
2 67306  42.9994 297.5639 0001075 268.4627  91.6101 15.27606306 11837
0 HULIANWANG DIGUI-38
1 64959U 25159D   26073.64612899  .00000040  00000-0  58339-4 0  9994
2 64959  86.4987 314.4199 0001345  77.7244 282.4040 13.24420357 30613
0 STARLINK-5691
1 55478U 23015AF  26073.64611709  .00000778  00000-0  72641-4 0  9998
2 55478  43.0020 286.5586 0001123 265.3398  94.7316 15.02533788171644
0 STARLINK-30116
1 57465U 23107J   26073.64609375  .00070690  00000-0  25632-2 0  9990
2 57465  43.0010 308.2388 0001065 152.6351 207.4557 15.27460255145900
0 OBJECT E
1 67678U 26023E   26073.64608339  .00016824  00000-0  70719-3 0  9992
2 67678  96.6307 146.0079 0020600 110.5963 249.7489 15.23272740  5604
0 STARLINK-34533
1 64715U 25142V   26073.64608166  .00003158  00000-0  27225-3 0  9990
2 64715  70.0011 301.9430 0002462 271.2747  88.8130 14.98342734 40207
0 EZIE-B
1 63250U 25052AS  26073.64606699  .00009749  00000-0  86536-3 0  9994
2 63250  97.7015 327.3839 0004677 130.6491 229.5138 14.96360791 54522
0 COSMOS 2567
1 55978U 23040A   26073.64603429  .00005665  00000-0  23566-3 0  9992
2 55978  97.5869 358.5913 0002749  75.6228 284.5314 15.24177777165654
0 COSMOS 2251 DEB
1 33992U 93036GB  26073.64602800  .00005107  00000-0  89302-3 0  9999
2 33992  74.0240 160.3349 0054850 256.4553 264.1961 14.67151215904727
0 FLYING LAPTOP
1 42831U 17042G   26073.64602280  .00002846  00000-0  22923-3 0  9999
2 42831  97.4279 233.0997 0019632  79.8881 280.4557 15.00553935472272
0 OBJECT C
1 58919U 24024C   26073.64601888  .00112150  00000-0  13678-2 0  9990
2 58919  97.3214 159.2212 0002240 206.5167 153.5976 15.60100325118062
0 COSMOS 397 DEB *
1 19024U 71015DN  26073.64600633  .00000924  00000-0  11491-2 0  9999
2 19024  66.2768 302.0852 0493615  72.3047 324.2973 13.26712549833187
0 HERMES-3
1 63835U 25052BR  26073.64600539  .00024773  00000-0  84676-3 0  9997
2 63835  97.3995 329.3016 0008215 100.2801 259.9366 15.30238202 55580
0 ION SCV-015
1 58469U 23185H   26073.64600127  .00010371  00000-0  34052-3 0  9994
2 58469  97.5773 160.1677 0010830  78.1469 282.0986 15.31724418126603
0 ETV-A1
1 51060U 22002CE  26073.64594682  .00016370  00000-0  43120-3 0  9990
2 51060  97.2986 140.3217 0004366 342.6381  17.4714 15.38594370231295
0 STARLINK-34894
1 65753U 25216V   26073.64591518  .00051607  00000-0  17398-2 0  9998
2 65753  53.1593 309.7818 0001457  80.8679 279.2486 15.30249349 27271
0 OBJECT B
1 61870U 24203B   26073.64590649  .00019157  00000-0  70920-3 0  9998
2 61870  97.4268 144.2212 0010135 302.4976  57.5283 15.27661709 74529
0 STARLINK-3514
1 51731U 22016T   26073.64589875 -.00000812  00000-0 -32912-4 0  9992
2 51731  53.2170 296.8732 0001490  92.2795 267.8368 15.08834710224311
0 STARLINK-33573
1 62778U 25015W   26073.64589522  .00024901  00000-0  84987-3 0  9997
2 62778  53.1599 299.1679 0001130  84.8024 275.3105 15.30206902 65246
0 QIANFAN-80
1 63166U 25046H   26073.64588582  .00000156  00000-0  22362-3 0  9993
2 63166  88.9745 310.3113 0012139 222.7458 137.2750 13.51000878 59948
0 STARLINK-36632
1 67581U 26016W   26073.64584911  .00390377  00000-0  24819-2 0  9993
2 67581  97.2841 134.3795 0001595  50.4010 309.7396 15.75361339  7582
0 OBJECT C
1 67676U 26023C   26073.64576432  .00010266  00000-0  43378-3 0  9993
2 67676  96.6385 146.0492 0020677 106.4573 253.8940 15.23199329  5779
0 GAOFEN 2
1 40118U 14049A   26073.64573512  .00000349  00000-0  52182-4 0  9991
2 40118  98.0215 137.9079 0007400 169.0513 191.0862 14.80778517625247
0 STARLINK-36576
1 67534U 26014C   26073.64572394  .00232664  00000-0  15134-2 0  9995
2 67534  97.2846 318.8230 0001331  99.0239 261.1177 15.75269687  9356
0 OBJECT AS
1 57206U 23091AS  26073.64571407  .00072709  00000-0  12261-2 0  9996
2 57206  97.5140 148.5110 0003868  38.0641 322.0883 15.51412761150684
0 COSMOS 90
1 01588U 65073E   26073.64567425 -.00000089  00000-0  17834-4 0  9995
2 01588  56.0564 160.0480 0153741 315.4832 199.1902 12.34591820727312
0 YAOGAN-33
1 47302U 20103A   26073.64566139  .00000558  00000-0  12890-3 0  9991
2 47302  98.0552 318.1684 0004264  75.3868 284.7804 14.58840985277529
0 SL-8 R/B
1 06853U 73069J   26073.64561921  .00000019  00000-0  28893-3 0  9992
2 06853  74.0086 317.9253 0086012 356.1190  29.9408 12.29008328353111
0 STARLINK-4388
1 53651U 22105D   26073.64552480  .00000606  00000-0  46186-4 0  9993
2 53651  97.6013 316.1048 0002479  85.3791 274.7719 15.05646065194049
0 NOAA 16 DEB
1 41054U 00055M   26073.64550308  .00001251  00000-0  45921-3 0  9996
2 41054  99.0161 316.7414 0065768  49.4593 311.2292 14.33409537536928
0 ONEWEB-0383
1 49309U 21090AG  26073.64545537  .00000220  00000-0  55854-3 0  9998
2 49309  87.8980 308.5600 0001454  84.9737 275.1558 13.14502432215175
0 FENGYUN 1C DEB
1 31383U 99025BSP 26073.64544037  .00001314  00000-0  78636-3 0  9996
2 31383  99.0546 140.6110 0108946  62.6912  91.5916 14.05935584966602
0 OBJECT U
1 59071U 24039U   26073.64543662  .00004901  00000-0  38827-3 0  9999
2 59071  95.3936 170.3396 0144269 297.9645  60.7041 14.92919895110632
0 STARLINK-4606
1 53632U 22104AW  26073.64543180  .00000460  00000-0  46969-4 0  9995
2 53632  53.2172 201.8598 0001205  87.5445 272.5686 15.08836779196977
0 COSMOS 2315
1 23603U 95032A   26073.64539255  .00000062  00000-0  49871-4 0  9991
2 23603  82.9064 321.8690 0031964 118.6897 259.5779 13.73084087537726
0 OBJECT T
1 57183U 23091T   26073.64539132  .00007810  00000-0  38568-3 0  9999
2 57183  97.5211 132.8629 0012941  81.8168 278.4533 15.18078858149626
0 SL-8 R/B
1 01589U 65073F   26073.64536768 -.00000066  00000-0  18735-3 0  9997
2 01589  56.0548 320.2323 0156739 255.5358 123.6141 12.33053952724040
0 COSMOS 1275 DEB
1 12662U 81053S   26073.64534333  .00000189  00000-0  17293-3 0  9996
2 12662  82.9540 291.6844 0020999 284.5434 128.9631 13.78168152241717
0 CZ-2C R/B
1 37766U 11039B   26073.64533888  .00000802  00000-0  13990-3 0  9991
2 37766  98.1153 331.8610 0041441 250.8687 108.8030 14.70251394782902
0 FENGYUN 1C DEB
1 30162U 99025TT  26073.64533653  .00002272  00000-0  24820-2 0  9991
2 30162  99.4787 131.0438 0317005 118.4143  31.1058 13.53896864939042
0 FENGYUN 1C DEB
1 30436U 99025AEX 26073.64532013  .00005459  00000-0  23115-2 0  9990
2 30436  98.4235 328.6962 0094927 226.5554 162.9543 14.23421134977441
0 TIANQI 27
1 59911U 24102C   26073.64531130  .00000176  00000-0  20900-3 0  9993
2 59911  44.9793 322.1105 0005908 169.1789 190.9171 13.99137950 91667
0 STARLINK-31259
1 59076U 24041C   26073.64529510  .00000948  00000-0  43962-4 0  9997
2 59076  43.0006 282.3590 0001454 262.3656  97.7031 15.27583416113986
0 OBJECT AC
1 47958U 21022AC  26073.64523567  .00147832  00000-0  11423-2 0  9994
2 47958  97.3903 348.7227 0006760  54.5500 305.6393 15.71433774275002
0 YUNYAO-1 18
1 58758U 24009A   26073.64519928  .00017969  00000-0  81028-3 0  9994
2 58758  49.9890 259.4833 0004796 265.2097  94.8309 15.21022261120441
0 COSMOS 2251 DEB
1 34626U 93036WX  26073.64518201  .00006149  00000-0  94495-3 0  9991
2 34626  74.0473 145.0240 0028515 218.3685 293.9144 14.73474008904977
0 SL-8 DEB
1 21175U 91009AN  26073.64514804  .00000007  00000-0  19323-3 0  9993
2 21175  73.9352 296.7932 0147265 240.9172 148.0944 12.28583705570806
0 COSMOS 1607
1 15378U 84112A   26073.64513291 -.00000044  00000-0  39905-4 0  9998
2 15378  64.9926 306.0647 0039980   0.2829 359.8247 13.83706755 91900
0 COSMOS 970 DEB
1 10878U 77121Z   26073.64507734  .00000259  00000-0  39421-3 0  9994
2 10878  65.8399 298.1039 0123679 264.9268 127.8390 13.65186887395935
0 HAIYANG 2B
1 43655U 18081A   26073.64503670 -.00000151  00000-0 -10449-3 0  9990
2 43655  99.3340  83.8140 0001392 133.7690 226.3577 13.79307232371898
0 STARLINK-31480
1 59306U 24056L   26073.64503593 -.00002591  00000-0 -84559-4 0  9997
2 59306  42.9981 202.5929 0001732 273.6048  86.4606 15.27609759111914
0 STARLINK-32002
1 60200U 24124T   26073.64490062  .00002854  00000-0  10849-3 0  9994
2 60200  53.1598 299.5300 0001259  87.8882 272.2263 15.30189539 95054
0 STARLINK-36483
1 67330U 26002AB  26073.64487250  .00031912  00000-0  11632-2 0  9994
2 67330  42.9984 297.5468 0000671 255.4631 104.6146 15.27606948 11998
0 STARLINK-36415
1 67519U 26012AC  26073.64486191  .00035359  00000-0  12865-2 0  9995
2 67519  43.0023 286.0575 0001898 251.1662 108.8984 15.27626672  8521
0 STARLINK-11349
1 61544U 24184N   26073.64484131 -.00005135  00000-0 -37573-4 0  9993
2 61544  53.1598 211.9743 0001051  96.8529 263.2608 15.69697822 81197
0 OBJECT A
1 62725U 25012A   26073.64481773  .00013222  00000-0  65824-3 0  9998
2 62725  97.4299 147.9218 0006229 202.6876 157.4084 15.17699222 63851
0 STARLINK-32872
1 63019U 25032Q   26073.64479133  .00033965  00000-0  12370-2 0  9997
2 63019  42.9985 308.4284 0001072 239.8026 120.2720 15.27609680 61372
0 COSMOS 1375 DEB
1 16210U 82055M   26073.64479113 -.00000025  00000-0  58560-4 0  9999
2 16210  65.8350 313.3594 0020354 147.5005 233.0227 13.74580776 26929
0 ONEWEB-0376
1 49302U 21090Z   26073.64473822  .00000000  00000-0 -31405-4 0  9992
2 49302  87.9236 323.7988 0001808  89.6649 270.4690 13.19724160213989
0 STARLINK-11635
1 63193U 25048L   26073.64467781  .00262799  00000-0  19852-2 0  9994
2 63193  42.9984 289.7408 0001740 243.5289 116.5400 15.70867443 59302
0 CZ-4C R/B
1 38355U 12029B   26073.64465971  .00000001  00000-0  69813-4 0  9990
2 38355  99.8730 324.8276 0162270  17.6960 342.9735 13.46266933677737
0 YAOGAN 7
1 36110U 09069A   26073.64464608  .00000826  00000-0  12165-3 0  9995
2 36110  98.0202 320.0342 0024383 347.4740  12.5862 14.77902151875660
0 SL-8 R/B
1 06320U 72102B   26073.64455393  .00000028  00000-0  20572-3 0  9999
2 06320  74.0166 320.7148 0024145 148.5168 237.3654 12.77030740481139
0 FENGYUN 1C DEB
1 29986U 99025LL  26073.64452918  .00004075  00000-0  15935-2 0  9997
2 29986  99.3877 153.4593 0024396  98.9243  67.3872 14.29989177988205
0 CZ-2D R/B
1 37932U 11068C   26073.64444471  .00000151  00000-0  86372-4 0  9999
2 37932  98.8794  28.2964 0036715 169.7926   2.8994 14.22993526743036
0 TIANPING-3A02
1 63432U 25068A   26073.64441485  .00006148  00000-0  44242-3 0  9991
2 63432  43.0007 188.2932 0231260  27.5971 333.6926 14.85895508 51317
0 STARLINK-34280
1 64594U 25137A   26073.64438364  .00044153  00000-0  14928-2 0  9995
2 64594  53.1595 312.2187 0001957  84.5500 275.5724 15.30226669 41496
0 COSMOS 312
1 04254U 69103A   26073.64435671 -.00000012  00000-0  16922-4 0  9996
2 04254  74.0205 220.1279 0022286 117.9585 253.6094 13.27208666727101
0 GAOFEN 1-04
1 43262U 18031D   26073.64430360  .00000717  00000-0  11056-3 0  9995
2 43262  98.0639 136.4372 0001839  74.7717 285.3696 14.76446901428739
0 STARLINK-31728
1 59496U 24071N   26073.64430218  .00042833  00000-0  15554-2 0  9995
2 59496  43.0014 311.7373 0001479 267.0487  93.0195 15.27613523108963
0 PVCC
1 58025U 23155K   26073.64429966  .00009754  00000-0  52903-3 0  9997
2 58025  97.5764 150.5048 0005826 100.2804 259.9085 15.14761999133668
0 OBJECT H
1 67681U 26023H   26073.64425196  .00014920  00000-0  62633-3 0  9995
2 67681  96.6389 148.5326 0023933 101.3070 259.0860 15.23271780  5597
0 COSMOS 1375 DEB
1 16382U 82055W   26073.64422575  .00007781  00000-0  22061-2 0  9999
2 16382  65.7368 199.4193 0033241 291.5580  83.9530 14.45643446 76659
0 STARLINK-32427
1 61848U 24202D   26073.64420781  .00002495  00000-0  10015-3 0  9997
2 61848  42.9990 198.9075 0001293 292.7902  67.2813 15.27585575 76210
0 SL-8 R/B
1 21419U 91041B   26073.64420308  .00000322  00000-0  12035-3 0  9998
2 21419  74.0391 216.8462 0039173  84.4390 276.1229 14.35243547817826
0 OBJECT A
1 62185U 24226A   26073.64417006 -.00000076  00000-0  77562-4 0  9999
2 62185  50.0037 262.2463 0056128 213.4408 146.2928 13.60147518 63847
0 COSMOS 795
1 08611U 76008E   26073.64415338 -.00000001  00000-0  99015-4 0  9999
2 08611  74.0572 319.4367 0020143 189.2265 170.8416 12.45792869279456
0 SL-8 R/B
1 13618U 82102B   26073.64414454  .00000016  00000-0  10054-5 0  9994
2 13618  82.9647 295.5756 0031440 192.0579 221.4355 13.77062419180350
0 YAOGAN-30 W
1 46809U 20076C   26073.64412166  .00003799  00000-0  28470-3 0  9992
2 46809  34.9971 306.8957 0007202 316.3592  43.6547 15.02176472293918
0 STARLINK-6357
1 56783U 23078S   26073.64411851  .00000309  00000-0  33666-4 0  9997
2 56783  69.9991 312.0474 0002860 267.7114  92.3717 14.98331120153919
0 COSMOS 2523
1 42986U 17037E   26073.64407220  .00001015  00000-0  93750-4 0  9995
2 42986  97.5053  90.7830 0067208 185.9952 174.0473 14.95080959454839
0 STARLINK-35793
1 67179U 25303S   26073.64406802  .00043649  00000-0  15853-2 0  9991
2 67179  42.9968 282.6641 0001655 257.7660 102.3007 15.27601777 13492
0 STARLINK-31206
1 59028U 24038F   26073.64405921  .00001305  00000-0  56926-4 0  9991
2 59028  43.0008 294.0384 0001304 278.8737  81.1967 15.27593463116286
0 STARLINK-3614
1 51771U 22017D   26073.64405457  .00000281  00000-0  35742-4 0  9992
2 51771  53.2187 316.8691 0001406  89.4252 270.6901 15.08834043223350
0 COSMOS 2251 DEB
1 34622U 93036WT  26073.64399319  .00001920  00000-0  82323-3 0  9993
2 34622  74.0416 142.0614 0106898 205.0359 308.3347 14.22444775877667
0 GRUS-1A
1 43890U 18111Q   26073.64392280  .00001561  00000-0  13369-3 0  9996
2 43890  97.4659 304.8265 0010369 114.0497 246.1813 14.98908091393547
0 STARLINK-11662
1 63754U 25089D   26073.64391883  .00199635  00000-0  15154-2 0  9990
2 63754  42.9973 262.4751 0001611 290.9865  69.0830 15.70947428 50969
0 STARLINK-31968
1 59927U 24106F   26073.64387575  .00002070  00000-0  84722-4 0  9994
2 59927  43.0020 304.2774 0001156 259.1185 100.9537 15.27574137101339
0 ONEWEB-0182
1 48228U 21031U   26073.64387340  .00000211  00000-0  53570-3 0  9991
2 48228  87.8977 308.5733 0001482  74.9315 285.1979 13.14502333236013
0 STARLINK-32046
1 60198U 24124R   26073.64384250 -.00000148  00000-0  71339-5 0  9999
2 60198  53.1597 299.5238 0001271  80.0840 280.0304 15.30198714 96286
0 STARLINK-30468
1 57926U 23147P   26073.64380579  .00095789  00000-0  68658-2 0  9999
2 57926  43.0038 299.1031 0002498 299.5653  60.4941 15.03316374137330
0 GAOFEN 9 05
1 46232U 20058A   26073.64378735  .00011613  00000-0  39691-3 0  9996
2 46232  97.2230 116.4798 0010398  77.4598 282.7806 15.30382676309140
0 COSMOS 2251 DEB
1 33821U 93036BN  26073.64374632  .00042693  00000-0  13274-2 0  9994
2 33821  74.0290 307.5555 0042852 311.3509  48.4011 15.32210324764057
0 HULIANWANG DIGUI-51
1 65108U 25168C   26073.64369858 -.00000041  00000-0  17787-3 0  9998
2 65108  50.0042 304.9225 0009845 165.5099 194.6057 13.29341104 30114
0 STARLINK-11449
1 63012U 25032H   26073.64369822  .00276174  00000-0  20827-2 0  9990
2 63012  43.0001 165.4149 0002044 241.2454 118.8208 15.70866624 62993
0 KUIPER-00054
1 64514U 25134Q   26073.64366206  .00006895  00000-0  93260-3 0  9997
2 64514  51.8975 196.1577 0000550  52.7495 307.3518 14.79931576 41010
0 STARLINK-31562
1 59340U 24057W   26073.64364164 -.00005306  00000-0 -18331-3 0  9996
2 59340  43.0009 174.0813 0000721 289.7097  70.3677 15.27601058110428
0 STARLINK-11153
1 60067U 24113J   26073.64363528 -.00005433  00000-0 -39980-4 0  9995
2 60067  53.1589 167.2008 0001237  83.1909 276.9250 15.69729266100330
0 OBJECT A
1 53346U 22090A   26073.64362446  .00005748  00000-0  25784-3 0  9990
2 53346  97.3229 144.3920 0004140 173.9843 186.1444 15.21575042200431
0 ATLAS 5 CENTAUR R/B
1 39475U 13072P   26073.64361181  .00012349  00000-0  76967-3 0  9996
2 39475 120.4309 129.2008 0188438 165.6729 194.9771 14.96540473100416
0 STARLINK-36462
1 67321U 26002S   26073.64359442  .00032092  00000-0  11696-2 0  9995
2 67321  42.9961 297.5396 0000459 312.3181  47.7632 15.27610810 11833
0 STARLINK-36553
1 67506U 26012P   26073.64357028  .00044210  00000-0  16059-2 0  9992
2 67506  43.0002 286.0567 0001708 253.6767 106.3897 15.27590532  8529
0 OBJECT A
1 55009U 23001A   26073.64356591  .00020446  00000-0  51431-3 0  9995
2 55009  97.3286 137.8619 0007596  97.7473 262.4636 15.39942771177669
0 OBJECT G
1 63988U 25100G   26073.64354453  .00007438  00000-0  29426-3 0  9992
2 63988  97.3761 149.9163 0011405 279.7539  80.2411 15.25691845 46344
0 OBJECT G
1 67680U 26023G   26073.64351836  .00017358  00000-0  72566-3 0  9997
2 67680  96.6247 148.4829 0023762 101.9083 258.4822 15.23386298  5598
0 METEOR M2-4
1 59051U 24039A   26073.64345834  .00000026  00000-0  31231-4 0  9995
2 59051  98.6911  34.1817 0008202  84.0351 276.1761 14.22418110105823
0 YAOGAN 12
1 37875U 11066B   26073.64344299  .00008113  00000-0  32291-3 0  9996
2 37875  97.1280 116.6795 0009554 191.7625 168.3392 15.25461743797629
0 DROID.002
1 63223U 25052P   26073.64338463  .00009813  00000-0  43101-3 0  9998
2 63223  97.4049 327.9403 0005778 101.0555 259.1331 15.22111801 55481
0 YAOGAN-39 04B
1 58143U 23163C   26073.64336159  .00009179  00000-0  45753-3 0  9994
2 58143  34.9925 238.2985 0002635 115.8011 244.2974 15.16816582132949
0 HERMES-2
1 63243U 25052AK  26073.64333743  .00011459  00000-0  42029-3 0  9993
2 63243  97.4007 329.1744 0006405  87.5687 272.6285 15.28116328 55574
0 STARLINK-34415
1 64618U 25137AA  26073.64332463  .00036708  00000-0  12444-2 0  9993
2 64618  53.1604 312.2012 0001477  87.7274 272.3896 15.30224473 41497
0 SL-14 DEB
1 45288U 91056AA  26073.64331593  .00004595  00000-0  15832-1 0  9993
2 45288  82.6343 312.3105 0224652  83.9400 278.7255 12.89340015284154
0 GOKTURK-1A
1 41875U 16073A   26073.64327328  .00000252  00000-0  58525-4 0  9993
2 41875  98.1356 329.7464 0001327  78.2730 281.8621 14.62754303495005
0 DELTA 1 DEB
1 07043U 73086AK  26073.64327058 -.00000022  00000-0  10688-3 0  9992
2 07043 102.1334 129.9076 0216690  69.1820  80.5501 12.85396091452435
0 STARLINK-32029
1 60145U 24120L   26073.64325548  .00001181  00000-0  51968-4 0  9994
2 60145  53.1600 296.9814 0000938  84.4732 275.6375 15.30203307 97139
0 STARLINK-30855
1 58222U 23170S   26073.64323215  .00004390  00000-0  16901-3 0  9992
2 58222  42.9991 166.5154 0001268 228.5353 131.5390 15.27565729131059
0 STARLINK-30398
1 57815U 23138H   26073.64317939  .00059773  00000-0  21869-2 0  9992
2 57815  43.0007 206.3958 0001514 274.4334  85.6345 15.27234476139390
0 TBA - TO BE ASSIGNED
1 87237U          26073.64316854 +.00000374 +00000+0 +31462-3 0  9994
2 87237  99.2402 133.8725 0103352  36.4208 115.3390 13.91846378624544
0 ONEWEB-0365
1 49291U 21090N   26073.64316471  .00000012  00000-0 -12554-5 0  9993
2 49291  87.9235 323.7992 0001804  83.7972 276.3366 13.19724736213951
0 QPS-SAR-5 TSUKUYOMI-I
1 58578U 23196A   26073.64316075  .00020314  00000-0  91764-3 0  9994
2 58578  42.0094 193.4234 0024435   4.1320 355.9711 15.20290857123846
0 STARLINK-36421
1 67464U 26008V   26073.64305926  .00049188  00000-0  17834-2 0  9991
2 67464  42.9966 176.9125 0000657 292.9170  67.1613 15.27611878 10331
0 COSMOS 2251 DEB
1 34021U 93036HG  26073.64302774  .00001480  00000-0  38591-3 0  9994
2 34021  74.0367 317.2185 0018964  79.1564 303.2540 14.50303429899628
0 ORS 5 SENSORSAT
1 42921U 17050A   26073.64297063  .00003572  00000-0  21093-3 0  9991
2 42921   0.0479 129.2488 0010542  93.7935 136.8751 15.00541107466823
0 CARTOSAT 3
1 44804U 19081A   26073.64291351  .00008323  00000-0  39732-3 0  9991
2 44804  97.4418 136.9792 0013321 121.8928 238.3604 15.19230751349111
0 MOHAMMED VI-A
1 43005U 17070A   26073.64282844  .00001317  00000-0  19376-3 0  9994
2 43005  97.9425 147.3097 0001583  77.5565 282.5822 14.77055060450028
0 STARLINK-5032
1 53895U 22119K   26073.64282532  .00077375  00000-0  47413-2 0  9995
2 53895  53.2148 301.7964 0003888 106.4053 253.7367 15.09489644192433
0 THOR ABLESTAR DEB
1 00120U 61015E   26073.64279743  .00000887  00000-0  35861-3 0  9995
2 00120  66.7065 318.6640 0104233  72.0029 289.2396 14.29463720334812
0 STARLINK-33805
1 63590U 25076X   26073.64278820  .00021356  00000-0  78298-3 0  9992
2 63590  42.9964 294.0771 0000950 273.4844  86.5899 15.27595375 52589
0 STARLINK-5100
1 55495U 23015AY  26073.64278360  .00000492  00000-0  51467-4 0  9995
2 55495  43.0036 286.5346 0001108 263.2633  96.8083 15.02538729171640
0 THORAD AGENA D DEB
1 04706U 70025BU  26073.64278273  .00000040  00000-0  13983-3 0  9999
2 04706  99.7914 334.0285 0033401 276.7937 112.1870 13.45853179744691
0 IONOSFERA-M 03
1 64876U 25155A   26073.64277887  .00000082  00000-0  56964-4 0  9990
2 64876  98.5930  37.9791 0002262 110.4617 249.6803 14.21467883 32972
0 STARLINK-35876
1 67180U 25303T   26073.64277765  .00033778  00000-0  12304-2 0  9997
2 67180  42.9967 282.6526 0002097 268.2174  91.8437 15.27606101 13498
0 OBJECT G
1 67254U 25313G   26073.64277599  .00153903  00000-0  18304-2 0  9994
2 67254  97.0917 151.2442 0009653 215.9485 144.1125 15.60574435 11869
0 STARLINK-4471
1 53664U 22105S   26073.64275682 -.00000126  00000-0 -45182-5 0  9998
2 53664  97.6019 316.0578 0002496  80.5838 279.5671 15.05655243194042
0 COSMOS 249 DEB
1 14412U 68091CN  26073.64263845  .00000367  00000-0  56160-3 0  9999
2 14412  62.2962 299.6523 0741369 312.5506  41.5125 12.84162525 75038
0 OBJECT F
1 67679U 26023F   26073.64260740  .00016555  00000-0  69243-3 0  9994
2 67679  96.6318 148.5106 0022372 105.5513 254.8198 15.23408290  5591
0 DELTA 1 DEB
1 21386U 75052DG  26073.64260475  .00000487  00000-0  10410-2 0  9998
2 21386  99.5654 126.5786 0181986  85.0604  64.7905 13.29202018680273
0 KX-09
1 44520U 19058B   26073.64256399  .00001899  00000-0  17266-3 0  9992
2 44520  97.7825  87.4698 0009027 305.4039  54.6339 14.96405984355899
0 STARLINK-11712
1 64135U 25111N   26073.64255081  .00272115  00000-0  20388-2 0  9999
2 64135  42.9989 304.3886 0003977 288.0653  71.9781 15.71030348 47413
0 STARLINK-31675
1 59548U 24074Q   26073.64254670  .00001795  00000-0  74704-4 0  9998
2 59548  43.0003 315.3947 0000646 278.1445  81.9333 15.27582826106776
0 SL-12 R/B(AUX MOTOR)
1 15335U 84106C   26073.64254203  .00000182  00000-0  11819-3 0  9994
2 15335  66.5513 234.9295 0021287 284.1500 153.8043 14.23115853150697
0 THORAD AGENA D DEB
1 06216U 70025NE  26073.64248202  .00002770  00000-0  67930-3 0  9999
2 06216  99.0084 330.3830 0214747 352.6149   7.1890 14.40314745862466
0 SL-8 R/B
1 21667U 91059B   26073.64237269  .00000060  00000-0  46720-4 0  9992
2 21667  82.9088 151.5379 0020410 358.2005 170.8893 13.75281651734188
0 OBJECT J
1 67682U 26023J   26073.64236571  .00013420  00000-0  56205-3 0  9995
2 67682  96.6343 148.5315 0023957  97.9000 262.4960 15.23369244  5597
0 YAOGAN 2 DEB
1 38263U 07019C   26073.64235999  .00002779  00000-0  77004-3 0  9990
2 38263  97.9195 327.5757 0195721 304.2313  54.0467 14.36683431974411
0 STARLINK-11095
1 59720U 24088N   26073.64233159  .00000606  00000-0  98610-5 0  9997
2 59720  53.1591 301.5908 0001149  64.3057 295.8079 15.69714657107059
0 FENGYUN 1C DEB
1 31030U 99025BDY 26073.64233075  .00002112  00000-0  93318-3 0  9993
2 31030  98.7549 140.2337 0028745 173.6845 340.8301 14.24099766980128
0 OBJECT D
1 54685U 22167D   26073.64231686  .00018195  00000-0  55297-3 0  9995
2 54685  97.6805 240.6274 0003683 103.8387 256.3265 15.34109688180946
0 STARLINK-36491
1 67310U 26002F   26073.64231042  .00033697  00000-0  12277-2 0  9996
2 67310  42.9911 297.5275 0000970 304.7432  55.3328 15.27599568 11837
0 FENGYUN 1C DEB
1 30406U 99025ADV 26073.64230476  .00001564  00000-0  16704-2 0  9994
2 30406  98.6187 318.4168 0278931 119.5795 272.0923 13.59531661944150
0 VIGORIDE 3
1 52760U 22057AE  26073.64229238  .00009154  00000-0  35647-3 0  9997
2 52760  97.6433 211.2740 0009840  96.5414 263.6945 15.26180161210730
0 SL-8 R/B
1 09598U 76118J   26073.64227651  .00000044  00000-0  51455-3 0  9996
2 09598  74.0138 123.9169 0136101  95.0069  23.1059 12.24167602201552
0 SL-8 R/B
1 14625U 84003B   26073.64226393  .00000072  00000-0  59859-4 0  9995
2 14625  82.9290 159.0286 0021640 188.3556 281.8082 13.74668088114590
0 METEOR 3-3
1 20305U 89086A   26073.64226249 -.00000522  00000-0 -16598-2 0  9996
2 20305  82.5523 172.3873 0007348  44.7873  70.8597 13.04681433734286
0 SL-16 DEB
1 22545U 92093HF  26073.64224436  .00001689  00000-0  18341-2 0  9993
2 22545  71.5658 312.3625 0384561   3.4101 356.9471 13.46285281609718
0 OBJECT AK
1 57199U 23091AK  26073.64223964  .00027019  00000-0  79589-3 0  9990
2 57199  97.5181 142.1455 0007824  60.2912 299.9109 15.34987208150245
0 CZ-4 DEB
1 26310U 99057GT  26073.64223461  .00001450  00000-0  38340-3 0  9999
2 26310  98.5384 140.1357 0087650 313.0331 201.9102 14.48179470363521
0 HULIANWANG DIGUI-63
1 65169U 25174F   26073.64222871  .00000049  00000-0  80532-4 0  9991
2 65169  86.4908 283.9773 0001316  97.2580 262.8703 13.24422505 28270
0 STARLINK-35322
1 66332U 25253P   26073.64217549  .00027279  00000-0  99602-3 0  9999
2 66332  42.9993 184.3888 0001244 285.9624  74.1090 15.27618111 21002
0 STARLINK-35024
1 65410U 25192G   26073.64217537  .00017862  00000-0  59754-3 0  9995
2 65410  53.1602 209.2661 0001006  90.9250 269.1867 15.31067709 30149
0 STARLINK-35881
1 66830U 25280K   26073.64215895  .00089108  00000-0  73550-2 0  9996
2 66830  70.0031 322.1351 0004187 322.3024  37.7841 14.98465069 16817
0 COSMOS 941
1 10287U 77079C   26073.64214264 -.00000015  00000-0  75301-5 0  9993
2 10287  74.0257 159.7784 0030932 132.3826  19.9234 12.56550402198161
0 COSMOS 2202
1 22039U 92042F   26073.64213771  .00000027  00000-0  91160-4 0  9992
2 22039  82.5977 314.0275 0008664 153.9745 233.2479 12.62661111551475
0 JIELONG 3 R/B
1 67753U 26027H   26073.64212889  .00796806  23474-5  87690-3 0  9997
2 67753  97.5097 205.1095 0192429 226.8975 131.6058 15.82488375  4767
0 DELTA 1 DEB
1 21373U 75052CT  26073.64211596  .00000073  00000-0  23714-3 0  9997
2 21373  99.9481 331.4497 0074069 251.9739 175.2867 13.32669420691728
0 STARLINK-34497
1 64696U 25142A   26073.64209424  .00007019  00000-0  59529-3 0  9994
2 64696  70.0010 301.9331 0002352 275.1944  84.8947 14.98344077 40387
0 STARLINK-36403
1 67563U 26016C   26073.64196946  .00487623  00000-0  30588-2 0  9991
2 67563  97.2829 134.3857 0002177  40.4799 319.6627 15.75403876  7587
0 THORAD AGENA D DEB
1 04656U 70025AQ  26073.64195941  .00000470  00000-0  59748-3 0  9999
2 04656  99.3975 330.6941 0023846 203.1534 186.3445 13.68530940780377
0 STARLINK-35136
1 65537U 25200T   26073.64195673  .00010947  00000-0  76136-3 0  9991
2 65537  97.6020 144.6418 0001289  97.2160 262.9213 15.05666704 29786
0 STARLINK-34837
1 65423U 25192V   26073.64195460  .00035699  00000-0  12106-2 0  9996
2 65423  53.1603 209.2621 0001310  83.9477 276.1673 15.30227993 30146
0 OBJECT E
1 61231U 24173E   26073.64191765  .00002269  00000-0  11115-3 0  9998
2 61231  97.4118 147.5787 0001646  87.8501 272.2923 15.19168168 81406
0 OBJECT A
1 59810U 24095A   26073.64191664  .00007938  00000-0  46428-3 0  9992
2 59810  97.5387 153.9558 0003787 102.3987 257.7667 15.12124067 99866
0 NINGXIA-1 7
1 49019U 21064B   26073.64190095 -.00000096  00000-0  20684-4 0  9998
2 49019  45.0034 294.4535 0006329 148.5473 211.5743 14.08534775240918
0 YAOGAN 10
1 36834U 10038A   26073.64189897  .00002446  00000-0  29283-3 0  9999
2 36834  97.9080  97.7788 0001601  88.1115  59.1806 14.85036387843174
0 STARLINK-31616
1 59270U 24050S   26073.64186631  .00000623  00000-0  33167-4 0  9992
2 59270  53.1611 158.2110 0001224  82.6942 277.4198 15.30194200111309
0 STARLINK-36565
1 67544U 26014N   26073.64183947  .00219138  00000-0  14275-2 0  9994
2 67544  97.2851 318.8283 0000882 129.8761 230.2582 15.75274068  9359
0 QIANFAN-89
1 63175U 25046S   26073.64183864  .00000150  00000-0  21339-3 0  9994
2 63175  88.9745 310.5457 0015199 216.0895 143.9231 13.51011341 59812
0 OBJECT AL
1 67282U 25313AL  26073.64183828  .00007982  00000-0  35213-3 0  9990
2 67282  97.3994 149.8742 0010013 339.0993  20.9832 15.21995004 11578
0 CZ-6A DEB
1 60843U 24140HW  26073.64179026  .00001302  00000-0  62925-3 0  9998
2 60843  89.0115 286.8630 0064967 151.2701 209.2092 14.16889042 80600
0 STARLINK-31959
1 59925U 24106D   26073.64178292  .00008200  00000-0  30751-3 0  9999
2 59925  43.0037 300.7215 0001140 260.1109  99.9614 15.27543697101326
0 STARLINK-36440
1 67447U 26008C   26073.64177089  .00041520  00000-0  15087-2 0  9999
2 67447  42.9994 176.8976 0001082 269.5642  90.5085 15.27605337 10339
0 CZ-6A DEB
1 55516U 22151XN  26073.64174079  .00092652  00000-0  76942-2 0  9993
2 55516  98.5951 145.9216 0040243 161.3352 198.9354 14.97674402172297
0 STARLINK-32041
1 60202U 24124V   26073.64173325  .00000074  00000-0  14629-4 0  9999
2 60202  53.1596 299.5088 0001852 104.3055 255.8152 15.30198024 96259
0 STARLINK-11546
1 62835U 25019G   26073.64172490  .00108528  00000-0  83642-3 0  9992
2 62835  42.9970 276.6611 0004171 292.9453  67.0974 15.70884819 64658
0 OBJECT AM
1 57201U 23091AM  26073.64167784  .00026067  00000-0  77733-3 0  9992
2 57201  97.5180 141.9412 0008070  59.8126 300.3915 15.34605177150236
0 STARLINK-32693
1 62437U 24251F   26073.64166760  .00037946  00000-0  12854-2 0  9991
2 62437  53.1592 309.6004 0002268  84.2218 275.9041 15.30234503 68743
0 COSMOS 2251 DEB
1 34018U 93036HD  26073.64165565  .00000480  00000-0  36576-3 0  9995
2 34018  73.8770 296.3360 0264658 315.0786  71.8706 13.81212475859263
0 STARLINK-32415
1 61861U 24202S   26073.64161358  .00000792  00000-0  38281-4 0  9998
2 61861  43.0009 210.1329 0001453 210.8502 149.2264 15.27595466 76088
0 RROCI-2
1 59106U 24043J   26073.64158823  .00004722  00000-0  39028-3 0  9999
2 59106  97.8290 205.7601 0004948 323.4183  36.6701 14.99425007110598
0 ONEWEB-0380
1 49306U 21090AD  26073.64158093  .00000034  00000-0  53387-4 0  9995
2 49306  87.9225 323.8145 0001632  72.3056 287.8255 13.19723955213950
0 DELTA 2 R/B
1 25774U 99031E   26073.64158081 -.00000066  00000-0  67418-4 0  9991
2 25774  51.5286 237.9808 0373958 259.3546 181.6974 13.46768110316520
0 STARLINK-1718
1 46674U 20073E   26073.64158033  .00129356  00000-0  17644-2 0  9997
2 46674  53.0489 203.9950 0004590 309.6555  50.4051 15.56590501298097
0 SL-8 DEB *
1 18502U 82051D   26073.64157951  .00002226  00000-0  46036-3 0  9992
2 18502  74.0594 307.3745 0001731 192.7591 198.2258 14.60924968157717
0 STARLINK-1114
1 44927U 20001P   26073.64152988  .00127082  00000-0  21034-2 0  9992
2 44927  53.0500 305.5774 0007709 138.1475 222.0124 15.51259681340861
0 CZ-6 R/B
1 49061U 21070C   26073.64151926  .00000768  00000-0  14787-3 0  9993
2 49061  89.0463 221.2343 0214246 100.0480 262.4973 14.48578000243415
0 SL-8 DEB
1 15784U 79060D   26073.64151623  .00007375  00000-0  82625-3 0  9991
2 15784  73.9947 153.2175 0005394 315.6140 170.3644 14.87003667178396
0 CZ-4C R/B
1 36123U 09072C   26073.64147633  .00000043  00000-0  14120-3 0  9993
2 36123 100.5118  98.8455 0157048 171.6526 300.1351 13.46231804798183
0 FLOCK 4H 16
1 66719U 25276BF  26073.64146727  .00009475  00000-0  46112-3 0  9998
2 66719  97.4299 148.8145 0003730 354.3291   5.7900 15.18591492 16061
0 STARLINK-11689
1 64241U 25119J   26073.64145484  .00306662  00000-0  22900-2 0  9997
2 64241  43.0002 179.2510 0002623 257.6573 102.4001 15.71008342 46022
0 RESURS P4
1 59371U 24061A   26073.64142586  .00005225  00000-0  16645-3 0  9991
2 59371  97.2655  23.2114 0002107  55.1176 305.0264 15.32975934109287
0 STARLINK-31033
1 58723U 24002U   26073.64141379  .00024476  00000-0  83444-3 0  9995
2 58723  53.1605 206.9147 0001110  81.2866 278.8261 15.30252038122772
0 COSMOS 797
1 08613U 76008G   26073.64140122 -.00000022  00000-0 -49675-4 0  9998
2 08613  74.0560 188.0812 0031654 147.3620 322.7770 12.40687463270280
0 XW-3 (CAS 9)
1 50466U 21131B   26073.64139863  .00000723  00000-0  23727-3 0  9993
2 50466  98.4952 166.5679 0004681  36.7452 323.4057 14.41258508221496
0 STARLINK-2314
1 47788U 21018B   26073.64138821  .00037608  00000-0  12705-2 0  9998
2 47788  53.1587 196.7364 0001282  88.6377 271.4771 15.30327016277826
0 STARLINK-3046
1 49169U 21082AR  26073.64136671 -.00108947  00000-0 -91294-2 0  9992
2 49169  69.9999 261.9823 0006185 232.3563 127.7036 14.98885324247211
0 COSMOS 1830
1 17585U 87026D   26073.64136272  .00000055  00000-0  24129-3 0  9999
2 17585  82.5562 266.6308 0005915  85.6699 341.0708 12.63617084798702
0 FENGYUN 1C DEB
1 30079U 99025QG  26073.64135800  .00000277  00000-0  20805-3 0  9993
2 30079  99.0118 133.0620 0086419  46.4248 104.8999 14.00849335978247
0 STARLINK-34830
1 65405U 25192B   26073.64134789  .00032847  00000-0  10882-2 0  9994
2 65405  53.1598 209.2588 0000770  86.1289 273.9800 15.31024490 30152
0 OBJECT D
1 60748U 24153D   26073.64133088  .00025482  00000-0  10234-2 0  9994
2 60748  97.6633 209.0104 0002892 152.4950 207.6440 15.24938632 85429
0 STARLINK-3124
1 49456U 21104BA  26073.64132277 -.00007177  00000-0 -43288-3 0  9998
2 49456  53.2165 196.9416 0001582 112.6192 247.4967 15.08873665239525
0 STARLINK-3540
1 51719U 22016F   26073.64130341  .00003411  00000-0  23232-3 0  9998
2 51719  53.2170 306.9719 0001548  90.0704 270.0465 15.08833263224175
0 OBJECT AU
1 60510U 24149AU  26073.64129106  .00022219  00000-0  60673-3 0  9990
2 60510  97.3764 156.7929 0002488 259.4893 100.6072 15.37424135 87771
0 STARLINK-36128
1 66873U 25281AB  26073.64127692  .00038901  00000-0  14149-2 0  9995
2 66873  42.9989 315.4338 0000446 319.0748  41.0070 15.27598969 16882
0 SARA
1 21578U 91050E   26073.64127446  .00001039  00000-0  23105-3 0  9997
2 21578  98.1074 124.4970 0003857  99.3395  52.6103 14.58976922832522
0 SL-14 R/B
1 13553U 82092B   26073.64126722  .00000518  00000-0  55415-4 0  9994
2 13553  82.5685 136.7682 0018821 285.9489 226.5104 14.86671785329660
0 COSMOS 1875
1 18334U 87074A   26073.64125456  .00000022  00000-0  61509-4 0  9995
2 18334  82.5704 318.8790 0012842 329.7030  45.3354 12.66340731780107
0 FENGYUN 1C DEB
1 29935U 99025JH  26073.64125073  .00000143  00000-0  86878-4 0  9998
2 29935  98.4439 135.9630 0149662 312.4414 177.9649 14.14285039988411
0 DELTA 1 DEB
1 14905U 76077ET  26073.64122421 -.00000097  00000-0 -59910-3 0  9991
2 14905 102.2675 134.6468 0185166 173.0893 342.5653 12.07376797906949
0 OBJECT E
1 61242U 24174E   26073.64122010  .00008543  00000-0  33111-3 0  9999
2 61242  97.4509  84.8085 0012737 200.0776 159.9963 15.26317905 81411
0 STARLINK-31464
1 59318U 24056Y   26073.64119644  .00007107  00000-0  26766-3 0  9991
2 59318  43.0025 202.5644 0001461 284.4266  75.6423 15.27565839111910
0 STARLINK-11207
1 60933U 24155K   26073.64110391  .00001604  00000-0  18083-4 0  9996
2 60933  53.1590 316.5768 0000789  88.2682 271.8427 15.69720643 89180
0 OBJECT C
1 44312U 19032C   26073.64109591  .00017192  00000-0  58202-3 0  9992
2 44312  44.9743 156.4372 0002946 147.0388 213.0680 15.30422396373342
0 THORAD AGENA D DEB
1 04174U 69082AS  26073.64108177  .00000810  00000-0  30222-3 0  9994
2 04174  69.9905 155.4616 0041477  92.3651 268.2225 14.34917843928272
0 KUIPER-00059
1 64519U 25134V   26073.64107695  .00006805  00000-0  92092-3 0  9990
2 64519  51.8982 198.6907 0000714 182.7929 177.3029 14.79921693 40981
0 CZ-4B R/B
1 67301U 25314B   26073.64107027  .00468833  91419-4  86670-3 0  9997
2 67301  97.3557 155.6587 0076204  94.7437 266.2546 15.95766077 11708
0 STARLINK-6363
1 57375U 23099AZ  26073.64104754  .00000018  00000-0  16373-4 0  9992
2 57375  43.0035 208.8363 0001349 263.0282  97.0407 15.02536044147014
0 STARLINK-36521
1 67507U 26012Q   26073.64100116  .00028697  00000-0  10475-2 0  9994
2 67507  42.9996 286.0357 0000977 229.6929 130.3837 15.27604851  8528
0 STARLINK-30839
1 58209U 23170D   26073.64090307  .00005570  00000-0  21696-3 0  9998
2 58209  43.0012 165.6692 0000522 300.2997  59.7803 15.26771061131069
0 ZHUHAI-1 OVS-02
1 43440U 18040B   26073.64089328  .00008178  00000-0  34255-3 0  9992
2 43440  97.0492  96.5189 0002576 202.4569 157.6557 15.23772470438317
0 FENGYUN 1C DEB
1 29894U 99025GQ  26073.64085240  .00000638  00000-0  57812-3 0  9997
2 29894  99.4714 133.3150 0169899 162.1913 350.3861 13.81108711963453
0 HAIYANG 1C
1 43609U 18068A   26073.64084303  .00000289  00000-0  11879-3 0  9999
2 43609  98.5267 147.2891 0011199  21.3365 338.8285 14.34148115393536
0 STARLINK-3950
1 53264U 22086Y   26073.64083502  .00000245  00000-0  33485-4 0  9992
2 53264  53.2170 171.8956 0001220  93.0442 267.0690 15.08833757201813
0 FLOCK 4H 2
1 66705U 25276AR  26073.64082160  .00010206  00000-0  48198-3 0  9993
2 66705  97.4239 148.8813 0000399  30.2249 329.9009 15.19618508 16074
0 SL-8 R/B
1 16494U 86005B   26073.64076282  .00000017  00000-0  19835-5 0  9995
2 16494  82.9321 216.9251 0018447 312.2529  59.9946 13.76777282 16880
0 COSMOS 1034
1 11042U 78091A   26073.64074235 -.00000005  00000-0  71202-4 0  9994
2 11042  74.0382 326.2008 0037750 181.8251 200.5947 12.53198971170408
0 STARLINK-34393
1 64724U 25144A   26073.64074205  .00027675  00000-0  94308-3 0  9999
2 64724  53.1584 157.7812 0001138  89.2546 270.8585 15.30199054 40487
0 ONEWEB-0176
1 48210U 21031A   26073.64070510  .00000233  00000-0  59279-3 0  9996
2 48210  87.8977 308.5677 0001750  83.1527 276.9801 13.14502567235892
0 STARLINK-32248
1 61219U 24171V   26073.64070062  .00002915  00000-0  11052-3 0  9996
2 61219  53.1579 299.6469 0001069  88.7572 271.3551 15.30199085 84039
0 YAOGAN-39 05A
1 58557U 23194A   26073.64065341  .00015221  00000-0  63191-3 0  9990
2 58557  35.0004 291.9830 0005407 187.6691 172.3942 15.22996411125938
0 SL-8 R/B
1 25893U 99045B   26073.64060595  .00000083  00000-0  68375-4 0  9991
2 25893  82.9303 167.7554 0029234 164.8457 311.5050 13.76827924333883
0 JASON
1 26997U 01055A   26073.64060163 -.00000015  00000-0  19254-3 0  9999
2 26997  66.0381 271.2133 0007419 282.6322 138.1625 12.84085449136498
0 STARLINK-35253
1 65596U 25207E   26073.64060103  .00010654  00000-0  74116-3 0  9993
2 65596  97.6031 143.5000 0000836 116.9261 243.2051 15.05665102 28799
0 FENGYUN 1C DEB
1 29801U 99025CT  26073.64059707  .00000569  00000-0  19981-3 0  9992
2 29801  98.7906 341.5078 0103820 356.8178  69.8599 14.36006777  2594
0 COSMOS 1642
1 15624U 85023H   26073.64057567  .00000011  00000-0  16292-3 0  9999
2 15624  74.0522 254.3895 0051200 332.6872  94.9376 12.56391760879591
0 CZ-6A DEB
1 61279U 24140SQ  26073.64054398  .00002280  00000-0  11132-2 0  9995
2 61279  89.3782 311.2899 0069327 140.5877 220.0385 14.16479483 79829
0 FLOCK 4BE 24
1 60505U 24149AP  26073.64053672  .00028069  00000-0  71778-3 0  9995
2 60505  97.3756 157.1553 0003287 251.5228 108.5661 15.39399905 87800
0 NOAA 16 DEB
1 41204U 00055DH  26073.64051436  .00003125  00000-0  14588-2 0  9997
2 41204  98.7075 138.6530 0023313 138.4806 221.8148 14.20942484528893
0 COSMOS 713
1 07680U 75016C   26073.64050452 -.00000010  00000-0  39400-4 0  9996
2 07680  74.0037 145.8725 0059259 289.1174 223.7879 12.55674041339534
0 COSMOS 1525
1 14614U 84001D   26073.64049888  .00000004  00000-0  12132-3 0  9990
2 14614  74.0052 248.0566 0021772 165.0686 266.2010 12.54910111932587
0 DELTA 1 DEB
1 21270U 75052F   26073.64047468  .00000097  00000-0  49865-3 0  9999
2 21270  99.4389 124.4955 0439105  59.0822  68.1344 12.61212951597258
0 STARLINK-36268
1 67199U 25304H   26073.64045617  .00003145  00000-0  27116-3 0  9990
2 67199  70.0021 162.0749 0002868 269.5748  90.5082 14.98344049 14621
0 SL-14 R/B
1 17588U 87026G   26073.64045145  .00000017  00000-0  39233-4 0  9991
2 17588  82.5680  44.8348 0038436  13.0614 160.5634 12.55715379787709
0 COSMOS 2491
1 39497U 13076E   26073.64042566  .00000036  00000-0  19082-3 0  9992
2 39497  82.4836 227.1764 0012203 297.7121  62.2721 12.43495565553503
0 DELTA 1 DEB
1 12581U 76077DZ  26073.64040744 -.00000067  00000-0 -40375-3 0  9998
2 12581 102.4699 319.2775 0381621 305.2288  77.4946 11.70247577 54336
0 COSMOS 2256
1 22691U 93038E   26073.64037924  .00000041  00000-0  16881-3 0  9998
2 22691  82.5703 272.2183 0006664 195.1617 230.0110 12.63945115509877
0 NOAA 12 DEB
1 37832U 91032E   26073.64037878  .00010419  00000-0  21807-2 0  9994
2 37832  98.2800 134.4547 0006300  81.4133  79.7152 14.59936142759016
0 THORAD AGENA D DEB
1 05067U 70025JM  26073.64036377  .00000387  00000-0  53422-3 0  9993
2 05067 100.0102 325.7474 0006145 119.6558 306.8738 13.65257498772424
0 PAYLOAD C
1 39210U 13037C   26073.64036088  .00001011  00000-0  17152-3 0  9994
2 39210  98.1056  77.0407 0007584  89.2802 270.9274 14.71368051680421
0 LIZZIESAT-3 (LS-3)
1 63233U 25052Z   26073.64033792  .00008212  00000-0  37538-3 0  9995
2 63233  97.4036 327.1514 0007452 123.0661 237.1291 15.20783590 55430
0 STARLINK-31310
1 59092U 24041U   26073.64030618 -.00000360  00000-0 -35543-5 0  9998
2 59092  43.0002 283.1694 0001287 243.9612 116.1107 15.27568583115020
0 STARLINK-31634
1 59330U 24057L   26073.64029678  .00000534  00000-0  28947-4 0  9994
2 59330  43.0019 159.3355 0001382 274.5203  85.5491 15.27576396110596
0 DELTA 1 DEB
1 07846U 72058S   26073.64029005  .00000808  00000-0  18586-3 0  9998
2 07846  98.5922 151.9974 0147833 160.2401 200.4605 14.51842321654371
0 STARLINK-36284
1 67194U 25304C   26073.64028877  .00006292  00000-0  53445-3 0  9994
2 67194  70.0010 162.0829 0005043 270.1899  89.8682 14.98337703 14622
0 STARLINK-32654
1 62322U 24239X   26073.64028039  .00029933  00000-0  10183-2 0  9996
2 62322  53.1582 170.7957 0001119  91.9539 268.1590 15.30212435 70144
0 COSMOS 2251 DEB
1 33973U 93036FG  26073.64026721  .00000441  00000-0  13117-3 0  9997
2 33973  74.0073 291.2891 0045048  87.9333 328.1363 14.45496909899287
0 ATLAS 28E R/B
1 20563U 90031D   26073.64024856  .00001772  00000-0  22426-3 0  9998
2 20563  89.8628 258.0653 0059262 154.7128 205.7018 14.80167710356563
0 SL-19 DEB
1 23491U 94085P   26073.64024296  .00014117  00000-0  33121+0 0  9999
2 23491  64.8151 204.1342 0315838 257.7067 110.6924 11.36792795292695
0 STARLINK-33739
1 63572U 25076D   26073.64022312  .00023671  00000-0  86637-3 0  9993
2 63572  42.9957 294.0767 0000663 267.4345  92.6431 15.27601628 52585
0 THOR ABLESTAR DEB
1 00155U 61015AR  26073.64022062  .00003192  00000-0  80578-3 0  9990
2 00155  66.8767 160.2529 0042774 322.1007  37.7095 14.51785729347382
0 ELECTRON KICK STAGE R/B
1 65117U 25169B   26073.64020501  .00007405  00000-0  59221-3 0  9997
2 65117  42.0099 175.3702 0008454 302.3805  57.6202 15.00458615 33220
0 COSMOS 2498
1 39763U 14028C   26073.64018606 -.00000032  00000-0 -30027-3 0  9994
2 39763  82.4503 168.1239 0019908 279.0159  80.8668 12.42976824535804
0 SPAWAR-CAL-O
1 43766U 18099J   26073.64016986  .00026842  00000-0  87988-3 0  9996
2 43766  97.4452 137.0216 0007290 263.7640  96.2771 15.31584537399033
0 PNEO3
1 48268U 21034A   26073.64016201  .00000773  00000-0  10484-3 0  9993
2 48268  97.8932 149.7640 0001322  91.9406 268.1958 14.81675406263659
0 STARLINK-34416
1 64619U 25137AB  26073.64016071  .00039615  00000-0  13413-2 0  9995
2 64619  53.1604 312.1791 0002178  86.0903 274.0347 15.30228445 41494
0 THORAD AGENA D DEB
1 05026U 70025JA  26073.64013534  .00001290  00000-0  13411-2 0  9995
2 05026 100.1909 334.9471 0035478 325.7683  99.1887 13.77460415771574
0 COSMOS 2506
1 40699U 15029A   26073.64009243  .00000297  00000-0  79967-4 0  9991
2 40699  98.0605 117.9889 0008616  88.3852 271.8333 14.54351783569149
0 STARLINK-32048
1 60156U 24120X   26073.64008996 -.00003132  00000-0 -93639-4 0  9992
2 60156  53.1595 296.9585 0000870  79.2005 280.9094 15.30209219 97134
0 STARLINK-31865
1 59791U 24093K   26073.64007732  .00002955  00000-0  11683-3 0  9999
2 59791  43.0009 180.8404 0001115 266.2808  93.7917 15.27583860103458
0 COSMOS 2528 DEB
1 45038U 18082D   26073.64006491  .00000698  00000-0  52210-3 0  9993
2 45038  67.1684 309.5958 0016883 345.2273  14.8318 14.00316125313695
0 OBJECT P
1 57179U 23091P   26073.64004763  .00007061  00000-0  37283-3 0  9992
2 57179  97.5221 130.5598 0016711  93.4795 266.8350 15.15709326149464
0 STARLINK-31900
1 59942U 24106W   26073.64002621 -.00001516  00000-0 -45577-4 0  9998
2 59942  43.0046 304.2437 0002484 252.5497 107.5083 15.27569771101289
0 ONEWEB-0639
1 55803U 23029H   26073.64001297  .00000099  00000-0  21403-3 0  9995
2 55803  87.9225 323.8183 0002448 101.2509 258.8899 13.19725333146434
0 COSMOS 1634
1 15597U 85022A   26073.64000797  .00000078  00000-0  65935-4 0  9992
2 15597  82.9366 285.8142 0034422 301.7093 118.9324 13.75319950 57206
0 DELTA 1 DEB
1 07013U 73086D   26073.63999200  .00000020  00000-0  42643-3 0  9995
2 07013 102.0192  84.5000 0068859 283.5304 196.0125 12.51870072390566
0 FLOCK 4BE 22
1 60494U 24149AC  26073.63995443  .00028341  00000-0  75904-3 0  9990
2 60494  97.3773 156.5128 0003103 235.3516 124.7437 15.37975160 87750
0 STARLINK-11209
1 61200U 24171A   26073.63995172  .00003708  00000-0  35458-4 0  9991
2 61200  53.1587 152.0539 0001093  81.6573 278.4568 15.69707250 86082
0 COSMOS 2251 DEB
1 34556U 93036US  26073.63990559  .00018863  00000-0  24238-2 0  9995
2 34556  74.0160 303.7636 0005849 334.6282  56.7118 14.81129879896882
0 STARLINK-5046
1 53892U 22119G   26073.63989645 -.00016096  00000-0 -99373-3 0  9998
2 53892  53.2203 301.7749 0001931 128.1886 231.9281 15.08902853192439
0 SL-14 R/B
1 25369U 98036G   26073.63988808 -.00000005  00000-0 -11119-3 0  9992
2 25369  82.5882 119.9275 0343254 329.7163 145.5557 12.14696803230081
0 DELTA 1 DEB
1 07979U 72058DA  26073.63981146  .00000148  00000-0  10992-3 0  9997
2 07979  97.8347 115.5391 0402803  61.1638  59.6954 13.71907629528377
0 FFLY-2
1 65322U 25188H   26073.63978387  .00002222  00000-0  21962-3 0  9992
2 65322  97.7429 150.4486 0014598  80.1273 280.1594 14.92850887 29804
0 FENGYUN 1C DEB
1 30326U 99025AAM 26073.63977471  .00000168  00000-0  16722-3 0  9997
2 30326  98.6451 318.9382 0142210 139.4546 221.7309 13.85518601967289
0 BRO-5
1 51061U 22002CF  26073.63974693  .00017032  00000-0  38098-3 0  9998
2 51061  97.3084 146.7424 0003782 325.3746  34.7256 15.43545601231652
0 STARLINK-32661
1 62899U 25024W   26073.63970827  .00028988  00000-0  10579-2 0  9996
2 62899  43.0009 297.3450 0002922 272.2126  87.8391 15.27605587 63022
0 COSMOS 1524
1 14613U 84001C   26073.63967448 -.00000019  00000-0 -17504-4 0  9996
2 14613  74.0096 177.2317 0031212  88.6895  18.8450 12.56745633935425
0 DMSP 5D-3 F17 DEB
1 29600U 06050BS  26073.63965586  .00003330  00000-0  11762-2 0  9992
2 29600  98.5238 104.5107 0007318  65.0216  57.6612 14.35325949  1778
0 STARLINK-30492
1 57921U 23147J   26073.63964582  .00000980  00000-0  46198-4 0  9991
2 57921  42.9950 297.3646 0001569 296.4018  63.6672 15.26743340137357
0 STARLINK-35482
1 66346U 25253AD  26073.63961432  .00031075  00000-0  11319-2 0  9997
2 66346  43.0001 184.3647 0001450 278.7446  81.3241 15.27639300 21004
0 STARLINK-30489
1 57974U 23151L   26073.63959011 -.00000769  00000-0 -18426-4 0  9995
2 57974  43.0022 308.0200 0001542 256.3004 103.7676 15.27579190136523
0 OBJECT D
1 58852U 24018D   26073.63956718  .00008908  00000-0  81260-3 0  9991
2 58852  58.6683 162.1040 0372266  10.6895 350.1777 14.55191180112251
0 STARLINK-33594
1 62770U 25015N   26073.63956422  .00033885  00000-0  11503-2 0  9999
2 62770  53.1544 299.1334 0000684  78.1516 281.9561 15.30220592 65241
0 SL-8 DEB
1 01634U 65020ED  26073.63952220 -.00000471  00000-0 -66424-3 0  9993
2 01634  56.1591 321.1615 0851360 313.1144  40.1500 12.48540803750672
0 JIAOTONG VDES
1 54588U 22164A   26073.63949049  .00000404  00000-0  12533-3 0  9992
2 54588  98.2505  95.4012 0008618 252.9609 107.0639 14.46003829172416
0 STARLINK-3525
1 51733U 22016V   26073.63948950  .00002070  00000-0  14809-3 0  9996
2 51733  53.2157 296.9134 0001619  92.4544 267.6634 15.08842647224314
0 LUR-1
1 60506U 24149AQ  26073.63948274  .00010802  00000-0  38898-3 0  9998
2 60506  97.3790 153.2276 0002630 283.1913  76.9034 15.28751277 87524
0 COSMOS 968
1 10520U 77119A   26073.63947178  .00000147  00000-0  58198-4 0  9993
2 10520  74.0302 312.3069 0018218 212.3131 147.6908 14.37063780525223
0 GEESAT 3-06
1 61016U 24159F   26073.63946650  .00002983  00000-0  38241-3 0  9995
2 61016  49.9968 161.7871 0016481  75.4962 284.7804 14.83842771 82722
0 STARLINK-3806
1 52378U 22045AZ  26073.63944367  .00001835  00000-0  13331-3 0  9999
2 52378  53.2167 166.9025 0001214  96.9838 263.1292 15.08847581216675
0 OPS 4682 DEB
1 38380U 65027CH  26073.63940687 -.00000922  00000-0 -30983-2 0  9993
2 38380  90.2661 319.0220 0020253 209.2332 150.7658 12.99739761565336
0 AISSAT 1
1 36797U 10035C   26073.63938477  .00003451  00000-0  30572-3 0  9999
2 36797  98.1017 329.5321 0009289  18.4315 341.7241 14.96923026850079
0 STARLINK-11646
1 63186U 25048D   26073.63936383  .00215088  00000-0  16328-2 0  9998
2 63186  42.9982 289.7016 0001429 256.4626 103.6082 15.70896421 59300
0 STARLINK-32650
1 62231U 24231P   26073.63934919  .00049859  00000-0  16847-2 0  9991
2 62231  53.1581 196.8183 0001289  55.0508 305.0613 15.30190744 72526
0 IONOSFERA-M 02
1 61736U 24199B   26073.63932606  .00000063  00000-0  48015-4 0  9992
2 61736  98.7318 307.6515 0000500 134.3190 225.8030 14.22738874117380
0 STARLINK-31674
1 59517U 24073G   26073.63931276  .00001060  00000-0  48030-4 0  9994
2 59517  43.0003 289.9777 0001702 258.6546 101.4114 15.27581376106930
0 YAOGAN-36 03A
1 54372U 22160A   26073.63926434  .00024098  00000-0  76705-3 0  9998
2 54372  34.9990 206.9027 0002820 138.7332 221.3598 15.31653115183690
0 OBJECT B
1 61895U 24205B   26073.63923562  .00016144  00000-0  58701-3 0  9996
2 61895  97.4194 151.5616 0010167  17.7820 342.3774 15.28290844 74239
0 QIANFAN-77
1 63163U 25046E   26073.63922537  .00000344  00000-0  24032-3 0  9996
2 63163  88.9741 307.8846 0015543 146.7978 213.4178 13.96180680 61278
0 TITAN 3C TRANSTAGE DEB
1 02799U 65082KX  26073.63921668  .00001860  00000-0  26946-3 0  9992
2 02799  32.0548 193.9475 0033048 127.5021 251.9512 14.73932039142198
0 STARLINK-36528
1 67458U 26008P   26073.63919799  .00043226  00000-0  15699-2 0  9996
2 67458  43.0006 176.8741 0001903 260.4433  99.6204 15.27605543 10339
0 STARLINK-35077
1 65529U 25200K   26073.63919024  .00005382  00000-0  37685-3 0  9998
2 65529  97.6017 144.6449 0000967 111.2442 248.8888 15.05657354 29871
0 COSMOS 1375 DEB
1 17104U 82055AF  26073.63917669  .00000234  00000-0  32252-3 0  9994
2 17104  65.8356  25.5600 0037082 342.2526 194.6015 13.75969145 25137
0 STARLINK-31657
1 59487U 24071D   26073.63914163  .00000952  00000-0  44083-4 0  9997
2 59487  42.9999 311.7026 0000606 273.4634  86.6148 15.27592004108960
0 MUBLCOM
1 25736U 99026B   26073.63913470  .00001520  00000-0  34720-3 0  9997
2 25736  97.6984 300.7006 0004751 154.9940 205.1491 14.56984216416079
0 ONEWEB-0218
1 48214U 21031E   26073.63912168  .00000283  00000-0  72952-3 0  9991
2 48214  87.8979 308.5613 0002534  90.6512 269.4908 13.14503103235955
0 LANDSAT 9
1 49260U 21088A   26073.63901910  .00000487  00000-0  11813-3 0  9993
2 49260  98.1931 145.3453 0001096  94.8745 265.2579 14.57130988237231
0 OBJECT C
1 53446U 22098C   26073.63900478  .00075124  00000-0  10612-2 0  9999
2 53446  97.5493 197.7197 0001815  25.0257 335.1085 15.56307803199897
0 STARLINK-4145
1 53137U 22083F   26073.63898816 -.00000040  00000-0  15552-4 0  9998
2 53137  53.2165 151.9002 0001289 100.9989 259.1148 15.08840642201963
0 COSMOS 528
1 06262U 72087A   26073.63895486  .00000011  00000-0  15444-3 0  9990
2 06262  74.0323 269.2914 0064826  33.5374  39.0095 12.61614787457860
0 TIANMU-1 15
1 58700U 24004A   26073.63894383  .00008838  00000-0  34720-3 0  9998
2 58700  97.4672 259.8707 0006249 331.3328  28.7566 15.25916165121356
0 STARLINK-33683
1 63573U 25076E   26073.63893759  .00027945  00000-0  10202-2 0  9996
2 63573  42.9980 294.0664 0000644 257.7296 102.3484 15.27612058 52580
0 SL-12 R/B(AUX MOTOR)
1 15774U 85042F   26073.63892718  .00000222  00000-0  12985-3 0  9999
2 15774  66.5863 289.2890 0024149 359.5609  71.5313 14.25339275119614
0 STARLINK-35857
1 67186U 25303Z   26073.63892399  .00031434  00000-0  11458-2 0  9994
2 67186  42.9979 282.6237 0001558 239.0819 120.9880 15.27611726 13494
0 ICEYE-X35
1 58302U 23174AY  26073.63891006  .00049147  00000-0  10419-2 0  9998
2 58302  97.3852 156.1437 0010775 176.7525 183.3795 15.44863643130716
0 FENGYUN 1C DEB
1 30070U 99025PX  26073.63885265  .00004554  00000-0  15539-2 0  9999
2 30070  98.2720 131.2252 0326542  54.8209  93.3933 14.10846919971747
0 SAUDISAT 5A
1 43831U 18102A   26073.63883189  .00008400  00000-0  31898-3 0  9999
2 43831  97.3184 137.0609 0011517 107.5652 252.6846 15.27010816401245
0 STARLINK-30264
1 57534U 23115P   26073.63882036  .00001068  00000-0  48345-4 0  9993
2 57534  43.0009 180.9425 0001307 266.2961  93.7741 15.27578002146115
0 FENGYUN 1C DEB
1 32203U 99025CUZ 26073.63881192  .00039345  00000-0  51979-3 0  9999
2 32203  97.0053 327.0865 0121185 114.4261 246.9692 15.49883569765176
0 STARLINK-5557
1 55770U 23028AF  26073.63878031  .00001091  00000-0  99217-4 0  9996
2 55770  70.0000 212.0077 0003195 270.0349  90.0444 14.98332978167273
0 NOAA 16 DEB
1 41287U 00055GP  26073.63876016  .00008114  00000-0  32792-2 0  9996
2 41287  98.8655 146.5041 0033843 148.3998 211.9224 14.27786887525785
0 STARLINK-11170
1 60068U 24113K   26073.63873533  .00000537  00000-0  92896-5 0  9991
2 60068  53.1602 167.1692 0001015  96.0567 264.0567 15.69716982100332
0 COSMOS 1736
1 16647U 86024A   26073.63872182 -.00000067  00000-0  20271-4 0  9999
2 16647  64.9885 173.8072 0058134 248.2668 212.9971 13.79560561 15360
0 OSCAR 15 (UOSAT 4)
1 20438U 90005C   26073.63871383  .00000078  00000-0  46491-4 0  9991
2 20438  98.7962 129.0785 0008688 267.9579 210.6981 14.31700906886692
0 STARLINK-31646
1 59265U 24050M   26073.63870390  .00001028  00000-0  46836-4 0  9994
2 59265  53.1598 158.1905 0001301  88.5199 271.5951 15.30190406111309
0 OBJECT D
1 66056U 25234D   26073.63869326  .00021655  00000-0  93354-3 0  9996
2 66056  97.4337 142.7675 0003219 166.0396 194.0930 15.22574607 22274
0 VELOX 1
1 40057U 14034E   26073.63869227  .00006853  00000-0  60172-3 0  9990
2 40057  98.2617 333.3122 0006572 220.0287 140.0449 14.96927823632452
0 COSMOS 765
1 08289U 75086E   26073.63867602 -.00000006  00000-0  75067-4 0  9995
2 08289  74.0075 232.3267 0045816 177.8043 263.4411 12.38289262282388
0 SL-14 DEB
1 26011U 91068W   26073.63867140  .00000244  00000-0  13159-2 0  9998
2 26011  82.4254 309.3051 0055634 114.1900 274.1979 12.61145772215842
0 STARLINK-35757
1 66270U 25247F   26073.63863458  .00049867  00000-0  16852-2 0  9990
2 66270  53.1588 168.2968 0001213 100.6134 259.5003 15.30187107 21847
0 STARLINK-31326
1 58877U 24020B   26073.63860875  .00002778  00000-0  10585-3 0  9990
2 58877  53.1579 299.8013 0001585  79.7649 280.3530 15.30210809118820
0 THOR ABLESTAR DEB
1 05265U 65065Q   26073.63858058  .00000215  00000-0  36411-3 0  9997
2 05265  90.1350 304.5392 0039839 263.7001 121.8964 13.42475528959932
0 STARLINK-3533
1 51715U 22016B   26073.63857887  .00004185  00000-0  28087-3 0  9996
2 51715  53.2183 306.9153 0001443  77.3441 282.7712 15.08842245225308
0 HULIANWANG DIGUI-39
1 64960U 25159E   26073.63856047  .00000034  00000-0  45028-4 0  9994
2 64960  86.4963 314.3600 0001366  78.8883 281.2404 13.24420484 30611
0 STARLINK-3451
1 51749U 22016AM  26073.63855446  .00000222  00000-0  32055-4 0  9991
2 51749  53.2163 297.0888 0001368  91.8889 268.2259 15.08840917224309
0 OBJECT N
1 61906U 24205N   26073.63852895  .00028883  00000-0  87449-3 0  9993
2 61906  97.4212 153.6495 0008933  22.7711 337.3926 15.34095590 74369
0 OBJECT C
1 54253U 22155C   26073.63850927  .00042105  00000-0  82966-3 0  9998
2 54253  97.6075 208.7780 0005262   0.2207 359.9044 15.47088973184844
0 OBJECT F
1 61740U 24199F   26073.63850261  .00004196  00000-0  38379-3 0  9995
2 61740  97.3324 277.7577 0013288  28.3127 331.8814 14.95421306117782
0 YAOGAN-39 04C
1 58145U 23163E   26073.63849775  .00006970  00000-0  34750-3 0  9999
2 58145  34.9894 238.1330 0007743 272.1152  87.8674 15.16836000132953
0 COSMOS 1636
1 15618U 85023B   26073.63848650  .00000003  00000-0  12718-3 0  9992
2 15618  74.0554 303.7521 0013065 202.4358 185.8220 12.45356367863104
0 OBJECT A
1 61227U 24173A   26073.63848159  .00096228  00000-0  14034-2 0  9998
2 61227  97.3461 157.9305 0004082 221.8228 138.2715 15.55350233 82301
0 GONETS D1 5
1 24729U 97006E   26073.63847565  .00000031  00000-0  11287-3 0  9994
2 24729  82.5979 302.8276 0005123 101.5909 312.8683 12.62984438340522
0 STARLINK-36489
1 67328U 26002Z   26073.63845640  .00031566  00000-0  11516-2 0  9997
2 67328  42.9988 297.4939 0001618 278.9773  81.0896 15.27582924 11997
0 STARLINK-34809
1 65069U 25165P   26073.63843241  .00008922  00000-0  62168-3 0  9991
2 65069  97.6054 152.0887 0000675  67.5872 292.5426 15.05657948 35539
0 SL-16 DEB
1 22343U 92093AG  26073.63843207  .00001045  00000-0  57199-3 0  9992
2 22343  70.9596 314.5446 0094667 324.6711  55.3613 14.12001125702868
0 STARLINK-36549
1 67510U 26012T   26073.63843202  .00042766  00000-0  15541-2 0  9999
2 67510  43.0002 286.0032 0001075 248.7211 111.3526 15.27591873  8521
0 ONEWEB-0369
1 49295U 21090S   26073.63842781  .00000128  00000-0  28811-3 0  9992
2 49295  87.9223 323.8179 0001655  83.3526 276.7795 13.19724801213947
0 GAOFEN 11
1 43585U 18063A   26073.63839784  .00022159  00000-0  36352-3 0  9990
2 43585  97.1405 140.9309 0003069 345.2037  14.9126 15.52446316425664
0 FENGYUN 1C DEB
1 30467U 99025AGE 26073.63837509  .00001759  00000-0  86850-3 0  9996
2 30467  98.6692 103.9889 0063657 222.4182 263.2930 14.17648075984793
0 OBJECT G
1 61741U 24199G   26073.63835685  .00005002  00000-0  45429-3 0  9990
2 61741  97.3326 277.7661 0013220  29.2258 330.9701 14.95615415117758
0 DELTA 1 DEB
1 10201U 77065AE  26073.63834054  .00001526  00000-0  27413-3 0  9994
2 10201  29.0845 159.6862 0665554  52.1835 313.7120 13.74867364395841
0 STARLINK-30498
1 57971U 23151H   26073.63830803  .00007403  00000-0  27823-3 0  9999
2 57971  43.0011 308.0087 0001288 253.6126 106.4584 15.27583836136523
0 STARLINK-33749
1 63716U 25087V   26073.63829383  .00004809  00000-0  17439-3 0  9993
2 63716  53.1563 196.8219 0001223  51.2576 308.8534 15.30200720 49956
0 LEMUR 2 LLOYD
1 60577U 24149DP  26073.63829309  .00016702  00000-0  11082-2 0  9993
2 60577  97.6782 154.8456 0005078 113.2526 246.9237 15.07309978 86140
0 COSMOS 2251 DEB
1 34755U 93036ZZ  26073.63828412  .00000672  00000-0  64345-3 0  9997
2 34755  73.9242 142.2991 0404791 145.5154   5.6555 13.50793940837646
0 THOR ABLESTAR DEB
1 05716U 61015JT  26073.63826696  .00003111  00000-0  57395-3 0  9994
2 05716  66.6966 154.3252 0059749  90.0963 270.7000 14.65762852346547
0 STARLINK-6329
1 56525U 23065Y   26073.63826386 -.00000136  00000-0  50330-5 0  9996
2 56525  43.0047 183.0551 0001449 279.6518  80.4160 15.02538381157370
0 OPS 6553
1 13172U 82041C   26073.63826095  .00006943  00000-0  48537-3 0  9998
2 13172  95.9940 208.5221 0007722 256.6815 103.3555 15.05492340101437
0 OBJECT D
1 59808U 24094D   26073.63824097  .00009635  00000-0  49733-3 0  9998
2 59808  97.3922 146.6518 0006420 198.9900 161.1095 15.16508216100822
0 FORMOSAT-5
1 42920U 17049A   26073.63822586  .00000225  00000-0  68037-4 0  9993
2 42920  98.2304 151.0389 0011407  22.0828 338.0856 14.50824529452966
0 STARLINK-31098
1 58716U 24002M   26073.63822264  .00000344  00000-0  23737-4 0  9993
2 58716  53.1609 206.8981 0001238 101.9293 258.1847 15.30201920122773
0 CZ-4 DEB
1 26443U 99057KQ  26073.63822162  .00000810  00000-0  24294-3 0  9990
2 26443  98.6316 133.2340 0092610  19.7706 132.9720 14.43127809359907
0 KUIPER-00053
1 64513U 25134P   26073.63819663  .00003456  00000-0  48189-3 0  9995
2 64513  51.9006 201.2133 0000586 175.7813 184.3154 14.79953487 40945
0 SL-19 DEB
1 23564U 94085V   26073.63818961  .00000017  00000-0  15460-2 0  9992
2 23564  64.9953 300.7110 0182879  98.7703 294.3432 11.34899596277445
0 DELTA 2 R/B
1 25637U 99008D   26073.63818929  .00000370  00000-0  93814-4 0  9992
2 25637  96.4863 351.6648 0136631 191.9114 233.0369 14.49209211427068
