0 STARLINK-1738

1 46336U 20062M   26068.11508313  .01362981  12470-2  14026-2 0  9997

2 46336  53.0232 283.1757 0004864 223.5616 136.5034 16.10330363305566

0 CZ-4B R/B

1 67132U 25300B   26068.06240793  .00942390  24143-5  82182-3 0  9992

2 67132  97.5239 154.9318 0061875  61.9085 298.8434 16.08857634 13092

0 IRIDIUM 51

1 25262U 98018A   26068.05827719  .01197608  88764-3  13693-2 0  9996

2 25262  86.3481 280.8388 0015849 280.3169  79.6335 16.09055784488257

0 STARLINK-1112

1 44925U 20001M   26068.03914819  .01256121  11588-2  88551-3 0  9997

2 44925  53.0312 244.1374 0007270 297.2820  62.7475 16.15768422341226

0 KOMPSAT 2

1 29268U 06031A   26068.01931573  .00000773  00000-0  15376-3 0  9990

2 29268  97.8299 257.3049 0015293  35.8054 115.5887 14.64589110 46811

0 OBJECT D

1 47694U 21014D   26068.01682801  .00000194  00000-0  44725-3 0  9995

2 47694  63.4039 103.3704 0164042   1.3680 358.7762 13.44598594247216

0 YUNHAI 3-02

1 59343U 24058A   26068.01680821  .00000048  00000-0  48874-4 0  9998

2 59343  98.8243  77.2539 0000801 100.7798 259.3465 14.13462432100593

0 HAIYANG 4A

1 61936U 24208A   26068.01648738  .00000824  00000-0  13508-3 0  9994

2 61936  98.0072  77.1301 0002205 109.2810 250.8637 14.73327303 70698

0 SHIYAN 27E

1 63603U 25078E   26068.01569229  .00000022  00000-0  92653-4 0  9999

2 63603  99.6934  76.6650 0000776  97.2321 262.8906 13.57242077 43945

0 OBJECT A

1 61238U 24174A   26068.01437883  .00006174  00000-0  29694-3 0  9995

2 61238  97.4523  77.1573 0001410  95.3672 264.7723 15.19151742 80476

0 SJ-12

1 36596U 10027A   26068.01292278  .00007625  00000-0  40359-3 0  9996

2 36596  97.7697  83.3687 0008526  84.0616 276.1587 15.15700648859686

0 ICEYE-X4

1 44390U 19038D   26068.01285508  .00016220  00000-0  61385-3 0  9999

2 44390  97.8887  95.1538 0012340 297.8596  62.1391 15.26958152366502

0 SHIYAN 13 (SY-13)

1 51102U 22004A   26068.01278358  .00003433  00000-0  23039-3 0  9996

2 51102  98.4671  91.3178 0607591 124.8871 241.0979 14.19813076213079

0 SENTINEL 1C

1 62261U 24235A   26068.01255278 -.00000216  00000-0 -36137-4 0  9990

2 62261  98.1824  76.7481 0001277  90.5036 269.6310 14.59196847 66805

0 XINGYUN-2 02

1 45603U 20028B   26068.01247657  .00004485  00000-0  27154-3 0  9997

2 45603  97.5113  75.7838 0009300 254.3813 105.6391 15.11082888319709

0 JASON 2

1 33105U 08032A   26068.01130129 -.00000046  00000-0  62691-4 0  9993

2 33105  66.0376 261.4995 0007660 271.4601 255.4102 12.87696052830802

0 OBJECT C

1 59919U 24105C   26068.01082037  .00006819  00000-0  32604-3 0  9990

2 59919  97.5861  84.5510 0011561 205.6333 154.4330 15.19273607 97951

0 COSMOS 2517 (GEO-IK)

1 41579U 16034A   26068.01064262  .00000019  00000-0  54326-4 0  9997

2 41579  99.1930  78.6788 0000937  98.9279 261.1983 13.85905900493754

0 KINEIS-1E

1 60083U 24114E   26068.01013291  .00001641  00000-0  22167-3 0  9991

2 60083  97.9930  92.5527 0002469  87.2844 272.8651 14.80425318 92569

0 OBJECT D

1 65547U 25199D   26068.00944360  .00000209  00000-0  10309-3 0  9998

2 65547  85.9853  88.3062 0002894  87.6775 272.4739 14.12427768 25998

0 OBJECT B

1 65545U 25199B   26068.00936644  .00000142  00000-0  67048-4 0  9991

2 65545  85.9851  89.0649 0002575  89.3003 270.8475 14.12426651 25890

0 NUSAT-38 (MARIA AGNESI)

1 56202U 23054AA  26068.00891744  .00037891  00000-0  83433-3 0  9996

2 56202  97.3128 337.4956 0016278  67.4834 292.8135 15.43716746163026

0 YUNHAI 2-1C

1 43911U 18112C   26068.00754108 -.00000003  00000-0  62349-4 0  9990

2 43911  50.0114  52.6448 0000543 171.9684 188.1241 14.28950729377467

0 ERS 2 DEB

1 31137U 95021D   26068.00706449  .00003419  00000-0  84412-3 0  9993

2 31137  98.6465  81.3096 0004085  31.6156 356.0994 14.52757502157750

0 SL-19 DEB

1 23480U 94085D   26068.00696506  .00000473  00000-0  11585-1 0  9992

2 23480  64.7056 293.0602 0214298 154.4773 357.1403 11.46075473565845

0 COSMOS 791

1 08607U 76008A   26068.00683852 -.00000018  00000-0 -12491-4 0  9998

2 08607  74.0521 267.0208 0054260  14.7521 139.2116 12.55044253295745

0 COSMOS 940

1 10286U 77079B   26068.00666748 -.00000015  00000-0  60684-5 0  9992

2 10286  74.0231  63.6347 0043314   8.7006  20.9583 12.58900964199573

0 FENGYUN 1C DEB

1 29950U 99025JY  26068.00664499  .00000215  00000-0  14455-3 0  9990

2 29950  98.7305 101.6360 0032984   0.5687  22.4889 14.10377957985074

0 CHUANG XIN 1-03

1 37930U 11068A   26068.00651512  .00000062  00000-0  40805-4 0  9999

2 37930  98.7064  85.5346 0015891  52.9179 336.3992 14.30514468746330

0 FENGYUN 1C DEB

1 30770U 99025AUG 26068.00642197  .00000695  00000-0  37521-3 0  9994

2 30770  98.6563  76.5724 0014420  41.4122 345.7609 14.15802178981281

0 SL-8 R/B

1 09044U 76070B   26068.00639481 -.00000013  00000-0 -29392-4 0  9995

2 09044  82.9825  82.5462 0014234  13.8102   5.2676 13.76452926491879

0 SL-16 DEB

1 22221U 92076C   26068.00619171  .00000073  00000-0  10354-3 0  9996

2 22221  71.0430  69.3597 0185201 281.9460 106.2349 13.77674558673444

0 SUPERVIEW NEO-2 01

1 53128U 22082A   26068.00611899  .00008750  00000-0  35862-3 0  9996

2 53128  97.3939  79.2767 0001757  89.5912 270.5527 15.24504884202949

0 GAOFEN 3 02

1 49495U 21109A   26068.00574439 -.00000035  00000-0  24723-5 0  9990

2 49495  98.4132  77.5103 0001643 311.8549  48.2500 14.42215461225871

0 ATLAS AGENA D R/B

1 02144U 66031B   26068.00558595  .00000518  00000-0  15224-3 0  9997

2 02144  35.0407 176.6491 0008650 296.1405  63.8396 14.44889466148273

0 YAOGAN-30 AC

1 48863U 21055D   26068.00552928  .00004873  00000-0  36507-3 0  9991

2 48863  34.9969  41.8842 0003255 348.1563  11.9068 15.02134812257818

0 SL-8 DEB

1 21234U 91009CT  26068.00552640  .00000084  00000-0  79127-3 0  9996

2 21234  74.0061 270.2373 0126645  27.6689 141.2040 12.32901002574297

0 CZ-4 DEB

1 26152U 99057AN  26068.00549812  .00000577  00000-0  52776-3 0  9996

2 26152  99.1393  85.8178 0519380 200.0842 187.8156 13.38423600264706

0 COSMOS 1275 DEB

1 13484U 81053GE  26068.00514415  .00001404  00000-0  89617-3 0  9992

2 13484  82.9159  66.2120 0026420 287.2334  98.1425 14.02761162211807

0 FENGYUN 1C DEB

1 30355U 99025ABS 26068.00513774  .00001855  00000-0  89411-3 0  9995

2 30355  98.5913  74.6873 0054642  60.7032 324.3540 14.19093604985748

0 GONETS M 12 (M22)

1 40553U 15020B   26068.00472148  .00000134  00000-0  89537-3 0  9996

2 40553  82.4839  94.5201 0014667 200.8506 159.1977 12.42888794496280

0 COSMOS 2117

1 21031U 90114D   26068.00469177  .00000021  00000-0  56174-4 0  9998

2 21031  82.5700 261.6162 0007327 297.9908 217.1769 12.65028423625603

0 OBJECT A

1 56731U 23069A   26068.00449671  .00018359  00000-0  39209-3 0  9997

2 56731  40.9952  53.7636 0029552 303.5700  56.2304 15.43940751157590

0 OBJECT F

1 47937U 21022F   26068.00426971  .00013903  00000-0  46119-3 0  9998

2 47937  97.3984 328.8598 0012084  88.8964 271.3662 15.31294837274376

0 CZ-4C R/B

1 47304U 20103C   26068.00404168  .00003496  00000-0  25931-3 0  9994

2 47304  98.3811  97.2332 0086962 308.4895  50.8550 15.00861115283154

0 COSMOS 2069

1 20554U 90029F   26068.00402963 -.00000012  00000-0  28290-4 0  9991

2 20554  73.9782 257.9347 0021404  69.6076  98.3282 12.54540413645125

0 SL-12 R/B(2)

1 27473U 02037D   26068.00399655 -.00000160  00000-0 -68481-3 0  9993

2 27473  63.4177  74.0576 0626358 348.0669  26.3838 12.01429371 36467

0 YUNHAI 2-2B

1 59281U 24052B   26068.00397810  .00000178  00000-0  13593-3 0  9998

2 59281  50.0096  87.0153 0004890 200.7890 159.2827 14.27934105102292

0 COSMOS 827

1 08891U 76054C   26068.00388681 -.00000017  00000-0 -89420-5 0  9992

2 08891  73.9974 267.9266 0048281  70.7157  96.8061 12.53308037692992

0 CZ-4 DEB

1 20853U 90081R   26068.00373286  .00011921  00000-0  21475-2 0  9992

2 20853  98.2455  77.0228 0014213 226.1760 154.9607 14.66637201843715

0 COSMOS 2015

1 19909U 89025H   26068.00368713 -.00000018  00000-0 -16554-4 0  9998

2 19909  74.0076 276.5860 0025255  15.2692 138.4115 12.44065101678325

0 YUNHAI 1-04

1 58073U 23159A   26068.00346419  .00000348  00000-0  14381-3 0  9997

2 58073  98.5097  95.6181 0002154 113.4598 246.6813 14.32660015125451

0 GLOBALSTAR M022

1 25649U 99012A   26068.00344683 -.00000075  00000-0  14814-3 0  9991

2 25649  52.0040 291.0056 0002517 352.9696 154.7582 12.02510781208231

0 SHIYAN 27F

1 63604U 25078F   26068.00340259  .00000013  00000-0  80392-4 0  9996

2 63604  99.6942  76.7084 0000750  93.2489 266.8735 13.57239999 43943

0 DELTA 1 DEB

1 26847U 75052LB  26068.00337044  .00000002  00000-0  91429-4 0  9990

2 26847  99.6693  82.2002 0090880  60.2406 328.3772 13.27110957399614

0 COSMOS 1803

1 17177U 86094A   26068.00335846 -.00000023  00000-0 -24427-3 0  9990

2 17177  82.6005  71.9112 0002459 316.3421  57.7736 12.41548884779527

0 SL-14 R/B

1 19211U 88050B   26068.00329584  .00000548  00000-0  60544-4 0  9998

2 19211  82.5226  99.0567 0022068  50.1350 310.1802 14.85380806 18208

0 COSMOS 970 DEB

1 14906U 77121BK  26068.00319823  .00000386  00000-0  47969-3 0  9991

2 14906  65.9502  69.6883 0112323 165.2358 226.9785 13.73164330116616

0 GAOFEN 12-05

1 61571U 24186A   26068.00316429  .00000659  00000-0  92079-4 0  9999

2 61571  97.9136  77.4699 0000756 117.1544 242.9745 14.80865738 74510

0 TRANSIT 5B-2 DEB

1 25156U 63049N   26068.00298990  .00000817  00000-0  11277-2 0  9996

2 25156  89.9156  72.7689 0040363 319.6047  57.8219 13.57217499385448

0 COSMOS 1252

1 12322U 81022C   26068.00295561 -.00000011  00000-0  29361-4 0  9991

2 12322  74.0266 268.7205 0034441  19.3585 134.7172 12.54809636 61583

0 OBJECT E

1 61242U 24174E   26068.00295006  .00009202  00000-0  35744-3 0  9996

2 61242  97.4514  79.1862 0012142 221.4615 138.5703 15.26227323 80559

0 SL-16 DEB

1 18411U 87041D   26068.00289710  .00000116  00000-0  14308-3 0  9991

2 18411  71.0289 270.2063 0188464 353.5974 157.1485 13.76457874948454

0 YAOGAN-32 A

1 43642U 18077A   26068.00289333  .00001139  00000-0  23127-3 0  9994

2 43642  98.1594  97.7080 0001744  96.5668 263.5732 14.63034504395199

0 YAOGAN-32 B

1 43643U 18077B   26068.00276941  .00001120  00000-0  22760-3 0  9998

2 43643  98.1597  97.6588 0006158 161.2680 198.8749 14.63033758395180

0 COSMOS 569

1 06680U 73037F   26068.00268383 -.00000012  00000-0  24463-4 0  9999

2 06680  74.0156 270.3639 0078442  88.1514  65.3389 12.61176904428439

0 DELTA 1 DEB

1 07093U 73086CM  26068.00260106 -.00000023  00000-0  19634-3 0  9992

2 07093 102.5748  94.3321 0070901  76.0809 312.8286 12.27059603333089

0 COSMOS 1371

1 13241U 82051A   26068.00247232  .00000165  00000-0  70143-4 0  9990

2 13241  74.0412  70.2928 0013656 203.3365 156.7168 14.32585592285106

0 COSMOS 663

1 07349U 74048A   26068.00243425  .00000090  00000-0  77458-4 0  9992

2 07349  82.9462 248.9023 0025318 168.0457 351.0282 13.75848534594438

0 SL-8 DEB

1 21167U 91009AE  26068.00241469 -.00000022  00000-0 -45551-4 0  9994

2 21167  73.9126 262.4284 0137503 250.2527 268.6020 12.29322741571074

0 DELTA 1 DEB

1 07161U 73086DZ  26068.00239627 -.00000026  00000-0  14457-3 0  9993

2 07161 102.2198  96.5783 0014259 307.0977  83.0588 12.41251744370364

0 COSMOS 1525

1 14614U 84001D   26068.00234609 -.00000011  00000-0  34527-4 0  9993

2 14614  74.0048 255.6293 0021876 173.6384 354.8205 12.54909940931877

0 DMSP 5D-2 F9 DEB

1 39046U 88006M   26068.00226995  .00004120  00000-0  16719-2 0  9992

2 39046  98.6292 249.9478 0069548 243.0750 271.4818 14.26866275681920

0 FLOCK 4Q 35

1 58309U 23174BF  26068.00224545  .00042131  00000-0  74563-3 0  9995

2 58309  97.3894 157.0401 0008082 150.2332 209.9380 15.50153499130253

0 NOAA 9

1 15427U 84123A   26068.00220787  .00000139  00000-0  92329-4 0  9997

2 15427  99.1097  92.2721 0013663 273.8265 105.4909 14.17038762129235

0 ALSAT 1N

1 41789U 16059G   26068.00195039  .00001662  00000-0  28922-3 0  9990

2 41789  97.8035  75.8200 0026721 145.5890 214.7053 14.69115904505298

0 FENGYUN 3D

1 43010U 17072A   26068.00186865 -.00000073  00000-0 -12902-4 0  9991

2 43010  99.0035  40.6680 0001608  15.3968 344.7256 14.19714051430772

0 DELTA 1 DEB

1 26837U 75052KR  26068.00180918  .00000783  00000-0  20684-2 0  9994

2 26837  99.6877 254.2827 0283219 116.9215  33.3456 13.05672949238625

0 FENGYUN 1C DEB

1 30295U 99025ZG  26068.00177399  .00000398  00000-0  17947-3 0  9993

2 30295  98.5018  92.8138 0093214 189.5150 190.4697 14.25131722994052

0 STARLINK-3720

1 52136U 22029BA  26068.00169452 -.00002728  00000-0 -15340-3 0  9998

2 52136  53.2186  72.2082 0001531  79.0718 281.0447 15.08825319220830

0 SL-8 R/B

1 07443U 74072J   26068.00166048  .00000095  00000-0  99105-3 0  9996

2 07443  74.0316 255.2630 0131273  46.4424 122.5085 12.22833670297572

0 FENGYUN 1C DEB

1 30606U 99025AMM 26068.00164618  .00004274  00000-0  68595-3 0  9991

2 30606  98.0951  80.9414 0209637 227.9390 161.4693 14.58571369  5008

0 SL-14 R/B

1 20197U 89068B   26068.00163661 -.00000029  00000-0 -86424-4 0  9996

2 20197  73.5631  67.9687 0024548 330.8800  57.1827 12.40773286653626

0 STARLINK-11454

1 62059U 24217C   26068.00153079  .00286659  00000-0  22832-2 0  9990

2 62059  53.1570  74.7819 0001262  86.6264 273.4898 15.69783138 75064

0 COSMOS 2392

1 27470U 02037A   26068.00152341  .00000180  00000-0  15533-2 0  9998

2 27470  63.3975 250.7744 0616084 358.8401 173.1203 12.06808296 41204

0 GLOBALSTAR M086

1 38045U 11080F   26068.00148456 -.00000068  00000-0  19869-3 0  9991

2 38045  51.9887 273.4776 0001220 149.6097  15.0173 12.62283849657007

0 TIANMU-1 14

1 58648U 23205D   26068.00145031  .00009133  00000-0  35952-3 0  9992

2 58648  97.3499  90.4502 0007414 339.6664  20.4278 15.25823542122226

0 FENGYUN 1C DEB

1 30506U 99025AHU 26068.00141072  .00000552  00000-0  33687-3 0  9998

2 30506  98.7591  75.6085 0071516 103.4599 284.3730 14.08758344980364

0 SL-16 DEB

1 22294U 92093J   26068.00133181  .00000373  00000-0  22466-3 0  9997

2 22294  71.0567 251.2960 0101210 309.8857 213.3880 14.10554097708889

0 XIWANG-1 (HOPE-1)

1 36122U 09072B   26068.00099494  .00000353  00000-0  10395-2 0  9990

2 36122 100.3920  23.4858 0008100 100.8821 259.3204 13.16436893779822

0 CZ-6A DEB

1 54526U 22151KE  26068.00089923  .00000577  00000-0  34705-3 0  9997

2 54526  98.8401  68.4396 0053452 284.7500  74.7751 14.10040717170571

0 SL-16 DEB

1 22290U 92093E   26068.00087730  .00000152  00000-0  17605-3 0  9995

2 22290  71.0467 256.9088 0192679  57.4218 105.9654 13.75368023664735

0 FENGYUN 1C DEB

1 31000U 99025BCS 26068.00083010  .00001144  00000-0  58969-3 0  9993

2 31000  97.5603  87.9785 0164626 173.3223 220.3661 14.09871203711729

0 STARLINK-3534

1 52120U 22029AJ  26068.00076911  .00000733  00000-0  64112-4 0  9992

2 52120  53.2173  82.2159 0001437  87.1079 273.0077 15.08843494220698

0 ESSA 4 (TOS-B)

1 02657U 67006A   26068.00075531 -.00000054  00000-0 -28113-4 0  9992

2 02657 102.0891 261.5491 0073219 115.6947  38.0858 12.69889410739825

0 CZ-6A DEB

1 56582U 22151ADE 26068.00074451  .00002264  00000-0  98889-3 0  9999

2 56582  98.7678  87.3750 0008000 246.8091 113.2246 14.24835618160627

0 COSMOS 1230

1 12109U 80102C   26068.00074405 -.00000015  00000-0  93937-5 0  9999

2 12109  73.9910  92.3200 0041436 177.8476 195.0614 12.57923722 75848

0 RCM 3

1 44323U 19033B   26068.00072465  .00001104  00000-0  11273-3 0  9991

2 44323  97.7598  76.9600 0001508  90.8539 269.2853 14.92592213367154

0 STARLINK-32181

1 60349U 24136W   26068.00065346 -.00000805  00000-0 -15064-4 0  9999

2 60349  53.1611  78.5350 0001239  95.5151 264.5991 15.30193169 89562

0 COSMOS 2251 DEB

1 34274U 93036LU  26068.00056732  .00007306  00000-0  13349-2 0  9994

2 34274  74.0014 262.2133 0021227  26.1987 127.5667 14.65940558899393

0 DELTA 1 DEB

1 07045U 73086AM  26068.00050476 -.00000017  00000-0  25485-3 0  9990

2 07045 102.6054  86.4264 0077566 163.0906 225.1530 12.26146686335238

0 COSMOS 1823 DEB

1 39823U 87020EX  26068.00044602  .00000327  00000-0  23908-2 0  9996

2 39823  73.7069 270.4737 0052842 163.3836 350.5460 12.45472206 14696

0 CZ-4 DEB

1 20904U 90081BQ  26068.00031186  .00009076  00000-0  19037-2 0  9998

2 20904  98.4158  79.3211 0016687  44.5727 337.7852 14.59808985843795

0 STARLINK-31454

1 59014U 24036S   26068.00027484  .00003581  00000-0  13299-3 0  9995

2 59014  53.1593  81.6143 0001401  87.9496 272.1666 15.30198023115211

0 YAOGAN-35 02A

1 52907U 22068A   26068.00026545  .00011724  00000-0  49155-3 0  9997

2 52907  34.9932  49.0978 0012505 251.6407 108.2947 15.22644643206602

0 CZ-6A DEB

1 56236U 22151ABC 26068.00023511  .00007498  00000-0  21084-2 0  9992

2 56236  98.6033  93.8632 0066757 327.6067  32.1033 14.44865027162187

0 NOAA 16 DEB

1 41077U 00055AL  26068.00021921  .00000510  00000-0  39546-3 0  9992

2 41077  98.8115  84.3266 0114260 101.8880 259.5121 13.93811604522282

0 STARLINK-33748

1 63383U 25063W   26068.00018882  .00038648  00000-0  13094-2 0  9996

2 63383  53.1598  66.3265 0001584  95.4755 264.6427 15.30220474 54500

0 STARLINK-5060

1 55413U 23014Y   26068.00010258 -.00000845  00000-0 -63054-4 0  9997

2 55413  69.9991  86.0057 0003245 271.2048  88.8740 14.98335222171460

0 STARLINK-3258

1 50206U 21125BC  26068.00004630  .01102157  54696-3  33055-2 0  9997

2 50206  53.2098 230.4891 0000629  86.8484  77.7212 15.91823314  5811

0 IXPE

1 49954U 21121A   26068.00004630  .00014377  00000-0  82030-3 0  9991

2 49954   0.2305 354.5489 0007293   5.2813  24.8562 15.09206015  5686

0 STARLINK-3106

1 49164U 21082AL  26068.00004630  .00045500  00000-0  37983-2 0  9998

2 49164  69.9995 276.1882 0002633 277.4765 239.1268 14.98310429  5668

0 STARLINK-2727

1 48652U 21044Q   26068.00004630  .00164710  00000-0  48029-2 0  9995

2 48652  53.0509 115.8182 0001833  80.5606  58.4562 15.34246881  5866

0 STARLINK-2238

1 48584U 21041AH  26068.00004630  .00064253  00000-0  31121-2 0  9992

2 48584  53.0547 144.3469 0001352  74.6490  78.5120 15.17969136  5733

0 STARLINK-2225

1 48574U 21041X   26068.00004630  .01828465  00000-0  65419-1 0  9991

2 48574  53.1377 104.1493 0001617 107.6381  34.8517 15.25206301  5793

0 STARLINK-2151

1 48556U 21041D   26068.00004630  .00949835  00000-0  56188-1 0  9998

2 48556  53.0610 144.7074 0001155  92.8854  54.3909 15.08485744  5696

0 STARLINK-2755

1 48479U 21040BD  26068.00004630  .01556513  00000-0  52562-1 0  9991

2 48479  53.1445 193.9347 0001595  98.1507 300.6325 15.27129576  5797

0 STARLINK-2728

1 48478U 21040BC  26068.00004630  .01727467  00000-0  61897-1 0  9999

2 48478  53.1383 194.0541 0001142  68.0177 243.9934 15.25332273  5795

0 STARLINK-2697

1 48474U 21040AY  26068.00004630  .01597320  00000-0  59016-1 0  9998

2 48474  53.1310 194.1294 0001155 103.5142  47.3913 15.24031669  5740

0 STARLINK-2658

1 48473U 21040AX  26068.00004630  .01683601  00000-0  62877-1 0  9994

2 48473  53.1316 194.1294 0001352  66.1909 264.8453 15.24016957  5804

0 STARLINK-2675

1 48470U 21040AU  26068.00004630  .00903347  00000-0  30534-1 0  9997

2 48470  53.1491 194.2251 0001365  88.2318 260.9019 15.27720612  5798

0 STARLINK-2685

1 48468U 21040AS  26068.00004630  .01670304  00000-0  68390-1 0  9990

2 48468  53.1177 194.3049 0001231  88.4224 265.3880 15.20904662  5799

0 STARLINK-2659

1 48467U 21040AR  26068.00004630  .01622891  00000-0  60652-1 0  9990

2 48467  53.1290 194.1324 0001740  73.2788 276.2651 15.23593079  5808

0 STARLINK-2687

1 48466U 21040AQ  26068.00004630  .01616011  00000-0  62218-1 0  9996

2 48466  53.1253 194.1800 0001477  92.0547  10.7635 15.22595085  5793

0 STARLINK-2681

1 48465U 21040AP  26068.00004630  .01768890  00000-0  71829-1 0  9996

2 48465  53.1185 194.3137 0000898  85.0326 223.9510 15.21008538  5694

0 STARLINK-2686

1 48464U 21040AN  26068.00004630  .01517625  00000-0  53268-1 0  9990

2 48464  53.1408 193.9223 0000736 109.0836 115.5785 15.25918882  5793

0 STARLINK-2582

1 48460U 21040AJ  26068.00004630  .00167680  00000-0  24124-2 0  9997

2 48460  53.0578 133.7593 0003981 354.1949  76.4198 15.54992524  5926

0 STARLINK-2644

1 48442U 21040Q   26068.00004630  .00004233  00000-0  15474-3 0  9990

2 48442  53.1586 181.3226 0000727 121.5621 250.9259 15.30242797  5792

0 STARLINK-2642

1 48437U 21040K   26068.00004630  .01735705  00000-0  63442-1 0  9996

2 48437  53.1347 194.1030 0001143  77.5658 187.8432 15.24649726  5695

0 STARLINK-2639

1 48436U 21040J   26068.00004630 -.00008217  00000-0 -26561-3 0  9990

2 48436  53.1580 181.3719 0001295  87.6277 157.1613 15.30198396  5748

0 STARLINK-2699

1 48433U 21040F   26068.00004630  .01537392  00000-0  79534-1 0  9993

2 48433  53.0786 154.9292 0000707  45.8363 337.8676 15.12396187  5747

0 STARLINK-2700

1 48431U 21040D   26068.00004630  .01501487  00000-0  82724-1 0  9992

2 48431  53.0687 154.6891 0000665 132.9542 194.6867 15.10191697  5790

0 STARLINK-2563

1 48410U 21038BK  26068.00004630  .01801207  00000-0  70184-1 0  9996

2 48410  53.1244 299.2326 0001474  94.5082  82.2776 15.22366601  5745

0 STARLINK-2594

1 48388U 21038AM  26068.00004630 -.00018349  00000-0 -62489-3 0  9999

2 48388  53.1550 348.4152 0001499  89.2614 283.5065 15.29364664  5642

0 STARLINK-2606

1 48386U 21038AK  26068.00004630  .00079957  00000-0  27643-2 0  9999

2 48386  53.1526 348.6669 0001599 112.2962 267.1176 15.29227488  5791

0 STARLINK-2470

1 48334U 21036BL  26068.00004630  .01835936  00000-0  65369-1 0  9994

2 48334  53.1366 104.0536 0001472  70.8550 277.3640 15.25355077  5796

0 STARLINK-2518

1 48333U 21036BK  26068.00004630  .01840204  00000-0  65277-1 0  9995

2 48333  53.1377 104.0455 0001390  67.6780 265.0573 15.25472108  5744

0 STARLINK-2514

1 48331U 21036BH  26068.00004630  .01850271  00000-0  62509-1 0  9993

2 48331  53.1454 103.9274 0001159  74.1940 282.6497 15.27080524  5748

0 STARLINK-2501

1 48330U 21036BG  26068.00004630  .01824511  00000-0  61768-1 0  9996

2 48330  53.1441 103.9316 0001415  65.4783 269.9800 15.27056449  5793

0 STARLINK-2510

1 48329U 21036BF  26068.00004630  .01838563  00000-0  64788-1 0  9991

2 48329  53.1390 104.0294 0001220  75.6365 185.6694 15.25696144  5799

0 STARLINK-2502

1 48327U 21036BD  26068.00004630  .01734921  00000-0  60421-1 0  9992

2 48327  53.1412 103.9911 0001029  91.8254 150.2094 15.26269792  5743

0 STARLINK-2495

1 48325U 21036BB  26068.00004630  .01869723  00000-0  69511-1 0  9998

2 48325  53.1315 104.1456 0002006  90.9199  25.2930 15.23842193  5743

0 STARLINK-2515

1 48323U 21036AZ  26068.00004630  .01764810  00000-0  65597-1 0  9997

2 48323  53.1320 104.1420 0001525  93.8506 344.9037 15.24033892  5745

0 STARLINK-2457

1 48321U 21036AX  26068.00004630  .01779011  00000-0  65985-1 0  9995

2 48321  53.1316 104.1431 0001307  82.4453 318.0630 15.24079253  5745

0 STARLINK-2029

1 48320U 21036AW  26068.00004630  .01441422  00000-0  60859-1 0  9991

2 48320  53.1115 104.3839 0001543 114.4007 131.7358 15.19799068  5742

0 STARLINK-2512

1 48319U 21036AV  26068.00004630  .01798216  00000-0  66617-1 0  9993

2 48319  53.1312 104.1299 0001386  70.9797 295.1360 15.24086204  5794

0 STARLINK-2509

1 48318U 21036AU  26068.00004630  .01209424  00000-0  53566-1 0  9999

2 48318  53.1044 104.4017 0001748 101.4767  94.2090 15.18176094  5793

0 STARLINK-2536

1 48310U 21036AL  26068.00004630  .01822594  00000-0  67919-1 0  9997

2 48310  53.1337  94.1438 0001442  92.5840  61.0794 15.23843773  5799

0 STARLINK-2517

1 48309U 21036AK  26068.00004630  .00065638  00000-0  21546-2 0  9999

2 48309  53.1609  91.7255 0001539  96.2454 285.0273 15.31002882  5740

0 STARLINK-2537

1 48301U 21036AB  26068.00004630  .01715864  00000-0  58288-1 0  9997

2 48301  53.1425  93.9344 0001622  94.9975 353.3003 15.26607483  5794

0 STARLINK-2543

1 48278U 21036C   26068.00004630 -.00001297  00000-0 -31692-4 0  9992

2 48278  53.1605  27.6076 0001417  87.0479 136.6389 15.30184542  5797

0 STARLINK-2569

1 48277U 21036B   26068.00004630 -.00017127  00000-0 -69020-3 0  9995

2 48277  53.1292  14.1338 0001721  94.0112 165.0070 15.23792861  5749

0 STARLINK-2503

1 48151U 21027BM  26068.00004630  .00079825  00000-0  47180-2 0  9999

2 48151  53.0701 154.6760 0002174  89.8938  99.5838 15.10786259  5691

0 STARLINK-2492

1 48149U 21027BK  26068.00004630  .01493049  00000-0  83082-1 0  9995

2 48149  53.0695 154.6854 0001933  96.8154 126.9001 15.10374119  5745

0 STARLINK-2487

1 48144U 21027BE  26068.00004630  .00959290  00000-0  56152-1 0  9992

2 48144  53.0631 154.7040 0001394  89.7192  24.0130 15.08848153  5799

0 STARLINK-2482

1 48139U 21027AZ  26068.00004630  .00906519  00000-0  53008-1 0  9999

2 48139  53.0619 154.7062 0001199  89.7582  43.0972 15.08588629  5692

0 STARLINK-2455

1 48117U 21027AB  26068.00004630  .00083371  00000-0  52002-2 0  9991

2 48117  53.0592 154.7000 0000811  66.4428 329.3515 15.08800860  5744

0 STARLINK-2442

1 48106U 21027Q   26068.00004630  .01436655  00000-0  77530-1 0  9999

2 48106  53.0729 154.6827 0000966  78.0969 332.8226 15.11098660  5794

0 STARLINK-2440

1 48105U 21027P   26068.00004630  .01863993  00000-0  67390-1 0  9990

2 48105  53.1352 104.0906 0001343  66.8237 220.8185 15.24791651  5745

0 STARLINK-2299

1 48029U 21024BE  26068.00004630  .00041213  00000-0  22197-2 0  9991

2 48029  53.0874 334.4657 0001738  94.9142 201.0653 15.14442137  5792

0 STARLINK-2292

1 48023U 21024AY  26068.00004630  .00055201  00000-0  31186-2 0  9995

2 48023  53.0778 334.6160 0001892  69.3354  23.9637 15.12598198  5646

0 STARLINK-2298

1 48022U 21024AX  26068.00004630  .00035359  00000-0  18835-2 0  9992

2 48022  53.0883 334.7654 0001587  88.4406  16.8826 15.14906630  5739

0 STARLINK-2270

1 48000U 21024Z   26068.00004630  .00100585  00000-0  53542-2 0  9996

2 48000  53.0863 244.7431 0001005  60.4766   8.4485 15.14410352  5537

0 STARLINK-2273

1 47993U 21024S   26068.00004630  .00100661  00000-0  45804-2 0  9993

2 47993  53.1104 299.2300 0001169 134.5368 145.0048 15.19897508  5796

0 STARLINK-2405

1 47919U 21021BM  26068.00004630  .01075785  00000-0  41586-1 0  9999

2 47919  53.1278 284.0349 0001301  93.2642 196.0049 15.23197123  5748

0 STARLINK-2367

1 47907U 21021AZ  26068.00004630  .01135108  00000-0  41457-1 0  9999

2 47907  53.1349 283.9191 0001122 119.9859 132.5920 15.24966725  5795

0 STARLINK-2363

1 47903U 21021AV  26068.00004630  .00078271  00000-0  78673-3 0  9993

2 47903  53.1593 255.6604 0001028  57.2316 301.4961 15.64796922  5813

0 STARLINK-2346

1 47887U 21021AD  26068.00004630  .00981882  00000-0  38769-1 0  9995

2 47887  53.1232 284.0012 0001597  96.2891  91.6948 15.22279493  5798

0 STARLINK-2343

1 47884U 21021AA  26068.00004630  .01711582  00000-0  61700-1 0  9992

2 47884  53.1351 284.0330 0000957  95.0319 174.3872 15.24623265  5697

0 STARLINK-2342

1 47883U 21021Z   26068.00004630  .01601116  00000-0  37367-1 0  9994

2 47883  53.1606 271.1740 0000644  81.5377 103.6063 15.38848542  5563

0 STARLINK-2336

1 47879U 21021V   26068.00004630  .00952426  00000-0  21405-1 0  9997

2 47879  53.1598 283.9943 0001618  92.2598  36.7024 15.40101279  5846

0 STARLINK-2330

1 47874U 21021Q   26068.00004630  .00054902  00000-0  27089-2 0  9999

2 47874  53.0988 219.4238 0001056 103.5857 252.5111 15.17398066  5799

0 STARLINK-2435

1 47843U 21018BJ  26068.00004630  .00062921  00000-0  21773-2 0  9995

2 47843  53.1551 258.3532 0001415  82.5073 118.4724 15.29311910  5747

0 STARLINK-2413

1 47827U 21018AS  26068.00004630  .00768059  00000-0  38884-1 0  9992

2 47827  53.0879 244.8101 0001240  91.2668  41.6188 15.14253631  5645

0 STARLINK-2385

1 47804U 21018T   26068.00004630  .00029595  00000-0  10351-2 0  9992

2 47804  53.1556 233.3296 0001234  85.0695  46.2469 15.29317927  5698

0 STARLINK-2383

1 47802U 21018R   26068.00004630  .00066462  00000-0  22967-2 0  9990

2 47802  53.1550 258.3332 0001486  73.7840 118.5212 15.29330849  5746

0 STARLINK-2380

1 47799U 21018N   26068.00004630  .00749629  00000-0  39937-1 0  9992

2 47799  53.0799 234.6294 0001559  88.5132 306.0339 15.12484347  5792

0 STARLINK-2377

1 47797U 21018L   26068.00004630  .00064549  00000-0  22339-2 0  9990

2 47797  53.1553 258.2483 0000736  66.4100 213.7231 15.29297162  5742

0 STARLINK-2211

1 47778U 21017BJ  26068.00004630  .00004295  00000-0  13630-3 0  9995

2 47778  53.1608 207.6588 0001428  77.8564  54.8578 15.34843487  5870

0 STARLINK-2209

1 47776U 21017BG  26068.00004630  .01360682  00000-0  27629-1 0  9990

2 47776  53.1601 206.7399 0001222  93.1521  24.4430 15.43076330  5861

0 STARLINK-2180

1 47762U 21017AS  26068.00004630  .00027703  00000-0  73796-3 0  9996

2 47762  53.1595 222.2631 0000816  39.0725  76.6082 15.37998595  5864

0 STARLINK-2171

1 47754U 21017AJ  26068.00004630  .00046626  00000-0  37316-3 0  9990

2 47754  53.0433 171.9755 0002649 157.7241 289.0289 15.70617510  5950

0 STARLINK-2162

1 47748U 21017AC  26068.00004630  .01195771  00000-0  24891-1 0  9992

2 47748  53.1603 196.4077 0000973  56.8755 197.5216 15.42233233  5812

0 STARLINK-2159

1 47745U 21017Z   26068.00004630  .01002842  00000-0  20516-1 0  9995

2 47745  53.1594 207.4557 0000710  72.4166 225.4913 15.43227235  5814

0 STARLINK-2141

1 47731U 21017K   26068.00004630  .01001771  00000-0  20519-1 0  9993

2 47731  53.1605 207.1447 0000882  75.2786  95.2178 15.43193952  5719

0 STARLINK-2140

1 47730U 21017J   26068.00004630  .00066530  00000-0  34325-2 0  9996

2 47730  53.0925 219.5142 0001969  70.6659  55.9549 15.15739003  5803

0 STARLINK-2116

1 47724U 21017C   26068.00004630  .00307116  00000-0  13828-2 0  9992

2 47724  53.0390  87.6855 0003584 320.5522 173.8313 15.82691022  5988

0 STARLINK-2095

1 47679U 21012BM  26068.00004630  .00235116  00000-0  15931-2 0  9993

2 47679  53.0267 350.6856 0006132 136.0338 218.6248 15.73758316  5964

0 STARLINK-2083

1 47676U 21012BJ  26068.00004630  .00177689  00000-0  25532-2 0  9998

2 47676  53.0511 285.0285 0007289 160.7782 118.6512 15.54969828  5763

0 STARLINK-2065

1 47672U 21012BE  26068.00004630  .00020757  00000-0  18265-3 0  9993

2 47672  53.1522  12.3849 0006810  47.5314 330.3923 15.68749301  5969

0 STARLINK-2058

1 47667U 21012AZ  26068.00004630  .00119202  00000-0  58488-3 0  9992

2 47667  53.0403  27.4304 0008278  58.8365  73.1390 15.81349303  5989

0 STARLINK-2041

1 47657U 21012AP  26068.00004630  .00964749  00000-0  19592-1 0  9996

2 47657  53.1609  67.8418 0001415  89.2080 232.7102 15.43126393  5815

0 STARLINK-2036

1 47652U 21012AJ  26068.00004630  .01073417  00000-0  22744-1 0  9998

2 47652  53.1618  67.8169 0001383  90.7853 342.6858 15.42004690  5703

0 STARLINK-2022

1 47643U 21012Z   26068.00004630  .00525298  12238-3  13741-2 0  9993

2 47643  53.0114 341.1321 0003229 160.1420  22.4886 15.94358810  5790

0 STARLINK-2019

1 47641U 21012X   26068.00004630  .00147277  00000-0  19211-2 0  9997

2 47641  53.0470 306.1685 0004370 105.1057  11.8611 15.57716176  5925

0 STARLINK-1669

1 47624U 21012E   26068.00004630  .00286721  00000-0  18537-2 0  9996

2 47624  53.0368 355.3523 0008755  88.0344 234.3913 15.74672457  5961

0 STARLINK-1655

1 47623U 21012D   26068.00004630  .00144415  00000-0  14517-2 0  9992

2 47623  53.0426 329.4534 0003777 285.7283  41.1099 15.64501169  5943

0 STARLINK-1645

1 47622U 21012C   26068.00004630  .00215773  00000-0  10503-2 0  9998

2 47622  53.0418  27.1365 0009941  74.2085 357.9830 15.81204877  5987

0 STARLINK-2021

1 47604U 21009BJ  26068.00004630  .00091029  00000-0  90402-3 0  9997

2 47604  53.0464 339.3631 0007081 122.3182 246.5829 15.65006972  5886

0 STARLINK-2001

1 47596U 21009BA  26068.00004630  .00095983  00000-0  16234-2 0  9990

2 47596  53.0491  24.8849 0005167 107.0812  77.8446 15.50811697  5855

0 STARLINK-1995

1 47590U 21009AU  26068.00004630  .00107160  00000-0  14938-2 0  9994

2 47590  53.0484  22.7343 0007283  77.3319 264.6952 15.56082500  5878

0 STARLINK-1994

1 47589U 21009AT  26068.00004630  .00137711  00000-0  18555-2 0  9996

2 47589  53.0493   5.5072 0009388  94.5853 226.7652 15.56849427  5679

0 STARLINK-1993

1 47588U 21009AS  26068.00004630  .00062564  00000-0  54557-3 0  9991

2 47588  53.0454 342.7168 0001643 306.5922 138.4294 15.68415961  5953

0 STARLINK-1991

1 47587U 21009AR  26068.00004630  .00036202  00000-0  34231-3 0  9997

2 47587  53.0449 336.1559 0004508  76.5551  31.7311 15.66650016  5856

0 STARLINK-1975

1 47573U 21009AB  26068.00004630  .00174299  00000-0  10195-2 0  9993

2 47573  53.0516 312.5177 0004850 120.3989  58.7688 15.77321456  5966

0 STARLINK-1971

1 47572U 21009AA  26068.00004630  .00319385  00000-0  11045-2 0  9994

2 47572  53.0390 325.5273 0000591 356.3885   1.9743 15.88141825  5931

0 STARLINK-1967

1 47568U 21009W   26068.00004630  .00157329  00000-0  17341-2 0  9992

2 47568  53.0457   8.2932 0004931  73.6310   0.1118 15.62096419  5893

0 STARLINK-1965

1 47566U 21009U   26068.00004630  .00270904  00000-0  12773-2 0  9999

2 47566  53.0145 286.0671 0008442 147.5203 173.0686 15.81761002  5926

0 STARLINK-1964

1 47565U 21009T   26068.00004630  .00087401  00000-0  80391-3 0  9998

2 47565  53.0470 332.5976 0004641 314.4179  21.5087 15.66955511  5953

0 STARLINK-1962

1 47563U 21009R   26068.00004630  .00159420  00000-0  17806-2 0  9997

2 47563  53.0453 359.9304 0008522  80.0804  96.3906 15.61719409  5930

0 STARLINK-1955

1 47556U 21009J   26068.00004630  .00648584  19413-3  13920-2 0  9997

2 47556  53.0327 328.5938 0003528 183.9954  49.6904 15.97977240  5945

0 STARLINK-2130

1 47405U 21005BJ  26068.00004630  .00066644  00000-0  37835-2 0  9997

2 47405  53.0781  64.6174 0001192  86.5495 289.9806 15.12332977  5731

0 STARLINK-2128

1 47404U 21005BH  26068.00004630  .00120720  00000-0  14548-2 0  9998

2 47404  53.0538  19.4352 0004406 116.9571 324.7230 15.59920128  5887

0 STARLINK-2119

1 47397U 21005BA  26068.00004630  .00094827  00000-0  54204-2 0  9990

2 47397  53.0756  64.6437 0000932 109.9323 211.6359 15.11897442  5698

0 STARLINK-2114

1 47393U 21005AW  26068.00004630  .00078791  00000-0  77042-3 0  9994

2 47393  53.0458 347.2488 0001457 124.9179 207.1452 15.65484612  5928

0 STARLINK-2113

1 47392U 21005AV  26068.00004630  .00097697  00000-0  12735-2 0  9996

2 47392  53.0534  19.7217 0005097 111.2640 346.8596 15.57942240  5937

0 STARLINK-2101

1 47381U 21005AJ  26068.00004630  .01087754  00000-0  53491-1 0  9991

2 47381  53.0904  39.6315 0001097  88.3659 245.8805 15.14801094  5740

0 STARLINK-2100

1 47380U 21005AH  26068.00004630  .01046118  00000-0  57884-1 0  9999

2 47380  53.0539  34.6766 0000981  91.1810 257.4401 15.10665655  5793

0 STARLINK-2096

1 47376U 21005AD  26068.00004630  .00092862  00000-0  54156-2 0  9990

2 47376  53.0717  64.6642 0001484  56.9412  13.4176 15.11186195  5795

0 STARLINK-2094

1 47375U 21005AC  26068.00004630  .00918848  00000-0  53028-1 0  9996

2 47375  53.0637  64.6999 0001442  95.1544 335.0146 15.09032386  5794

0 STARLINK-2093

1 47374U 21005AB  26068.00004630  .00040764  00000-0  41031-3 0  9991

2 47374  53.0524  48.7242 0003735 110.4492 180.7256 15.65031160  5947

0 STARLINK-2092

1 47373U 21005AA  26068.00004630  .00083100  00000-0  49102-2 0  9997

2 47373  53.0694  64.6749 0002106  96.6260 127.4474 15.10774170  5745

0 STARLINK-2084

1 47368U 21005V   26068.00004630  .00088968  00000-0  52443-2 0  9990

2 47368  53.0702  64.6737 0000843 124.9527 160.3106 15.10823727  5698

0 STARLINK-2082

1 47367U 21005U   26068.00004630  .00084553  00000-0  51880-2 0  9999

2 47367  53.0636  64.6983 0001838 107.8945 123.6398 15.09393397  5794

0 STARLINK-2081

1 47366U 21005T   26068.00004630  .00092433  00000-0  55487-2 0  9991

2 47366  53.0677  64.6856 0000797  62.7591 315.4785 15.10140234  5801

0 STARLINK-2076

1 47362U 21005P   26068.00004630  .00089021  00000-0  50544-2 0  9995

2 47362  53.0763  64.6445 0002291  88.3440 112.8425 15.12175244  5648

0 STARLINK-2050

1 47357U 21005J   26068.00004630  .01501622  00000-0  77568-1 0  9990

2 47357  53.0796  65.0707 0001498  97.6734 182.3533 15.12535298  5697

0 STARLINK-2047

1 47355U 21005G   26068.00004630  .00950609  00000-0  37334-1 0  9997

2 47355  53.1247  14.0321 0001622  70.7663 344.0781 15.22553911  5791

0 STARLINK-1912

1 47178U 20088BJ  26068.00004630  .00164179  00000-0  23062-2 0  9993

2 47178  53.0526 284.7881 0008098 156.9504 163.4318 15.55632078  5916

0 STARLINK-1888

1 47171U 20088BB  26068.00004630  .00159404  00000-0  29360-2 0  9998

2 47171  53.0533 282.7884 0004762 151.6486 239.8885 15.48106600  5908

0 STARLINK-1876

1 47161U 20088AR  26068.00004630  .00115655  00000-0  12301-2 0  9994

2 47161  53.0517 275.1120 0001154  87.6215 289.6979 15.63185653  5929

0 STARLINK-1856

1 47143U 20088X   26068.00004630  .00165454  00000-0  29548-2 0  9997

2 47143  53.0522 276.5338 0006873 148.9867  36.5800 15.48953499  5902

0 STARLINK-1843

1 47133U 20088M   26068.00004630  .00368430  00000-0  13960-2 0  9996

2 47133  53.0431 246.6846 0003749 317.5024 103.1670 15.86154991  5920

0 STARLINK-1944

1 46796U 20074BK  26068.00004630  .00158870  00000-0  15719-2 0  9994

2 46796  53.0456 274.2634 0001320 281.6035 311.0344 15.64852017  5949

0 STARLINK-1934

1 46792U 20074BF  26068.00004630  .00255882  00000-0  14209-2 0  9994

2 46792  53.0433 270.0815 0001736 131.0561  57.8698 15.78253765  5978

0 STARLINK-1931

1 46790U 20074BD  26068.00004630  .00139007  00000-0  13798-2 0  9994

2 46790  53.0464 286.5908 0001642  22.7803  34.2123 15.64845619  5934

0 STARLINK-1882

1 46784U 20074AX  26068.00004630  .00224538  00000-0  24887-2 0  9992

2 46784  53.0532 278.2211 0006756 134.5298 279.4254 15.61701475  5946

0 STARLINK-1832

1 46780U 20074AT  26068.00004630  .00181477  00000-0  11195-2 0  9990

2 46780  53.0414 271.0100 0004018 133.9626 230.3793 15.76097337  5974

0 STARLINK-1928

1 46758U 20074V   26068.00004630  .00057239  00000-0  53617-3 0  9999

2 46758  53.0446 288.0272 0003261  49.2053 284.2744 15.66684082  5943

0 STARLINK-1922

1 46753U 20074Q   26068.00004630  .00188499  00000-0  19245-2 0  9995

2 46753  53.0461 287.1254 0001824  25.5027  14.5129 15.63952169  5836

0 STARLINK-1905

1 46746U 20074H   26068.00004630  .00209349  00000-0  22135-2 0  9997

2 46746  53.0461 287.0454 0000428 334.6701 307.7322 15.62985788  5789

0 STARLINK-1894

1 46744U 20074F   26068.00004630  .00226997  00000-0  11523-2 0  9992

2 46744  53.0431 281.2177 0001941 275.1017  83.9227 15.80320320  5975

0 STARLINK-1830

1 46727U 20073BK  26068.00004630  .00098245  00000-0  14299-2 0  9998

2 46727  53.0438 186.7268 0001441  36.7682  76.2238 15.54976480  5924

0 STARLINK-1828

1 46725U 20073BH  26068.00004630  .00103281  00000-0  15924-2 0  9999

2 46725  53.0535 239.7502 0001538  57.3393 167.9718 15.53369556  5903

0 STARLINK-1826

1 46723U 20073BF  26068.00004630  .00139262  00000-0  16823-2 0  9994

2 46723  53.0477 183.8312 0005814 204.6968 207.3526 15.59774626  5674

0 STARLINK-1820

1 46717U 20073AZ  26068.00004630  .00337115  00000-0  12075-2 0  9999

2 46717  53.0397 165.9050 0005349 330.4659  87.0445 15.87375744  5993

0 STARLINK-1817

1 46715U 20073AX  26068.00004630  .00050125  00000-0  58137-3 0  9990

2 46715  53.0480 220.6710 0004219 239.3232 126.7742 15.61306956  5470

0 STARLINK-1816

1 46714U 20073AW  26068.00004630  .00034922  00000-0  24958-3 0  9990

2 46714  53.0410 202.1408 0001749 140.2642 202.9604 15.73441363  5964

0 STARLINK-1815

1 46713U 20073AV  26068.00004630  .00009433  00000-0  87640-4 0  9996

2 46713  53.0442 205.6671 0003520 341.4657 359.9491 15.68251754  5388

0 STARLINK-1814

1 46712U 20073AU  26068.00004630  .00451137  92142-4  11726-2 0  9999

2 46712  53.0363 188.3244 0008890 338.7293  72.7841 15.94427121  6003

0 STARLINK-1810

1 46709U 20073AR  26068.00004630  .00136743  00000-0  26562-2 0  9990

2 46709  53.0484 235.2719 0003958 169.0111 280.4350 15.46670961  5793

0 STARLINK-1805

1 46705U 20073AM  26068.00004630  .00115806  00000-0  18952-2 0  9997

2 46705  53.0507 246.9056 0003127 220.2715 186.5311 15.51651342  5911

0 STARLINK-1801

1 46701U 20073AH  26068.00004630  .00042303  00000-0  32927-3 0  9993

2 46701  53.0460 201.4034 0006131 206.8651   7.1135 15.71309543  5966

0 STARLINK-1800

1 46700U 20073AG  26068.00004630  .00182521  00000-0  97300-3 0  9995

2 46700  53.0400 212.8177 0004503 302.2554  70.3601 15.79366398  5988

0 STARLINK-1799

1 46699U 20073AF  26068.00004630  .00136117  00000-0  84722-3 0  9996

2 46699  53.0434 198.8582 0005636 235.8863   3.6219 15.76033511  5717

0 STARLINK-1797

1 46698U 20073AE  26068.00004630  .00110550  00000-0  16386-2 0  9998

2 46698  53.0451 212.1421 0003675  59.0371  36.1759 15.54415755  5921

0 STARLINK-1795

1 46696U 20073AC  26068.00004630  .00042323  00000-0  39620-3 0  9995

2 46696  53.0415 184.2521 0002195  84.3150 307.8709 15.66833078  5941

0 STARLINK-1790

1 46691U 20073X   26068.00004630  .00076895  00000-0  55321-3 0  9997

2 46691  53.0416 201.9857 0003433 157.5328 172.3304 15.72938549  5966

0 STARLINK-1788

1 46689U 20073V   26068.00004630  .00182759  00000-0  20007-2 0  9993

2 46689  53.0424 221.8817 0000682  71.1981 334.8174 15.62187190  5943

0 STARLINK-1784

1 46687U 20073T   26068.00004630  .00139395  00000-0  15681-2 0  9991

2 46687  53.0441 190.1008 0004240 280.7379  95.2190 15.61640458  5781

0 STARLINK-1781

1 46685U 20073R   26068.00004630  .00160451  00000-0  22952-2 0  9995

2 46685  53.0517 246.6529 0001987 274.5461 112.8474 15.55181486  5860

0 STARLINK-1775

1 46681U 20073M   26068.00004630  .00163922  00000-0  96862-3 0  9999

2 46681  53.0436 213.8983 0000906 100.0496 311.8478 15.77135905  5973

0 STARLINK-1718

1 46674U 20073E   26068.00004630  .00152924  00000-0  21945-2 0  9990

2 46674  53.0504 231.3064 0003390 270.7186 151.7124 15.55122749  5929

0 STARLINK-1716

1 46672U 20073C   26068.00004630  .00126646  00000-0  12862-2 0  9998

2 46672  53.0448 204.5276 0006112 335.9634 160.7584 15.64296605  5796

0 STARLINK-1746

1 46588U 20070BJ  26068.00004630  .00132624  00000-0  96950-3 0  9995

2 46588  53.0408 118.4258 0001792 101.1235 336.7867 15.72331292  5903

0 STARLINK-1736

1 46585U 20070BF  26068.00004630  .00154835  00000-0  14313-2 0  9992

2 46585  53.0435 119.3754 0001036 101.1328  56.3549 15.66567483  5891

0 STARLINK-1728

1 46582U 20070BC  26068.00004630  .00174709  00000-0  27368-2 0  9995

2 46582  53.0411 128.7241 0002493 185.9624  86.6729 15.52624532  5704

0 STARLINK-1683

1 46578U 20070AY  26068.00004630  .00219089  00000-0  11051-2 0  9993

2 46578  53.0104  74.9384 0007304  16.7364 212.0702 15.80452638  5978

0 STARLINK-1531

1 46572U 20070AS  26068.00004630  .00199486  00000-0  20953-2 0  9996

2 46572  53.0533 142.9321 0007694 256.8732 301.5538 15.63163589  5889

0 STARLINK-1741

1 46567U 20070AM  26068.00004630  .00221082  00000-0  23210-2 0  9997

2 46567  53.0415 121.1699 0002517 169.6120  42.9466 15.63126908  5880

0 STARLINK-1735

1 46565U 20070AK  26068.00004630  .00212629  00000-0  23759-2 0  9990

2 46565  53.0416 122.2707 0004435 187.2930 269.7750 15.61546016  5831

0 STARLINK-1733

1 46564U 20070AJ  26068.00004630  .00201479  00000-0  13712-2 0  9998

2 46564  53.0454 110.8179 0001712 355.9467   3.0252 15.73777583  5915

0 STARLINK-1714

1 46562U 20070AG  26068.00004630  .00173191  00000-0  29205-2 0  9999

2 46562  53.0446 119.5282 0001958 247.9919 347.1518 15.50568156  5858

0 STARLINK-1681

1 46559U 20070AD  26068.00004630  .00202427  00000-0  11794-2 0  9994

2 46559  53.0485  77.8228 0008653  10.6444  57.4443 15.77290689  5973

0 STARLINK-1680

1 46558U 20070AC  26068.00004630  .00208144  00000-0  12778-2 0  9998

2 46558  53.0395 112.9533 0007440   9.9133 306.6781 15.76102314  5960

0 STARLINK-1648

1 46533U 20070B   26068.00004630  .00366493  61073-4  11867-2 0  9992

2 46533  53.0426 129.4118 0006236 331.3064 103.7840 15.90285104  5986

0 STARLINK-1770

1 46383U 20062BL  26068.00004630  .00082950  00000-0  84705-3 0  9990

2 46383  53.0422 319.0940 0001932 237.9247 305.7209 15.64369351  5898

0 STARLINK-1742

1 46376U 20062BD  26068.00004630  .00335265  00000-0  15596-2 0  9993

2 46376  53.0268 259.2554 0008267 151.9427 161.5763 15.81885201  5975

0 STARLINK-1724

1 46375U 20062BC  26068.00004630  .00162187  00000-0  25330-2 0  9990

2 46375  53.0298 290.5618 0000354 282.0318 188.5461 15.52758408  5600

0 STARLINK-1726

1 46362U 20062AP  26068.00004630  .00630322  17652-3  15773-2 0  9991

2 46362  53.0352 263.7246 0005321 208.0830 261.9813 15.95162763  5946

0 STARLINK-1707

1 46359U 20062AL  26068.00004630  .00142594  00000-0  14316-2 0  9994

2 46359  53.0242 277.8582 0005106 146.0913 198.4557 15.64532951  5937

0 STARLINK-1666

1 46357U 20062AJ  26068.00004630  .00126948  00000-0  16520-2 0  9996

2 46357  53.0477 337.7105 0006047 126.8236 357.5120 15.57853967  5929

0 STARLINK-1665

1 46356U 20062AH  26068.00004630  .00155231  00000-0  16228-2 0  9997

2 46356  53.0434 340.2380 0001713 290.0641  52.0745 15.63469810  5932

0 STARLINK-1657

1 46354U 20062AF  26068.00004630  .00247550  00000-0  11028-2 0  9994

2 46354  53.0457 332.6105 0004029 246.9253 205.6540 15.83075201  5935

0 STARLINK-1653

1 46352U 20062AD  26068.00004630  .00137420  00000-0  17148-2 0  9995

2 46352  53.0452 325.7964 0005749 248.5852  34.6445 15.58927018  5924

0 STARLINK-1646

1 46351U 20062AC  26068.00004630  .00119667  00000-0  17228-2 0  9996

2 46351  53.0468 338.6013 0005729 128.3394   8.9492 15.55161973  5868

0 STARLINK-1575

1 46349U 20062AA  26068.00004630  .00367120  00000-0  16057-2 0  9991

2 46349  53.0268 266.1656 0007863 175.5159 312.2774 15.83126536  5934

0 STARLINK-1547

1 46347U 20062Y   26068.00004630  .00233280  00000-0  23730-2 0  9994

2 46347  53.0370 282.2067 0005082 153.4327 168.6655 15.63881667  5936

0 STARLINK-1765

1 46344U 20062V   26068.00004630  .00384582  00000-0  13471-2 0  9994

2 46344  53.0382 305.0999 0004481 189.9437  94.1721 15.87718922  5983

0 STARLINK-1764

1 46343U 20062U   26068.00004630  .00091028  00000-0  85051-3 0  9997

2 46343  53.0441 320.4668 0000389 340.7276 285.0715 15.66559008  5847

0 STARLINK-1759

1 46340U 20062R   26068.00004630  .00135539  00000-0  16901-2 0  9997

2 46340  53.0239 334.0806 0003503  68.3740  29.0179 15.58963241  5933

0 STARLINK-1752

1 46338U 20062P   26068.00004630  .00423970  79739-4  12834-2 0  9993

2 46338  53.0377 330.5359 0003132 228.1102   6.6925 15.91601650  5944

0 STARLINK-1727

1 46335U 20062L   26068.00004630  .00128113  00000-0  10986-2 0  9998

2 46335  53.0464 339.6105 0004028 315.7104  59.3282 15.68509281  5893

0 STARLINK-1640

1 46173U 20057BJ  26068.00004630  .00166086  00000-0  25113-2 0  9991

2 46173  53.0509 302.4242 0008496 137.3542 202.9222 15.53606837  5855

0 STARLINK-1635

1 46172U 20057BH  26068.00004630  .00220715  00000-0  25977-2 0  9998

2 46172  53.0447 260.9812 0003089   1.8024 330.5539 15.60168078  5834

0 STARLINK-1633

1 46171U 20057BG  26068.00004630  .00196197  00000-0  24317-2 0  9990

2 46171  53.0441 262.4425 0002535 289.1963 100.1091 15.58895459  5888

0 STARLINK-1627

1 46168U 20057BD  26068.00004630  .00098073  00000-0  74631-3 0  9995

2 46168  53.0429 228.1940 0003067  44.6799 325.5263 15.71513211  5919

0 STARLINK-1626

1 46167U 20057BC  26068.00004630  .00160750  00000-0  23796-2 0  9991

2 46167  53.0485 297.6173 0007535 130.2565 331.0494 15.54219979  5762

0 STARLINK-1612

1 46164U 20057AZ  26068.00004630  .00134929  00000-0  68410-3 0  9990

2 46164  53.0334 215.3170 0003937 256.9932 353.3732 15.80619896  5978

0 STARLINK-1598

1 46160U 20057AV  26068.00004630  .00140308  00000-0  23373-2 0  9992

2 46160  53.0518 286.9219 0003687 198.3228  79.0047 15.51044912  5751

0 STARLINK-1595

1 46159U 20057AU  26068.00004630  .00140437  00000-0  24276-2 0  9996

2 46159  53.0493 299.9801 0006852 118.1597  54.9557 15.49985109  5755

0 STARLINK-1587

1 46157U 20057AS  26068.00004630  .00570787  14728-3  13419-2 0  9991

2 46157  53.0299 219.8436 0005514 304.1503  85.7822 15.96311558  6009

0 STARLINK-1545

1 46156U 20057AR  26068.00004630  .00187117  00000-0  21201-2 0  9994

2 46156  53.0449 261.8146 0000924  20.0392 151.4962 15.61281807  5932

0 STARLINK-1667

1 46155U 20057AQ  26068.00004630  .00118274  00000-0  11962-2 0  9994

2 46155  53.0258 228.1710 0004721 171.6721 279.9055 15.64443852  5932

0 STARLINK-1606

1 46144U 20057AD  26068.00004630  .00221606  00000-0  22336-2 0  9993

2 46144  53.0448 259.8191 0000875 192.6107 245.7319 15.64163751  5742

0 STARLINK-1597

1 46142U 20057AB  26068.00004630  .00168725  00000-0  23344-2 0  9993

2 46142  53.0488 300.1916 0007463 146.4742 179.6909 15.56030698  5778

0 STARLINK-1625

1 46131U 20057Q   26068.00004630  .00370961  00000-0  15781-2 0  9994

2 46131  53.0459 251.6295 0005674 225.5219 196.1550 15.83723134  5875

0 STARLINK-1624

1 46130U 20057P   26068.00004630  .00138752  00000-0  12191-2 0  9995

2 46130  53.0431 235.7313 0004239 313.7885 302.5835 15.67873029  5952

0 STARLINK-1623

1 46129U 20057N   26068.00004630  .00182585  00000-0  28904-2 0  9995

2 46129  53.0504 259.2956 0007353 163.8340 236.3800 15.52280771  5861

0 STARLINK-1622

1 46128U 20057M   26068.00004630  .00176535  00000-0  18032-2 0  9993

2 46128  53.0223 227.5809 0004858 179.0957 209.0839 15.63972729  5933

0 STARLINK-1621

1 46127U 20057L   26068.00004630  .00221928  00000-0  13100-2 0  9990

2 46127  53.0449 247.1095 0005097 234.5883 236.7467 15.76969516  5970

0 STARLINK-1593

1 46119U 20057C   26068.00004630  .00232629  00000-0  15409-2 0  9995

2 46119  53.0490 273.8089 0002845 142.4345  11.1854 15.74309220  5809

0 STARLINK-1585

1 46117U 20057A   26068.00004630  .00247026  00000-0  10898-2 0  9997

2 46117  53.0403 250.5061 0001438 171.5472 157.0744 15.83288861  5977

0 STARLINK-1525

1 46066U 20055AR  26068.00004630  .00071356  00000-0  38849-2 0  9995

2 46066  53.0541  99.5143 0001569  93.2179 140.4663 15.13797049  5796

0 STARLINK-1548

1 46054U 20055AD  26068.00004630  .00075499  00000-0  25368-2 0  9996

2 46054  53.1582 117.1150 0001435  91.5806  81.6482 15.30182662  5797

0 STARLINK-1591

1 46045U 20055U   26068.00004630  .00116633  00000-0  56850-2 0  9992

2 46045  53.0994 129.3722 0001206 107.2518 148.2220 15.17420558  5800

0 STARLINK-1582

1 46043U 20055S   26068.00004630  .01444708  00000-0  67309-1 0  9998

2 46043  53.0963 129.5233 0000784 125.9031 185.2845 15.16345485  5796

0 STARLINK-1569

1 46039U 20055N   26068.00004630  .00121087  00000-0  59300-2 0  9997

2 46039  53.0982 129.4292 0001277  72.3912 330.8219 15.17230325  5797

0 STARLINK-1567

1 46038U 20055M   26068.00004630  .01579427  00000-0  74228-1 0  9997

2 46038  53.0876 129.5221 0001325  61.6585 330.4792 15.16267754  5799

0 STARLINK-1560

1 46036U 20055K   26068.00004630  .01500824  00000-0  65472-1 0  9991

2 46036  53.1065 129.4520 0001587  81.8030  49.7697 15.18534561  5797

0 STARLINK-1558

1 46035U 20055J   26068.00004630  .01214347  00000-0  55576-1 0  9996

2 46035  53.0994 129.4545 0001199  60.6477 348.6512 15.17011656  5748

0 STARLINK-1557

1 46034U 20055H   26068.00004630  .00121857  00000-0  56519-2 0  9996

2 46034  53.1075 129.3162 0001829  77.2282  88.6752 15.19117405  5793

0 STARLINK-1556

1 46033U 20055G   26068.00004630  .00123342  00000-0  58515-2 0  9994

2 46033  53.1040 129.3768 0002048  76.4918  76.1828 15.18325553  5797

0 STARLINK-1555

1 46032U 20055F   26068.00004630  .00126060  00000-0  61503-2 0  9994

2 46032  53.0981 129.4358 0000841  74.7263 304.2406 15.17334309  5793

0 STARLINK-1526

1 46029U 20055C   26068.00004630  .00125576  00000-0  60195-2 0  9997

2 46029  53.1022 129.3584 0000274  98.3813 243.6821 15.17952623  5544

0 STARLINK-1523

1 46028U 20055B   26068.00004630  .00120969  00000-0  58490-2 0  9992

2 46028  53.1001 129.3908 0000874 138.8866 146.5529 15.17677245  5746

0 STARLINK-1496

1 45780U 20038BC  26068.00004630  .00141353  00000-0  26014-2 0  9994

2 45780  53.0506 181.1232 0003375 213.4937 166.9179 15.48211191  5906

0 STARLINK-1478

1 45755U 20038AB  26068.00004630  .00086743  00000-0  12680-2 0  9991

2 45755  53.0503 201.2240 0003472 236.7997 176.1891 15.54911221  5924

0 STARLINK-1433

1 45711U 20035BG  26068.00004630 -.00014566  00000-0 -20888-3 0  9996

2 45711  53.0509  24.3885 0007639  98.7193  48.8918 15.54672408  5920

0 STARLINK-1411

1 45706U 20035BB  26068.00004630  .00112545  00000-0  12547-2 0  9996

2 45706  53.0444 344.8073 0005331 127.6590 290.7869 15.61975821  5781

0 STARLINK-1407

1 45703U 20035AY  26068.00004630  .00153162  00000-0  18466-2 0  9999

2 45703  53.0343 319.1241 0010712 102.8322 291.5330 15.59726841  5937

0 STARLINK-1403

1 45701U 20035AW  26068.00004630  .00948682  00000-0  42696-1 0  9997

2 45701  53.1036  39.4806 0001654  89.3724 339.8003 15.17856596  5594

0 STARLINK-1398

1 45699U 20035AU  26068.00004630  .00356333  61306-4  89932-3 0  9995

2 45699  53.0346 302.7343 0003774 187.2986  85.3145 15.95065972  6001

0 STARLINK-1420

1 45695U 20035AQ  26068.00004630  .00096054  00000-0  14758-2 0  9995

2 45695  53.0533  25.7443 0004223 107.2533  59.0273 15.53495199  5863

0 STARLINK-1460

1 45676U 20035V   26068.00004630  .00105151  00000-0  36123-2 0  9993

2 45676  53.1550  68.1066 0000903  96.8681 225.4025 15.29289733  5796

0 STARLINK-1457

1 45674U 20035T   26068.00004630  .00148619  00000-0  83073-3 0  9994

2 45674  53.0481  25.8852 0009387  68.4816  96.4184 15.78376253  5935

0 STARLINK-1454

1 45671U 20035Q   26068.00004630  .00147912  00000-0  24723-2 0  9992

2 45671  53.0512  56.1761 0008577  57.5039  65.7859 15.50888770  5759

0 STARLINK-1453

1 45670U 20035P   26068.00004630  .00112548  00000-0  17950-2 0  9992

2 45670  53.0484  16.6504 0006950  49.2164 320.7755 15.52367356  5913

0 STARLINK-1448

1 45665U 20035J   26068.00004630  .00118662  00000-0  19061-2 0  9994

2 45665  53.0515  56.0543 0007945  74.1487 246.7681 15.52132119  5915

0 STARLINK-1335

1 45581U 20025BC  26068.00004630  .00049073  00000-0  17031-2 0  9994

2 45581  53.1553  78.2511 0001386  97.2399 350.3621 15.29330245  5793

0 STARLINK-1361

1 45567U 20025AN  26068.00004630  .00101949  00000-0  19290-2 0  9998

2 45567  53.0504  77.2052 0007577  30.0252  86.2483 15.47570791  5740

0 STARLINK-1357

1 45565U 20025AL  26068.00004630  .00133808  00000-0  19076-2 0  9997

2 45565  53.0529  41.3521 0003917  87.5111 227.3608 15.55377538  5776

0 STARLINK-1327

1 45555U 20025AA  26068.00004630  .00148344  00000-0  22319-2 0  9991

2 45555  53.0479  69.9614 0006527  55.4773 249.9468 15.53830524  5766

0 STARLINK-1329

1 45531U 20025A   26068.00004630  .00190678  00000-0  26260-2 0  9991

2 45531  53.0492  84.6882 0000759 335.8059  29.1186 15.56095975  5771

0 STARLINK-1309

1 45414U 20019BG  26068.00004630  .00155728  00000-0  22705-2 0  9991

2 45414  53.0663 126.9400 0005452  29.1823  54.4271 15.54669766  5874

0 STARLINK-1298

1 45413U 20019BF  26068.00004630  .00324566  53184-4  77228-3 0  9994

2 45413  53.0347  57.4133 0006033  19.7585  60.0456 15.96145944  6028

0 STARLINK-1297

1 45395U 20019AM  26068.00004630  .00149143  00000-0  22328-2 0  9994

2 45395  53.0478 134.0301 0004499  14.9846  86.5286 15.53974411  5869

0 STARLINK-1284

1 45390U 20019AG  26068.00004630  .00142650  00000-0  23246-2 0  9995

2 45390  53.0482 134.3061 0003662  12.1363 156.8158 15.51652320  5858

0 STARLINK-1283

1 45389U 20019AF  26068.00004630  .00173262  00000-0  23763-2 0  9990

2 45389  53.0429 113.3327 0003607 242.3673  40.3463 15.56270199  5861

0 STARLINK-1305

1 45377U 20019T   26068.00004630  .00148369  00000-0  23118-2 0  9991

2 45377  53.0437 135.5836 0002704  97.6042 250.5018 15.52879089  5710

0 STARLINK-1302

1 45375U 20019R   26068.00004630  .00090221  00000-0  13858-2 0  9992

2 45375  53.0522 155.0847 0002819 295.7616  75.7143 15.53535305  5916

0 STARLINK-1300

1 45374U 20019Q   26068.00004630  .00004921  00000-0  18270-3 0  9997

2 45374  53.1546 168.4350 0000993  94.2599  77.0906 15.29366652  5699

0 STARLINK-1281

1 45370U 20019L   26068.00004630 -.00015023  00000-0 -50939-3 0  9998

2 45370  53.1593 168.4779 0001266  91.7730 176.2126 15.29351469  5736

0 STARLINK-1262

1 45366U 20019G   26068.00004630  .00817293  00000-0  27201-1 0  9994

2 45366  53.1492 168.3080 0001105 101.7852 160.1435 15.28066540  5795

0 STARLINK-1193

1 45100U 20006BJ  26068.00004630  .00146289  00000-0  20722-2 0  9998

2 45100  53.0519 233.7661 0001492   8.1599 308.8003 15.55505808  5718

0 STARLINK-1185

1 45087U 20006AV  26068.00004630  .00046545  00000-0  15753-2 0  9994

2 45087  53.1586 245.6134 0001368  74.3669 311.6924 15.30168540  5725

0 STARLINK-1171

1 45062U 20006U   26068.00004630  .00541841  00000-0  55925-2 0  9991

2 45062  53.0452 252.8114 0001019  82.2037 248.5173 15.62497633  5926

0 STARLINK-1159

1 45057U 20006P   26068.00004630  .00187736  00000-0  90242-3 0  9996

2 45057  53.0441 238.2414 0002252 140.4253 226.5939 15.81618051  5933

0 STARLINK-1090

1 44968U 20001BG  26068.00004630  .01315929  00000-0  57746-1 0  9999

2 44968  53.1076 309.4112 0001621  65.3379 298.5644 15.18732384  5744

0 STARLINK-1067

1 44771U 19074BL  26068.00004630  .00081039  00000-0  10828-2 0  9991

2 44771  53.0506 207.5200 0003290 328.1431  96.8902 15.57373212  5922

0 STARLINK-1031

1 44736U 19074Z   26068.00004630  .00268466  37594-4  86824-3 0  9995

2 44736  53.0383 123.5591 0004761   0.9718 303.3177 15.90383550  6017

0 STARLINK-1019

1 44724U 19074M   26068.00004630  .00202121  00000-0  99139-3 0  9999

2 44724  53.0415 140.1779 0001389 203.8294 262.0384 15.81139958  5997

0 NUSTAR

1 38358U 12031A   26068.00004630  .00011751  00000-0  69204-3 0  9998

2 38358   6.0264  65.0544 0007260  53.8558 305.3479 15.07712920  1297

0 COSMOS 1743

1 16719U 86034A   26068.00000553  .00038498  00000-0  50265-3 0  9993

2 16719  82.5296  74.5547 0001676 300.6943  59.4148 15.58496631180148

0 FENGYUN 1C DEB

1 32340U 99025CYH 26067.99998107  .00023004  00000-0  31800-2 0  9993

2 32340  98.9779  88.3271 0033077  26.1154 334.1713 14.77708426984695

0 STARLINK-31078

1 58638U 23203W   26067.99996786  .00000197  00000-0  16689-4 0  9995

2 58638  43.0041  71.1840 0001346 272.8384  87.2314 15.27577593123454

0 COSMOS 1141

1 11585U 79090A   26067.99994892  .00000071  00000-0  56242-4 0  9996

2 11585  82.9444 265.4271 0030324  57.8194  95.8060 13.77188393311852

0 COSMOS 1326

1 12981U 81116G   26067.99993482 -.00000023  00000-0 -56998-4 0  9990

2 12981  73.9792  78.7931 0083045 294.3875  93.3886 12.30855182969841

0 STARLINK-5969

1 55993U 23042H   26067.99993214  .00000236  00000-0  32522-4 0  9998

2 55993  43.0051  60.1124 0001706 263.6651  96.3997 15.02533107162800

0 CZ-2D DEB

1 38179U 11068G   26067.99988047  .00001460  00000-0  61441-3 0  9999

2 38179  98.8403  91.1249 0127953  24.7261   5.2970 14.22987782738749

0 STARLINK-5076

1 55401U 23014L   26067.99987895 -.00000178  00000-0 -71111-5 0  9994

2 55401  69.9992  66.1342 0003287 268.4022  91.6761 14.98331117171958

0 COSMOS 339

1 04386U 70036D   26067.99984248 -.00000016  00000-0 -89923-6 0  9997

2 04386  74.0260 273.9613 0015663 302.6057 226.9307 12.51874271552860

0 STARLINK-11482

1 62520U 25004K   26067.99964446  .00362836  00000-0  26904-2 0  9999

2 62520  43.0006  74.5626 0001492 247.7317 112.3392 15.71008685 67103

0 STARLINK-2725

1 48681U 21044AV  26067.99960792  .00004177  00000-0  15313-3 0  9995

2 48681  53.1607  78.4788 0001366 104.9753 255.1399 15.30189703264258

0 OBJECT A

1 59917U 24105A   26067.99958057  .00004911  00000-0  25531-3 0  9990

2 59917  97.5905  83.1675 0012529 209.1211 150.9325 15.16479810 97848

0 SL-14 R/B

1 17178U 86094B   26067.99944338 -.00000001  00000-0 -80400-4 0  9990

2 17178  82.6020  63.7593 0002355   3.7644   6.3176 12.42050454780179

0 STARLINK-4138

1 53535U 22101J   26067.99939319  .00001646  00000-0  12147-3 0  9995

2 53535  53.2166  77.2176 0001161  78.5404 281.5719 15.08849955196062

0 STARLINK-5549

1 56360U 23058AV  26067.99933330  .00000468  00000-0  36651-4 0  9991

2 56360  97.6045  70.5537 0001856  84.3257 275.8181 15.05641405158095

0 PSLV DEB

1 41792U 16059K   26067.99926205  .00005323  00000-0  72178-3 0  9998

2 41792  97.7860  92.5355 0022516 115.4670 244.8875 14.79129912506061

0 YAOGAN-43 O1C

1 60460U 24148C   26067.99925916  .00015533  00000-0  64028-3 0  9996

2 60460  35.0002  72.7139 0004983   6.0859 353.9915 15.23236267 86858

0 RADCAL

1 22698U 93041A   26067.99923483  .00000147  00000-0  55407-4 0  9999

2 22698  89.4934  66.0625 0089248 152.6857 207.9071 14.24158991697930

0 STARLINK-33846

1 63780U 25091F   26067.99921883  .00029191  00000-0  10654-2 0  9991

2 63780  42.9990  56.6794 0003621 143.1985 216.9115 15.27598463 48848

0 STARLINK-31526

1 59016U 24036U   26067.99916110  .00001875  00000-0  75401-4 0  9995

2 59016  53.1586  55.9924 0001495 102.4010 257.7158 15.30204724115574

0 SL-14 R/B

1 16792U 86046B   26067.99906617  .00000592  00000-0  65398-4 0  9998

2 16792  82.4782  80.8345 0021917 227.7734 132.1623 14.85589640126308

0 HAIYANG 1D

1 45721U 20036A   26067.99899303  .00000326  00000-0  13171-3 0  9998

2 45721  98.4474  11.9023 0003683  86.4965 273.6642 14.34203041300613

0 FENGYUN 1C DEB

1 31332U 99025BQL 26067.99896851  .00001686  00000-0  93015-3 0  9995

2 31332  98.7058  80.8279 0050615 138.2213 250.8830 14.12161385971894

0 STARLINK-3882

1 52475U 22049AA  26067.99895083  .00001408  00000-0  10659-3 0  9999

2 52475  53.2177  62.4431 0001385  75.2031 284.9115 15.08827489212147

0 DELTA 1 DEB

1 10730U 75027E   26067.99893858  .00000207  00000-0  26203-3 0  9997

2 10730 114.9884 103.1792 0113228 302.4173  56.5982 13.94742594590195

0 COSMOS 1291

1 12640U 81074E   26067.99892866 -.00000022  00000-0 -41128-4 0  9997

2 12640  74.0307  73.1877 0003706  39.4967 348.3321 12.50885799 35953

0 COSMOS 468

1 05705U 71114A   26067.99885891  .00000191  00000-0  73583-4 0  9990

2 05705  74.0163  66.0285 0014215 143.8242 216.3876 14.36705907836826

0 SAC-D (AQUARIUS)

1 37673U 11024A   26067.99869064  .00001385  00000-0  19707-3 0  9990

2 37673  97.9829  82.7744 0002005  88.2083 294.3179 14.78446605792985

0 SOAP

1 63263U 25052BF  26067.99858205  .00004406  00000-0  39549-3 0  9998

2 63263  97.6982 322.0242 0001770  10.3643 349.7615 14.96232481 53700

0 QIANFAN-70

1 62800U 25016R   26067.99851139  .00000023  00000-0  16231-4 0  9998

2 62800  88.9685  94.1774 0017554  87.4517 272.8643 13.50997248 58887

0 COSMOS 2506

1 40699U 15029A   26067.99849348  .00000029  00000-0  17019-4 0  9993

2 40699  98.0606 112.5517 0008510 103.4917 256.7229 14.54347903568327

0 RASAT

1 37791U 11044D   26067.99843006  .00001066  00000-0  19368-3 0  9990

2 37791  98.0558 160.9488 0021295 147.0482 324.1358 14.68056219778487

0 COSMOS 506

1 06119U 72057C   26067.99837018  .00000006  00000-0  13134-3 0  9995

2 06119  74.0287 167.0042 0073167 200.6374 272.7876 12.56205225459437

0 YAOGAN 42-01

1 59395U 24063A   26067.99830752  .00010326  00000-0  42860-3 0  9995

2 59395  34.9978  35.9301 0002374 156.8297 203.2525 15.23076934107566

0 OPS 2644

1 03673U 69010B   26067.99820527  .00000109  00000-0  56398-3 0  9992

2 03673  80.3894 252.8684 0024991 301.1345 228.0723 12.63648769630803

0 FENGYUN 1C DEB

1 30646U 99025APD 26067.99811696  .00001379  00000-0  79819-3 0  9991

2 30646  98.6474  90.1884 0048929 145.3653 215.0721 14.09888883978209

0 VRSS-2

1 42954U 17060A   26067.99807492  .00001302  00000-0  17400-3 0  9998

2 42954  97.6650 110.1828 0018532  69.4223 290.8976 14.81015255453628

0 STARLINK-30540

1 58002U 23153M   26067.99805799 -.00004302  00000-0 -15087-3 0  9991

2 58002  43.0033  70.6829 0000735 215.1985 144.8818 15.26723101134693

0 STARLINK-3723

1 52138U 22029BC  26067.99801388  .00001438  00000-0  10843-3 0  9996

2 52138  53.2181  72.2231 0001288  88.2985 271.8154 15.08824796220830

0 GEESAT 6-05

1 65717U 25214F   26067.99792403  .00002924  00000-0  38307-3 0  9995

2 65717  49.9789  52.4841 0012578 188.6301 171.4422 14.83000551 24631

0 SENTINEL 1B

1 41456U 16025A   26067.99791325  .00003049  00000-0  25784-3 0  9995

2 41456  98.1050 124.8777 0016451 102.8710 257.4351 14.98764421528779

0 STARLINK-32088

1 59693U 24086M   26067.99786842 -.00000600  00000-0 -12278-4 0  9998

2 59693  43.0040  56.2538 0001938 282.4203  77.6432 15.27571863104094

0 STARLINK-30981

1 58494U 23186X   26067.99780703  .00000544  00000-0  29289-4 0  9991

2 58494  43.0032  67.2726 0001463 266.0239  94.0445 15.27575030125780

0 OBJECT B

1 59678U 24085B   26067.99775381  .00719879  23687-3  14718-2 0  9997

2 59678  97.3347 160.3519 0011629 297.0557  62.9534 15.99310495103301

0 LILACSAT 2

1 40908U 15049K   26067.99772775  .00023381  00000-0  44829-3 0  9991

2 40908  97.4810 101.1982 0005646 248.8558 111.2089 15.47998645580233

0 DELTA 1 DEB

1 19359U 78026HM  26067.99772437  .00004290  00000-0  99295-3 0  9991

2 19359  98.5780  89.9829 0017759 130.0794 260.3433 14.55563944487864

0 CZ-4C R/B

1 57959U 23149B   26067.99770664  .00004128  00000-0  30807-3 0  9999

2 57959  98.1834  71.6275 0106959 341.8556  17.8860 14.98972613133591

0 STARLINK-30965

1 58477U 23186E   26067.99769403  .00001168  00000-0  53203-4 0  9992

2 58477  42.9995  55.9721 0001003 231.7217 128.3544 15.26747799125920

0 COSMOS 1039

1 11048U 78091F   26067.99769178 -.00000014  00000-0  10187-4 0  9993

2 11048  74.0320 260.7629 0046205 351.8588 162.1965 12.38027907665139

0 CZ-6A DEB

1 54544U 22151KU  26067.99764951  .00000330  00000-0  18225-3 0  9991

2 54544  98.7949  81.8740 0041974 284.1117  75.5395 14.17695124171527

0 NOAA 16 DEB

1 41197U 00055DA  26067.99762894  .00011170  00000-0  39381-2 0  9993

2 41197  98.6602  86.4596 0034176  70.4010 290.0859 14.34591070525027

0 STARLINK-5093

1 56332U 23058R   26067.99758573  .00000071  00000-0  10040-4 0  9998

2 56332  97.6041  69.4899 0001826  26.5525 333.5792 15.01259846158024

0 DELTA 1 DEB

1 10663U 76077Z   26067.99757888  .00014743  00000-0  87426-2 0  9993

2 10663 100.6064  74.9035 0107870  93.4053 267.9454 14.04785763416878

0 NOAA 15

1 25338U 98030A   26067.99757734  .00000196  00000-0  97849-4 0  9990

2 25338  98.5164  91.2970 0009076 282.4150  77.6015 14.27112279447005

0 OBJECT A

1 61894U 24205A   26067.99752367  .00012493  00000-0  76060-3 0  9991

2 61894  97.4210 141.1054 0018316 140.6936 219.5627 15.10400538 73073

0 COSMOS 2251 DEB

1 34118U 93036KP  26067.99751003  .00028418  00000-0  23071-2 0  9991

2 34118  73.9498  74.2124 0061688 245.2435 145.6145 14.98011980904665

0 SL-8 R/B

1 35637U 09039C   26067.99749412  .00000104  00000-0  69212-4 0  9990

2 35637  82.9511  89.7582 0017270 116.4325 258.7595 13.91723501642566

0 STARLINK-31400

1 59405U 24064H   26067.99739477 -.00000949  00000-0 -24987-4 0  9993

2 59405  43.0014  59.7640 0000525 250.3044 109.7751 15.27574271109122

0 CARTOSAT 2E

1 42767U 17036C   26067.99738538  .00004203  00000-0  20227-3 0  9991

2 42767  97.4393 129.3879 0002606 297.0659  63.0309 15.19314481482938

0 STARLINK-30957

1 58453U 23183S   26067.99738398  .00002651  00000-0  10847-3 0  9996

2 58453  43.0053  45.0847 0001532 274.8140  85.2537 15.26747443126638

0 FENGYUN 3E

1 49008U 21062A   26067.99737973  .00000035  00000-0  37141-4 0  9995

2 49008  98.7515  72.5186 0002287  42.8542 317.2812 14.19893477242365

0 CZ-6A DEB

1 54422U 22151EW  26067.99736329  .00000785  00000-0  40542-3 0  9995

2 54422  98.8128  84.3120 0035630 281.9454  77.7728 14.17651418171435

0 OBJECT A

1 61869U 24203A   26067.99733639  .00018508  00000-0  69341-3 0  9999

2 61869  97.4288 138.5821 0010926 326.6649  33.3901 15.27267448 73658

0 SL-14 DEB

1 26001U 91068L   26067.99728641  .00000075  00000-0  33568-3 0  9990

2 26001  82.2212  67.4810 0087888 317.4335  70.2120 12.67982060221849

0 OSCAR 24

1 15936U 85066B   26067.99724053  .00000083  00000-0  13556-3 0  9993

2 15936  90.1683  93.7916 0168003 206.2751 164.8349 13.35952665977956

0 CZ-6A DEB

1 58431U 22151AHZ 26067.99723848  .00006929  00000-0  30728-2 0  9991

2 58431  98.8359  79.0156 0048938 248.2466 111.3499 14.22720138152520

0 NOVA 1

1 12458U 81044A   26067.99718131  .00000049  00000-0  94592-4 0  9993

2 12458  89.8421  90.1265 0012959 220.6305 155.2858 13.23287274163273

0 DELTA 1 DEB

1 17768U 78026HA  26067.99714883  .00001241  00000-0  36257-3 0  9996

2 17768  98.6105  84.8058 0076070  37.2534 352.9834 14.44189661307881

0 CZ-4B DEB

1 35404U 02024J   26067.99708632  .00000063  00000-0  49681-4 0  9990

2 35404  98.8291 115.9868 0053129 130.9776 346.6779 14.19989375227702

0 CARTOSAT 2A

1 32783U 08021A   26067.99707424  .00000912  00000-0  12979-3 0  9990

2 32783  97.7773 120.0687 0013309  78.3984 281.8721 14.79099458963995

0 STARLINK-32163

1 60262U 24131H   26067.99698370  .00002652  00000-0  10169-3 0  9994

2 60262  53.1598  55.5688 0001386  91.4615 268.6544 15.30178145 91617

0 PROTOMETHEE

1 58321U 23174BT  26067.99697208  .00004898  00000-0  17014-3 0  9992

2 58321  97.3826 146.9800 0008757 151.7483 208.4234 15.30193628129643

0 SL-8 DEB *

1 18500U 75112E   26067.99695971  .00002928  00000-0  61203-3 0  9992

2 18500  74.0399  73.5884 0011291 335.1075  54.8560 14.60269669159834

0 STARLINK-31084

1 58630U 23203N   26067.99691385 -.00000427  00000-0 -59897-5 0  9991

2 58630  43.0042  74.5935 0000964 248.9196 111.1553 15.27573384123411

0 EXPLORER 27

1 01328U 65032A   26067.99687854 -.00000056  00000-0  42558-4 0  9997

2 01328  41.1826  85.9708 0241569 145.0890 216.5970 13.38918811974901

0 GHGSAT-C8

1 56186U 23054J   26067.99686448  .00019173  00000-0  34428-3 0  9990

2 56186  97.3084 335.6844 0007454  75.3254 284.8824 15.49901243162900

0 DELTA 1 DEB

1 21910U 75052JR  26067.99682346  .00000182  00000-0  76075-3 0  9999

2 21910  99.6374  76.9209 0327593 242.7247 141.2326 12.80813716611197

0 SHARJAHSAT-1

1 55104U 23001CZ  26067.99677466  .00025695  00000-0  54034-3 0  9992

2 55104  97.3283 135.6001 0007705 107.4207 252.7885 15.45267915177002

0 STARLINK-31776

1 59603U 24080C   26067.99670063 -.00002233  00000-0 -71644-4 0  9996

2 59603  43.0020  45.5431 0000634 250.5881 109.4903 15.27580845104385

0 COSMOS 1997

1 19788U 89009D   26067.99668684  .00000010  00000-0 -28872-5 0  9990

2 19788  82.6154  64.4751 0008871 205.0861 168.7678 12.63686781709854

0 HRC MONOBLOCK CAMERA

1 66052U 98067XR  26067.99667471  .00065165  00000-0  72842-3 0  9998

2 66052  51.6277  69.0307 0003637  87.1335 273.0075 15.62119990 22281

0 STARLINK-11429

1 62061U 24217E   26067.99662740  .00401243  00000-0  31278-2 0  9992

2 62061  53.1576  74.7492 0001729 126.8836 233.2341 15.69951676 75061

0 STARLINK-11498

1 62276U 24237K   26067.99658896  .00320427  00000-0  23874-2 0  9996

2 62276  43.0006  60.7516 0001263 240.9650 119.1092 15.71020942 72947

0 STARLINK-5829

1 56347U 23058AG  26067.99656442 -.00001639  00000-0 -10940-3 0  9997

2 56347  97.6042  70.5568 0001678  79.7523 280.3893 15.05652867158092

0 STARLINK-30899

1 58420U 23180U   26067.99656185  .00004373  00000-0  16843-3 0  9995

2 58420  43.0007  56.1471 0001032 270.6309  89.4425 15.27564112127402

0 FENGYUN 1C DEB

1 30023U 99025MY  26067.99652964  .00000926  00000-0  52638-3 0  9998

2 30023  99.2943 269.6777 0046616 181.6502 340.5275 14.12018798984138

0 OBJECT C

1 59807U 24094C   26067.99652142  .00010416  00000-0  54007-3 0  9998

2 59807  97.4001 141.6662 0005531 213.1272 146.9615 15.16333040 99972

0 BREEZE-KM R/B

1 42970U 17064B   26067.99644648  .00013643  00000-0  42330-3 0  9993

2 42970  98.7537  73.8149 0179294   0.5274 359.6113 15.19253115459666

0 STARLINK-2542

1 48292U 21036S   26067.99643321 -.00000258  00000-0  34132-5 0  9999

2 48292  53.1601  78.4920 0001603  93.1440 266.9745 15.30191220268306

0 OBSERVER-1A

1 58323U 23174BV  26067.99641156  .00018481  00000-0  52562-3 0  9995

2 58323  97.3976 151.0946 0009434 148.4657 211.7155 15.36152253129811

0 SL-14 R/B

1 21785U 91077G   26067.99627977  .00000000  00000-0 -60141-4 0  9991

2 21785  82.5925  69.0816 0037309 252.7924 134.6778 12.55090312572197

0 SL-14 DEB

1 45278U 91056Q   26067.99623197  .00005469  00000-0  48688-2 0  9994

2 45278  82.5663  87.8147 0138613 208.2457 151.1137 13.80238459301672

0 COSMOS 2530

1 43751U 18097A   26067.99622543 -.00000001  00000-0 -77033-4 0  9993

2 43751  82.5108 284.4836 0018802 254.4780 105.4224 12.42878157329849

0 DELTA 1 R/B

1 04322U 70008C   26067.99613634 -.00000039  00000-0  19314-4 0  9993

2 04322 101.3349  75.4046 0028506 130.9216 243.8777 12.51927750564397

0 SL-16 DEB

1 23706U 95058C   26067.99607105  .00000132  00000-0  16005-3 0  9994

2 23706  70.9980 271.7900 0199388 186.4220 327.1667 13.74408210521550

0 HJ-2E

1 54035U 22132A   26067.99600624  .00012774  00000-0  57839-3 0  9990

2 54035  97.3835  74.2777 0020976   5.8428 354.3048 15.20816523189186

0 STARLINK-5064

1 55428U 23014AP  26067.99595630  .00000816  00000-0  76144-4 0  9992

2 55428  69.9988  86.3952 0003230 269.8189  90.2600 14.98331699171457

0 KINEIS-1D

1 60082U 24114D   26067.99594280  .00001055  00000-0  16016-3 0  9993

2 60082  97.9969  89.1975 0002441 124.9588 235.1851 14.76112386 92346

0 PAYLOAD C

1 39210U 13037C   26067.99593638  .00001127  00000-0  19026-3 0  9994

2 39210  98.1055  71.4214 0007521 103.9288 256.2755 14.71355666679592

0 STARLINK-35633

1 66162U 25240S   26067.99589962  .00027471  00000-0  93570-3 0  9990

2 66162  53.1603  65.9212 0001620 103.4342 256.6840 15.30217554 21885

0 STARLINK-36125

1 67036U 25294G   26067.99587713  .00042267  00000-0  15352-2 0  9993

2 67036  43.0038  41.9422 0001226 231.7255 128.3487 15.27612397 14696

0 ARIANE 1 DEB

1 17423U 86019FJ  26067.99586564  .00000792  00000-0  47353-3 0  9997

2 17423  98.7090  86.7309 0173358 311.4771  76.7818 14.02723140   995

0 FENGYUN 1C DEB

1 30379U 99025ACS 26067.99582137  .00000568  00000-0  35616-3 0  9995

2 30379  98.7557  85.1698 0036960  37.2982 351.9241 14.08135726980310

0 STARLINK-32098

1 59704U 24086Y   26067.99576349 -.00000531  00000-0 -97656-5 0  9997

2 59704  43.0009  64.0121 0001402 255.1283 104.9413 15.27571772104001

0 OSCAR 27

1 18361U 87080A   26067.99575458  .00000092  00000-0  14021-3 0  9997

2 18361  90.3646  82.4556 0103032 338.6069  21.0787 13.44924387887163

0 FENGYUN 1C DEB

1 29958U 99025KG  26067.99574009  .00000598  00000-0  32861-3 0  9997

2 29958  98.6658  84.8315 0055948  86.0225 274.7342 14.14576457986703

0 STARLINK-5276

1 55399U 23014J   26067.99570335  .00000394  00000-0  40856-4 0  9996

2 55399  69.9994  66.1205 0003260 268.7553  91.3233 14.98331030171952

0 OBJECT A

1 63982U 25100A   26067.99564800  .00014828  00000-0  66866-3 0  9996

2 63982  97.3742 142.9424 0023983 338.6449  21.3784 15.20859561 45411

0 COSMOS 942

1 10288U 77079D   26067.99562099 -.00000022  00000-0 -45177-4 0  9993

2 10288  74.0221  74.1847 0045393 298.2367  89.3027 12.42257618183907

0 TRITON 1

1 39427U 13066M   26067.99559270  .00004618  00000-0  55996-3 0  9994

2 39427  97.8292 340.1023 0090026 199.9847 159.7832 14.81197647659251

0 COSMOS 766

1 08290U 75086F   26067.99551023 -.00000011  00000-0  32604-4 0  9992

2 08290  74.0069 277.1499 0042232   4.0132  67.0429 12.53296939309211

0 LEMUR 2 MANO

1 57390U 23100E   26067.99549345  .00167363  00000-0  19863-2 0  9994

2 57390  99.4550  90.2940 0000873  80.9168 279.2181 15.60615697146379

0 STARLINK-31987

1 60017U 24111B   26067.99547122 -.00000209  00000-0  50490-5 0  9998

2 60017  53.1604  79.1023 0000993 110.0525 250.0583 15.30191009 98887

0 COSMOS 1934 DEB

1 21912U 88023C   26067.99546388  .00000696  00000-0  59276-3 0  9992

2 21912  82.9587 159.4711 0040109 139.1788 343.9336 13.85506043787856

0 THORAD AGENA D DEB

1 06167U 70025NB  26067.99541646  .00000478  00000-0  60822-3 0  9999

2 06167 100.1265  82.6050 0031546 218.0707 170.4131 13.69003727781654

0 OBJECT B

1 63983U 25100B   26067.99541562  .00035314  00000-0  11012-2 0  9992

2 63983  97.3709 144.9930 0008798 292.2240  67.8069 15.33116278 45539

0 DMSP 5D-2 F13 DEB

1 40608U 95015FF  26067.99536570  .00000683  00000-0  30725-3 0  9990

2 40608  98.6207  86.2697 0030429 229.6784 130.1737 14.25260782565090

0 OBJECT K

1 63991U 25100K   26067.99532468  .00024329  00000-0  11006-2 0  9993

2 63991  97.3706 142.9762 0009687 315.3824  44.6631 15.20864119 45391

0 STARLINK-3729

1 52135U 22029AZ  26067.99529199  .00001200  00000-0  93459-4 0  9992

2 52135  53.2179  72.2488 0001310  88.7687 271.3455 15.08849417220834

0 FENGYUN 1C DEB

1 30270U 99025YF  26067.99528329  .00000202  00000-0  13543-3 0  9998

2 30270  98.7002  84.0609 0005984 283.4815 105.6610 14.11317256985781

0 STARLINK-3828

1 52469U 22049U   26067.99524895 -.00001007  00000-0 -45179-4 0  9995

2 52469  53.2168  62.2430 0001395  84.2371 275.8780 15.08839688212146

0 YAOGAN-30 AA

1 48860U 21055A   26067.99506356  .00005672  00000-0  42387-3 0  9990

2 48860  34.9962  42.6652 0004999 273.3481  86.6655 15.02185191258100

0 STARLINK-2555

1 48291U 21036R   26067.99491164  .00001228  00000-0  53573-4 0  9990

2 48291  53.1597  81.0361 0001201  87.1308 272.9830 15.30201428268267

0 CZ-6A DEB

1 54935U 22151RY  26067.99490640  .00004381  00000-0  16292-2 0  9997

2 54935  98.7355  92.7148 0002581 265.7533  94.3356 14.32601674172276

0 BRO-9

1 56185U 23054H   26067.99487747  .00070231  00000-0  67571-3 0  9997

2 56185  97.3054 340.8353 0005013  64.6010 295.5769 15.66327496163289

0 NIMBUS 2 DEB

1 25614U 66040G   26067.99485063  .00002923  00000-0  37895-2 0  9999

2 25614 100.5143 251.2311 0053514 332.0964 179.8929 13.62520710456203

0 FENGYUN 1C DEB

1 30020U 99025MV  26067.99483026  .00000484  00000-0  28400-3 0  9995

2 30020  98.8502  74.6679 0182693 188.6264 200.1833 14.04653063978690

0 STARLINK-35981

1 66598U 25270L   26067.99481805  .00041241  00000-0  14982-2 0  9993

2 66598  43.0089  59.7534 0001763 175.3079 184.7790 15.27615987 17456

0 COSMOS 1992

1 19769U 89005A   26067.99479311  .00000184  00000-0  72507-4 0  9996

2 19769  74.0444  72.1833 0023226 301.1246  58.7628 14.35809863942461

0 CZ-4C DEB

1 43263U 18031E   26067.99468237  .00004151  00000-0  54609-3 0  9998

2 43263  97.6948  75.9515 0037325 308.6667  51.1208 14.80217860426546

0 COSMOS 839 DEB

1 10410U 76067D   26067.99464005 -.00000056  00000-0 -12739-4 0  9999

2 10410  66.0895  61.2376 0680842  48.0327 334.3809 12.33012979235848

0 FENGYUN 1C DEB

1 32110U 99025CRC 26067.99462120  .00005106  00000-0  19965-2 0  9990

2 32110  99.5500 250.3590 0033898 122.1422  28.3129 14.29715037656209

0 STARLINK-35754

1 67054U 25294AA  26067.99458996  .00029477  00000-0  10763-2 0  9992

2 67054  43.0026  41.9313 0001291 254.3827 105.6882 15.27583362 14696

0 SL-14 R/B

1 22040U 92042G   26067.99457726  .00000004  00000-0 -39375-4 0  9991

2 22040  82.6001  70.1958 0042797  99.4482 288.4751 12.55348757541857

0 RADARSAT

1 23710U 95059A   26067.99448512  .00000350  00000-0  14573-3 0  9995

2 23710  98.5508  78.3625 0001093  74.0198 286.1107 14.32348637584006

0 STARLINK-32284

1 61005U 24158R   26067.99444976  .00000431  00000-0  26662-4 0  9999

2 61005  53.1609  68.8462 0000435  95.1615 264.9435 15.30193009 85479

0 STARLINK-1443

1 45660U 20035D   26067.99442004  .00017016  00000-0  68229-3 0  9999

2 45660  53.1391  68.1179 0002505  58.5475 301.5768 15.25131961318650

0 SL-8 DEB *

1 15528U 82109D   26067.99439639  .00003015  00000-0  57083-3 0  9999

2 15528  74.0169 266.8944 0009114  18.7102 138.7522 14.64759708202433

0 FENGYUN 1C DEB

1 31054U 99025BEY 26067.99438262  .00000292  00000-0  18187-3 0  9993

2 31054  98.6888  83.3813 0008874 233.7234 155.6620 14.12230801979810

0 SL-16 DEB

1 22620U 93016AE  26067.99437080  .00000035  00000-0  66547-4 0  9992

2 22620  71.0072  35.8827 0134476 354.8221  63.0672 13.84120657663673

0 STARLINK-3909

1 52452U 22049B   26067.99431141  .00000438  00000-0  45586-4 0  9995

2 52452  53.2166  72.1136 0001323  87.5787 272.5357 15.08837224212000

0 OBJECT E

1 51828U 22019E   26067.99422664  .00033485  00000-0  51277-3 0  9999

2 51828  97.3769 161.7834 0007637 115.7615 244.4428 15.54254568224401

0 THOR ABLESTAR DEB

1 19302U 61015MC  26067.99417826  .00001556  00000-0  89552-3 0  9994

2 19302  66.8426  59.8685 0049130  45.5335 314.9756 14.11210251940716

0 FENGYUN 1C DEB

1 30102U 99025RF  26067.99416918  .00000520  00000-0  22720-3 0  9992

2 30102  98.3808  76.5370 0142699 107.7689 307.8884 14.22238006991848

0 CE-SAT IIB

1 46818U 20077F   26067.99410487  .00078740  00000-0  45283-3 0  9997

2 46818  97.2132 145.0663 0004351 160.7550 199.3882 15.78500010299383

0 COSMOS 1199

1 11882U 80058H   26067.99403078 -.00000017  00000-0 -15782-4 0  9999

2 11882  74.0149  92.2661 0035659 102.9933 266.8338 12.41205002 69006

0 GGSE 4

1 02828U 67053C   26067.99402672  .00000081  00000-0  94258-4 0  9992

2 02828  69.9694 278.1673 0010202 291.0880  68.9136 13.98064675994163

0 SCOUT A R/B

1 04515U 70067B   26067.99401613  .00000199  00000-0  27081-3 0  9999

2 04515  90.0070 234.1084 0174609 135.4612 352.7446 13.49659130731827

0 DUBAISAT 2

1 39419U 13066D   26067.99399653  .00006141  00000-0  38795-3 0  9993

2 39419  97.4533  60.8456 0012111  25.7280 334.4549 15.09348545671277

0 STARLINK-32108

1 59682U 24086A   26067.99398494  .00000780  00000-0  37873-4 0  9993

2 59682  43.0052  67.4317 0001159 278.9741  81.0979 15.27575329103956

0 STARLINK-5981

1 56325U 23058J   26067.99388025  .00000882  00000-0  73221-4 0  9991

2 56325  97.6040  69.4933 0003358  78.9450 281.2152 15.01265902158023

0 FENGYUN 1C DEB

1 29985U 99025LK  26067.99385682  .00000105  00000-0  82850-4 0  9992

2 29985  98.7078  85.3430 0027992 328.1618  93.4501 14.10343640985645

0 PAYLOAD A

1 39208U 13037A   26067.99385239  .00000971  00000-0  16214-3 0  9999

2 39208  98.0901  71.7307 0009186 103.8375 256.3855 14.72149901677469

0 STARLINK-4553

1 53577U 22101BC  26067.99384337  .00001979  00000-0  14237-3 0  9996

2 53577  53.2174  56.9942 0001697  89.5311 270.5876 15.08850461197163

0 SL-16 R/B

1 19120U 88039B   26067.99382831 -.00000120  00000-0 -33778-4 0  9992

2 19120  71.0133  70.0190 0022742 335.3401  24.6635 14.19615425958289

0 STARLINK-5984

1 56329U 23058N   26067.99380701  .00001604  00000-0  11542-3 0  9998

2 56329  97.6043  70.5579 0001929  69.2631 290.8802 15.05638030158090

0 STARLINK-35580

1 66155U 25240K   26067.99379922  .00029850  00000-0  10156-2 0  9996

2 66155  53.1607  65.9187 0001793  98.6945 261.4258 15.30210769 21885

0 COSMOS 2043

1 20237U 89074F   26067.99370095  .00000029  00000-0  98853-4 0  9993

2 20237  82.5734 287.2447 0004704  89.1955  26.1792 12.63548337682242

0 SL-8 R/B

1 07594U 74105B   26067.99369874  .00000181  00000-0  16146-3 0  9999

2 07594  82.9430  73.0367 0017453  49.4500 339.2177 13.79232918574969

0 SRMSAT

1 37841U 11058D   26067.99362446  .00000487  00000-0  12060-3 0  9993

2 37841  19.9726 305.9185 0011783 181.3515 301.3351 14.11547324743646

0 COSMOS 2385

1 27056U 01058B   26067.99358466  .00000061  00000-0  29152-3 0  9994

2 27056  82.5334 283.9385 0007036  98.0640  68.1595 12.60563399113157

0 STARLINK-11345

1 62093U 24220F   26067.99357925  .00279127  00000-0  20921-2 0  9994

2 62093  43.0006  47.2732 0002315 224.0333 136.0350 15.71004009 74846

0 OBJECT D

1 64051U 25103D   26067.99357777  .00006354  00000-0  31958-3 0  9999

2 64051  97.3902 141.6168 0002923 155.2114 204.9261 15.17572763 44804

0 STARLINK-31534

1 59398U 24064A   26067.99353502 -.00000482  00000-0 -80167-5 0  9990

2 59398  42.9975  59.7334 0000136 358.7004   1.3848 15.27581356109063

0 DELTA 1 DEB

1 42584U 73086HY  26067.99343711 -.00000020  00000-0  20855-3 0  9991

2 42584 102.4021  82.5312 0020311 151.8846 236.5980 12.36921270555119

0 FENGYUN 1C DEB

1 30328U 99025AAP 26067.99341530  .00000256  00000-0  16157-3 0  9992

2 30328  98.6862  80.4807 0004208 278.4838 135.6087 14.12525848984829

0 FAISAT 2V

1 24954U 97052B   26067.99340045  .00000100  00000-0  80448-4 0  9991

2 24954  82.9195  59.2743 0038144 232.5467 181.3963 13.80359088433184

0 DAQI 1

1 52257U 22039A   26067.99338914  .00000595  00000-0  14046-3 0  9991

2 52257  98.1408   8.9686 0003084 182.0312 178.0875 14.57655071207345

0 DELTA 1 DEB

1 07052U 73086AU  26067.99338814  .00000012  00000-0  44885-3 0  9999

2 07052 102.3955  77.4357 0023841  87.8383 300.8537 12.37505595362547

0 STARLINK-32153

1 60330U 24136B   26067.99338047 -.00000170  00000-0  63888-5 0  9999

2 60330  53.1610  79.2082 0001036  96.5258 263.5861 15.30192014 89557

0 OBJECT F

1 67679U 26023F   26067.99337880  .00016725  00000-0  70289-3 0  9996

2 67679  96.6320 143.5155 0022328 124.0484 236.2879 15.23246461  4732

0 EMISAT

1 44078U 19018A   26067.99336164  .00000128  00000-0  50685-4 0  9993

2 44078  98.4770 127.2907 0019093 156.3628 203.8444 14.43624290365601

0 CZ-6A DEB

1 54432U 22151FG  26067.99327522  .00005669  00000-0  29369-2 0  9996

2 54432  98.9957  72.6995 0169922 268.6148  89.5551 14.08107123169443

0 N-1 R/B

1 08710U 76019B   26067.99326402 -.00000037  00000-0  16316-4 0  9997

2 08710  69.6758  60.4751 0009967  80.0242 295.1080 13.69990623501356

0 Z-SAT

1 49399U 21102E   26067.99324706  .00006612  00000-0  33292-3 0  9998

2 49399  97.3459 106.3490 0015515 233.4467 126.5340 15.17415299238246

0 KINEIS-1C

1 60081U 24114C   26067.99322730  .00001615  00000-0  21836-3 0  9999

2 60081  97.9946  92.4548 0002209 118.4373 241.7062 14.80406736 92555

0 ZHUHAI-1 OVS-02

1 43440U 18040B   26067.99319400  .00008836  00000-0  37079-3 0  9998

2 43440  97.0495  91.2100 0001982 232.2576 127.8483 15.23687025437456

0 SL-16 DEB

1 39721U 92093KM  26067.99297251  .00000555  00000-0  40774-3 0  9990

2 39721  71.1911  63.4377 0127868 318.6607  40.4881 13.96090111605408

0 STARLINK-4508

1 53559U 22101AJ  26067.99294581 -.00003783  00000-0 -21970-3 0  9996

2 53559  53.2178  67.2447 0001034  85.9839 274.1271 15.08848640196201

0 CZ-4B DEB

1 29537U 06015D   26067.99294127  .00010702  00000-0  14359-2 0  9996

2 29537  97.7844  81.2278 0120230  82.9024 278.5839 14.74549733 47086

0 THOR ABLESTAR DEB

1 00224U 61015BL  26067.99293932  .00001050  00000-0  60905-3 0  9997

2 00224  66.7368  46.7966 0055673 100.9156 325.0815 14.11955777298372

0 DELTA 1 DEB

1 12165U 78026E   26067.99293164  .00000033  00000-0  43033-4 0  9995

2 12165  99.0034 102.1684 0044209 134.2816 288.0429 14.11047492105707

0 CZ-6A DEB

1 56276U 22151ACU 26067.99292635  .00001081  00000-0  52201-3 0  9996

2 56276  98.7837  84.5531 0008237 235.8448 124.1948 14.20685067153995

0 STARLINK-5943

1 56016U 23042AG  26067.99290145  .00065965  00000-0  47822-2 0  9995

2 56016  43.0043  47.0475 0000875 308.0907  51.9856 15.03086520162955

0 QIANFAN-34

1 61567U 24185R   26067.99289748  .00000581  00000-0  36939-3 0  9999

2 61567  88.9717  68.6208 0008244  68.6451 291.5609 14.02386747 81446

0 YAOGAN-35 03A

1 53316U 22088A   26067.99283208  .00118708  00000-0  14104-2 0  9997

2 53316  35.0072 357.1597 0011946 205.0495 154.9653 15.59720554202325

0 SL-4 R/B

1 67235U 25310B   26067.99282560  .01052556  25667-5  67533-3 0  9998

2 67235  97.9403  87.6965 0122743 163.1393 197.4023 16.02776313 11524

0 INTASAT

1 07531U 74089C   26067.99281333 -.00000040  00000-0  42534-4 0  9990

2 07531 101.9999  79.3051 0011099 334.8528  52.8623 12.53527687347729

0 STARLINK-33867

1 63795U 25091W   26067.99279593  .00042534  00000-0  15454-2 0  9990

2 63795  42.9962  56.6278 0000261 212.2687 147.8149 15.27598336 48796

0 STARLINK-33643

1 63381U 25063U   26067.99277903  .00034453  00000-0  11700-2 0  9994

2 63381  53.1594  55.6339 0001343  98.2072 261.9081 15.30199198 54653

0 THOR ABLESTAR DEB

1 00354U 61015DU  26067.99270779  .00000254  00000-0  46698-3 0  9993

2 00354  67.0688 325.7476 0166138  17.7382  89.1470 13.49406049464357

0 FENGYUN 1C DEB

1 30377U 99025ACQ 26067.99260589  .00000941  00000-0  63684-3 0  9998

2 30377  98.8892  89.9787 0119236  28.9217   0.8053 13.99283532974130

0 OBJECT G

1 67369U 26004G   26067.99257445  .00003163  00000-0  35569-3 0  9993

2 67369  97.7986  68.1526 0008711 110.6035 249.6116 14.87372803  8392

0 STARLINK-3862

1 52471U 22049W   26067.99252496  .00000933  00000-0  76682-4 0  9991

2 52471  53.2165  62.2591 0001454  81.4418 278.6739 15.08838835212149

0 MOZHAYETS 4

1 27939U 03042A   26067.99248006  .00002052  00000-0  32569-3 0  9995

2 27939  98.3437 249.5341 0010429 222.5169 298.1698 14.73253606200795

0 OPS 0082 (TRANSIT 13)

1 02176U 66041A   26067.99247367  .00000232  00000-0  13704-3 0  9996

2 02176  90.2237  80.6926 0065629  65.9429 294.8601 14.04286711 53377

0 STARLINK-33884

1 63770U 25089V   26067.99234634  .00036311  00000-0  13227-2 0  9999

2 63770  43.0054  48.9345 0001335 261.5686  98.5015 15.27575531 48809

0 ELISA W11

1 38007U 11076A   26067.99234137  .00001407  00000-0  20478-3 0  9998

2 38007  97.7651  67.9689 0001637  85.2451 274.8947 14.77375528761961

0 KESTREL-0A

1 64624U 25138D   26067.99228664  .00010936  00000-0  49242-3 0  9991

2 64624  97.4430  73.1451 0015904 112.5167 247.7754 15.21133358 38700

0 NIMBUS 2 DEB

1 28620U 66040AK  26067.99227181  .00002604  00000-0  40161-2 0  9990

2 28620 100.4390 334.6895 0039871 267.8118 160.3138 13.52065947 37673

0 COSMOS 413

1 05212U 71041C   26067.99225399 -.00000011  00000-0  32124-4 0  9991

2 05212  74.0158  39.2759 0021579 343.6104  75.3685 12.43852157490013

0 COSMOS 1924

1 18937U 88016A   26067.99219564 -.00000010  00000-0  37888-4 0  9997

2 18937  74.0019 260.9226 0034720 187.2150 341.1264 12.44621222726202

0 COSMOS 2061

1 20527U 90023A   26067.99211493  .00000077  00000-0  67469-4 0  9999

2 20527  82.9330 243.3183 0031044 180.9882 296.5307 13.72375375801065

0 SL-8 R/B

1 17360U 87009B   26067.99210859  .00000085  00000-0  70380-4 0  9990

2 17360  82.9170  52.1090 0030934 280.0937 133.9854 13.77044484964511

0 COSMOS 1228

1 12107U 80102A   26067.99202069 -.00000023  00000-0 -37360-4 0  9990

2 12107  73.9946  63.9332 0044757 133.2426 287.1340 12.58648507 77011

0 SNAP-3 ALICE

1 40970U 15058G   26067.99196351  .00077092  00000-0  16511-2 0  9994

2 40970  64.7557  85.6831 0037421  68.6247 291.8877 15.43570753101348

0 CZ-4 DEB

1 20972U 90081CE  26067.99191668  .00003685  00000-0  11043-2 0  9991

2 20972  98.4786  73.0174 0016515 337.4464  77.5487 14.43320402840288

0 STARLINK-6039

1 56319U 23058C   26067.99190646  .00000819  00000-0  62253-4 0  9997

2 56319  97.6037  69.4971 0001980  92.8274 267.3179 15.04832170157676

0 OBJECT AC

1 57192U 23091AC  26067.99188171  .00010354  00000-0  42407-3 0  9997

2 57192  97.5182 130.6583 0014182  97.9975 262.2872 15.24397275149015

0 HYSIS

1 43719U 18096A   26067.99186225  .00001143  00000-0  16314-3 0  9998

2 43719  97.9939 135.4800 0001757  97.8274 262.3137 14.78654353392611

0 COSMOS 272

1 03818U 69024A   26067.99179963 -.00000129  00000-0 -28001-3 0  9993

2 03818  73.9905  47.3685 0020087 261.8581 154.8652 13.17947257740655

0 STARLINK-31090

1 58640U 23203Y   26067.99179358 -.00001754  00000-0 -54219-4 0  9999

2 58640  43.0071  63.3398 0001271 185.7325 174.3512 15.27580377123558

0 STARLINK-31063

1 58547U 23192S   26067.99172809 -.00000018  00000-0  11513-4 0  9997

2 58547  53.1601  55.6407 0000948  74.6039 285.5067 15.30190419126021

0 STARLINK-35606

1 66171U 25240AB  26067.99168646  .00040688  00000-0  13776-2 0  9996

2 66171  53.1599  65.8920 0001862 101.2886 258.8324 15.30218418 21882

0 SJ 16-02

1 41634U 16043A   26067.99163197  .00001273  00000-0  12445-3 0  9990

2 41634  75.0005 108.6015 0008665 277.0755  82.9448 14.93229437526187

0 STARLINK-5996

1 57227U 23094K   26067.99159252 -.00000363  00000-0 -11781-4 0  9990

2 57227  43.0047  34.2324 0001363 267.6245  92.4441 15.02537614147017

0 OBJECT B

1 53445U 22098B   26067.99157532  .00061992  00000-0  91590-3 0  9998

2 53445  97.5458 191.2049 0002591  25.3709 334.7672 15.55133640199004

0 THEOS

1 33396U 08049A   26067.99153959  .00000151  00000-0  90869-4 0  9999

2 33396  98.5698 128.4748 0001028  91.0304 269.0991 14.20117508903741

0 STARLINK-4494

1 53558U 22101AH  26067.99153173 -.00000193  00000-0  59963-5 0  9992

2 53558  53.2178  61.9773 0001493  88.9924 271.1240 15.08837162196930

0 ALSAT 1B

1 41785U 16059C   26067.99151571  .00000503  00000-0  87215-4 0  9990

2 41785  97.7804  81.0661 0009047 179.5702 180.5515 14.72186561505832

0 GNOMES-4

1 58462U 23185A   26067.99148154  .00006303  00000-0  50836-3 0  9993

2 58462  97.5117 128.7328 0009189 286.1716  73.8496 15.00188592124267

0 STARLINK-2627

1 48687U 21044BB  26067.99147458 -.00000357  00000-0 -26492-7 0  9999

2 48687  53.1562  68.1728 0001534  82.7548 277.3626 15.29357980264392

0 CHUANG XIN 1-04

1 40137U 14051B   26067.99131979 -.00000055  00000-0 -39536-5 0  9998

2 40137  98.7067  69.7339 0023363 106.9129 253.4618 14.30384891600226

0 FENGYUN 1C DEB

1 35089U 99025DJR 26067.99129107  .00001687  00000-0  81379-3 0  9992

2 35089  98.5592  79.9463 0028460 170.8180 189.3523 14.19740406620991

0 STARLINK-32279

1 61003U 24158P   26067.99128985 -.00000455  00000-0 -32214-5 0  9995

2 61003  53.1611  68.8233 0001366  84.5578 275.5579 15.30188052 85547

0 OBJECT Q

1 57180U 23091Q   26067.99126647  .00016974  00000-0  66598-3 0  9995

2 57180  97.5199 130.8015 0013671  94.1530 266.1271 15.25720116149000

0 STARLINK-1331

1 45578U 20025AZ  26067.99125945  .00101392  00000-0  18832-2 0  9993

2 45578  53.0538  68.5062 0004745  78.1066 282.0473 15.48125374325578

0 SHIYAN 27A

1 63599U 25078A   26067.99123752  .00000019  00000-0  89080-4 0  9992

2 63599  99.6939  76.7138 0000701  98.6435 261.4783 13.57240013 43941

0 DELTA 1 DEB

1 10838U 76077CJ  26067.99117798 -.00000030  00000-0  88447-4 0  9998

2 10838 101.5843  84.3557 0039959 351.2019  66.2047 12.40881157246657

0 SL-16 DEB

1 19126U 88039D   26067.99114766  .00000134  00000-0  15523-3 0  9998

2 19126  71.0291 263.4011 0181127 101.7727 333.9850 13.77931651900040

0 FENGYUN 1C DEB

1 30394U 99025ADH 26067.99114689  .00000140  00000-0  13290-3 0  9995

2 30394  99.4246 103.2678 0088714 227.3403 197.1302 13.95860609973077

0 DMSP 5D-2 F11 DEB

1 28303U 91082Q   26067.99113461  .00000197  00000-0  10019-3 0  9992

2 28303  98.7281  88.6383 0028916   0.5402  68.7620 14.26216814138103

0 DELTA 1 DEB

1 07029U 73086V   26067.99109123 -.00000041  00000-0  42102-4 0  9996

2 07029 102.3576  84.5934 0012533  65.3107 322.0523 12.37172257363391

0 STARLINK-1422

1 45696U 20035AR  26067.99108387  .00004216  00000-0  15437-3 0  9992

2 45696  53.1604  52.8265 0001238  97.6168 262.4973 15.30207347318861

0 STARLINK-33844

1 63768U 25089T   26067.99105829  .00003734  00000-0  14516-3 0  9995

2 63768  43.0036  48.9260 0001116 280.8761  79.1965 15.27579191 48857

0 STARLINK-5955

1 56342U 23058AB  26067.99103203 -.00000654  00000-0 -41094-4 0  9995

2 56342  97.6045  70.5621 0002088  86.8598 273.2868 15.05647201158096

0 STARLINK-35977

1 66604U 25270S   26067.99097410  .00033427  00000-0  12180-2 0  9991

2 66604  43.0009  59.7176 0001090 245.4435 114.6303 15.27600819 17603

0 COSMOS 789

1 08591U 76005A   26067.99097271  .00000044  00000-0  30438-4 0  9996

2 08591  82.9705 279.1537 0030948 133.8723 339.6567 13.73196558511397

0 FENGYUN 1C DEB

1 30365U 99025ACC 26067.99095898  .00000512  00000-0  23066-3 0  9998

2 30365  98.6265  65.1070 0165975 222.3169 202.0018 14.19367038988361

0 CENTAURI-6

1 59451U 24066K   26067.99095791  .00008551  00000-0  61328-3 0  9994

2 59451  45.6063  57.4362 0002636 284.6743  75.3848 15.04782296105025

0 COSMOS 2173

1 21796U 91081A   26067.99089559  .00000078  00000-0  65479-4 0  9999

2 21796  82.9518 244.9501 0047955 261.5139 213.6970 13.75754331720626

0 SSOT

1 38011U 11076E   26067.99089414  .00001148  00000-0  15021-3 0  9999

2 38011  97.8185 130.7386 0001651  91.8205  29.8906 14.82267876769534

0 ASO-S

1 54029U 22129A   26067.99083617  .00000301  00000-0  85464-4 0  9995

2 54029  98.2779  74.4992 0015182  44.4745 315.7666 14.52012008180886

0 FENGYUN 1C DEB

1 29973U 99025KX  26067.99076647  .00001299  00000-0  79567-3 0  9992

2 29973  98.8468  71.5460 0057531 267.5379 147.6607 14.06781754979311

0 STARLINK-31767

1 59605U 24080E   26067.99075457 -.00000229  00000-0  11830-5 0  9998

2 59605  43.0046  42.0366 0001083 243.6392 116.4349 15.27575820104427

0 CZ-6A DEB

1 54468U 22151GU  26067.99068442  .00000894  00000-0  42279-3 0  9999

2 54468  98.7573  81.9356 0051384 275.7915  83.7405 14.21567529171870

0 STARLINK-32134

1 60300U 24132Y   26067.99067324  .00000068  00000-0  14417-4 0  9997

2 60300  53.1612  55.6562 0001296  82.6133 277.5015 15.30192894 91457

0 STARLINK-3733

1 52137U 22029BB  26067.99064731  .00000056  00000-0  21637-4 0  9997

2 52137  53.2170  72.2558 0001274  90.9248 269.1890 15.08838206220834

0 SURFSAT

1 23711U 95059B   26067.99064599 -.00000018  00000-0  56060-4 0  9995

2 23711 100.5073  98.0161 0367176 322.9791  91.1910 13.12851588453768

0 DELTA 1 DEB

1 10708U 76077AD  26067.99063426  .00000446  00000-0  25589-2 0  9998

2 10708 101.2110  78.0728 0163874 200.8587 218.2240 12.63368632275198

0 STARLINK-35607

1 66163U 25240T   26067.99063119  .00034377  00000-0  11669-2 0  9993

2 66163  53.1607  65.8892 0001571  91.1840 268.9341 15.30215305 21888

0 COSMOS 2251 DEB

1 35023U 93036AGL 26067.99058429  .00029279  00000-0  23870-2 0  9992

2 35023  74.0374  38.0990 0027076  99.6672 325.6206 14.99060806895706

0 DMSP 5D-2 F13 DEB

1 40411U 95015Y   26067.99051610  .00000923  00000-0  48790-3 0  9997

2 40411  98.9047  85.6097 0023230 302.3386  57.5539 14.16197950568791

0 NADEZHDA 1

1 20103U 89050A   26067.99048370  .00000092  00000-0  80037-4 0  9992

2 20103  82.9642  15.4784 0038206  29.2867  43.8267 13.74841795839684

0 SL-3 DEB

1 14229U 83075D   26067.99047197  .00004423  00000-0  27743-3 0  9997

2 14229  97.8879  61.5372 0026698 312.8117 114.6647 15.09580414316316

0 CZ-4C DEB

1 39212U 13037E   26067.99039712  .00006714  00000-0  70190-3 0  9990

2 39212  97.9496  83.5385 0002798 340.6067  19.5043 14.89992578679913

0 TIMATION 2

1 04257U 69082C   26067.99037361  .00000053  00000-0  76774-4 0  9995

2 04257  70.0151 305.7364 0023229 254.8359 201.1406 13.96363087872665

0 COSMOS 2482

1 39057U 13001A   26067.99037289 -.00000018  00000-0 -19826-3 0  9997

2 39057  82.4946 282.7093 0026857 243.0046 116.8291 12.42992790596268

0 COSMOS 2211

1 22182U 92068A   26067.99035104  .00000031  00000-0  11096-3 0  9996

2 22182  82.5981  25.4689 0008333  26.1290  42.2186 12.64063255540085

0 CZ-6A DEB

1 54969U 22151TJ  26067.99033707  .00000397  00000-0  24935-3 0  9998

2 54969  98.8536  70.4667 0046647 248.7953 110.8230 14.09563540170548

0 GEESAT 6-09

1 65721U 25214K   26067.99032711  .00003115  00000-0  40640-3 0  9995

2 65721  49.9839  52.4810 0008322 187.4240 172.6576 14.83002032 24638

0 CZ-6A DEB

1 54586U 22151MN  26067.99031706  .00002099  00000-0  89655-3 0  9991

2 54586  98.7641  88.5451 0060978 267.8154  91.6042 14.25102880171641

0 QIANFAN-60

1 62790U 25016F   26067.99031129  .00000032  00000-0  31254-4 0  9997

2 62790  88.9668  94.1320 0017963  94.5207 265.7997 13.51009547 58871

0 STARLINK-5562

1 56336U 23058V   26067.99017932 -.00000123  00000-0 -50543-5 0  9992

2 56336  97.6040  69.4974 0001718  53.0311 307.1070 15.01260351158028

0 STARLINK-4559

1 53574U 22101AZ  26067.99015193  .00000061  00000-0  21946-4 0  9991

2 53574  53.2178  56.9729 0001305  89.9392 270.1749 15.08836779196346

0 ADRAS-J

1 58992U 24034A   26067.99014721  .00004838  00000-0  26539-3 0  9991

2 58992  98.2230  87.3967 0072243 102.4608 258.4716 15.12458667112213

0 STARLINK-32106

1 59690U 24086J   26067.99013382  .00002708  00000-0  10784-3 0  9995

2 59690  42.9997  56.1956 0000591 112.9984 247.0930 15.27595294104090

0 THORAD AGENA D DEB

1 04968U 70025GN  26067.99012453  .00000247  00000-0  37928-3 0  9990

2 04968 100.1817  73.9635 0018993 273.2193 142.7056 13.62683458770765

0 FENGYUN 1C DEB

1 29923U 99025HV  26067.99011341  .00001105  00000-0  60235-3 0  9995

2 29923  98.6888  78.8746 0016112 286.5910 129.1590 14.14084643984942

0 SL-8 R/B

1 14619U 84001J   26067.99011318 -.00000063  00000-0 -42223-3 0  9994

2 14619  73.9958 291.0049 0128084 201.5580 264.8786 12.24833404885769

0 YAOGAN-43 O1E

1 60462U 24148E   26067.99010403  .00019671  00000-0  81456-3 0  9995

2 60462  34.9938  70.4138 0004829  21.1050 338.9863 15.23047081 86871

0 STARLINK-5771

1 56023U 23042AP  26067.99004898  .00015413  00000-0  11495-2 0  9991

2 56023  43.0050  47.0204 0001229 313.4462  46.6279 15.02667531162957

0 SL-16 DEB

1 22331U 92093U   26067.99002294 -.00000027  00000-0  12117-4 0  9996

2 22331  70.9236 319.5914 0074142  79.6244  15.5289 14.04982792701006

0 OBJECT A

1 55009U 23001A   26067.98995410  .00019537  00000-0  49481-3 0  9995

2 55009  97.3287 132.2003 0007597 113.7514 246.4529 15.39742713176792

0 STARLINK-5915

1 55987U 23042B   26067.98994844  .00001080  00000-0  94986-4 0  9990

2 55987  43.0036  60.0358 0001309 256.3547 103.7149 15.02549031162801

0 COSMOS 2251 DEB

1 34121U 93036KS  26067.98987732  .00002097  00000-0  13073-2 0  9990

2 34121  73.9923 309.3189 0239006 136.4699 333.0362 13.92287111863256

0 DELTA 1 DEB

1 13571U 78026FJ  26067.98986638  .00007611  00000-0  14144-2 0  9999

2 13571  98.4817  71.2403 0014233 262.3332 153.1604 14.65391845338827

0 STARLINK-31312

1 59152U 24044A   26067.98977855 -.00002490  00000-0 -81016-4 0  9992

2 59152  43.0015  60.2751 0001235 263.6980  96.3731 15.27571511114070

0 STARLINK-33769

1 63773U 25089X   26067.98977563  .00046932  00000-0  17027-2 0  9998

2 63773  43.0030  48.9133 0000895 232.0704 128.0067 15.27608605 48844

0 COSMOS 643

1 07267U 74024C   26067.98976478 -.00000009  00000-0  41885-4 0  9998

2 07267  74.0146 252.8563 0082729 198.4540 278.8762 12.61590763388993

0 PRISMA

1 44072U 19015A   26067.98975760  .00001101  00000-0  13979-3 0  9990

2 44072  97.8714 144.2255 0001526  87.4726 272.6663 14.83634986377197

0 STARLINK-34478

1 64435U 25129Z   26067.98972587  .00002671  00000-0  23154-3 0  9991

2 64435  70.0017  76.1736 0003093 271.0556  89.0249 14.98335962 41120

0 GLOBAL-19

1 55982U 23041B   26067.98967057  .00024056  00000-0  63009-3 0  9999

2 55982  42.0024  66.5121 0001518 336.9894  23.0877 15.38190944166498

0 HAIYANG 1C

1 43609U 18068A   26067.98964836  .00000058  00000-0  36220-4 0  9999

2 43609  98.5273 141.7144 0011502  37.1947 323.0032 14.34144678392728

0 SL-8 R/B

1 21108U 91009J   26067.98963826  .00000012  00000-0  23361-3 0  9994

2 21108  74.0575   8.6900 0174814  94.8242 336.2697 12.18522438453452

0 FENGYUN 1C DEB

1 30439U 99025AFA 26067.98963625  .00000567  00000-0  34925-3 0  9997

2 30439  98.7493  82.1826 0040067  91.7434 330.3699 14.08985767980064

0 SL-8 R/B

1 01589U 65073F   26067.98960203 -.00000085  00000-0  40992-4 0  9994

2 01589  56.0556 335.0239 0156854 248.0567 217.8003 12.33053693723343

0 STARLINK-30520

1 58010U 23153V   26067.98959920  .00000554  00000-0  29670-4 0  9992

2 58010  43.0068  70.6205 0001841 270.3009  89.7632 15.27582529134696

0 STARLINK-32158

1 60267U 24131N   26067.98959578  .00001087  00000-0  48820-4 0  9995

2 60267  53.1607  55.5197 0001115  76.5798 283.5327 15.30191257 91517

0 STARLINK-34495

1 64428U 25129S   26067.98956208  .00003511  00000-0  30189-3 0  9995

2 64428  70.0015  76.1780 0002876 269.0976  90.9853 14.98335103 41185

0 OBJECT W

1 62397U 24247W   26067.98952992  .00452763  00000-0  23186-2 0  9999

2 62397  44.9860  64.7425 0012437  91.2758 268.9569 15.79222304 68292

0 PLEIADES 1B

1 39019U 12068A   26067.98952215  .00000403  00000-0  96515-4 0  9998

2 39019  98.2012 144.3954 0001632  86.7597 273.3789 14.58526052706246

0 SL-8 DEB

1 21110U 91009L   26067.98951736 -.00000298  00000-0 -28657-2 0  9994

2 21110  74.0485 309.1847 0221348  86.6695  30.8155 12.10963441546870

0 KORSAT 7

1 58463U 23185B   26067.98950038  .00003163  00000-0  25191-3 0  9992

2 58463  97.6242 134.1077 0022551 311.0837  48.8438 15.00892572124257

0 STARLINK-36143

1 67056U 25294AC  26067.98944169  .00033264  00000-0  12127-2 0  9990

2 67056  43.0036  41.8941 0001699 242.8193 117.2486 15.27585357 14690

0 LQSAT

1 40958U 15057A   26067.98943134  .00000855  00000-0  12906-3 0  9995

2 40958  97.6666  66.3523 0015655 235.3432 124.6304 14.76635619560523

0 FENGYUN 1C DEB

1 31339U 99025BQT 26067.98938793  .00001959  00000-0  10543-2 0  9990

2 31339  98.7100  87.2551 0075805  80.1904 280.7817 14.12494472968959

0 CZ-6A DEB

1 54885U 22151PW  26067.98936578  .00002621  00000-0  13536-2 0  9998

2 54885  98.8216  70.5413 0047745 263.5714  96.0022 14.15320540168280

0 YAOGAN-30 J

1 43083U 17085C   26067.98936481  .00004774  00000-0  35690-3 0  9996

2 43083  34.9964  41.0113 0005477 331.7542  28.2869 15.02208857447674

0 NANOFF A

1 58810U 23185T   26067.98934931  .00005557  00000-0  33138-3 0  9991

2 58810  97.5360 136.8552 0008751 296.7493  63.2842 15.11533378117905

0 STARLINK-34444

1 64369U 25126AB  26067.98927680  .00003334  00000-0  28704-3 0  9991

2 64369  70.0034  36.3512 0002204 263.6166  96.4742 14.98338002 40578

0 STARLINK-4505

1 53556U 22101AF  26067.98926868  .00000247  00000-0  33585-4 0  9998

2 53556  53.2169  67.2623 0001337  89.3371 270.7775 15.08837181196208

0 COSMOS 2251 DEB

1 37535U 93036BNQ 26067.98924327  .00003736  00000-0  79578-3 0  9997

2 37535  74.0212 269.1052 0026896  22.5954 127.5176 14.59109946865820

0 OBJECT C

1 62727U 25012C   26067.98923462  .00016147  00000-0  64313-3 0  9997

2 62727  97.4323 144.0585 0006675 253.3402 106.7103 15.25294019 63100

0 CZ-6A DEB

1 54552U 22151LC  26067.98922941  .00000081  00000-0  68179-4 0  9991

2 54552  98.8415  75.6633 0032850 247.7358 112.0329 14.11789874170862

0 GONETS M 17

1 46486U 20068A   26067.98920799  .00000072  00000-0  44976-3 0  9990

2 46486  82.4963  49.8251 0021255 253.9779 105.8959 12.42869454246710

0 FENGYUN 1C DEB

1 30493U 99025AHF 26067.98919506  .00002410  00000-0  16347-2 0  9992

2 30493  98.5763 257.0904 0179870 337.6109 176.1697 13.93540883962960

0 COSMOS 1275 DEB

1 12952U 81053EG  26067.98914906  .00001207  00000-0  82325-3 0  9996

2 12952  82.9588  50.3735 0011344  71.0776 344.9816 13.99083858248817

0 COSMOS 1691 DEB

1 16270U 85094P   26067.98913082  .00000201  00000-0  85651-3 0  9994

2 16270  82.7306  48.9120 0258630 275.4689 139.6915 12.69123380869072

0 COSMOS 2251 DEB

1 34276U 93036LW  26067.98912507  .00003589  00000-0  78718-3 0  9994

2 34276  74.0217 281.2526 0021141  43.0667  81.4527 14.57860115898499

0 STARLINK-34385

1 64352U 25126J   26067.98911222  .00006224  00000-0  52880-3 0  9991

2 64352  70.0030  36.3578 0002774 274.3022  85.7820 14.98340962 40576

0 COSMOS 2251 DEB

1 34924U 93036ADV 26067.98910468  .00004448  00000-0  89682-3 0  9995

2 34924  74.0389 284.7844 0054080 345.7542 141.8852 14.60853602889828

0 SL-8 R/B

1 12804U 81087B   26067.98910373  .00000202  00000-0  15013-3 0  9997

2 12804  82.9253  80.6168 0043384  38.6734  25.4072 13.89768312255648

0 BRO-8

1 55011U 23001C   26067.98910126  .00041531  00000-0  93596-3 0  9994

2 55011  97.3339 132.1129 0007831 123.8947 236.3046 15.43115956176727

0 STARLINK-31912

1 59656U 24084C   26067.98906725 -.00004958  00000-0 -17071-3 0  9993

2 59656  43.0064  45.9609 0000707 265.7702  94.3069 15.27593087104267

0 COSMOS 2255

1 22690U 93038D   26067.98894838  .00000019  00000-0  43677-4 0  9991

2 22690  82.5823 293.6387 0005303 203.6846 280.6421 12.63325897508571

0 TITAN 3C TRANSTAGE DEB

1 03494U 65082QQ  26067.98893756  .00001007  00000-0  18817-3 0  9993

2 03494  31.8929   4.5837 0027258 291.1339  68.6389 14.61954839190777

0 SL-8 R/B

1 03048U 67116B   26067.98892174  .00000868  00000-0  17413-3 0  9996

2 03048  74.0066  41.9124 0007229 194.0111 222.2160 14.63304194 91389

0 GHGSAT-C7

1 56209U 23054AH  26067.98890103  .00015697  00000-0  30542-3 0  9990

2 56209  97.3075 335.2168 0009558  50.1317 310.0772 15.47619950162889

0 SL-8 R/B

1 05615U 71099B   26067.98888212 -.00000074  00000-0 -14008-3 0  9999

2 05615  74.0298  73.9924 0022993 323.9334 100.0410 13.17683258611496

0 STARLINK-30955

1 58417U 23180R   26067.98885971 -.00000433  00000-0 -62069-5 0  9995

2 58417  43.0032  56.0765 0001120 258.1721 101.9005 15.27568389127525

0 DELTA 1 DEB

1 07054U 73086AW  26067.98883156 -.00000288  00000-0 -59624-3 0  9998

2 07054 101.5289 101.8093 0313820 109.5847 316.7517 13.03816259487396

0 GONETS M 14 (M24)

1 44905U 19096A   26067.98882830  .00000116  00000-0  76892-3 0  9997

2 44905  82.5259 146.7619 0013282  18.1305 342.0246 12.42867774281238

0 HAIYANG 2A

1 37781U 11043A   26067.98879576 -.00000262  00000-0 -21558-3 0  9991

2 37781  99.3418  72.6025 0001094 272.6093  87.4933 13.78353546732873

0 SL-16 DEB

1 22578U 93016F   26067.98879503  .00001318  00000-0  30906-3 0  9997

2 22578  71.0654   8.7753 0106044  26.8638  54.9363 14.53094014740751

0 COSMOS 2483

1 39058U 13001B   26067.98877350 -.00000032  00000-0 -29933-3 0  9994

2 39058  82.4950 277.3666 0016003 230.3531 129.6138 12.44022048589132

0 CZ-4 DEB

1 20912U 90081BV  26067.98871157  .00002678  00000-0  92507-3 0  9998

2 20912  98.5433  68.6733 0012128 202.0100 181.7065 14.36580695835179

0 COSMOS 839 DEB

1 10620U 76067AU  26067.98867453  .00000497  00000-0  19058-2 0  9991

2 10620  65.9553   1.7270 0651187 346.0464  86.0344 12.42344913242945

0 BEIJING 1 (TSINGHUA)

1 28890U 05043A   26067.98867168  .00000415  00000-0  89521-4 0  9992

2 28890  98.2732 200.7398 0013553 232.5264 127.4706 14.63459237 85992

0 DMSP 5D-2 F13 DEB

1 42323U 95015JR  26067.98866061  .00000512  00000-0  27416-3 0  9990

2 42323  98.8283  84.2399 0001913 326.3135  33.7918 14.17550205538496

0 OBJECT E

1 55137U 23003E   26067.98865635  .00029421  00000-0  51017-3 0  9995

2 55137  97.1529 143.8011 0005163 117.8738 242.3038 15.50823217176712

0 STARLINK-32397

1 61593U 24187V   26067.98859717  .00000121  00000-0  16223-4 0  9993

2 61593  53.1608  66.3395 0001325  88.8033 271.3120 15.30189132 79007

0 COSMOS 2251 DEB

1 33899U 93036DC  26067.98859424  .00003193  00000-0  62814-3 0  9993

2 33899  74.0518 280.8815 0057125 319.6668 157.1436 14.61997127900991

0 GAOFEN 12 (03)

1 52912U 22069A   26067.98858054  .00002011  00000-0  27349-3 0  9998

2 52912  97.8406 318.3261 0002284  92.9817 267.1656 14.79852266199799

0 COSMOS 1375 DEB

1 16204U 82055F   26067.98856601 -.00000049  00000-0  31053-4 0  9997

2 16204  65.8365 356.6821 0024172 190.3156 251.8909 13.80029166 33938

0 STARLINK-32141

1 60290U 24132N   26067.98856050 -.00000134  00000-0  76183-5 0  9990

2 60290  53.1610  55.6434 0001308  87.9886 272.1264 15.30196766 91457

0 FENGYUN 1C DEB

1 30161U 99025TS  26067.98852774  .00002398  00000-0  27504-2 0  9999

2 30161 100.5134  65.1893 0328485  49.3917  16.1834 13.49992430937233

0 STARLINK-33712

1 63797U 25091Y   26067.98846541  .00039993  00000-0  14542-2 0  9996

2 63797  43.0008  60.1186 0000990 247.3440 112.7307 15.27597853 48750

0 COSMOS 1390

1 13377U 82073C   26067.98845965  .00000001  00000-0  10639-3 0  9999

2 13377  74.0171 318.4676 0030566 148.6546 317.4129 12.53376750996361

0 DIWATA 2B

1 43678U 18084H   26067.98843961  .00005225  00000-0  42516-3 0  9993

2 43678  98.1039 259.9967 0011728 129.0268 231.2000 14.99960966401196

0 COSMOS 2509

1 40922U 15050C   26067.98839617  .00000147  00000-0  99242-3 0  9991

2 40922  82.4897 140.6947 0013342 257.8753 102.0832 12.42930796474439

0 FENGYUN 1C DEB

1 30570U 99025ALL 26067.98837983  .00000846  00000-0  46159-3 0  9992

2 30570  98.7045 103.3696 0034309 328.1286  97.0926 14.14436672982175

0 COSMOS 1855

1 18116U 87051D   26067.98837920 -.00000013  00000-0  16620-4 0  9999

2 18116  74.0032  51.3628 0018748 105.4804 311.5288 12.50731283768281

0 SL-14 R/B

1 19574U 88093B   26067.98834747  .00000775  00000-0  86312-4 0  9998

2 19574  82.5305  42.7020 0021813  43.6768  15.3963 14.85655601   913

0 STARLINK-11381

1 62094U 24220G   26067.98826971  .00260515  00000-0  19662-2 0  9997

2 62094  43.0023  47.2298 0001880 247.5740 112.4929 15.70895518 74843

0 OBJECT B

1 60746U 24153B   26067.98825986  .00023072  00000-0  78270-3 0  9995

2 60746  97.6622 203.9073 0011323 153.1380 207.0448 15.30473859 84611

0 STARLINK-5886

1 56350U 23058AK  26067.98825608 -.00000033  00000-0  19355-5 0  9999

2 56350  97.6048  70.5672 0002451  90.1792 269.9715 15.05652115158095

0 CZ-6A DEB

1 56265U 22151ACH 26067.98822759  .00002715  00000-0  13747-2 0  9995

2 56265  98.8287  74.8744 0038792 258.1168 101.5655 14.16549539153168

0 CONTINUUM-1

1 55045U 23001AN  26067.98822069  .00017281  00000-0  63435-3 0  9993

2 55045  97.3456 132.4278 0011009  63.1394 297.0969 15.27951779176941

0 METEOR 2-9

1 13718U 82116A   26067.98821708  .00000101  00000-0  44509-4 0  9990

2 13718  81.2466  85.6902 0052209 246.5854 112.9826 14.15932786232193

0 COSMOS 887

1 09637U 76128A   26067.98818279  .00000086  00000-0  72018-4 0  9998

2 09637  82.9373 235.2068 0045409 164.4953 310.6574 13.76495734469902

0 DELTA 1 DEB

1 12209U 78026BA  26067.98818276  .00001343  00000-0  44065-3 0  9990

2 12209  98.6250  99.5425 0055280 332.8823  90.6779 14.39130051333788

0 COSMOS 2540

1 44517U 19057A   26067.98817825  .00000087  00000-0  11389-3 0  9992

2 44517  99.2113  81.2344 0016620  80.5944 279.7090 13.85929315329997

0 STARLINK-35705

1 67039U 25294K   26067.98815727  .00034629  00000-0  12612-2 0  9993

2 67039  43.0067  41.8857 0002373 272.6113  87.4467 15.27600382 14697

0 SL-16 DEB

1 22458U 92093EX  26067.98815580  .00000301  00000-0  22059-3 0  9994

2 22458  70.8544  28.0703 0071232  26.6292  55.9292 14.02645675694756

0 OBJECT AB

1 57191U 23091AB  26067.98811476  .00008860  00000-0  43618-3 0  9990

2 57191  97.5174 126.4344 0017311 116.3937 243.9076 15.18089217148742

0 COSMOS 1464

1 14084U 83048A   26067.98807715  .00000064  00000-0  51981-4 0  9994

2 14084  82.9418 279.4777 0029035 310.7370 158.9946 13.74685725146173

0 SKYMED 4

1 37216U 10060A   26067.98807149  .00000764  00000-0  10250-3 0  9991

2 37216  97.8861 253.0344 0001376  83.2609 276.8761 14.82161334829724

0 STARLINK-11311

1 61253U 24175L   26067.98806920  .00004984  00000-0  45965-4 0  9997

2 61253  53.1579  59.9140 0000990  78.7780 281.3349 15.69711915 84469

0 COSMOS 2251 DEB

1 35456U 93036ALA 26067.98799855  .00013511  00000-0  21094-2 0  9994

2 35456  73.9498 309.2244 0063598 140.1523 220.4344 14.71518636671438

0 DMSP 5D-3 F16 DEB

1 28055U 03048B   26067.98798275  .00003221  00000-0  11654-2 0  9998

2 28055  98.7813  83.9438 0003563  90.3312 299.8440 14.34189356160252

0 STARLINK-32416

1 61589U 24187R   26067.98792847  .00000249  00000-0  20549-4 0  9995

2 61589  53.1599  52.8422 0001119  83.1234 276.9894 15.30192336 79193

0 GLOBALSTAR M072

1 31574U 07020D   26067.98787005 -.00000088  00000-0 -47839-4 0  9997

2 31574  51.9966   7.0036 0001463 102.5416 336.5538 11.91655854863035

0 OBJECT F

1 64092U 25108F   26067.98781205  .00026795  00000-0  11126-2 0  9990

2 64092  97.4754 145.7797 0011305   0.1305 359.9933 15.23747313 44227

0 HXMT

1 42758U 17034A   26067.98776583  .00008761  00000-0  43514-3 0  9997

2 42758  43.0155  20.5752 0032846 231.7210 128.0682 15.17452919482438

0 CZ-4 DEB

1 20887U 90081AX  26067.98768641  .00006734  00000-0  16638-2 0  9999

2 20887  98.4120  79.1698 0019006 104.2929 309.3278 14.52261760845052

0 CZ-6A DEB

1 54546U 22151KW  26067.98766198  .00000263  00000-0  15641-3 0  9991

2 54546  98.7962  76.6282 0022533 256.9981 102.8676 14.15602256171295

0 CZ-6A DEB

1 54341U 22151CL  26067.98765828  .00001523  00000-0  68248-3 0  9994

2 54341  98.7748  87.8430 0045371 272.4928  87.1056 14.23483917171666

0 STARLINK-33906

1 63785U 25091L   26067.98765441  .00027398  00000-0  10012-2 0  9996

2 63785  42.9986  56.5933 0000650 233.4894 126.5897 15.27587909 48748

0 COSMOS 2251 DEB

1 33912U 93036DR  26067.98761192  .00004557  00000-0  11205-2 0  9995

2 33912  74.0361  27.1657 0008398  90.4124 345.9212 14.52549829896858

0 OBJECT AN

1 57202U 23091AN  26067.98760441  .00008609  00000-0  42497-3 0  9993

2 57202  97.5239 127.3692 0011238  97.8903 262.3606 15.18079626148759

0 HULIANWANG DIGUI-37

1 64958U 25159C   26067.98758473  .00000043  00000-0  65510-4 0  9994

2 64958  86.4938 316.2012 0001391  71.0526 289.0759 13.24419745 29867

0 SL-16 DEB

1 22295U 92093K   26067.98757571  .00000046  00000-0  53366-4 0  9990

2 22295  71.0082  12.5919 0098623 216.6402 225.6794 14.07052598703068

0 HULIANWANG DIGUI-82

1 65817U 25220A   26067.98754193  .00000044  00000-0  68790-4 0  9997

2 65817  86.4898  77.7016 0002303  97.7646 262.3750 13.24422106 21651

0 STARLINK-33640

1 63378U 25063R   26067.98750087  .00039473  00000-0  13368-2 0  9997

2 63378  53.1593  55.5984 0001469  83.2504 276.8664 15.30222685 54656

0 STARLINK-35081

1 66148U 25240C   26067.98746927  .00032735  00000-0  11121-2 0  9999

2 66148  53.1602  65.8739 0002579  91.7473 268.3823 15.30210922 21882

0 ETV-A1

1 51060U 22002CE  26067.98745988  .00016553  00000-0  43822-3 0  9999

2 51060  97.2987 134.6895 0004936   4.8421 355.2871 15.38434274230426

0 FENGYUN 1C DEB

1 30352U 99025ABP 26067.98741597  .00000482  00000-0  30917-3 0  9996

2 30352  98.7584  91.4781 0029559  75.8303 314.2322 14.07654705981242

0 STARLINK-5283

1 55396U 23014F   26067.98735616 -.00000067  00000-0  22021-5 0  9990

2 55396  70.0001  66.0923 0002951 270.8348  89.2473 14.98333094171953

0 STARLINK-34248

1 64928U 25157AA  26067.98730085  .00030642  00000-0  10430-2 0  9995

2 64928  53.1611 349.1125 0001166  87.5117 272.6017 15.30182164 36012

0 STARLINK-31415

1 59419U 24064X   26067.98726186  .00003037  00000-0  11987-3 0  9994

2 59419  43.0069  60.5478 0001238 277.7053  82.3658 15.27567079109110

0 PRSS 1

1 43530U 18056B   26067.98726164  .00000828  00000-0  11128-3 0  9993

2 43530  97.7914 138.6021 0001399  77.1268 283.0102 14.81809933413592

0 SL-8 DEB

1 17842U 86030C   26067.98725479  .00001949  00000-0  51162-3 0  9992

2 17842  74.0197  58.2982 0017087 220.1835 170.3930 14.49793876 51748

0 GAOFEN 14

1 47231U 20092A   26067.98723610  .00005272  00000-0  20963-3 0  9996

2 47231  97.4820 138.2662 0007906 142.2610 217.9184 15.25704804292556

0 OBJECT D

1 51949U 22023D   26067.98718508  .00007142  00000-0  30357-3 0  9999

2 51949  63.4604 252.2033 0113209 353.4741   6.4889 15.18219581222500

0 QIANFAN-30

1 61563U 24185M   26067.98706584  .00000199  00000-0  29378-3 0  9990

2 61563  88.9740  71.9383 0008930 135.4694 224.7175 13.50020002 79706

0 HAIYANG 2B

1 43655U 18081A   26067.98701541 -.00000026  00000-0  17791-4 0  9995

2 43655  99.3337  78.2393 0001219 142.6388 217.4849 13.79307342371113

0 SECOR 3

1 01208U 65016E   26067.98697193  .00000070  00000-0  89079-4 0  9996

2 01208  70.0802  37.5143 0022147 223.1114 195.1870 13.96063542105188

0 ARIANE 1 DEB

1 17203U 86019BF  26067.98692971  .00000438  00000-0  26183-3 0  9997

2 17203  98.6218  95.7890 0130337  70.7217 351.9092 14.07724189 11844

0 RESOURCESAT 2A

1 41877U 16074A   26067.98691184 -.00000011  00000-0  14966-4 0  9995

2 41877  98.7599 142.2822 0002545  37.6098 322.5257 14.21599491480065

0 THORAD DELTA 1 DEB

1 08170U 74089AL  26067.98690771  .00028912  00000-0  13242-1 0  9997

2 08170 101.5780  73.3708 0052332 298.4437  89.4909 14.20543171475766

0 STARLINK-31762

1 59614U 24080P   26067.98689698 -.00000196  00000-0  23903-5 0  9992

2 59614  43.0026  42.0057 0000832 250.3438 109.7324 15.27579001104422

0 OBJECT C

1 60014U 24110C   26067.98684326  .00001891  00000-0  16499-3 0  9997

2 60014  97.5520 146.5428 0012817 120.7329 239.5158 14.97947230 86805

0 STARLINK-11746

1 64372U 25127C   26067.98682748  .00263827  00000-0  19792-2 0  9990

2 64372  43.0011  88.6117 0003521 313.7642  46.2934 15.71026863 43397

0 YAOGAN-35 02B

1 52908U 22068B   26067.98680392  .00066357  00000-0  12368-2 0  9997

2 52908  34.9996 358.1594 0005444 261.9355  98.0750 15.47646229207104

0 GAOFEN 9

1 40894U 15047A   26067.98677965  .00001443  00000-0  18400-3 0  9998

2 40894  97.6418 108.1812 0028904 108.0545 252.3822 14.82679518565347

0 SL-14 R/B

1 23412U 94078B   26067.98674159 -.00000020  00000-0 -20939-4 0  9991

2 23412  73.6157 293.5790 0042857  86.2750  16.2416 12.41008441416941

0 KSM1-D

1 46907U 20081C   26067.98670994  .00013804  00000-0  57410-3 0  9996

2 46907  36.8972 323.9283 0001942 131.4434 228.6482 15.23147392293800

0 OBJECT A

1 62185U 24226A   26067.98667329 -.00000072  00000-0  82775-4 0  9992

2 62185  50.0044 283.6535 0056116 195.7400 164.1742 13.60146838 63075

0 BANE

1 58465U 23185D   26067.98663950  .00122106  00000-0  10794-2 0  9999

2 58465  97.3447 150.4697 0005057 178.8150 181.3124 15.68257761126987

0 SHIJIAN 6 01B (SJ-6 01B)

1 28414U 04035B   26067.98662686  .00003922  00000-0  27590-3 0  9995

2 28414  97.6146  87.1509 0006215 115.0799 245.1073 15.05639286171747

0 FFLY-3

1 65319U 25188E   26067.98662023  .00002279  00000-0  22535-3 0  9995

2 65319  97.7387 144.8274 0008614  78.8945 281.3243 14.92853847 28966

0 NUSAT-37 (JOAN CLARKE)

1 56203U 23054AB  26067.98661954  .00046139  00000-0  84286-3 0  9993

2 56203  97.2747 333.7448 0005087 296.8550  63.2180 15.49250895163098

0 OBJECT D

1 49006U 21061D   26067.98661806  .00234323  00000-0  12531-2 0  9995

2 49006  97.3014 144.9452 0002241 140.8175 219.3256 15.79703668260434

0 TIANQI 33

1 62365U 24245A   26067.98655187  .00000080  00000-0  14286-3 0  9991

2 62365  44.9840  47.8698 0009423 266.1237  93.8518 13.99170360 62326

0 COSMOS 411

1 05210U 71041A   26067.98653139 -.00000020  00000-0 -21391-4 0  9990

2 05210  74.0134  59.4555 0111507 142.2690 280.0172 12.64996911532199

0 COSMOS 1232

1 12111U 80102E   26067.98650880  .00000005  00000-0  12762-3 0  9998

2 12111  73.9951 158.3535 0033636 245.8806 226.5352 12.56330022 73218

0 COSMOS 1321

1 12976U 81116B   26067.98647316  .00000007  00000-0  18810-3 0  9995

2 12976  73.9834 174.2400 0093776  47.9597  72.3489 12.28397860985441

0 STARLINK-4555

1 53572U 22101AX  26067.98646788  .00000474  00000-0  47852-4 0  9990

2 53572  53.2174  56.9516 0001235  94.6150 265.4983 15.08832136196341

0 STARLINK-32128

1 60272U 24131T   26067.98643410  .00000062  00000-0  14225-4 0  9990

2 60272  53.1609  55.5045 0001444  89.8702 270.2465 15.30192464 91612

0 DELTA 1 DEB

1 13572U 78026FK  26067.98640310  .00012731  00000-0  27942-2 0  9993

2 13572  99.0665 222.9800 0090147  94.8095  30.9953 14.55207299299412

0 STARLINK-33923

1 63786U 25091M   26067.98636748  .00061411  00000-0  22195-2 0  9993

2 63786  43.0012  56.5863 0000977 258.8928 101.1814 15.27627100 48740

0 SPACEMOBILE-006

1 67232U 25309A   26067.98634800  .00003065  00000-0  16412-3 0  9999

2 67232  52.9942  70.4001 0010947 178.5208 181.5820 15.18010480 11372

0 COSMOS 1635

1 15617U 85023A   26067.98633806 -.00000011  00000-0  29178-4 0  9996

2 15617  74.0575  28.4657 0025004 306.0344 121.6995 12.43256044859267

0 GLOBALSTAR M067

1 32263U 07048A   26067.98631004 -.00000089  00000-0  59597-4 0  9994

2 32263  51.9758 341.0977 0001005 151.6002 292.5021 12.40684929842353

0 FENGYUN 1C DEB

1 30066U 99025PT  26067.98629349  .00000514  00000-0  24835-3 0  9996

2 30066  98.6433  61.2610 0117996  13.7598  49.7830 14.19178197990605

0 OBJECT C

1 55135U 23003C   26067.98627076  .00029372  00000-0  50323-3 0  9992

2 55135  97.1601 144.7435 0004565 128.6564 231.5097 15.51166553176723

0 CZ-6A R/B

1 61570U 24185U   26067.98626756  .00000417  00000-0  93422-4 0  9995

2 61570  89.0154  66.8102 0098485 176.9363 183.2471 14.51720467 73126

0 KINEIS-5D

1 62082U 24219B   26067.98625659  .00001628  00000-0  26511-3 0  9992

2 62082  97.9595 229.4335 0001082 107.0940 253.0386 14.72343000 69011

0 COSMOS 1748

1 16758U 86042A   26067.98624583 -.00000016  00000-0 -27205-5 0  9993

2 16758  74.0159  67.3505 0011392 245.0387 178.7218 12.50786968815309

0 CZ-4 DEB

1 20969U 90081CB  26067.98624147  .00004791  00000-0  12785-2 0  9992

2 20969  98.4299  78.2769 0038174 295.6724  94.1974 14.48432092842405

0 YAOGAN-43 O1G

1 60464U 24148G   26067.98622442  .00011328  00000-0  40088-3 0  9995

2 60464  35.0006  64.9001 0007423 302.7361  57.2640 15.28324380 86930

0 FENGYUN 1C DEB

1 29940U 99025JN  26067.98618198  .00001187  00000-0  57324-3 0  9991

2 29940  98.6214  80.3101 0073245 210.3892 179.1171 14.19069107987116

0 COSMOS 2538

1 44424U 19039D   26067.98616762  .00008835  00000-0  40864-3 0  9995

2 44424  97.5930 146.7576 0043848  35.2639 325.1482 15.19520835364685

0 QIANFAN-55

1 62785U 25016A   26067.98614662  .00000055  00000-0  66287-4 0  9998

2 62785  88.9689  94.2848 0019484  98.9863 261.3495 13.50996567 58837

0 IRIDIUM 33 DEB

1 35628U 97051RA  26067.98613729  .00010161  00000-0  17177-2 0  9996

2 35628  86.3590 330.5767 0013701  40.4922 319.7310 14.69229286877129

0 GEESAT 4-10

1 65128U 25170K   26067.98610114  .00013704  00000-0  67892-3 0  9998

2 65128  49.9860 233.9518 0016789 275.2351  84.6685 15.17863984 32157

0 COSMOS 1275 DEB

1 12652U 81053G   26067.98606595  .00002213  00000-0  14095-2 0  9991

2 12652  82.9345  74.3813 0049542 268.2711 120.5052 14.02673691181831

0 OBJECT C

1 61229U 24173C   26067.98603435  .00040661  00000-0  90397-3 0  9994

2 61229  97.3461 149.2861 0013233 145.9063 214.3038 15.43464888 81240

0 NUSAT-39 (TIKVAH ALPER)

1 56201U 23054Z   26067.98599767  .00034483  00000-0  82163-3 0  9994

2 56201  97.3193 337.1443 0007385  55.2694 304.9248 15.41485920162993

0 STARLINK-35429

1 66590U 25270C   26067.98597973  .00030530  00000-0  11139-2 0  9998

2 66590  42.9980  60.5502 0000554 283.3888  76.6902 15.27592744 17703

0 TIANMU-1 12

1 58646U 23205B   26067.98597093  .00008908  00000-0  35107-3 0  9996

2 58646  97.3537  90.9270 0006854 356.9009   3.2186 15.25797368122229

0 STARLINK-32360

1 61007U 24158T   26067.98591829 -.00004172  00000-0 -12881-3 0  9995

2 61007  53.1609  53.4961 0000989  82.2109 277.9004 15.30201377 85681

0 FENGYUN 1C DEB

1 29786U 99025CC  26067.98591216  .00000423  00000-0  26007-3 0  9996

2 29786  98.7318  87.5677 0078720  59.2779  13.3791 14.09146170983752

0 COSMOS 2499

1 39765U 14028E   26067.98590412  .00000032  00000-0  82611-4 0  9991

2 39765  82.4521 320.0589 0230567 236.7952 121.0856 12.82900813552175

0 COSMOS 715

1 07682U 75016E   26067.98585973 -.00000012  00000-0  25829-4 0  9991

2 07682  74.0031 299.4045 0022519 229.2491 194.3802 12.44744380889415

0 FENGYUN 1C DEB

1 30273U 99025YJ  26067.98579887  .00001403  00000-0  91880-3 0  9999

2 30273  98.8369  85.0134 0060867  10.4144  48.5756 14.02831548977387

0 COSMOS 2251 DEB

1 34482U 93036UB  26067.98576980  .00017263  00000-0  27377-2 0  9992

2 34482  74.0363  56.2563 0037649  98.3281 328.7530 14.71680994894551

0 COSMOS 585

1 06825U 73064A   26067.98576868 -.00000009  00000-0  38841-4 0  9997

2 06825  74.0236 302.5742 0019037 323.1187 144.0781 12.68232148430495

0 COSMOS 1275 DEB

1 12648U 81053C   26067.98563444  .00000324  00000-0  28877-3 0  9996

2 12648  82.9661 281.8151 0015261  93.8460  20.5161 13.81715109243837

0 THOR ABLESTAR DEB

1 00333U 61015DK  26067.98560557  .00014072  00000-0  16848-2 0  9991

2 00333  66.6996  71.2802 0037103 353.8556   6.2109 14.83797767373945

0 STARLINK-36141

1 67057U 25294AD  26067.98559383  .00039868  00000-0  14496-2 0  9998

2 67057  43.0015  41.8628 0001769 196.9891 163.0902 15.27600783 14695

0 KHAYYAM

1 53370U 22096A   26067.98559013  .00007786  00000-0  31706-3 0  9996

2 53370  97.3512 334.0308 0002462  71.1048 289.0457 15.24758422199311

0 FENGYUN 1C DEB

1 30922U 99025AZL 26067.98556286  .00001477  00000-0  74550-3 0  9994

2 30922  98.6373  86.4448 0014424 158.7595 232.5120 14.17718382977867

0 COSMOS 2168

1 21782U 91077D   26067.98554078  .00000012  00000-0  70560-5 0  9997

2 21782  82.5923 277.0480 0012734 252.2998 226.2926 12.65529110585125

0 COSMOS 593

1 06850U 73069F   26067.98546227  .00000001  00000-0  10151-3 0  9990

2 06850  74.0024 313.6807 0077465  24.3773  77.9404 12.59718341410930

0 NIMBUS 2 DEB

1 28609U 66040Y   26067.98543208  .00001202  00000-0  19479-2 0  9998

2 28609 100.3411 339.8648 0049113 210.4753 213.5912 13.50099451621669

0 POPSAT HIP 1

1 40028U 14033U   26067.98542432  .00009818  00000-0  54767-3 0  9991

2 40028  98.1030  72.4023 0007324 160.3075 199.8439 15.13773411637634

0 STARLINK-33742

1 63366U 25063D   26067.98539219  .00046463  00000-0  15699-2 0  9992

2 63366  53.1589  55.5914 0001596  97.7202 262.3981 15.30223407 54607

0 COSMOS 763

1 08287U 75086C   26067.98536860  .00000000  00000-0  10915-3 0  9996

2 08287  74.0137   1.4531 0023550 248.3649 184.6649 12.43561968291302

0 SJ-11-05

1 39202U 13035A   26067.98530679  .00000951  00000-0  18756-3 0  9991

2 39202  98.2834 252.1023 0009757 182.3787 177.7371 14.64777221674563

0 GOKTURK 2

1 39030U 12073A   26067.98529714  .00001104  00000-0  16939-3 0  9991

2 39030  97.6881 270.3988 0001078  59.7488 300.3828 14.75434530709736

0 STARLINK-31886

1 59662U 24084J   26067.98521883 -.00002097  00000-0 -66706-4 0  9990

2 59662  43.0085  45.9298 0001752 280.6675  79.3980 15.27572947104264

0 SHIJIAN 6 02A (SJ-6 02A)

1 29505U 06046A   26067.98521157  .00006345  00000-0  33676-3 0  9992

2 29505  97.6500 108.3220 0004535 115.6307 244.5394 15.15687335 57081

0 SHIJIAN 6 04A (SJ-6 04A)

1 37179U 10051A   26067.98514807  .00008030  00000-0  41259-3 0  9992

2 37179  97.8386  87.7802 0018250 206.4479 153.5824 15.16626162841759

0 STARLINK-33938

1 63778U 25091D   26067.98508501  .00047140  00000-0  17104-2 0  9996

2 63778  42.9975  56.5763 0000408 200.8965 159.1870 15.27604711 48886

0 YAOGAN 27

1 40878U 15040A   26067.98507479 -.00000512  00000-0 -12356-2 0  9996

2 40878 100.1110  58.7430 0008894  85.8307 274.3823 13.16064118504481

0 DELTA 1 DEB

1 07163U 73086EB  26067.98498267 -.00000027  00000-0  16208-3 0  9995

2 07163 102.4634  93.3111 0063729 313.9078 121.5976 12.31349459351590

0 MOZHAYETS

1 27560U 02054B   26067.98497541  .00001056  00000-0  22032-3 0  9993

2 27560  98.4530 282.6046 0037770 329.8882 166.6234 14.61690454237632

0 COSMOS 1275 DEB

1 12662U 81053S   26067.98496595  .00000189  00000-0  17231-3 0  9995

2 12662  82.9549 295.8933 0021214 301.3351 124.6455 13.78166267240933

0 STARLINK-3767

1 52376U 22045AX  26067.98496400  .00884220  45251-3  92048-3 0  9997

2 52376  53.2095 175.5458 0001768 157.0239 203.0876 16.09995864216050

0 DELTA 1 DEB

1 10707U 76077AC  26067.98495652  .00000570  00000-0  69311-2 0  9995

2 10707 102.1959  85.6674 0268023 114.9953 304.7163 11.98441270140357

0 HORUS 1

1 55690U 23025A   26067.98494741  .00009110  00000-0  38381-3 0  9991

2 55690  97.3530 144.6510 0003065 126.1410 234.0111 15.23559273168799

0 COSMOS 2131

1 21106U 91009G   26067.98494308  .00000015  00000-0  18046-3 0  9993

2 21106  74.0314 166.1708 0052381 319.8656 154.8376 12.58962477611651

0 TIANPING 3A-01

1 61614U 24189A   26067.98491013  .00005691  00000-0  45028-3 0  9991

2 61614  97.5354  91.3209 0002331  68.5257 291.6216 15.00992679 75455

0 GLOBALSTAR M092

1 38043U 11080D   26067.98490223 -.00000090  00000-0  75286-4 0  9998

2 38043  52.0113   9.8982 0000456  74.7005   0.8736 12.62264372655393

0 OBJECT J

1 61902U 24205J   26067.98489725  .00011208  00000-0  67828-3 0  9990

2 61902  97.4214 141.3389 0014871 150.8896 209.3166 15.10692397 73059

0 STARLINK-31621

1 59465U 24068L   26067.98483173 -.00001333  00000-0 -38925-4 0  9996

2 59465  43.0033  38.6167 0001177 238.2307 121.8430 15.27576899108418

0 CZ-4C DEB

1 38304U 10009H   26067.98482936  .00000095  00000-0  43744-3 0  9997

2 38304  63.3060 221.2066 0309142  24.9440  63.3269 13.04231216596236

0 YAOGAN 29

1 41038U 15069A   26067.98481273  .00000847  00000-0  11097-3 0  9990

2 41038  98.0142  96.4122 0001985  39.0391 321.0965 14.82996195555773

0 OBJECT CG

1 58334U 23174CG  26067.98479878  .00045009  00000-0  78242-3 0  9995

2 58334  97.3969 157.6778 0006997 126.0858 234.1042 15.50656397130265

0 SCOUT A DEB

1 04555U 66041F   26067.98479263  .00004318  00000-0  10487-2 0  9993

2 04555  90.2038  72.1419 0043596  93.5155 267.1041 14.52210038409383

0 DELTA 1 DEB

1 21324U 75052AS  26067.98474459  .00001194  00000-0  27580-2 0  9991

2 21324  99.5632  70.4542 0310719 123.7182 295.9498 13.10715249652894

0 DELTA 1 DEB

1 21466U 75052FA  26067.98470948  .00000213  00000-0  58186-3 0  9995

2 21466  99.6605 241.1175 0134676   2.4787 151.3699 13.22163139678705

0 TIANPING 3B-02

1 61616U 24189C   26067.98466602  .00004381  00000-0  34803-3 0  9993

2 61616  97.5355  91.3346 0002038  72.9788 287.1660 15.00966154 75410

0 CZ-6A DEB

1 55875U 22151ZX  26067.98465862  .00003581  00000-0  17094-2 0  9990

2 55875  98.8249  77.3962 0041359 240.8639 118.8395 14.19386081159270

0 CZ-4 DEB

1 20973U 90081CF  26067.98463345  .00006279  00000-0  11367-2 0  9996

2 20973  98.1668 124.2209 0035440 137.1509 344.1025 14.66270894855850

0 STARLINK-5379

1 54868U 22177BA  26067.98462133  .00066753  00000-0  48434-2 0  9999

2 54868  43.0031 123.7713 0001850 308.4204  51.6472 15.03048515177005

0 XINGYUN-2 01

1 45602U 20028A   26067.98460875  .00005677  00000-0  34040-3 0  9996

2 45602  97.4850  62.4253 0008954 178.5010 181.6249 15.11318389319703

0 YAOGAN 17C

1 39241U 13046C   26067.98459529  .00000041  00000-0  13047-3 0  9998

2 39241  63.3910 348.0936 0418317  11.0195 349.9652 13.45467641614894

0 TITAN 3C TRANSTAGE DEB

1 01668U 65082AF  26067.98455073  .00002481  00000-0  29856-3 0  9992

2 01668  32.0679  67.8640 0014326 137.8783 222.2970 14.82280462203460

0 FENGYUN 1C DEB

1 36247U 99025DVY 26067.98454216  .00001421  00000-0  43261-3 0  9994

2 36247  98.2663  82.2968 0186816 135.7262 225.9042 14.33891133714988

0 KORSAT-1

1 59452U 24066L   26067.98451962  .00006469  00000-0  53327-3 0  9996

2 59452  45.4116  43.6637 0010312 209.4292 150.6007 14.99764031105023

0 TIANPING 3B-01

1 61615U 24189B   26067.98447404  .00004574  00000-0  36299-3 0  9996

2 61615  97.5339  91.2461 0001988  36.9765 323.1596 15.00980254 75412

0 COSMOS 1823 DEB

1 18757U 87020AJ  26067.98446845  .00007479  00000-0  13500-1 0  9991

2 18757  73.7192  46.4894 0028148 257.3162 159.8164 13.41167129786632

0 LAPAN-TUBSAT

1 29709U 07001A   26067.98442793  .00000353  00000-0  47196-4 0  9994

2 29709  98.1336  64.9676 0012756 146.3795 213.8231 14.85827573 36271

0 SL-16 DEB

1 22395U 92093CL  26067.98441582  .00013568  00000-0  29354-2 0  9994

2 22395  71.1384 345.2571 0052373 204.3635 240.9942 14.57476653706693

0 SL-16 DEB

1 22343U 92093AG  26067.98438942  .00001276  00000-0  69336-3 0  9991

2 22343  70.9598 326.3862 0094432 333.0135 115.0061 14.11987840702066

0 PSLV DEB

1 27089U 01049AH  26067.98437249  .00002767  00000-0  22780-3 0  9991

2 27089  98.1237  86.2270 0051403  51.6714   5.8484 14.98979581314378

0 CARTOSAT 2B

1 36795U 10035A   26067.98435436  .00000787  00000-0  11402-3 0  9995

2 36795  97.8747 119.2798 0012401 151.2094 208.9804 14.78769831845047

0 STARLINK-32156

1 60278U 24132A   26067.98434340  .00000284  00000-0  21711-4 0  9991

2 60278  53.1610  55.6188 0001486  85.3607 274.7563 15.30191076 92673

0 STARLINK-31768

1 59616U 24080R   26067.98433256 -.00000395  00000-0 -48252-5 0  9997

2 59616  43.0063  41.9885 0001065 264.1835  95.8895 15.27575052104425

0 LUOJIA-1 01

1 43485U 18048B   26067.98429322  .00003338  00000-0  37954-3 0  9993

2 43485  97.8153 147.7927 0010609  91.9539 268.2892 14.86872994419322

0 SL-16 DEB

1 19657U 88102D   26067.98427746  .00000206  00000-0  23419-3 0  9995

2 19657  70.9840  12.3467 0211666 309.4204 127.6064 13.72179686865910

0 YAOGAN 14

1 38257U 12021A   26067.98426211  .00013111  00000-0  50494-3 0  9997

2 38257  97.2860 207.4784 0005570 165.7342 194.4055 15.26465386770521

0 RADIO 7

1 13001U 81120E   26067.98424693  .00000097  00000-0  97588-3 0  9999

2 13001  82.9532  77.8965 0022957 213.4105 204.9090 12.08947832951338

0 COSMOS 2251 DEB

1 33934U 93036EP  26067.98420906  .00004116  00000-0  86425-3 0  9992

2 33934  74.0369 296.1450 0014408  33.8631 326.3452 14.59890517899977

0 QB50P1

1 40025U 14033R   26067.98420762  .00012990  00000-0  66937-3 0  9996

2 40025  98.1011  72.2195 0008244 196.7438 163.3522 15.16504131637831

0 COSMOS 1408 DEB

1 50032U 82092RU  26067.98418391  .00007291  00000-0  14433-3 0  9992

2 50032  82.5656 330.0449 0013608 259.3661 100.6057 15.46767977239368

0 OBJECT W

1 57186U 23091W   26067.98414969  .00013480  00000-0  50566-3 0  9994

2 57186  97.5258 133.3348 0020479  88.2324 272.1260 15.27156861149151

0 SENTINEL-1D

1 66315U 25251A   26067.98409507  .00000119  00000-0  35051-4 0  9998

2 66315  98.1822  76.7610 0001282  89.1444 270.9902 14.59197275 18113

0 OBJECT H

1 61901U 24205H   26067.98409395  .00019208  00000-0  68099-3 0  9993

2 61901  97.4167 146.1479 0010592  42.2043 318.0010 15.29078279 73392

0 COSMOS 1375 DEB

1 16210U 82055M   26067.98408271 -.00000022  00000-0  61756-4 0  9994

2 16210  65.8361 327.3330 0020761 150.9825 300.3743 13.74580204 26145

0 COSMOS 807

1 08744U 76022A   26067.98403758  .00007036  00000-0  28901-3 0  9994

2 08744  82.9149  45.8391 0460428 216.2295 211.5924 14.61414663534988

0 OBJECT G

1 56749U 23072G   26067.98397468  .00037306  00000-0  79237-3 0  9990

2 56749  97.5018 272.2042 0004192 358.3922   1.7312 15.44921987154969

0 FENGYUN 1C DEB

1 30342U 99025ABD 26067.98396844  .00000733  00000-0  67889-3 0  9993

2 30342 100.2005 259.1627 0167552 260.9659 265.8446 13.80169277960786

0 COSMOS 252 DEB *

1 03901U 68097BN  26067.98393394  .00000339  00000-0  32246-3 0  9997

2 03901  61.2766  60.8627 0813021 204.4883 151.5364 12.95883889664558

0 SECOR 5 (EGRS 5)

1 01506U 65063A   26067.98389769 -.00000056  00000-0 -15402-3 0  9990

2 01506  69.2352  39.6846 0789577 242.9433 177.7415 11.78687342606446

0 COSMOS 2251 DEB

1 33826U 93036BT  26067.98387937  .00011661  00000-0  27045-2 0  9993

2 33826  74.0628 247.6066 0084241 271.0667 208.7059 14.52910898890218

0 OBJECT F

1 54687U 22167F   26067.98385075  .00093503  00000-0  82841-3 0  9990

2 54687  97.6220 245.6507 0001761  31.2988 328.8377 15.68306637181028

0 COSMOS 2214

1 22185U 92068D   26067.98382795  .00000013  00000-0  14897-4 0  9992

2 22185  82.5885  57.5147 0009279  26.2983  27.5076 12.61600957537012

0 HULIANWANG DIGUI-29

1 63696U 25086K   26067.98381405  .00000047  00000-0  74540-4 0  9995

2 63696  86.5106 346.8123 0001728  91.9313 268.2019 13.24420739 41591

0 STARLINK-36768

1 67803U 26032G   26067.98379105  .00138568  00000-0  91409-3 0  9997

2 67803  97.2843 254.4564 0002257  77.7436 282.4082 15.75209046  4671

0 YUNHAI 2-1D

1 43912U 18112D   26067.98376041  .00000174  00000-0  13179-3 0  9997

2 43912  50.0122 352.7767 0015785 353.4363   6.6343 14.28985590373254

0 HULIANWANG DIGUI-64

1 65170U 25174G   26067.98371466  .00000039  00000-0  55613-4 0  9999

2 65170  86.4873 285.8145 0001239  95.1136 265.0139 13.24422064 27520

0 COSMOS 1754

1 16764U 86042G   26067.98368036  .00000003  00000-0  11851-3 0  9990

2 16764  74.0223   1.3630 0020399 165.1159 270.4310 12.52609208642541

0 CZ-4 DEB

1 26273U 99057FK  26067.98367608  .00002817  00000-0  35401-3 0  9992

2 26273  98.6952 210.4304 0057378 247.1784 227.4116 14.81896991394553

0 OBJECT J

1 44887U 19093J   26067.98360089  .00003549  00000-0  35640-3 0  9999

2 44887  97.7936 153.5094 0013868  50.9851 309.2600 14.91848240337043

0 NOAA 10

1 16969U 86073A   26067.98357153  .00000213  00000-0  10157-3 0  9990

2 16969  98.7001  61.3777 0011079 291.4818 129.4504 14.29144022 55105

0 YUBELEINY

1 32953U 08025A   26067.98354703  .00000026  00000-0  11388-3 0  9999

2 32953  82.4997  57.7617 0019498 166.7642 193.3953 12.43175963807244

0 IRIDIUM 133

1 42955U 17061A   26067.98350336  .00000018  00000-0 -68411-6 0  9994

2 42955  86.3913  67.1558 0002045  89.9491 270.1940 14.34217519440413

0 FENGYUN 1C DEB

1 29949U 99025JX  26067.98346815  .00000238  00000-0  16786-3 0  9997

2 29949  98.7592  85.9634 0025018  62.6360 355.5591 14.06844040983205

0 LINGQIAO VIDEO A

1 40959U 15057B   26067.98344329  .00001196  00000-0  17529-3 0  9992

2 40959  97.6612  67.7529 0015435 232.5850 127.3957 14.77239703560614

0 YUNHAI 1-02

1 44547U 19063A   26067.98344209  .00000343  00000-0  14173-3 0  9992

2 44547  98.4179  81.3151 0006720  94.0608 266.1345 14.32706703337525

0 COSMOS 1195

1 11878U 80058D   26067.98338565 -.00000021  00000-0 -30820-4 0  9996

2 11878  74.0158  65.4121 0016948 244.7406 179.4453 12.50615039 84834

0 OBJECT E

1 53448U 22098E   26067.98334822  .00071635  00000-0  99087-3 0  9993

2 53448  97.5441 191.8677 0002138  19.8911 340.2426 15.56889004199048

0 FENGYUN 3F

1 57490U 23111A   26067.98332149  .00000095  00000-0  65303-4 0  9998

2 57490  98.6929 139.8257 0001268  79.9971 280.1348 14.19919315134641

0 CZ-6A DEB

1 55871U 22151ZT  26067.98321181  .00002917  00000-0  13297-2 0  9994

2 55871  98.8027  82.9807 0023481 209.5634 150.4217 14.22260630159655

0 YAOGAN-32 2A

1 49383U 21099A   26067.98316314  .00001427  00000-0  28138-3 0  9993

2 49383  98.2610 201.7620 0001274 126.8966 233.2353 14.64025446231705

0 YAOGAN-34 02

1 52084U 22027A   26067.98316227 -.00000079  00000-0  19241-4 0  9999

2 52084  63.3960  98.5383 0043115 351.5949   8.4350 13.45429116195432

0 COSMOS 1637

1 15619U 85023C   26067.98312609 -.00000010  00000-0  39946-4 0  9996

2 15619  74.0521 241.7100 0014570  81.5142  38.2727 12.47242601865283

0 GEESAT 6-08

1 65720U 25214J   26067.98311209  .00002909  00000-0  38120-3 0  9995

2 65720  49.9904  52.5408 0009606 191.9613 168.1098 14.83016285 24638

0 RSW-01

1 49112U 21076A   26067.98304647  .00000336  00000-0  56457-3 0  9997

2 49112  86.4146 193.5666 0014756 351.5399   8.5494 13.42855508222436

0 ONEWEB-0428

1 51629U 22012H   26067.98300741 -.00000464  00000-0 -13662-2 0  9999

2 51629  87.8768  56.2275 0001821  87.5419 272.5917 13.10370868196165

0 EGS (AJISAI)

1 16908U 86061A   26067.98300573 -.00000102  00000-0 -31078-4 0  9999

2 16908  50.0080  95.5209 0011265 285.1783 100.5598 12.44515667467914

0 CZ-6A DEB

1 55008U 22151UY  26067.98300020  .00000323  00000-0  20112-3 0  9999

2 55008  98.8482  74.8399 0040759 225.1944 134.5911 14.11495677170828

0 YAOGAN-32 2B

1 49384U 21099B   26067.98298569  .00001309  00000-0  25868-3 0  9991

2 49384  98.2290 201.7792 0001256 124.3893 235.7428 14.64048510231709

0 COSMOS 1275 DEB

1 12665U 81053V   26067.98297218  .00000423  00000-0  36654-3 0  9990

2 12665  82.9628 252.3816 0035610  69.3835  83.7867 13.83658365245461

0 STARLINK-5291

1 55273U 23010E   26067.98296255  .00002928  00000-0  25311-3 0  9991

2 55273  69.9992  46.0985 0003564 265.3653  94.7099 14.98326932172687

0 GAOFEN 6

1 43484U 18048A   26067.98291764  .00000623  00000-0  96157-4 0  9994

2 43484  97.7870 134.2882 0013106 136.6955 223.5288 14.76593547418607

0 COBE DEB

1 20324U 89089C   26067.98291134  .00001039  00000-0  50210-3 0  9997

2 20324  98.7014  79.7247 0012915  72.4577 356.1343 14.20684111871300

0 COSMOS 2354

1 25365U 98036C   26067.98285419  .00000029  00000-0  13395-3 0  9999

2 25365  82.5817  46.5867 0354444  87.6274 330.0767 12.20877139235846

0 STARLINK-5554

1 56338U 23058X   26067.98277174 -.00000332  00000-0 -21287-4 0  9993

2 56338  97.6041  69.4988 0001300  98.4268 261.7104 15.01260374158025

0 STARLINK-5559

1 56335U 23058U   26067.98272466 -.00000105  00000-0 -30516-5 0  9993

2 56335  97.6050  70.5734 0002173  85.8179 274.3296 15.05644969158093

0 TIANMU-1 16

1 58701U 24004B   26067.98270536  .00009306  00000-0  36608-3 0  9996

2 58701  97.4615 253.5451 0005282 358.9793   1.1433 15.25858216120492

0 NOAA 17 DEB

1 48166U 02032G   26067.98270277  .00019444  00000-0  36472-2 0  9991

2 48166  98.7922  75.5100 0013368 109.3054 250.9594 14.64718382261899

0 NOVA 2

1 19223U 88052A   26067.98269884  .00000088  00000-0  18726-3 0  9998

2 19223  89.9781  78.1237 0031766 133.4669 285.0231 13.22947568820888

0 ALSAT 2A

1 36798U 10035D   26067.98265804  .00001419  00000-0  22155-3 0  9998

2 36798  97.7653  74.7027 0001447 104.7229 255.4141 14.74317726838991

0 STARLINK-31877

1 59675U 24084X   26067.98264306 -.00001311  00000-0 -38149-4 0  9996

2 59675  43.0058  45.9009 0001114 258.2184 101.8543 15.27571737104268

0 CZ-6A DEB

1 54547U 22151KX  26067.98263596  .00007880  00000-0  31194-2 0  9998

2 54547  98.8110  78.9311 0088290 275.8467  83.2654 14.27057568171326

0 OBJECT D

1 58823U 24016D   26067.98262812  .00042986  00000-0  89422-3 0  9995

2 58823  97.4355 154.9988 0007644  85.6403 274.5719 15.45481803118264

0 COSMOS 770

1 08325U 75089A   26067.98262637  .00000020  00000-0  18378-4 0  9994

2 08325  82.9533  76.1906 0028421 352.9126  67.2762 13.19804303430171

0 COSMOS 1914

1 18793U 88002F   26067.98262351  .00000023  00000-0  67323-4 0  9993

2 18793  82.6022 277.0127 0016443 239.0508 236.4753 12.66459254763102

0 DELTA 1 DEB

1 10206U 77065AK  26067.98261569  .00002430  00000-0  18269-2 0  9998

2 10206  29.2056  43.3209 0527125  88.5983 277.4875 13.41861681301181

0 NEXTSAT-2

1 56743U 23072A   26067.98256809  .00010523  00000-0  40730-3 0  9995

2 56743  97.5303 264.1109 0006342  25.9264 334.2291 15.26362194154306

0 FENGYUN 1C DEB

1 30150U 99025TF  26067.98255606  .00000748  00000-0  62083-3 0  9997

2 30150  99.0015 205.7232 0147890 103.2771  14.0961 13.86747790966538

0 OBJECT F

1 53449U 22098F   26067.98255200  .00092935  00000-0  10707-2 0  9993

2 53449  97.5360 192.3686 0000806 319.7986  40.3212 15.61660096199145

0 OBJECT R

1 59066U 24039R   26067.98255047  .00005319  00000-0  42306-3 0  9991

2 59066  95.3933 166.2633 0145498 318.8233  40.2086 14.92623334109777

0 QIANFAN-28

1 61561U 24185K   26067.98251218  .00001130  00000-0  44790-3 0  9998

2 61561  88.9767  66.8193 0007891  24.1581 335.9982 14.28220533 82486

0 IRS 1B

1 21688U 91061A   26067.98249609 -.00000188  00000-0 -99012-4 0  9994

2 21688  99.4141  73.4216 0023696 275.6255 138.6612 13.97858866654492

0 GRUS-1E

1 47935U 21022D   26067.98245118  .00001412  00000-0  11936-3 0  9995

2 47935  97.5575 315.4776 0012918 317.6370  42.3855 14.99576056270939

0 OBJECT B

1 47855U 21020B   26067.98241963  .00000066  00000-0  24763-3 0  9994

2 47855  63.4089 166.7032 0161911   0.8518 359.2754 13.44231193244711

0 CZ-6A DEB

1 54315U 22151BJ  26067.98236753  .00000353  00000-0  21965-3 0  9990

2 54315  98.8483  72.9874 0042618 267.6759  91.9532 14.10859118170386

0 COSMOS 1794

1 17138U 86092A   26067.98236479 -.00000010  00000-0  39520-4 0  9999

2 17138  74.0107 243.8888 0020698  98.5195  21.8990 12.45669054786826

0 CZ-4C R/B

1 36123U 09072C   26067.98235045  .00000013  00000-0  95627-4 0  9997

2 36123 100.5127  92.9151 0156932 185.2208 233.5547 13.46230935797426

0 DELTA 1 DEB

1 07196U 73086FE  26067.98233167 -.00000007  00000-0  27639-3 0  9995

2 07196 102.4116  64.7353 0052075  53.8632 321.2002 12.47077758381464

0 ICEYE-X31

1 58288U 23174AJ  26067.98230825  .00021609  00000-0  72474-3 0  9991

2 58288  97.3851 143.9763 0001549 337.4942  22.6231 15.30912211129407

0 N-1 R/B

1 10675U 78018B   26067.98229335 -.00000013  00000-0  58582-4 0  9992

2 10675  69.3602  42.4828 0162255 198.6432 220.3270 13.44889901358547

0 FENGYUN 1C DEB

1 29845U 99025EP  26067.98229047  .00001034  00000-0  43158-3 0  9997

2 29845  98.5262  71.0734 0075765 238.6968 176.2798 14.26742977993398

0 CALIPSO

1 29108U 06016B   26067.98228531  .00001647  00000-0  28903-3 0  9995

2 29108  98.4532  80.2178 0000973 105.5193 254.6119 14.69135045 58348

0 DMSP 5D-3 F17 DEB

1 29600U 06050BS  26067.98226542  .00003762  00000-0  13277-2 0  9997

2 29600  98.5245  98.9218 0007712  79.4584 347.6799 14.35289146   966

0 FENGYUN 1C DEB

1 30481U 99025AGT 26067.98224547  .00003458  00000-0  84159-3 0  9993

2 30481  98.3326  87.9601 0222895   0.9926  28.5270 14.39434607997240

0 DELTA 1 DEB

1 21277U 75052N   26067.98218485  .00000125  00000-0  39491-3 0  9991

2 21277  99.7284 208.7806 0133650 102.0918  22.5027 13.19242555676778

0 OBJECT B

1 61239U 24174B   26067.98218031  .00005319  00000-0  33448-3 0  9995

2 61239  97.4508  74.1867 0019516 273.9863  85.9135 15.09484708 80273

0 OBJECT F

1 60750U 24153F   26067.98214160  .00024342  00000-0  10354-2 0  9995

2 60750  97.6558 202.2673 0005348 228.6239 131.4538 15.22999442 84536

0 YUNYAO-1 45

1 63346U 25059C   26067.98207800  .00006254  00000-0  38398-3 0  9999

2 63346  97.6095 250.0490 0017061 138.1114 222.1424 15.10336764 53173

0 QIANFAN-69

1 62799U 25016Q   26067.98207430  .00000046  00000-0  52367-4 0  9998

2 62799  88.9664  94.0223 0017995  95.9415 264.3788 13.51005559 58926

0 SL-8 DEB

1 21249U 91009BG  26067.98204608  .00000011  00000-0  23507-3 0  9997

2 21249  74.0703 283.4852 0121989 313.2170 163.3106 12.22360600561701

0 COSMOS 1137

1 11545U 79084H   26067.98204495 -.00000009  00000-0  51052-4 0  9993

2 11545  74.0273  24.4541 0027350 260.8295 166.7506 12.43196950108077

0 STARLINK-36354

1 67800U 26032D   26067.98202319  .00119565  00000-0  79036-3 0  9994

2 67800  97.2846 254.4614 0001408  86.4416 273.7010 15.75217930  4674

0 SL-16 R/B

1 23343U 94074B   26067.98199811  .00000640  00000-0  92348-4 0  9996

2 23343  97.7110  98.8283 0005725 213.1569 209.1432 14.79407254687146

0 COSMOS 839 DEB

1 10414U 76067H   26067.98198152  .00000010  00000-0  33065-3 0  9991

2 10414  65.8798  39.8657 0620384  99.4068 326.5859 12.18425604210095

0 COSMOS 941

1 10287U 77079C   26067.98195928  .00000010  00000-0  15697-3 0  9992

2 10287  74.0261 167.3933 0031025 141.0873 335.5281 12.56550288197452

0 THORAD DELTA 1 DEB

1 08308U 74089BR  26067.98193731  .00000029  00000-0  50003-3 0  9991

2 08308 101.5073 110.6645 0061966 242.6219 189.4110 12.45585952332575

0 OBJECT AD

1 66693U 25276AD  26067.98192870  .00017591  00000-0  81404-3 0  9990

2 66693  97.4242 143.3007 0003969  33.8152 326.3335 15.20186097 15210

0 QIANFAN-32

1 61565U 24185P   26067.98192537  .00000157  00000-0  22578-3 0  9998

2 61565  88.9784  72.0995 0010031 163.2533 196.8952 13.50764964 79684

0 OBJECT B

1 57425U 23104B   26067.98190646  .00398462  66491-4  94719-3 0  9992

2 57425  97.2694 156.7388 0004141 307.0167  53.0730 15.96668701147968

0 COSMOS 839 DEB

1 10437U 76067N   26067.98184788  .00000504  00000-0  22443-2 0  9991

2 10437  65.8227 300.7003 0661672 107.5729   7.2944 12.31276360229122

0 RANDEV

1 52898U 22065E   26067.98175181  .00001527  00000-0  30379-3 0  9998

2 52898  98.2038 212.5973 0007510 348.4613  11.6416 14.63493142196591

0 QIANFAN-25

1 61558U 24185G   26067.98174273  .00000549  00000-0  32669-3 0  9994

2 61558  88.9752  68.4084 0011886  56.6484 303.5834 14.05998682 81628

0 FENGYUN 1C DEB

1 30728U 99025ASN 26067.98173236  .00000131  00000-0  72746-4 0  9990

2 30728  98.5309  77.0546 0098188 189.9684 169.9549 14.23514559989169

0 COSMOS 1375 DEB

1 16375U 82055P   26067.98168455  .00000016  00000-0  93045-4 0  9991

2 16375  65.8367   0.3345 0030566 213.7483 221.6379 13.80499312 34188

0 ICEYE-X11

1 48918U 21059AR  26067.98167213  .00110884  00000-0  77844-3 0  9990

2 48918  97.6451 255.8478 0004658 337.5088  22.5971 15.73829691262120

0 QIANFAN-24

1 61557U 24185F   26067.98161887  .00000987  00000-0  42430-3 0  9993

2 61557  88.9738  67.0709 0010239  29.4768 330.7000 14.23938974 82293

0 COSMOS 2251 DEB

1 35979U 93036AVV 26067.98161501  .00006775  00000-0  96498-3 0  9990

2 35979  74.0072  69.5032 0058877 184.0829 207.5189 14.75797784899059

0 IRS P6

1 28051U 03046A   26067.98160042  .00000178  00000-0  73603-4 0  9999

2 28051  98.2042 109.3433 0062941 283.2918 192.8494 14.36116411166144

0 NAPA-1

1 46320U 20061BA  26067.98151347  .00063281  00000-0  87475-3 0  9997

2 46320  97.2582 139.6893 0001013 120.0966 240.0390 15.56941232306092

0 TIANMU-1 10

1 57402U 23101D   26067.98150988  .00010603  00000-0  37637-3 0  9993

2 57402  97.2749 121.1425 0006857 136.3048 223.8737 15.29202362146325

0 CZ-4 DEB

1 20883U 90081AT  26067.98150633  .00002933  00000-0  98048-3 0  9994

2 20883  98.5903  67.5458 0010435 311.8754 103.0124 14.38151627835931

0 NORBI

1 46494U 20068J   26067.98150522  .00035273  00000-0  77362-3 0  9994

2 46494  97.8700  75.4321 0004944 253.6736 106.3967 15.43983443300723

0 SJ-5

1 25731U 99025B   26067.98149844  .00000067  00000-0  59229-4 0  9995

2 25731  98.7397 112.8548 0015778 280.6940  79.2456 14.12913956381173

0 GEESAT 4-04

1 65122U 25170D   26067.98144486  .00006888  00000-0  37815-3 0  9993

2 65122  49.9795 233.8200 0017693 285.1996  74.6999 15.15031629 32153

0 QIANFAN-21

1 61554U 24185C   26067.98136985  .00000824  00000-0  36128-3 0  9998

2 61554  88.9681  66.8567 0013017  83.8226 276.4448 14.22733457 82230

0 OBJECT A

1 66053U 25234A   26067.98136139  .00050574  00000-0  16054-2 0  9996

2 66053  97.4389 138.3673 0013155 151.7179 208.4780 15.32414649 21493

0 STARLINK-34452

1 64425U 25129P   26067.98135820  .00010113  00000-0  85320-3 0  9994

2 64425  70.0056  76.1464 0002137 263.5821  96.5094 14.98374739 41181

0 ONEWEB-0415

1 51624U 22012C   26067.98135260 -.00000459  00000-0 -13504-2 0  9995

2 51624  87.8768  56.2166 0002127  86.6409 273.4962 13.10370648196164

0 HAIYANG 3A

1 58349U 23176A   26067.98129821  .00000189  00000-0  83195-4 0  9997

2 58349  98.5522 147.0689 0008848 327.9165  32.1480 14.34139569120958

0 JILIN-1-03

1 41914U 17002B   26067.98127298  .00018769  00000-0  48799-3 0  9997

2 41914  97.1999  76.6459 0006800 155.5505 204.6065 15.38949877506434

0 STARLINK-32691

1 62501U 25003Q   26067.98126602  .00031513  00000-0  11494-2 0  9993

2 62501  42.9948 292.9319 0000609 270.5344  89.5438 15.27591022 66550

0 OBJECT E

1 56747U 23072E   26067.98124537  .00035062  00000-0  79132-3 0  9994

2 56747  97.5174 273.7074 0004035   0.7385 359.3868 15.43133456154905

0 STARLINK-32113

1 60282U 24132E   26067.98117464  .00000828  00000-0  40071-4 0  9995

2 60282  53.1606  55.5982 0001238  87.3162 272.7981 15.30195728 91452

0 STARLINK-5561

1 56337U 23058W   26067.98116556  .00000805  00000-0  67162-4 0  9993

2 56337  97.6037  69.4998 0000913 125.4742 234.6567 15.01275988158026

0 COSMOS 2251 DEB

1 34856U 93036ACA 26067.98097837  .00037834  00000-0  22116-2 0  9998

2 34856  73.9913 266.7671 0029416  19.8743 130.0656 15.11336738904124

0 YAOGAN-40 01B

1 57832U 23139C   26067.98094744  .00000188  00000-0  91576-4 0  9998

2 57832  85.9907 304.9302 0002179  92.5666 267.5766 14.12429899128569

0 GEO IK

1 23411U 94078A   26067.98087704 -.00000016  00000-0  10083-4 0  9997

2 23411  73.6136 299.7371 0028637 136.7771 327.5658 12.40863642416637

0 YAOGAN-40 01C

1 57833U 23139D   26067.98085001  .00000190  00000-0  92682-4 0  9997

2 57833  85.9907 304.2109 0002523  75.7968 284.3495 14.12429842128664

0 SCOUT G-1 R/B

1 21528U 91045B   26067.98084388  .00000458  00000-0  17662-3 0  9998

2 21528  89.5242 265.7244 0066059 180.9509 296.0249 14.27583124803266

0 OBJECT A

1 53444U 22098A   26067.98083331  .00076876  00000-0  10213-2 0  9990

2 53444  97.5413 191.7928 0003078   3.8127 356.3151 15.57952215199080

0 OBJECT P

1 66306U 25248P   26067.98083108  .00022647  00000-0  92291-3 0  9997

2 66306  45.4037 295.4322 0012079 209.3167 150.7044 15.24098352 19291

0 SL-8 DEB

1 11752U 80026C   26067.98079278 -.00000009  00000-0  74589-4 0  9990

2 11752  65.8419 296.4423 0028827 309.1046 149.5172 13.75334252305306

0 COSMOS 567

1 06678U 73037D   26067.98077880 -.00000014  00000-0  91572-5 0  9990

2 06678  74.0150 252.5941 0044988 131.6044  36.1749 12.54105842414760

0 YAOGAN-40 01A

1 57830U 23139A   26067.98077478  .00000137  00000-0  63883-4 0  9995

2 57830  85.9909 304.9502 0002080  91.7568 268.3854 14.12429029128555

0 FENGYUN 1C DEB

1 32123U 99025CRR 26067.98076548  .00001300  00000-0  22759-3 0  9996

2 32123  98.9494 247.8434 0160060  29.2865 121.8295 14.61831805726340

0 IRIDIUM 170

1 43930U 19002J   26067.98076296  .00001396  00000-0  21745-3 0  9990

2 43930  86.6093  35.4215 0002733  89.0434 271.1096 14.72259865384512

0 STARLINK-34437

1 64346U 25126C   26067.98075525  .00013225  00000-0  11133-2 0  9995

2 64346  70.0044  36.3296 0002506 264.5252  95.5622 14.98358863 40578

0 YAOGAN-47

1 66988U 25289A   26067.98074219  .00009068  00000-0  38067-3 0  9994

2 66988  97.5109 138.2744 0001353  67.3091 292.8289 15.23692347 13676

0 STARLINK-32347

1 61010U 24158W   26067.98073986 -.00000720  00000-0 -12181-4 0  9997

2 61010  53.1610  68.7544 0001351  94.4553 265.6602 15.30187186 85471

0 YAOGAN-37

1 55244U 23006C   26067.98071873  .00007897  00000-0  41290-3 0  9995

2 55244  43.1976 317.4458 0016534 101.5649 258.7059 15.16118764174669

0 COSMOS 1452

1 13991U 83031A   26067.98065569  .00000221  00000-0  88302-4 0  9997

2 13991  74.0496  25.8273 0015428  15.2741  55.0217 14.33966917242256

0 COSMOS 505

1 06118U 72057B   26067.98062602  .00000002  00000-0  10327-3 0  9999

2 06118  74.0318 348.7885 0092410 358.2023  79.4790 12.59819174466451

0 CZ-4 DEB

1 26442U 99057KP  26067.98060923  .00002684  00000-0  54608-3 0  9992

2 26442  98.5480  82.3018 0055934 160.3752 231.9108 14.60977076366372

0 SUPERVIEW NEO-1 02

1 52322U 22043C   26067.98060809  .00007678  00000-0  40897-3 0  9995

2 52322  97.3470 144.0337 0001259  12.0458 348.0805 15.15476010214392

0 TRIAD 1

1 06173U 72069A   26067.98055375  .00000941  00000-0  22368-3 0  9992

2 06173  90.0163 208.4909 0050384  21.6350 101.6036 14.52538505816029

0 NINGXIA-1 6

1 49018U 21064A   26067.98053535  .00000101  00000-0  13454-3 0  9996

2 49018  45.0013 319.8015 0007131 108.3858 251.7754 14.08518729240089

0 PATHFINDER 1

1 41787U 16059E   26067.98052565  .00001039  00000-0  19028-3 0  9995

2 41787  97.8179  71.7866 0028889 163.0083 197.2097 14.67517003505011

0 STARLINK-32839

1 63077U 25037A   26067.98046318  .00004664  00000-0  39841-3 0  9998

2 63077  70.0027 356.3321 0002558 267.8737  92.2129 14.98332673 58480

0 STARLINK-30808

1 58250U 23171W   26067.98045242  .00000936  00000-0  43551-4 0  9999

2 58250  43.0004 289.4126 0001901 261.3970  98.6666 15.27571677129623

