# Epoch (mjd);Azimuth (deg),Elevation (deg)
6.104372757618036121e+04;3.509228735229696667e+02;2.602125273489861712e+01
6.104372758763888851e+04;3.522803932898897301e+02;2.591407936740211682e+01
6.104372759776609018e+04;3.558530125602601970e+02;2.590849298503867004e+01
6.104372760790493339e+04;1.655288033299463724e+00;2.590075136069172856e+01
6.104372761824075133e+04;9.121876972214417734e+00;2.589186491888726849e+01
6.104372762943292037e+04;1.666654077805230116e+01;2.588434413739717854e+01
6.104372763988422230e+04;2.408073289805656358e+01;2.587845543305443741e+01
6.104372764982655644e+04;3.095160627757442029e+01;2.587446717512898786e+01
6.104372766156261787e+04;3.906493899244178891e+01;2.587157924138065113e+01
6.104372767245350406e+04;4.651391760351671678e+01;2.587078566403435076e+01
6.104372768312506378e+04;5.396218106620695920e+01;2.587171262925130577e+01
6.104372769405087456e+04;6.150770389402144644e+01;2.587453596033423864e+01
6.104372770414361730e+04;6.840039155057800713e+01;2.587868685055778784e+01
6.104372771481471136e+04;7.586353813926872647e+01;2.588462938307533179e+01
6.104372772561339661e+04;8.279102367655092110e+01;2.589177933478583782e+01
6.104372773575223982e+04;9.025546761299814591e+01;2.590045124531876652e+01
6.104372774722240865e+04;9.825939347285040526e+01;2.591134930178331075e+01
6.104372775728022680e+04;1.051298587294167959e+02;2.592178384445726635e+01
6.104372776887752116e+04;1.132297907450291916e+02;2.593467656618379991e+01
6.104372778004640713e+04;1.206978623367117081e+02;2.594752419811201349e+01
6.104372779046278447e+04;1.281656581156860284e+02;2.596065006011716392e+01
6.104372780160885304e+04;1.357279031698373046e+02;2.597427733296795793e+01
6.104372781218728051e+04;1.431921092241758799e+02;2.598768473950356395e+01
6.104372782211797312e+04;1.500517434090974689e+02;2.599979984856886617e+01
6.104372783328685910e+04;1.576172438691412196e+02;2.601271410319240474e+01
6.104372784384246916e+04;1.650781138633627165e+02;2.602478489544152396e+01
6.104372785546304658e+04;1.731265465236371028e+02;2.603689410843631080e+01
6.104372786640049890e+04;1.806936563900795818e+02;2.604712441034806503e+01
6.104372787753492594e+04;1.881471114556462396e+02;2.605589301561944282e+01
6.104372788877319545e+04;1.961756742900959694e+02;2.606385553167926261e+01
6.104372789907408878e+04;2.031148133494629917e+02;2.606930282227948226e+01
6.104372790922457352e+04;2.089672535862440554e+02;2.607280671382500259e+01
6.104372791878459975e+04;2.125386832742365470e+02;2.607451389452559454e+01
6.104372792871529236e+04;2.139006681125965486e+02;2.607503524945054352e+01
6.104372793958336115e+04;2.139118092867959717e+02;2.607507762792776873e+01
6.104372794972220436e+04;2.139120211702735901e+02;2.607515776751090542e+01
6.104372796113416553e+04;2.139120373683851142e+02;2.607496181364683352e+01
6.104372797245392576e+04;2.139121149692510926e+02;2.607522135531606011e+01
6.104372798255784437e+04;2.139120360003965686e+02;2.607501168435645766e+01
6.104372799435164779e+04;2.139120096516054446e+02;2.607501839893868834e+01
6.104372800413193181e+04;2.139120474556858085e+02;2.607500786708652285e+01
6.104372801436344162e+04;2.139120096561787534e+02;2.607501266673861195e+01
6.104372802466433495e+04;2.139120153762699772e+02;2.607502031174759693e+01
6.104372803581040353e+04;2.139120191967226958e+02;2.607501649168490943e+01
6.104372804593760520e+04;2.139121975033737613e+02;2.607495502903255513e+01
6.104372805656259879e+04;2.139120077415162484e+02;2.607502030891983225e+01
6.104372806620365009e+04;2.139120786303408579e+02;2.607499855178504689e+01
6.104372807651618496e+04;2.139120077340041348e+02;2.607502986254629462e+01
6.104372808685200289e+04;2.139120077506420614e+02;2.607500884452731427e+01
6.104372809712961316e+04;2.139120134677134217e+02;2.607502031099238238e+01
6.104372810790501535e+04;2.139121627932499052e+02;2.607496284069849324e+01
6.104372811872698367e+04;2.139120096473256751e+02;2.607502413103129157e+01
6.104372812949074432e+04;2.139121667784815770e+02;2.607496660100261110e+01
6.104372813855344430e+04;2.139120096534078073e+02;2.607501648810358574e+01
6.104372814899310470e+04;2.139120153765215662e+02;2.607502031165548217e+01
6.104372815931728110e+04;2.139120096504287289e+02;2.607502030954472616e+01
6.104372817040514201e+04;2.139120096474301818e+02;2.607502413099302885e+01
6.104372818133095279e+04;2.139121884080680900e+02;2.607495919291276110e+01
6.104372819193266332e+04;2.139120077417915411e+02;2.607502030881904176e+01
6.104372820228012279e+04;2.139120096535367566e+02;2.607501648805637018e+01
6.104372821303224191e+04;2.139121563287085053e+02;2.607497163760838532e+01
6.104372822312498465e+04;2.139120417224659434e+02;2.607501741846473564e+01
6.104372823335649446e+04;2.139120077433845779e+02;2.607501839806057120e+01
6.104372824450209737e+04;2.139120077418965593e+02;2.607502030878058363e+01
6.104372825495386496e+04;2.139120077419190977e+02;2.607502030877234489e+01
6.104372826493065804e+04;2.139121775118662754e+02;2.607495815132282857e+01
6.104372827559011057e+04;2.139120191972092471e+02;2.607501649150676926e+01
6.104372828527772799e+04;2.139120153752868418e+02;2.607502222228276523e+01
6.104372829651599750e+04;2.139120700925793130e+02;2.607499976751678972e+01
6.104372830747673288e+04;2.139120153783553917e+02;2.607501840080886168e+01
6.104372831936320290e+04;2.139122987506277411e+02;2.607490733219808376e+01
6.104372833071742207e+04;2.139120712747069319e+02;2.607500086806311046e+01
6.104372834244230762e+04;2.139120077390763583e+02;2.607502413016356613e+01
6.104372835275484249e+04;2.139120191958548673e+02;2.607501840217784661e+01
6.104372836399311200e+04;2.139120153814907610e+02;2.607501457931045508e+01
6.104372837431728840e+04;2.139120153800012076e+02;2.607501649003107147e+01
6.104372838541679084e+04;2.139120211046269162e+02;2.607501840285419092e+01
6.104372839583316818e+04;2.139120058380324565e+02;2.607501457578165471e+01
6.104372840613406152e+04;2.139120134713610639e+02;2.607501648930643512e+01
6.104372841725684702e+04;2.139120058380758280e+02;2.607501457576577764e+01
6.104372842609975487e+04;2.139120096524805206e+02;2.607501839861830462e+01
6.104372843721043319e+04;2.139120001029394302e+02;2.607502603801743035e+01
6.104372844753460959e+04;2.139120096449725850e+02;2.607502795224325709e+01
6.104372845857637003e+04;2.139122709323538061e+02;2.607492967789333704e+01
6.104372846870357171e+04;2.139121377965342674e+02;2.607497250382068188e+01
6.104372847938677296e+04;2.139120077453955275e+02;2.607501648714907816e+01
6.104372849127324298e+04;2.139120211018201303e+02;2.607502222423226002e+01
6.104372850173618644e+04;2.139120096526349641e+02;2.607501839856175607e+01
6.104372851209482178e+04;2.139120211048832516e+02;2.607501840276032468e+01
6.104372852244228125e+04;2.139120020133256048e+02;2.607502412792755919e+01
6.104372853327542543e+04;2.139121648766243595e+02;2.607495895709169531e+01
6.104372854314837605e+04;2.139120134746593180e+02;2.607501266774841753e+01
6.104372855429397896e+04;2.139120191977746117e+02;2.607501649129976684e+01
6.104372856474528089e+04;2.139120230136931298e+02;2.607501840342282051e+01
6.104372857424756512e+04;2.139120134716999075e+02;2.607501648918236725e+01
6.104372858459502459e+04;2.139120134671906897e+02;2.607502222135898151e+01
6.104372859653923661e+04;2.139120318351637309e+02;2.607501377458955005e+01
6.104372860694443807e+04;2.139120153744299273e+02;2.607502413277172693e+01
6.104372861811332405e+04;2.139120146583773021e+02;2.607501185753801209e+01
6.104372862915508449e+04;2.139120001048370057e+02;2.607502412714745788e+01
6.104372863884270191e+04;2.139120134703228473e+02;2.607501839986178283e+01
6.104372864854149520e+04;2.139120605497743952e+02;2.607499976375392592e+01
6.104372866030083969e+04;2.139120058370584445e+02;2.607501648631347635e+01
6.104372867068275809e+04;2.139120153775812412e+02;2.607502031126751518e+01
6.104372868103021756e+04;2.139120077382523561e+02;2.607502604064046636e+01
6.104372869215300307e+04;2.139120058341019330e+02;2.607502030774639579e+01
6.104372870291676372e+04;2.139121663332152536e+02;2.607496052237900486e+01
6.104372871377319098e+04;2.139120077458712217e+02;2.607501648697491348e+01
6.104372872328711674e+04;2.139120134689832184e+02;2.607502031052747071e+01
6.104372873458312824e+04;2.139120655524311303e+02;2.607499704420721898e+01
6.104372874488448724e+04;2.139120134720477893e+02;2.607501648905499891e+01
6.104372875483799726e+04;2.139121629683717174e+02;2.607495895622837523e+01
6.104372876618057489e+04;2.139122388535751895e+02;2.607494212240880671e+01
6.104372877593757585e+04;2.139341807443298080e+02;2.609006778055811537e+01
6.104372878354182467e+04;2.140840707617528835e+02;2.620581431594445476e+01
6.104372878945618868e+04;2.141947888888965394e+02;2.627338024538647332e+01
6.104372879533562809e+04;2.143050428005811625e+02;2.633747350958910260e+01
6.104372880109958351e+04;2.144133074389239937e+02;2.640049344320744851e+01
6.104372880699066445e+04;2.145241181822065073e+02;2.646463319640442080e+01
6.104372881289338693e+04;2.146355900185125165e+02;2.652884695081739252e+01
6.104372881870390847e+04;2.147458931429046913e+02;2.659222270091213858e+01
6.104372882458334789e+04;2.148576204979913200e+02;2.665615993282710505e+01
6.104372883046278730e+04;2.149703924055945947e+02;2.672046552563658040e+01
6.104372883621510118e+04;2.150805359745435794e+02;2.678311300373813353e+01
6.104372884210664779e+04;2.151942293185733206e+02;2.684749767117841301e+01
6.104372884798608720e+04;2.153081982705836310e+02;2.691189123209685263e+01
6.104372885384270921e+04;2.154219411301427840e+02;2.697585791381999698e+01
6.104372885958338156e+04;2.155339046079972150e+02;2.703872089412069357e+01
6.104372886563651264e+04;2.156494043418185527e+02;2.710322506311258195e+01
6.104372887134272605e+04;2.157645545213177343e+02;2.716737376362781831e+01
6.104372887732647359e+04;2.158826666062071808e+02;2.723298954396426552e+01
6.104372888314817101e+04;2.159979957892134621e+02;2.729673520825146227e+01
6.104372888902761042e+04;2.161134913073592543e+02;2.736031966296795304e+01
6.104372889486094937e+04;2.162314445593815719e+02;2.742523581581399839e+01
6.104372890083352104e+04;2.163514266246828868e+02;2.749086437556041673e+01
6.104372890671296045e+04;2.164696884779533548e+02;2.755534345440277733e+01
6.104372891247691587e+04;2.165863617689140312e+02;2.761870751719163763e+01
6.104372891849558800e+04;2.167085334821879030e+02;2.768481009885088540e+01
6.104372892437502742e+04;2.168282617107482793e+02;2.774944779544118489e+01
6.104372893016226590e+04;2.169463765676511002e+02;2.781292273703176932e+01
6.104372893611108884e+04;2.170685167988152955e+02;2.787836005430117936e+01
6.104372894211811945e+04;2.171927285002499275e+02;2.794459952361485477e+01
6.104372894796309993e+04;2.173136227277538524e+02;2.800882373526770053e+01
6.104372895376151428e+04;2.174342125386223756e+02;2.807272043197994194e+01
6.104372895979182795e+04;2.175599767585651421e+02;2.813899424365227375e+01
6.104372896563634276e+04;2.176826504643031512e+02;2.820349744593562491e+01
6.104372897148132324e+04;2.178053614334012593e+02;2.826770569368542141e+01
6.104372897732630372e+04;2.179292202774430507e+02;2.833227261198424429e+01
6.104372898312518373e+04;2.180520629409465982e+02;2.839606290716107040e+01
6.104372898906236514e+04;2.181783320775231232e+02;2.846141211137873483e+01
6.104372899489570409e+04;2.183030335237032205e+02;2.852569227427430931e+01
6.104372900077560917e+04;2.184292015861580296e+02;2.859050307955331860e+01
6.104372900656238198e+04;2.185538458162195354e+02;2.865427545022406619e+01
6.104372901237290353e+04;2.186796456663199137e+02;2.871828419813486377e+01
6.104372901840275154e+04;2.188106297886785399e+02;2.878478435418150738e+01
6.104372902425937355e+04;2.189379602453973916e+02;2.884918347630102176e+01
6.104372903008107096e+04;2.190657516420211834e+02;2.891354944073214384e+01
6.104372903584502637e+04;2.191924104198442365e+02;2.897701846647532875e+01
6.104372904173610732e+04;2.193225665356115144e+02;2.904203094189543677e+01
6.104372904765047133e+04;2.194534451072994727e+02;2.910710770831455818e+01
6.104372905358811840e+04;2.195839780131206851e+02;2.917179452790530547e+01
6.104372905944427475e+04;2.197162798005434183e+02;2.923707755617363802e+01
6.104372906538192183e+04;2.198493333821011504e+02;2.930244839997359918e+01
6.104372907127300277e+04;2.199820292306714578e+02;2.936728062674187356e+01
6.104372907702531666e+04;2.201118936918816757e+02;2.943059863655223651e+01
6.104372908304398879e+04;2.202485958186393020e+02;2.949691133436013857e+01
6.104372908869199455e+04;2.203771835484850783e+02;2.955898876819101773e+01
6.104372909484943375e+04;2.205177890269308705e+02;2.962665670666669371e+01
6.104372910072933882e+04;2.206530933858671517e+02;2.969147861138956301e+01
6.104372910648165271e+04;2.207855663262951680e+02;2.975464693247915449e+01
6.104372911246540025e+04;2.209240029961997323e+02;2.982039890436262652e+01
6.104372911847243086e+04;2.210634065416381304e+02;2.988634213893504921e+01
6.104372912434022874e+04;2.212005551255876981e+02;2.995077515356098985e+01
6.104372913017356768e+04;2.213371816983989220e+02;3.001487012225740258e+01
6.104372913593752310e+04;2.214726335474812799e+02;3.007804723726831142e+01
6.104372914193291217e+04;2.216140990084710722e+02;3.014372950033221343e+01
6.104372914775460958e+04;2.217521908358276050e+02;3.020759105534938271e+01
6.104372915365733206e+04;2.218926429690165776e+02;3.027224286976653644e+01
6.104372915942128748e+04;2.220301107969835641e+02;3.033523644542299280e+01
6.104372916543995962e+04;2.221743177714371313e+02;3.040102448450967287e+01
6.104372917128494009e+04;2.223149563476816866e+02;3.046484573806138840e+01
6.104372917711827904e+04;2.224557562984206243e+02;3.052851240376793385e+01
6.104372918295161799e+04;2.225976873584833697e+02;3.059233019690285715e+01
6.104372918880777434e+04;2.227404479048799715e+02;3.065630480315763151e+01
6.104372919468767941e+04;2.228838738294208781e+02;3.072018502062512368e+01
6.104372920046281070e+04;2.230254987858182858e+02;3.078307097882627730e+01
6.104372920644655824e+04;2.231731798877708570e+02;3.084823436718346557e+01
6.104372921223379672e+04;2.233166013520928459e+02;3.091125819764976868e+01
6.104372921811323613e+04;2.234620209717360524e+02;3.097488496494093368e+01
6.104372922387719154e+04;2.236061046771086183e+02;3.103755944413716605e+01
6.104372922990750521e+04;2.237572491639426460e+02;3.110301939539502314e+01
6.104372923567146063e+04;2.239016484084478407e+02;3.116529014954038956e+01
6.104372924167802557e+04;2.240534174414595441e+02;3.123037203881896673e+01
6.104372924758121371e+04;2.242027249631910308e+02;3.129411298523575624e+01
6.104372925334470347e+04;2.243493151221979929e+02;3.135629910369089757e+01
6.104372925936337560e+04;2.245027674069723957e+02;3.142118445420820549e+01
6.104372926511568949e+04;2.246503103902606142e+02;3.148314728333235735e+01
6.104372927112272009e+04;2.248048415973181875e+02;3.154782645266340069e+01
6.104372927692113444e+04;2.249542079481145151e+02;3.161000147832640295e+01
6.104372928278939798e+04;2.251063626368272992e+02;3.167294827780571964e+01
6.104372928868047893e+04;2.252597898666930689e+02;3.173612625156406253e+01
6.104372929443279281e+04;2.254101253973764472e+02;3.179771415524259481e+01
6.104372930041654035e+04;2.255659884326436782e+02;3.186126925988484970e+01
6.104372930631926283e+04;2.257218764529437749e+02;3.192449433300066275e+01
6.104372931216424331e+04;2.258765031264130982e+02;3.198683682247790117e+01
6.104372931798594072e+04;2.260308597629632459e+02;3.204876965689384605e+01
6.104372932379646227e+04;2.261854503794926643e+02;3.211042844665829676e+01
6.104372932966426015e+04;2.263420848950011930e+02;3.217260388196866217e+01
6.104372933546314016e+04;2.264976322269006062e+02;3.223398959345314552e+01
6.104372934146970510e+04;2.266591374081006904e+02;3.229735674546418522e+01
6.104372934729186818e+04;2.268142932644846610e+02;3.235795666670114201e+01
6.104372935322904959e+04;2.269776834503330463e+02;3.242140096515762338e+01
6.104372935908567160e+04;2.271366678712126941e+02;3.248281333630132650e+01
6.104372936500003561e+04;2.272960812431497004e+02;3.254393713903407814e+01
6.104372937076399103e+04;2.274567591881833550e+02;3.260527796395172828e+01
6.104372937666671351e+04;2.276190193189024740e+02;3.266693080440336416e+01
6.104372938270820305e+04;2.277862371161771193e+02;3.273002720342670813e+01
6.104372938857646659e+04;2.279489423746912848e+02;3.279107067559351663e+01
6.104372939434042200e+04;2.281092772816898844e+02;3.285087476937725626e+01
6.104372940035862848e+04;2.282774797624529981e+02;3.291326139416614183e+01
6.104372940627299249e+04;2.284434493851817933e+02;3.297442769840749577e+01
6.104372941202530637e+04;2.286054141893950202e+02;3.303375698935204241e+01
6.104372941803233698e+04;2.287750557745214621e+02;3.309558750720471920e+01
6.104372942380793393e+04;2.289388212953777213e+02;3.315488696721682516e+01
6.104372942965291440e+04;2.291053946697138599e+02;3.321482497036945603e+01
6.104372943552071229e+04;2.292729314346715057e+02;3.327477141301549324e+01
6.104372944140061736e+04;2.294410038767619255e+02;3.333452388500327856e+01
6.104372944726841524e+04;2.296102230212895847e+02;3.339430385134666324e+01
6.104372945309011266e+04;2.297784884750383583e+02;3.345342878227631900e+01
6.104372945892345160e+04;2.299474423449825053e+02;3.351237785955613191e+01
6.104372946469904855e+04;2.301152057047645485e+02;3.357055641010867930e+01
6.104372947057848796e+04;2.302869227182252416e+02;3.362975421538841658e+01
6.104372947647003457e+04;2.304594389162532480e+02;3.368878852213624242e+01
6.104372948248824105e+04;2.306364702688329942e+02;3.374909495155805672e+01
6.104372948834486306e+04;2.308088052128250922e+02;3.380734794291665679e+01
6.104372949418984354e+04;2.309787895642878084e+02;3.386439354647875177e+01
6.104372950003482401e+04;2.311558497299417070e+02;3.392348752765367692e+01
6.104372950587980449e+04;2.313298986011158433e+02;3.398116699793749262e+01
6.104372951168986037e+04;2.315040019142879260e+02;3.403847012239657488e+01
6.104372951754648238e+04;2.316799202958846422e+02;3.409596283972618380e+01
6.104372952336817980e+04;2.318553202640813424e+02;3.415298572124738286e+01
6.104372952921316028e+04;2.320317599995202329e+02;3.420989943170171443e+01
6.104372953521972522e+04;2.322140823192018502e+02;3.426830912795977468e+01
6.104372954106470570e+04;2.323920631367282112e+02;3.432489567177702838e+01
6.104372954687522724e+04;2.325695140461046435e+02;3.438100283440722649e+01
6.104372955270856619e+04;2.327484133689320629e+02;3.443708186802370363e+01
6.104372955863410607e+04;2.329302201491682922e+02;3.449374259941211562e+01
6.104372956447908655e+04;2.331111265077787777e+02;3.454970151864619510e+01
6.104372957028914243e+04;2.332910484098596839e+02;3.460499113094744672e+01
6.104372957618068904e+04;2.334737211423932024e+02;3.466065330390939181e+01
6.104372958197910339e+04;2.336547639234461258e+02;3.471545439302131086e+01
6.104372958785900846e+04;2.338385155472355166e+02;3.477064042563626600e+01
6.104372959361132234e+04;2.340190330201291999e+02;3.482447880854008559e+01
6.104372959949076176e+04;2.342041575958161275e+02;3.487925067513680943e+01
6.104372960552060977e+04;2.343950695568575213e+02;3.493530511268561156e+01
6.104372961138887331e+04;2.345809445576984444e+02;3.498950151462501879e+01
6.104372961724549532e+04;2.347670228566286994e+02;3.504333862826829460e+01
6.104372962305555120e+04;2.349524182827924221e+02;3.509649777861945097e+01
6.104372962893499061e+04;2.351406906845945457e+02;3.515012570331398223e+01
6.104372963482653722e+04;2.353295292386419533e+02;3.520351834153132842e+01
6.104372964061331004e+04;2.355161570812761056e+02;3.525584387880231674e+01
6.104372964636562392e+04;2.357020408971417282e+02;3.530753541841571064e+01
6.104372965239593759e+04;2.358966006872054209e+02;3.536121795517536981e+01
6.104372965825209394e+04;2.360877448455007368e+02;3.541350214422892861e+01
6.104372966413199902e+04;2.362792459181182494e+02;3.546551970315298519e+01
6.104372966994205490e+04;2.364697087789689078e+02;3.551673909841593968e+01
6.104372967572929338e+04;2.366597217078471260e+02;3.556747048176781334e+01
6.104372968145832419e+04;2.368486467340657384e+02;3.561743526644619351e+01
6.104372968759248033e+04;2.370509147421228988e+02;3.567056818901363613e+01
6.104372969340300187e+04;2.372435883841216366e+02;3.572065910717486759e+01
6.104372969924751669e+04;2.374380121887083419e+02;3.577079211729496677e+01
6.104372970513906330e+04;2.376341021255796591e+02;3.582093475534308880e+01
6.104372971093747765e+04;2.378283898176616731e+02;3.587013534281823013e+01
6.104372971681691706e+04;2.380248975247019132e+02;3.591953821472948505e+01
6.104372972260415554e+04;2.382200804108950081e+02;3.596811536854266933e+01
6.104372972841421142e+04;2.384161807063626668e+02;3.601649138253090143e+01
6.104372973427083343e+04;2.386142565088833578e+02;3.606494559328862692e+01
6.104372974024293944e+04;2.388168135547702491e+02;3.611396775215318655e+01
6.104372974615730345e+04;2.390176027045997955e+02;3.616215479337146377e+01
6.104372975189797580e+04;2.392141104204062856e+02;3.620885563824426612e+01
6.104372975781233981e+04;2.394165203875864734e+02;3.625649903053479761e+01
6.104372976372670382e+04;2.396194237204942965e+02;3.630380385972451762e+01
6.104372976952558383e+04;2.398191380688685683e+02;3.634995436793969503e+01
6.104372977557871491e+04;2.400281504933038832e+02;3.639767025764551533e+01
6.104372978145815432e+04;2.402272539894266572e+02;3.644271921729082209e+01
6.104372978721046820e+04;2.404313101002807400e+02;3.648848321749630230e+01
6.104372979309037328e+04;2.406357823576048247e+02;3.653386355401505625e+01
6.104372979899309576e+04;2.408421039687642633e+02;3.657919398893115215e+01
6.104372980502294376e+04;2.410528228142056548e+02;3.662499940789383146e+01
6.104372981077525765e+04;2.412546798468657983e+02;3.666837379514521444e+01
6.104372981674782932e+04;2.414649297825393148e+02;3.671311688076706758e+01
6.104372982260398567e+04;2.416712150372871690e+02;3.675652568149073574e+01
6.104372982835629955e+04;2.418745251005072419e+02;3.679886094960517795e+01
6.104372983436333016e+04;2.420882408589251327e+02;3.684284347311200492e+01
6.104372984012728557e+04;2.422930681441534375e+02;3.688461820582038797e+01
6.104372984618041664e+04;2.425088896338914992e+02;3.692804741887919562e+01
6.104372985194437206e+04;2.427147757516747788e+02;3.696907133586844907e+01
6.104372985789366066e+04;2.429278475607818848e+02;3.701098294978097414e+01
6.104372986378474161e+04;2.431365437206502236e+02;3.705157956159679600e+01
6.104372986975684762e+04;2.433546148926445483e+02;3.709355660472684235e+01
6.104372987560182810e+04;2.435656553902403232e+02;3.713363478459133660e+01
6.104372988142352551e+04;2.437763485753649491e+02;3.717322102827748864e+01
6.104372988726850599e+04;2.439881306866271302e+02;3.721250885456002777e+01
6.104372989307856187e+04;2.441997028850627771e+02;3.725124308521468208e+01
6.104372989890025929e+04;2.444117223033501602e+02;3.728965393962887731e+01
6.104372990473359823e+04;2.446246051842538805e+02;3.732768818403755517e+01
6.104372991060186177e+04;2.448387376332636620e+02;3.736548388047447133e+01
6.104372991640027612e+04;2.450523349751097157e+02;3.740270067357757711e+01
6.104372992226853967e+04;2.452679840174773460e+02;3.743977008728085565e+01
6.104372992811352015e+04;2.454834536361455264e+02;3.747632692141103661e+01
6.104372993399295956e+04;2.457009671044565948e+02;3.751276799163530740e+01
6.104372993983794004e+04;2.459173231492127911e+02;3.754850371742308113e+01
6.104372994571737945e+04;2.461352951327136225e+02;3.758401840703733399e+01
6.104372995158564299e+04;2.463531334565334987e+02;3.761902668280408335e+01
6.104372995743062347e+04;2.465674969043201941e+02;3.765294239986479852e+01
6.104372996327560395e+04;2.467895129453558241e+02;3.768762070561652422e+01
6.104372996914340183e+04;2.470090206181872077e+02;3.772142256781398828e+01
6.104372997504612431e+04;2.472302739300746168e+02;3.775492780601413756e+01
6.104372998093767092e+04;2.474514278737379129e+02;3.778793899905389253e+01
6.104372998684039339e+04;2.476738232255388823e+02;3.782062044592531436e+01
6.104372999276639894e+04;2.478968029548734933e+02;3.785290477362918438e+01
6.104372999863419682e+04;2.481191865427712457e+02;3.788453402221067279e+01
6.104373000450246036e+04;2.483409703301666980e+02;3.791566574772178200e+01
6.104373001024313271e+04;2.485585327282899186e+02;3.794566035591459752e+01
6.104373001613421366e+04;2.487824820274862816e+02;3.797604111174214836e+01
6.104373002216452733e+04;2.490117562083100893e+02;3.800661529243338776e+01
6.104373002796294168e+04;2.492327254207772853e+02;3.803559454585668931e+01
6.104373003379628062e+04;2.494562231427390770e+02;3.806434478882957251e+01
6.104373003967572004e+04;2.496803547677332915e+02;3.809273175519567189e+01
6.104373004546295851e+04;2.499025874718004445e+02;3.812033191496933426e+01
6.104373005125019699e+04;2.501247855047535893e+02;3.814746570766225631e+01
6.104373005711799487e+04;2.503503829437956369e+02;3.817448387825957923e+01
6.104373006313666701e+04;2.505821454826109402e+02;3.820173519155979847e+01
6.104373006897000596e+04;2.508075167200083513e+02;3.822768697039398944e+01
6.104373007484944537e+04;2.510341939703013452e+02;3.825329021438545851e+01
6.104373008068278432e+04;2.512600608982220933e+02;3.827827058377970815e+01
6.104373008651612327e+04;2.514864010629423774e+02;3.830282522763268815e+01
6.104373009237274528e+04;2.517131838051412558e+02;3.832689353636608587e+01
6.104373009810177609e+04;2.519361537569746474e+02;3.835008402691262575e+01
6.104373010406270623e+04;2.521683444264238005e+02;3.837367069211590831e+01
6.104373010989604518e+04;2.523954464016154873e+02;3.839624877940008219e+01
6.104373011569445953e+04;2.526219900232166253e+02;3.841822770752346372e+01
6.104373012156272307e+04;2.528512757299216105e+02;3.843996859938046384e+01
6.104373012745380402e+04;2.530819588698203688e+02;3.846132546343174141e+01
6.104373013334488496e+04;2.533122058434285577e+02;3.848210834587645479e+01
6.104373013910884038e+04;2.535384336147254771e+02;3.850201802882975244e+01
6.104373014499992132e+04;2.537702376718921187e+02;3.852190352488141656e+01
6.104373015091428533e+04;2.540024306383334647e+02;3.854132510686324764e+01
6.104373015684029087e+04;2.542360513659199626e+02;3.856028810119168782e+01
6.104373016273137182e+04;2.544676773331959794e+02;3.857856147511923695e+01
6.104373016862291843e+04;2.547000740815701647e+02;3.859637586578305957e+01
6.104373017446743324e+04;2.549314615460559708e+02;3.861358576370116680e+01
6.104373018024303019e+04;2.551590167775754878e+02;3.862998470924346606e+01
6.104373018628451973e+04;2.553984431996065894e+02;3.864672719479828800e+01
6.104373019215278327e+04;2.556309662496249189e+02;3.866244131598911338e+01
6.104373019800940529e+04;2.558624530944003936e+02;3.867757789150392256e+01
6.104373020387720317e+04;2.560957573398285945e+02;3.869225233409765963e+01
6.104373020965280011e+04;2.563249008332875292e+02;3.870616539766407982e+01
6.104373021563654765e+04;2.565629126057085045e+02;3.872007379146268846e+01
6.104373022149316967e+04;2.567963855594296092e+02;3.873319426854978786e+01
6.104373022731486708e+04;2.570278177833464497e+02;3.874569504818186516e+01
6.104373023310163990e+04;2.572579425998940224e+02;3.875759649872652801e+01
6.104373023909702897e+04;2.574972256922582119e+02;3.876940590914244922e+01
6.104373024487262592e+04;2.577279899358242119e+02;3.878027514238436169e+01
6.104373025084473193e+04;2.579662776088786700e+02;3.879097738300443154e+01
6.104373025667807087e+04;2.581993924075746918e+02;3.880092591549757941e+01
6.104373026254633442e+04;2.584320007239661550e+02;3.881030793230183917e+01
6.104373026844905689e+04;2.586700260071082198e+02;3.881936896154623184e+01
6.104373027427075431e+04;2.589000740030323868e+02;3.882769450623700180e+01
6.104373028010409325e+04;2.591362086471758630e+02;3.883551340650172534e+01
6.104373028590297326e+04;2.593683011643828991e+02;3.884276626030636237e+01
6.104373029188672081e+04;2.596082451119644361e+02;3.884972689121078560e+01
6.104373029766185209e+04;2.598395099755194337e+02;3.885590362850912527e+01
6.104373030355339870e+04;2.600757310524466561e+02;3.886168354520169999e+01
6.104373030939791352e+04;2.603105452023468160e+02;3.886689965649662781e+01
6.104373031532391906e+04;2.605477870158380824e+02;3.887162593112821440e+01
6.104373032118054107e+04;2.607830490018851037e+02;3.887579949780912614e+01
6.104373032705998048e+04;2.610185997190450848e+02;3.887940709779659443e+01
6.104373033292824402e+04;2.612536524922091417e+02;3.888250252783072369e+01
6.104373033865727484e+04;2.614842352354706918e+02;3.888500732171152663e+01
6.104373034455999732e+04;2.617213397179362460e+02;3.888705573249083614e+01
6.104373035045154393e+04;2.619581523800375180e+02;3.888856836885957335e+01
6.104373035634262487e+04;2.621943676526177569e+02;3.888953458194225732e+01
6.104373036210658029e+04;2.624257615862092052e+02;3.888996171834723725e+01
6.104373036817135289e+04;2.626633579746971918e+02;3.888983292496229893e+01
6.104373037395812571e+04;2.628982723061885736e+02;3.888926010087133278e+01
6.104373037990741432e+04;2.631409462852382148e+02;3.888799883206164765e+01
6.104373038576403633e+04;2.633760534027894096e+02;3.888626974083708632e+01
6.104373039165511727e+04;2.636122663708900973e+02;3.888401583252027649e+01
6.104373039755783975e+04;2.638491573902471146e+02;3.888121846438946250e+01
6.104373040342610329e+04;2.640844426572772363e+02;3.887788347950948520e+01
6.104373040927061811e+04;2.643188936979276491e+02;3.887405540872368448e+01
6.104373041511559859e+04;2.645536560993967328e+02;3.886967857771035284e+01
6.104373042096057907e+04;2.647878744231840074e+02;3.886477446694585325e+01
6.104373042672453448e+04;2.650189519386162260e+02;3.885944577364283958e+01
6.104373043263889849e+04;2.652560231386158875e+02;3.885342065748743323e+01
6.104373043854162097e+04;2.654925960262287390e+02;3.884687011464489359e+01
6.104373044438660145e+04;2.657264175775035824e+02;3.883988312796945053e+01
6.104373045023158193e+04;2.659601990480771860e+02;3.883235496493706052e+01
6.104373045600671321e+04;2.661908320472800256e+02;3.882440616074308082e+01
6.104373046196764335e+04;2.664286880638334765e+02;3.881567582989839593e+01
6.104373046774324030e+04;2.666599893658259361e+02;3.880665722352867419e+01
6.104373047373862937e+04;2.668992543228292220e+02;3.879678979183227483e+01
6.104373047949094325e+04;2.671291236566402745e+02;3.878680026440394357e+01
6.104373048538202420e+04;2.673641613053719084e+02;3.877603865422842233e+01
6.104373049116879702e+04;2.675946453611760489e+02;3.876498325241328047e+01
6.104373049712972715e+04;2.678318478795876558e+02;3.875304598402097156e+01
6.104373050291649997e+04;2.680621981052315732e+02;3.874093609100823699e+01
6.104373050870373845e+04;2.682922790752411402e+02;3.872833072766549378e+01
6.104373051457153633e+04;2.685253898021463783e+02;3.871502734102354282e+01
6.104373052053246647e+04;2.687618203705767996e+02;3.870098257138422326e+01
6.104373052636580542e+04;2.689930178460689376e+02;3.868675813098871430e+01
6.104373053226852790e+04;2.692272525229972757e+02;3.867178787164709064e+01
6.104373053814796731e+04;2.694599425630889300e+02;3.865640818664385137e+01
6.104373054394684732e+04;2.696892322972931311e+02;3.864072736584843426e+01
6.104373054974526167e+04;2.699181305371980102e+02;3.862457275646850263e+01
6.104373055579839274e+04;2.701570071194456659e+02;3.860712425268024361e+01
6.104373056153953075e+04;2.703828924571698735e+02;3.859014846232704343e+01
6.104373056745389476e+04;2.706161368897117541e+02;3.857208869552673747e+01
6.104373057337943465e+04;2.708493332661639101e+02;3.855348165227834301e+01
6.104373057932872325e+04;2.710831764849892807e+02;3.853428970257337483e+01
6.104373058523144573e+04;2.713140470918433493e+02;3.851480146596287568e+01
6.104373059098375961e+04;2.715401737746630033e+02;3.849524456798956606e+01
6.104373059700243175e+04;2.717758428476088284e+02;3.847427897944082531e+01
6.104373060278920457e+04;2.720019346472151369e+02;3.845370062411443257e+01
6.104373060861090198e+04;2.722286426476355814e+02;3.843250071798494361e+01
6.104373061454854906e+04;2.724607087001252808e+02;3.841033085000178460e+01
6.104373062046291307e+04;2.726909933971045916e+02;3.838779644845261885e+01
6.104373062633117661e+04;2.729190615474244623e+02;3.836494537087416035e+01
6.104373063215287402e+04;2.731428620413966541e+02;3.834201096497033490e+01
6.104373063800903037e+04;2.733721675430882101e+02;3.831799165661414008e+01
6.104373064388893545e+04;2.735995953381581103e+02;3.829370068811534367e+01
6.104373064966453239e+04;2.738227603484804717e+02;3.826928344239917834e+01
6.104373065553233027e+04;2.740494582400694412e+02;3.824401167028295845e+01
6.104373066143505275e+04;2.742764515849932536e+02;3.821817605968440290e+01
6.104373066723393276e+04;2.744999841654099555e+02;3.819226664490729206e+01
6.104373067314829677e+04;2.747268966091777997e+02;3.816541454887377682e+01
6.104373067893506959e+04;2.749489130190357287e+02;3.813867441085622545e+01
6.104373068489599973e+04;2.751773707720385005e+02;3.811063753009394617e+01
6.104373069067113101e+04;2.753975503281304213e+02;3.808309387820001746e+01
6.104373069671308622e+04;2.756237603042064848e+02;3.805426454129656832e+01
6.104373070252314210e+04;2.758495146200341992e+02;3.802501507980053219e+01
6.104373070831038058e+04;2.760693591635904340e+02;3.799602569443185018e+01
6.104373071431694552e+04;2.762976830588445409e+02;3.796540535404718497e+01
6.104373072017356753e+04;2.765194468931478582e+02;3.793517058604989955e+01
6.104373072598362342e+04;2.767389486845431747e+02;3.790471070253430241e+01
6.104373073189798743e+04;2.769617156348187450e+02;3.787333017126971413e+01
6.104373073769686744e+04;2.771801822954975023e+02;3.784201571449218449e+01
6.104373074363404885e+04;2.774036698376374375e+02;3.780951892917331492e+01
6.104373074943292886e+04;2.776205746914673682e+02;3.777745044150854881e+01
6.104373075524298474e+04;2.778383095426143541e+02;3.774484040161860321e+01
6.104373076109960675e+04;2.780569886269088329e+02;3.771156451944843013e+01
6.104373076703725383e+04;2.782786729648147457e+02;3.767730528014221392e+01
6.104373077284730971e+04;2.784943475507614039e+02;3.764351329437045734e+01
6.104373077881941572e+04;2.787166226214184235e+02;3.760814471344130538e+01
6.104373078465275466e+04;2.789324147328617300e+02;3.757332288114646701e+01
6.104373079050937667e+04;2.791490289925422985e+02;3.753788742725360805e+01
6.104373079628450796e+04;2.793617252605251906e+02;3.750263186635250889e+01
6.104373080231482163e+04;2.795832201017139482e+02;3.746539165331392240e+01
6.104373080813651904e+04;2.797951116632333992e+02;3.742929743471177773e+01
6.104373081401642412e+04;2.800128147337831024e+02;3.739172638700998164e+01
6.104373081991914660e+04;2.802287001653824063e+02;3.735398165302920859e+01
6.104373082581022754e+04;2.804436063518071478e+02;3.731592857326996437e+01
6.104373083166684955e+04;2.806561364815673869e+02;3.727779309164304777e+01
6.104373083751136437e+04;2.808687101524940317e+02;3.723915971955648274e+01
6.104373084327531978e+04;2.810775647073069763e+02;3.720077774224679956e+01
6.104373084915522486e+04;2.812894164571889632e+02;3.716130638179420487e+01
6.104373085506958887e+04;2.815027620054672184e+02;3.712111684200198880e+01
6.104373086099559441e+04;2.817158839055896919e+02;3.708046227084457769e+01
6.104373086696770042e+04;2.819295379165607187e+02;3.703927138006973507e+01
6.104373087275447324e+04;2.821366793797036507e+02;3.699880156046454260e+01
6.104373087871540338e+04;2.823492221772302742e+02;3.695682771452680271e+01
6.104373088453710079e+04;2.825567028002326992e+02;3.691538665990326962e+01
6.104373089046310633e+04;2.827629763413436876e+02;3.687366150133659914e+01
6.104373089633090422e+04;2.829743439250588608e+02;3.683056183110112158e+01
6.104373090217588469e+04;2.831810014548546519e+02;3.678789175377193033e+01
6.104373090793984011e+04;2.833841997568441116e+02;3.674548770963792066e+01
6.104373091387748718e+04;2.835924708618828163e+02;3.670154567991117034e+01
6.104373091983795166e+04;2.838011670774948243e+02;3.665701692616629259e+01
6.104373092564800754e+04;2.840038017841894202e+02;3.661330145614648757e+01
6.104373093142360449e+04;2.842053280802998643e+02;3.656945993763144287e+01
6.104373093733796850e+04;2.844106830178488963e+02;3.652427227518833064e+01
6.104373094324069098e+04;2.846148224038730064e+02;3.647886228280450638e+01
6.104373094901628792e+04;2.848145643675287033e+02;3.643404260224244950e+01
6.104373095484962687e+04;2.850159372396527715e+02;3.638837948205026862e+01
6.104373096078680828e+04;2.852198491188676144e+02;3.634168628069730289e+01
6.104373096664343029e+04;2.854203402477176041e+02;3.629530218358297589e+01
6.104373097250005230e+04;2.856206616005839578e+02;3.624857199543628639e+01
6.104373097831010818e+04;2.858183176247364372e+02;3.620194069342764465e+01
6.104373098422447219e+04;2.860192452687131208e+02;3.615414259022384869e+01
6.104373098997678608e+04;2.862137153567477412e+02;3.610738976078306450e+01
6.104373099591443315e+04;2.864144635607536316e+02;3.605879327303176041e+01
6.104373100195592269e+04;2.866180478992441749e+02;3.600893608134794022e+01
6.104373100766213611e+04;2.868095593192730917e+02;3.596167882576684605e+01
6.104373101357650012e+04;2.870073940573004734e+02;3.591235150572198620e+01
6.104373101961798966e+04;2.872068951046381926e+02;3.586216262547569045e+01
6.104373102534702048e+04;2.873996089754221543e+02;3.581332787250166660e+01
6.104373103128466755e+04;2.875961864099747913e+02;3.576298839852355371e+01
6.104373103706026450e+04;2.877873676683467465e+02;3.571364118162178869e+01
6.104373104305565357e+04;2.879851086669704046e+02;3.566217568712146857e+01
6.104373104880796745e+04;2.881740276453563183e+02;3.561253668375387349e+01
6.104373105480335653e+04;2.883704294232336451e+02;3.556049814912316975e+01
6.104373106059012935e+04;2.885588640163904302e+02;3.551015305187070226e+01
6.104373106653941795e+04;2.887525763726177388e+02;3.545797523406801588e+01
6.104373107249988243e+04;2.889463250708214446e+02;3.540540142068660145e+01
6.104373107832157984e+04;2.891348304770488653e+02;3.535381308413304424e+01
6.104373108424758539e+04;2.893255768413084752e+02;3.530110340623492249e+01
6.104373109020851552e+04;2.895174200776998532e+02;3.524772010806858447e+01
6.104373109613405541e+04;2.897053696189860261e+02;3.519459545755024266e+01
6.104373110194457695e+04;2.898923655794296792e+02;3.514208953728314100e+01
6.104373110770853236e+04;2.900758495516121229e+02;3.508980733261440577e+01
6.104373111366899684e+04;2.902646642660059229e+02;3.503555090478996448e+01
6.104373111972212791e+04;2.904564066209180737e+02;3.498002875861317307e+01
6.104373112554382533e+04;2.906393589121283298e+02;3.492667434319428565e+01
6.104373113133106381e+04;2.908202410952195578e+02;3.487310309753999604e+01
6.104373113732645288e+04;2.910075283761791525e+02;3.481804228224746112e+01
6.104373114305548370e+04;2.911865185780468437e+02;3.476429020917185397e+01
6.104373114894656464e+04;2.913711888895345510e+02;3.470916048301719314e+01
6.104373115481482819e+04;2.915515912820330868e+02;3.465411638284928131e+01
6.104373116078693420e+04;2.917374329713795760e+02;3.459784161853854556e+01
6.104373116662027314e+04;2.919169939904667217e+02;3.454271091192340037e+01
6.104373117245361209e+04;2.920956225744961898e+02;3.448741123043552648e+01
6.104373117833351716e+04;2.922755082310479793e+02;3.443135748380894512e+01
6.104373118413193151e+04;2.924512626969124653e+02;3.437621575131740315e+01
6.104373119008122012e+04;2.926327344584146317e+02;3.431884770518860961e+01
6.104373119596065953e+04;2.928108455160970607e+02;3.426216507042478554e+01
6.104373120172461495e+04;2.929845995096162028e+02;3.420649552593301479e+01
6.104373120769672096e+04;2.931638667088992634e+02;3.414862686134308944e+01
6.104373121347231790e+04;2.933369692489048930e+02;3.409241214836036704e+01
6.104373121950216591e+04;2.935171562710915509e+02;3.403349246622966007e+01
6.104373122526612133e+04;2.936882191167441079e+02;3.397716649388288346e+01
6.104373123120376840e+04;2.938638111636090002e+02;3.391896000354577012e+01
6.104373123700218275e+04;2.940353897887321750e+02;3.386176516445101470e+01
6.104373124300921336e+04;2.942121914699460490e+02;3.380237159993290419e+01
6.104373124884255230e+04;2.943830424214141317e+02;3.374463938580579025e+01
6.104373125465260819e+04;2.945530605498772161e+02;3.368682500350772813e+01
6.104373126064799726e+04;2.947276229488958279e+02;3.362706890194148457e+01
6.104373126643523574e+04;2.948947063401409423e+02;3.356948637691008486e+01
6.104373127239570022e+04;2.950673542594703918e+02;3.350962011820375608e+01
6.104373127817129716e+04;2.952339039182880924e+02;3.345152984585033096e+01
6.104373128413176164e+04;2.954048527093555094e+02;3.339146177413726946e+01
6.104373128990735859e+04;2.955697597650893726e+02;3.333321577171545869e+01
6.104373129593767226e+04;2.957370164067970109e+02;3.327373092651399844e+01
6.104373130170116201e+04;2.959051753197285848e+02;3.321362481652587917e+01
6.104373130761552602e+04;2.960721144581352746e+02;3.315353104681437202e+01
6.104373131337948143e+04;2.962346594685135983e+02;3.309472762946662527e+01
6.104373131932877004e+04;2.964014356384287225e+02;3.303394090660922444e+01
6.104373132525477558e+04;2.965671430530576913e+02;3.297331691019085298e+01
6.104373133100708947e+04;2.967274823377436519e+02;3.291425460468881425e+01
6.104373133697919548e+04;2.968934438693153197e+02;3.285274656056314058e+01
6.104373134271986783e+04;2.970523139319219013e+02;3.279350693403755912e+01
6.104373134871525690e+04;2.972176193392965615e+02;3.273155829066117661e+01
6.104373135451367125e+04;2.973765859511868825e+02;3.267157469957224691e+01
6.104373136035865173e+04;2.975366115793218569e+02;3.261095194305644185e+01
6.104373136622691527e+04;2.976964679907213167e+02;3.254997094015533321e+01
6.104373137211799622e+04;2.978564070896429143e+02;3.248863794695908780e+01
6.104373137785866857e+04;2.980117389515769446e+02;3.242875720425402619e+01
6.104373138373857364e+04;2.981696165663817624e+02;3.236752332406170041e+01
6.104373138974513859e+04;2.983314050483688789e+02;3.230445456893281886e+01
6.104373139550909400e+04;2.984856122056669392e+02;3.224396046163350604e+01
6.104373140141181648e+04;2.986429144442108168e+02;3.218201771737017225e+01
6.104373140733782202e+04;2.987995517181564651e+02;3.211985604502589098e+01
6.104373141328711063e+04;2.989561644870363466e+02;3.205750807324683649e+01
6.104373141906270757e+04;2.991093613050421141e+02;3.199615428683166130e+01
6.104373142496543005e+04;2.992642718978462995e+02;3.193376799427632307e+01
6.104373143079876900e+04;2.994168099180914737e+02;3.187204142562035969e+01
6.104373143662046641e+04;2.995684621486831816e+02;3.181029496429377801e+01
6.104373144256928936e+04;2.997228584406348091e+02;3.174713860992750725e+01
6.104373144833324477e+04;2.998718473520802945e+02;3.168588487239763651e+01
6.104373145427089185e+04;3.000246096302543606e+02;3.162275438608198286e+01
6.104373146015033126e+04;3.001753579003407708e+02;3.156018944774961454e+01
6.104373146597202867e+04;3.003243283635578109e+02;3.149800821448264898e+01
6.104373147187521681e+04;3.004744032454523790e+02;3.143498714949535255e+01
6.104373147767363116e+04;3.006213433043953387e+02;3.137300917941593781e+01
6.104373148358799517e+04;3.007706384683946226e+02;3.130974609523082464e+01
6.104373148940969259e+04;3.009170961272509430e+02;3.124736707626086485e+01
6.104373149524303153e+04;3.010633926628933068e+02;3.118475588111995833e+01
6.104373150113411248e+04;3.012103591776567555e+02;3.112155675976221758e+01
6.104373150692135096e+04;3.013527609929911364e+02;3.105998542488519831e+01
6.104373151277797297e+04;3.014991730008962350e+02;3.099643256508770506e+01
6.104373151866905391e+04;3.016447869719486903e+02;3.093290895627892212e+01
6.104373152471054345e+04;3.017918827241273902e+02;3.086846044949889389e+01
6.104373153048614040e+04;3.019347081895750193e+02;3.080553239040261815e+01
6.104373153630783781e+04;3.020767204045692438e+02;3.074265182604387192e+01
6.104373154221056029e+04;3.022201117837412312e+02;3.067890608569058131e+01
6.104373154806718230e+04;3.023614359492604535e+02;3.061575185797194365e+01
6.104373155380785465e+04;3.025000146471955418e+02;3.055362106242739273e+01
6.104373155969893560e+04;3.026416877591245793e+02;3.048975873794151781e+01
6.104373156567150727e+04;3.027844654259001231e+02;3.042509185867825749e+01
6.104373157152766362e+04;3.029241543701182309e+02;3.036152064408105744e+01
6.104373157741921023e+04;3.030637205679294652e+02;3.029777735311030185e+01
6.104373158322926611e+04;3.032012043549294162e+02;3.023462945442127747e+01
6.104373158912034705e+04;3.033399453333731799e+02;3.017066718043833617e+01
6.104373159501142800e+04;3.034778391396434927e+02;3.010679387126121398e+01
6.104373160091415048e+04;3.036160370958707517e+02;3.004252329460397064e+01
6.104373160670138896e+04;3.037507651303953367e+02;2.997949236441352738e+01
6.104373161268513650e+04;3.038890910507495278e+02;2.991463056306459833e+01
6.104373161853011698e+04;3.040243741343649617e+02;2.985086918360988761e+01
6.104373162432853132e+04;3.041573844701554208e+02;2.978787930212903845e+01
6.104373163027781993e+04;3.042937027242330714e+02;2.972307717445373498e+01
6.104373163608787581e+04;3.044263684352389987e+02;2.965973376858290322e+01
6.104373164192121476e+04;3.045589494337620522e+02;2.959613608486360903e+01
6.104373164780111983e+04;3.046922311542713828e+02;2.953200098544065000e+01
6.104373165359953418e+04;3.048230647936389914e+02;2.946870743789371971e+01
6.104373165953718126e+04;3.049564364091981474e+02;2.940398689989470071e+01
6.104373166550928727e+04;3.050899595456627367e+02;2.933885118979113926e+01
6.104373167145811021e+04;3.052225978334175807e+02;2.927398790187763922e+01
6.104373167722206563e+04;3.053506305113521080e+02;2.921094897967545023e+01
6.104373168309032917e+04;3.054800197121548422e+02;2.914713078589933559e+01
6.104373168888874352e+04;3.056079368772990961e+02;2.908377423021467223e+01
6.104373169478029013e+04;3.057370270831731887e+02;2.901948971079659856e+01
6.104373170063644648e+04;3.058635913898371541e+02;2.895623494858998015e+01
6.104373170650471002e+04;3.059926213724886566e+02;2.889157550508896932e+01
6.104373171243071556e+04;3.061211071217497874e+02;2.882679805984232502e+01
6.104373171846056357e+04;3.062513913231997549e+02;2.876092435868683239e+01
6.104373172425944358e+04;3.063760262289368370e+02;2.869766781732266026e+01
6.104373173012724146e+04;3.065018343691182849e+02;2.863356447117071824e+01
6.104373173586791381e+04;3.066242724023713890e+02;2.857088034925664033e+01
6.104373174190986902e+04;3.067525947922155183e+02;2.850503339665396751e+01
6.104373174766218290e+04;3.068743454491054763e+02;2.844222175311361411e+01
6.104373175361100584e+04;3.069997849604348517e+02;2.837731328397221020e+01
6.104373175950208679e+04;3.071233181092625273e+02;2.831313947034995593e+01
6.104373176526604220e+04;3.072440607838930191e+02;2.825021005135700491e+01
6.104373177118040621e+04;3.073671505080077964e+02;2.818578218388925549e+01
6.104373177712969482e+04;3.074908722840608561e+02;2.812079497423715324e+01
6.104373178296303377e+04;3.076107483991608547e+02;2.805755395605867974e+01
6.104373178888903931e+04;3.077330162412711729e+02;2.799288819616840840e+01
6.104373179469909519e+04;3.078520862320339120e+02;2.792957204416000039e+01
6.104373180068284273e+04;3.079745553900013419e+02;2.786430084245241900e+01
6.104373180651618168e+04;3.080932278908745161e+02;2.780078021319758363e+01
6.104373181237280369e+04;3.082119378570608887e+02;2.773698976271614214e+01
6.104373181819450110e+04;3.083290999306782965e+02;2.767381875587676276e+01
6.104373182414332405e+04;3.084488911461655789e+02;2.760902644029087583e+01
6.104373183003487065e+04;3.085670734052755506e+02;2.754484411779600350e+01
6.104373183586820960e+04;3.086832887177316138e+02;2.748158193535521576e+01
6.104373184165498242e+04;3.087980474095127192e+02;2.741879003229438894e+01
6.104373184771975502e+04;3.089184231665407196e+02;2.735276663762177662e+01
6.104373185358801857e+04;3.090339657745707882e+02;2.728909181142265084e+01
6.104373185947909951e+04;3.091494697708009198e+02;2.722524662507121818e+01
6.104373186526633799e+04;3.092626637994499106e+02;2.716248652268171071e+01
6.104373187122680247e+04;3.093788374354410848e+02;2.709784074794395536e+01
6.104373187704849988e+04;3.094916417072378181e+02;2.703489141472178403e+01
6.104373188295122236e+04;3.096041559190351791e+02;2.697182786158668222e+01
6.104373188879620284e+04;3.097179801110280550e+02;2.690783437735331063e+01
6.104373189469892532e+04;3.098311789603885131e+02;2.684395079358388614e+01
6.104373190045123920e+04;3.099409323197584172e+02;2.678184025780180022e+01
6.104373190644662827e+04;3.100553420818232553e+02;2.671689905580593560e+01
6.104373191227996722e+04;3.101656507954787685e+02;2.665405688328948841e+01
6.104373191815987229e+04;3.102765077926118238e+02;2.659071083893651277e+01
6.104373192401602864e+04;3.103864952166803164e+02;2.652756082765167989e+01
6.104373192982655019e+04;3.104950920219434352e+02;2.646509074699930153e+01
6.104373193571763113e+04;3.106052951022900857e+02;2.640144893682655791e+01
6.104373194159707054e+04;3.107144047541413556e+02;2.633828972527746259e+01
6.104373194736102596e+04;3.108210749355889106e+02;2.627629425151178211e+01
6.104373195340298116e+04;3.109325386463407312e+02;2.621136453222120366e+01
6.104373195915529504e+04;3.110381712810585668e+02;2.614954206395129432e+01
6.104373196393530816e+04;3.110472844239964161e+02;2.614388253174863053e+01
6.104373258982645348e+04;3.110551527710638311e+02;2.614148311544629877e+01
6.104373260162025690e+04;3.123818081390098200e+02;2.584080138373976254e+01
6.104373261238448322e+04;3.163193010698969374e+02;2.583365125335003754e+01
6.104373262317106128e+04;3.228401713468562093e+02;2.582193802004634264e+01
6.104373263396974653e+04;3.302968298602041273e+02;2.580880248069634675e+01
6.104373264498822391e+04;3.378538914761912224e+02;2.579574084020692837e+01
6.104373265649285167e+04;3.458653868880468849e+02;2.578284641369894103e+01
6.104373266727989540e+04;3.533257691590192167e+02;2.577138436198791993e+01
6.104373267666669562e+04;3.597030312364984184e+02;2.576252508753340820e+01
6.104373268729168922e+04;7.162734058379527369e+00;2.575359647778211070e+01
6.104373269693274051e+04;1.345605330234436359e+01;2.574653413022871362e+01
6.104373270635399967e+04;2.034018787629110392e+01;2.574075440552925897e+01
6.104373271647002548e+04;2.731935582466395118e+01;2.573614572670049938e+01
6.104373272600676864e+04;3.360159456819871338e+01;2.573257266997933357e+01
6.104373273613443598e+04;4.047326461948322418e+01;2.573104459152230916e+01
6.104373274638876319e+04;4.800389996958239891e+01;2.573001790321560378e+01
6.104373275636555627e+04;5.489900919687973158e+01;2.573152453857699129e+01
6.104373276651604101e+04;6.180298478608173696e+01;2.573421671124904009e+01
6.104373277729144320e+04;6.931330423943015262e+01;2.573868666913645953e+01
6.104373278680536896e+04;7.562379489830205159e+01;2.574382697178917567e+01
6.104373279631929472e+04;8.250923462127259711e+01;2.575077718357738732e+01
6.104373280579876155e+04;8.882954753796764180e+01;2.575819425036230825e+01
6.104373281594924629e+04;9.579847439850647106e+01;2.576730111927762223e+01
6.104373282637726516e+04;1.017047859761556907e+02;2.577575894362276543e+01
6.104373283634241670e+04;1.048231365072815606e+02;2.578047163351527260e+01
6.104373284739581868e+04;1.057213750723342400e+02;2.578200803579769129e+01
6.104373285650461912e+04;1.057238767771247865e+02;2.578191450662610862e+01
6.104373286864580587e+04;1.057235107113696984e+02;2.578191202244492430e+01
6.104373287918977439e+04;1.057240004033530312e+02;2.578193798827576799e+01
6.104373288802104071e+04;1.057239210880425873e+02;2.578200750503471994e+01
6.104373289827536792e+04;1.057239378242154402e+02;2.578189931633253096e+01
6.104373290706006810e+04;1.057239718773683705e+02;2.578188104317399620e+01
6.104373291591415182e+04;1.057240135865290966e+02;2.578191128288734646e+01
6.104373292622668669e+04;1.057239683389429956e+02;2.578189554267649086e+01
6.104373293650476262e+04;1.057239683610378194e+02;2.578188598898842443e+01
6.104373294526617974e+04;1.057239683610523002e+02;2.578188598899959771e+01
6.104373295572912320e+04;1.057239683566532591e+02;2.578188789975257222e+01
6.104373296600673348e+04;1.057239683522549996e+02;2.578188981050612583e+01
6.104373297555558383e+04;1.057239683478553900e+02;2.578189172125869533e+01
6.104373298435192555e+04;1.057239857059308576e+02;2.578190318856765018e+01
6.104373299474548548e+04;1.057239683567189985e+02;2.578188789980324458e+01
6.104373300350690261e+04;1.057239683699784933e+02;2.578188216759238571e+01
6.104373301462968811e+04;1.057239683390895806e+02;2.578189554278948137e+01
6.104373302502324805e+04;1.057239683479384951e+02;2.578189172132276141e+01
6.104373303538188338e+04;1.057239683612017132e+02;2.578188598911476603e+01
6.104373304643528536e+04;1.057239683479739654e+02;2.578189172135011376e+01
6.104373305674782023e+04;1.057239683479900663e+02;2.578189172136251628e+01
6.104373306785896420e+04;1.057241701763628328e+02;2.578203774123586456e+01
6.104373307753494009e+04;1.057239683391938740e+02;2.578189554286989704e+01
6.104373308803234249e+04;1.057240440617682395e+02;2.578192470607316622e+01
6.104373309835651889e+04;1.057239683657216034e+02;2.578188407845494012e+01
6.104373310834495351e+04;1.057241179533894098e+02;2.578200705302174356e+01
6.104373311740718782e+04;1.057239683392610772e+02;2.578189554292169561e+01
6.104373312781238928e+04;1.057239683613549914e+02;2.578188598923294705e+01
6.104373313744226471e+04;1.057239996966466578e+02;2.578191588824289227e+01
6.104373314847238362e+04;1.057239683481421650e+02;2.578189172147976294e+01
6.104373315895814449e+04;1.057240065541721634e+02;2.578192117475175849e+01
6.104373317038174719e+04;1.057240622582411333e+02;2.578196220319960830e+01
6.104373318050941452e+04;1.057240275597739156e+02;2.578193162566535079e+01
6.104373318986129016e+04;1.057239683526272529e+02;2.578188981079309627e+01
6.104373319950234145e+04;1.057239683482267907e+02;2.578189172154500142e+01
6.104373321138881147e+04;1.057239683703232203e+02;2.578188216785812870e+01
6.104373322251159698e+04;1.057239683526803447e+02;2.578188981083401643e+01
6.104373323234962299e+04;1.057240587552100095e+02;2.578196141683715581e+01
6.104373324127309024e+04;1.057240831372297691e+02;2.578196681406392088e+01
6.104373325043963268e+04;1.057239683659748550e+02;2.578188407865017950e+01
6.104373326074052602e+04;1.057239683394998622e+02;2.578189554310579013e+01
6.104373327285889536e+04;1.057239962025682587e+02;2.578191128049194702e+01
6.104373328230343759e+04;1.057239683439508866e+02;2.578189363239289378e+01
6.104373329189792275e+04;1.057239892139920983e+02;2.578190206466627998e+01
6.104373330217599869e+04;1.057239683483980741e+02;2.578189172167705223e+01
6.104373331340262666e+04;1.057239683704945463e+02;2.578188216799020438e+01
6.104373332449095324e+04;1.057239683484351076e+02;2.578189172170559829e+01
6.104373333496507257e+04;1.057240170506252923e+02;2.578192926653140304e+01
6.104373334508109838e+04;1.057241423004905698e+02;2.578202773645999102e+01
6.104373335397010669e+04;1.057239683396544194e+02;2.578189554322493038e+01
6.104373336534714326e+04;1.057240448960783255e+02;2.578195264689825095e+01
6.104373337553255260e+04;1.057239683396901455e+02;2.578189554325247457e+01
6.104373338508093730e+04;1.057239683441213032e+02;2.578189363252427313e+01
6.104373339535901323e+04;1.057239683529691092e+02;2.578188981105663302e+01
6.104373340570600703e+04;1.057239683618158494e+02;2.578188598958821842e+01
6.104373341537034139e+04;1.057239683530012258e+02;2.578188981108138833e+01
6.104373342608800158e+04;1.057240971015268940e+02;2.578199097821704910e+01
6.104373343678237870e+04;1.057239683574530602e+02;2.578188790036914213e+01
6.104373344803228974e+04;1.057239683442257530e+02;2.578189363260478473e+01
6.104373345678253099e+04;1.057239683486544379e+02;2.578189172187468614e+01
6.104373346784710884e+04;1.057239683486738784e+02;2.578189172188967149e+01
6.104373347925907001e+04;1.057240170376209250e+02;2.578193499893792762e+01
6.104373348809033632e+04;1.057240344089481852e+02;2.578194073402164221e+01
6.104373349819425493e+04;1.057239892099189689e+02;2.578190397567037095e+01
6.104373350844904780e+04;1.057239683619872750e+02;2.578188598972037227e+01
6.104373351976834238e+04;1.057239995485037554e+02;2.578191960232658886e+01
6.104373353077564389e+04;1.057239683620232285e+02;2.578188598974808698e+01
6.104373354032402858e+04;1.057239683532083916e+02;2.578188981124109702e+01
6.104373355074087158e+04;1.057239683576420646e+02;2.578188790051484602e+01
6.104373355949064717e+04;1.057239683620709201e+02;2.578188598978485757e+01
6.104373356908559799e+04;1.057239962163058493e+02;2.578190554865023998e+01
6.104373358012735844e+04;1.057239683532776127e+02;2.578188981129446233e+01
6.104373358980333433e+04;1.057239683532926335e+02;2.578188981130604773e+01
6.104373359946766868e+04;1.057240066992699212e+02;2.578191937246452170e+01
6.104373360959487036e+04;1.057241770259387437e+02;2.578204684988867257e+01
6.104373361972207204e+04;1.057240725931332292e+02;2.578197974114182855e+01
6.104373363116895780e+04;1.057241701773001381e+02;2.578203774195844389e+01
6.104373364158580080e+04;1.057239683577937939e+02;2.578188790063181557e+01
6.104373365111090243e+04;1.057239683489788717e+02;2.578189172212478653e+01
6.104373366158548743e+04;1.057239683313359109e+02;2.578189936510060321e+01
6.104373366949055344e+04;1.057239683490093398e+02;2.578189172214828773e+01
6.104373367981472984e+04;1.057239683490264639e+02;2.578189172216148606e+01
6.104373369107628241e+04;1.057239683446308618e+02;2.578189363291710023e+01
6.104373370134271681e+04;1.057239683667235965e+02;2.578188407922737824e+01
6.104373371010413393e+04;1.057239683534920971e+02;2.578188981145981273e+01
6.104373372043995187e+04;1.057239683446785534e+02;2.578189363295385306e+01
6.104373373008100316e+04;1.057239683491108906e+02;2.578189172222656111e+01
6.104373373886570334e+04;1.057239683623704281e+02;2.578188599001575199e+01
6.104373374914331362e+04;1.057239683314800658e+02;2.578189936521173209e+01
6.104373375878483057e+04;1.057239988594221529e+02;2.578188985931017996e+01
6.104373376673599705e+04;1.057239683535860308e+02;2.578188981153222770e+01
6.104373377704853192e+04;1.057239683580184106e+02;2.578188790080496062e+01
6.104373378734942526e+04;1.057239683580365721e+02;2.578188790081897963e+01
6.104373379620350897e+04;1.057239683536359536e+02;2.578188981157071069e+01
6.104373380729183555e+04;1.057239683492378646e+02;2.578189172232444193e+01
6.104373381760437042e+04;1.057239683536704007e+02;2.578188981159726367e+01
6.104373382793972269e+04;1.057239683536885195e+02;2.578188981161124360e+01
6.104373383834492415e+04;1.057239683625364961e+02;2.578188599014377047e+01
6.104373384787049145e+04;1.057239683625512612e+02;2.578188599015514626e+01
6.104373385817138478e+04;1.057239683537386838e+02;2.578188981164991489e+01
6.104373386788181961e+04;1.057239587090948447e+02;2.578190201761769984e+01
6.104373387802066281e+04;1.057241665302069862e+02;2.578203875868435091e+01
6.104373388693295419e+04;1.057239683626159774e+02;2.578188599020504057e+01
6.104373389800917357e+04;1.057239378435410373e+02;2.578189167465387754e+01
6.104373390844929963e+04;1.057239683670691903e+02;2.578188407949380334e+01
6.104373391888896003e+04;1.057239683494250357e+02;2.578189172246873895e+01
6.104373393000010401e+04;1.057239683494434956e+02;2.578189172248296401e+01
6.104373393884254619e+04;1.057239683406274935e+02;2.578189554397508942e+01
6.104373394891200587e+04;1.057241318229770570e+02;2.578201200272388860e+01
6.104373395950254053e+04;1.057239378348113377e+02;2.578189549621252397e+01
6.104373396990727633e+04;1.057239683627546185e+02;2.578188599031192751e+01
6.104373398103006184e+04;1.057239683539435475e+02;2.578188981180783301e+01
6.104373399212956429e+04;1.057239683539619364e+02;2.578188981182201545e+01
6.104373400246538222e+04;1.057239683539779662e+02;2.578188981183437178e+01
6.104373401347221807e+04;1.057241423060159065e+02;2.578202582657648279e+01
6.104373402395844460e+04;1.057239683495982376e+02;2.578189172260226414e+01
6.104373403373826295e+04;1.057240309023062537e+02;2.578194185901844193e+01
6.104373404396977276e+04;1.057239683496324716e+02;2.578189172262865370e+01
6.104373405432887375e+04;1.057239683408190274e+02;2.578189554412273310e+01
6.104373406461812556e+04;1.057239683496667055e+02;2.578189172265504681e+01
6.104373407586803660e+04;1.057239683408547677e+02;2.578189554415028795e+01
6.104373408559011295e+04;1.057240203929857927e+02;2.578193949975265298e+01
6.104373409572895616e+04;1.057239683629643565e+02;2.578188599047360796e+01
6.104373410607641563e+04;1.057239683497343634e+02;2.578189172270720775e+01
6.104373411596054211e+04;1.057240344144073276e+02;2.578193882408638515e+01
6.104373412525467575e+04;1.057239988688616421e+02;2.578188603829871539e+01
6.104373413501167670e+04;1.057240344100241884e+02;2.578194073485113336e+01
6.104373414524318650e+04;1.057239683409686961e+02;2.578189554423811813e+01
6.104373415554407984e+04;1.057239378572142385e+02;2.578188594276193868e+01
6.104373416587943211e+04;1.057239683630796350e+02;2.578188599056247199e+01
6.104373417620360851e+04;1.057239683675121853e+02;2.578188407983530439e+01
6.104373418745351955e+04;1.057239683542847359e+02;2.578188981207087238e+01
6.104373419699072838e+04;1.057239926921394328e+02;2.578191431671243450e+01
6.104373420645855367e+04;1.057239683499018525e+02;2.578189172283633113e+01
6.104373421768518165e+04;1.057239683675830832e+02;2.578188407988997000e+01
6.104373422800935805e+04;1.057239683499387297e+02;2.578189172286475284e+01
6.104373423881921917e+04;1.057241248039417343e+02;2.578201616243183025e+01
6.104373424785863608e+04;1.057239683499705620e+02;2.578189172288929498e+01
6.104373425828712061e+04;1.057239683632349738e+02;2.578188599068222331e+01
6.104373426856473088e+04;1.057239683544213875e+02;2.578188981217621034e+01
6.104373427811358124e+04;1.057239683544372184e+02;2.578188981218841036e+01
6.104373428856488317e+04;1.057239683544545414e+02;2.578188981220176856e+01
6.104373429826367646e+04;1.057240344147106725e+02;2.578193882432023543e+01
6.104373430842580274e+04;1.057239683721488603e+02;2.578188216926552556e+01
6.104373431732645258e+04;1.057240170522596685e+02;2.578192926779135163e+01
6.104373432758124545e+04;1.057239683545192293e+02;2.578188981225164156e+01
6.104373433633102104e+04;1.057239683545337385e+02;2.578188981226282195e+01
6.104373434664355591e+04;1.057239683457201664e+02;2.578189363375684806e+01
6.104373435649322346e+04;1.057240205510445463e+02;2.578193196502564533e+01
6.104373436738410965e+04;1.057239988736806566e+02;2.578188412786946415e+01
6.104373437693296000e+04;1.057239683634317657e+02;2.578188599083393484e+01
6.104373438718728721e+04;1.057239683413720286e+02;2.578189554454905519e+01
6.104373439767351374e+04;1.057239683502201046e+02;2.578189172308166732e+01
6.104373440798604861e+04;1.057239683502371577e+02;2.578189172309482302e+01
6.104373441827530041e+04;1.057239683502542817e+02;2.578189172310801780e+01
6.104373442873824388e+04;1.057239683546870026e+02;2.578188981238097455e+01
6.104373443826381117e+04;1.057239683591180608e+02;2.578188790165269495e+01
6.104373444861127064e+04;1.057239683635505969e+02;2.578188599092554867e+01
6.104373445812519640e+04;1.057239683503203338e+02;2.578189172315892819e+01
6.104373446858813986e+04;1.057239683503377137e+02;2.578189172317232902e+01
6.104373447806714103e+04;1.057239683680148374e+02;2.578188408022280242e+01
6.104373448837967589e+04;1.057239683415398162e+02;2.578189554467840239e+01
6.104373449827544391e+04;1.057240344327013588e+02;2.578193118161425801e+01
6.104373450843757018e+04;1.057239823585242249e+02;2.578189677974214078e+01
6.104373451788211241e+04;1.057239683592500938e+02;2.578188790175448375e+01
6.104373452899325639e+04;1.057239683636839374e+02;2.578188599102833933e+01
6.104373453780077398e+04;1.057239683548678357e+02;2.578188981252037237e+01
6.104373454768536612e+04;1.057240657548395291e+02;2.578196681289010783e+01
6.104373455784702674e+04;1.057240135760145563e+02;2.578191701721337026e+01
6.104373456915514544e+04;1.057240275488396577e+02;2.578193735966752342e+01
6.104373457928234711e+04;1.057239378446739977e+02;2.578189167552728733e+01
6.104373458942119032e+04;1.057241526543711814e+02;2.578203763245622326e+01
6.104373459914373234e+04;1.057239683682167168e+02;2.578188408037842905e+01
6.104373461037036031e+04;1.057239683594056459e+02;2.578188790187440205e+01
6.104373461988428608e+04;1.057239683461753543e+02;2.578189363410774959e+01
6.104373463126178831e+04;1.057240414171219243e+02;2.578194230837597445e+01
6.104373464148165658e+04;1.057239683550408387e+02;2.578188981265375546e+01
6.104373465181700885e+04;1.057239683506436734e+02;2.578189172340819724e+01
6.104373466209508479e+04;1.057239683550760674e+02;2.578188981268090885e+01
6.104373467178223655e+04;1.057239683550911167e+02;2.578188981269250490e+01
6.104373468189826235e+04;1.057241493045764287e+02;2.578203122179855455e+01
6.104373469240730628e+04;1.057239683639570273e+02;2.578188599123886959e+01
6.104373470212984830e+04;1.057240136941280042e+02;2.578192667898732893e+01
6.104373471097229049e+04;1.057240205428048370e+02;2.578193578696130572e+01
6.104373472192138433e+04;1.057239683684203300e+02;2.578188408053540570e+01
6.104373473144695163e+04;1.057239683640217578e+02;2.578188599128876035e+01
6.104373474269686267e+04;1.057239683684547771e+02;2.578188408056196224e+01
6.104373475148156285e+04;1.057239788646250389e+02;2.578189217212847240e+01
6.104373476094892249e+04;1.057239683508235260e+02;2.578189172354684544e+01
6.104373476967588067e+04;1.057239988699345048e+02;2.578188603912579779e+01
6.104373478091415018e+04;1.057239683508566372e+02;2.578189172357236814e+01
6.104373479120386764e+04;1.057239683685362621e+02;2.578188408062477777e+01
6.104373480153921992e+04;1.057239683729676756e+02;2.578188216989675752e+01
6.104373481119191274e+04;1.057239683641540182e+02;2.578188599139073389e+01
6.104373482152773067e+04;1.057239683685855027e+02;2.578188408066273851e+01
6.104373483263887465e+04;1.057239683553578544e+02;2.578188981289813597e+01
6.104373484265059233e+04;1.057241179606879484e+02;2.578200514450501402e+01
6.104373485184041783e+04;1.057239683642203545e+02;2.578188599144187521e+01
6.104373486295156181e+04;1.057239683686541838e+02;2.578188408071568105e+01
6.104373487243056297e+04;1.057239683421788925e+02;2.578189554517106075e+01
6.104373488368047401e+04;1.057239683642752652e+02;2.578188599148419868e+01
6.104373489399300888e+04;1.057239683687077587e+02;2.578188408075698845e+01
6.104373490337980911e+04;1.057241631510698596e+02;2.578204572440726494e+01
6.104373491303250194e+04;1.057239683554932554e+02;2.578188981300252536e+01
6.104373492363421246e+04;1.057240170665120615e+02;2.578192353634692324e+01
6.104373493259260431e+04;1.057240831179702241e+02;2.578197636993384023e+01
6.104373494174750522e+04;1.057239683643716006e+02;2.578188599155846106e+01
6.104373495219927281e+04;1.057239683511428865e+02;2.578189172379303784e+01
6.104373496171273291e+04;1.057239683599893283e+02;2.578188790232437100e+01
6.104373497175937518e+04;1.057241179564890246e+02;2.578200705541125259e+01
6.104373498079879209e+04;1.057239683644363311e+02;2.578188599160836958e+01
6.104373499074066058e+04;1.057240587581334097e+02;2.578196141909081973e+01
6.104373499998822808e+04;1.057239683600528224e+02;2.578188790237331318e+01
6.104373500975687057e+04;1.057240414045064938e+02;2.578194804108184002e+01
6.104373501989571378e+04;1.057239822194266026e+02;2.578189667251088935e+01
6.104373503028927371e+04;1.057239683689337966e+02;2.578188408093124551e+01
6.104373504063673317e+04;1.057239683557049261e+02;2.578188981316569439e+01
6.104373505027778447e+04;1.057240170534782919e+02;2.578192926873080637e+01
6.104373505979171023e+04;1.057239683513212896e+02;2.578189172393057760e+01
6.104373506850702688e+04;1.057239683557511398e+02;2.578188981320132100e+01
6.104373507938673720e+04;1.057241353103393493e+02;2.578202043357709883e+01
6.104373508993070573e+04;1.057239683646172921e+02;2.578188599174786333e+01
6.104373510120389983e+04;1.057239683425582797e+02;2.578189554546353079e+01
6.104373511105310172e+04;1.057240691189630155e+02;2.578196749216767003e+01
6.104373512182850391e+04;1.057239683381780821e+02;2.578189745623107498e+01
6.104373513306723908e+04;1.057239683602734743e+02;2.578188790254341356e+01
6.104373514395812526e+04;1.057241283306532296e+02;2.578200739633173555e+01
6.104373515406250954e+04;1.057240622433900938e+02;2.578197623100720293e+01
6.104373516337946057e+04;1.057239683377532629e+02;2.578190383858773060e+01
6.104373517302097753e+04;1.057239996995379556e+02;2.578192227315829754e+01
6.104373518241895363e+04;1.057239683421991714e+02;2.578190192787187840e+01
6.104373519326373935e+04;1.057241248138653162e+02;2.578201872447933241e+01
6.104373520337976515e+04;1.057240275361581610e+02;2.578194947500552914e+01
6.104373521353024989e+04;1.057239718409712737e+02;2.578190462509816072e+01
6.104373522383114323e+04;1.057239683422699414e+02;2.578190192792644453e+01
6.104373523377301171e+04;1.057240482530523167e+02;2.578196353163556509e+01
6.104373524265037850e+04;1.057240969508661550e+02;2.578200298718314087e+01
6.104373525177082047e+04;1.057239683379009136e+02;2.578190383870155244e+01
6.104373526133084670e+04;1.057239378144060709e+02;2.578191143388312767e+01
6.104373527179379016e+04;1.057239891902996902e+02;2.578191991394984584e+01
6.104373528128489852e+04;1.057239378453466117e+02;2.578189805873299889e+01
6.104373529162025079e+04;1.057239683423823635e+02;2.578190192801310587e+01
6.104373530219914392e+04;1.057240100427201952e+02;2.578193598920983831e+01
6.104373531236127019e+04;1.057239683512473931e+02;2.578189810656083125e+01
6.104373532268498093e+04;1.057239683291878265e+02;2.578190766027094227e+01
6.104373533300915733e+04;1.057239683601124085e+02;2.578189428510851045e+01
6.104373534392379224e+04;1.057241214553427113e+02;2.578201613537820336e+01
6.104373535412037745e+04;1.057240727398906870e+02;2.578198432281621422e+01
6.104373536422476172e+04;1.057240101827719911e+02;2.578193609717661872e+01
6.104373537446744740e+04;1.057239683601811322e+02;2.578189428516148496e+01
6.104373538555577397e+04;1.057239683337073615e+02;2.578190574961190507e+01
6.104373539508087561e+04;1.057239683602152809e+02;2.578189428518781412e+01
6.104373540634242818e+04;1.057239683469879168e+02;2.578190001742036941e+01
6.104373541608778760e+04;1.057240482621838567e+02;2.578195971038983103e+01
6.104373542622663081e+04;1.057239892038013238e+02;2.578191418192914952e+01
6.104373543648142368e+04;1.057239683470379390e+02;2.578190001745892701e+01
6.104373544646985829e+04;1.057240795887104383e+02;2.578199343089250206e+01
6.104373545658588409e+04;1.057240170492459868e+02;2.578193756229703837e+01
6.104373546752333641e+04;1.057239683338433025e+02;2.578190574971669946e+01
6.104373547874996439e+04;1.057239683603540357e+02;2.578189428529478278e+01
6.104373548984946683e+04;1.057239683427110748e+02;2.578190192826651739e+01
6.104373550094896927e+04;1.057239683383141085e+02;2.578190383902009231e+01
6.104373551040515304e+04;1.057239683383297830e+02;2.578190383903217509e+01
6.104373552115727216e+04;1.057240622660735738e+02;2.578196667778123441e+01
6.104373553278949112e+04;1.057239683516140474e+02;2.578189810684348870e+01
6.104373554271971807e+04;1.057240796021152391e+02;2.578198769879903551e+01
6.104373555274307728e+04;1.057239683472317324e+02;2.578190001760831862e+01
6.104373556231474504e+04;1.057239683604936715e+02;2.578189428540243355e+01
6.104373557341424748e+04;1.057239683605120746e+02;2.578189428541661954e+01
6.104373558322899044e+04;1.057240239113642701e+02;2.578194093820212274e+01
6.104373559340275824e+04;1.057239753447371413e+02;2.578190541203089481e+01
6.104373560451390222e+04;1.057239683208266143e+02;2.578191148211164219e+01
6.104373561406228691e+04;1.057239683340884682e+02;2.578190574990570383e+01
6.104373562373826280e+04;1.057239927028500404e+02;2.578191687936787346e+01
6.104373563388874754e+04;1.057241970252884045e+02;2.578205092322949099e+01
6.104373564436333254e+04;1.057239683562144137e+02;2.578189619624672346e+01
6.104373565410869196e+04;1.057240170451596555e+02;2.578193947328972868e+01
6.104373566508106887e+04;1.057239683562488182e+02;2.578189619627323736e+01
6.104373567461827770e+04;1.057239683562656865e+02;2.578189619628625096e+01
6.104373568491917104e+04;1.057239683518673843e+02;2.578189810703878848e+01
6.104373569538211450e+04;1.057239683607154603e+02;2.578189428557340435e+01
6.104373570490721613e+04;1.057239683298237480e+02;2.578190766076118834e+01
6.104373571519693360e+04;1.057239378239915197e+02;2.578190761298623812e+01
6.104373572560166940e+04;1.057239683298581525e+02;2.578190766078770579e+01
6.104373573434026912e+04;1.057239683519482583e+02;2.578189810710113505e+01
6.104373574383091182e+04;1.057239683519650413e+02;2.578189810711406693e+01
6.104373575288197026e+04;1.057240413831769814e+02;2.578196397803780116e+01
6.104373576386552304e+04;1.057239683431675843e+02;2.578190192861843499e+01
6.104373577415524051e+04;1.057239683299375343e+02;2.578190766084891195e+01
6.104373578451387584e+04;1.057239891911510341e+02;2.578191991460614929e+01
6.104373579459497705e+04;1.057241144498148344e+02;2.578201456306724282e+01
6.104373580359946936e+04;1.057239683520641478e+02;2.578189810719047159e+01
6.104373581394692883e+04;1.057239683653273801e+02;2.578189237498559550e+01
6.104373582427063957e+04;1.057239683035296309e+02;2.578191912535006125e+01
6.104373583390051499e+04;1.057239788350250791e+02;2.578191193100269984e+01
6.104373584502330050e+04;1.057020934723163208e+02;2.579601673113770488e+01
6.104373585319425911e+04;1.055361599088268889e+02;2.590708591519447879e+01
6.104373585902759805e+04;1.054241312119004021e+02;2.596513229241629617e+01
6.104373586503462866e+04;1.053091449850961396e+02;2.602275356106093440e+01
6.104373587081022561e+04;1.051985882722412384e+02;2.607790726719195362e+01
6.104373587667802349e+04;1.050856202919315905e+02;2.613386915136937816e+01
6.104373588254628703e+04;1.049724087076430834e+02;2.618987258659042539e+01
6.104373588844900951e+04;1.048583127655038822e+02;2.624598154344662149e+01
6.104373589437501505e+04;1.047428436070010207e+02;2.630254109688219444e+01
6.104373590025445446e+04;1.046280472041810157e+02;2.635862202838242396e+01
6.104373590605333447e+04;1.045145038593719562e+02;2.641390807839296428e+01
6.104373591218749061e+04;1.043968535036887886e+02;2.647091741252599206e+01
6.104373591788206249e+04;1.042815876896461873e+02;2.652654394481553624e+01
6.104373592386581004e+04;1.041631307556368853e+02;2.658358566214701924e+01
6.104373592971079051e+04;1.040471181033772297e+02;2.663915036361776245e+01
6.104373593550920486e+04;1.039315033615835944e+02;2.669436215483225894e+01
6.104373594137746841e+04;1.038142407056334378e+02;2.675011968723254796e+01
6.104373594716424122e+04;1.036981088352529383e+02;2.680518345374519384e+01
6.104373595302086323e+04;1.035801153937766230e+02;2.686085760216002427e+01
6.104373595898132771e+04;1.034595884589538173e+02;2.691752512719750356e+01
6.104373596479184926e+04;1.033418108220829907e+02;2.697269895234288484e+01
6.104373597059026361e+04;1.032241293471668087e+02;2.702759667147368461e+01
6.104373597656236961e+04;1.031021975918901177e+02;2.708423819317848213e+01
6.104373598236124963e+04;1.029830185325049712e+02;2.713940213545614455e+01
6.104373598837945610e+04;1.028593825454578194e+02;2.719635705057397601e+01
6.104373599422443658e+04;1.027387399243803969e+02;2.725178045861581921e+01
6.104373600009270012e+04;1.026172130495384067e+02;2.730731522666779654e+01
6.104373600594885647e+04;1.024955650880339562e+02;2.736270269339726013e+01
6.104373601180547848e+04;1.023733684788703187e+02;2.741817720406749714e+01
6.104373601758107543e+04;1.022525471348807855e+02;2.747273486160504063e+01
6.104373602362256497e+04;1.021257728345636195e+02;2.752977475853795752e+01
6.104373602940980345e+04;1.020038239972622165e+02;2.758437657539860410e+01
6.104373603539355099e+04;1.018772961678742206e+02;2.764088194117308817e+01
6.104373604123853147e+04;1.017534260700693807e+02;2.769585533975664404e+01
6.104373604700248688e+04;1.016306866364915891e+02;2.775016563308330930e+01
6.104373605302069336e+04;1.015022082950841735e+02;2.780678849157739307e+01
6.104373605885403231e+04;1.013771506466800929e+02;2.786168377207889790e+01
6.104373606478003785e+04;1.012502012065258725e+02;2.791716657026374193e+01
6.104373607062501833e+04;1.011237415626922456e+02;2.797213433742514255e+01
6.104373607644671574e+04;1.009974966404394081e+02;2.802684074887334731e+01
6.104373608231497929e+04;1.008701233947211193e+02;2.808172510511229092e+01
6.104373608807846904e+04;1.007443998548863533e+02;2.813570263765564050e+01
6.104373609408549964e+04;1.006129683002229882e+02;2.819191451023461070e+01
6.104373609989602119e+04;1.004856594165044044e+02;2.824614580203340708e+01
6.104373610569443554e+04;1.003594496018477145e+02;2.830021258711337140e+01
6.104373611170146614e+04;1.002253668706437111e+02;2.835621252732421382e+01
6.104373611752316356e+04;1.000961993910654257e+02;2.841042983455137616e+01
6.104373612335650250e+04;9.996642234180677633e+01;2.846474375402920387e+01
6.104373612915491685e+04;9.983679927788227815e+01;2.851867401730183360e+01
6.104373613497707993e+04;9.970662779477042648e+01;2.857263413358113979e+01
6.104373614092590287e+04;9.957285532812549889e+01;2.862779064426030828e+01
6.104373614675924182e+04;9.944149561965512873e+01;2.868177214804512687e+01
6.104373615263868123e+04;9.930827515827253649e+01;2.873617130365407490e+01
6.104373615848366171e+04;9.917560520530550150e+01;2.879019123482801845e+01
6.104373616435192525e+04;9.904461864572807883e+01;2.884325555327384905e+01
6.104373617027793080e+04;9.890672801875950881e+01;2.889884906064882486e+01
6.104373617614572868e+04;9.877210820110586553e+01;2.895283406097748369e+01
6.104373618203680962e+04;9.863660436959287381e+01;2.900692107071206038e+01
6.104373618778912351e+04;9.850381843340488786e+01;2.905972751991340530e+01
6.104373619362246245e+04;9.836868343154216632e+01;2.911313339672981471e+01
6.104373619965277612e+04;9.822866554913797188e+01;2.916827642084898642e+01
6.104373620550939813e+04;9.809225087177341607e+01;2.922174380427857798e+01
6.104373621133109555e+04;9.795608182310294865e+01;2.927476853426922787e+01
6.104373621709505096e+04;9.782073800569426680e+01;2.932729605005874518e+01
6.104373622307879850e+04;9.767990116631135322e+01;2.938168118108062998e+01
6.104373622898152098e+04;9.754056134686015866e+01;2.943519472449366958e+01
6.104373623487260193e+04;9.740094815844916809e+01;2.948852277735236527e+01
6.104373624063655734e+04;9.726380847258025142e+01;2.954071416545376394e+01
6.104373624666687101e+04;9.711992472549435718e+01;2.959510814315031979e+01
6.104373625258123502e+04;9.697866716775338602e+01;2.964827782017431801e+01
6.104373625834472477e+04;9.684000530486403591e+01;2.970019831480906092e+01
6.104373626418970525e+04;9.669929963611821222e+01;2.975267484868624379e+01
6.104373627001140267e+04;9.655905316624027535e+01;2.980467184384269075e+01
6.104373627597233281e+04;9.641450452615386268e+01;2.985797336298179516e+01
6.104373628179403022e+04;9.627255151180209225e+01;2.991004481548795368e+01
6.104373628761572763e+04;9.613072189831687808e+01;2.996179386161603730e+01
6.104373629342578351e+04;9.598846631624491010e+01;3.001341934543547652e+01
6.104373629939835519e+04;9.584178659657881383e+01;3.006638935051867279e+01
6.104373630522005260e+04;9.569828231121961437e+01;3.011793240983985953e+01
6.104373631109949201e+04;9.555470402813561748e+01;3.016928504902426056e+01
6.104373631684016436e+04;9.541085044161731332e+01;3.022033680030064318e+01
6.104373632266186178e+04;9.526612928237638300e+01;3.027152080520186317e+01
6.104373632863443345e+04;9.511716735929262256e+01;3.032391977120568782e+01
6.104373633444448933e+04;9.497180803982656982e+01;3.037474817312735098e+01
6.104373634030111134e+04;9.482471058428826893e+01;3.042587052831793315e+01
6.104373634613445029e+04;9.467764514448627722e+01;3.047662553075640446e+01
6.104373635197896510e+04;9.453030607930641338e+01;3.052735848788679007e+01
6.104373635784722865e+04;9.438150370509178799e+01;3.057822345137529751e+01
6.104373636371549219e+04;9.423236700711525771e+01;3.062892114000788979e+01
6.104373636959493160e+04;9.408256028878621180e+01;3.067957334740831499e+01
6.104373637545155361e+04;9.393287710863836537e+01;3.072984785654155715e+01
6.104373638130770996e+04;9.378249335867874947e+01;3.078010837349743412e+01
6.104373638715269044e+04;9.363214479379637112e+01;3.083004640253848905e+01
6.104373639291664585e+04;9.348325587763959277e+01;3.087920567897867485e+01
6.104373639893531799e+04;9.332744462151954679e+01;3.093033947438090436e+01
6.104373640480311587e+04;9.317526602128835123e+01;3.098002976039058254e+01
6.104373641054378822e+04;9.302534698886762499e+01;3.102864904285472392e+01
6.104373641657410190e+04;9.286813635553811253e+01;3.107934085766310872e+01
6.104373642245354131e+04;9.271410062230194171e+01;3.112872988928757678e+01
6.104373642828688025e+04;9.256067658700024481e+01;3.117762351108825314e+01
6.104373643418960273e+04;9.240542317367795988e+01;3.122678248848585625e+01
6.104373644005786628e+04;9.225001872154992100e+01;3.127563415027064408e+01
6.104373644586792216e+04;9.209583609306965002e+01;3.132386898317619384e+01
6.104373645178228617e+04;9.193848162475032382e+01;3.137274848031868757e+01
6.104373645760398358e+04;9.178311201994075930e+01;3.142065117665683260e+01
6.104373646351834759e+04;9.162484500253685837e+01;3.146923617228679504e+01
6.104373646931722760e+04;9.147021994535262479e+01;3.151637934065355751e+01
6.104373647526605055e+04;9.130923074947607176e+01;3.156516525852052268e+01
6.104373648113431409e+04;9.115087666280275869e+01;3.161278976646178052e+01
6.104373648699093610e+04;9.099246291916378482e+01;3.166016825249117517e+01
6.104373649277770892e+04;9.083493549628276753e+01;3.170693809690046905e+01
6.104373649858776480e+04;9.067701281278156955e+01;3.175354552966497934e+01
6.104373650454869494e+04;9.051427090626609129e+01;3.180127982195807590e+01
6.104373651034710929e+04;9.035552743301605005e+01;3.184745451736941746e+01
6.104373651619208977e+04;9.019624854507837597e+01;3.189354457335994653e+01
6.104373652212973684e+04;9.003175968003768048e+01;3.194077327366277430e+01
6.104373652796307579e+04;8.987042714576858771e+01;3.198681717293485249e+01
6.104373653383087367e+04;8.970815035296547535e+01;3.203278110295735104e+01
6.104373653971077874e+04;8.954459367073870624e+01;3.207878688805356404e+01
6.104373654559021816e+04;8.938103848198724677e+01;3.212446563306206571e+01
6.104373655136581510e+04;8.921946787941323009e+01;3.216922202803156949e+01
6.104373655734956264e+04;8.905216306910817536e+01;3.221535834720524605e+01
6.104373656315961853e+04;8.888894794647281117e+01;3.225995137773532662e+01
6.104373656901624054e+04;8.872414785182115793e+01;3.230468906631211468e+01
6.104373657489567995e+04;8.855825101871211302e+01;3.234938104827074312e+01
6.104373658071737736e+04;8.839302682056640492e+01;3.239356733060463256e+01
6.104373658657399938e+04;8.822694992821618598e+01;3.243765092881572087e+01
6.104373659246508032e+04;8.806427285148768647e+01;3.248061601962833578e+01
6.104373659817129374e+04;8.789617328265497065e+01;3.252451702668836475e+01
6.104373660406237468e+04;8.772784336870377331e+01;3.256822998196067687e+01
6.104373660994227976e+04;8.755920993557951704e+01;3.261167099161973226e+01
6.104373661571741104e+04;8.739298782855949810e+01;3.265420354648058776e+01
6.104373662164341658e+04;8.722234411120808772e+01;3.269746472212001720e+01
6.104373662758106366e+04;8.705208295974711064e+01;3.274035980939168411e+01
6.104373663339111954e+04;8.688215931032264905e+01;3.278274403780143587e+01
6.104373663917835802e+04;8.671389936273226340e+01;3.282444762913211633e+01
6.104373664517374709e+04;8.653950975335214935e+01;3.286726751020409409e+01
6.104373665105318651e+04;8.636747041434696825e+01;3.290919415749745269e+01
6.104373665684042498e+04;8.619793377005900936e+01;3.295021913506508326e+01
6.104373666267376393e+04;8.602681255355962264e+01;3.299122663130339816e+01
6.104373666859976947e+04;8.585227651504648350e+01;3.303272348883183440e+01
6.104373667459469289e+04;8.567545433325115312e+01;3.307441695756391908e+01
6.104373668042803183e+04;8.550287356356359680e+01;3.311472283818472562e+01
6.104373668623855338e+04;8.533041618308708109e+01;3.315472681117894638e+01
6.104373669221065938e+04;8.515298865786526505e+01;3.319546192617570313e+01
6.104373669802071527e+04;8.498010719497997911e+01;3.323491481207588549e+01
6.104373670384241268e+04;8.480606827816343696e+01;3.327422189122874840e+01
6.104373670968739316e+04;8.463108531758444997e+01;3.331340252346389263e+01
6.104373671571770683e+04;8.445027832707792470e+01;3.335349296029640698e+01
6.104373672144673765e+04;8.427764693785721306e+01;3.339143630035959376e+01
6.104373672736110166e+04;8.409943550340027230e+01;3.343026110990410160e+01
6.104373673303239048e+04;8.392793552197481688e+01;3.346727799309525153e+01
6.104373673914372921e+04;8.374289526529925354e+01;3.350682993035773194e+01
6.104373674501152709e+04;8.356474931132285633e+01;3.354462094431767838e+01
6.104373675085650757e+04;8.338697097351730747e+01;3.358189746254507924e+01
6.104373675668984652e+04;8.320971830520370816e+01;3.361879603806094963e+01
6.104373676251154393e+04;8.303111369785543161e+01;3.365550226645180487e+01
6.104373676829878241e+04;8.285367518776162399e+01;3.369171476991703429e+01
6.104373677428252995e+04;8.267003184866953802e+01;3.372881404263134186e+01
6.104373678015032783e+04;8.248969913195664105e+01;3.376482533666723640e+01
6.104373678600694984e+04;8.230923056804590487e+01;3.380056989116173582e+01
6.104373679184028879e+04;8.212887033256106406e+01;3.383586368312420944e+01
6.104373679758096114e+04;8.195108844958733130e+01;3.387036943631333941e+01
6.104373680358799174e+04;8.176484523689146044e+01;3.390611586615185757e+01
6.104373680943297222e+04;8.158265961774550590e+01;3.394069296564089200e+01
6.104373681527795270e+04;8.140061267869292294e+01;3.397490052797775917e+01
6.104373682120349258e+04;8.121577679885780299e+01;3.400928928674516527e+01
6.104373682699073106e+04;8.103452572231387308e+01;3.404259982980126864e+01
6.104373683285899460e+04;8.085030280774179801e+01;3.407607612486570048e+01
6.104373683880781755e+04;8.066326052579543671e+01;3.410972028501934261e+01
6.104373684462951496e+04;8.048022980223184675e+01;3.414229047466294986e+01
6.104373685059044510e+04;8.029195544351942715e+01;3.417541658771160940e+01
6.104373685645824298e+04;8.010682354070107181e+01;3.420759672509708338e+01
6.104373686229158193e+04;7.992215044559345927e+01;3.423936759936643170e+01
6.104373686809046194e+04;7.973819545495979355e+01;3.427060438418627797e+01
6.104373687400482595e+04;7.955023196712556910e+01;3.430214447136481226e+01
6.104373687982652336e+04;7.936466360444157431e+01;3.433296312976316500e+01
6.104373688564822078e+04;7.917873082172910415e+01;3.436341563127098908e+01
6.104373689146991819e+04;7.899278416744468245e+01;3.439353002606799237e+01
6.104373689732654020e+04;7.880534479800027725e+01;3.442349677437021427e+01
6.104373690324090421e+04;7.861552844562122289e+01;3.445345348125469087e+01
6.104373690903931856e+04;7.842929635366299124e+01;3.448248843218203774e+01
6.104373691494204104e+04;7.824053041308617651e+01;3.451154984008881854e+01
6.104373692076373845e+04;7.805146976943207449e+01;3.454024547802819711e+01
6.104373692663200200e+04;7.786197922719699704e+01;3.456865456850792384e+01
6.104373693253472447e+04;7.767131618060282960e+01;3.459684576073737361e+01
6.104373693839134648e+04;7.748083747565064527e+01;3.462463417990785786e+01
6.104373694424750283e+04;7.729081754382559666e+01;3.465196088734173685e+01
6.104373695010412484e+04;7.710035688697166734e+01;3.467895775095331601e+01
6.104373695596074685e+04;7.690972985218529345e+01;3.470563554293682529e+01
6.104373696182854474e+04;7.671829622735667442e+01;3.473201181055429032e+01
6.104373696772009134e+04;7.652593401050377508e+01;3.475813610795617592e+01
6.104373697346076369e+04;7.633796367384815085e+01;3.478330297958115125e+01
6.104373697927081957e+04;7.614737253058960675e+01;3.480843878037671857e+01
6.104373698512744159e+04;7.595538019904384441e+01;3.483337184471893266e+01
6.104373699112283066e+04;7.575832797408587282e+01;3.485857628540455977e+01
6.104373699688678607e+04;7.556836586094831887e+01;3.488245714588762070e+01
6.104373700287053362e+04;7.537105722898446913e+01;3.490686898825464368e+01
6.104373700868058950e+04;7.517952749180696514e+01;3.493021954800578754e+01
6.104373701454838738e+04;7.498496548568368780e+01;3.495351207233930069e+01
6.104373702046275139e+04;7.478971875302123351e+01;3.497653194049549796e+01
6.104373702633101493e+04;7.459798499095143143e+01;3.499876390184113006e+01
6.104373703204840422e+04;7.440505241922497248e+01;3.502066544825196104e+01
6.104373703805543482e+04;7.420548029647802935e+01;3.504298668153482055e+01
6.104373704391205683e+04;7.401039113636063860e+01;3.506440960448123434e+01
6.104373704972211272e+04;7.381704105868097088e+01;3.508520105913984821e+01
6.104373705574078485e+04;7.361617710851587049e+01;3.510644260858037313e+01
6.104373706152755767e+04;7.342269225339667571e+01;3.512651421038282251e+01
6.104373706738417968e+04;7.322728796349147729e+01;3.514637422365004227e+01
6.104373707329854369e+04;7.302866852083747062e+01;3.516620110997722293e+01
6.104373707929393277e+04;7.282779439688854950e+01;3.518578661323006429e+01
6.104373708517383784e+04;7.263094564768938710e+01;3.520460315025730580e+01
6.104373709104163572e+04;7.243333590610883732e+01;3.522312511244220445e+01
6.104373709694435820e+04;7.223527007579031078e+01;3.524127924068662310e+01
6.104373710280098021e+04;7.203760179005220721e+01;3.525894592512903358e+01
6.104373710864596069e+04;7.184063578588470023e+01;3.527618938021916506e+01
6.104373711438663304e+04;7.164670418138125285e+01;3.529278802154171046e+01
6.104373712037038058e+04;7.144981844181947395e+01;3.530929365870354530e+01
6.104373712608776987e+04;7.125117731654832198e+01;3.532545353290418433e+01
6.104373713208315894e+04;7.104865231975843187e+01;3.534157992542577631e+01
6.104373713791649789e+04;7.085079259670992258e+01;3.535692622857170875e+01
6.104373714373819530e+04;7.065340648313119232e+01;3.537182143079851926e+01
6.104373714954871684e+04;7.045649391824917984e+01;3.538630753919363769e+01
6.104373715552082285e+04;7.025484953311773495e+01;3.540073703411793815e+01
6.104373716124985367e+04;7.005873953366079832e+01;3.541435016603563923e+01
6.104373716724524274e+04;6.985512370109152869e+01;3.542809468214682767e+01
6.104373717299755663e+04;6.965897737443395954e+01;3.544095792478095319e+01
6.104373717900458723e+04;6.945425102703617881e+01;3.545392676424350498e+01
6.104373718486120924e+04;6.925463163842215408e+01;3.546619396233474220e+01
6.104373719069454819e+04;6.905572958422690988e+01;3.547802934995415569e+01
6.104373719662055373e+04;6.885376501471895949e+01;3.548960112985140114e+01
6.104373720252327621e+04;6.865169469457082130e+01;3.550082265517614388e+01
6.104373720835661516e+04;6.845235357006176002e+01;3.551145912482173372e+01
6.104373721416667104e+04;6.825368399468709413e+01;3.552166374118551317e+01
6.104373722015041858e+04;6.804908651441050438e+01;3.553178140182122746e+01
6.104373722600704059e+04;6.784860510071911222e+01;3.554126529415540148e+01
6.104373723181709647e+04;6.764967916271328363e+01;3.555029025154367872e+01
6.104373723763879389e+04;6.744988537207719048e+01;3.555895296464632338e+01
6.104373724347213283e+04;6.725001625345690570e+01;3.556721387698066650e+01
6.104373724943306297e+04;6.704534712684673536e+01;3.557527611130495870e+01
6.104373725545126945e+04;6.684102817256027151e+01;3.558289494309391898e+01
6.104373726116912439e+04;6.664227544740901976e+01;3.558990836354301734e+01
6.104373726711794734e+04;6.643809662177270070e+01;3.559669134215358355e+01
6.104373727300949395e+04;6.623564080755427597e+01;3.560301357665672128e+01
6.104373727887729183e+04;6.603374968323964822e+01;3.560892968706353656e+01
6.104373728472227231e+04;6.583341849027897297e+01;3.561440529405168576e+01
6.104373729056725278e+04;6.563172245288295414e+01;3.561947001832586324e+01
6.104373729640059173e+04;6.543115955927102334e+01;3.562413119855734323e+01
6.104373730229167268e+04;6.522852472373935484e+01;3.562843618736945217e+01
6.104373730814829469e+04;6.502686601344939277e+01;3.563229328127711426e+01
6.104373731399327517e+04;6.482563473007965626e+01;3.563575274398531434e+01
6.104373731987271458e+04;6.462339827930668434e+01;3.563884619108262797e+01
6.104373732557892799e+04;6.442660323106760245e+01;3.564144371876921724e+01
6.104373733157385141e+04;6.421975042749663487e+01;3.564375304918737442e+01
6.104373733760416508e+04;6.401213631030395845e+01;3.564565076494778850e+01
6.104373734348360449e+04;6.380965872243479708e+01;3.564708100445642458e+01
6.104373734936350957e+04;6.360715127630304977e+01;3.564811622703274452e+01
6.104373735522013158e+04;6.340526928480213087e+01;3.564873292517874859e+01
6.104373736108792946e+04;6.320372315594681822e+01;3.564895766626064244e+01
6.104373736694455147e+04;6.300147656289730236e+01;3.564880325509101056e+01
6.104373737270850688e+04;6.280366530545623505e+01;3.564823042781311813e+01
6.104373737859958783e+04;6.260050550545718551e+01;3.564718048534538042e+01
6.104373738451395184e+04;6.239649280411000376e+01;3.564575612304548002e+01
6.104373739026626572e+04;6.219840881741932037e+01;3.564398662223361214e+01
6.104373739623837173e+04;6.199264459834389385e+01;3.564174370439630479e+01
6.104373740206006914e+04;6.179230616288712952e+01;3.563913052118374480e+01
6.104373740802099928e+04;6.158730491312644517e+01;3.563606845723493421e+01
6.104373741395818070e+04;6.138323375792603542e+01;3.563258516011101307e+01
6.104373741976870224e+04;6.118306433636819719e+01;3.562877371009513183e+01
6.104373742561321706e+04;6.098224004228865880e+01;3.562456120875631171e+01
6.104373743143538013e+04;6.078341897002723471e+01;3.562000112911066907e+01
6.104373743737256154e+04;6.057813916827212353e+01;3.561485267431843482e+01
6.104373744322918355e+04;6.037669127811623326e+01;3.560939856808621329e+01
6.104373744908580557e+04;6.017586856766178016e+01;3.560356121172363686e+01
6.104373745497688651e+04;5.997397947017621078e+01;3.559728541705193550e+01
6.104373746074084193e+04;5.977606814149460490e+01;3.559073955700244341e+01
6.104373746674787253e+04;5.957018705453831586e+01;3.558351450169347174e+01
6.104373747251136228e+04;5.937253542383087535e+01;3.557617969529750468e+01
6.104373747855331749e+04;5.916511580393036240e+01;3.556808292325295184e+01
6.104373748445603997e+04;5.896476746619978115e+01;3.555976316897761080e+01
6.104373749017342925e+04;5.876722330649327830e+01;3.555131595597829630e+01
6.104373749611107633e+04;5.856565635309087270e+01;3.554215223226247389e+01
6.104373750204872340e+04;5.836130083685236514e+01;3.553257142291356274e+01
6.104373750790487975e+04;5.816133441710416463e+01;3.552273104835732909e+01
6.104373751374986023e+04;5.796170346205926904e+01;3.551250726117458356e+01
6.104373751952545717e+04;5.776664443514133751e+01;3.550203914171132880e+01
6.104373752539372072e+04;5.756491082685938210e+01;3.549099590115851299e+01
6.104373753142356873e+04;5.735950482839616171e+01;3.547925940211301565e+01
6.104373753721080720e+04;5.716249566192821874e+01;3.546756923562780628e+01
6.104373754314798862e+04;5.696067111335666056e+01;3.545520831428667208e+01
6.104373754892358556e+04;5.676408887335603737e+01;3.544278650505294337e+01
6.104373755491897464e+04;5.656099972032866674e+01;3.542953396947879696e+01
6.104373756071738899e+04;5.636418909740385885e+01;3.541628576861490529e+01
6.104373756649298593e+04;5.616972537307918856e+01;3.540272636793604732e+01
6.104373757239570841e+04;5.596797744315716727e+01;3.538843825719969516e+01
6.104373757837945595e+04;5.576603148547327038e+01;3.537364817343989642e+01
6.104373758425936103e+04;5.556679808503334073e+01;3.535865682864228177e+01
6.104373759012715891e+04;5.536847904531440889e+01;3.534331372419703854e+01
6.104373759590275586e+04;5.517386306607489388e+01;3.532786027945001450e+01
6.104373760187486187e+04;5.497261813969127076e+01;3.531152768204086811e+01
6.104373760761553422e+04;5.477919076452511860e+01;3.529538952781279448e+01
6.104373761362256482e+04;5.457753435227741790e+01;3.527813600577835018e+01
6.104373761942144483e+04;5.438241536451544533e+01;3.526109654280426753e+01
6.104373762526642531e+04;5.418645816632886891e+01;3.524361979627157382e+01
6.104373763119196519e+04;5.398774265324669130e+01;3.522547517534781036e+01
6.104373763709468767e+04;5.378986519307044034e+01;3.520699113768444022e+01
6.104373764292802662e+04;5.359468492318453769e+01;3.518835240301925893e+01
6.104373764873854816e+04;5.340073888306913830e+01;3.516947932318954884e+01
6.104373765456024557e+04;5.320635078581414490e+01;3.515017670162161778e+01
6.104373766047460958e+04;5.300952431234835416e+01;3.513023689835369368e+01
6.104373766633123159e+04;5.281437397830205782e+01;3.511003419837079065e+01
6.104373767218738794e+04;5.262018352298320423e+01;3.508958274127851240e+01
6.104373767795134336e+04;5.242881211213657622e+01;3.506901561450919047e+01
6.104373768391180784e+04;5.223142109795195154e+01;3.504740767084195596e+01
6.104373768980335444e+04;5.203786448764437012e+01;3.502585189605243698e+01
6.104373769553238526e+04;5.184660475290291970e+01;3.500418398605864923e+01
6.104373770153941587e+04;5.164842063554710450e+01;3.498132297047087036e+01
6.104373770741885528e+04;5.145465560217446210e+01;3.495858332669815383e+01
6.104373771326383576e+04;5.126189609516369927e+01;3.493557482155445371e+01
6.104373771903943270e+04;5.107262609114954444e+01;3.491257474417607654e+01
6.104373772497707978e+04;5.087747349764172355e+01;3.488849686323766974e+01
6.104373773079877719e+04;5.068666377770580311e+01;3.486455165367932807e+01
6.104373773662047461e+04;5.049637188847375313e+01;3.484033649561875734e+01
6.104373774248827249e+04;5.030435766400224651e+01;3.481547677052955692e+01
6.104373774833325297e+04;5.011366892676457496e+01;3.479043983066538459e+01
6.104373775406228378e+04;4.992709447061937311e+01;3.476552964307378346e+01
6.104373775997664779e+04;4.973486589496348387e+01;3.473951703095472965e+01
6.104373776578716934e+04;4.954629440172356425e+01;3.471361485474999142e+01
6.104373777172435075e+04;4.935362315633742725e+01;3.468677092620819025e+01
6.104373777765035629e+04;4.916209447983972325e+01;3.465969148330680127e+01
6.104373778341431171e+04;4.897586873333187185e+01;3.463299182396931997e+01
6.104373778940970078e+04;4.878310486967423287e+01;3.460497211769164494e+01
6.104373779521975666e+04;4.859568964957693993e+01;3.457733596781351793e+01
6.104373780111130327e+04;4.840624715866024985e+01;3.454903714715550933e+01
6.104373780686361715e+04;4.822161994021748654e+01;3.452112078560487163e+01
6.104373781288182363e+04;4.802893054958310870e+01;3.449155689634832100e+01
6.104373781863413751e+04;4.784498824515438287e+01;3.446300110684078533e+01
6.104373782472219318e+04;4.765117018801852566e+01;3.443248076753246778e+01
6.104373783040512353e+04;4.747015299856855108e+01;3.440363320492603805e+01
6.104373783643497154e+04;4.727881804610890981e+01;3.437272757834720949e+01
6.104373784215282649e+04;4.709708366008622704e+01;3.434306952430363680e+01
6.104373784820595756e+04;4.690542766718870382e+01;3.431131725980190339e+01
6.104373785405093804e+04;4.672094912902649355e+01;3.428048583993295750e+01
6.104373785994201899e+04;4.653502229114745603e+01;3.424894409040938825e+01
6.104373786583356559e+04;4.634947593227203555e+01;3.421716089273319028e+01
6.104373787171300501e+04;4.616495012257374952e+01;3.418515629387533750e+01
6.104373787758080289e+04;4.598066761841678129e+01;3.415281951162324958e+01
6.104373788337968290e+04;4.580064379337449054e+01;3.412089856806704091e+01
6.104373788924748078e+04;4.561620057092539327e+01;3.408780818895774445e+01
6.104373789512738585e+04;4.543312039303409477e+01;3.405458174038296448e+01
6.104373790101846680e+04;4.524965864626875600e+01;3.402095625582435900e+01
6.104373790687508881e+04;4.506813183439185622e+01;3.398727733173252830e+01
6.104373791274288669e+04;4.488648253254555698e+01;3.395329674313829571e+01
6.104373791861115023e+04;4.470754538396139566e+01;3.391899718028338384e+01
6.104373792446777225e+04;4.452453854535439604e+01;3.388434168758305276e+01
6.104373793028946966e+04;4.434697906220358732e+01;3.385003088840009866e+01
6.104373793630767614e+04;4.416117479617448538e+01;3.381372643220945662e+01
6.104373794212983921e+04;4.398282967758254358e+01;3.377850080425858437e+01
6.104373794792825356e+04;4.380527647091191312e+01;3.374313478067887928e+01
6.104373795378487557e+04;4.362683868420906208e+01;3.370718732180811372e+01
6.104373795962985605e+04;4.344899466873224014e+01;3.367106509728157704e+01
6.104373796547437087e+04;4.327169868681654208e+01;3.363467452113263789e+01
6.104373797121550888e+04;4.309799891121635795e+01;3.359867511918611171e+01
6.104373797715269029e+04;4.291832408130010634e+01;3.356109786281016483e+01
6.104373798302095383e+04;4.274149863231067314e+01;3.352370176789460032e+01
6.104373798884265125e+04;4.256674531920376836e+01;3.348647064018287267e+01
6.104373799467599019e+04;4.239150363972748892e+01;3.344877929253316040e+01
6.104373800053261220e+04;4.221636798426872872e+01;3.341075083868570061e+01
6.104373800635430962e+04;4.204228330324568930e+01;3.337260668844798772e+01
6.104373801221046597e+04;4.186801505462814532e+01;3.333405861103862833e+01
6.104373801809037104e+04;4.169292310455056594e+01;3.329501502715882566e+01
6.104373802394699305e+04;4.152002697350521743e+01;3.325609995860282453e+01
6.104373802971048281e+04;4.134910803251145950e+01;3.321727822691772758e+01
6.104373803565977141e+04;4.117370918738677688e+01;3.317715650125730775e+01
6.104373804151639342e+04;4.100131220013911815e+01;3.313732168826962265e+01
6.104373804734973237e+04;4.083059108652979319e+01;3.309751709250786433e+01
6.104373805312486365e+04;4.066099717442030226e+01;3.305768357707995619e+01
6.104373805910861120e+04;4.048615940501529309e+01;3.301625621679321654e+01
6.104373806484974921e+04;4.031903325886204215e+01;3.297635047357205451e+01
6.104373807086795568e+04;4.014459031453520055e+01;3.293430700524231014e+01
6.104373807675903663e+04;3.997357606684224152e+01;3.289279088679836605e+01
6.104373808263894171e+04;3.980355180291915218e+01;3.285112074621324751e+01
6.104373808851838112e+04;3.963847250938842137e+01;3.281042272985155961e+01
6.104373809435172006e+04;3.946630566529503170e+01;3.276757428132926009e+01
6.104373810024326667e+04;3.929742238749567207e+01;3.272523706059451598e+01
6.104373810609942302e+04;3.912974249865342813e+01;3.268283166181312538e+01
6.104373811199096963e+04;3.896210760103228665e+01;3.264010431986282157e+01
6.104373811774328351e+04;3.879811491771563681e+01;3.259804635625533109e+01
6.104373812370374799e+04;3.862892381299113964e+01;3.255424864309565436e+01
6.104373812947934493e+04;3.846561557606832338e+01;3.251169173672648327e+01
6.104373813537042588e+04;3.829942576082552819e+01;3.246804484732322038e+01
6.104373814127314836e+04;3.813311325470983348e+01;3.242404451679549737e+01
6.104373814728017896e+04;3.796483367006386800e+01;3.237917460640587564e+01
6.104373815309023485e+04;3.780220839520549703e+01;3.233550914313340030e+01
6.104373815892357379e+04;3.763932324015783593e+01;3.229141670592348845e+01
6.104373816480301321e+04;3.747546181984161251e+01;3.224682014335310498e+01
6.104373817065963522e+04;3.731303247379143073e+01;3.220226310509790579e+01
6.104373817649297416e+04;3.715157792111909174e+01;3.215762155689091628e+01
6.104373818230303004e+04;3.699106771644056124e+01;3.211298048098423408e+01
6.104373818811355159e+04;3.683105978802305458e+01;3.206815091420551767e+01
6.104373819408565760e+04;3.666708782998897931e+01;3.202182687318127563e+01
6.104373819995392114e+04;3.650686498128322199e+01;3.197630651207006025e+01
6.104373820569459349e+04;3.635002540052044395e+01;3.193138648717635775e+01
6.104373821164341643e+04;3.618810901129942437e+01;3.188474125875207932e+01
6.104373821766208857e+04;3.602504855634755643e+01;3.183741148106833663e+01
6.104373822352988645e+04;3.586602690549821659e+01;3.179100934521186161e+01
6.104373822928220034e+04;3.571102880631946164e+01;3.174540110583193098e+01
6.104373823530087247e+04;3.554898735631422113e+01;3.169747058521549121e+01
6.104373824106482789e+04;3.539449080395959157e+01;3.165140325265706522e+01
6.104373824696755037e+04;3.523692949838599020e+01;3.160416686030949762e+01
6.104373825287027285e+04;3.507903206195709345e+01;3.155653782657578077e+01
6.104373825863422826e+04;3.492610338330353414e+01;3.151000114331692359e+01
6.104373826457187533e+04;3.476879894834286944e+01;3.146197024750359716e+01
6.104373827060172334e+04;3.460917657204348075e+01;3.141284170672557963e+01
6.104373827637732029e+04;3.445735850189447547e+01;3.136583672914485277e+01
6.104373828241880983e+04;3.429875591858356643e+01;3.131639783415092992e+01
6.104373828831035644e+04;3.414461916553248955e+01;3.126804372452259528e+01
6.104373829406267032e+04;3.399394218971352188e+01;3.122053884985156458e+01
6.104373830009251833e+04;3.383702938382160852e+01;3.117068967725708362e+01
6.104373830584483221e+04;3.368769242632573224e+01;3.112300120123457958e+01
6.104373831175919622e+04;3.353492464183602806e+01;3.107388794329600756e+01
6.104373831768520176e+04;3.338191218859816445e+01;3.102443447161757106e+01
6.104373832358792424e+04;3.323068258201499958e+01;3.097518238920156364e+01
6.104373832956003025e+04;3.307722648331927928e+01;3.092499593759413301e+01
6.104373833537055179e+04;3.292892243294704002e+01;3.087618217763142781e+01
6.104373834123834968e+04;3.277968767508373560e+01;3.082674959144109295e+01
6.104373834707168862e+04;3.263135163985919718e+01;3.077733629651185510e+01
6.104373835291666910e+04;3.248336551219960455e+01;3.072777634674916669e+01
6.104373835875000805e+04;3.233641529740564380e+01;3.067822223517108426e+01
6.104373836457170546e+04;3.218960161441547996e+01;3.062855401344046058e+01
6.104373837041668594e+04;3.204306158616391542e+01;3.057864746510640330e+01
6.104373837621510029e+04;3.189807587213067208e+01;3.052899192570888331e+01
6.104373838215274736e+04;3.175201724619526544e+01;3.047860606197558653e+01
6.104373838793998584e+04;3.160630321433416867e+01;3.042815428094186103e+01
6.104373839384270832e+04;3.146037002767067392e+01;3.037728694030343490e+01
6.104373839972214773e+04;3.131528988779856704e+01;3.032647702729229877e+01
6.104373840549774468e+04;3.117302951062939798e+01;3.027636155277579633e+01
6.104373841150477529e+04;3.102566098604144074e+01;3.022419284694511177e+01
6.104373841734975576e+04;3.088281978145498385e+01;3.017330031108139110e+01
6.104373842321755365e+04;3.073953572604745332e+01;3.012201119163351848e+01
6.104373842908581719e+04;3.059711997202439804e+01;3.007075078998669326e+01
6.104373843491915613e+04;3.045592318352080952e+01;3.001962492851943409e+01
6.104373844079859555e+04;3.031416158549063411e+01;2.996808056113150798e+01
6.104373844666685909e+04;3.017268894858672468e+01;2.991637798555811401e+01
6.104373845241917297e+04;3.003517965983875726e+01;2.986576547741872290e+01
6.104373845836799592e+04;2.989268405364619241e+01;2.981314846073248148e+01
6.104373846423625946e+04;2.975313031836583733e+01;2.976131353195209073e+01
6.104373847009241581e+04;2.961420098087073072e+01;2.970943097242748365e+01
6.104373847585637122e+04;2.947794259554754959e+01;2.965834093828213724e+01
6.104373848182847723e+04;2.933659942922471586e+01;2.960508063182570737e+01
6.104373848756961524e+04;2.920170841009177209e+01;2.955389060194109874e+01
6.104373849349515513e+04;2.906280675732331886e+01;2.950102222706677679e+01
6.104373849945608526e+04;2.892346219401564866e+01;2.944768653828018401e+01
6.104373850540490821e+04;2.878516896108429535e+01;2.939447199539449684e+01
6.104373851108783856e+04;2.865318745159948932e+01;2.934344341608709072e+01
6.104373851704876870e+04;2.851516729382568016e+01;2.928986660672014963e+01
6.104373852287046611e+04;2.838111075162267483e+01;2.923751048928880536e+01
6.104373852869216353e+04;2.824723650670562591e+01;2.918498942298923637e+01
6.104373853454878554e+04;2.811327010438662555e+01;2.913220231927945392e+01
6.104373854042822495e+04;2.797901330963732747e+01;2.907905282459210383e+01
6.104373854607623070e+04;2.785047377801205215e+01;2.902791183341247816e+01
6.104373855219921097e+04;2.771512522102845821e+01;2.897379871620206515e+01
6.104373855800926685e+04;2.758037093029161113e+01;2.891963759916255228e+01
6.104373856381932274e+04;2.744977090869200609e+01;2.886691817636574697e+01
6.104373856973368675e+04;2.731692874615267286e+01;2.881306193874856447e+01
6.104373857550928369e+04;2.718759301936670880e+01;2.876040930629271486e+01
6.104373858136590570e+04;2.705706725537426749e+01;2.870701273037776602e+01
6.104373858728026971e+04;2.692605284914770181e+01;2.865313158306168972e+01
6.104373859300930053e+04;2.679889565787644301e+01;2.860061805905090893e+01
6.104373859887709841e+04;2.666938953752224606e+01;2.854688563568640092e+01
6.104373860475700349e+04;2.654006577979327020e+01;2.849305408283996499e+01
6.104373861070582643e+04;2.640997885174782667e+01;2.843854899476423270e+01
6.104373861669003963e+04;2.627877817643285141e+01;2.838347565408052375e+01
6.104373862258112058e+04;2.615071802248863264e+01;2.832936725283242652e+01
6.104373862835671753e+04;2.602546304973552083e+01;2.827624498807059794e+01
6.104373863427061588e+04;2.589752360206783877e+01;2.822173402054184166e+01
6.104373864031257108e+04;2.576728087551484236e+01;2.816599840513653419e+01
6.104373864620365202e+04;2.564091078148699765e+01;2.811169713779114332e+01
6.104373865203699097e+04;2.551623267545338436e+01;2.805782868859681400e+01
6.104373865791689605e+04;2.539059329016840749e+01;2.800341095588645146e+01
6.104373866381961852e+04;2.526522768811965136e+01;2.794877553038386253e+01
6.104373866967577487e+04;2.514144742197097671e+01;2.789463791440953244e+01
6.104373867554403841e+04;2.501731581639907986e+01;2.784016073829187832e+01
6.104373868136573583e+04;2.489508975209761132e+01;2.778623271854365484e+01
6.104373868728009984e+04;2.477118561180567724e+01;2.773135661071117752e+01
6.104373869317118078e+04;2.464789085036419181e+01;2.767654719193168944e+01
6.104373869902780280e+04;2.452610516142550168e+01;2.762211714609684066e+01
6.104373870488442481e+04;2.440454766795467734e+01;2.756765659956658965e+01
6.104373871075222269e+04;2.428334029541306549e+01;2.751310242185556376e+01
6.104373871660884470e+04;2.416266604917257510e+01;2.745853853745531126e+01
6.104373872240725905e+04;2.404353149000597156e+01;2.740448387134833652e+01
6.104373872824059799e+04;2.392427431481920763e+01;2.735012573287761484e+01
6.104373873414332047e+04;2.380405576528695022e+01;2.729510363453412936e+01
6.104373873995384201e+04;2.368624619005175447e+01;2.724097984795250227e+01
6.104373874578718096e+04;2.356791753162384495e+01;2.718643249276349749e+01
6.104373875178257003e+04;2.344684311713995584e+01;2.713031497090371502e+01
6.104373875763872638e+04;2.332910803266948818e+01;2.707559752239587070e+01
6.104373876342596486e+04;2.321312621297895973e+01;2.702150561842238830e+01
6.104373876944463700e+04;2.309301079619457653e+01;2.696519688740121978e+01
6.104373877532407641e+04;2.297624998254912398e+01;2.691026526201925151e+01
6.104373878119233996e+04;2.285988508477267800e+01;2.685526663701431715e+01
6.104373878693301231e+04;2.274646312464916775e+01;2.680154222222337168e+01
6.104373879294004291e+04;2.262793145388792837e+01;2.674514699065538181e+01
6.104373879883112386e+04;2.251243416925634477e+01;2.668997621841391066e+01
6.104373880471056327e+04;2.239757685524220321e+01;2.663488917075699902e+01
6.104373881048616022e+04;2.228523543892537262e+01;2.658079194667553224e+01
6.104373881651600823e+04;2.216801306433425367e+01;2.652421287751375800e+01
6.104373882238427177e+04;2.205441989473164455e+01;2.646908513932290674e+01
6.104373882826371118e+04;2.194114647956789810e+01;2.641395536339920369e+01
6.104373883398156613e+04;2.183136512878346380e+01;2.636031329545991753e+01
6.104373883988428861e+04;2.171833460945359207e+01;2.630485683972335664e+01
6.104373884594906121e+04;2.160293950175765687e+01;2.624803813234801808e+01
6.104373885172465816e+04;2.149301924722891854e+01;2.619371820529167394e+01
6.104373885751143098e+04;2.138361703744087094e+01;2.613947439020282104e+01
6.104373886341415346e+04;2.127186549733776033e+01;2.608388740192027555e+01
6.104373886934015900e+04;2.116057093874001538e+01;2.602828294495363437e+01
6.104373887528944761e+04;2.104910807990908239e+01;2.597242649136282466e+01
6.104373888104176149e+04;2.096542226398441500e+01;2.593031634580640343e+01
